date,return,equity,n_holdings,rebalance,peak,drawdown
2022-03-14,-0.004152423081168472,0.99289104089823,20,False,0.99289104089823,0.0
2022-03-15,-0.0028291167430807007,0.9900820362303699,20,False,0.99289104089823,-0.0028291167430807285
2022-03-16,0.0033644808383449026,0.9934131482696564,20,False,0.9934131482696564,0.0
2022-03-17,0.016010628806792878,1.0093183174383895,20,False,1.0093183174383895,0.0
2022-03-21,0.0032752818993587625,1.0126241194541865,20,False,1.0126241194541865,0.0
2022-03-22,0.008302964987228502,1.021031902063238,20,False,1.021031902063238,0.0
2022-03-23,-0.0010681861451776852,1.0199412499316696,20,False,1.021031902063238,-0.0010681861451776742
2022-03-24,-0.0316004955130791,0.9877106010395996,20,False,1.021031902063238,-0.03263492644676891
2022-03-25,-0.0012310491935643873,0.9864946807007148,20,False,1.021031902063238,-0.03382580044044903
2022-03-28,-0.016371374882572808,0.9703444064632994,20,False,1.021031902063238,-0.04964340046330806
2022-03-29,0.00040106733392858434,0.9707335799073922,20,False,1.021031902063238,-0.04926224347565045
2022-03-30,0.02826981893410841,0.998176042444633,20,False,1.021031902063238,-0.02238505924488665
2022-03-31,0.00886470599479283,1.0070245795919506,20,False,1.021031902063238,-0.013718790218975707
2022-04-01,0.023869355226127247,1.0310616070036724,20,False,1.0310616070036724,0.0
2022-04-04,0.00503295976665903,1.0362508985886687,20,False,1.0362508985886687,0.0
2022-04-05,0.0093511406568503,1.045941026497159,20,False,1.045941026497159,0.0
2022-04-06,0.009137367240580858,1.0554981737682534,20,False,1.0554981737682534,0.0
2022-04-07,-0.019060773084928703,1.0353795625865,20,False,1.0554981737682534,-0.019060773084928706
2022-04-08,0.006379725779062891,1.0419850002730482,20,False,1.0554981737682534,-0.012802649811284428
2022-04-11,0.002428835907162474,1.044515810856436,20,False,1.0554981737682534,-0.010404909439690413
2022-04-12,-0.012243425908152984,1.031727358916321,20,True,1.0554981737682534,-0.022520943610037536
2022-04-13,0.023938973086044722,1.0538745482513658,20,False,1.0554981737682534,-0.001538255164469926
2022-04-18,0.006439616047826991,1.0606610957046818,20,False,1.0606610957046818,0.0
2022-04-19,-0.0259653871000384,1.033120619772759,20,False,1.0606610957046818,-0.025965387100038373
2022-04-20,-0.0013937785994370079,1.0316806783622825,20,False,1.0606610957046818,-0.02732297569860931
2022-04-21,-0.002031705059897471,1.0295846075078554,20,False,1.0606610957046818,-0.029299168530528386
2022-04-22,-0.0058715189975514556,1.0235393819252865,20,False,1.0606610957046818,-0.034998656903440395
2022-04-25,-0.0269884276944196,0.995915663323805,20,False,1.0606610957046818,-0.061042525876619624
2022-04-26,-0.001129069020270046,0.9947912058015443,20,False,1.0606610957046818,-0.062102673672003395
2022-04-27,0.00041139020307540564,0.9952004531577167,20,False,1.0606610957046818,-0.06171683190046151
2022-04-28,0.00286766327517402,0.9980543529486736,20,False,1.0606610957046818,-0.059026151717588515
2022-04-29,-0.001906220100281625,0.9961518416799093,20,False,1.0606610957046818,-0.06081985498102371
2022-05-02,-0.0030089949389383824,0.9931544258298803,20,False,1.0606610957046818,-0.06364584328413725
2022-05-04,-0.030612326715488785,0.9627516580674425,20,False,1.0606610957046818,-0.09230982265092913
2022-05-05,0.0019785996081019843,0.9646565581207943,20,False,1.0606610957046818,-0.09051386722174815
2022-05-06,-0.015686742290790475,0.9495242392944324,20,False,1.0606610957046818,-0.10478074180368835
2022-05-09,-0.027847247362903536,0.9230826029257275,20,False,1.0606610957046818,-0.12971013393071607
2022-05-10,-0.03386035922608901,0.8918266943953091,20,False,1.0606610957046818,-0.15917846142664682
2022-05-11,-0.03506624078388466,0.8605536847921473,20,False,1.0606610957046818,-0.18866291195453644
2022-05-12,-0.021465218875860493,0.8420817115936556,20,False,1.0606610957046818,-0.20607844013153553
2022-05-13,0.02037490191616942,0.8592390438727764,20,False,1.0606610957046818,-0.18990236622008339
2022-05-16,0.030834081643875456,0.8857328907031551,20,True,1.0606610957046818,-0.16492374964060308
2022-05-17,0.031017549028989712,0.911465432991741,20,False,1.0606610957046818,-0.1406628972412891
2022-05-18,0.01613763192806065,0.926174326664512,20,False,1.0606610957046818,-0.12679523137484316
2022-05-19,-0.023389472562200246,0.9045115976631781,20,False,1.0606610957046818,-0.14721903035178363
2022-05-20,0.026386704572077962,0.9283786779727348,20,False,1.0606610957046818,-0.12471695084098589
2022-05-23,-0.01453647708603316,0.9148833225932224,20,False,1.0606610957046818,-0.1374404828288791
2022-05-24,-0.028320966905501694,0.8889729422916643,20,False,1.0606610957046818,-0.16186900236870794
2022-05-25,-0.043452659727262866,0.850344703523521,20,False,1.0606610957046818,-0.19828802341565177
2022-05-26,0.007079748269855339,0.8563649299670723,20,False,1.0606610957046818,-0.19261210443650645
2022-05-27,0.017038391227770993,0.8709560106775939,20,False,1.0606610957046818,-0.17885551359932905
2022-05-30,0.03129059113954757,0.8982087391082378,20,False,1.0606610957046818,-0.1531614172088719
2022-05-31,0.015641793797750266,0.9122583349927061,20,False,1.0606610957046818,-0.139915342716874
2022-06-01,0.014067752559210528,0.925091759519461,20,False,1.0606610957046818,-0.12781588457824156
2022-06-02,0.013412924309675757,0.9374999452694002,20,False,1.0606610957046818,-0.11611734505398807
2022-06-03,-0.01188699972446728,0.9263558836782947,20,False,1.0606610957046818,-0.1266240579297928
2022-06-06,-0.010694514232760426,0.9164489574956958,20,False,1.0606610957046818,-0.1359643893728132
2022-06-07,-0.012715251349558459,0.9047960786520972,20,False,1.0606610957046818,-0.14695081933690712
2022-06-08,-0.015655867183793918,0.8906307114163023,20,False,1.0606610957046818,-0.16030604401061277
2022-06-09,0.007076385845846024,0.8969331579764445,20,False,1.0606610957046818,-0.154364045585607
2022-06-10,0.006643049176675268,0.9028915290530727,20,False,1.0606610957046818,-0.1487464443548674
2022-06-13,-0.04001499090737243,0.8667623327276704,20,False,1.0606610957046818,-0.1828093476438758
2022-06-14,-0.006019387417635993,0.8615449544479687,20,True,1.0606610957046818,-0.18772833477447792
2022-06-15,0.019726312395694136,0.8766187526020657,20,False,1.0606610957046818,-0.17351663396340766
2022-06-16,-0.03891135018571706,0.8425083333402003,20,False,1.0606610957046818,-0.20567621764192767
2022-06-17,-0.020291520171428618,0.8254125584996308,20,False,1.0606610957046818,-0.22179425469429204
2022-06-20,-0.05716732046051076,0.7782259342557524,20,False,1.0606610957046818,-0.26628219192039393
2022-06-21,0.04142638702170405,0.8104650229985584,20,False,1.0606610957046818,-0.23588691403817186
2022-06-22,-0.018836931824015746,0.7951983486145852,20,False,1.0606610957046818,-0.2502804601442731
2022-06-23,0.00572736410472483,0.7997527390925768,20,False,1.0606610957046818,-0.24598654336309256
2022-06-24,0.029367000441863127,0.8232390781348898,20,False,1.0606610957046818,-0.22384342984886574
2022-06-27,0.016707165316582603,0.8369930695083606,20,False,1.0606610957046818,-0.2108760537197989
2022-06-28,0.0026130039633943166,0.8391801357163194,20,False,1.0606610957046818,-0.20881406972055938
2022-06-29,0.004594690603476021,0.8430359088005189,20,False,1.0606610957046818,-0.20517881516110203
2022-06-30,-0.003262262207132932,0.8402857046159831,20,False,1.0606610957046818,-0.20777173027383056
2022-07-01,-0.009003873309872724,0.8327198785875236,20,False,1.0606610957046818,-0.21490485324694464
2022-07-04,0.01077607154690458,0.8416933275777124,20,False,1.0606610957046818,-0.2064446117744062
2022-07-05,0.011625561585579543,0.8514784851936386,20,False,1.0606610957046818,-0.1972190847370211
2022-07-06,-0.0016285139223324364,0.8500918406259342,20,False,1.0606610957046818,-0.19852642463410952
2022-07-07,0.006504285216758505,0.8556210804178045,20,False,1.0606610957046818,-0.19331341190623463
2022-07-08,0.008864954380148737,0.8632061222624019,20,False,1.0606610957046818,-0.18616217210370556
2022-07-11,0.01891991154429408,0.8795379057400997,20,False,1.0606610957046818,-0.17076443238850725
2022-07-12,0.002590869110516808,0.8818166733316103,20,False,1.0606610957046818,-0.1686159915710408
2022-07-13,-0.011498031725717308,0.871677517245377,20,True,1.0606610957046818,-0.1781752712762109
2022-07-14,-0.007983496627347115,0.8628301562234142,20,False,1.0606610957046818,-0.1865166359758229
2022-07-15,0.00935045926821046,0.8708980144545649,20,False,1.0606610957046818,-0.17891019291514798
2022-07-18,0.013125185513443193,0.8823287124575704,20,False,1.0606610957046818,-0.1681332368739621
2022-07-19,0.008889510062133354,0.8901721824250711,20,False,1.0606610957046818,-0.1607383489127988
2022-07-20,0.0027432640114683163,0.8926141597371281,20,False,1.0606610957046818,-0.15843603262916583
2022-07-21,0.002190929642306667,0.8945698145588388,20,False,1.0606610957046818,-0.15659222518715588
2022-07-22,0.0013708531677121046,0.8957961384228664,20,False,1.0606610957046818,-0.15543603696738062
2022-07-25,0.0005749667199398225,0.8963111913903101,20,False,1.0606610957046818,-0.15495044079577647
2022-07-26,-0.015589771278380739,0.8823379049222821,20,False,1.0606610957046818,-0.1681245701426669
2022-07-27,0.00010234877322071179,0.8824282111244172,20,False,1.0606610957046818,-0.1680394287129484
2022-07-28,-0.0013586497935863195,0.8812293002175182,20,False,1.0606610957046818,-0.16916977177139958
2022-07-29,0.005366248416248909,0.8859581955541626,20,False,1.0606610957046818,-0.1647113303749962
2022-08-01,0.023710855936438714,0.9069650226946545,20,False,1.0606610957046818,-0.1449059210641781
2022-08-02,0.002478175505502611,0.909212641198244,20,False,1.0606610957046818,-0.1427868478628591
2022-08-03,-0.0102205754847842,0.8999199647671573,20,False,1.0606610957046818,-0.1515480595908265
2022-08-04,0.0010642820774949436,0.9008777334568387,20,False,1.0606610957046818,-0.15064506739703343
2022-08-05,0.012585815407614416,0.9122160143149566,20,False,1.0606610957046818,-0.1399552429997457
2022-08-08,-0.00014188759528398502,0.9120865821783058,20,False,1.0606610957046818,-0.1400772726821531
2022-08-10,0.0050581416448799476,0.9167000453033582,20,False,1.0606610957046818,-0.13572766172372785
2022-08-11,0.00721078451525271,0.9233101717951632,20,False,1.0606610957046818,-0.12949558012992402
2022-08-12,0.01436601930008481,0.936574463543137,20,True,1.0606610957046818,-0.11698989683326144
2022-08-16,0.007449284080643753,0.94150849663982,20,False,1.0606610957046818,-0.11233804987039642
2022-08-17,0.009683440164341701,0.950625537831251,20,False,1.0606610957046818,-0.10374242849015347
2022-08-18,-0.02671331990507547,0.9252311737292305,20,False,1.0606610957046818,-0.127684443715242
2022-08-19,-0.004627880993646189,0.9209493139656,20,False,1.0606610957046818,-0.1317214162986341
2022-08-22,-0.017200258999506206,0.9051087472399741,20,False,1.0606610957046818,-0.146656032822022
2022-08-23,0.009720246715240388,0.9139066275672688,20,False,1.0606610957046818,-0.13836131892809012
2022-08-24,0.006648611447933645,0.919982837633655,20,False,1.0606610957046818,-0.13263261812913296
2022-08-25,-0.02823767966841508,0.8940046569641164,20,False,1.0606610957046818,-0.15712506041323437
2022-08-26,0.012335721802794427,0.9050328497028284,20,False,1.0606610957046818,-0.14672758964394483
2022-08-29,-0.004537569651545391,0.9009262001103652,20,False,1.0606610957046818,-0.15059937263767742
2022-08-30,0.0196403567915608,0.9186207121233979,20,False,1.0606610957046818,-0.13391684125730574
2022-09-01,0.003835850967305466,0.9221444042705833,20,False,1.0606610957046818,-0.13059467533507563
2022-09-02,-0.0027051554762805136,0.9196498602854494,20,False,1.0606610957046818,-0.13294655191020033
2022-09-05,0.019976936209969286,0.938021646879879,20,False,1.0606610957046818,-0.11562548048707644
2022-09-06,0.0012130754916004354,0.9391595379502996,20,False,1.0606610957046818,-0.1145526674320595
2022-09-07,0.010120316178050915,0.9486641294159889,20,False,1.0606610957046818,-0.10559166046746005
2022-09-08,0.011897593799700346,0.9599509498801266,20,False,1.0606610957046818,-0.09495035335263746
2022-09-09,-0.012615810445100285,0.9478403906598449,20,False,1.0606610957046818,-0.1063682881381457
2022-09-12,0.0013936230493519547,0.9491613228753751,20,False,1.0606610957046818,-0.10512290238686328
2022-09-13,0.011643956635852899,0.9602133161593647,20,False,1.0606610957046818,-0.09470299226783807
2022-09-14,0.0019119828969566609,0.9620492275972915,20,True,1.0606610957046818,-0.09297207987238809
2022-09-15,-0.005589901109102186,0.9543452243587941,20,False,1.0606610957046818,-0.10023547745498629
2022-09-16,-0.014804373542871768,0.9402167411685307,20,False,1.0606610957046818,-0.11355592754736643
2022-09-19,-0.011144264533677135,0.9297387170859568,20,False,1.0606610957046818,-0.12343469478508862
2022-09-20,0.016661981351771226,0.9452300062520627,20,False,1.0606610957046818,-0.10882938001598808
2022-09-21,-0.009279650156457622,0.9364586024766572,20,False,1.0606610957046818,-0.1170991315991532
2022-09-22,0.002188355871346825,0.9385079071576604,20,False,1.0606610957046818,-0.11516703029997089
2022-09-23,-0.022639416145907757,0.9172606360912932,20,False,1.0606610957046818,-0.13519913212062928
2022-09-26,-0.04197402104451799,0.8787595188486893,20,False,1.0606610957046818,-0.17149830194831528
2022-09-27,0.0055863589863783,0.8836685849836752,20,False,1.0606610957046818,-0.16686999404217462
2022-09-28,0.007607369205972498,0.8903909781653654,20,False,1.0606610957046818,-0.1605320664902793
2022-09-29,0.00521768558734848,0.8950367583392439,20,False,1.0606610957046818,-0.15615198675256436
2022-09-30,0.008629371175034269,0.9027603627422527,20,False,1.0606610957046818,-0.148870109030937
2022-10-03,-0.0019503254216019172,0.900999686257182,20,False,1.0606610957046818,-0.15053008929437917
2022-10-04,0.018524572963938706,0.9176903206857391,20,False,1.0606610957046818,-0.1347940219528424
2022-10-06,0.005505498870606161,0.9227426637098407,20,False,1.0606610957046818,-0.13003063141786197
2022-10-07,0.008065213608486905,0.9301847803983248,20,False,1.0606610957046818,-0.12301414262740662
2022-10-10,-0.009404327166669158,0.9214370183980026,20,False,1.0606610957046818,-0.13126160455068026
2022-10-11,-0.009305338941796942,0.9128627346282904,20,False,1.0606610957046818,-0.13934550977208904
2022-10-12,-0.010510499457434569,0.9032680913512675,20,False,1.0606610957046818,-0.14839141832466818
2022-10-13,-0.0022582076112635965,0.9012283244723666,20,False,1.0606610957046818,-0.15031452730562478
2022-10-14,0.005594196643627975,0.9062699729402723,20,True,1.0606610957046818,-0.14556121968613844
2022-10-17,0.007742443411412048,0.9110521789922974,20,False,1.0606610957046818,-0.14105251650904316
2022-10-18,0.01142536746958613,0.9214612849212516,20,False,1.0606610957046818,-0.13123872587308272
2022-10-19,0.00665544729742082,0.9275940219396586,20,False,1.0606610957046818,-0.12545673099909083
2022-10-20,-0.0026725234587698056,0.9251150051558102,20,False,1.0606610957046818,-0.12779396840120494
2022-10-21,-0.00017753106781126483,0.9249507685010967,20,False,1.0606610957046818,-0.12794881206934616
2022-10-24,0.011879604746031525,0.9359388180404278,20,False,1.0606610957046818,-0.11758918863842283
2022-10-25,-0.01610880999491653,0.9208619574537478,20,False,1.0606610957046818,-0.13180377673610655
2022-10-27,0.0007730578892930611,0.9215738370549073,20,False,1.0606610957046818,-0.13113261079625793
2022-10-28,0.005876916376653486,0.9269898494301906,20,False,1.0606610957046818,-0.12602634980750638
2022-10-31,-0.005373133934824753,0.9220090088129791,20,False,1.0606610957046818,-0.13072232728549837
2022-11-01,0.009980268378843327,0.9312109061686439,20,False,1.0606610957046818,-0.12204670281607133
2022-11-02,-0.002831111512187807,0.928574544251915,20,False,1.0606610957046818,-0.12453228650289205
2022-11-03,0.005699730019161376,0.9338671684568168,20,False,1.0606610957046818,-0.11954235689546588
2022-11-04,0.0009460457825460683,0.9347506495529937,20,False,1.0606610957046818,-0.11870940365549632
2022-11-07,0.009681718674221759,0.9438006423725118,20,False,1.0606610957046818,-0.1101769960314517
2022-11-09,0.0037255767750937582,0.9473168441260533,20,False,1.0606610957046818,-0.1068618921139225
2022-11-10,-0.011399287030526343,0.9365181075110081,20,False,1.0606610957046818,-0.11704302976361702
2022-11-11,-0.006694326964808268,0.9302487490908659,20,False,1.0606610957046818,-0.12295383241823599
2022-11-14,0.009400110116614626,0.9389931897681629,20,False,1.0606610957046818,-0.11470950186561257
2022-11-15,-0.005899640561233648,0.9334534674590845,20,False,1.0606610957046818,-0.1199323975968809
2022-11-16,-0.004290438123522472,0.9294485431157639,20,True,1.0606610957046818,-0.12370827318950828
2022-11-17,0.003692846823100426,0.9300945462008192,20,False,1.0606610957046818,-0.1230992161705684
2022-11-18,-0.00023726149170761273,0.9298738705813584,20,False,1.0606610957046818,-0.12330727095861949
2022-11-21,-0.006573248270029985,0.9237615787702134,20,False,1.0606610957046818,-0.12906998992313867
2022-11-22,0.013963316154880457,0.9366603537463134,20,False,1.0606610957046818,-0.11690891884366217
2022-11-23,0.0002757154155486329,0.9369186054449745,20,False,1.0606610957046818,-0.1166654370192538
2022-11-24,0.005422295862524719,0.9419988553228013,20,False,1.0606610957046818,-0.11187573567317821
2022-11-25,0.01481603813589096,0.9559555462872296,20,False,1.0606610957046818,-0.09871725270350185
2022-11-28,0.01991843472511069,0.9749966844360592,20,False,1.0606610957046818,-0.0807651111326082
2022-11-29,-0.0021518835933886818,0.9728986050672129,20,False,1.0606610957046818,-0.0827431976084324
2022-11-30,0.00701542153067803,0.9797238988883682,20,False,1.0606610957046818,-0.07630825448777356
2022-12-01,-0.0011784907802113664,0.9785693033063755,20,False,1.0606610957046818,-0.07739681669361709
2022-12-02,0.014971090881055428,0.9932195532795863,20,False,1.0606610957046818,-0.06358444058918622
2022-12-05,0.0071643272371228195,1.0003353031775903,20,False,1.0606610957046818,-0.05687565309163356
2022-12-06,-0.006135999901751271,0.9941972458555743,20,False,1.0606610957046818,-0.06266266399160259
2022-12-07,-0.00626996688018867,0.9879636620516851,20,False,1.0606610957046818,-0.06853973804393954
2022-12-08,-0.0033616462193300826,0.9846424777423135,20,False,1.0606610957046818,-0.07167097791200028
2022-12-09,-0.00022867042030696256,0.9844173191330761,20,False,1.0606610957046818,-0.07188325929966433
2022-12-12,-0.007638963962955582,0.9768973907077091,20,False,1.0606610957046818,-0.07897310963529003
2022-12-13,-0.0034190529654973705,0.9735573267870232,20,False,1.0606610957046818,-0.08212214935609441
2022-12-14,0.010364426353414842,0.9836476900013348,20,False,1.0606610957046818,-0.07260887197166488
2022-12-15,-0.010080895447441191,0.9737316404813143,20,True,1.0606610957046818,-0.08195780497220306
2022-12-16,0.002537014275953991,0.9740979336849217,20,False,1.0606610957046818,-0.08161246072879602
2022-12-19,0.008516431611582644,0.9823937721201333,20,False,1.0606610957046818,-0.07379107605766311
2022-12-20,0.005858656934909779,0.988149280205977,20,False,1.0606610957046818,-0.06836473572223312
2022-12-21,-0.026614183427670836,0.9618504940086542,20,False,1.0606610957046818,-0.09315944753340821
2022-12-22,-0.027319718889113376,0.935573008898983,20,False,1.0606610957046818,-0.11793407650404375
2022-12-23,-0.05597074637615662,0.8832082893015203,20,False,1.0606610957046818,-0.16730396459508634
2022-12-26,0.051205197762416006,0.9284331444206098,20,False,1.0606610957046818,-0.12466559942619793
2022-12-27,0.01779054647847886,0.944950477428585,20,False,1.0606610957046818,-0.10909292208857824
2022-12-28,-0.007851038451857978,0.9375316348951915,20,False,1.0606610957046818,-0.11608746781429324
2022-12-29,0.007798383420230954,0.9448428660527002,20,False,1.0606610957046818,-0.10919437897836193
2022-12-30,0.006121789683619073,0.9506269953627426,20,False,1.0606610957046818,-0.10374105431748182
2023-01-02,0.008968566036006017,0.9591527563462633,20,False,1.0606610957046818,-0.09570289677776711
2023-01-03,-0.003541377839007254,0.955756034030716,20,False,1.0606610957046818,-0.09890535449899673
2023-01-04,-0.017256281408109888,0.9392632389499829,20,False,1.0606610957046818,-0.11445489727710312
2023-01-05,0.003906634806323716,0.9429325974115652,20,False,1.0606610957046818,-0.11099539595623631
2023-01-06,0.0002995318517653831,0.9432150357585578,20,False,1.0606610957046818,-0.11072911076095915
2023-01-09,0.012283866515535787,0.9548013633532623,20,False,1.0606610957046818,-0.09980542586139496
2023-01-10,-0.011224599936660517,0.9440841000306439,20,False,1.0606610957046818,-0.10990974982125323
2023-01-11,0.003503878606792554,0.9473920561117543,20,False,1.0606610957046818,-0.10679098163553735
2023-01-12,-0.0013320004424716538,0.9461301294738194,20,False,1.0606610957046818,-0.10798073644321837
2023-01-13,0.009539587703528073,0.9551558208228852,20,True,1.0606610957046818,-0.099471240445282
2023-01-16,0.0003067989706442678,0.9531238998026959,20,False,1.0606610957046818,-0.1013869522861498
2023-01-17,-0.0037294146131878433,0.949569305602593,20,False,1.0606610957046818,-0.10473825291789518
2023-01-18,0.005460582519363111,0.9547545071536904,20,False,1.0606610957046818,-0.09984960227152406
2023-01-19,-0.008313806411005589,0.9468168630111796,20,False,1.0606610957046818,-0.10733327841902829
2023-01-20,-0.004030179984598969,0.9430010206407912,20,False,1.0606610957046818,-0.1109308859732615
2023-01-23,-0.003557106356745366,0.9396466657158524,20,False,1.0606610957046818,-0.11409339937035201
2023-01-24,-0.002957051712920016,0.9368680819334577,20,False,1.0606610957046818,-0.11671307100123107
2023-01-25,-0.015105304151905254,0.9227164046056407,20,False,1.0606610957046818,-0.13005538871715983
2023-01-27,-0.027979456181033438,0.8968993013954565,20,False,1.0606610957046818,-0.15439596584847426
2023-01-30,-0.008759932527900659,0.8890425240309111,20,False,1.0606610957046818,-0.16180340013296213
2023-01-31,0.018123905927731526,0.9051554471022004,20,False,1.0606610957046818,-0.1466120038080274
2023-02-01,-0.024773140634920462,0.8827319039146734,20,False,1.0606610957046818,-0.16775310465384408
2023-02-02,-0.006124325652149893,0.8773257662715576,20,False,1.0606610957046818,-0.17285005566393474
2023-02-03,-0.010198214155085155,0.8683786102233461,20,False,1.0606610957046818,-0.1812855079346407
2023-02-06,0.01041422762738237,0.877422102736962,20,False,1.0606610957046818,-0.17275922885243522
2023-02-07,-0.0005739919917659715,0.8769184694765925,20,False,1.0606610957046818,-0.17323405843033624
2023-02-08,0.003381720747664685,0.8798839628588319,20,False,1.0606610957046818,-0.17043816689226754
2023-02-09,-0.008074963367758719,0.8727789320908684,20,False,1.0606610957046818,-0.17713684830590326
2023-02-10,-0.004615658906573422,0.8687504822394936,20,False,1.0606610957046818,-0.18093490394091116
2023-02-13,-0.010867549895123334,0.8593092930273435,20,False,1.0606610957046818,-0.1898361347396873
2023-02-14,-0.008661684786024526,0.8518662267974391,20,True,1.0606610957046818,-0.1968535187655993
2023-02-15,0.010739396572232213,0.8595997034208004,20,False,1.0606610957046818,-0.18956233343347084
2023-02-16,0.011856811648571709,0.869791815197429,20,False,1.0606610957046818,-0.1799531266680835
2023-02-17,0.0029570704952338158,0.8723638509111451,20,False,1.0606610957046818,-0.17752819025424504
2023-02-20,0.0077172351477481855,0.8790960878830215,20,False,1.0606610957046818,-0.17118098189604303
2023-02-21,0.011718220050085321,0.8893975292860039,20,False,1.0606610957046818,-0.16146869826020516
2023-02-22,-0.02873542994561599,0.863840308889402,20,False,1.0606610957046818,-0.18556425573855528
2023-02-23,-0.010492369445816052,0.8547765772263465,20,False,1.0606610957046818,-0.19410961645722458
2023-02-24,-0.00796861446412267,0.8479651922294673,20,False,1.0606610957046818,-0.20053144622402086
2023-02-27,-0.0034320982401134523,0.8450548923855391,20,False,1.0606610957046818,-0.20327530084046153
2023-02-28,0.0013762446073312777,0.8462178946240837,20,False,1.0606610957046818,-0.2021788127697155
2023-03-01,0.017776374153233698,0.8612605805340832,20,False,1.0606610957046818,-0.18799644483813271
2023-03-02,0.0020681967099579267,0.8630418368331602,20,False,1.0606610957046818,-0.1863170617568729
2023-03-03,0.023288947176794632,0.8831411725825313,20,False,1.0606610957046818,-0.1673672427894698
2023-03-06,0.009384715035653041,0.8914292008234708,20,False,1.0606610957046818,-0.1595532216336989
2023-03-08,0.02035315085635748,0.9095725938255931,20,False,1.0606610957046818,-0.14244748156686993
2023-03-09,0.004108175516036562,0.9133092776856053,20,False,1.0606610957046818,-0.13892450530692735
2023-03-10,-0.005685818403505155,0.9081163669864485,20,False,1.0606610957046818,-0.14382042420146057
2023-03-13,-0.021848758068369716,0.8882751521862348,20,False,1.0606610957046818,-0.16252688461616227
2023-03-14,-0.011034250036275934,0.8784737020560008,20,False,1.0606610957046818,-0.17176777236996643
2023-03-15,-0.004153497355757963,0.8748249638574083,20,False,1.0606610957046818,-0.17520783273738139
2023-03-16,-0.00996713624987315,0.8661054642478512,20,True,1.0606610957046818,-0.18342864864631603
2023-03-17,0.010140084060703419,0.8729757887511795,20,False,1.0606610957046818,-0.17695125022833802
2023-03-20,-0.014008816717869103,0.860746430927427,20,False,1.0606610957046818,-0.18848118931376057
2023-03-21,0.013523423490734982,0.8723866694309972,20,False,1.0606610957046818,-0.17750667676615295
2023-03-22,0.003602744605592678,0.8755296557982806,20,False,1.0606610957046818,-0.1745434433827363
2023-03-23,-0.005836445368064602,0.8704196747940935,20,False,1.0606610957046818,-0.17936117547914365
2023-03-24,-0.007788568169313653,0.8636403518210479,20,False,1.0606610957046818,-0.18575277690630987
2023-03-27,-0.017105262510197082,0.8488675568887499,20,False,1.0606610957046818,-0.1996806894055264
2023-03-28,-0.0183831896737697,0.8332626635825545,20,False,1.0606610957046818,-0.2143931110917653
2023-03-29,0.02198732789823182,0.8515838829920982,20,False,1.0606610957046818,-0.19711971482623014
2023-03-31,0.02480472170211989,0.8727071842157278,20,False,1.0606610957046818,-0.17720449279237604
2023-04-03,0.014425676370289775,0.8852965756212506,20,False,1.0606610957046818,-0.1653351110864706
2023-04-05,0.02346231450432385,0.9060676823080773,20,False,1.0606610957046818,-0.1457519409570649
2023-04-06,0.008726104698295784,0.9139741237676399,20,False,1.0606610957046818,-0.13829768295554012
2023-04-10,0.01416745630005622,0.9269228122255001,20,False,1.0606610957046818,-0.12608955303515557
2023-04-11,0.004699155706384328,0.9312785668479473,20,False,1.0606610957046818,-0.12198291177143195
2023-04-12,-0.000474317759820286,0.9308368448843513,20,False,1.0606610957046818,-0.12239937086980446
2023-04-13,-0.004724559187374206,0.9264390511169064,20,False,1.0606610957046818,-0.12654564698500703
2023-04-17,0.007877073153770679,0.9337366792950642,20,False,1.0606610957046818,-0.11966538314982844
2023-04-18,0.00014944725957004063,0.9338762236829449,20,False,1.0606610957046818,-0.11953381955383557
2023-04-19,0.009033525645370933,0.9423124184991869,20,False,1.0606610957046818,-0.11158010573289334
2023-04-20,-0.003360532989988175,0.9391457465299449,20,True,1.0606610957046818,-0.11456567009653973
2023-04-21,-0.0014324831017792697,0.9360270455533143,20,False,1.0606610957046818,-0.11750600701401537
2023-04-24,0.004795779604707729,0.9405160249678337,20,False,1.0606610957046818,-0.11327376032117609
2023-04-25,-0.005572873572088627,0.9352746480681646,20,False,1.0606610957046818,-0.11821537354795975
2023-04-26,-0.006221453235063907,0.9294558805832677,20,False,1.0606610957046818,-0.1237013553648294
2023-04-27,0.013250403531207674,0.94177154606545,20,False,1.0606610957046818,-0.11209004470956296
2023-04-28,0.009823311198517332,0.9510228610403597,20,False,1.0606610957046818,-0.10336782890248342
2023-05-02,0.014151442428487251,0.9644812063065475,20,False,1.0606610957046818,-0.09067919035366734
2023-05-03,-0.0026021315149849177,0.9619714993640066,20,False,1.0606610957046818,-0.09304536268967967
2023-05-04,0.011170264373474608,0.9727169753316502,20,False,1.0606610957046818,-0.08291443961617473
2023-05-05,-0.008478801166625973,0.9644695015064113,20,False,1.0606610957046818,-0.09069022573545304
2023-05-08,0.010047847511874056,0.974160343987401,20,False,1.0606610957046818,-0.08155361978258613
2023-05-09,-0.013014688990970164,0.9614819500830685,20,False,1.0606610957046818,-0.09350691377599807
2023-05-10,0.007989405402222323,0.9691636191692014,20,False,1.0606610957046818,-0.0862645730158429
2023-05-11,0.015613720812494755,0.9842958693405361,20,False,1.0606610957046818,-0.07199776316242668
2023-05-12,0.004162617932688024,0.9883931169773239,20,False,1.0606610957046818,-0.0681348444097919
2023-05-15,-0.0015690507266872262,0.986842278038878,20,False,1.0606610957046818,-0.06959698810934523
2023-05-16,0.005170985737049572,0.9919452253833346,20,False,1.0606610957046818,-0.06478588740515057
2023-05-17,0.00023329239577160078,0.9921766386614385,20,False,1.0606610957046818,-0.06456770906426401
2023-05-18,-0.009327774982538907,0.9829218382330728,20,False,1.0606610957046818,-0.07329321098551334
2023-05-19,0.0010746889370031765,0.9839781734585608,20,False,1.0606610957046818,-0.0722972894515137
2023-05-22,0.01411408691649215,0.9978661269226861,20,True,1.0606610957046818,-0.05920361276216701
2023-05-23,0.00861490916809285,1.0048493570736576,20,False,1.0606610957046818,-0.05261976597147078
2023-05-24,-0.007602257899185017,0.9972102331113535,20,False,1.0606610957046818,-0.059821994839145964
2023-05-25,0.009675559393845411,1.0068587999499727,20,False,1.0606610957046818,-0.05072524670942502
2023-05-26,0.008713885126567867,1.0156324518714106,20,False,1.0606610957046818,-0.04245337555570006
2023-05-29,0.002223598459211042,1.0178908106265165,20,False,1.0606610957046818,-0.04032417635696306
2023-05-30,-0.004257635972656527,1.0135570020949567,20,False,1.0606610957046818,-0.04441012666579436
2023-05-31,0.0006823749608929725,1.0142486280146241,20,False,1.0606610957046818,-0.04375805606334815
2023-06-01,0.0014752294065163982,1.0157448774161901,20,False,1.0606610957046818,-0.04234737982790837
2023-06-02,0.0070944297862231736,1.0229510081297353,20,False,1.0606610957046818,-0.03555338055450474
2023-06-05,0.0029902908405708144,1.0260099291596982,20,False,1.0606610957046818,-0.03266940466215751
2023-06-06,0.004263496918594439,1.030384319331118,20,False,1.0606610957046818,-0.02854519364967245
2023-06-07,0.004680364535057813,1.0352068935567948,20,False,1.0606610957046818,-0.023998431026619027
2023-06-08,-0.0027062780084622265,1.0324053359065535,20,False,1.0606610957046818,-0.026639762608956397
2023-06-09,0.0088864061929764,1.0415797090772152,20,False,1.0606610957046818,-0.01799008816740777
2023-06-12,-0.0013910081216272022,1.0401308632425668,20,False,1.0606610957046818,-0.019356071930285323
2023-06-13,0.003146971102456192,1.043404125011964,20,False,1.0606610957046818,-0.016270013826850782
2023-06-14,-3.4355350325553416e-05,1.0433682784977178,20,False,1.0606610957046818,-0.016303810215151704
2023-06-15,0.007655816729867666,1.051356114819654,20,False,1.0606610957046818,-0.008772812468289648
2023-06-16,0.002537731387660902,1.054024174231841,20,False,1.0606610957046818,-0.006257344122187591
2023-06-19,-0.0009456833271122787,1.0530274011438967,20,False,1.0606610957046818,-0.007197109983291594
2023-06-20,0.01089826107526894,1.064503568680975,20,True,1.064503568680975,0.0
2023-06-21,0.00405860302504456,1.0671265329850548,20,False,1.0671265329850548,0.0
2023-06-22,-0.012175019481731681,1.054134246656489,20,False,1.0671265329850548,-0.01217501948173172
2023-06-23,-0.015704864348568787,1.037579211307568,20,False,1.0671265329850548,-0.027688676800898815
2023-06-26,0.007586124322576266,1.0454504161990679,20,False,1.0671265329850548,-0.020312602222861686
2023-06-27,0.00750610371063285,1.0532976754473822,20,False,1.0671265329850548,-0.012958967011146627
2023-06-28,0.00473168245611837,1.0582815455793668,20,False,1.0671265329850548,-0.008288602271884327
2023-06-30,0.004944011945949496,1.063513702182889,20,False,1.0671265329850548,-0.003385569274582223
2023-07-03,0.0037557472668312657,1.0675079908631,20,False,1.0675079908631,0.0
2023-07-04,-0.005241784557484048,1.061912343961603,20,False,1.0675079908631,-0.0052417845574840305
2023-07-05,0.0009085248813383352,1.0628771177478924,20,False,1.0675079908631,-0.004338021967838834
2023-07-06,-0.00237991915390926,1.0603475561371123,20,False,1.0675079908631,-0.006707616980176745
2023-07-07,0.0011058078706216276,1.0615200968102831,20,False,1.0675079908631,-0.005609226445204896
2023-07-10,0.006929556821756833,1.068875960638567,20,False,1.068875960638567,0.0
2023-07-11,0.010764757463446151,1.0803821511133491,20,False,1.0803821511133491,0.0
2023-07-12,0.006145480497588169,1.0870216185529586,20,False,1.0870216185529586,0.0
2023-07-13,-0.002471466818254021,1.0843350806919803,20,False,1.0870216185529586,-0.0024714668182539423
2023-07-14,0.008824333947980217,1.0939036155555164,20,False,1.0939036155555164,0.0
2023-07-17,0.005441702891627587,1.0998563140234467,20,False,1.0998563140234467,0.0
2023-07-18,-0.007685942784106726,1.091402881323124,20,False,1.0998563140234467,-0.007685942784106725
2023-07-19,0.011372277182459024,1.103814617407265,20,False,1.103814617407265,0.0
2023-07-20,0.002124845778184364,1.106160053236961,20,True,1.106160053236961,0.0
2023-07-21,0.0070224067679041545,1.1118637736224204,20,False,1.1118637736224204,0.0
2023-07-24,0.014040538467814464,1.1274749397069352,20,False,1.1274749397069352,0.0
2023-07-25,0.007177153077664495,1.1355669999404425,20,False,1.1355669999404425,0.0
2023-07-26,0.004816789073405214,1.1410367866578752,20,False,1.1410367866578752,0.0
2023-07-27,0.005293843652907769,1.1470772570086583,20,False,1.1470772570086583,0.0
2023-07-28,0.011312745725630858,1.1600538503448512,20,False,1.1600538503448512,0.0
2023-07-31,0.013673170898299485,1.1759154648918468,20,False,1.1759154648918468,0.0
2023-08-01,0.00897853114244207,1.1864734585142573,20,False,1.1864734585142573,0.0
2023-08-02,-0.010502957887816385,1.1740119777444702,20,False,1.1864734585142573,-0.010502957887816411
2023-08-03,0.019089439436507646,1.1964232082913577,20,False,1.1964232082913577,0.0
2023-08-04,0.016493339862862968,1.216156222885524,20,False,1.216156222885524,0.0
2023-08-07,0.007564540707320695,1.225355886140003,20,False,1.225355886140003,0.0
2023-08-08,-0.00439226633508127,1.2199737967328166,20,False,1.225355886140003,-0.004392266335081163
2023-08-09,0.00770143221043194,1.2293693422268575,20,False,1.2293693422268575,0.0
2023-08-10,-0.003207520993737417,1.2254261142526077,20,False,1.2293693422268575,-0.003207520993737334
2023-08-11,0.0011115411666497998,1.2267882258252871,20,False,1.2293693422268575,-0.0020995451187150183
2023-08-14,0.004610361536619695,1.23244416307521,20,False,1.23244416307521,0.0
2023-08-16,0.010956371057057707,1.245947278632967,20,False,1.245947278632967,0.0
2023-08-17,0.0034662786814284325,1.2502660791230762,20,False,1.2502660791230762,0.0
2023-08-18,-0.0028094099252908506,1.2467535691911333,20,False,1.2502660791230762,-0.0028094099252908844
2023-08-21,0.014274841129949901,1.2645507783195347,20,True,1.2645507783195347,0.0
2023-08-22,0.010643732335283868,1.2753269665340998,20,False,1.2753269665340998,0.0
2023-08-23,-0.0007687191001620464,1.2743465983359734,20,False,1.2753269665340998,-0.0007687191001619631
2023-08-24,0.0017447075574018027,1.2765699604768395,20,False,1.2765699604768395,0.0
2023-08-25,-0.0062480625336271975,1.26859387153523,20,False,1.2765699604768395,-0.006248062533627308
2023-08-28,0.007843003535861998,1.278543457755254,20,False,1.278543457755254,0.0
2023-08-29,0.01101063213493888,1.2926210294371296,20,False,1.2926210294371296,0.0
2023-08-30,0.010146529259425413,1.305736646533662,20,False,1.305736646533662,0.0
2023-08-31,-0.0005595780120568447,1.3050059850167248,20,False,1.305736646533662,-0.0005595780120568605
2023-09-01,0.014644608349689902,1.324117286561296,20,False,1.324117286561296,0.0
2023-09-04,0.023203505849908025,1.3548414497659853,20,False,1.3548414497659853,0.0
2023-09-05,0.0007294514730505849,1.355829740857267,20,False,1.355829740857267,0.0
2023-09-06,0.004226850904430468,1.3615606310236634,20,False,1.3615606310236634,0.0
2023-09-07,0.0101188906237723,1.3753381141266263,20,False,1.3753381141266263,0.0
2023-09-08,0.01402567487787077,1.3946281593625105,20,False,1.3946281593625105,0.0
2023-09-11,0.01454282549723795,1.4149099933176537,20,False,1.4149099933176537,0.0
2023-09-12,-0.05709115864099704,1.3341311424264235,20,False,1.4149099933176537,-0.05709115864099701
2023-09-13,0.011176296206359335,1.3490417872523097,20,False,1.4149099933176537,-0.04655293013437378
2023-09-14,0.01112280145989824,1.3640469112130236,20,False,1.4149099933176537,-0.03594792767373656
2023-09-15,0.013959874960900412,1.3830888355343598,20,False,1.4149099933176537,-0.022489881288265012
2023-09-18,-0.014877132013062556,1.3625124403423223,20,False,1.4149099933176537,-0.03703242836844378
2023-09-20,-0.0035632212072486016,1.3576575071197545,20,True,1.4149099933176537,-0.04046369484157408
2023-09-21,-0.010491732776009031,1.3417112570348686,20,False,1.4149099933176537,-0.05173384641319134
2023-09-22,0.0014679181996648865,1.3436807794077652,20,False,1.4149099933176537,-0.050341869268215156
2023-09-25,0.000742168573921813,1.3446780170556243,20,False,1.4149099933176537,-0.04963706284761671
2023-09-26,0.00027342813681355326,1.345045689860442,20,False,1.4149099933176537,-0.04937720688041458
2023-09-27,0.006933572160342056,1.3543716612100465,20,False,1.4149099933176537,-0.042785995147053835
2023-09-28,-0.0038096490532093874,1.349211980493224,20,False,1.4149099933176537,-0.04643264457436058
2023-09-29,0.004198476558161351,1.3548766153653153,20,False,1.4149099933176537,-0.042429114385978184
2023-10-03,-0.0003561539912105005,1.3543940706511552,20,False,1.4149099933176537,-0.04277015707875653
2023-10-04,-0.015525266916308624,1.3333667411944303,20,False,1.4149099933176537,-0.05763140589036497
2023-10-05,0.005722619757162656,1.3409970920511332,20,False,1.4149099933176537,-0.05223858875518361
2023-10-06,-0.029877490812749017,1.3009314637534521,20,False,1.4149099933176537,-0.0805553216123287
2023-10-09,-0.02962541666230722,1.262390827090651,20,False,1.4149099933176537,-0.10779425330750447
2023-10-10,0.018959479576865373,1.2863251001948983,20,False,1.4149099933176537,-0.09087849667472625
2023-10-11,0.007868379732620808,1.2964463945428335,20,False,1.4149099933176537,-0.0837251834634718
2023-10-12,0.0015629862593056988,1.2984727224434303,20,False,1.4149099933176537,-0.08229305851547741
2023-10-13,0.007284586881335081,1.3079315598031132,20,False,1.4149099933176537,-0.07560794256862913
2023-10-16,0.012481107962247403,1.3242559948082464,20,False,1.4149099933176537,-0.06407050550038418
2023-10-17,0.01745524004500722,1.3473712010786643,20,False,1.4149099933176537,-0.04773363150869103
2023-10-18,-0.009349322644860264,1.334774192997387,20,False,1.4149099933176537,-0.05663667703156561
2023-10-19,0.0074224545861582515,1.3446814938276863,20,False,1.4149099933176537,-0.049634605608585014
2023-10-20,-0.009640791678906592,1.3317176996712126,20,True,1.4149099933176537,-0.058796880394754614
2023-10-23,-0.05832720990388746,1.2514210981101648,20,False,1.4149099933176537,-0.11554720510818028
2023-10-25,-0.012651206582122832,1.235589111276746,20,False,1.4149099933176537,-0.12673660012849253
2023-10-26,0.0021211296970458154,1.2382099560340216,20,False,1.4149099933176537,-0.12488429519768196
2023-10-27,0.024167436735381437,1.2681343168115933,20,False,1.4149099933176537,-0.1037349917657332
2023-10-30,0.0038298596545800197,1.2729910932681385,20,False,1.4149099933176537,-0.10030242257088484
2023-10-31,0.0028956836342426406,1.2766772727434517,20,False,1.4149099933176537,-0.09769718302015562
2023-11-01,-0.011957854325703328,1.2614109518950494,20,False,1.4149099933176537,-0.10848678866327233
2023-11-02,0.011048632289269306,1.275347817668195,20,False,1.4149099933176537,-0.09863678701018719
2023-11-03,0.01301171471574218,1.291942279635038,20,False,1.4149099933176537,-0.08690850602749889
2023-11-06,0.007879093837208674,1.3021216140885397,20,False,1.4149099933176537,-0.0797141724645325
2023-11-07,0.0014438468021144455,1.3040016782170056,20,False,1.4149099933176537,-0.0783854207154141
2023-11-08,0.0074375260141028455,1.3137002246211784,20,False,1.4149099933176537,-0.07153088830700849
2023-11-09,-0.007771500715991886,1.3034908023849363,20,False,1.4149099933176537,-0.07874648667330686
2023-11-10,0.009451711311242545,1.3158110211459386,20,False,1.4149099933176537,-0.07003906442087504
2023-11-13,0.015574240467639422,1.3363037783992355,20,False,1.4149099933176537,-0.05555562918465495
2023-11-15,0.005029886892297376,1.3430252352583332,20,False,1.4149099933176537,-0.05080518082338681
2023-11-16,-0.004145897280267107,1.3374571905881456,20,False,1.4149099933176537,-0.05474044504265474
2023-11-17,0.011404295672940833,1.3527099478395135,20,False,1.4149099933176537,-0.04396042559024882
2023-11-20,0.004525025101942198,1.3588309943091341,20,False,1.4149099933176537,-0.03963432251759458
2023-11-21,-0.0006486224884087234,1.3579496259682784,20,False,1.4149099933176537,-0.0402572372931056
2023-11-22,-0.01307254205648919,1.3401977723722143,20,True,1.4149099933176537,-0.05280351492200264
2023-11-23,0.010080754858042112,1.35161984861943,20,False,1.4149099933176537,-0.04473086273835847
2023-11-24,-0.0011213553200673464,1.350104202511472,20,False,1.4149099933176537,-0.04580205886752298
2023-11-28,0.0005352018758390475,1.3508267808132344,20,False,1.4149099933176537,-0.04529137033950703
2023-11-29,-0.0036099843894745022,1.3459503172216145,20,False,1.4149099933176537,-0.048737853589078006
2023-11-30,-0.0038135183903287182,1.3408175109344211,20,False,1.4149099933176537,-0.05236550927843964
2023-12-01,0.008587336032254951,1.3523315614587468,20,False,1.4149099933176537,-0.04422785347085867
2023-12-04,0.011752506803401399,1.3682248473352452,20,False,1.4149099933176537,-0.032995134816273364
2023-12-05,-0.0027145847024127876,1.3645106850952078,20,False,1.4149099933176537,-0.035620151430459934
2023-12-06,0.0122718366969586,1.3812557373939511,20,False,1.4149099933176537,-0.023785439414977017
2023-12-07,0.0022267594089311715,1.3843314616033333,20,False,1.4149099933176537,-0.021611644457058654
2023-12-08,0.0016872849919469693,1.3866672233023765,20,False,1.4149099933176537,-0.019960824468455485
2023-12-11,0.020128517531393803,1.4145787788168276,20,False,1.4149099933176537,-0.00023408874231600763
2023-12-12,-0.002973751207249669,1.4103721734655714,20,False,1.4149099933176537,-0.0032071438278855613
2023-12-13,0.0009917021934322534,1.4117708426435531,20,False,1.4149099933176537,-0.0022186221660219774
2023-12-14,0.011463995339768341,1.4279553770044398,20,False,1.4279553770044398,0.0
2023-12-15,0.006118575637768903,1.4366924299860002,20,False,1.4366924299860002,0.0
2023-12-18,0.007792609823957108,1.447888013529914,20,False,1.447888013529914,0.0
2023-12-19,0.0004778815439487275,1.4485799324892845,20,False,1.4485799324892845,0.0
2023-12-20,-0.04593993480389173,1.382032264832501,20,False,1.4485799324892845,-0.04593993480389169
2023-12-21,0.025561146095555952,1.4173585934626567,20,False,1.4485799324892845,-0.02155306609347829
2023-12-22,0.005716466015719213,1.4254608756942735,20,True,1.4485799324892845,-0.015959807447617047
2023-12-26,0.005334882177195833,1.4265620853172394,20,False,1.4485799324892845,-0.01519960802867748
2023-12-27,0.004372129921403756,1.432799200095195,20,False,1.4485799324892845,-0.010893932768329506
2023-12-28,-0.0021865733221855307,1.429666279588218,20,False,1.4485799324892845,-0.013056685707750093
2023-12-29,0.008238609885728833,1.4414447423325265,20,False,1.4485799324892845,-0.0049256447619681065
2024-01-01,0.006145885397285656,1.4503036965254221,20,False,1.4503036965254221,0.0
2024-01-02,0.0028665860338019772,1.4544611168466532,20,False,1.4544611168466532,0.0
2024-01-03,0.005953997948493884,1.4631209753525225,20,False,1.4631209753525225,0.0
2024-01-04,0.019574308324231467,1.491760556439723,20,False,1.491760556439723,0.0
2024-01-05,0.011442183234954,1.5088295540691832,20,False,1.5088295540691832,0.0
2024-01-08,0.020117489172945386,1.53918341628699,20,False,1.53918341628699,0.0
2024-01-09,0.0036666562976254043,1.5448270728535192,20,False,1.5448270728535192,0.0
2024-01-10,0.0018207926216701207,1.5476398825895272,20,False,1.5476398825895272,0.0
2024-01-11,0.0072529405270778165,1.5588648226152828,20,False,1.5588648226152828,0.0
2024-01-12,-0.0015592992733971414,1.5564340858300545,20,False,1.5588648226152828,-0.0015592992733971522
2024-01-15,0.004521890981979799,1.5634721110868153,20,False,1.5634721110868153,0.0
2024-01-16,-0.0005069944836148372,1.5626794393512087,20,False,1.5634721110868153,-0.0005069944836147977
2024-01-17,0.0025492634582104214,1.5666631209428437,20,False,1.5666631209428437,0.0
2024-01-18,-0.003799750877864239,1.5607101913737236,20,False,1.5666631209428437,-0.0037997508778642164
2024-01-19,0.010223491694271674,1.576666099052398,20,False,1.576666099052398,0.0
2024-01-23,-0.03157124744582942,1.5268887834997642,20,False,1.576666099052398,-0.0315712474458294
2024-01-24,0.027473480905340346,1.5688377333378232,20,True,1.576666099052398,-0.0049651386043498835
2024-01-25,0.018010334275189447,1.5929246006696394,20,False,1.5929246006696394,0.0
2024-01-29,0.017126541278765145,1.6202058895969684,20,False,1.6202058895969684,0.0
2024-01-30,0.013980218380871885,1.642856721755509,20,False,1.642856721755509,0.0
2024-01-31,0.01216892674733956,1.6628485248589262,20,False,1.6628485248589262,0.0
2024-02-01,0.0024898334796981513,1.6669887407877866,20,False,1.6669887407877866,0.0
2024-02-02,0.011210055154503535,1.685675776513954,20,False,1.685675776513954,0.0
2024-02-05,-0.0009302843579195094,1.6841076187065394,20,False,1.685675776513954,-0.0009302843579195308
2024-02-06,0.011818461346762968,1.7040111795020114,20,False,1.7040111795020114,0.0
2024-02-07,0.0030619009830156747,1.7092286930075984,20,False,1.7092286930075984,0.0
2024-02-08,0.0029945979769590565,1.7143471457938393,20,False,1.7143471457938393,0.0
2024-02-09,-0.014014547424737907,1.6903213464166473,20,False,1.7143471457938393,-0.014014547424737955
2024-02-12,-0.03392102451061481,1.6329839145940328,20,False,1.7143471457938393,-0.04746018412865305
2024-02-13,0.005948765758561717,1.6426981533894518,20,False,1.7143471457938393,-0.04179374788833101
2024-02-14,0.011303770169939702,1.6612668357739504,20,False,1.7143471457938393,-0.030962404639061414
2024-02-15,0.021760511501235764,1.6974168518604311,20,False,1.7143471457938393,-0.009875650900079802
2024-02-16,0.004667475008611461,1.7053395025956857,20,False,1.7143471457938393,-0.0052542702452381684
2024-02-19,0.021277250766128873,1.7416244388337998,20,False,1.7416244388337998,0.0
2024-02-20,-0.00809765894415364,1.7275213581193207,20,False,1.7416244388337998,-0.008097658944153596
2024-02-21,-0.018054888679802462,1.6963311523064952,20,False,1.7416244388337998,-0.026006345293152378
2024-02-22,0.0038374059249230274,1.7028406635209878,20,False,1.7416244388337998,-0.02226873627174286
2024-02-23,0.008351446103157792,1.7170618455446487,20,True,1.7416244388337998,-0.014103266319343999
2024-02-26,-0.0007508075299254237,1.7094411744279636,20,False,1.7416244388337998,-0.018478877356237766
2024-02-27,-0.008208077673206521,1.6954099484904814,20,False,1.7416244388337998,-0.02653527896879071
2024-02-28,-0.015340108234061315,1.6694021763795333,20,False,1.7416244388337998,-0.0414683331514496
2024-02-29,0.011367870557422301,1.688379724228895,20,False,1.7416244388337998,-0.030571869237525084
2024-03-01,0.00787827283772692,1.7016812403500563,20,False,1.7416244388337998,-0.022934449926810707
2024-03-04,-0.023528873200704084,1.661642598217843,20,False,1.7416244388337998,-0.04592370136325885
2024-03-05,-0.011579010863655382,1.6424024205215662,20,False,1.7416244388337998,-0.056970961189929836
2024-03-06,-0.029364880243764616,1.5941734701308812,20,False,1.7416244388337998,-0.08466289598097998
2024-03-07,0.019122010150646174,1.6246572714086147,20,False,1.7416244388337998,-0.0671598105866652
2024-03-11,-0.02814165778447496,1.5789367224595745,20,False,1.7416244388337998,-0.0934114799647402
2024-03-12,-0.034853237440068574,1.5239056659688475,20,False,1.7416244388337998,-0.12500902491396937
2024-03-13,-0.05105386503822316,1.4461043917674903,20,False,1.7416244388337998,-0.16968069606567482
2024-03-14,0.028241460825729366,1.486944492297507,20,False,1.7416244388337998,-0.14623126597076674
2024-03-15,0.0069973142882704415,1.4973491102393255,20,False,1.7416244388337998,-0.1402571778092654
2024-03-18,-0.049086848169097426,1.4238489618088745,20,False,1.7416244388337998,-0.18245924318661333
2024-03-19,0.18558030540097148,1.6880872869862216,20,False,1.7416244388337998,-0.03073977985944376
2024-03-20,-0.005076399094948763,1.6795178822103702,20,False,1.7416244388337998,-0.03566013156373504
2024-03-21,0.043098388058948105,1.7519023956498156,20,False,1.7519023956498156,0.0
2024-03-22,0.01774943041213382,1.7829976653102524,20,False,1.7829976653102524,0.0
2024-03-26,0.017269756791152634,1.8137896013493533,20,False,1.8137896013493533,0.0
2024-03-27,0.008181056139271607,1.8286283159028196,20,True,1.8286283159028196,0.0
2024-03-28,0.008170135992120716,1.8398037744615592,20,False,1.8398037744615592,0.0
2024-04-01,0.021626814633849342,1.879592869654496,20,False,1.879592869654496,0.0
2024-04-02,0.019970441135466636,1.9171291684165739,20,False,1.9171291684165739,0.0
2024-04-03,0.018676248490147655,1.952933949153632,20,False,1.952933949153632,0.0
2024-04-04,-0.03532421992221209,1.8839480808401747,20,False,1.952933949153632,-0.03532421992221213
2024-04-05,0.007986362088626093,1.8989939723699365,20,False,1.952933949153632,-0.027619969844383196
2024-04-08,0.002608760560633639,1.9039479929499363,20,False,1.952933949153632,-0.025083263171765346
2024-04-09,0.0018926333832548507,1.9075514684813746,20,False,1.952933949153632,-0.023238103209750283
2024-04-10,-0.0035382712628685316,1.9008020339380043,20,False,1.952933949153632,-0.026694151759828144
2024-04-12,0.0004800083328563795,1.901714434753405,20,False,1.952933949153632,-0.026226956842255067
2024-04-15,-0.016744342573830423,1.8698714767802957,20,False,1.952933949153632,-0.04253214626604962
2024-04-16,0.014420901489562151,1.8968367091450866,20,False,1.952933949153632,-0.028724596667929814
2024-04-18,0.0007644836000883946,1.8982868097012737,20,False,1.952933949153632,-0.027982072550913117
2024-04-19,0.016824532839055863,1.9302245984690396,20,False,1.952933949153632,-0.011628325010394791
2024-04-22,0.03192821586545541,1.9918532261177713,20,False,1.9918532261177713,0.0
2024-04-23,0.02397670425497139,2.0396113018397077,20,False,2.0396113018397077,0.0
2024-04-24,0.005785290613130989,2.051411045958677,20,False,2.051411045958677,0.0
2024-04-25,0.0037922175287851585,2.0591904428859054,20,False,2.0591904428859054,0.0
2024-04-26,-0.007004832421673602,2.044766158909178,20,False,2.0591904428859054,-0.00700483242167349
2024-04-29,0.00380146313314269,2.052539262078169,20,False,2.0591904428859054,-0.0032299979007357482
2024-04-30,-0.007699509891421707,2.0367357157272665,20,True,2.0591904428859054,-0.010904638391371457
2024-05-02,0.006303049944397487,2.0459751519923315,20,False,2.0591904428859054,-0.006417711843617946
2024-05-03,-0.00619329791661934,2.0333038183460426,20,False,2.0591904428859054,-0.012571262958846696
2024-05-06,-0.05607279520287371,1.9192907897547038,20,False,2.0591904428859054,-0.06793915230838754
2024-05-07,-0.028930938733952274,1.8637639055036717,20,False,2.0591904428859054,-0.09490454758926914
2024-05-08,0.014252992774182885,1.8903281189815981,20,False,2.0591904428859054,-0.08200422864611334
2024-05-09,-0.02726692344508043,1.838784686875244,20,False,2.0591904428859054,-0.10703514906652734
2024-05-10,0.004906197017599529,1.8478061268219987,20,False,2.0591904428859054,-0.1026540875780565
2024-05-13,-0.004097858383042224,1.8402340789949645,20,False,2.0591904428859054,-0.10633128404776337
2024-05-14,0.028978175393900133,1.893560704901913,20,False,2.0591904428859054,-0.0804343952528579
2024-05-15,0.010975704699898167,1.9143438680302474,20,False,2.0591904428859054,-0.07034151472297001
2024-05-16,0.005842676152143634,1.9255287592949903,20,False,2.0591904428859054,-0.06490982126140377
2024-05-17,0.003389430765322477,1.9320552057112579,20,False,2.0591904428859054,-0.061740397841236305
2024-05-21,0.006500140661005534,1.9446138363132088,20,False,2.0591904428859054,-0.05564157845066542
2024-05-22,-0.0036144567804222553,1.9375851136472435,20,False,2.0591904428859054,-0.059054921150583306
2024-05-23,0.005543622388262509,1.9483263538624227,20,False,2.0591904428859054,-0.05383867694534816
2024-05-24,-0.02676763730907059,1.8961742606625294,20,False,2.0591904428859054,-0.07916518007674544
2024-05-27,0.006990464719555056,1.9094293999338192,20,False,2.0591904428859054,-0.07272811675553414
2024-05-28,-0.01990724360602891,1.871417923720823,20,False,2.0591904428859054,-0.09118754402430296
2024-05-29,0.0027638471335105774,1.876590236784899,20,False,2.0591904428859054,-0.08867572532295587
2024-05-30,-0.006871638370502481,1.8636949873080975,20,False,2.0591904428859054,-0.09493801617679698
2024-05-31,0.013267986620773449,1.8884224674649037,20,True,2.0591904428859054,-0.08292966588446016
2024-06-03,0.027965611474372085,1.9388687059029746,20,False,2.0591904428859054,-0.0584315731449796
2024-06-04,-0.07223489997104147,1.7988147188750905,20,False,2.0591904428859054,-0.12644567427474296
2024-06-05,0.01968708221432293,1.8342281321339184,20,False,2.0591904428859054,-0.1092479384455125
2024-06-06,0.026161119824388256,1.8822135940839377,20,False,2.0591904428859054,-0.08594486702936466
2024-06-07,0.029774136414847666,1.9382548783960736,20,False,2.0591904428859054,-0.058729664809605286
2024-06-10,0.021431337900930672,1.9797942736331073,20,False,2.0591904428859054,-0.038556982200017464
2024-06-11,0.021923913549509937,2.0231991121340545,20,False,2.0591904428859054,-0.017478388594990735
2024-06-12,0.02308364634209545,2.0699019249181982,20,False,2.0699019249181982,0.0
2024-06-13,0.010706687973849216,2.0920637189647673,20,False,2.0920637189647673,0.0
2024-06-14,-0.00032127619739396587,2.0913915886884324,20,False,2.0920637189647673,-0.0003212761973939715
2024-06-18,0.0054109212621694155,2.102707943903189,20,False,2.102707943903189,0.0
2024-06-19,-0.0028231694443727586,2.0967716430855217,20,False,2.102707943903189,-0.002823169444372775
2024-06-20,0.020982649191270464,2.1407674669065893,20,False,2.1407674669065893,0.0
2024-06-21,-0.032592173994505175,2.0709952011433934,20,False,2.1407674669065893,-0.032592173994505313
2024-06-24,0.0022387067962514667,2.0756315521751976,20,False,2.1407674669065893,-0.03042643151967983
2024-06-25,-0.006542761004302067,2.0620511909963266,20,False,2.1407674669065893,-0.036770119654334854
2024-06-26,-0.0006923125092860081,2.060623607162012,20,False,2.1407674669065893,-0.03743697574981619
2024-06-27,-0.04375256945563777,1.9704660296677292,20,False,2.1407674669065893,-0.07955158132375106
2024-06-28,-0.004152630157889142,1.9622834130078348,20,False,2.1407674669065893,-0.08337386318592743
2024-07-01,0.012797267334338159,1.9873952784298337,20,False,2.1407674669065893,-0.07164355346747608
2024-07-02,0.004814539833274884,1.9969636721622965,20,True,2.1407674669065893,-0.06717394437616775
2024-07-03,0.0033495132965285605,1.9995827411451315,20,False,2.1407674669065893,-0.06595051912175676
2024-07-04,0.0026722549850491106,2.0049261360931747,20,False,2.1407674669065893,-0.06345450074019732
2024-07-05,0.007182006041442647,2.0193255277152424,20,False,2.1407674669065893,-0.056728225306427404
2024-07-08,-0.005143688233959248,2.0089387467578,20,False,2.1407674669065893,-0.06158012123534451
2024-07-09,-0.0095933088054663,1.9896663769888863,20,False,2.1407674669065893,-0.07058267292152198
2024-07-10,-0.01286488953200661,1.9640695388433764,20,False,2.1407674669065893,-0.0825395241635195
2024-07-11,0.006537737293001062,1.9769101095135202,20,False,2.1407674669065893,-0.07654140859578884
2024-07-12,0.00934588718842666,1.9953860883786938,20,False,2.1407674669065893,-0.06791086877734165
2024-07-15,0.010454991037672813,2.01624783204939,20,False,2.1407674669065893,-0.058165885264096495
2024-07-16,-0.008570050056673679,1.9989684872020672,20,False,2.1407674669065893,-0.06623745077246601
2024-07-18,-0.00820088112846149,1.9825751842589825,20,False,2.1407674669065893,-0.07389512644089025
2024-07-19,-0.017618564700653427,1.9476450551012057,20,False,2.1407674669065893,-0.09021176507528195
2024-07-22,-0.002111883913189559,1.9435318548407343,20,False,2.1407674669065893,-0.09213313221302855
2024-07-23,-0.0035618934639299387,1.9366092014300373,20,False,2.1407674669065893,-0.09536685727551752
2024-07-24,0.032315771903201146,1.999192222649091,20,False,2.1407674669065893,-0.06613293897915717
2024-07-25,0.012415022757301431,2.0240122395894997,20,False,2.1407674669065893,-0.05453895816428911
2024-07-26,0.01400005493135901,2.0523485221254956,20,False,2.1407674669065893,-0.04130245164312929
2024-07-29,0.008840423320843943,2.0704921518629935,20,False,2.1407674669065893,-0.03282715947899917
2024-07-30,0.012984621561660468,2.0973767089013227,20,False,2.1407674669065893,-0.020268786160117735
2024-07-31,0.011583505683290616,2.1216716839288825,20,False,2.1407674669065893,-0.008920064076506251
2024-08-01,-0.01271935952075788,2.094685378995979,20,True,2.1407674669065893,-0.021525966095326865
2024-08-02,-0.002717625260390421,2.081906730563921,20,False,2.1407674669065893,-0.02749515641122957
2024-08-05,-0.03787539716898317,2.003053686275033,20,False,2.1407674669065893,-0.06432916361091401
2024-08-06,-0.01337963385447886,1.976253561361809,20,False,2.1407674669065893,-0.07684809681011406
2024-08-07,0.03721367540769387,2.0497972199176266,20,False,2.1407674669065893,-0.04249422153281068
2024-08-08,-0.007161394147662014,2.035117814103015,20,False,2.1407674669065893,-0.049351297811078165
2024-08-09,0.005741258251082676,2.0468019510451594,20,False,2.1407674669065893,-0.04389337810575478
2024-08-12,0.015831623270762585,2.079206148443968,20,False,2.1407674669065893,-0.02875665826124385
2024-08-13,-0.007723386137880468,2.06314763649928,20,False,2.1407674669065893,-0.03625794562333773
2024-08-14,-0.005423010121667704,2.0519591659840493,20,False,2.1407674669065893,-0.04148432853889916
2024-08-16,0.012289386014696818,2.077176484261223,20,False,2.1407674669065893,-0.029704759451177343
2024-08-19,0.021676007061639403,2.12220137640234,20,False,2.1407674669065893,-0.008672632965166183
2024-08-20,0.015206925884791622,2.154473535445893,20,False,2.154473535445893,0.0
2024-08-21,0.010862218739854086,2.177875898257133,20,False,2.177875898257133,0.0
2024-08-22,0.001022822864240075,2.180103479521348,20,False,2.180103479521348,0.0
2024-08-23,-0.005574005154334609,2.167951571489513,20,False,2.180103479521348,-0.005574005154334594
2024-08-26,-0.002264292853674205,2.1630426942390772,20,False,2.180103479521348,-0.00782567682797164
2024-08-27,0.0053475968246659246,2.174609774482407,20,False,2.180103479521348,-0.0025199285678618732
2024-08-28,0.0021560701517107043,2.179298385708787,20,False,2.180103479521348,-0.00036929155892073684
2024-08-29,-0.001127358165065045,2.176841535879545,20,False,2.180103479521348,-0.001496233400131497
2024-08-30,0.0034314251128959696,2.1843112045925572,20,False,2.1843112045925572,0.0
2024-09-02,-0.005259764884598229,2.1728222412216067,20,True,2.1843112045925572,-0.005259764884598339
2024-09-03,0.0031165413674254907,2.176974582600536,20,False,2.1843112045925572,-0.003358780551322549
2024-09-04,0.000826211948158805,2.1787732250115184,20,False,2.1843112045925572,-0.002535343667786516
2024-09-05,-0.0027164968852111835,2.1728545943321933,20,False,2.1843112045925572,-0.005244953299821109
2024-09-06,-0.0043694218245702915,2.1633604760461003,20,False,2.1843112045925572,-0.00959145771097436
2024-09-09,-0.00365407166128382,2.155455401837439,20,False,2.1843112045925572,-0.013210481498446058
2024-09-10,-0.0013026587365900406,2.152647579026905,20,False,2.1843112045925572,-0.014495931485897562
2024-09-11,-0.008558351225393002,2.134224464981101,20,False,2.1843112045925572,-0.02293022143829504
2024-09-12,0.0023229944221129454,2.1391822565087892,20,False,2.1843112045925572,-0.02066049379268098
2024-09-13,0.002691577032249731,2.1449400303382045,20,False,2.1843112045925572,-0.01802452607099858
2024-09-16,-0.00011133045642642246,2.1447012331856197,20,False,2.1843112045925572,-0.01813384984871058
2024-09-17,-0.004062512691887349,2.1359883572054965,20,False,2.1843112045925572,-0.022122693545434835
2024-09-18,0.003608187763468313,2.1436954042588763,20,False,2.1843112045925572,-0.018594328614112032
2024-09-19,-0.020335381546210077,2.100102540294415,20,False,2.1843112045925572,-0.03855158739335851
2024-09-20,0.03252472545476497,2.1684077988443455,20,False,2.1843112045925572,-0.007280741734407847
2024-09-23,0.008211415519473759,2.1862134962963236,20,False,2.1862134962963236,0.0
2024-09-24,0.012227261531490641,2.212944900479213,20,False,2.212944900479213,0.0
2024-09-25,0.00043449325339456357,2.2139064101086054,20,False,2.2139064101086054,0.0
2024-09-26,0.0014301698852854532,2.217072672385183,20,False,2.217072672385183,0.0
2024-09-27,0.0053735628360511755,2.2289862517023367,20,False,2.2289862517023367,0.0
2024-09-30,-0.004432030392308617,2.219107316890754,20,False,2.2289862517023367,-0.004432030392308661
2024-10-01,-0.001135186497973173,2.216588216227066,20,True,2.2289862517023367,-0.005562185709221956
2024-10-03,-0.029161866302282985,2.1481906598854335,20,False,2.2289862517023367,-0.036247685132735796
2024-10-04,-0.003604031071001262,2.140448514000772,20,False,2.2289862517023367,-0.03972107842026673
2024-10-07,-0.042319169620953466,2.049866510271855,20,False,2.2289862517023367,-0.08035928498602574
2024-10-08,0.03672004758210814,2.1251377060660075,20,False,2.2289862517023367,-0.04659003417226881
2024-10-09,0.007748106102716241,2.14160349849549,20,False,2.2289862517023367,-0.03920291259764841
2024-10-10,0.014956777280767478,2.1736349850461996,20,False,2.2289862517023367,-0.024832484549361378
2024-10-11,0.005669131810182809,2.1859576082836516,20,False,2.2289862517023367,-0.019304131367263055
2024-10-14,0.011852234913401174,2.211866091367766,20,False,2.2289862517023367,-0.007680693553625884
2024-10-15,0.0033634438192697083,2.2193055787018294,20,False,2.2289862517023367,-0.004343083315616614
2024-10-16,0.0071426288228390936,2.2351572546949527,20,False,2.2351572546949527,0.0
2024-10-17,-0.015745721763450005,2.199963090464969,20,False,2.2351572546949527,-0.015745721763450016
2024-10-18,0.007334788541833854,2.2160993545333687,20,False,2.2351572546949527,-0.00852642476118981
2024-10-21,-0.023363345020123327,2.164323860714533,20,False,2.2351572546949527,-0.03169056397782932
2024-10-22,-0.03592874404744414,2.086562422687144,20,False,2.2351572546949527,-0.06648070586339494
2024-10-23,-0.001218555809243055,2.0840198299256305,20,False,2.2351572546949527,-0.06761825122230558
2024-10-24,0.0010467289856811663,2.086201233888348,20,False,2.2351572546949527,-0.06664230022013984
2024-10-25,-0.03594389889939089,2.011215027653681,20,False,2.2351572546949527,-0.1001908150179951
2024-10-28,0.027834579702141985,2.067196352639053,20,False,2.2351572546949527,-0.07514500454189399
2024-10-29,0.011477228856315936,2.090922038269233,20,False,2.2351572546949527,-0.06453023210011433
2024-10-30,0.017330682322300124,2.1271591438751734,20,False,2.2351572546949527,-0.04831790273052561
2024-10-31,0.006989484297777453,2.1420268893101624,20,True,2.2351572546949527,-0.041666135655184844
2024-11-01,0.015612612129461152,2.172257208554342,20,False,2.2351572546949527,-0.028141217361100312
2024-11-04,-0.014771162643944664,2.1401704440223046,20,False,2.2351572546949527,-0.0424967015064055
2024-11-05,0.012484645822629491,2.166889714015983,20,False,2.2351572546949527,-0.030542611950713283
2024-11-06,0.022486825935364513,2.2156161858361925,20,False,2.2351572546949527,-0.008742592413895856
2024-11-07,0.0014187298499362237,2.21875954665504,20,False,2.2351572546949527,-0.007336265940783182
2024-11-08,-0.01881524095543254,2.177013051162559,20,False,2.2351572546949527,-0.026013473284826616
2024-11-11,-0.0071474672971708255,2.1614529215738605,20,False,2.2351572546949527,-0.032975010132408444
2024-11-12,-0.021653506432071257,2.1146498868339414,20,False,2.2351572546949527,-0.05391449197048004
2024-11-13,-0.03143302760578906,2.0481800385645115,20,False,2.2351572546949527,-0.08365282386180894
2024-11-14,0.001191641145685052,2.050620734172236,20,False,2.2351572546949527,-0.08256086686299036
2024-11-18,0.0009572988457756394,2.0525837910341824,20,False,2.2351572546949527,-0.08168260343976885
2024-11-19,0.013021529294717765,2.079311570998997,20,False,2.2351572546949527,-0.06972470655861074
2024-11-21,-0.020303040562965956,2.0370952238299602,20,False,2.2351572546949527,-0.08861212357607628
2024-11-22,0.010364408480246067,2.0582085108428925,20,False,2.2351572546949527,-0.07916612734087458
2024-11-25,-0.02250839177597632,2.011881547324192,20,False,2.2351572546949527,-0.09989261690727558
2024-11-26,0.004253499382105408,2.020439084242605,20,False,2.2351572546949527,-0.09606401070946202
2024-11-27,0.015970275786611705,2.052706053628009,20,False,2.2351572546949527,-0.08162790366704842
2024-11-28,-0.0013429235388004613,2.0499494263503535,20,False,2.2351572546949527,-0.08286120717259149
2024-11-29,0.004628830233803096,2.0594382942328116,20,False,2.2351572546949527,-0.0786159273997582
2024-12-02,0.009757546571496632,2.0795333592999117,20,False,2.2351572546949527,-0.06962547940112618
2024-12-03,0.00990474491084507,2.10013060675737,20,True,2.2351572546949527,-0.06041035710304443
2024-12-04,0.010425244469377266,2.1183069979849067,20,False,2.2351572546949527,-0.052278315749194726
2024-12-05,0.003289892453567628,2.1252760001919166,20,False,2.2351572546949527,-0.04916041333209564
2024-12-06,0.001321068267288783,2.1280836348750007,20,False,2.2351572546949527,-0.047904289326866634
2024-12-09,0.009764652328044854,2.148863631694557,20,False,2.2351572546949527,-0.03860740572912069
2024-12-10,0.005142825878676405,2.1599148631893823,20,False,2.2351572546949527,-0.03366313101573659
2024-12-11,0.00791630457737161,2.1770134071075815,20,False,2.2351572546949527,-0.026013314036513524
2024-12-12,-0.014284482818600648,2.14591589649789,20,False,2.2351572546949527,-0.0399262101177047
2024-12-13,-0.005161805895966804,2.1348390951710985,20,False,2.2351572546949527,-0.044881924666882234
2024-12-16,-0.08132074674504501,1.9612323857712686,20,False,2.2351572546949527,-0.12255283978266152
2024-12-17,0.0023655820057200956,1.9658718418120844,20,False,2.2351572546949527,-0.12047716656948126
2024-12-18,-0.021382998866248,1.9238356064474278,20,False,2.2351572546949527,-0.13928400231956528
2024-12-19,-0.002863453965201346,1.9183267917517504,20,False,2.2351572546949527,-0.14174862295603552
2024-12-20,-0.02269501853835121,1.8747903296503285,20,False,2.2351572546949527,-0.1612266538686138
2024-12-23,-0.002156601758505594,1.8707471535285753,20,False,2.2351572546949527,-0.16303555394186842
2024-12-24,0.0036642787329748917,1.8776020925380232,20,False,2.2351572546949527,-0.15996868292192157
2024-12-26,0.006183278159269185,1.8892118285486117,20,False,2.2351572546949527,-0.15477453562593058
2024-12-27,-0.006526219301455457,1.8768824178485997,20,False,2.2351572546949527,-0.1602906623656103
2024-12-30,-0.018862317511173152,1.841480065752001,20,False,2.2351572546949527,-0.17612952650916702
2024-12-31,0.00864360985806566,1.8573971010017662,20,False,2.2351572546949527,-0.16900831156273255
2025-01-01,0.010002125412765954,1.875975019747294,20,False,2.2351572546949527,-0.1606966284780168
2025-01-02,0.009389499770801649,1.893589486765241,20,True,2.2351572546949527,-0.15281598966347798
2025-01-03,0.002378922955506697,1.8957827355253232,20,False,2.2351572546949527,-0.1518347393485504
2025-01-06,-0.040545626661667576,1.8189170364990785,20,False,2.2351572546949527,-0.18622413135432003
2025-01-07,0.02209113868283239,1.8590989850049462,20,False,2.2351572546949527,-0.16824689578332586
2025-01-08,-0.015736802263317393,1.8298427118899891,20,False,2.2351572546949527,-0.18133602991628417
2025-01-09,-0.023254663040482015,1.7872903362079058,20,False,2.2351572546949527,-0.20037378468396416
2025-01-10,-0.03349989375139716,1.727416299842042,20,False,2.2351572546949527,-0.22716117793788326
2025-01-13,-0.047847290915507386,1.6447641096113104,20,False,2.2351572546949527,-0.2641394218878874
2025-01-14,0.03553169695819024,1.703205369521727,20,False,2.2351572546949527,-0.2379930468229291
2025-01-15,0.006548667475088966,1.7143590951285108,20,False,2.2351572546949527,-0.23300291667286688
2025-01-16,0.020195679834270567,1.748981742534696,20,False,2.2351572546949527,-0.21751288914417266
2025-01-17,0.005058626939577782,1.7578291886943118,20,False,2.2351572546949527,-0.21355457876532502
2025-01-20,0.00761996896127355,1.771223792551383,20,False,2.2351572546949527,-0.2075618890657812
2025-01-21,-0.031386222650511025,1.7156317682344826,20,False,2.2351572546949527,-0.232433528052313
2025-01-22,-0.026537930996405366,1.6701024507538351,20,False,2.2351572546949527,-0.252803154120015
2025-01-23,0.007962273964342332,1.6834002640152568,20,False,2.2351572546949527,-0.246853768127826
2025-01-24,-0.026963621622869766,1.6380096962565103,20,False,2.2351572546949527,-0.2671613181507174
2025-01-27,-0.04292240614030812,1.5677023788120255,20,False,2.2351572546949527,-0.2986165176883805
2025-01-28,-0.02535536118152952,1.5279527187721036,20,False,2.2351572546949527,-0.3164003492091505
2025-01-29,0.03639715035192807,1.583565843607889,20,False,2.2351572546949527,-0.2915192699387905
2025-01-30,-7.264773536301204e-05,1.5834508011355528,20,False,2.2351572546949527,-0.2915707394593777
2025-01-31,0.025566638205061228,1.6239343148836998,20,True,2.2351572546949527,-0.2734585848612565
2025-02-03,-0.03161827677921023,1.5702109371678257,20,False,2.2351572546949527,-0.2974941991801274
2025-02-04,0.02379640232847195,1.6075763083692383,20,False,2.2351572546949527,-0.28077708850573235
2025-02-05,0.021981793074614786,1.642913718131464,20,False,2.2351572546949527,-0.2649672792907434
2025-02-06,0.008587029674430459,1.6570214669815875,20,False,2.2351572546949527,-0.2586555315063358
2025-02-07,-0.01357263761114711,1.634531315096355,20,False,2.2351572546949527,-0.26871753132222875
2025-02-10,-0.019817119002691903,1.602139613511464,20,False,2.2351572546949527,-0.2832094430285984
2025-02-11,-0.037392815396274204,1.5422311027043718,20,False,2.2351572546949527,-0.3100122600032226
2025-02-12,-0.0018940546679381562,1.5393100326852551,20,False,2.2351572546949527,-0.31131913450298365
2025-02-13,-0.0005134626608918502,1.538519654459935,20,False,2.2351572546949527,-0.31167274641268694
2025-02-14,-0.04048138647859743,1.4762382457228242,20,False,2.2351572546949527,-0.33953718798890653
2025-02-17,-0.012909378859913908,1.4571809269212936,20,False,2.2351572546949527,-0.3480633526520419
2025-02-18,-0.021655704872981314,1.4256246468213487,20,False,2.2351572546949527,-0.3621815002828902
2025-02-19,0.029467491276810837,1.4676342286655635,20,False,2.2351572546949527,-0.3433865892062876
2025-02-20,0.01682977137843641,1.492334177201173,20,False,2.2351572546949527,-0.33233593561861396
2025-02-21,-0.00044489733838596864,1.4916702416977536,20,False,2.2351572546949527,-0.3326329775837933
2025-02-24,-0.019380220446367405,1.462761343580365,20,False,2.2351572546949527,-0.3455666975968552
2025-02-25,-0.011578791148124984,1.4458243354834972,20,False,2.2351572546949527,-0.35314424412575895
2025-02-27,-0.03242534205836499,1.3989429868491365,20,False,2.2351572546949527,-0.37411876327240345
2025-02-28,-0.029494590184690864,1.3576817367602738,20,False,2.2351572546949527,-0.3925788738539714
2025-03-03,-0.006721999927075912,1.348555400224779,20,False,2.2351572546949527,-0.3966619586196294
2025-03-04,0.004732067291723985,1.3549368551252603,20,True,2.2351572546949527,-0.3938069224081606
2025-03-05,0.03846920187692158,1.4041234028978766,20,False,2.2351572546949527,-0.371801066815987
2025-03-06,0.023720119782801048,1.4374293782044483,20,False,2.2351572546949527,-0.3569001128734345
2025-03-07,0.006189606040817631,1.446326499767031,20,False,2.2351572546949527,-0.35291957792722684
2025-03-10,-0.01808316492460664,1.420172339136915,20,False,2.2351572546949527,-0.3646208399190527
2025-03-11,0.0007574292688434132,1.4212480192333792,20,False,2.2351572546949527,-0.3641395851463942
2025-03-12,-0.0032536568267009236,1.4166237659131653,20,False,2.2351572546949527,-0.36620845672601154
2025-03-13,-0.009868425719148444,1.4026439195072709,20,False,2.2351572546949527,-0.37246298149223545
2025-03-17,-0.009908640459263865,1.3887456252165007,20,False,2.2351572546949527,-0.37868102018350724
2025-03-18,0.024542162250677124,1.4228284456754823,20,False,2.2351572546949527,-0.36343250897142565
2025-03-19,0.019277032242176372,1.4502563554978545,20,False,2.2351572546949527,-0.35116137692254634
2025-03-20,0.0001874261882238166,1.4505281715185128,20,False,2.2351572546949527,-0.35103976757265054
2025-03-21,0.01141675158359964,1.4670884913177527,20,False,2.2351572546949527,-0.3436307498113924
2025-03-24,0.022994497459161725,1.5008234539037242,20,False,2.2351572546949527,-0.3285378687556586
2025-03-25,-0.0022994689168686407,1.4973723570217652,20,False,2.2351572546949527,-0.3300818750553093
2025-03-26,-0.014162532444585287,1.4761657724338193,20,False,2.2351572546949527,-0.3395696122350542
2025-03-27,0.008532475518112077,1.4887611207477858,20,False,2.2351572546949527,-0.3339345061200326
2025-03-28,-0.00989619039287017,1.474028057247363,20,False,2.2351572546949527,-0.3405260170615898
2025-04-01,0.006693699732131143,1.4838947584593134,20,False,2.2351572546949527,-0.33611169623864756
2025-04-02,0.005631016297838631,1.492250594028475,20,False,2.2351572546949527,-0.332373330380223
2025-04-03,0.007976748386384732,1.504153901546473,20,False,2.2351572546949527,-0.32704784042062607
2025-04-04,-0.02940875305168431,1.4599186109041653,20,True,2.2351572546949527,-0.34683852429729356
2025-04-07,-0.03708321835813294,1.4036319789554703,20,False,2.2351572546949527,-0.3720209278308547
2025-04-08,0.011921955222423022,1.4203660165573384,20,False,2.2351572546949527,-0.36453418945183547
2025-04-09,-0.010907659836891797,1.40487314720485,20,False,2.2351572546949527,-0.37146563435126956
2025-04-11,0.018146623966434017,1.430366851927717,20,False,2.2351572546949527,-0.36005985756786085
2025-04-15,0.04037763579468641,1.4881216837276465,20,False,2.2351572546949527,-0.3342205875663362
2025-04-16,0.013628471164005557,1.5084025071828602,20,False,2.2351572546949527,-0.3251470320423955
2025-04-17,0.011270867872430942,1.5254035125397618,20,False,2.2351572546949527,-0.3175408534072275
2025-04-21,0.01206164032695855,1.5438023810614954,20,False,2.2351572546949527,-0.3093092766431824
2025-04-22,0.007905993842834741,1.556007673180721,20,False,2.2351572546949527,-0.30384868003702037
2025-04-23,0.012946255354162158,1.5761521458507544,20,False,2.2351572546949527,-0.2948361272836426
2025-04-24,0.003569701339679315,1.5817785382773364,20,False,2.2351572546949527,-0.2923189028625136
2025-04-25,-0.027768737871397497,1.5378545446773106,20,False,2.2351572546949527,-0.31197031374546746
2025-04-28,-0.0011155427004353683,1.5361390022656645,20,False,2.2351572546949527,-0.31273784023965157
2025-04-29,-0.0028377395903258396,1.5317798398026916,20,False,2.2351572546949527,-0.31468811127933627
2025-04-30,-0.012970058046236575,1.511912566366396,20,False,2.2351572546949527,-0.3235766462558193
2025-05-02,-0.0023076595831482863,1.5084235868437381,20,False,2.2351572546949527,-0.3251376010903524
2025-05-05,0.0171041168964401,1.5342238402024608,20,False,2.2351572546949527,-0.3135946757303898
2025-05-06,-0.033455892002340656,1.482895013097231,20,False,2.2351572546949527,-0.3365589781289855
2025-05-07,0.014072637314147108,1.5037632567915056,20,False,2.2351572546949527,-0.3272226132488676
2025-05-08,-0.013485882254434178,1.483483682571871,20,False,2.2351572546949527,-0.33629560987003926
2025-05-09,-0.012717043712380893,1.4646181557340006,20,True,2.2351572546949527,-0.3447359676114211
2025-05-12,0.06049426790232138,1.551695461157376,20,False,2.2351572546949527,-0.30577794564653726
2025-05-13,0.007218479920067184,1.5628963436858,20,False,2.2351572546949527,-0.30076671768711893
2025-05-14,0.009058743366740084,1.5770542205720663,20,False,2.2351572546949527,-0.2944325428291632
2025-05-15,0.0035507570006192324,1.5826539568861187,20,False,2.2351572546949527,-0.29192724424120475
2025-05-16,0.006684518032902886,1.593233235800769,20,False,2.2351572546949527,-0.28719411913672777
2025-05-19,0.0015983893134622954,1.595779842778726,20,False,2.2351572546949527,-0.28605477783418287
2025-05-20,-0.007543051591686222,1.5837427930956731,20,False,2.2351572546949527,-0.2914401034786175
2025-05-21,0.005027372716260166,1.591704858403256,20,False,2.2351572546949527,-0.2878779087870097
2025-05-22,1.2255472858474243e-05,1.591724365498947,20,False,2.2351572546949527,-0.28786918139404893
2025-05-23,0.01044445458484823,1.6083490583459974,20,False,2.2351572546949527,-0.2804313634006481
2025-05-26,0.00783414831679634,1.6209491034142596,20,False,2.2351572546949527,-0.27479415597741397
2025-05-27,-0.0012826016465978527,1.6188700714251691,20,False,2.2351572546949527,-0.27572430618707966
2025-05-28,0.007652688011615311,1.6312587790131272,20,False,2.2351572546949527,-0.2701816502679333
2025-05-29,0.005066612325277192,1.6395237348485916,20,False,2.2351572546949527,-0.26648394362196737
2025-05-30,0.010149539777262968,1.6561641462112042,20,False,2.2351572546949527,-0.25903909323049745
2025-06-02,-0.004823561358285622,1.6481755368325617,20,False,2.2351572546949527,-0.26261316362839104
2025-06-03,-0.01206527030683241,1.628289853467568,20,False,2.2351572546949527,-0.2715099351299146
2025-06-04,0.0019343041355938343,1.631439461265076,20,False,2.2351572546949527,-0.2701008137846973
2025-06-05,-0.000930567845384428,1.6299212961607314,20,False,2.2351572546949527,-0.27078003449776156
2025-06-06,-0.003164015081941824,1.6247642005973006,20,False,2.2351572546949527,-0.2730872974666637
2025-06-09,0.013100913667166047,1.646050096118828,20,True,2.2351572546949527,-0.2635640769072082
2025-06-10,-0.0063775194794034535,1.6335299877740606,20,False,2.2351572546949527,-0.26916552097494384
2025-06-11,0.0017869411815604145,1.6364490097805278,20,False,2.2351572546949527,-0.2678595627474698
2025-06-12,-0.009426169147264664,1.6210235646134628,20,False,2.2351572546949527,-0.27476084234856446
2025-06-13,-0.0007569498206742689,1.6197965311169198,20,False,2.2351572546949527,-0.2753098119988947
2025-06-16,-0.00457871208254405,1.612379949168632,20,False,2.2351572546949527,-0.2786279597187964
2025-06-17,-0.0067681820724682425,1.6014670681026615,20,False,2.2351572546949527,-0.28351033702940753
2025-06-18,-0.001968811684718769,1.5983140810262888,20,False,2.2351572546949527,-0.2849209702498442
2025-06-19,-0.021839187326555973,1.5634082004040835,20,False,2.2351572546949527,-0.30053771513384975
2025-06-20,0.0062816679636612145,1.573229011610687,20,False,2.2351572546949527,-0.29614392530721667
2025-06-23,0.00042871569954532366,1.5739034795869447,20,False,2.2351572546949527,-0.29584217115777567
2025-06-24,0.008282332075245528,1.5869390708592679,20,False,2.2351572546949527,-0.2900101021859205
2025-06-25,0.005179006590614715,1.595157838766152,20,False,2.2351572546949527,-0.28633305982587154
2025-06-26,0.0038172244268798567,1.6012469142330192,20,False,2.2351572546949527,-0.28360883294918215
2025-06-27,-0.0035362556871688777,1.595584495726001,20,False,2.2351572546949527,-0.2861421752879032
2025-06-30,0.006113032775745299,1.605338356044845,20,False,2.2351572546949527,-0.2817783390082159
2025-07-01,-0.0014690622385713785,1.6029800140858494,20,False,2.2351572546949527,-0.28283345132930293
2025-07-02,0.0020003546037261513,1.606186542536707,20,False,2.2351572546949527,-0.2813988639220312
2025-07-03,0.0047789092768671885,1.6138623623052148,20,False,2.2351572546949527,-0.27796473428646085
2025-07-04,0.005368666531415956,1.6225266511560346,20,False,2.2351572546949527,-0.2740883677209227
2025-07-07,-0.0010915855084105645,1.6207555245766228,20,False,2.2351572546949527,-0.2748807623391052
2025-07-08,-0.00021567658126113714,1.6204059655660221,20,True,2.2351572546949527,-0.2750371535772904
2025-07-09,0.0003282181219805947,1.6189298136721637,20,False,2.2351572546949527,-0.2756975777558388
2025-07-10,-0.0015755280020848083,1.6163791444173132,20,False,2.2351572546949527,-0.27683873650406243
2025-07-11,-0.007928918678087099,1.6035630056282724,20,False,2.2351572546949527,-0.28257262335346445
2025-07-14,0.0005780174972362939,1.6044898931034464,20,False,2.2351572546949527,-0.28215793777676634
2025-07-15,0.009314725226710075,1.6194352755867383,20,False,2.2351572546949527,-0.275471436210982
2025-07-16,0.00022451230354779146,1.619798858730907,20,False,2.2351572546949527,-0.2753087706341396
2025-07-17,-0.002627316801890256,1.6155431339736805,20,False,2.2351572546949527,-0.27721276407723505
2025-07-18,-0.04961351806657879,1.53539035550894,20,False,2.2351572546949527,-0.31307278166498165
2025-07-21,-0.002121056213786016,1.5321337062548008,20,False,2.2351572546949527,-0.31452979290984984
2025-07-22,-0.013083721576256035,1.5120876954245657,20,False,2.2351572546949527,-0.32349829424823595
2025-07-23,0.002832483375135886,1.5163706586836032,20,False,2.2351572546949527,-0.3215821144134431
2025-07-24,-0.000247571538171443,1.5159952484671948,20,False,2.2351572546949527,-0.3217500713729008
2025-07-25,-0.019505959791842355,1.4864243061059697,20,False,2.2351572546949527,-0.33497998720952094
2025-07-28,-0.01710786949371112,1.4609947530648286,20,False,2.2351572546949527,-0.34635706279904654
2025-07-29,0.009241171814741456,1.4744960565983363,20,False,2.2351572546949527,-0.34031663611088037
2025-07-30,0.0031788333880922713,1.4791832338936615,20,False,2.2351572546949527,-0.33821961260818056
2025-07-31,-0.006600193792963628,1.4694203378946606,20,False,2.2351572546949527,-0.3425874914133491
2025-08-01,-0.018077903769212186,1.4428562984296778,20,False,2.2351572546949527,-0.3544721314802549
2025-08-04,0.009598212686496195,1.4567051400580564,20,False,2.2351572546949527,-0.3482762177031419
2025-08-05,-0.00048671825710689407,1.4559961350711688,20,False,2.2351572546949527,-0.3485934235665765
2025-08-06,-0.010349379707524843,1.4409274782166286,20,True,2.2351572546949527,-0.3553350775700648
2025-08-07,-0.0036367220412430023,1.4319208996227293,20,False,2.2351572546949527,-0.3593645831339266
2025-08-08,-0.003242174062818776,1.4272783628219643,20,False,2.2351572546949527,-0.36144163466621293
2025-08-11,-0.007557280688431767,1.4164920196135933,20,False,2.2351572546949527,-0.36626739946898645
2025-08-12,-0.0017721371606072129,1.4139818014679324,20,False,2.2351572546949527,-0.3673904605602758
2025-08-13,0.004984821144066866,1.4210302478492154,20,False,2.2351572546949527,-0.36423701515213835
2025-08-14,-0.005273402138327833,1.4135365839015788,20,False,2.2351572546949527,-0.36758964903590474
2025-08-18,0.008905381213109288,1.4261246660398985,20,False,2.2351572546949527,-0.3619577937774532
2025-08-19,0.007616239380686512,1.43698637288316,20,False,2.2351572546949527,-0.3570983115998809
2025-08-20,-0.00188025794534979,1.4342844678381872,20,False,2.2351572546949527,-0.3583071326075741
2025-08-21,0.003300376596506966,1.4390181467285739,20,False,2.2351572546949527,-0.3561893044858866
2025-08-22,-0.0009282745680569696,1.4376823427799932,20,False,2.2351572546949527,-0.3567869375811754
2025-08-25,0.0025621056498571775,1.44136583683313,20,False,2.2351572546949527,-0.35513895775989013
2025-08-26,-0.01647293689479,1.4176223083606716,20,False,2.2351572546949527,-0.36576171301462
2025-08-28,-0.01491936979433924,1.3964722769135338,20,False,2.2351572546949527,-0.37522414855588315
2025-08-29,0.0006167177512729162,1.3973335061558667,20,False,2.2351572546949527,-0.374838838197731
2025-09-01,0.00847637021554342,1.4091778222686273,20,False,2.2351572546949527,-0.36953974074591567
2025-09-02,0.012006567027326194,1.426097210245117,20,False,2.2351572546949527,-0.3619700773851161
2025-09-03,0.014960757668968202,1.4474327050199858,20,False,2.2351572546949527,-0.3524246663273243
2025-09-04,0.0010372620132888203,1.4489340719816948,20,False,2.2351572546949527,-0.35175296103296283
2025-09-05,-0.0011029811458170386,1.447335925018767,20,False,2.2351572546949527,-0.3524679652947753
2025-09-08,0.01957090331549838,1.4756615964723567,20,True,2.2351572546949527,-0.3397951784498714
2025-09-09,-0.0034440520100439864,1.466325260640488,20,False,2.2351572546949527,-0.343972216021728
2025-09-10,-0.009714938237274684,1.45208000129761,20,False,2.2351572546949527,-0.350345485425013
2025-09-11,-0.007261311393870208,1.4415359962393766,20,False,2.2351572546949527,-0.3550628291537756
2025-09-12,-0.00017804192544217936,1.4412793423950119,20,False,2.2351572546949527,-0.3551776550094623
2025-09-15,-0.007864785001684117,1.4299439902397064,20,False,2.2351572546949527,-0.3602490441170947
2025-09-16,-0.001025752897696975,1.4284772210481735,20,False,2.2351572546949527,-0.3609052705138961
2025-09-17,0.0041034261934364165,1.43433887189375,20,False,2.2351572546949527,-0.3582827924608356
2025-09-18,-0.0029299105949365965,1.430136387236259,20,False,2.2351572546949527,-0.36016296650615776
2025-09-19,-0.0006551301378177389,1.4291994617877908,20,False,2.2351572546949527,-0.3605821430300914
2025-09-22,-0.003197002064267142,1.4246303081582057,20,False,2.2351572546949527,-0.3626263632387535
2025-09-23,0.00025483897015957633,1.4249933594787947,20,False,2.2351572546949527,-0.3624639355975545
2025-09-24,0.006780930049394818,1.4346561397702726,20,False,2.2351572546949527,-0.358140848140875
2025-09-25,-0.000774251125555659,1.43354535563927,20,False,2.2351572546949527,-0.35863780831165015
2025-09-26,-0.02165680029067793,1.4024993501645615,20,False,2.2351572546949527,-0.3725276612110363
2025-09-29,-0.0027085719025144736,1.398700579831411,20,False,2.2351572546949527,-0.37422721515748514
2025-09-30,-0.003669528739446209,1.3935680078558395,20,False,2.2351572546949527,-0.376523506375828
2025-10-01,0.013388013850248265,1.4122251156462762,20,False,2.2351572546949527,-0.3681763944438834
2025-10-03,0.012752894844532537,1.430235074042921,20,False,2.2351572546949527,-0.36011881444193283
2025-10-06,4.520673265453974e-05,1.4302997302975466,20,False,2.2351572546949527,-0.36008988750424653
2025-10-07,-0.0028775642076916794,1.4261839509873713,20,False,2.2351572546949527,-0.3619312699401044
2025-10-08,-0.000554266377963692,1.4253934651745475,20,True,2.2351572546949527,-0.3622849299840065
2025-10-09,0.010028751416409095,1.4363024370819162,20,False,2.2351572546949527,-0.35740430161459125
2025-10-10,0.005019667407155921,1.4435121976121548,20,False,2.2351572546949527,-0.35417868493142746
2025-10-13,0.00018635946289652242,1.4437812097699865,20,False,2.2351572546949527,-0.3540583300180241
2025-10-14,-0.022927135386120463,1.4106794425056532,20,False,2.2351572546949527,-0.3688679221372375
2025-10-15,0.008718767095837437,1.422978828011746,20,False,2.2351572546949527,-0.3633652285436402
2025-10-16,0.0036434198005107447,1.4281633372494313,20,False,2.2351572546949527,-0.36104570081162246
2025-10-17,-0.04855013249774231,1.3588258179975536,20,False,2.2351572546949527,-0.3920670166972203
2025-10-20,0.007983592651100907,1.3696741298122452,20,False,2.2351572546949527,-0.3872135273993623
2025-10-21,0.017747373751743397,1.393982248512117,20,False,2.2351572546949527,-0.3763381768401064
2025-10-23,0.0005552138621618026,1.3947562067800985,20,False,2.2351572546949527,-0.37599191115058683
2025-10-24,-0.0026670339942730494,1.3910363445628926,20,False,2.2351572546949527,-0.3776561619362496
2025-10-27,-0.0017832108573417112,1.3885558334503112,20,False,2.2351572546949527,-0.37876593222528454
2025-10-28,0.006774110882241013,1.3979620646322861,20,False,2.2351572546949527,-0.37455762376635304
2025-10-29,0.01698924502044858,1.421712384677616,20,False,2.2351572546949527,-0.3639318299903481
2025-10-30,-0.0057632912838675434,1.413518642082837,20,False,2.2351572546949527,-0.3675976761305103
2025-10-31,0.0034021693178124704,1.4183276718370872,20,False,2.2351572546949527,-0.36544613634772816
2025-11-03,-0.0018643285923293522,1.4156834430051894,20,False,2.2351572546949527,-0.36662915325910816
2025-11-04,-0.010284802693787959,1.4011234181170187,20,False,2.2351572546949527,-0.3731432474498356
2025-11-06,-0.024631973080881085,1.3666109837989682,20,False,2.2351572546949527,-0.38858396610421986
2025-11-07,0.006745362772077607,1.3758292706529982,20,False,2.2351572546949527,-0.3844597431509278
2025-11-10,-0.010087250763968485,1.3619509357915136,20,True,2.2351572546949527,-0.390668852077082
2025-11-11,0.006010721903790327,1.3676531863330965,20,False,2.2351572546949527,-0.3881176890528226
2025-11-12,0.014566082267853858,1.3875745351591169,20,False,2.2351572546949527,-0.37920496097332146
2025-11-13,0.008571928097301063,1.3994687243041468,20,False,2.2351572546949527,-0.3738835505356235
2025-11-14,0.006043013469925218,1.4079257326558559,20,False,2.2351572546949527,-0.3700999203977685
2025-11-17,0.0018601223393846795,1.4105446467633633,20,False,2.2351572546949527,-0.3689282291881204
2025-11-18,-0.006203912170823856,1.4017937516618177,20,False,2.2351572546949527,-0.3728433430277235
2025-11-19,0.010764589617953065,1.4168834861274682,20,False,2.2351572546949527,-0.36609225898924946
2025-11-20,0.006050646913487646,1.4254565478195769,20,False,2.2351572546949527,-0.3622567070726669
2025-11-21,-0.012901441011006405,1.4070661042541297,20,False,2.2351572546949527,-0.37048451454653397
2025-11-24,-0.013693998511073016,1.3877977431174924,20,False,2.2351572546949527,-0.3791050986670311
2025-11-25,0.0012919292064326629,1.389590679554447,20,False,2.2351572546949527,-0.37830294640987394
2025-11-26,0.011287427937803364,1.4052755842129612,20,False,2.2351572546949527,-0.3712855857183307
2025-11-27,0.0015324217999537484,1.4074290591531518,20,False,2.2351572546949527,-0.3703221300439403
2025-11-28,-0.00046713813075842153,1.406771595373284,20,False,2.2351572546949527,-0.3706162765870915
2025-12-01,0.0018268379868422503,1.4093415391625226,20,False,2.2351572546949527,-0.3694664944928606
2025-12-02,-0.007589683269477227,1.3986450832617616,20,False,2.2351572546949527,-0.3742520440904529
2025-12-03,-0.00668318919185823,1.389297673558061,20,False,2.2351572546949527,-0.37843403606621495
2025-12-04,-0.0064031461087943504,1.3804017975656608,20,False,2.2351572546949527,-0.38241401374953654
2025-12-05,-0.009640183319553745,1.3670944711824864,20,False,2.2351572546949527,-0.3883676558725784
2025-12-08,-0.028557326358205366,1.32805390820643,20,False,2.2351572546949527,-0.4058342403350593
2025-12-09,0.004543415891647662,1.33408780943794,20,True,2.2351572546949527,-0.40313469818032466
2025-12-10,-0.0062247891444598405,1.323737270319433,20,False,2.2351572546949527,-0.40776548605744856
2025-12-11,0.0060301485578691805,1.3317196027110474,20,False,2.2351572546949527,-0.40419422395727755
2025-12-12,0.001369221499716699,1.3335430218226736,20,False,2.2351572546949527,-0.40337843387906447
2025-12-15,-0.0016658709718372238,1.331321511212923,20,False,2.2351572546949527,-0.40437232842723736
2025-12-16,-0.014424377105104077,1.312118027687051,20,False,2.2351572546949527,-0.41296388657623795
2025-12-17,-0.013532884528882298,1.2943612859300972,20,False,2.2351572546949527,-0.4209081785134856
2025-12-18,0.007202397998723382,1.3036837910655052,20,False,2.2351572546949527,-0.41673732873733405
2025-12-19,0.014772167610506582,1.3229420265382255,20,False,2.2351572546949527,-0.4081212747964901
2025-12-22,0.021334820152957977,1.3511667567472083,20,False,2.2351572546949527,-0.39549364864191117
2025-12-23,0.002562787232987457,1.354629509661037,20,False,2.2351572546949527,-0.3939444274823909
2025-12-24,0.009469603283863858,1.3674573137141421,20,False,2.2351572546949527,-0.3882053216426741
2025-12-26,-0.005760676932663084,1.3595798339106275,20,False,2.2351572546949527,-0.39172967313381324
2025-12-29,-0.013113912979644343,1.3417504222798442,20,False,2.2351572546949527,-0.3997064772684362
2025-12-30,0.004517522578915835,1.3478118101077632,20,False,2.2351572546949527,-0.3969946377255196
2025-12-31,0.014510850876557279,1.3673697062938996,20,False,2.2351572546949527,-0.3882445168357902
2026-01-01,0.004173594838776153,1.373076553442787,20,False,2.2351572546949527,-0.3856912973086629
2026-01-02,0.0003549870494764006,1.3735639778371986,20,False,2.2351572546949527,-0.3854732256748269
2026-01-05,-0.0032831430442795025,1.3690543708174896,20,False,2.2351572546949527,-0.3874908049794761
2026-01-06,0.0035007082709247192,1.3738470307767559,20,False,2.2351572546949527,-0.3853465889744504
2026-01-07,-0.0017654061903996042,1.3714216327239606,20,False,2.2351572546949527,-0.3864317019112251
2026-01-08,-0.024025002329937734,1.3384732248024405,20,True,2.2351572546949527,-0.40117268170238385
2026-01-09,-0.020715258034155935,1.308007831212377,20,False,2.2351572546949527,-0.41480277127486054
2026-01-12,-0.011281577328081773,1.2932514397188182,20,False,2.2351572546949527,-0.42140471906290233
2026-01-13,0.0036465839188936145,1.297967389621983,20,False,2.2351572546949527,-0.41929482281588926
2026-01-14,0.008957548020098417,1.3095939948430437,20,False,2.2351572546949527,-0.41409312830574285
2026-01-16,-0.0015452084320574148,1.3075703991596406,20,False,2.2351572546949527,-0.4149984765442851
2026-01-19,-0.017686005450885178,1.284444701952687,20,False,2.2351572546949527,-0.42534481667689905
2026-01-20,-0.024317741217374584,1.2532099080825736,20,False,2.2351572546949527,-0.43931913271417333
2026-01-21,-0.02656045582143921,1.2199240816839565,20,False,2.2351572546949527,-0.45421107211964473
2026-01-22,0.02190688631938449,1.2466488198596866,20,False,2.2351572546949527,-0.442254536122191
2026-01-23,-0.01435420294709716,1.2287541696956614,20,False,2.2351572546949527,-0.4502605277035159
2026-01-27,-0.01604902989660684,1.2090338572906354,20,False,2.2351572546949527,-0.459083312929747
2026-01-28,0.02026144145941722,1.2335306260125831,20,False,2.2351572546949527,-0.4481235611402512
2026-01-29,-0.003341736306659532,1.2294084919342603,20,False,2.2351572546949527,-0.4499677866727788
2026-01-30,0.007683036480838767,1.2388540822276441,20,False,2.2351572546949527,-0.4457418691121493
2026-02-02,-0.015289166981313905,1.2199130352989833,20,False,2.2351572546949527,-0.45421601422604463
2026-02-03,0.02725666913841279,1.2531638012797646,20,False,2.2351572546949527,-0.43933976070475966
2026-02-04,0.020332565538555652,1.2786438363998307,20,False,2.2351572546949527,-0.42794009964442703
2026-02-05,0.0022300758436359265,1.281495309132,20,False,2.2351572546949527,-0.42666436267953123
2026-02-06,-0.0035791314906270014,1.2769086689159947,20,False,2.2351572546949527,-0.42871640631376373
2026-02-09,0.015416738411398364,1.2965944358399195,20,False,2.2351572546949527,-0.4199090765911794
2026-02-10,0.025384503886084146,1.329507842335173,20,True,2.2351572546949527,-0.40518375629162606
2026-02-11,0.004271929698741162,1.3320312897192441,20,False,2.2351572546949527,-0.404054776494446
2026-02-12,-0.0069100286985580356,1.3228269152799068,20,False,2.2351572546949527,-0.40817277509163796
2026-02-13,-0.0275671841357685,1.286360302126635,20,False,2.2351572546949527,-0.4244877851772477
2026-02-16,-0.012174227288610569,1.2706998594334995,20,False,2.2351572546949527,-0.43149420168787156
2026-02-17,0.0012009643421105722,1.272225924654204,20,False,2.2351572546949527,-0.4308114464958156
2026-02-18,0.008083841353077402,1.282510397194381,20,False,2.2351572546949527,-0.42621021652930013
2026-02-19,0.003023364244924602,1.2863878932730026,20,False,2.2351572546949527,-0.4244754410138517
2026-02-20,0.005302728771964089,1.2932092593665676,20,False,2.2351572546949527,-0.4214235903759439
2026-02-23,0.023451008654163205,1.3235363208996171,20,False,2.2351572546949527,-0.4078553899867554
2026-02-24,-0.0035208123821904138,1.3188763978327152,20,False,2.2351572546949527,-0.40994022006173736
2026-02-25,0.006954034019817363,1.3280479091711779,20,False,2.2351572546949527,-0.40583692427832074
2026-02-26,-0.0038122496908476033,1.3229850589400092,20,False,2.2351572546949527,-0.4081020222800539
2026-02-27,-0.03805206530866331,1.272642745074838,20,False,2.2351572546949527,-0.43062496278431894
2026-03-02,0.012217390625457483,1.288191118618072,20,False,2.2351572546949527,-0.42366868554227066
2026-03-04,-0.04155082731639977,1.2346657118978526,20,False,2.2351572546949527,-0.44761572846633746
2026-03-05,0.004448103853206896,1.240157633208368,20,False,2.2351572546949527,-0.44515866585967767
2026-03-06,-0.0038858859198706575,1.2353385221230633,20,False,2.2351572546949527,-0.44731471598777583
2026-03-09,-0.054600414476767334,1.1678885267960268,20,False,2.2351572546949527,-0.4774915615700531
2026-03-10,0.02398883377579771,1.195904810533998,20,False,2.2351572546949527,-0.46495719349410547
2026-03-11,-0.014962768159828665,1.178010764112754,20,False,2.2351572546949527,-0.47296291496343723
2026-03-12,-0.006529272929356662,1.1703192103201419,20,True,2.2351572546949527,-0.47640408393553346
2026-03-13,-0.03196447022639497,1.1311340751162269,20,False,2.2351572546949527,-0.49393534940761896
2026-03-16,-0.021551078212146173,1.1067569161949735,20,False,2.2351572546949527,-0.5048415882729378
2026-03-17,0.016814929058906143,1.1253669552262457,20,False,2.2351572546949527,-0.4965155347068265
2026-03-18,0.007711406412498356,1.1340451171811912,20,False,2.2351572546949527,-0.4926329613725715
2026-03-19,-0.05352647663853655,1.0733436777093457,20,False,2.2351572546949527,-0.5197905313128259
2026-03-20,0.008218121226261345,1.0821645461702023,20,False,2.2351572546949527,-0.5158441116851562
2026-03-23,-0.07834440725630683,0.9973830062467075,20,False,2.2351572546949527,-0.5537750177748334
2026-03-24,0.06417087476592795,1.0613859462342297,20,False,2.2351572546949527,-0.5251403703230337
2026-03-25,0.0306346643423979,1.0939011484348535,20,False,2.2351572546949527,-0.5105932049581247
2026-03-27,-0.03567331199196635,1.0548780714783668,20,False,2.2351572546949527,-0.5280519662486418
2026-03-30,-0.014167194640492698,1.0399334085177452,20,False,2.2351572546949527,-0.5347381459029951
2026-04-01,0.048575251342019815,1.0904484352154582,20,False,2.2351572546949527,-0.5121379344003788
2026-04-02,-0.011600417180341643,1.077798778453308,20,False,2.2351572546949527,-0.5177973378877977
2026-04-06,0.0244926245762901,1.1041968993027491,20,False,2.2351572546949527,-0.5059869291149958
2026-04-07,-0.0048716287784278224,1.098817661911055,20,False,2.2351572546949527,-0.5083935774080387
2026-04-08,0.04838080532295804,1.1519793452974016,20,False,2.2351572546949527,-0.48460926278110117
2026-04-09,-0.008142481483787146,1.1425993748086123,20,False,2.2351572546949527,-0.4888058223158215
2026-04-10,0.018191824671649145,1.1633853423050664,20,False,2.2351572546949527,-0.47950626746222313
2026-04-13,-0.001581852699398333,1.1615450380609007,20,False,2.2351572546949527,-0.4803296118780579
2026-04-15,0.03471049371051059,1.2018628397989883,20,False,2.2351572546949527,-0.4622915961396127
2026-04-16,0.012268433357162834,1.2166078139535126,20,True,2.2351572546949527,-0.4556947564212651
2026-04-17,0.008506028972050689,1.2250417554720046,20,False,2.2351572546949527,-0.4519214462880401
2026-04-20,-0.004160839502873259,1.2199445533431674,20,False,2.2351572546949527,-0.45420191318500247
2026-04-21,-0.0033815673543445344,1.2158192286674716,20,False,2.2351572546949527,-0.4560475661774398
2026-04-22,0.004393920220172787,1.2211614413603886,20,False,2.2351572546949527,-0.45365748257965455
2026-04-23,-0.01918890638853185,1.1977286887768395,20,False,2.2351572546949527,-0.4641411980025084
2026-04-24,-0.009497642142989393,1.186353090306445,20,False,2.2351572546949527,-0.4692305931430517
2026-04-27,0.01677035858576087,1.2062486570402096,20,False,2.2351572546949527,-0.46032939986370913
2026-04-28,-0.0030900763466742425,1.2025212565968821,20,False,2.2351572546949527,-0.46199702322018565
2026-04-29,-0.003559082689286142,1.1982413840090296,20,False,2.2351572546949527,-0.46391182030162714
2026-04-30,0.0004031758949144754,1.198724486051351,20,False,2.2351572546949527,-0.46369568247002413
2026-05-04,0.002905230641530915,1.202207057158981,20,False,2.2351572546949527,-0.46213759473355065
2026-05-05,-0.005310297708974837,1.195822979777636,20,False,2.2351572546949527,-0.4649938042319809
2026-05-06,0.02943823258368423,1.2310258947852444,20,False,2.2351572546949527,-0.4492441674072498
2026-05-07,0.012933943214453675,1.2469479138039188,20,False,2.2351572546949527,-0.44212072274346603
2026-05-08,-0.0017165477549408827,1.2448074681619505,20,False,2.2351572546949527,-0.4430783491643687
2026-05-11,-0.002495394024170783,1.241701183044656,20,False,2.2351572546949527,-0.44446808812379535
2026-05-12,0.00019415049049493712,1.2419422599383925,20,False,2.2351572546949527,-0.44436023133061886
2026-05-13,0.02724329326191208,1.275776857140256,20,False,2.2351572546949527,-0.42922277416477794
2026-05-14,0.007212262403953429,1.2849780946028424,20,False,2.2351572546949527,-0.42510617903785375
2026-05-15,-0.03646846834814668,1.2381169116317567,20,False,2.2351572546949527,-0.44607167615115695
2026-05-18,-0.007920019070111684,1.2283110020806054,20,True,2.2351572546949527,-0.4504587990395148
2026-05-19,-0.0009505213527868208,1.2248955208472618,20,False,2.2351572546949527,-0.45198687104705226
2026-05-20,0.016951526665666686,1.24565936993156,20,False,2.2351572546949527,-0.4426972118784709
2026-05-21,0.007502535867391651,1.255004974033024,20,False,2.2351572546949527,-0.4385160277215917
2026-05-22,0.0017496199496271076,1.2572007557724736,20,False,2.2351572546949527,-0.43753364416229745
2026-05-25,0.010395654812624382,1.2702701808596546,20,False,2.2351572546949527,-0.431686438083294
2026-05-26,-0.005880994823084525,1.2627997285021002,20,False,2.2351572546949527,-0.43502868719881493
2026-05-27,0.012045493895398074,1.2780107749228824,20,False,2.2351572546949527,-0.4282233286993933
2026-05-29,0.011186241293139432,1.292306911826402,20,False,2.2351572546949527,-0.4218272968884367
2026-06-01,-0.011446453235697785,1.2775145811940118,20,False,2.2351572546949527,-0.42844532369676025
2026-06-02,0.010599506306943784,1.2910556050545903,20,False,2.2351572546949527,-0.4223871263005209
2026-06-03,-0.004007489625390898,1.2858817131115312,20,False,2.2351572546949527,-0.4247019038993638
2026-06-04,-0.0011251807995326607,1.284434863697468,20,False,2.2351572546949527,-0.42534921827110383
2026-06-05,-0.005438996472582317,1.2774488270045559,20,False,2.2351572546949527,-0.42847474184589396
2026-06-08,-0.03799767561393366,1.2289087408626367,20,False,2.2351572546949527,-0.45019137321040337
2026-06-09,0.019588693199311058,1.2529814571573465,20,False,2.2351572546949527,-0.43942134070188743
2026-06-10,-0.02733740555321557,1.2187281949123772,20,False,2.2351572546949527,-0.4547461068555978
2026-06-11,-0.010797700972486344,1.2055687322969753,20,False,2.2351572546949527,-0.4606335953478551
2026-06-12,0.03536168877617044,1.2481996786067433,20,False,2.2351572546949527,-0.4415606884102239
2026-06-15,0.037347617496866096,1.2948169627630592,20,False,2.2351572546949527,-0.42070431060575564
2026-06-16,0.0068518941815421406,1.3036889115763775,20,False,2.2351572546949527,-0.4167350378422028
2026-06-17,0.0037969522019125675,1.3086389560597964,20,True,2.2351572546949527,-0.4145204086598393
2026-06-18,-0.0027289485520110746,1.3034057626413367,20,False,2.2351572546949527,-0.4168617174905569
2026-06-19,-0.022309602803883773,1.2743272977845153,20,False,2.2351572546949527,-0.42987130095308146
2026-06-22,0.012492387536848688,1.2902466882372248,20,False,2.2351572546949527,-0.42274903229870797
2026-06-23,-0.02673562386304783,1.255751138089971,20,False,2.2351572546949527,-0.4381821970457501
2026-06-24,-0.009740859792430013,1.2435190423196523,20,False,2.2351572546949527,-0.4436547854932186
2026-06-25,-0.013532600653379889,1.226690995715067,20,False,2.2351572546949527,-0.4511835831065578
2026-06-29,0.0005265867890594691,1.2273369549876685,20,False,2.2351572546949527,-0.4508945836318029
2026-06-30,0.014515591126370443,1.245152476400554,20,False,2.2351572546949527,-0.4429239939225268
2026-07-01,-0.0007328474053577339,1.244239969638949,20,False,2.2351572546949527,-0.44333224562816764
2026-07-02,0.00595166090102305,1.2516452640177393,20,False,2.2351572546949527,-0.4400191479196125
2026-07-03,0.006144418406129932,1.2593358962159154,20,False,2.2351572546949527,-0.4365783912650094
2026-07-06,0.00023235630906252587,1.25962851085663,20,False,2.2351572546949527,-0.43644747669955763
2026-07-07,-0.048141596126484956,1.1989879838175646,20,False,2.2351572546949527,-0.46357779467234905
2026-07-08,-0.0298843675219771,1.1631569862547262,20,False,2.2351572546949527,-0.47960843300331
2026-07-09,0.010380624907956182,1.175231282638105,20,False,2.2351572546949527,-0.4742064433410539
2026-07-10,-0.002093799924939166,1.1727705834667312,20,False,2.2351572546949527,-0.4753073498505199
2026-07-13,-0.006974511034873692,1.1645910820909673,20,False,2.2351572546949527,-0.4789668245289046
2026-07-14,-0.005912391321376449,1.1577055638842602,20,False,2.2351572546949527,-0.4820473765537091
2026-07-15,0.007231270996354128,1.1660772465506943,20,False,2.2351572546949527,-0.4783019207702963
2026-07-16,-0.00048227429039296996,1.1655148774740707,20,False,2.2351572546949527,-0.47855352234125625
2026-07-17,-0.011010013418147602,1.1526825430340306,20,True,2.2351572546949527,-0.48429465505712477
2026-07-20,-0.004709613737450896,1.146078378336757,20,False,2.2351572546949527,-0.48724933069947685
2026-07-21,0.012789440565724548,1.160736079640157,20,False,2.2351572546949527,-0.4806915364894223
2026-07-22,0.0011131714897526573,1.1620281779511397,20,False,2.2351572546949527,-0.480113457113455
2026-07-23,-0.003971128905516309,1.1574136142646534,20,False,2.2351572546949527,-0.4821779935915007
2026-07-24,-0.0009782630654941674,1.1562813592743182,20,False,2.2351572546949527,-0.48268455973487023
2026-07-27,0.0026668186951122053,1.1593649520200406,20,False,2.2351572546949527,-0.481304973247501
2026-07-28,-0.015502344039806699,1.141392077666132,20,False,2.2351572546949527,-0.4893459620039551
2026-07-29,-0.0032614040145504124,1.1376695369618555,20,False,2.2351572546949527,-0.49101141113352176
2026-07-30,-0.008797160395861958,1.127661275567716,20,False,2.2351572546949527,-0.4954890653894436
2026-07-31,0.001304458684939757,1.1291322631123006,20,False,2.2351572546949527,-0.4948309517191438
2026-08-03,0.00020324379583432897,1.1293617522394546,20,False,2.2351572546949527,-0.4947282792442331
2026-08-04,-0.001209045290513705,1.127996302731623,20,False,2.2351572546949527,-0.4953391756386427
2026-08-05,0.021472521821717244,1.1522172279568443,20,False,2.2351572546949527,-0.4845028350749776
2026-08-06,0.009376952910641268,1.1630215146462253,20,False,2.2351572546949527,-0.4796690424339066
2026-08-07,0.010414041102157396,1.1751332685024445,20,False,2.2351572546949527,-0.4742502944550884
2026-08-10,0.007497185299371562,1.1839434603678634,20,False,2.2351572546949527,-0.4703086514915281
2026-08-11,0.004259072360818279,1.1889859612366875,20,False,2.2351572546949527,-0.46805265770933124
2026-08-12,0.007498904706845656,1.1979020536577787,20,False,2.2351572546949527,-0.4640636352804337
2026-08-13,-0.013553561499811762,1.1816662145027772,20,False,2.2351572546949527,-0.4713274817596459
2026-08-14,-0.002162115999584829,1.1791113150742318,20,False,2.2351572546949527,-0.4724705330698742
2026-08-17,0.000997027631054176,1.1802869216354495,20,True,2.2351572546949527,-0.4719445716151496
2026-08-18,0.003215089346253759,1.1822269237250884,20,False,2.2351572546949527,-0.47107662280055773
2026-08-19,-0.011897665792323021,1.1681611828959213,20,False,2.2351572546949527,-0.47736957637222344
2026-08-20,0.019964202252368484,1.1914825890146215,20,False,2.2351572546949527,-0.4669356768916775
2026-08-21,0.01643478822963497,1.2110643530443739,20,False,2.2351572546949527,-0.4581748776286185
2026-08-24,-0.0038371882705359357,1.2064172711140078,20,False,2.2351572546949527,-0.46025396263286367
2026-08-25,-0.006606887075754813,1.1984466084375172,20,False,2.2351572546949527,-0.4638200037513346
2026-08-26,0.005747864923459023,1.2053351176607936,20,False,2.2351572546949527,-0.46073811355823646
2026-08-27,-0.004848007231446766,1.1994916442940573,20,False,2.2351572546949527,-0.46335245908334977
2026-08-28,-0.03473542219935109,1.1578267956049093,20,False,2.2351572546949527,-0.4819931379893332
2026-08-31,-0.0019494815366230425,1.1555696336442702,20,False,2.2351572546949527,-0.48300298280266696
2026-09-01,-0.014592355608591985,1.1387071506196427,20,False,2.2351572546949527,-0.4905471871261917
2026-09-02,-0.0043691760043415295,1.1337319386611833,20,False,2.2351572546949527,-0.4927730761315443
2026-09-03,0.010168456230624463,1.1452602422567206,20,False,2.2351572546949527,-0.4876153613571935
2026-09-04,0.010485757243797356,1.157269163137997,20,False,2.2351572546949527,-0.48224262042093435
2026-09-07,0.0018864611983925815,1.1594523065103532,20,False,2.2351572546949527,-0.48126589121417696
2026-09-08,0.007526001760579733,1.1681783466104585,20,False,2.2351572546949527,-0.477361897398182
2026-09-09,0.007727808299057516,1.177205804932174,20,False,2.2351572546949527,-0.473323050331492
2026-09-10,0.004944503446735982,1.1830265030921787,20,False,2.2351572546949527,-0.47071889433853975
2026-09-11,-0.012238451776318798,1.168548090283978,20,False,2.2351572546949527,-0.4771964756262942
2026-09-15,-0.023454079562091057,1.141140870402328,20,False,2.2351572546949527,-0.48945835108229674
2026-09-16,0.006055518944511662,1.148051070561406,20,True,2.2351572546949527,-0.48636675645531335
2026-09-17,0.006645389576714657,1.1548110854404452,20,False,2.2351572546949527,-0.48334235409398507
2026-09-18,0.023435291281355453,1.1818744196026802,20,False,2.2351572546949527,-0.4712343316694383
2026-09-21,-0.009590646093261134,1.1705394803175926,20,False,2.2351572546949527,-0.4763055360606634
2026-09-22,-0.007170048611456765,1.162146655342086,20,False,2.2351572546949527,-0.4800604508246592
2026-09-23,0.006180721993428045,1.1693295607343477,20,False,2.2351572546949527,-0.47684684901781815
2026-09-24,-0.013532627514287307,1.1535054593474845,20,False,2.2351572546949527,-0.4839264857429858
2026-09-25,0.0057889005629876535,1.1601829877505105,20,False,2.2351572546949527,-0.48093898748576025
2026-09-28,-0.024802198917275455,1.1314078985078835,20,False,2.2351572546949527,-0.49381284196834085
2026-09-29,0.004497342842032725,1.1364962277216573,20,False,2.2351572546949527,-0.49153634477643826
2026-09-30,0.00997587680546318,1.147833774079282,20,False,2.2351572546949527,-0.48646397399187247
