date,return,equity,n_holdings,rebalance,peak,drawdown
2022-03-14,-0.004152423081168472,0.99289104089823,20,True,0.99289104089823,0.0
2022-03-15,-0.0040359050581388785,0.9883785308966034,20,True,0.99289104089823,-0.004544818933550077
2022-03-16,0.003605481635054237,0.990892007778555,20,True,0.99289104089823,-0.0020133459134312748
2022-03-17,0.02098616948945074,1.0116870353995377,20,True,1.0116870353995377,0.0
2022-03-21,0.009595914548696583,1.0205985663269437,20,True,1.0205985663269437,0.0
2022-03-22,0.01853014864401418,1.0387018682366382,20,True,1.0387018682366382,0.0
2022-03-23,-0.004018623003160138,1.0340099430550624,20,True,1.0387018682366382,-0.004517104787287174
2022-03-24,-0.025837865173776176,1.0065128721564987,20,True,1.0387018682366382,-0.030989639149090475
2022-03-25,-0.007838289990259597,0.9978435617618028,20,True,1.0387018682366382,-0.039335932402046137
2022-03-28,-0.015297346079064265,0.9820782881052111,20,True,1.0387018682366382,-0.05451379444185911
2022-03-29,0.0013597320620601996,0.9829085769677212,20,True,1.0387018682366382,-0.05371444201177289
2022-03-30,0.025972555475030922,1.0079195028080947,20,True,1.0387018682366382,-0.029635419334328783
2022-03-31,0.008162710839047816,1.016146858258554,20,True,1.0387018682366382,-0.021714613853901055
2022-04-01,0.022842055053724875,1.0388323076772947,20,True,1.0388323076772947,0.0
2022-04-04,0.004083563851128541,1.042552423955034,20,True,1.042552423955034,0.0
2022-04-05,0.008834762776880596,1.0509501771816963,20,True,1.0509501771816963,0.0
2022-04-06,0.007576915731971546,1.0583859634011623,20,True,1.0583859634011623,0.0
2022-04-07,-0.005602897027224015,1.0519336362230023,20,True,1.0583859634011623,-0.006096383929190874
2022-04-08,0.008240467858760125,1.0597844205529694,20,True,1.0597844205529694,0.0
2022-04-11,0.005369042424212017,1.0646548216210165,20,True,1.0646548216210165,0.0
2022-04-12,-0.012800580216239706,1.050219180547425,20,True,1.0646548216210165,-0.013558987176343407
2022-04-13,0.023938973086044722,1.0745309369302536,20,True,1.0745309369302536,0.0
2022-04-18,0.004511037135028201,1.0788461419060582,20,True,1.0788461419060582,0.0
2022-04-19,-0.023718015697805073,1.0524519674258177,20,True,1.0788461419060582,-0.024465188737300747
2022-04-20,0.0009135494806583765,1.0526014516460167,20,True,1.0788461419060582,-0.024326629387276255
2022-04-21,0.0015791107153974968,1.0537391372962581,20,True,1.0788461419060582,-0.023272090091958963
2022-04-22,-0.0037240192281282284,1.0492929711961105,20,True,1.0788461419060582,-0.027393313617208093
2022-04-25,-0.0270100628545756,1.0204428643054917,20,True,1.0788461419060582,-0.054134945968645876
2022-04-26,-0.004502829947875648,1.015335428845479,20,True,1.0788461419060582,-0.05886911079681045
2022-04-27,-0.009235636235467155,1.005449425093689,20,True,1.0788461419060582,-0.06803260813696299
2022-04-28,0.0013297815499694722,1.0062749983147996,20,True,1.0788461419060582,-0.06726737091819512
2022-04-29,-0.004216993969584493,1.0020315427151625,20,True,1.0788461419060582,-0.0712006987902678
2022-05-02,0.0033506571750156902,1.0043279387113795,20,True,1.0788461419060582,-0.0690721320678992
2022-05-04,-0.03168175757909414,0.9717489943196336,20,True,1.0788461419060582,-0.09927008442298368
2022-05-05,-0.006203130738310997,0.9657211082630466,20,True,1.0788461419060582,-0.10485742984921587
2022-05-06,-0.017080962825537005,0.948734282556264,20,True,1.0788461419060582,-0.12060279431496901
2022-05-09,-0.02375189795196778,0.9257165302660234,20,True,1.0788461419060582,-0.14193832252066274
2022-05-10,-0.03815062992794616,0.890399861501662,20,True,1.0788461419060582,-0.17467391603352966
2022-05-11,-0.034011999280189595,0.8596525509940134,20,True,1.0788461419060582,-0.20317409721165913
2022-05-12,-0.02817575914608757,0.8347452132835391,20,True,1.0788461419060582,-0.22626111281378103
2022-05-13,0.022576757692152876,0.8531164507575733,20,True,1.0788461419060582,-0.20923251461017012
2022-05-16,0.03534470529195851,0.8825424878002874,20,True,1.0788461419060582,-0.18195704325266437
2022-05-17,0.031017549028989712,0.9094248046596559,20,True,1.0788461419060582,-0.15703938742096823
2022-05-18,0.018151822492493475,0.9254391936883424,20,True,1.0788461419060582,-0.14219539029604644
2022-05-19,-0.028079418071155316,0.898978218030436,20,True,1.0788461419060582,-0.16672249812919515
2022-05-20,0.027316379404056124,0.9230402118760264,20,True,1.0788461419060582,-0.14441904547645756
2022-05-23,-0.01095276398596966,0.9121979722293974,20,True,1.0788461419060582,-0.1544688933884809
2022-05-24,-0.02832321738239914,0.8858900444772239,20,True,1.0788461419060582,-0.17885413863364052
2022-05-25,-0.038171019303651216,0.8511491455520867,20,True,1.0788461419060582,-0.21105604173704184
2022-05-26,0.010970395753274673,0.8597776809464049,20,True,1.0788461419060582,-0.20305811222776649
2022-05-27,0.010509690210048961,0.8681003278111012,20,True,1.0788461419060582,-0.19534371576156395
2022-05-30,0.02461100445303633,0.8889802619190385,20,True,1.0788461419060582,-0.17598976592859938
2022-05-31,0.022253705525513746,0.9080254096732985,20,True,1.0788461419060582,-0.15833650934781218
2022-06-01,0.020472344995333864,0.9266148191246596,20,True,1.0788461419060582,-0.1411056839972037
2022-06-02,0.018287642717678562,0.9430622417597067,20,True,1.0788461419060582,-0.12586030099385115
2022-06-03,-0.014961277895092485,0.9279587458296115,20,True,1.0788461419060582,-0.13985997652071636
2022-06-06,-0.00957032158239393,0.9185929693269699,20,True,1.0788461419060582,-0.1485412667796726
2022-06-07,-0.004013868915967284,0.9144207735058746,20,True,1.0788461419060582,-0.1524085428063765
2022-06-08,-0.014301322861255794,0.900618072148305,20,True,1.0788461419060582,-0.1652024907303905
2022-06-09,0.005237797356877804,0.9046032593213083,20,True,1.0788461419060582,-0.16150855605499526
2022-06-10,0.007631745638934961,0.9110200577526004,20,True,1.0788461419060582,-0.15556072143609834
2022-06-13,-0.03735395313961825,0.8762833339371737,20,True,1.0788461419060582,-0.18775875456254154
2022-06-14,0.0014039581880754923,0.8770374552323478,20,True,1.0788461419060582,-0.18705974729368147
2022-06-15,0.019726312395694136,0.8938531041883828,20,True,1.0788461419060582,-0.171473049336616
2022-06-16,-0.0387516316576215,0.8585183598641505,20,True,1.0788461419060582,-0.204225397379317
2022-06-17,-0.016382696382868902,0.8439906028908511,20,True,1.0788461419060582,-0.21769141112214074
2022-06-20,-0.052800043821416044,0.798985850121207,20,True,1.0788461419060582,-0.25940704694962924
2022-06-21,0.03248412127665222,0.8242456472454609,20,True,1.0788461419060582,-0.23599333099600306
2022-06-22,-0.018392513907572346,0.8086329262309049,20,True,1.0788461419060582,-0.2504650155190363
2022-06-23,0.004885037923099262,0.8119018400365509,20,True,1.0788461419060582,-0.24743500625388692
2022-06-24,0.02816077531054232,0.8340667191998835,20,True,1.0788461419060582,-0.22689001999275737
2022-06-27,0.017467098790865665,0.8481634022213348,20,True,1.0788461419060582,-0.21382357569278898
2022-06-28,0.004779636639327722,0.8515143882963621,20,True,1.0788461419060582,-0.21071749230901116
2022-06-29,0.0033669546809726326,0.8539111132339828,20,True,1.0788461419060582,-0.208495929062387
2022-06-30,-0.0030269170345439914,0.8508584535660161,20,True,1.0788461419060582,-0.21132548885723723
2022-07-01,-0.00764927550678348,0.843885058693818,20,True,1.0788461419060582,-0.2177892417514894
2022-07-04,0.0039681095217174115,0.8465336756680344,20,True,1.0788461419060582,-0.21533419568761147
2022-07-05,0.012778128590772687,0.8566431715709186,20,True,1.0788461419060582,-0.20596353984504323
2022-07-06,-0.005425455318777673,0.8512950951650554,20,True,1.0788461419060582,-0.21092075867183024
2022-07-07,0.009991066714900866,0.8590921398285546,20,True,1.0788461419060582,-0.20369355141712042
2022-07-08,0.013129733248288245,0.8694191095233288,20,True,1.0788461419060582,-0.19412131558696855
2022-07-11,0.016339923183670932,0.8826610463921241,20,True,1.0788461419060582,-0.18184714936953184
2022-07-12,-0.0004456458526575891,0.8815495738070662,20,True,1.0788461419060582,-0.18287739134925862
2022-07-13,-0.006865192466056097,0.8750239249218261,20,True,1.0788461419060582,-0.1889261212207034
2022-07-14,-0.007983496627347115,0.8670923893903616,20,True,1.0788461419060582,-0.19627799024389092
2022-07-15,0.007084749285257982,0.8725205627914288,20,True,1.0788461419060582,-0.19124652821217158
2022-07-18,0.018251219337376633,0.8874764197605102,20,True,1.0788461419060582,-0.17738370163464123
2022-07-19,0.008162904606370586,0.8939938486142611,20,True,1.0788461419060582,-0.17134259104380545
2022-07-20,0.009118148264651649,0.9016607211173134,20,True,1.0788461419060582,-0.16423604247747625
2022-07-21,0.005214342316328669,0.9058773616986264,20,True,1.0788461419060582,-0.16032756988113073
2022-07-22,0.0076873221809724826,0.9116054503585614,20,True,1.0788461419060582,-0.15501811152795453
2022-07-25,0.0057832654309098,0.9163895716425751,20,True,1.0788461419060582,-0.15058363185733048
2022-07-26,-0.0074189180236650994,0.9088595457236902,20,True,1.0788461419060582,-0.15756333510359788
2022-07-27,-0.0008862844248700267,0.9075700880080865,20,True,1.0788461419060582,-0.1587585543897564
2022-07-28,-0.006420235679341025,0.9012623551500586,20,True,1.0788461419060582,-0.16460529435851934
2022-07-29,0.0032802471162508896,0.9037348335748439,20,True,1.0788461419060582,-0.16231351397506544
2022-08-01,0.022338373563965272,0.9231765369621259,20,True,1.0788461419060582,-0.14429268354141966
2022-08-02,-0.0029723098095569282,0.9196941883433235,20,True,1.0788461419060582,-0.14752052899920653
2022-08-03,-0.013386908610879388,0.90690151035507,20,True,1.0788461419060582,-0.15937826986821668
2022-08-04,0.0014878979689207984,0.907766323511139,20,True,1.0788461419060582,-0.15857666051682118
2022-08-05,0.01762890388206493,0.9230241812095189,20,True,1.0788461419060582,-0.14443390456144178
2022-08-08,-0.0019259229494782873,0.920759198132203,20,True,1.0788461419060582,-0.1465333541394087
2022-08-10,0.01733234593135796,0.9362220323185869,20,True,1.0788461419060582,-0.1322006021502652
2022-08-11,0.009870828601730686,0.9449666077502904,20,True,1.0788461419060582,-0.12409511324685774
2022-08-12,0.006621872655550698,0.9512240562905605,20,True,1.0788461419060582,-0.11829498262840388
2022-08-16,0.007449284080643753,0.9575484503022007,20,True,1.0788461419060582,-0.11243279916592563
2022-08-17,0.009245339280922832,0.9658990243679662,20,True,1.0788461419060582,-0.10469251652375755
2022-08-18,-0.028422747612902192,0.9379597635494378,20,True,1.0788461419060582,-0.13058987086676566
2022-08-19,-0.00403535020802155,0.9334291252468122,20,True,1.0788461419060582,-0.13478939304758464
2022-08-22,-0.011797148775513154,0.9219320230024932,20,True,1.0788461419060582,-0.14544624373067316
2022-08-23,0.012160944794191702,0.9326497020035586,20,True,1.0788461419060582,-0.13551185310280311
2022-08-24,0.009956706832083774,0.9414400536308926,20,True,1.0788461419060582,-0.1273639335006589
2022-08-25,-0.02559115456764381,0.916616158014501,20,True,1.0788461419060582,-0.15037360527140264
2022-08-26,0.0129801339612111,0.9277673947507685,20,True,1.0788461419060582,-0.14003734294157122
2022-08-29,-0.012273737650467631,0.9151453807423515,20,True,1.0788461419060582,-0.15173689259757406
2022-08-30,0.022633618438123677,0.9353613331897142,20,True,1.0788461419060582,-0.13299839814307657
2022-09-01,0.0076107128061963574,0.942480099666642,20,True,1.0788461419060582,-0.12639989794883133
2022-09-02,-0.0015758004664437504,0.9405021498555624,20,True,1.0788461419060582,-0.12823329173340303
2022-09-05,0.016427786850778014,0.9559525187060881,20,True,1.0788461419060582,-0.11391209406639491
2022-09-06,0.014963452714858131,0.9702568690173962,20,True,1.0788461419060582,-0.10065315958474974
2022-09-07,0.013002967652521843,0.9820968073039117,20,True,1.0788461419060582,-0.08967852860947723
2022-09-08,0.006115362898894778,0.9875952074309764,20,True,1.0788461419060582,-0.08458197228556019
2022-09-09,-0.007046583211773749,0.979865709632132,20,True,1.0788461419060582,-0.09174656925504865
2022-09-12,0.00350145707341315,0.9827911194018965,20,True,1.0788461419060582,-0.08903495945627238
2022-09-13,0.010019161465182936,0.9918569489358354,20,True,1.0788461419060582,-0.08063169491113353
2022-09-14,0.0033417513472552667,0.9941187990777043,20,True,1.0788461419060582,-0.0785351493018841
2022-09-15,-0.005589901109102186,0.9877867715404166,20,True,1.0788461419060582,-0.08440440840318697
2022-09-16,-0.014804373542871768,0.9731632071938249,20,True,1.0788461419060582,-0.09795922755539299
2022-09-19,-0.011144264533677135,0.9623180189784153,20,True,1.0788461419060582,-0.10801180854367809
2022-09-20,0.011538252699007961,0.9723846958685898,20,True,1.0788461419060582,-0.09868084233899843
2022-09-21,-0.008137091164224987,0.9637110789725122,20,True,1.0788461419060582,-0.10672055862398544
2022-09-22,0.009555373412453317,0.971883785960262,20,True,1.0788461419060582,-0.09914514386344264
2022-09-23,-0.018333253280624205,0.9535735877397357,20,True,1.0788461419060582,-0.11611716379223125
2022-09-26,-0.04676959210836305,0.9085019670212212,20,True,1.0788461419060582,-0.1578947806068809
2022-09-27,0.007024068372488885,0.914395664097674,20,True,1.0788461419060582,-0.1524318171243958
2022-09-28,0.000631670635547904,0.9144870621650951,20,True,1.0788461419060582,-0.15234709877219443
2022-09-29,0.003903863681908026,0.9173183886458561,20,True,1.0788461419060582,-0.1497226963010888
2022-09-30,0.002518601054826597,0.9186381872278703,20,True,1.0788461419060582,-0.14849935357338306
2022-10-03,0.0025834469155678183,0.9200197308231459,20,True,1.0788461419060582,-0.14721877839068387
2022-10-04,0.019583178738708157,0.9375396673679455,20,True,1.0788461419060582,-0.1309792648360948
2022-10-06,0.013617296341414504,0.9495477975259942,20,True,1.0788461419060582,-0.11984873408512675
2022-10-07,0.00783613002690579,0.9562276642810927,20,True,1.0788461419060582,-0.11365705716695473
2022-10-10,-0.016927352650138512,0.939552355757036,20,True,1.0788461419060582,-0.12911367129971285
2022-10-11,-0.01695078983180542,0.9236262012386208,20,True,1.0788461419060582,-0.143875882424904
2022-10-12,-0.011015298436608855,0.9129691485398761,20,True,1.0788461419060582,-0.15375407754910997
2022-10-13,-0.003237154584028895,0.9095297958688807,20,True,1.0788461419060582,-0.15694206936499466
2022-10-14,0.00018300717176178427,0.9089629879302491,20,True,1.0788461419060582,-0.15746745284333774
2022-10-17,0.007742443411412048,0.9150117637060134,20,True,1.0788461419060582,-0.151860744397333
2022-10-18,0.013025055443134936,0.9261841341068145,20,True,1.0788461419060582,-0.1415048929308188
2022-10-19,0.0052699312997500185,0.9305733697420396,20,True,1.0788461419060582,-0.1374364391775612
2022-10-20,-0.00541664525259003,0.9255327839166397,20,True,1.0788461419060582,-0.1421086399943472
2022-10-21,-0.0017419935289576913,0.9229274381750268,20,True,1.0788461419060582,-0.144523577250377
2022-10-24,0.010412949753773654,0.9315348280354314,20,True,1.0788461419060582,-0.13654524787970568
2022-10-25,-0.018522457358028484,0.9135491643450925,20,True,1.0788461419060582,-0.15321645148484864
2022-10-27,0.0021398138662744805,0.915017289728929,20,True,1.0788461419060582,-0.151855622236998
2022-10-28,0.01266850293722913,0.9261169694953267,20,True,1.0788461419060582,-0.14156714889937527
2022-10-31,-0.006967589500688626,0.9191784792640784,20,True,1.0788461419060582,-0.1479985481153837
2022-11-01,0.009312449299872981,0.9272465462564266,20,True,1.0788461419060582,-0.14052012586502105
2022-11-02,-0.0005728019000497578,0.925973035413524,20,True,1.0788461419060582,-0.14170056373603435
2022-11-03,0.010840240723565344,0.9360108060209371,20,True,1.0788461419060582,-0.13239639123403257
2022-11-04,0.00301476995804581,0.9383393815948752,20,True,1.0788461419060582,-0.13023799673875813
2022-11-07,0.005810436975153408,0.9430383213833001,20,True,1.0788461419060582,-0.12588247317900103
2022-11-09,-0.005236678348793111,0.937608798926184,20,True,1.0788461419060582,-0.13091518567266902
2022-11-10,-0.00953556090935402,0.928668173114877,20,True,1.0788461419060582,-0.13920239685508196
2022-11-11,-0.005050999086370239,0.9234901525799807,20,True,1.0788461419060582,-0.14400198813484322
2022-11-14,0.009688068357830261,0.9316890572263041,20,True,1.0788461419060582,-0.1364022903393466
2022-11-15,-0.002357191721327345,0.9290034260259564,20,True,1.0788461419060582,-0.13889164549021438
2022-11-16,-0.002019293816226991,0.9261318576993953,20,True,1.0788461419060582,-0.14155334878136927
2022-11-17,0.003692846823100426,0.929061015377977,20,True,1.0788461419060582,-0.1388382649850769
2022-11-18,-0.004252902391480068,0.9246219933193491,20,True,1.0788461419060582,-0.14295286658228445
2022-11-21,-0.005217839736664554,0.9193113272137416,20,True,1.0788461419060582,-0.1478754091945469
2022-11-22,0.01306653107177434,0.9305754174206285,20,True,1.0788461419060582,-0.1374345411510407
2022-11-23,-0.0012501065940917768,0.9294120989550113,20,True,1.0788461419060582,-0.13851283991898355
2022-11-24,0.002883225685580421,0.9313456673228906,20,True,1.0788461419060582,-0.13672058401448262
2022-11-25,0.01372361629759637,0.9431138078410286,20,True,1.0788461419060582,-0.12581250355608975
2022-11-28,0.020290039651518457,0.9617458662129068,20,True,1.0788461419060582,-0.10854214622880676
2022-11-29,-0.011025451231197579,0.9503889176279168,20,True,1.0788461419060582,-0.1190690862101883
2022-11-30,-0.03931354987959309,0.9122999984638497,20,True,1.0788461419060582,-0.15437432361574943
2022-12-01,-0.007195800711205092,0.9050059174327372,20,True,1.0788461419060582,-0.1611353257158502
2022-12-02,0.009624900089749127,0.9132285311968812,20,True,1.0788461419060582,-0.15351365155421615
2022-12-05,0.00047940050229230437,0.9129308351088066,20,True,1.0788461419060582,-0.1537895908902448
2022-12-06,-0.002943461593247821,0.9095108384903315,20,True,1.0788461419060582,-0.15695964126687467
2022-12-07,-0.0062519350309367516,0.9033431082938703,20,True,1.0788461419060582,-0.1626766104962074
2022-12-08,0.0006492140596426781,0.9034463864675327,20,True,1.0788461419060582,-0.1625808802807014
2022-12-09,0.002888291126040194,0.9053238955547045,20,True,1.0788461419060582,-0.16084058663340284
2022-12-12,-0.004104736042173735,0.9008799543597074,20,True,1.0788461419060582,-0.16495974785795497
2022-12-13,0.0016820994085060994,0.9019123146531381,20,True,1.0788461419060582,-0.1640028363454321
2022-12-14,0.000596415143756785,0.9019674606877518,20,True,1.0788461419060582,-0.16395172059085728
2022-12-15,-0.01125221988255542,0.8910975363783658,20,True,1.0788461419060582,-0.17402722986614794
2022-12-16,0.002537014275953991,0.8928775221503003,20,True,1.0788461419060582,-0.17237733216267215
2022-12-19,0.007376984367008261,0.898980713353451,20,True,1.0788461419060582,-0.16672018517379028
2022-12-20,0.0029919010422544924,0.9011872543473691,20,True,1.0788461419060582,-0.16467490651151528
2022-12-21,-0.027395729983037062,0.8760295019161352,20,True,1.0788461419060582,-0.18799403558286398
2022-12-22,-0.025335366105194067,0.8533716114263652,20,True,1.0788461419060582,-0.20899600204467939
2022-12-23,-0.04859946722701083,0.8114517945008338,20,True,1.0788461419060582,-0.24785216076576377
2022-12-26,0.0455102969742362,0.8483812066488436,20,True,1.0788461419060582,-0.21362168923368363
2022-12-27,0.015393312127543374,0.860494710540346,20,True,1.0788461419060582,-0.20239348585882544
2022-12-28,-0.004039398163006014,0.8565495714945546,20,True,1.0788461419060582,-0.20605029927507523
2022-12-29,0.010621029500834196,0.8651719336443943,20,True,1.0788461419060582,-0.19805809184630696
2022-12-30,0.008869931005174116,0.872845949003433,20,True,1.0788461419060582,-0.19094492245082606
2023-01-02,0.005649976372873844,0.8773002899428769,20,True,1.0788461419060582,-0.1868161215343449
2023-01-03,-0.00448374702947723,0.8728930762975798,20,True,1.0788461419060582,-0.19090123939694448
2023-01-04,-0.010469422410132864,0.8632848084189119,20,True,1.0788461419060582,-0.19980729884828807
2023-01-05,0.0026981478720340068,0.8651408811695096,20,True,1.0788461419060582,-0.19808687488929932
2023-01-06,-0.0011086309014774636,0.8634736826475417,20,True,1.0788461419060582,-0.1996322282600983
2023-01-09,0.010215071060146163,0.8722941276743523,20,True,1.0788461419060582,-0.19145641459752438
2023-01-10,-0.014801588819038886,0.8589154242136788,20,True,1.0788461419060582,-0.20385735198887156
2023-01-11,-0.00323373473389369,0.8561379195729221,20,True,1.0788461419060582,-0.20643186612287923
2023-01-12,-0.0021522312286473494,0.854295312806388,20,True,1.0788461419060582,-0.20813980824266898
2023-01-13,0.010228306872123182,0.8630333074251882,20,True,1.0788461419060582,-0.20004041920155669
2023-01-16,0.0003067989706442678,0.8628260851251619,20,True,1.0788461419060582,-0.20023249691493683
2023-01-17,-0.0037294146131878433,0.8596082489146565,20,True,1.0788461419060582,-0.20321516152809505
2023-01-18,0.005298285195202768,0.8636892842653416,20,True,1.0788461419060582,-0.19943238362106652
2023-01-19,-0.005980063464482167,0.8580551557931042,20,True,1.0788461419060582,-0.2046547487511705
2023-01-20,-0.006531564194075252,0.8519832917234749,20,True,1.0788461419060582,-0.2102828581115116
2023-01-23,-0.007109383660666368,0.845460713314544,20,True,1.0788461419060582,-0.2163287419086275
2023-01-24,-0.000877437220408711,0.8442522315112165,20,True,1.0788461419060582,-0.21744890330735334
2023-01-25,-0.012508669223664677,0.8332308750321463,20,True,1.0788461419060582,-0.2276647775186641
2023-01-27,-0.028567855985840586,0.8087555864839092,20,True,1.0788461419060582,-0.2503513197395921
2023-01-30,-0.0015563290817871389,0.8074968966446064,20,True,1.0788461419060582,-0.2515180197818049
2023-01-31,0.027189655614444926,0.8289833643388423,20,True,1.0788461419060582,-0.23160186412287598
2023-02-01,-0.024049661990227008,0.8083740674886438,20,True,1.0788461419060582,-0.25070495588885
2023-02-02,-0.001994484617224996,0.8060852945005935,20,True,1.0788461419060582,-0.25282645672121773
2023-02-03,-0.01033411809581046,0.7973035371006473,20,True,1.0788461419060582,-0.26096641019450073
2023-02-06,0.007784978423214315,0.8028335136797381,20,True,1.0788461419060582,-0.2558405851446741
2023-02-07,-0.0003195354973925925,0.802576979873621,20,True,1.0788461419060582,-0.2560783704934394
2023-02-08,-0.0007829431719827697,0.8014936308338416,20,True,1.0788461419060582,-0.25708254430256594
2023-02-09,-0.008743975125550247,0.7940343319884611,20,True,1.0788461419060582,-0.26399668947641053
2023-02-10,-0.005664265284430543,0.7884389690721952,20,True,1.0788461419060582,-0.2691831221834693
2023-02-13,-0.009027127022148904,0.7808742361755454,20,True,1.0788461419060582,-0.27619499589076624
2023-02-14,-0.0022333043402431646,0.7791303063547105,20,True,1.0788461419060582,-0.27781147274793316
2023-02-15,0.010739396572232213,0.7874976956960985,20,True,1.0788461419060582,-0.27005560375385684
2023-02-16,0.01080667900961958,0.7955518419963532,20,True,1.0788461419060582,-0.2625900848189465
2023-02-17,-0.0002098382225608047,0.7949315864564438,20,True,1.0788461419060582,-0.26316500974643764
2023-02-20,0.004112385727553193,0.7977455438613378,20,True,1.0788461419060582,-0.2605567069536757
2023-02-21,0.00956229877708625,0.805373825099829,20,True,1.0788461419060582,-0.2534859292568542
2023-02-22,-0.02623542994561599,0.7842444965313896,20,True,1.0788461419060582,-0.2730710468632527
2023-02-23,-0.009190007925810146,0.7765910985125195,20,True,1.0788461419060582,-0.2801651057114851
2023-02-24,-0.00893617273687434,0.7696513463102926,20,True,1.0788461419060582,-0.286597674668877
2023-02-27,-0.004845274643639319,0.7659221741575725,20,True,1.0788461419060582,-0.2900543048665173
2023-02-28,-0.0034705961443476374,0.7632639676130708,20,True,1.0788461419060582,-0.2925182396587438
2023-03-01,0.012758407410181567,0.7723404874215462,20,True,1.0788461419060582,-0.28410506612462016
2023-03-02,-0.0011448294649177848,0.7710097309422975,20,True,1.0788461419060582,-0.2853385659051334
2023-03-03,0.023335783559279764,0.7885447164263457,20,True,1.0788461419060582,-0.269085103244491
2023-03-06,0.007321058939283971,0.7936458185529472,20,True,1.0788461419060582,-0.26435680888586344
2023-03-08,0.021532954183302148,0.8102727128771984,20,True,1.0788461419060582,-0.24894507066073024
2023-03-09,-0.005135014594361132,0.8056568631016097,20,True,1.0788461419060582,-0.25322357673893114
2023-03-10,-0.006575362030955324,0.7999062020064341,20,True,1.0788461419060582,-0.2585539578487116
2023-03-13,-0.02421886173854984,0.7800897907889279,20,True,1.0788461419060582,-0.27692211105218456
2023-03-14,-0.009498486468972814,0.7726801184665355,20,True,1.0788461419060582,-0.2837902565963687
2023-03-15,0.0033478855411409655,0.7746064331273402,20,True,1.0788461419060582,-0.2820047242706921
2023-03-16,-0.016654473418035873,0.7610573736771434,20,True,1.0788461419060582,-0.2945635673938264
2023-03-17,0.010140084060703419,0.7681159750978979,20,True,1.0788461419060582,-0.28802083516670496
2023-03-20,-0.012201179168347287,0.7580962250796108,20,True,1.0788461419060582,-0.29730830409214837
2023-03-21,0.011932948080957883,0.7664844325476636,20,True,1.0788461419060582,-0.2895331384385613
2023-03-22,0.00432588145653452,0.7693527565204943,20,True,1.0788461419060582,-0.28687444239153925
2023-03-23,-0.005248953924434242,0.7648705480695441,20,True,1.0788461419060582,-0.2910290741567614
2023-03-24,-0.011702079532120163,0.7554801511271686,20,True,1.0788461419060582,-0.29973318550092853
2023-03-27,-0.017778325928084832,0.7416143825591188,20,True,1.0788461419060582,-0.31258559144599907
2023-03-28,-0.017604292697320285,0.7281278353052951,20,True,1.0788461419060582,-0.32508649099966125
2023-03-29,0.026088357047578302,0.7471234942490199,20,True,1.0788461419060582,-0.3074791064006265
2023-03-31,0.025001477299547444,0.7653515015228184,20,True,1.0788461419060582,-0.29058327059442524
2023-04-03,0.011735247588840342,0.7738827066644394,20,True,1.0788461419060582,-0.28267555807617084
2023-04-05,0.018983191239158655,0.7881174836438216,20,True,1.0788461419060582,-0.2694811122451529
2023-04-06,0.004766808499531982,0.7914207553230501,20,True,1.0788461419060582,-0.26641925610930717
2023-04-10,0.006888001014215639,0.7968720622883866,20,True,1.0788461419060582,-0.2613663512013791
2023-04-11,0.018309376013019303,0.8114622925110948,20,True,1.0788461419060582,-0.24784242998965667
2023-04-12,0.0010408801290577308,0.8116266969673229,20,True,1.0788461419060582,-0.24769004083068202
2023-04-13,-0.0060955647901974885,0.8060039033997275,20,True,1.0788461419060582,-0.2529018994536931
2023-04-17,0.010167573477275366,0.8137380982475828,20,True,1.0788461419060582,-0.24573294871323736
2023-04-18,-0.0014870144986936723,0.8125280578973492,20,True,1.0788461419060582,-0.24685455475438778
2023-04-19,0.004900535817348068,0.8160495831753487,20,True,1.0788461419060582,-0.24359039581530317
2023-04-20,0.0144210064006855,0.827352204722891,20,True,1.0788461419060582,-0.23311381244673013
2023-04-21,-0.0014324831017792697,0.8261670366704056,20,True,1.0788461419060582,-0.23421236395138811
2023-04-24,0.00479577960470773,0.8301291516949514,20,True,1.0788461419060582,-0.23053981522488876
2023-04-25,-0.008132095611199054,0.8229193631025538,20,True,1.0788461419060582,-0.2372226852953696
2023-04-26,-0.006224941549588299,0.8173387145269161,20,True,1.0788461419060582,-0.24239547904126735
2023-04-27,0.01414385788219313,0.8284331723625137,20,True,1.0788461419060582,-0.23211184599606194
2023-04-28,0.00802689928474505,0.8343885940420678,20,True,1.0788461419060582,-0.22659166897709204
2023-05-02,0.012532778470591876,0.8439141891109668,20,True,1.0788461419060582,-0.2177622402950099
2023-05-03,-0.0033247102310056784,0.840413476620292,20,True,1.0788461419060582,-0.22100710752370478
2023-05-04,0.014269189388400726,0.8519331773248003,20,True,1.0788461419060582,-0.21032930996106447
2023-05-05,-0.006067440780530597,0.8462981460195524,20,True,1.0788461419060582,-0.21555251194174008
2023-05-08,0.01417199330834584,0.8578179735939853,20,True,1.0788461419060582,-0.20487459678130748
2023-05-09,-0.024961213574462026,0.8359471084645836,20,True,1.0788461419060582,-0.22514705666215873
2023-05-10,0.011810289855800534,0.8453499478195367,20,True,1.0788461419060582,-0.216431412243817
2023-05-11,0.012677663298844236,0.8560670098276884,20,True,1.0788461419060582,-0.20649759351669317
2023-05-12,0.017711109880371813,0.8712289067037078,20,True,1.0788461419060582,-0.19244378520512795
2023-05-15,-0.0005062552344400951,0.8703139875108856,20,True,1.0788461419060582,-0.19329183865527577
2023-05-16,0.005893946827707903,0.8754435718766852,20,True,1.0788461419060582,-0.18853714364683205
2023-05-17,-0.0010544562512935732,0.8740457092344863,20,True,1.0788461419060582,-0.18983284521900357
2023-05-18,-0.012163440406503828,0.8634143063376523,20,True,1.0788461419060582,-0.19968726512548896
2023-05-19,-0.000837459384446948,0.8626912319241441,20,True,1.0788461419060582,-0.20035749453580198
2023-05-22,0.01070664022871877,0.8712126578104245,20,True,1.0788461419060582,-0.1924588465680528
2023-05-23,0.00861490916809285,0.878239900905461,20,True,1.0788461419060582,-0.18594518088202538
2023-05-24,-0.007602257899185017,0.871563294681423,20,True,1.0788461419060582,-0.19213383556103458
2023-05-25,0.008578933850636615,0.8785621241242452,20,True,1.0788461419060582,-0.18564650695043505
2023-05-26,0.01189273050865572,0.8882859109897009,20,True,1.0788461419060582,-0.17663337107521548
2023-05-29,0.002039846390369439,0.8896181447504298,20,True,1.0788461419060582,-0.17539850197852003
2023-05-30,-0.003221028220830197,0.886032744879021,20,True,1.0788461419060582,-0.17872186731500284
2023-05-31,0.002883664259349971,0.8876225684384473,20,True,1.0788461419060582,-0.17724823405287937
2023-06-01,0.0020805834089559663,0.8889897703358962,20,True,1.0788461419060582,-0.17598095242268008
2023-06-02,0.0069816986188969265,0.894469491288048,20,True,1.0788461419060582,-0.1709017101291771
2023-06-05,0.006586663789966263,0.8998774502118027,20,True,1.0788461419060582,-0.16588898522458584
2023-06-06,0.0061738242551483795,0.9047007932940067,20,True,1.0788461419060582,-0.16141815023259865
2023-06-07,0.006961071695095961,0.9102629105755999,20,True,1.0788461419060582,-0.15626253344393737
2023-06-08,-0.0033568007003750067,0.9067242041769815,20,True,1.0788461419060582,-0.15954261784259538
2023-06-09,0.009498028008394842,0.9148479055683935,20,True,1.0788461419060582,-0.1520126271647223
2023-06-12,-0.002498040628214321,0.9125625783316468,20,True,1.0788461419060582,-0.15413093407427758
2023-06-13,0.0024917316551569648,0.9143498389896055,20,True,1.0788461419060582,-0.15247429316086514
2023-06-14,0.0008033363136296661,0.9150843694186274,20,True,1.0788461419060582,-0.15179344498382663
2023-06-15,0.0023677069381692175,0.9165131177914058,20,True,1.0788461419060582,-0.1504691149266656
2023-06-16,0.0025283020382803117,0.9183426392601793,20,True,1.0788461419060582,-0.1487733017817613
2023-06-19,-0.002573707946348147,0.915243051649238,20,True,1.0788461419060582,-0.15164635984865593
2023-06-20,0.002173173658031974,0.9167448538303302,20,True,1.0788461419060582,-0.1502543150308111
2023-06-21,0.00405860302504456,0.9197254980000269,20,True,1.0788461419060582,-0.1474915075702119
2023-06-22,-0.013324907684645771,0.9067413867718298,20,True,1.0788461419060582,-0.15952669101653483
2023-06-23,-0.02061438669959546,0.8873329504987362,20,True,1.0788461419060582,-0.17751668562207112
2023-06-26,0.0052322208852516655,0.8919756724945077,20,True,1.0788461419060582,-0.17321327124681185
2023-06-27,0.009849134916210589,0.9002763711460159,20,True,1.0788461419060582,-0.16551921893566124
2023-06-28,0.006418175016987431,0.9055693753972044,20,True,1.0788461419060582,-0.16061304738293447
2023-06-30,0.006279768438359407,0.9112561413795686,20,True,1.0788461419060582,-0.1553418916903192
2023-07-03,0.0004222724199318072,0.9111557009887681,20,True,1.0788461419060582,-0.15543499151882956
2023-07-04,-0.006331008662914727,0.9046578004719912,20,True,1.0788461419060582,-0.1614580009771539
2023-07-05,0.0015762278965851693,0.9055997549787674,20,True,1.0788461419060582,-0.16058488805568383
2023-07-06,-0.001281645019878913,0.9039562291260278,20,True,1.0788461419060582,-0.162108298845137
2023-07-07,0.0005569122452276804,0.9039763454652597,20,True,1.0788461419060582,-0.16208965268378883
2023-07-10,0.010613841535781937,0.9135710071481232,20,True,1.0788461419060582,-0.1531962050361826
2023-07-11,0.012581239028820336,0.9245730855404425,20,True,1.0788461419060582,-0.14299819999638952
2023-07-12,0.008045550259237063,0.9315191798732179,20,True,1.0788461419060582,-0.1365597524152513
2023-07-13,-0.00019900406758213132,0.9308433298699224,20,True,1.0788461419060582,-0.13718620875322496
2023-07-14,0.0070473840522238705,0.9369094975411095,20,True,1.0788461419060582,-0.13156337947705987
2023-07-17,0.007996914640286956,0.9439059033560562,20,True,1.0788461419060582,-0.1250782973664767
2023-07-18,-0.008752695777797836,0.9351545489470985,20,True,1.0788461419060582,-0.13319006981393255
2023-07-19,0.0066907167999378635,0.9409165492558135,20,True,1.0788461419060582,-0.1278491782030724
2023-07-20,0.0033135059147887174,0.9440342818070951,20,True,1.0788461419060582,-0.12495930129646049
2023-07-21,0.0070224067679041545,0.9501662137955685,20,True,1.0788461419060582,-0.11927551400716285
2023-07-24,0.013849418505880267,0.9628229311298989,20,True,1.0788461419060582,-0.10754379727509111
2023-07-25,0.003016465318042362,0.9652266210988691,20,True,1.0788461419060582,-0.10531577802785763
2023-07-26,0.0005723730350863704,0.9650150871276632,20,True,1.0788461419060582,-0.10551185229923832
2023-07-27,0.004932160518371809,0.9690074799789427,20,True,1.0788461419060582,-0.10181123856369123
2023-07-28,0.010681280976428616,0.9783162649207798,20,True,1.0788461419060582,-0.09318277470749126
2023-07-31,0.013248527023118212,0.9899547770881229,20,True,1.0788461419060582,-0.08239484887148596
2023-08-01,0.006115651720503661,0.9954993567172277,20,True,1.0788461419060582,-0.07725548801757509
2023-08-02,-0.015023299547625109,0.9805436716817966,20,True,1.0788461419060582,-0.09111815522701427
2023-08-03,0.009205437867844652,0.9895700055281715,20,True,1.0788461419060582,-0.0827514998757446
2023-08-04,0.007699433687612634,0.9961337624128507,20,True,1.0788461419060582,-0.07666744708107764
2023-08-07,0.0031569552118652752,0.9987686778172197,20,True,1.0788461419060582,-0.0742251012246854
2023-08-08,-0.0011267065727951341,0.9971349821240212,20,True,1.0788461419060582,-0.07573940027970372
2023-08-09,0.007156625547375251,1.0042711038112715,20,True,1.0788461419060582,-0.06912481325931319
2023-08-10,0.005182751928735059,1.0094759918115224,20,True,1.0788461419060582,-0.06430031808982117
2023-08-11,-0.0013685523283726792,1.0080944710924924,20,True,1.0788461419060582,-0.06558087206815688
2023-08-14,-0.0018820332720194625,1.005686667904905,20,True,1.0788461419060582,-0.06781270392448935
2023-08-16,0.009776700513995906,1.0150031304444587,20,True,1.0788461419060582,-0.0591771235783487
2023-08-17,-0.0005403133178135896,1.01394160157354,20,True,1.0788461419060582,-0.06016107191878872
2023-08-18,-0.005504235189471595,1.0078503562835217,20,True,1.0788461419060582,-0.06580714604689064
2023-08-21,0.01238390191519208,1.0203314762409283,20,True,1.0788461419060582,-0.05423819337366187
2023-08-22,0.010643732335283868,1.03067128880329,20,True,1.0788461419060582,-0.04465405328108685
2023-08-23,-0.0007065292500333387,1.0294257866923797,20,True,1.0788461419060582,-0.04580852940379876
2023-08-24,0.0036001913616469866,1.0331319165170862,20,True,1.0788461419060582,-0.04237325751400112
2023-08-25,-0.006819255269249187,1.0252915045007809,20,True,1.0788461419060582,-0.04964066267193512
2023-08-28,0.0053483313533372375,1.03025614417725,20,True,1.0788461419060582,-0.045038857573297286
2023-08-29,0.004048989125138051,1.0336252945280495,20,True,1.0788461419060582,-0.04191593742747646
2023-08-30,0.008544448159219637,1.0416492571134963,20,True,1.0788461419060582,-0.034478396267742184
2023-08-31,0.002191814425126842,1.0434105491967267,20,True,1.0788461419060582,-0.032845826047748994
2023-09-01,0.013612566873775388,1.0570858009737198,20,True,1.0788461419060582,-0.020170013208642645
2023-09-04,0.01808038524001884,1.0753698317873246,20,True,1.0788461419060582,-0.0032222482740604796
2023-09-05,-0.0021587631634820245,1.0722263734271444,20,True,1.0788461419060582,-0.006135970850503547
2023-09-06,0.003752472928474217,1.0754247393759557,20,True,1.0788461419060582,-0.0031713535389371605
2023-09-07,0.012207576936945498,1.0885530696217822,20,True,1.0885530696217822,0.0
2023-09-08,0.009821886695544386,1.0992447145336943,20,True,1.0992447145336943,0.0
2023-09-11,0.015196293635929465,1.114794652482641,20,True,1.114794652482641,0.0
2023-09-12,-0.049723661286117604,1.0588492060677723,20,True,1.114794652482641,-0.05018453065798134
2023-09-13,0.005420449077310242,1.064588644269813,20,True,1.114794652482641,-0.04503610427357152
2023-09-14,0.013997909532589461,1.0789563461788232,20,True,1.114794652482641,-0.032147899367839794
2023-09-15,0.009768475845224856,1.0889600553558236,20,True,1.114794652482641,-0.0231743102366736
2023-09-18,-0.016674235615445936,1.0708024788170116,20,True,1.114794652482641,-0.03946213194300774
2023-09-20,-0.003088948009568326,1.066967822805244,20,True,1.114794652482641,-0.042901918816068085
2023-09-21,-0.010491732776009031,1.054962900508742,20,True,1.114794652482641,-0.05367064852764958
2023-09-22,0.0024780253567254556,1.0570515190673202,20,True,1.114794652482641,-0.05179710297921436
2023-09-25,-0.008213443200447729,1.0478489197052858,20,True,1.114794652482641,-0.0600520756251095
2023-09-26,0.0015197628878717228,1.0486314468161975,20,True,1.114794652482641,-0.059350128312060435
2023-09-27,0.006713595907684167,1.0551454495243022,20,True,1.114794652482641,-0.05350689727969227
2023-09-28,-0.0025314178788000356,1.0516637789841388,20,True,1.114794652482641,-0.05663004693995455
2023-09-29,0.002212606783027293,1.053990697394983,20,True,1.114794652482641,-0.05454274018290994
2023-10-03,-0.0021955323854868924,1.0516766266848505,20,True,1.114794652482641,-0.056618522215932
2023-10-04,-0.01320953883208434,1.0372679685170347,20,True,1.114794652482641,-0.06954346595846583
2023-10-05,0.005826057817148756,1.0425035312264053,20,True,1.114794652482641,-0.06484702908759377
2023-10-06,-0.025789850664007026,1.0156175208393763,20,True,1.114794652482641,-0.08896448455542727
2023-10-09,-0.0306580820860843,0.9839828256560393,20,True,1.114794652482641,-0.11734163465467351
2023-10-10,0.01922835401599093,1.0029031957734087,20,True,1.114794652482641,-0.10036956713063772
2023-10-11,0.006319105305315849,1.0092406466785386,20,True,1.114794652482641,-0.09468470768946935
2023-10-12,0.002835179046735071,1.0115887617921209,20,True,1.114794652482641,-0.09257838693492237
2023-10-13,0.005798750853898715,1.0174547129883573,20,True,1.114794652482641,-0.08731647508131501
2023-10-16,0.01145237659354657,1.0283058028798298,20,True,1.114794652482641,-0.07758276325617564
2023-10-17,0.0224095147315409,1.050821028715103,20,True,1.114794652482641,-0.057386016003099116
2023-10-18,-0.011212467921901965,1.0385214226269743,20,True,1.114794652482641,-0.06841908479360459
2023-10-19,0.005383632552893864,1.0441124403647064,20,True,1.114794652482641,-0.06340379545284491
2023-10-20,-0.0068921941599111355,1.0363984661593386,20,True,1.114794652482641,-0.07032343234578187
2023-10-23,-0.05832720990388746,0.9751925737415212,20,True,1.114794652482641,-0.125226720840674
2023-10-25,-0.012813518290525095,0.9619377658970972,20,True,1.114794652482641,-0.13711663062352553
2023-10-26,0.004093880427111141,0.965110936479597,20,True,1.114794652482641,-0.13427021350497093
2023-10-27,0.024935055893196133,0.9891760316238507,20,True,1.114794652482641,-0.11268319289031259
2023-10-30,0.0032919446595553736,0.9919243492169366,20,True,1.114794652482641,-0.11021788003025768
2023-10-31,0.0027704327151839027,0.9946724088849946,20,True,1.114794652482641,-0.10775279853570785
2023-11-01,-0.009302613813190927,0.9849162493031803,20,True,1.114794652482641,-0.11650432919661247
2023-11-02,0.006649627780806771,0.9909570523862361,20,True,1.114794652482641,-0.1110855706211179
2023-11-03,0.010028867338810794,1.0003833313364185,20,True,1.114794652482641,-0.10262995152643517
2023-11-06,0.005736233580406386,1.005334491254206,20,True,1.114794652482641,-0.09818863140818623
2023-11-07,0.003737100945434762,1.0085788747852427,20,True,1.114794652482641,-0.09527833440971079
2023-11-08,0.008913346877000428,1.0175686881490182,20,True,1.114794652482641,-0.08721423637716708
2023-11-09,-0.002623406037750076,1.0141090951392697,20,True,1.114794652482641,-0.09031758191443173
2023-11-10,0.003314914779500872,1.016677876193542,20,True,1.114794652482641,-0.08801331803179502
2023-11-13,0.017855898900747725,1.0343085541779944,20,True,1.114794652482641,-0.07219813812831322
2023-11-15,0.0024260280662551097,1.0360145468003248,20,True,1.114794652482641,-0.07066781806575184
2023-11-16,-0.006556723790337416,1.0292216855741834,20,True,1.114794652482641,-0.0767611924921664
2023-11-17,0.012824789896363159,1.042421237448453,20,True,1.114794652482641,-0.06492084876170956
2023-11-20,-2.6511757280639134e-05,1.0423936010296215,20,True,1.114794652482641,-0.06494563935320541
2023-11-21,-0.00118331618445261,1.0406398641726062,20,True,1.114794652482641,-0.0665187872447115
2023-11-22,-0.011971346937533933,1.0281820033215676,20,True,1.114794652482641,-0.0776938147022751
2023-11-23,0.010080754858042112,1.0377408335264091,20,True,1.114794652482641,-0.06911929366061598
2023-11-24,-0.002914402916788012,1.0339155785523386,20,True,1.114794652482641,-0.07255064755664664
2023-11-28,-0.0006111719967574424,1.0324830577870627,20,True,1.114794652482641,-0.07383565620114063
2023-11-29,-0.004372264645412166,1.0279687686165133,20,True,1.114794652482641,-0.0778850918173738
2023-11-30,-0.004002590463399053,1.0233393698011135,20,True,1.114794652482641,-0.08203778379978521
2023-12-01,0.009932786037585494,1.032418308920781,20,True,1.114794652482641,-0.07389373762998275
2023-12-04,0.01104592157168992,1.0427279264201044,20,True,1.114794652482641,-0.064645740721885
2023-12-05,-0.0018198102946787036,1.0400258993164206,20,True,1.114794652482641,-0.06706952980058778
2023-12-06,0.007464765293131914,1.0466926470499274,20,True,1.114794652482641,-0.061089282480007334
2023-12-07,-0.0005384691526421634,1.0453213767499026,20,True,1.114794652482641,-0.062319347853007745
2023-12-08,-0.004816774028241367,1.0391985483562791,20,True,1.114794652482641,-0.06781168528034276
2023-12-11,0.01563627209887016,1.0540542914103144,20,True,1.114794652482641,-0.05448569468561615
2023-12-12,-0.006606054354193636,1.0465705547265576,20,True,1.114794652482641,-0.061198802491695514
2023-12-13,0.0010505553497314746,1.0465748451738577,20,True,1.114794652482641,-0.06119495384809959
2023-12-14,0.0126993577964735,1.0590473827962297,20,True,1.114794652482641,-0.050006760942261974
2023-12-15,-0.005786558976306577,1.0518212628389312,20,True,1.114794652482641,-0.0564887797976682
2023-12-18,0.0036086816345113626,1.054514641995179,20,True,1.114794652482641,-0.05407274815430707
2023-12-19,0.005131473398349135,1.059109318158212,20,True,1.114794652482641,-0.049951203300462654
2023-12-20,-0.04454649427009871,1.0111511307025802,20,True,1.114794652482641,-0.09297095348389706
2023-12-21,0.02373219368338413,1.0337747969383924,20,True,1.114794652482641,-0.07267693235145867
2023-12-22,0.018593690112611524,1.0510294793361759,20,True,1.114794652482641,-0.05719903033662799
2023-12-26,0.005334882177195833,1.055533045505259,20,True,1.114794652482641,-0.05315921353354802
2023-12-27,0.005509677073595403,1.060531287116499,20,True,1.114794652482641,-0.048675659903192
2023-12-28,-0.002644569167179329,1.0572022005867905,20,True,1.114794652482641,-0.0516619377098666
2023-12-29,0.010733120612609347,1.0677267063296054,20,True,1.114794652482641,-0.042221180419385385
2024-01-01,0.007655138059260842,1.0747804083029244,20,True,1.114794652482641,-0.035893825011274694
2024-01-02,0.0025308952888498533,1.0766750351827585,20,True,1.114794652482641,-0.03419429507935867
2024-01-03,0.004700170300766571,1.0809072347155648,20,True,1.114794652482641,-0.030397901256172366
2024-01-04,0.012601359691871754,1.093990041999005,20,True,1.114794652482641,-0.018662280481256732
2024-01-05,0.006897479537730116,1.1006961186077906,20,True,1.114794652482641,-0.012646754129518989
2024-01-08,0.010422849371567068,1.1113221676077178,20,True,1.114794652482641,-0.0031149098779672535
2024-01-09,0.005321742685285896,1.116693756796084,20,True,1.116693756796084,0.0
2024-01-10,0.0015122162364886492,1.1178404436326255,20,True,1.1178404436326255,0.0
2024-01-11,0.01506047451019269,1.134126005444565,20,True,1.134126005444565,0.0
2024-01-12,0.0015054127161277847,1.1349761622722156,20,True,1.1349761622722156,0.0
2024-01-15,0.004819251550947317,1.1398970922053357,20,True,1.1398970922053357,0.0
2024-01-16,0.0027734497543916597,1.1418847379218418,20,True,1.1418847379218418,0.0
2024-01-17,0.003457113892782426,1.1452824072327608,20,True,1.1452824072327608,0.0
2024-01-18,-0.0008478692981135354,1.143450108076444,20,True,1.1452824072327608,-0.0015998666745818957
2024-01-19,0.013972450835134438,1.1588707553896889,20,True,1.1588707553896889,0.0
2024-01-23,-0.03174706848355495,1.1220800061547433,20,True,1.1588707553896889,-0.03174706848355491
2024-01-24,0.017302968693039662,1.1409432827247186,20,True,1.1588707553896889,-0.015469777437728038
2024-01-25,0.018010334275189447,1.1614920526356227,20,True,1.1614920526356227,0.0
2024-01-29,0.014550548604408301,1.1778309266550957,20,True,1.1778309266550957,0.0
2024-01-30,0.007921000817797992,1.1862737873792077,20,True,1.1862737873792077,0.0
2024-01-31,0.009092011384961664,1.196494116390452,20,True,1.196494116390452,0.0
2024-02-01,0.00513675086765641,1.2026402085809662,20,True,1.2026402085809662,0.0
2024-02-02,0.017366955478542397,1.2226175626841609,20,True,1.2226175626841609,0.0
2024-02-05,0.0053245876648165555,1.2255312021863556,20,True,1.2255312021863556,0.0
2024-02-06,0.007718330060029656,1.2337399168540957,20,True,1.2337399168540957,0.0
2024-02-07,0.015325703015701861,1.2517235683105825,20,True,1.2517235683105825,0.0
2024-02-08,0.009012189914354131,1.2617307262248223,20,True,1.2617307262248223,0.0
2024-02-09,-0.01652135684334801,1.2403140046415475,20,True,1.2617307262248223,-0.01697408261377209
2024-02-12,-0.04463829961931378,1.1840753705014602,20,True,1.2617307262248223,-0.06154669463880924
2024-02-13,0.12793368513044123,1.3349273137988193,20,True,1.3349273137988193,0.0
2024-02-14,0.02080171242836262,1.3620827723809414,20,True,1.3620827723809414,0.0
2024-02-15,0.024982180029534805,1.3947240595266504,20,True,1.3947240595266504,0.0
2024-02-16,0.0003116873362377376,1.393397592116574,20,True,1.3947240595266504,-0.0009510608216843908
2024-02-19,0.011276848431767338,1.4084869734344403,20,True,1.4084869734344403,0.0
2024-02-20,0.00716630064103923,1.4175675657095954,20,True,1.4175675657095954,0.0
2024-02-21,-0.01008957714013633,1.401880809899026,20,True,1.4175675657095954,-0.011065966935210558
2024-02-22,-0.002772804082026953,1.3973762707915443,20,True,1.4175675657095954,-0.014243620837884996
2024-02-23,0.01737423214710739,1.4210259913277974,20,True,1.4210259913277974,0.0
2024-02-26,-0.0007508075299254237,1.4199590743132888,20,True,1.4210259913277974,-0.0007508075299254013
2024-02-27,-0.006207705996263231,1.4097529111645708,20,True,1.4210259913277974,-0.007933056982788234
2024-02-28,-0.01759812508963959,1.3843335699124575,20,True,1.4210259913277974,-0.025821076911517138
2024-02-29,0.01280573831953688,1.4014387970027413,20,True,1.4210259913277974,-0.013783839595188474
2024-03-01,0.01334163230035926,1.419509025567629,20,True,1.4210259913277974,-0.001067514436348116
2024-03-04,-0.024044046743823527,1.3843907485107767,20,True,1.4210259913277974,-0.02578083936578035
2024-03-05,-0.012166305756048837,1.3658197697364194,20,True,1.4210259913277974,-0.03884955090778719
2024-03-06,-0.02977700260210101,1.3241964874618228,20,True,1.4210259913277974,-0.06814055791864704
2024-03-07,0.02011363335801406,1.3498518158651966,20,True,1.4210259913277974,-0.0500864698442961
2024-03-11,-0.028892274716331167,1.3102641070571366,20,True,1.4210259913277974,-0.07794500941335047
2024-03-12,-0.03094840111968541,1.2687908408437283,20,True,1.4210259913277974,-0.10713044758725465
2024-03-13,-0.05069526463130422,1.2035867874101431,20,True,1.4210259913277974,-0.15301564168751092
2024-03-14,0.022531622660309367,1.2301278981906323,20,True,1.4210259913277974,-0.13433821358805065
2024-03-15,0.01396493305682224,1.2463855123814402,20,True,1.4210259913277974,-0.12289745579049838
2024-03-18,-0.042220563663608386,1.1925576604622374,20,True,1.4210259913277974,-0.1607770246708019
2024-03-19,0.19325064137720238,1.4215719098772936,20,True,1.4215719098772936,0.0
2024-03-20,-0.00221925069889879,1.4170187068690074,20,True,1.4215719098772936,-0.003202935410196228
2024-03-21,0.041457738163367334,1.4757650973909762,20,True,1.4757650973909762,0.0
2024-03-22,0.02368459431267927,1.5096506880946852,20,True,1.5096506880946852,0.0
2024-03-26,0.019557704256363922,1.5385147382994389,20,True,1.5385147382994389,0.0
2024-03-27,0.013318805075828331,1.558340717852722,20,True,1.558340717852722,0.0
2024-03-28,0.008170135992120716,1.5704052925198095,20,True,1.5704052925198095,0.0
2024-04-01,0.021243814008002206,1.6022108140553404,20,True,1.6022108140553404,0.0
2024-04-02,0.01345718003381143,1.6230891227188116,20,True,1.6230891227188116,0.0
2024-04-03,0.020003777217063288,1.6555570359331175,20,True,1.6555570359331175,0.0
2024-04-04,-0.03342690246677648,1.599551463600044,20,True,1.6555570359331175,-0.03382883894513922
2024-04-05,0.011021230947225387,1.6171804896923523,20,True,1.6555570359331175,-0.023180443444604792
2024-04-08,0.007802295559342593,1.6297982098457344,20,True,1.6555570359331175,-0.015559008556213616
2024-04-09,0.0042461704596528,1.636034315826373,20,True,1.6555570359331175,-0.01179223649986838
2024-04-10,-0.0003845730158868301,1.6347222979510998,20,True,1.6555570359331175,-0.012584729809852035
2024-04-12,-0.004176994909034864,1.6267692943850525,20,True,1.6555570359331175,-0.01738855317167587
2024-04-15,-0.013376318491032718,1.6038990126797064,20,True,1.6555570359331175,-0.03120280493646377
2024-04-16,0.007118276869684193,1.614195442215204,20,True,1.6555570359331175,-0.024983490644042372
2024-04-18,-0.005158340213180063,1.605195228198822,20,True,1.6555570359331175,-0.03041985666528868
2024-04-19,0.00790052897154266,1.6167549674520334,20,True,1.6555570359331175,-0.023437470071343225
2024-04-22,0.02890000421669885,1.6623271599476048,20,True,1.6623271599476048,0.0
2024-04-23,0.028687106727173006,1.7100145166005,20,True,1.7100145166005,0.0
2024-04-24,0.008701199203687521,1.7241842500797333,20,True,1.7241842500797333,0.0
2024-04-25,0.004679581934059107,1.73154220605863,20,True,1.73154220605863,0.0
2024-04-26,-0.007721730869130394,1.7181717031549049,20,True,1.73154220605863,-0.0077217308691305275
2024-04-29,-0.0039038507399874085,1.711464217280118,20,True,1.73154220605863,-0.011595437124350516
2024-04-30,-0.007080837553559095,1.6993456171788281,20,True,1.73154220605863,-0.018594169271269667
2024-05-02,0.006303049944397487,1.7088845194905453,20,True,1.73154220605863,-0.013085263812112724
2024-05-03,-0.006193297916619342,1.6983008885562414,20,True,1.73154220605863,-0.019197520791626066
2024-05-06,-0.056072795202873706,1.6030724106393688,20,True,1.73154220605863,-0.07419385734274808
2024-05-07,-0.03085492356493253,1.5529564352908067,20,True,1.73154220605863,-0.10313682805013669
2024-05-08,0.016598829134217227,1.5780623300416654,20,True,1.73154220605863,-0.0886376754086281
2024-05-09,-0.028912616054093763,1.5317884491287392,20,True,1.73154220605863,-0.11536176030301581
2024-05-10,0.0034058443395911906,1.536348635673395,20,True,1.73154220605863,-0.11272816204090019
2024-05-13,-0.0015041073898468928,1.5333829256379772,20,True,1.73154220605863,-0.11444091846407078
2024-05-14,0.031353371407530514,1.5807840592053202,20,True,1.73154220605863,-0.08706582278260977
2024-05-15,0.010395638035507223,1.5961058691847814,20,True,1.73154220605863,-0.0782171733382876
2024-05-16,0.006644109569958491,1.6060339113071227,20,True,1.73154220605863,-0.0724835319129713
2024-05-17,0.004559695188653795,1.6126789518081948,20,True,1.73154220605863,-0.0686458891007885
2024-05-21,0.012533438143249545,1.6317599117994506,20,True,1.73154220605863,-0.057626255894914546
2024-05-22,-0.005838645965718343,1.6222326433734018,20,True,1.73154220605863,-0.06312844255413264
2024-05-23,0.003829691541263203,1.6273183262944948,20,True,1.73154220605863,-0.06019135970203793
2024-05-24,-0.021396386462631967,1.5918334355534007,20,True,1.73154220605863,-0.08068458858027905
2024-05-27,0.007789113407437762,1.6035561535787206,20,True,1.73154220605863,-0.07391448619160934
2024-05-28,-0.017241852971581997,1.5752452690346848,20,True,1.73154220605863,-0.09026458406677329
2024-05-29,0.004266529356905741,1.581966099219348,20,True,1.73154220605863,-0.08638317120767736
2024-05-30,-0.007940896902501188,1.5694038695221952,20,True,1.73154220605863,-0.09363810825350727
2024-05-31,0.016645867079758955,1.595527957728721,20,True,1.73154220605863,-0.07855092867733637
2024-06-03,0.027965611474372085,1.6401478726910605,20,True,1.73154220605863,-0.05278204195530589
2024-06-04,-0.07223489997104147,1.5216719551695053,20,True,1.73154220605863,-0.12120423640543854
2024-06-05,0.019687082214322922,1.5516292360541568,20,True,1.73154220605863,-0.10390331195795377
2024-06-06,0.025342015846489672,1.5902738828510057,20,True,1.73154220605863,-0.08158526122743615
2024-06-07,0.029117692597035946,1.634994352800913,20,True,1.73154220605863,-0.055758302003784954
2024-06-10,0.022534286253927435,1.6711395749496718,20,True,1.73154220605863,-0.03488371862817474
2024-06-11,0.0239271116201089,1.7104158440704587,20,True,1.73154220605863,-0.012200893466096652
2024-06-12,0.021384295542775305,1.7462734061651028,20,True,1.7462734061651028,0.0
2024-06-13,0.008415852735842217,1.760250550753339,20,True,1.760250550753339,0.0
2024-06-14,0.0017694133108923599,1.7633651615083474,20,True,1.7633651615083474,0.0
2024-06-18,0.011551373857785114,1.783734451736724,20,True,1.783734451736724,0.0
2024-06-19,0.0033216722257211288,1.788933559424825,20,True,1.788933559424825,0.0
2024-06-20,0.016710241883381743,1.818090067596322,20,True,1.818090067596322,0.0
2024-06-21,-0.029034046212119344,1.7641095416830845,20,True,1.818090067596322,-0.02969078753320764
2024-06-24,0.004055123598763788,1.7705422047572823,20,True,1.818090067596322,-0.026152644297706473
2024-06-25,-0.004161947630540913,1.76317330082342,20,True,1.818090067596322,-0.03020574599228021
2024-06-26,-0.0050492467104370775,1.753556377158583,20,True,1.818090067596322,-0.03549532093481955
2024-06-27,-0.011125861298796913,1.732865395150636,20,True,1.818090067596322,-0.04687593533710932
2024-06-28,0.00452308467032211,1.7399905140710374,20,True,1.818090067596322,-0.04295692216642444
2024-07-01,0.00469915282033508,1.7474521361377526,20,True,1.818090067596322,-0.03885282292530157
2024-07-02,0.0068470235631527205,1.7586985414586747,20,True,1.818090067596322,-0.032666987844099715
2024-07-03,0.0033495132965285605,1.7638702968584643,20,True,1.818090067596322,-0.029822378827216833
2024-07-04,0.004976834069795133,1.7719271713083617,20,True,1.818090067596322,-0.02539087425354669
2024-07-05,0.006976292749584117,1.7825881421128364,20,True,1.818090067596322,-0.019527044405683536
2024-07-08,-0.0068232003948293886,1.7677716306452937,20,True,1.818090067596322,-0.02767653695922434
2024-07-09,-0.00446060269769526,1.7591704034506064,20,True,1.818090067596322,-0.032407450651558034
2024-07-10,-0.008077821733748748,1.7442491710237717,20,True,1.818090067596322,-0.04061454263933939
2024-07-11,0.008784079102629572,1.7588518539063125,20,True,1.818090067596322,-0.032582661742565855
2024-07-12,-1.4278634381853744e-05,1.7581100798455445,20,True,1.818090067596322,-0.03299065806463397
2024-07-15,0.008889184241849186,1.773015407875946,20,True,1.818090067596322,-0.024792313936332633
2024-07-16,-0.011571396289369835,1.751786940631722,20,True,1.818090067596322,-0.036468560136989736
2024-07-18,-0.011738665621894085,1.730516950036817,20,True,1.818090067596322,-0.04816764533304152
2024-07-19,-0.02140653138809589,1.693472584628222,20,True,1.818090067596322,-0.06854307450942498
2024-07-22,0.004250774296581156,1.699969380882831,20,True,1.818090067596322,-0.06496965624462014
2024-07-23,-0.005939515795148837,1.6882523301971346,20,True,1.818090067596322,-0.07141435933965834
2024-07-24,0.02925733916584268,1.7364534463922405,20,True,1.818090067596322,-0.04490240756444619
2024-07-25,-0.004726868134450868,1.7270659635102903,20,True,1.818090067596322,-0.05006578370805015
2024-07-26,0.016234761329162115,1.7543849896424528,20,True,1.818090067596322,-0.03503956106976214
2024-07-29,0.011269295027118,1.773432159511701,20,True,1.818090067596322,-0.024563088969328573
2024-07-30,0.0023910431271383812,1.7764643205594453,20,True,1.818090067596322,-0.022895316232550478
2024-07-31,0.008659109225107386,1.791119188202014,20,True,1.818090067596322,-0.014834732269323636
2024-08-01,-0.005772862374852394,1.780058003262003,20,True,1.818090067596322,-0.02091869100005639
2024-08-02,-0.002717625260390421,1.774499970414758,20,True,1.818090067596322,-0.023975763334538325
2024-08-05,-0.03661975695652443,1.7088236669633468,20,True,1.818090067596322,-0.0600995531411902
2024-08-06,-0.012371511958208249,1.6876829345330404,20,True,1.818090067596322,-0.07172754275902926
2024-08-07,0.03878652174404829,1.7524180218073775,20,True,1.818090067596322,-0.03612144797411987
2024-08-08,0.2739894600182915,2.23165129895997,20,True,2.23165129895997,0.0
2024-08-09,0.009029544391849898,2.2503331886833298,20,True,2.2503331886833298,0.0
2024-08-12,0.0180958526859577,2.2910548865600644,20,True,2.2910548865600644,0.0
2024-08-13,-0.005125227514226445,2.278455013407835,20,True,2.2910548865600644,-0.005499594630466342
2024-08-14,-0.012247882300026668,2.25054876457771,20,True,2.2910548865600644,-0.017680118542761303
2024-08-16,0.017319340690400455,2.288035304941632,20,True,2.2910548865600644,-0.0013179874633932886
2024-08-19,0.013586972212474891,2.318249785810695,20,True,2.318249785810695,0.0
2024-08-20,0.012763766467610583,2.346317107295044,20,True,2.346317107295044,0.0
2024-08-21,0.0066760597237497405,2.3610981875285755,20,True,2.3610981875285755,0.0
2024-08-22,0.010026578437873286,2.3838818316989894,20,True,2.3838818316989894,0.0
2024-08-23,-0.008124568776552477,2.3636335477308443,20,True,2.3838818316989894,-0.008493828720408603
2024-08-26,-0.00010590928235309572,2.3633832169980584,20,True,2.3838818316989894,-0.008598838427457456
2024-08-27,0.00960337303565847,2.386079667657105,20,True,2.386079667657105,0.0
2024-08-28,0.005467833517234488,2.3982334150255618,20,True,2.3982334150255618,0.0
2024-08-29,-0.004274641618744013,2.3870942325169797,20,True,2.3982334150255618,-0.004644744935498046
2024-08-30,0.0010628457002046009,2.3887420407787086,20,True,2.3982334150255618,-0.003957652406720413
2024-09-02,-0.010184585205058817,2.363533935387075,20,True,2.3982334150255618,-0.01446876664343244
2024-09-03,0.0031165413674254907,2.370015316444143,20,True,2.3982334150255618,-0.01176620190704758
2024-09-04,0.0008824960408131011,2.3705741082280194,20,True,2.3982334150255618,-0.011533200490098094
2024-09-05,-0.0001909592396203254,2.3692377483133735,20,True,2.3982334150255618,-0.012090427283067084
2024-09-06,-0.0027637172894843425,2.3611631152186363,20,True,2.3982334150255618,-0.015457336043552039
2024-09-09,-0.0031722373335483665,2.3527944672759182,20,True,2.3982334150255618,-0.018946841231114786
2024-09-10,0.001983470519802982,2.3565804355667477,20,True,2.3982334150255618,-0.01736819243608534
2024-09-11,-0.011322844605157513,2.3290271844570998,20,True,2.3982334150255618,-0.028857170505117158
2024-09-12,0.0074723284275740945,2.345551429498669,20,True,2.3982334150255618,-0.021966996705502617
2024-09-13,0.002124887901332961,2.3496565925047683,20,True,2.3982334150255618,-0.020255252143701608
2024-09-16,0.0014146043416556175,2.352101055525157,20,True,2.3982334150255618,-0.019235975619125822
2024-09-17,-0.005302401776301936,2.338115744355664,20,True,2.3982334150255618,-0.02506748104385703
2024-09-18,0.006045544017060833,2.350727822881832,20,True,2.3982334150255618,-0.01980857736619579
2024-09-19,-0.022825473063522103,2.296212976733299,20,True,2.3982334150255618,-0.04253982854757932
2024-09-20,0.029036789260509954,2.3619990312999426,20,True,2.3982334150255618,-0.015108781113048142
2024-09-23,0.008715662144817355,2.381696231755611,20,True,2.3982334150255618,-0.0068955686991687415
2024-09-24,0.010060575603447296,2.4047616589950676,20,True,2.4047616589950676,0.0
2024-09-25,-0.0008138735140009398,2.401912025459272,20,True,2.4047616589950676,-0.0011849962449029805
2024-09-26,0.003166874560697835,2.4079648548506603,20,True,2.4079648548506603,0.0
2024-09-27,0.008664597700293526,2.427927090842597,20,True,2.427927090842597,0.0
2024-09-30,-0.010595620466019518,2.40065521932767,20,True,2.427927090842597,-0.011232574329677503
2024-10-01,0.003340118253953728,2.4077786456173222,20,True,2.427927090842597,-0.00829862037507989
2024-10-03,-0.029161866302282985,2.3360565603361505,20,True,2.427927090842597,-0.03783908126934876
2024-10-04,-0.0026844840936421028,2.328913388516923,20,True,2.427927090842597,-0.040781167893848
2024-10-07,-0.04315082841314844,2.227584033531199,20,True,2.427927090842597,-0.08251609287075845
2024-10-08,0.03694771505813159,2.3098881736701533,20,True,2.427927090842597,-0.04861715889972584
2024-10-09,0.013054665132648809,2.3391644074456552,20,True,2.427927090842597,-0.03655903990351583
2024-10-10,0.015168387219373471,2.3731082624267072,20,True,2.427927090842597,-0.02257844917281482
2024-10-11,0.00410941406515285,2.3819721737508277,20,True,2.427927090842597,-0.01892763471567871
2024-10-14,0.012428404578434806,2.410678303515327,20,True,2.427927090842597,-0.007104326728890276
2024-10-15,0.0013420542209039836,2.4130175580350497,20,True,2.427927090842597,-0.0061408486538914175
2024-10-16,0.008145163529946809,2.431769242219313,20,True,2.431769242219313,0.0
2024-10-17,-0.015072310169083142,2.394229866141368,20,True,2.431769242219313,-0.015437063445907118
2024-10-18,-0.0007151331502886658,2.3916279992243132,20,True,2.431769242219313,-0.01650701156100065
2024-10-21,-0.019599533272631857,2.3425994646793864,20,True,2.431769242219313,-0.03666868385034239
2024-10-22,-0.04333588361798741,2.2396301603494906,20,True,2.431769242219313,-0.07901205366610775
2024-10-23,-0.0061774054062588455,2.224952235238368,20,True,2.431769242219313,-0.08504795742551507
2024-10-24,-0.00880162192948842,2.2053690468526295,20,True,2.431769242219313,-0.09310101938786897
2024-10-25,-0.037950401581917856,2.120287712662299,20,True,2.431769242219313,-0.12808844036235345
2024-10-28,0.025880773493992672,2.174325848531909,20,True,2.431769242219313,-0.10586670364020767
2024-10-29,0.014029068284742947,2.203987753526215,20,True,2.431769242219313,-0.09366903928977133
2024-10-30,0.015097611455008637,2.235800314303633,20,True,2.431769242219313,-0.08058697532370807
2024-10-31,0.01101216080976547,2.259564965631871,20,True,2.431769242219313,-0.07081439866814121
2024-11-01,0.015612612129461152,2.2939758431513684,20,True,2.431769242219313,-0.05666384650140155
2024-11-04,-0.015331410155069121,2.257956275878263,20,True,2.431769242219313,-0.07147592926310009
2024-11-05,0.012768244699594967,2.285922453197227,20,True,2.431769242219313,-0.0599755875228446
2024-11-06,0.02213425792026599,2.3350013485895986,20,True,2.431769242219313,-0.03979320568320077
2024-11-07,-0.0031885950796045233,2.324140280321326,20,True,2.431769242219313,-0.04425952924701082
2024-11-08,-0.019166360613842918,2.278740510549937,20,True,2.431769242219313,-0.06292896916884971
2024-11-11,-0.009591378708372036,2.2554169593581768,20,True,2.431769242219313,-0.07252015520197608
2024-11-12,-0.01912810811456815,2.2114390294517925,20,True,2.431769242219313,-0.09060490154338818
2024-11-13,-0.03381997691585304,2.1352523602433338,20,True,2.431769242219313,-0.12193462966303836
2024-11-14,-0.00184156391899361,2.129919669522193,20,True,2.431769242219313,-0.12412755596071368
2024-11-18,0.00043668655058730116,2.129449009208796,20,True,2.431769242219313,-0.12432110241455707
2024-11-19,0.015061749664541487,2.161522237108905,20,True,2.431769242219313,-0.1111318460726034
2024-11-21,-0.022314367790269504,2.1119034346996677,20,True,2.431769242219313,-0.13153625021908955
2024-11-22,0.021946858341751536,2.157422079539331,20,True,2.431769242219313,-0.11281792610782582
2024-11-25,-0.014031315973108124,2.1263365987124274,20,True,2.431769242219313,-0.1256009979088878
2024-11-26,0.007538191250626969,2.1415420723348944,20,True,2.431769242219313,-0.11934815394718445
2024-11-27,0.011557100863261746,2.1654613444253408,20,True,2.431769242219313,-0.10951199364250985
2024-11-28,-0.0005631522826703257,2.1628230770968746,20,True,2.431769242219313,-0.11059691045232123
2024-11-29,0.00328366776737914,2.169095283565569,20,True,2.431769242219313,-0.10801763345522841
2024-12-02,0.008439353916864902,2.1874010463429814,20,True,2.431769242219313,-0.10048987857635427
2024-12-03,0.011387354347681629,2.210861881404115,20,True,2.431769242219313,-0.09084223822717274
2024-12-04,0.010425244469377266,2.232451201845336,20,True,2.431769242219313,-0.08196420816313665
2024-12-05,0.0036762188449923246,2.239808972028516,20,True,2.431769242219313,-0.07893852215007369
2024-12-06,0.00339173447207703,2.2465548234375063,20,True,2.431769242219313,-0.0761644713512265
2024-12-09,0.009390485386334402,2.2676510636765954,20,True,2.431769242219313,-0.06748920732007369
2024-12-10,0.005004832801383347,2.278140277180033,20,True,2.431769242219313,-0.06317579907338289
2024-12-11,0.00791630457737161,2.295309347910696,20,True,2.431769242219313,-0.05611547836836672
2024-12-12,-0.010479421758392816,2.269780899671231,20,True,2.431769242219313,-0.06661336928509143
2024-12-13,-0.0020556853201425794,2.2642604044288324,20,True,2.431769242219313,-0.06888352516442175
2024-12-16,-0.03402330621040733,2.186397070609749,20,True,2.431769242219313,-0.10090273671922478
2024-12-17,0.005465266608356434,2.196907467409495,20,True,2.431769242219313,-0.09658061740902502
2024-12-18,-0.020227493231583765,2.151650069519721,20,True,2.431769242219313,-0.11519151070598543
2024-12-19,0.0006598556174227941,2.151656882763531,20,True,2.431769242219313,-0.11518870894186573
2024-12-20,-0.024712925642688583,2.09767949155718,20,True,2.431769242219313,-0.13738546604744106
2024-12-23,0.0029357446556923243,2.1038377429138744,20,True,2.431769242219313,-0.13485305003946735
2024-12-24,0.00967638055013715,2.1241952775300508,20,True,2.431769242219313,-0.1264815589198588
2024-12-26,0.009567578498373848,2.144518682593694,20,True,2.431769242219313,-0.11812410266504747
2024-12-27,-0.006132277985861446,2.130550871243872,20,True,2.431769242219313,-0.12386799115056624
2024-12-30,-0.015492296981417408,2.096738170415879,20,True,2.431769242219313,-0.13777255916670517
2024-12-31,0.00897461168221622,2.1147393107174732,20,True,2.431769242219313,-0.13037007212596696
2025-01-01,0.007990188982037894,2.1308160445142175,20,True,2.431769242219313,-0.1237589457420869
2025-01-02,0.008889601222082622,2.148932551816148,20,True,2.431769242219313,-0.11630901711094876
2025-01-03,0.002378922955506697,2.153219464247056,20,True,2.431769242219313,-0.11454613913861478
2025-01-06,-0.040545626661667576,2.065915831729059,20,True,2.431769242219313,-0.1504474208072326
2025-01-07,0.0219024035896018,2.109769280078232,20,True,2.431769242219313,-0.13241386417372936
2025-01-08,-0.013265405648701314,2.0809805425887107,20,True,2.431769242219313,-0.14425246176337891
2025-01-09,-0.020054472355868835,2.0384590100510347,20,True,2.431769242219313,-0.16173830367610476
2025-01-10,-0.033747752257150564,1.9688992820418731,20,True,2.431769242219313,-0.19034287963730046
2025-01-13,-0.046852545667477534,1.875400669139404,20,True,2.431769242219313,-0.2287916811432933
2025-01-14,0.03525374943965044,1.9415155744281976,20,True,2.431769242219313,-0.2016036963045449
2025-01-15,0.0071406580414198105,1.9540728309075523,20,True,2.431769242219313,-0.1964398607475597
2025-01-16,0.019477104627572232,1.9913474925658468,20,True,2.431769242219313,-0.18111165402006768
2025-01-17,0.00105303325709582,1.992118636672679,20,True,2.431769242219313,-0.18079454165042175
2025-01-20,0.009163492496574933,2.0095858305585126,20,True,2.431769242219313,-0.17361162577889255
2025-01-21,-0.029891176239368274,1.9487552241787418,20,True,2.431769242219313,-0.1986265841572027
2025-01-22,-0.02785328378561393,1.8932110962185464,20,True,2.431769242219313,-0.2214676198097072
2025-01-23,-0.00290042365512736,1.8877199819709247,20,True,2.431769242219313,-0.22372569354149374
2025-01-24,-0.026433159385262892,1.8378215788127417,20,True,2.431769242219313,-0.24424507601079581
2025-01-27,-0.04092196784645738,1.7619062623239272,20,True,2.431769242219313,-0.2754632175888724
2025-01-28,-0.026836501529496164,1.7139246125252294,20,True,2.431769242219313,-0.2951943865524653
2025-01-29,-0.013970385745447542,1.6888240242280799,20,True,2.431769242219313,-0.30551633152214597
2025-01-30,0.0009641593748054244,1.6897541145729889,20,True,2.431769242219313,-0.3051338567672386
2025-01-31,0.023316618605039436,1.7274943016988258,20,True,2.431769242219313,-0.28961421515379593
2025-02-03,-0.03161827677921023,1.6717310232701805,20,True,2.431769242219313,-0.3125453705695761
2025-02-04,0.025932403982081107,1.7143721986013702,20,True,2.431769242219313,-0.29501032876097344
2025-02-05,0.01729278417292745,1.7433017693983992,20,True,2.431769242219313,-0.2831138172438581
2025-02-06,0.004202041924264833,1.749911782233883,20,True,2.431769242219313,-0.2803956264218329
2025-02-07,-0.0020610436112777136,1.7455923826967095,20,True,2.431769242219313,-0.28217186384690673
2025-02-10,-0.027300557413135976,1.6972431575460591,20,True,2.431769242219313,-0.3020541883336353
2025-02-11,-0.033319914977478195,1.63732437327636,20,True,2.431769242219313,-0.3266941842795562
2025-02-12,-0.0074656743499062275,1.6244222866951799,20,True,2.431769242219313,-0.33199982198447486
2025-02-13,-0.004152066815157647,1.6176775768247902,20,True,2.431769242219313,-0.3347734033561326
2025-02-14,-0.03876335550087117,1.5538942091457295,20,True,2.431769242219313,-0.3610026057704414
2025-02-17,-0.01068424677773051,1.53729201994873,20,True,2.431769242219313,-0.3678298116207167
2025-02-18,-0.02129333301020515,1.5039157990351384,20,True,2.431769242219313,-0.38155488895705625
2025-02-19,0.014915559308067157,1.5256908942324507,20,True,2.431769242219313,-0.3726004639979512
2025-02-20,0.016313565146470105,1.54949299698288,20,True,2.431769242219313,-0.36281248644761976
2025-02-21,0.0017872302554740034,1.5516016637861854,20,True,2.431769242219313,-0.3619453536758519
2025-02-24,-0.017298032072322375,1.524762008442543,20,True,2.431769242219313,-0.3729824434118614
2025-02-25,-0.00629128735165816,1.5141066269256762,20,True,2.431769242219313,-0.3773641838055932
2025-02-27,-0.023707662328546687,1.4775763184132413,20,True,2.431769242219313,-0.3923862952289189
2025-02-28,-0.03207412685522927,1.4295650677002711,20,True,2.431769242219313,-0.41212963677606074
2025-03-03,0.003327883495602407,1.4333017466529736,20,True,2.431769242219313,-0.4105930275913454
2025-03-04,0.00037543583496295004,1.4328200730213716,20,True,2.431769242219313,-0.41079110297746324
2025-03-05,0.03846920187692158,1.4868811716636932,20,True,2.431769242219313,-0.38855992342977574
2025-03-06,0.02407457731007054,1.5220193988091864,20,True,2.431769242219313,-0.3741102682012126
2025-03-07,0.00716972560336333,1.5318563093473294,20,True,2.431769242219313,-0.37006510208620513
2025-03-10,-0.014944012652146147,1.5083193766642105,20,True,2.431769242219313,-0.3797440355452196
2025-03-11,-0.039352775888090635,1.4479441458549265,20,True,2.431769242219313,-0.40457173291102044
2025-03-12,-0.005312373722234915,1.4392301765065227,20,True,2.431769242219313,-0.40815511952399164
2025-03-13,-0.012616020599883725,1.4204514364577745,20,True,2.431769242219313,-0.4158773736436343
2025-03-17,-0.011048470256386327,1.4033725249910538,20,True,2.431769242219313,-0.42290061876500684
2025-03-18,0.0202384553212282,1.4317746171371246,20,True,2.431769242219313,-0.4112210187219739
2025-03-19,0.018973058528810687,1.4583005747112883,20,True,2.431769242219313,-0.4003129287956636
2025-03-20,0.0040396322722631335,1.4635544757785013,20,True,2.431769242219313,-0.3981524026338893
2025-03-21,0.01187747756027613,1.479889567811992,20,True,2.431769242219313,-0.3914350333416522
2025-03-24,0.01531706581897558,1.50190689046958,20,True,2.431769242219313,-0.3823809988241771
2025-03-25,-0.005039327852743941,1.4928783315312328,20,True,2.431769242219313,-0.38609375198413864
2025-03-26,-0.013768169721887675,1.4716890124157103,20,True,2.431769242219313,-0.3948072922114114
2025-03-27,0.006371549071917865,1.4804236923093785,20,True,2.431769242219313,-0.39121538894114194
2025-03-28,-0.009000823885883096,1.4660629073507174,20,True,2.431769242219313,-0.3971208773030044
2025-04-01,0.0031086631598607247,1.4699817689006012,20,True,2.431769242219313,-0.3955093504024061
2025-04-02,0.01382289143847559,1.4892473470244136,20,True,2.431769242219313,-0.38758689715752914
2025-04-03,0.007054686383181108,1.49869613061793,20,True,2.431769242219313,-0.3837013378579579
2025-04-04,-0.02876847038572628,1.4549539342523217,20,True,2.431769242219313,-0.4016891450915455
2025-04-07,-0.03708321835813294,1.4003894373208494,20,True,2.431769242219313,-0.4241273337091772
2025-04-08,0.011921955222423024,1.4170848174865427,20,True,2.431769242219313,-0.41726180556784076
2025-04-09,-0.010907659836891797,1.4016277383373756,20,True,2.431769242219313,-0.42361811556667117
2025-04-11,0.018146623966434017,1.4270625498459075,20,True,2.431769242219313,-0.4131587302487949
2025-04-15,0.03811960198044987,1.4808117467120625,20,True,2.431769242219313,-0.3910558119566375
2025-04-16,0.014763254551665718,1.5020232031542888,20,True,2.431769242219313,-0.38233316834639597
2025-04-17,0.0103228903677231,1.5168752679282045,20,True,2.431769242219313,-0.3762256543125556
2025-04-21,0.01009876887447308,1.5315367296221425,20,True,2.431769242219313,-0.3701965206927236
2025-04-22,0.009984014839993218,1.5461665318808426,20,True,2.431769242219313,-0.3641804061680788
2025-04-23,0.0076400729853696656,1.5568900048352083,20,True,2.431769242219313,-0.3597706649935506
2025-04-24,0.006641560498894324,1.566564313889213,20,True,2.431769242219313,-0.3557923643858928
2025-04-25,-0.024961279265839912,1.526813321143415,20,True,2.431769242219313,-0.3721388959792934
2025-04-28,-0.0017596037478155532,1.5234746268593304,20,True,2.431769242219313,-0.37351184462348197
2025-04-29,0.002307218180133063,1.525918459722342,20,True,2.431769242219313,-0.37250688378238617
2025-04-30,-0.01480213926671964,1.5026882553951768,20,True,2.431769242219313,-0.3820596834164356
2025-05-02,-0.0017016636546549955,1.4994856215481291,20,True,2.431769242219313,-0.38337668084836496
2025-05-05,0.013729028987430676,1.519417448028958,20,True,2.431769242219313,-0.37518025080279116
2025-05-06,-0.03331179034924216,1.468173390264014,20,True,2.431769242219313,-0.39625299770462175
2025-05-07,0.009953197641707458,1.4821428358749544,20,True,2.431769242219313,-0.3905084371729688
2025-05-08,-0.013063969351618316,1.4627801672923633,20,True,2.431769242219313,-0.3984708162698112
2025-05-09,-0.012300471358803234,1.4441593439366063,20,True,2.431769242219313,-0.40612813137704684
2025-05-12,0.06049426790232138,1.5315227061823482,20,True,2.431769242219313,-0.37020228745691763
2025-05-13,0.009054265957353008,1.5443067153999992,20,True,2.431769242219313,-0.3649452059067029
2025-05-14,0.008202185479452163,1.5569734055168734,20,True,2.431769242219313,-0.3597363686959344
2025-05-15,0.0051584872632048865,1.5639124264124866,20,True,2.431769242219313,-0.35688288211705144
2025-05-16,0.010856392550387934,1.5802202755437618,20,True,2.431769242219313,-0.3501767157390311
2025-05-19,-0.00232873604997384,1.5758740621635756,20,True,2.431769242219313,-0.3519639796392109
2025-05-20,-0.007338399434493678,1.5643096688369613,20,True,2.431769242219313,-0.356719526804558
2025-05-21,0.005572314205512825,1.5723592920126879,20,True,2.431769242219313,-0.35340933476989755
2025-05-22,0.0018454718874539979,1.5745941039338789,20,True,2.431769242219313,-0.3524903281954286
2025-05-23,0.007574875066021586,1.5858500951427,20,True,2.431769242219313,-0.34786160314479486
2025-05-26,0.00839078162816403,1.598481609006689,20,True,2.431769242219313,-0.34266723122632237
2025-05-27,-0.0022708256226272924,1.5941804206370367,20,True,2.431769242219313,-0.34443597979628415
2025-05-28,0.006078080660732094,1.6031942275420856,20,True,2.431769242219313,-0.3407292930150899
2025-05-29,0.006155965057513492,1.6130634351872422,20,True,2.431769242219313,-0.3366708455794486
2025-05-30,0.004647967783126805,1.619880927890829,20,True,2.431769242219313,-0.3338673342161067
2025-06-02,-0.007641891123756783,1.6068284692652186,20,True,2.431769242219313,-0.33923480839868925
2025-06-03,-0.011095389630839357,1.5890000813287959,20,True,2.431769242219313,-0.346566255654002
2025-06-04,-0.004310201902619775,1.5814838069650912,20,True,2.431769242219313,-0.3496571222679925
2025-06-05,0.0022499109668372708,1.5850420047262574,20,True,2.431769242219313,-0.34819390869517886
2025-06-06,-0.003886964716375575,1.5782144329984176,20,True,2.431769242219313,-0.3510015647874192
2025-06-09,0.011166439194680557,1.5951627125442602,20,True,2.431769242219313,-0.3440320385463622
2025-06-10,-0.0063775194794034535,1.584321880283749,20,True,2.431769242219313,-0.34849004059371835
2025-06-11,0.0017869411815604145,1.5871529702964753,20,True,2.431769242219313,-0.34732583061705846
2025-06-12,-0.008961245580497825,1.5722663572045552,20,True,2.431769242219313,-0.35344755172178555
2025-06-13,-0.0005074559751827574,1.5714685012470129,20,True,2.431769242219313,-0.3537756486249334
2025-06-16,-0.0031498861030337835,1.56585518961042,20,True,2.431769242219313,-0.35608397276158954
2025-06-17,-0.008219683017415685,1.552984356300647,20,True,2.431769242219313,-0.3613767583953229
2025-06-18,-0.004233905431424696,1.5457515540069842,20,True,2.431769242219313,-0.3643510547093358
2025-06-19,-0.02204344558569019,1.5110339449890529,20,True,2.431769242219313,-0.3786277419933014
2025-06-20,0.005693824323014723,1.5196375068179324,20,True,2.431769242219313,-0.37508975751701634
2025-06-23,0.0025233829164919785,1.522402850193449,20,True,2.431769242219313,-0.3739525840848066
2025-06-24,0.007371212753972089,1.5329679470912225,20,True,2.431769242219313,-0.3696079708236686
2025-06-25,0.000640536408940046,1.5332945100710347,20,True,2.431769242219313,-0.3694736805406341
2025-06-26,0.0011771985078526457,1.5340241806284103,20,True,2.431769242219313,-0.36917362305791435
2025-06-27,-0.0033319405117547183,1.5282598585496634,20,True,2.431769242219313,-0.37154404619620784
2025-06-30,0.009497980990120725,1.5421153806188237,20,True,2.431769242219313,-0.3658463336712664
2025-07-01,-0.003759583723571497,1.535662701270794,20,True,2.431769242219313,-0.36849982530854886
2025-07-02,-0.0006047158418555461,1.5340787824738462,20,True,2.431769242219313,-0.36915116951072413
2025-07-03,-0.0003141163953164052,1.5335969031765642,20,True,2.431769242219313,-0.369349329471347
2025-07-04,0.00032657546089869286,1.5334424131720972,20,True,2.431769242219313,-0.36941285934983414
2025-07-07,0.0038926446624565235,1.539411559596916,20,True,2.431769242219313,-0.3669582076825686
2025-07-08,0.0015956476240491623,1.5412101698889968,20,True,2.431769242219313,-0.366218577350523
2025-07-09,0.0003282181219805947,1.5410586155153114,20,True,2.431769242219313,-0.366280900029441
2025-07-10,-0.00043450469754311425,1.5397321534813764,20,True,2.431769242219313,-0.36682637203019897
2025-07-11,-0.006844741353683653,1.5285407928226635,20,True,2.431769242219313,-0.37142851949732425
2025-07-14,0.0020711160708366703,1.5297957111337392,20,True,2.431769242219313,-0.37091246793729615
2025-07-15,0.008033831137640562,1.5410050733971343,20,True,2.431769242219313,-0.36630291779216595
2025-07-16,0.0034973853056525285,1.545735127911037,20,True,2.431769242219313,-0.3643578095015513
2025-07-17,-0.001861007259841679,1.5422013005677528,20,True,2.431769242219313,-0.36581100139243106
2025-07-18,-0.050834755910531076,1.4631798331998813,20,True,2.431769242219313,-0.3983064643647952
2025-07-21,-0.009056470794433696,1.4499285877735022,20,True,2.431769242219313,-0.403755684297475
2025-07-22,-0.010263498899840018,1.434421490597736,20,True,2.431769242219313,-0.4101325628707124
2025-07-23,0.004239511190115703,1.4398720662267623,20,True,2.431769242219313,-0.40789115956056443
2025-07-24,-0.004959418661510418,1.432104762319308,20,True,2.431769242219313,-0.41108525535411344
2025-07-25,-0.015874725558877173,1.4087530768930678,20,True,2.431769242219313,-0.42068801083798846
2025-07-28,-0.012082762492808662,1.3911179583086983,20,True,2.431769242219313,-0.42793998124628063
2025-07-29,0.0022809838985992097,1.3936734968717481,20,True,2.431769242219313,-0.42688908442651596
2025-07-30,0.006864326790008285,1.4018520478836387,20,True,2.431769242219313,-0.4235258742707585
2025-07-31,-0.0008520180639935422,1.3992735036360702,20,True,2.431769242219313,-0.4245862315623966
2025-08-01,-0.013502126661156282,1.379770282885733,20,True,2.431769242219313,-0.4326064089755042
2025-08-04,0.013399459262751635,1.397255046269998,20,True,2.431769242219313,-0.42541626811809796
2025-08-05,-0.0009071251871615557,1.3949887662761877,20,True,2.431769242219313,-0.4263482150950002
2025-08-06,-0.008804527432149467,1.3820947523892966,20,True,2.431769242219313,-0.4316505331205065
2025-08-07,-0.0036367220412430023,1.3757043139623257,20,True,2.431769242219313,-0.43427842984525433
2025-08-08,-0.004163532953195587,1.3689927144065648,20,True,2.431769242219313,-0.4370383954864169
2025-08-11,-0.006669553964790559,1.3592560858054346,20,True,2.431769242219313,-0.44104232333947424
2025-08-12,0.0020534289690095965,1.3614385080372644,20,True,2.431769242219313,-0.44014486062223135
2025-08-13,0.0054172462837671406,1.3688137557355067,20,True,2.431769242219313,-0.43711198744898927
2025-08-14,-0.005278011908376219,1.360982282248728,20,True,2.431769242219313,-0.4403324712641523
2025-08-18,0.006491493702007854,1.3692052057887474,20,True,2.431769242219313,-0.4369510140940983
2025-08-19,-0.0008920971481802765,1.3679837417293896,20,True,2.431769242219313,-0.43745330848871067
2025-08-20,-0.00956116567081724,1.3543002020775061,20,True,2.431769242219313,-0.4430802978486861
2025-08-21,-0.00038158281220117545,1.3524376026560765,20,True,2.431769242219313,-0.4438462419971242
2025-08-22,-0.003100303830937073,1.3482446351754585,20,True,2.431769242219313,-0.4455704876236506
2025-08-25,-0.005063029689340903,1.3408170360197496,20,True,2.431769242219313,-0.4486248889322757
2025-08-26,-0.0100820895501733,1.326339712544551,20,True,2.431769242219313,-0.454578300639213
2025-08-28,-0.00895613988455064,1.3138677179258063,20,True,2.431769242219313,-0.4597070745385664
2025-08-29,-0.0020757932066044534,1.3098299396101252,20,True,2.431769242219313,-0.4613675027755796
2025-09-01,0.006521629353708019,1.3170537463396317,20,True,2.431769242219313,-0.4583969056465058
2025-09-02,0.015763628042547266,1.3368443580428828,20,True,2.431769242219313,-0.45025854639775176
2025-09-03,0.009873851065647428,1.3490679324865709,20,True,2.431769242219313,-0.4452319286449372
2025-09-04,-0.0026038935516724923,1.344584273894971,20,True,2.431769242219313,-0.44707571320876693
2025-09-05,0.006455616164360645,1.352287212833561,20,True,2.431769242219313,-0.44390808578554974
2025-09-08,0.012715861562895364,1.3677466648833756,20,True,2.431769242219313,-0.4375507999948528
2025-09-09,-0.0034440520100439864,1.3620558885856329,20,True,2.431769242219313,-0.4398909793996014
2025-09-10,-0.006619165675415723,1.3516964746547708,20,True,2.431769242219313,-0.4441510110469331
2025-09-11,-0.0004019852369455396,1.350178703955647,20,True,2.431769242219313,-0.4447751536147282
2025-09-12,0.0012241619058715684,1.3512258152136127,20,True,2.431769242219313,-0.44434455714209165
2025-09-15,-0.004733906343591444,1.3442268324159712,20,True,2.431769242219313,-0.4472227014479444
2025-09-16,0.003974589491965585,1.3482261872177346,20,True,2.431769242219313,-0.44557807385239456
2025-09-17,0.00554177417637431,1.3543489631526329,20,True,2.431769242219313,-0.4430602461619223
2025-09-18,-0.002084351905896964,1.3505518078542524,20,True,2.431769242219313,-0.44462172462478633
2025-09-19,0.008071145498822081,1.360098204008729,20,True,2.431769242219313,-0.44069602477270486
2025-09-22,-0.0072427480489893736,1.3492750562060194,20,True,2.431769242219313,-0.44514675456022035
2025-09-23,-0.0019151741102970687,1.3457193468832978,20,True,2.431769242219313,-0.44660894482934177
2025-09-24,0.0019130874546230596,1.3473204334630982,20,True,2.431769242219313,-0.4459505408360668
2025-09-25,-0.0018631106960303406,1.343839629355771,20,True,2.431769242219313,-0.4473819283406436
2025-09-26,-0.02735347384435979,1.3070809472031737,20,True,2.431769242219313,-0.4624979523096985
2025-09-29,0.00013322660022601013,1.3066617986764089,20,True,2.431769242219313,-0.4626703159203107
2025-09-30,0.0025360799953127898,1.309381000494657,20,True,2.431769242219313,-0.4615521169682726
2025-10-01,0.014095842720043796,1.3265098624590344,20,True,2.431769242219313,-0.45450833104196287
2025-10-03,0.014262040017631013,1.3444538586830976,20,True,2.431769242219313,-0.44712934297330587
2025-10-06,0.005156752640479307,1.35041102636727,20,True,2.431769242219313,-0.44467961724244853
2025-10-07,0.002088905102122596,1.3522557741162307,20,True,2.431769242219313,-0.4439210141164064
2025-10-08,0.005912757383002115,1.3592704626370389,20,True,2.431769242219313,-0.44103641125235893
2025-10-09,0.010028751416409095,1.3722886859161925,20,True,2.431769242219313,-0.4356830154394927
2025-10-10,0.004206413601943278,1.3774475016398933,20,True,2.431769242219313,-0.43356159057970933
2025-10-13,-0.0019547407787584847,1.3741437083258126,20,True,2.431769242219313,-0.43492018713431724
2025-10-14,-0.021147123011935148,1.3444859197040084,20,True,2.431769242219313,-0.44711615873676147
2025-10-15,0.011265745543121465,1.3586507590726722,20,True,2.431769242219313,-0.44129124775312867
2025-10-16,-0.0025792532615550754,1.3551464546710197,20,True,2.431769242219313,-0.44273229912462086
2025-10-17,0.00032527044097119826,1.354610239876623,20,True,2.431769242219313,-0.4429528031038171
2025-10-20,0.011867447888495416,1.3706860063075812,20,True,2.431769242219313,-0.43634207452321927
2025-10-21,0.020798839701508184,1.3985713954293861,20,True,2.431769242219313,-0.4248749547662657
2025-10-23,-0.005576828726981647,1.3893968813689885,20,True,2.431769242219313,-0.42864772806280793
2025-10-24,-0.005807032234070081,1.3813286088929624,20,True,2.431769242219313,-0.43196558912295635
2025-10-27,-0.00594041305737247,1.3725130924988782,20,True,2.431769242219313,-0.435590734239949
2025-10-28,0.0019539071141120856,1.374582572421061,20,True,2.431769242219313,-0.4347397160239713
2025-10-29,0.010984251961076745,1.3886831794366874,20,True,2.431769242219313,-0.4289412188759616
2025-10-30,-0.003347688384677256,1.3830426154382176,20,True,2.431769242219313,-0.431260749816867
2025-10-31,0.009908508203760423,1.395363030659687,20,True,2.431769242219313,-0.42619430888671306
2025-11-03,-0.001463157797836505,1.3923241880899893,20,True,2.431769242219313,-0.4274439515406865
2025-11-04,-0.00586675460706031,1.383164606407652,20,True,2.431769242219313,-0.43121058429650583
2025-11-06,-0.02392043739983433,1.3494793911008975,20,True,2.431769242219313,-0.44506272730494856
2025-11-07,0.00515307168363594,1.3558254442254467,20,True,2.431769242219313,-0.4424530828475832
2025-11-10,-0.007419777051456227,1.3447957139466427,20,True,2.431769242219313,-0.44698876414797584
2025-11-11,0.006010721903790327,1.3522717650640859,20,True,2.431769242219313,-0.44391443826719434
2025-11-12,0.015331215137655636,1.3723888930043224,20,True,2.431769242219313,-0.435641807957142
2025-11-13,0.008571928097301064,1.383536618775312,20,True,2.431769242219313,-0.43105760416944383
2025-11-14,0.0043407419051525896,1.388545683770877,20,True,2.431769242219313,-0.4289977602876315
2025-11-17,-0.003073571050676027,1.3836643109963203,20,True,2.431769242219313,-0.43100509416200095
2025-11-18,-0.010263137818081115,1.3684814840392756,20,True,2.431769242219313,-0.437248625288823
2025-11-19,0.01895894546090444,1.3934238199792113,20,True,2.431769242219313,-0.4269917573644748
2025-11-20,0.0009867830913380224,1.3941814146128577,20,True,2.431769242219313,-0.42668021685294377
2025-11-21,-0.013884918799222037,1.3748233188795738,20,True,2.431769242219313,-0.43464071548792826
2025-11-24,-0.01746802320397058,1.3502068382767312,20,True,2.431769242219313,-0.4447635841283658
2025-11-25,0.0016402037292726878,1.3524214525681622,20,True,2.431769242219313,-0.4438528832884252
2025-11-26,0.016947631816832648,1.374725931558875,20,True,2.431769242219313,-0.43468076341641093
2025-11-27,0.0026912727994075738,1.3774356489335418,20,True,2.431769242219313,-0.43356646468788773
2025-11-28,0.002601518049925428,1.380405044947901,20,True,2.431769242219313,-0.4323453800706445
2025-12-01,2.1036345099223496e-05,1.3794435709379236,20,True,2.431769242219313,-0.43274076051763954
2025-12-02,-0.008911390198671066,1.3661696666615328,20,True,2.431769242219313,-0.43819929829578685
2025-12-03,-0.009848787668092548,1.352111197519824,20,True,2.431769242219313,-0.44398046737122043
2025-12-04,-0.007947380243564173,1.3403981774103446,20,True,2.431769242219313,-0.4487971333221351
2025-12-05,-0.008918736236347589,1.3284435196143407,20,True,2.431769242219313,-0.4537131663027536
2025-12-08,-0.026616788307575346,1.29250151879563,20,True,2.431769242219313,-0.4684933519366129
2025-12-09,0.01116633907099102,1.3063382264524281,20,True,2.431769242219313,-0.46280337633507507
2025-12-10,-0.0062247891444598405,1.2976172332981188,20,True,2.431769242219313,-0.4663896513001906
2025-12-11,0.005717864564310544,1.3044428346604666,20,True,2.431769242219313,-0.46358280546801023
2025-12-12,-0.0008634223742164831,1.3023683959230512,20,True,2.431769242219313,-0.46443586286399996
2025-12-15,0.0007911298512824132,1.302450149433803,20,True,2.431769242219313,-0.46440224392132545
2025-12-16,-0.01548492436240819,1.2816990316472374,20,True,2.431769242219313,-0.47293558558314663
2025-12-17,-0.01511380647225304,1.2610603164232796,20,True,2.431769242219313,-0.48142270470022297
2025-12-18,0.00654422491094906,1.2683816623742699,20,True,2.431769242219313,-0.47841199717753535
2025-12-19,0.01730472009232211,1.289385308460553,20,True,2.431769242219313,-0.469774810012887
2025-12-22,0.0223310083765981,1.3172168319076882,20,True,2.431769242219313,-0.4583298410726042
2025-12-23,0.006696152940559519,1.3254371490678825,20,True,2.431769242219313,-0.4549494557064778
2025-12-24,0.00919568235492398,1.3376254480721268,20,True,2.431769242219313,-0.44993734403377617
2025-12-26,-0.006912288435785014,1.3277819984333405,20,True,2.431769242219313,-0.45398519917886504
2025-12-29,-0.010800662431848747,1.3128486766589802,20,True,2.431769242219313,-0.46012612797880814
2025-12-30,0.002936847623389477,1.3167043131748961,20,True,2.431769242219313,-0.4585406006808326
2025-12-31,0.014293469251036424,1.3349202318230637,20,True,2.431769242219313,-0.45104979179489446
2026-01-01,0.0034214968535298054,1.3394876571959595,20,True,2.431769242219313,-0.4491715603847761
2026-01-02,0.00012616062808931564,1.3396566478001093,20,True,2.431769242219313,-0.44910206752286486
2026-01-05,-0.002133220677980447,1.3361980390284944,20,True,2.431769242219313,-0.4505243277898211
2026-01-06,0.0016589820912086938,1.338414767645551,20,True,2.431769242219313,-0.44961275749006957
2026-01-07,-0.0027854045426094435,1.333721894958137,20,True,2.431769242219313,-0.45154257574993495
2026-01-08,-0.02218822283130238,1.3035418120653226,20,True,2.431769242219313,-0.46395332688899904
2026-01-09,-0.020715258034155935,1.2759586352305872,20,True,2.431769242219313,-0.4752961699334164
2026-01-12,-0.009598151706078802,1.2627873453509408,20,True,2.431769242219313,-0.4807125102879912
2026-01-13,0.004064076228124902,1.2673359451294886,20,True,2.431769242219313,-0.4788420203995689
2026-01-14,0.010319731360153307,1.2798261562973,20,True,2.431769242219313,-0.47370575543208693
2026-01-16,0.0014940171372873126,1.280801322661624,20,True,2.431769242219313,-0.4733047443709246
2026-01-19,-0.01671345542926514,1.259394706841575,20,True,2.431769242219313,-0.4821076420506867
2026-01-20,-0.02510361484003771,1.2277793471894418,20,True,2.431769242219313,-0.4951086123332452
2026-01-21,-0.025591799449944955,1.1958013555888762,20,True,2.431769242219313,-0.5082587052965815
2026-01-22,0.018049530980274887,1.2168120547469419,20,True,2.431769242219313,-0.4996186177449803
2026-01-23,-0.01798728981908556,1.1943665919380566,20,True,2.431769242219313,-0.508848713437942
2026-01-27,-0.015209665095656081,1.1756468259057595,20,True,2.431769242219313,-0.5165467160721116
2026-01-28,0.022313775012752102,1.2009817637359497,20,True,2.431769242219313,-0.5061284011307364
2026-01-29,-0.002854458973192614,1.1966637339860546,20,True,2.431769242219313,-0.5079040752674626
2026-01-30,0.14537405752282997,1.3692335665636994,20,True,2.431769242219313,-0.43693935148464513
2026-02-02,0.29139898825237465,1.7664723753357798,20,True,2.431769242219313,-0.27358552585209994
2026-02-03,0.04448102149977623,1.8432876948691226,20,True,2.431769242219313,-0.24199728211593086
2026-02-04,0.029151807325400514,1.895224691122191,20,True,2.431769242219313,-0.2206395828115063
2026-02-05,-0.00439867257985036,1.885106273662329,20,True,2.431769242219313,-0.22480051111185262
2026-02-06,-0.005088866125757974,1.8737407644069355,20,True,2.431769242219313,-0.22947427252723307
2026-02-09,0.03217241398993415,1.9316657659896317,20,True,2.431769242219313,-0.20565416633581168
2026-02-10,0.005859295184840856,1.9406226187441469,20,True,2.431769242219313,-0.20197090042430565
2026-02-11,0.004271929698741162,1.9470779798605682,20,True,2.431769242219313,-0.1993163059815658
2026-02-12,-0.008852466023178258,1.9280254290417205,20,True,2.431769242219313,-0.20715115745022716
2026-02-13,-0.02817191284994599,1.8719437354749349,20,True,2.431769242219313,-0.2302132525672802
2026-02-16,-0.016465721763079526,1.838876103545576,20,True,2.431769242219313,-0.2438114309450855
2026-02-17,-0.0011125469237470162,1.8360925494232567,20,True,2.431769242219313,-0.24495609305939825
2026-02-18,0.004295410662249477,1.8432383727497168,20,True,2.431769242219313,-0.24201756451713463
2026-02-19,0.013926935898932014,1.8689090354134539,20,True,2.431769242219313,-0.23146119172564839
2026-02-20,0.008541391351597004,1.884872118885456,20,True,2.431769242219313,-0.2248968009952872
2026-02-23,0.03190407722346208,1.9450072245227281,20,True,2.431769242219313,-0.20016784867808834
2026-02-24,-0.0011412006316279255,1.9420209129489412,20,True,2.431769242219313,-0.20139588936629993
2026-02-25,0.009899570188856711,1.9604717671041807,20,True,2.431769242219313,-0.19380846954253383
2026-02-26,-0.009762843196793087,1.940567753050814,20,True,2.431769242219313,-0.2019934624718801
2026-02-27,-0.033526280585858215,1.8747670955115672,20,True,2.431769242219313,-0.22905222133634984
2026-03-02,0.031944085987114845,1.9346548168164024,20,True,2.431769242219313,-0.20442499920314294
2026-03-04,-0.047827401077150056,1.8408937366274627,20,True,2.431769242219313,-0.2429817333541886
2026-03-05,-0.00691702504696266,1.826926638305362,20,True,2.431769242219313,-0.24872532862614538
2026-03-06,-0.004398409115755458,1.8181590273583381,20,True,2.431769242219313,-0.2523307739105105
2026-03-09,-0.05578934285342954,1.7167251300189859,20,True,2.431769242219313,-0.2940427487057754
2026-03-10,0.02333490900736919,1.7560631422989252,20,True,2.431769242219313,-0.2778660442730644
2026-03-11,-0.015407698527529606,1.728301373130069,20,True,2.431769242219313,-0.2892823286337959
2026-03-12,-0.0037831141111761444,1.721057370216793,20,True,2.431769242219313,-0.292261230902773
2026-03-13,-0.03196447022639497,1.6653609194098573,20,True,2.431769242219313,-0.31516490524816665
2026-03-16,-0.021551078212146173,1.6294705959842037,20,True,2.431769242219313,-0.329923839937586
2026-03-17,0.01681492905890614,1.6568700284592517,20,True,2.431769242219313,-0.31865655684207217
2026-03-18,0.007711406412498355,1.6696468266213886,20,True,2.431769242219313,-0.31340244064539047
2026-03-19,-0.05352647663853655,1.580276514761632,20,True,2.431769242219313,-0.35015358886626125
2026-03-20,0.008218121226261343,1.593263418730957,20,True,2.431769242219313,-0.34481307228111335
2026-03-23,-0.07784989048408071,1.4686088886038573,20,True,2.431769242219313,-0.39607391067108155
2026-03-24,0.06204772667505053,1.5597327315164993,20,True,2.431769242219313,-0.35860166974846863
2026-03-25,0.02977655704525744,1.6061762021718555,20,True,2.431769242219313,-0.339503035779001
2026-03-27,-0.03769410245707518,1.5456328318430737,20,True,2.431769242219313,-0.3643998760209345
2026-03-30,-0.013018352888152127,1.5255112382026266,20,True,2.431769242219313,-0.37267434273064726
2026-04-01,0.04858291790053473,1.599625025444568,20,True,2.431769242219313,-0.3421970318266312
2026-04-02,-0.013780266134413839,1.5769178873797052,20,True,2.431769242219313,-0.35153473446330885
2026-04-06,0.025478518839734586,1.6164114763659305,20,True,2.431769242219313,-0.33529405327507966
2026-04-07,-0.0021748641042996343,1.6122197317944265,20,True,2.431769242219313,-0.33701779601297144
2026-04-08,0.05269389034290143,1.6964616112573458,20,True,2.431769242219313,-0.30237557832210316
2026-04-09,-0.004767756277916952,1.6883732957600286,20,True,2.431769242219313,-0.3057016815381861
2026-04-10,0.01723669277768389,1.7174752675530898,20,True,2.431769242219313,-0.29373427472679725
2026-04-13,0.00014314181531667773,1.7177211100806486,20,True,2.431769242219313,-0.2936331785687858
2026-04-15,0.03652502384415058,1.7787565674172559,20,True,2.431769242219313,-0.26853398071853907
2026-04-16,0.011033496202648348,1.79838247124929,20,True,2.431769242219313,-0.26046335317243074
2026-04-17,0.008506028972050689,1.812450249311772,20,True,2.431769242219313,-0.2546783560525382
2026-04-20,-0.0032128892388884945,1.8058980790496686,20,True,2.431769242219313,-0.25737276066476344
2026-04-21,-7.919734367138945e-05,1.8045320988119748,20,True,2.431769242219313,-0.25793448346887593
2026-04-22,0.003574385286906601,1.8097555146334714,20,True,2.431769242219313,-0.2557864935482823
2026-04-23,-0.02445854379086895,1.765491530128042,20,True,2.431769242219313,-0.27398887218558776
2026-04-24,-0.014801999359923795,1.7381755327321133,20,True,2.431769242219313,-0.28522184483845314
2026-04-27,0.013284923293736114,1.7605465957789748,20,True,2.431769242219313,-0.2760223440558687
2026-04-28,-0.007493349369860925,1.7461649172048863,20,True,2.431769242219313,-0.2819364243577329
2026-04-29,-0.002225655879302152,1.742278554990678,20,True,2.431769242219313,-0.28353458677657384
2026-04-30,0.0031125491683680674,1.74770148265808,20,True,2.431769242219313,-0.28130455295048074
2026-05-04,0.00421558609088582,1.755069068719394,20,True,2.431769242219313,-0.27827483042031576
2026-05-05,-0.005266958341088341,1.7446362154868096,20,True,2.431769242219313,-0.2825650620144382
2026-05-06,0.019847256807330703,1.778535526306403,20,True,2.431769242219313,-0.2686248779578885
2026-05-07,0.01876853031543221,1.8119160242489578,20,True,2.431769242219313,-0.25489804180788833
2026-05-08,0.005546246202191752,1.8212301293498008,20,True,2.431769242219313,-0.2510678654329529
2026-05-11,0.0031061071226752453,1.8261510687960618,20,True,2.431769242219313,-0.24904426082408382
2026-05-12,0.008191784114057306,1.8403694203885723,20,True,2.431769242219313,-0.24319734437096907
2026-05-13,0.028229803782600447,1.8915628797249018,20,True,2.431769242219313,-0.22214540471833633
2026-05-14,0.008606925875662742,1.9070840023249935,20,True,2.431769242219313,-0.2157627585648194
2026-05-15,-0.0456617455428021,1.8187832297992224,20,True,2.431769242219313,-0.25207408736721226
2026-05-18,-0.004121705572957146,1.8105567135147054,20,True,2.431769242219313,-0.2554570219572596
2026-05-19,-0.0009505213527868208,1.807116974397817,20,True,2.431769242219313,-0.2568715225838689
2026-05-20,0.013844778722009305,1.8313961437838158,20,True,2.431769242219313,-0.24688736415120416
2026-05-21,0.007529942475171688,1.845186451395759,20,True,2.431769242219313,-0.24121646932593788
2026-05-22,0.0017496199496271074,1.8476732668779754,20,True,2.431769242219313,-0.24019383303338127
2026-05-25,0.010395654812624383,1.8668810403669527,20,True,2.431769242219313,-0.23229515039709314
2026-05-26,-0.005880994823084525,1.8559019226332398,20,True,2.431769242219313,-0.23681001864326479
2026-05-27,0.012253317111754224,1.8778905780878854,20,True,2.431769242219313,-0.22776777274555038
2026-05-29,0.012320679706090298,1.901027466423591,20,True,2.431769242219313,-0.21825334681482755
2026-06-01,-0.010616694947713275,1.8808448377253477,20,True,2.431769242219313,-0.2265529125580903
2026-06-02,0.011885599671081853,1.9024408828848478,20,True,2.431769242219313,-0.2176721171336894
2026-06-03,-0.0010616152764988452,1.899666113847744,20,True,2.431769242219313,-0.21881316661689254
2026-06-04,-0.005592758754101463,1.8890417395596522,20,True,2.431769242219313,-0.22318215611788472
2026-06-05,-0.010642490478493246,1.8681933872237104,20,True,2.431769242219313,-0.23175548288507208
2026-06-08,-0.03741917186262869,1.7975685213010653,20,True,2.431769242219313,-0.2607980682983947
2026-06-09,0.021951955704057495,1.8357834152925512,20,True,2.431769242219313,-0.2450832161948251
2026-06-10,-0.025405645273590596,1.7884252000121061,20,True,2.431769242219313,-0.26455801440274407
2026-06-11,-0.011593968541901636,1.7676902545036217,20,True,2.431769242219313,-0.27308470564815224
2026-06-12,0.030866207741192666,1.8210128712367342,20,True,2.431769242219313,-0.2511572070157374
2026-06-15,0.03546896130251649,1.8856023062980145,20,True,2.431769242219313,-0.22459653096971022
2026-06-16,0.012944813452188232,1.908728061320026,20,True,2.431769242219313,-0.2150866833161943
2026-06-17,0.006633940587398851,1.920627794387304,20,True,2.431769242219313,-0.2101932366598751
2026-06-18,-0.0027289485520110746,1.914627694899537,20,True,2.431769242219313,-0.21266061694563398
2026-06-19,-0.022309602803883773,1.871913111509013,20,True,2.431769242219313,-0.23022584585343175
2026-06-22,0.008121430951923372,1.8858463618089143,20,True,2.431769242219313,-0.2244961696744595
2026-06-23,-0.02827199701519235,1.831799585838212,20,True,2.431769242219313,-0.24672145940687573
2026-06-24,-0.010028471431747338,1.8134294360229468,20,True,2.431769242219313,-0.2542756917313622
2026-06-25,-0.012578065418184344,1.7894082661806285,20,True,2.431769242219313,-0.2641537547585908
2026-06-29,0.003733076017436665,1.7953605357630205,20,True,2.431769242219313,-0.26170604324096347
2026-06-30,0.014535905031070242,1.820720515909123,20,True,2.431769242219313,-0.25127743031757677
2026-07-01,-0.003028627802420453,1.8144748747142005,20,True,2.431769242219313,-0.25384578305700967
2026-07-02,0.0021850575955840615,1.8172091815200673,20,True,2.431769242219313,-0.25272137258318883
2026-07-03,0.005277803273672032,1.8260635689153668,20,True,2.431769242219313,-0.24908024280756147
2026-07-06,-0.0038591927002155474,1.8182842360357512,20,True,2.431769242219313,-0.2522792851938843
2026-07-07,-0.04449672655752539,1.7366762394285304,20,True,2.431769242219313,-0.2858383890719901
2026-07-08,-0.02907788033924027,1.6854874285854602,20,True,2.431769242219313,-0.30688841715621484
2026-07-09,0.011007283801270874,1.7033357783610161,20,True,2.431769242219313,-0.2995487611289567
2026-07-10,-0.006263753425163915,1.691506815820876,20,True,2.431769242219313,-0.3044131053005873
2026-07-13,-0.006630289890286584,1.679597999177046,20,True,2.431769242219313,-0.3093102873345872
2026-07-14,-0.003995433350312817,1.6721950428966625,20,True,2.431769242219313,-0.31235455492044883
2026-07-15,0.0029377673111093336,1.676412538830139,20,True,2.431769242219313,-0.3106202226243353
2026-07-16,-0.002378255679561603,1.6717331112849017,20,True,2.431769242219313,-0.31254451192942034
2026-07-17,-0.0095766998616923,1.6550371984362184,20,True,2.431769242219313,-0.319410259122376
2026-07-20,-0.004709613737450896,1.6465575549758134,20,True,2.431769242219313,-0.322897285487043
2026-07-21,0.013028405838192987,1.6673146560022758,20,True,2.431769242219313,-0.3143614833779914
2026-07-22,-0.002570045752783339,1.661885220848263,20,True,2.431769242219313,-0.3165941932337414
2026-07-23,-0.0006269175107233849,1.660153617953335,20,True,2.431769242219313,-0.31730626856756206
2026-07-24,-0.0016745422495112851,1.6573736205793932,20,True,2.431769242219313,-0.31844946806432206
2026-07-27,0.005292961882860847,1.6654534517877277,20,True,2.431769242219313,-0.31512685378495053
2026-07-28,-0.015100322651603222,1.6396238580505504,20,True,2.431769242219313,-0.32574858272564733
2026-07-29,0.0019164784641588996,1.6420807639244905,20,True,2.431769242219313,-0.32473824595878464
2026-07-30,-0.00627179174745871,1.631101511661875,20,True,2.431769242219313,-0.32925316952636596
2026-07-31,0.009141340320280484,1.6460119656769001,20,True,2.431769242219313,-0.32312164448025704
2026-08-03,0.005867369469611217,1.6549798693127167,20,True,2.431769242219313,-0.31943383418965887
2026-08-04,0.0004541741307483138,1.6550429222651546,20,True,2.431769242219313,-0.31940790535095853
2026-08-05,0.020031816169742662,1.687032988074409,20,True,2.431769242219313,-0.30625284719253754
2026-08-06,0.010738470036228033,1.704444612917766,20,True,2.431769242219313,-0.2990927826020888
2026-08-07,0.020040355990665965,1.7374112874814145,20,True,2.431769242219313,-0.2855361202382034
2026-08-10,-0.004952920938529886,1.728098736450806,20,True,2.431769242219313,-0.28936565754335886
2026-08-11,-0.0016806135557356603,1.724487394727391,20,True,2.431769242219313,-0.2908507251479311
2026-08-12,0.013079940689649391,1.7470435875704733,20,True,2.431769242219313,-0.2815750946927581
2026-08-13,-0.010176874789841623,1.7292641437273728,20,True,2.431769242219313,-0.2888864149999738
2026-08-14,-0.005442143784126603,1.7198532396164739,20,True,2.431769242219313,-0.2927563973763897
2026-08-17,0.009118353967247597,1.7355354702270145,20,True,2.431769242219313,-0.2863074998665962
2026-08-18,0.003215089346253759,1.7411153718273868,20,True,2.431769242219313,-0.284012914712916
2026-08-19,-0.011897665792323021,1.7204001630275085,20,True,2.431769242219313,-0.2925314897652812
2026-08-20,0.023177280172203468,1.7595518307334297,20,True,2.431769242219313,-0.2764314145500071
2026-08-21,0.017042371468602126,1.7888096880441826,20,True,2.431769242219313,-0.26439990399267665
2026-08-24,-0.0034479635035881482,1.7826419375249414,20,True,2.431769242219313,-0.2669362262769459
2026-08-25,-0.006610812840111954,1.7701388342708393,20,True,2.431769242219313,-0.27207779276978106
2026-08-26,0.005075011723115209,1.7783989019723867,20,True,2.431769242219313,-0.2686810610576845
2026-08-27,-0.0012192692768827054,1.77550942292282,20,True,2.431769242219313,-0.26986928196261273
2026-08-28,-0.03782812988726052,1.7076512817794558,20,True,2.431769242219313,-0.2977741258784091
2026-08-31,-0.005420536655756342,1.6976960264312264,20,True,2.431769242219313,-0.3018679581283573
2026-09-01,-0.013694040097897042,1.6732997331919537,20,True,2.431769242219313,-0.31190028061015984
2026-09-02,-0.0064762311103059855,1.6617742572494407,20,True,2.431769242219313,-0.31663982404315205
2026-09-03,0.00548410011460878,1.6708875936440764,20,True,2.431769242219313,-0.312892208423868
2026-09-04,0.009222900461741299,1.6855990046823073,20,True,2.431769242219313,-0.3068425344733887
2026-09-07,0.0045869820631253225,1.692168205988621,20,True,2.431769242219313,-0.30414112630016976
2026-09-08,0.007523424813179336,1.7041954049902606,20,True,2.431769242219313,-0.29919526269073315
2026-09-09,0.004728699625636602,1.711548981450129,20,True,2.431769242219313,-0.29617130123411184
2026-09-10,0.0009966952723767563,1.7132548742283817,20,True,2.431769242219313,-0.2954697984974888
2026-09-11,-0.014580538753696793,1.687580753633235,20,True,2.431769242219313,-0.30602759327069495
2026-09-15,-0.02544341853146557,1.6446429302128984,20,True,2.431769242219313,-0.3236846236643972
2026-09-16,0.009552206243323131,1.659207140625423,20,True,2.431769242219313,-0.31769548203053366
2026-09-17,0.006645389576714657,1.6695391981279712,20,True,2.431769242219313,-0.3134466999819874
2026-09-18,0.023435291281355453,1.7086653355417407,20,True,2.431769242219313,-0.2973571234158895
2026-09-21,-0.008904605802958298,1.6927536488183645,20,True,2.431769242219313,-0.30390037860932007
2026-09-22,-0.006446764142255129,1.6806871382589306,20,True,2.431769242219313,-0.3088624080444904
2026-09-23,0.0070850024360656965,1.6914320123822197,20,True,2.431769242219313,-0.3044438662121728
2026-09-24,-0.013888887944851299,1.6672513551820396,20,True,2.431769242219313,-0.3143875141456881
2026-09-25,0.0063943721449383545,1.6779123808062264,20,True,2.431769242219313,-0.3100034527639193
2026-09-28,-0.02259144352772457,1.6393270582781334,20,True,2.431769242219313,-0.325870633686431
2026-09-29,0.008012333520292226,1.6513208117832079,20,True,2.431769242219313,-0.32093852364208786
2026-09-30,0.004328065974010743,1.6577775790725484,20,True,2.431769242219313,-0.31828335094837956
