date,return,equity,n_holdings,rebalance,peak,drawdown
2022-03-14,0.011271039039764803,1.008268712857717,107,False,1.008268712857717,0.0
2022-03-15,-0.011013748752521394,0.997163894579274,107,False,1.008268712857717,-0.011013748752521368
2022-03-16,0.0110793696617651,1.0082118419806831,107,False,1.008268712857717,-5.640448454724556e-05
2022-03-17,0.015330447797079663,1.0236681809925656,107,False,1.0236681809925656,0.0
2022-03-21,-0.0022851374247782144,1.021328958521625,107,False,1.0236681809925656,-0.0022851374247780942
2022-03-22,0.007866880953640876,1.0293636318528205,107,False,1.0293636318528205,0.0
2022-03-23,-0.004172660558451751,1.0250684468258835,107,False,1.0293636318528205,-0.0041726605584518905
2022-03-24,-0.002618540935983718,1.0223842631356848,107,False,1.0293636318528205,-0.006780275211951237
2022-03-25,-0.009058524447815235,1.0131229702930087,107,False,1.0293636318528205,-0.015777380370995964
2022-03-28,-0.01588932092204766,0.9970251342845249,107,False,1.0293636318528205,-0.0314160094330197
2022-03-29,-0.00031719340306854817,0.9967088844892362,107,False,1.0293636318528205,-0.03172323788514542
2022-03-30,0.015680242701334078,1.0123375217006034,107,False,1.0293636318528205,-0.01654042325312255
2022-03-31,0.003319804153662336,1.0156982840100535,107,False,1.0293636318528205,-0.01327553006527915
2022-04-01,0.026813918318044576,1.0429331348332769,107,False,1.0429331348332769,0.0
2022-04-04,0.016393388475399628,1.0600303428664652,107,False,1.0600303428664652,0.0
2022-04-05,0.01249606927286751,1.073276555462266,107,False,1.073276555462266,0.0
2022-04-06,0.015453282620572344,1.089862201403859,107,False,1.089862201403859,0.0
2022-04-07,-0.006583253352610531,1.0826873624125835,107,False,1.089862201403859,-0.006583253352610674
2022-04-08,0.01008233769044554,1.0936033820136049,107,False,1.0936033820136049,0.0
2022-04-11,0.010518198442898512,1.105106119403449,107,False,1.105106119403449,0.0
2022-04-12,-0.010386882934330932,1.0936275115111926,107,True,1.105106119403449,-0.010386882934330988
2022-04-13,0.01564734245041283,1.1087735676652954,109,False,1.1087735676652954,0.0
2022-04-18,0.004036737829316402,1.113249395870036,109,False,1.113249395870036,0.0
2022-04-19,-0.02058375125280779,1.0903345472231087,109,False,1.113249395870036,-0.020583751252807758
2022-04-20,-0.00048390880757579515,1.0898069247325033,109,False,1.113249395870036,-0.02105769940185931
2022-04-21,0.013382082675284792,1.1043908110993716,109,False,1.113249395870036,-0.00795741260092142
2022-04-22,3.3324783513413486e-05,1.1044276146840657,109,False,1.113249395870036,-0.007924352996460327
2022-04-25,-0.028456055236523843,1.0729999614758736,109,False,1.113249395870036,-0.03615491240640312
2022-04-26,0.0029828922250943056,1.0762006047184864,109,False,1.113249395870036,-0.03327986638842495
2022-04-27,-0.010075310393323838,1.0653575495804648,109,False,1.113249395870036,-0.043019871798037124
2022-04-28,0.0015643670647817955,1.067024159843245,109,False,1.113249395870036,-0.04152280360382732
2022-04-29,-0.01043929430616147,1.0558851806068568,109,False,1.113249395870036,-0.05152862914275147
2022-05-02,-0.014006036628155624,1.0410964140921504,109,False,1.113249395870036,-0.0648129539037352
2022-05-04,-0.024982196458278955,1.0150875389432905,109,False,1.113249395870036,-0.08817598041454966
2022-05-05,-0.001380303061674451,1.0136864105054195,109,False,1.113249395870036,-0.0894345739004917
2022-05-06,-0.01931009289406517,0.9941120317531084,109,False,1.113249395870036,-0.10701767686459729
2022-05-09,-0.026202509897546727,0.9680638014018272,109,False,1.113249395870036,-0.13041605502488696
2022-05-10,-0.03594745237106291,0.9332643740087849,109,False,1.113249395870036,-0.16167538246952085
2022-05-11,-0.03431893450060342,0.9012357350854308,109,False,1.113249395870036,-0.1904457901087928
2022-05-12,-0.021484834237605624,0.8818728347081136,109,False,1.113249395870036,-0.2078389281146612
2022-05-13,0.023164023395033033,0.9023005576827364,109,False,1.113249395870036,-0.18948929051287478
2022-05-16,0.0161669072966393,0.9168879671524991,109,True,1.113249395870036,-0.1763858390096631
2022-05-17,0.03972091742894565,0.9516200267416774,112,False,1.113249395870036,-0.1451870261308703
2022-05-18,0.012182059950351532,0.9632127189573997,112,False,1.113249395870036,-0.13477364323685836
2022-05-19,-0.027475688614059555,0.9367477862222244,112,False,1.113249395870036,-0.15854633319595968
2022-05-20,0.02721885537228571,0.9622449887357158,112,False,1.113249395870036,-0.13564292753674112
2022-05-23,-0.02009831232760307,0.9429054884164345,112,False,1.113249395870036,-0.15301504594168036
2022-05-24,-0.022706846830967527,0.9214950779148838,112,False,1.113249395870036,-0.17224740356161683
2022-05-25,-0.043483839979177444,0.8814249334052333,112,False,1.113249395870036,-0.20824126500749218
2022-05-26,0.00727194451687698,0.8878346066167482,112,False,1.113249395870036,-0.20248363941587388
2022-05-27,0.014122056073036852,0.9003726567149725,112,False,1.113249395870036,-0.19122106865254063
2022-05-30,0.01937547101207304,0.9178178010252166,112,False,1.113249395870036,-0.17555059591304256
2022-05-31,0.014088771657890827,0.9307487264474084,112,False,1.113249395870036,-0.16393511651537718
2022-06-01,0.014506573213768041,0.9442507009912391,112,False,1.113249395870036,-0.1518066800716471
2022-06-02,0.011563153998347637,0.9551692172598485,112,False,1.113249395870036,-0.14199889009294575
2022-06-03,-0.012114245618938976,0.943598062754313,112,False,1.113249395870036,-0.15239292627968204
2022-06-06,0.005008532153147583,0.9483241039912659,112,False,1.113249395870036,-0.14814765899771842
2022-06-07,-0.008633996864700608,0.9401362766506853,112,False,1.113249395870036,-0.1555025494391199
2022-06-08,-0.009957657408319942,0.9307747216906642,112,False,1.113249395870036,-0.1639117657340049
2022-06-09,0.005548623328768125,0.9359392400252646,112,False,1.113249395870036,-0.15927262705244805
2022-06-10,-0.00589804489284144,0.9304190283706237,112,False,1.113249395870036,-0.1642312748407334
2022-06-13,-0.04086639670711289,0.8923961552533833,112,False,1.113249395870036,-0.1983861311184899
2022-06-14,-0.0016057338959842916,0.890963204498247,112,True,1.113249395870036,-0.19967330967924402
2022-06-15,0.006600387437924587,0.8949579209686961,113,False,1.113249395870036,-0.19608497045780016
2022-06-16,-0.030540570326393037,0.8676253956441892,113,False,1.113249395870036,-0.22063699395397807
2022-06-17,-0.013926432689650867,0.8555424689719187,113,False,1.113249395870036,-0.23149074039848194
2022-06-20,-0.05572974938854511,0.8078633015848565,113,False,1.113249395870036,-0.2743195688388509
2022-06-21,0.04374217992976681,0.8432010034814368,113,False,1.113249395870036,-0.24257672484748916
2022-06-22,-0.011643113572067465,0.8333835184338212,113,False,1.113249395870036,-0.25139549006221706
2022-06-23,0.006970663717876111,0.8391927546888438,113,False,1.113249395870036,-0.24617721976575535
2022-06-24,0.025361315106948452,0.8604757865759757,113,False,1.113249395870036,-0.2270592827014387
2022-06-27,0.01922647977261408,0.8770197068814028,113,False,1.113249395870036,-0.21219835363486805
2022-06-28,0.010279299981360582,0.8860348555380017,113,False,1.113249395870036,-0.20410030418607117
2022-06-29,0.0008314430452693798,0.886771543056505,113,False,1.113249395870036,-0.20343855891925477
2022-06-30,-0.009890566163012657,0.8780008704384278,113,False,1.113249395870036,-0.2113170025551685
2022-07-01,-0.0005414533004679002,0.8775254739693151,113,False,1.113249395870036,-0.21174403756715798
2022-07-04,0.009903077064538654,0.8862156763641291,113,False,1.113249395870036,-0.2039378780246035
2022-07-05,0.004708430213113114,0.8903883610300565,113,False,1.113249395870036,-0.20018967507797958
2022-07-06,0.004451187934758045,0.8943516469599224,113,False,1.113249395870036,-0.19662956900959172
2022-07-07,0.01567662515796674,0.9083720624887234,113,False,1.113249395870036,-0.18403543189996097
2022-07-08,0.007196090646280032,0.9149087901909405,113,False,1.113249395870036,-0.17816367690376034
2022-07-11,0.015299604669850348,0.928906532989833,113,False,1.113249395870036,-0.16558990605706447
2022-07-12,-0.008391470858587375,0.9211116408878973,113,False,1.113249395870036,-0.17259183404449785
2022-07-13,-0.005005986287337889,0.9165005686445052,113,True,1.113249395870036,-0.17673382797730242
2022-07-14,-0.006457483948870842,0.9087181693459321,111,False,1.113249395870036,-0.1837245340378173
2022-07-15,0.0020808407225585733,0.9106090671180359,111,False,1.113249395870036,-0.18202599480741777
2022-07-18,0.01583385816178351,0.925027521927617,111,False,1.113249395870036,-0.16907431042917243
2022-07-19,0.010015600377066669,0.9342922279250322,111,False,1.113249395870036,-0.16075209077939245
2022-07-20,0.004999398957040135,0.9389631275148912,111,False,1.113249395870036,-0.15655635565733694
2022-07-21,0.004315255811119318,0.9430149936073265,111,False,1.113249395870036,-0.15291668056973562
2022-07-22,0.002910463798211306,0.9457596046073912,111,False,1.113249395870036,-0.1504512752344651
2022-07-25,0.0002136535966598406,0.9459616695484913,111,False,1.113249395870036,-0.1502697660938811
2022-07-26,-0.01599777255810225,0.9308283899103719,111,False,1.113249395870036,-0.16386355711165412
2022-07-27,0.004641404439016602,0.9351487409312645,111,False,1.113249395870036,-0.15998270971400863
2022-07-28,0.0025156660198099065,0.9375012628422934,111,False,1.113249395870036,-0.15786950676078337
2022-07-29,0.007885949445809212,0.9448943504064501,111,False,1.113249395870036,-0.15122850826432443
2022-08-01,0.015423674765950728,0.9594680935553034,111,False,1.113249395870036,-0.1381373328251826
2022-08-02,0.0039657590102367265,0.963273112792355,111,False,1.113249395870036,-0.13471939318724746
2022-08-03,-0.007579416386613557,0.9559720647764723,111,False,1.113249395870036,-0.14127771519754295
2022-08-04,-9.895514791888826e-05,0.9558774664193961,111,False,1.113249395870036,-0.14136269018825676
2022-08-05,0.0040141713869269085,0.9597145223945049,111,False,1.113249395870036,-0.1379159728674626
2022-08-08,0.0019339759805872827,0.9615705872290367,111,False,1.113249395870036,-0.13624872306574043
2022-08-10,-0.0015526719510477315,0.9600775835492936,111,False,1.113249395870036,-0.13758984544611796
2022-08-11,0.0015252446440971292,0.96154193674152,111,False,1.113249395870036,-0.13627445897686952
2022-08-12,0.004425976751882022,0.9657976989994975,111,True,1.113249395870036,-0.13245162981229452
2022-08-16,0.004746402978339791,0.9683766963305358,105,False,1.113249395870036,-0.13013499048546806
2022-08-17,0.004419099245439294,0.9726560490585912,105,False,1.113249395870036,-0.12629097067828832
2022-08-18,-0.0003288946207043862,0.9723361477162602,105,False,1.113249395870036,-0.12657832887809306
2022-08-19,-0.005961491449952299,0.9665395740851702,105,False,1.113249395870036,-0.13178522470268927
2022-08-22,-0.009649661467711925,0.9572127944001019,105,False,1.113249395870036,-0.14016320336557386
2022-08-23,0.014945376850459456,0.9715187003384927,105,False,1.113249395870036,-0.12731261840998054
2022-08-24,0.011725214134136736,0.9829099651352797,105,False,1.113249395870036,-0.11708017198867848
2022-08-25,-0.004754667768514701,0.9782365548046991,105,False,1.113249395870036,-0.12127816243710654
2022-08-26,0.006425029148056762,0.9845217531830138,105,False,1.113249395870036,-0.115632349017731
2022-08-29,-0.007373949611826592,0.9772619393832951,105,False,1.113249395870036,-0.12215363151440373
2022-08-30,0.017204913164680157,0.9940756461895316,105,False,1.113249395870036,-0.10705036097267917
2022-09-01,0.003762943110183891,0.9978162962933622,105,False,1.113249395870036,-0.10369024228076007
2022-09-02,0.001972935949166372,0.9997849239349835,105,False,1.113249395870036,-0.10192188053816709
2022-09-05,0.011302993677263938,1.0110854866088446,105,False,1.113249395870036,-0.09177090923220077
2022-09-06,-0.0002374506911279985,1.0108454036612597,105,False,1.113249395870036,-0.09198656885750622
2022-09-07,0.00683394088304698,1.0177534613917805,105,False,1.113249395870036,-0.08578125874806586
2022-09-08,0.008398587968691229,1.0263011533677193,105,False,1.113249395870036,-0.07810311222703537
2022-09-09,-0.0016905052839878876,1.0245661858449884,105,False,1.113249395870036,-0.07966158378710742
2022-09-12,0.006992668900990006,1.0317306379497526,105,False,1.113249395870036,-0.0732259619656691
2022-09-13,0.005902003559530819,1.037819915847409,105,False,1.113249395870036,-0.06775613829430971
2022-09-14,0.0023922801139798808,1.0403026717939832,105,True,1.113249395870036,-0.06552594984257132
2022-09-15,0.0029642612748814008,1.0410314936825364,105,False,1.113249395870036,-0.06487127004552218
2022-09-16,-0.021220610065390916,1.018940170289308,105,False,1.113249395870036,-0.08471527218483033
2022-09-19,0.0003942236470494212,1.0193418605993645,105,False,1.113249395870036,-0.0843544453013425
2022-09-20,0.008951502451339452,1.0284665017632726,105,False,1.113249395870036,-0.0761580418738994
2022-09-21,-0.009212357098675895,1.0189919010850035,105,False,1.113249395870036,-0.08466880389489695
2022-09-22,0.006818535914561192,1.0259399339591986,105,False,1.113249395870036,-0.07842758526053595
2022-09-23,-0.027384273890382668,0.9978453138125788,105,False,1.113249395870036,-0.10366417667558281
2022-09-26,-0.038579801738446884,0.9593486394400512,105,False,1.113249395870036,-0.13824463503050632
2022-09-27,0.004933084373902687,0.9640811872223977,105,False,1.113249395870036,-0.13399352310544854
2022-09-28,-0.004296538934943234,0.9599389748650504,105,False,1.113249395870036,-0.137714353651339
2022-09-29,0.007961633059052073,0.9675816567420087,105,False,1.113249395870036,-0.13084915174302325
2022-09-30,0.016134993239735846,0.9831935802324334,105,False,1.113249395870036,-0.11682540868208624
2022-10-03,-0.006278340946717359,0.9770207557191105,105,False,1.113249395870036,-0.12237027988185789
2022-10-04,0.01818274255534021,0.994785672591575,105,False,1.113249395870036,-0.10641256462203441
2022-10-06,0.015590692928415773,1.0102950705425378,105,False,1.113249395870036,-0.09248091731236607
2022-10-07,0.00954076010278677,1.019934053443612,105,False,1.113249395870036,-0.08382249545574227
2022-10-10,-0.005457873053238017,1.0143673828572424,105,False,1.113249395870036,-0.08882287596977723
2022-10-11,-0.014465484143222749,0.9996940675651185,105,False,1.113249395870036,-0.10200349420910382
2022-10-12,-0.0007448476674205558,0.9989494477707584,105,False,1.113249395870036,-0.10267236481179398
2022-10-13,-0.003784260907521608,0.9951691624269693,105,False,1.113249395870036,-0.10606808670287549
2022-10-14,-0.0016757077644063293,0.9935015497345927,105,True,1.113249395870036,-0.10756605535083807
2022-10-17,0.0016420926951351224,0.993290746595228,104,False,1.113249395870036,-0.10775541376427777
2022-10-18,0.014843739721287627,1.0080348959052512,104,False,1.113249395870036,-0.09451116735846665
2022-10-19,0.0030747422269868574,1.0111343433659672,104,False,1.113249395870036,-0.09172702260867882
2022-10-20,-0.0005843948845038582,1.010543441628158,104,False,1.113249395870036,-0.09225781269039934
2022-10-21,-0.007150602381247757,1.0033174472880975,104,False,1.113249395870036,-0.09874871613653435
2022-10-24,0.009255015000840309,1.0126031653133536,104,False,1.113249395870036,-0.09040762198485142
2022-10-25,-0.0015777043614051346,1.0110055768830661,104,False,1.113249395870036,-0.0918426898467467
2022-10-27,-0.003074106447016861,1.0078976381212,104,False,1.113249395870036,-0.09463446208879434
2022-10-28,-0.005892747313846946,1.0019583520215285,104,False,1.113249395870036,-0.0999695524303702
2022-10-31,-0.010312943584015037,0.9916252120635978,104,False,1.113249395870036,-0.10925151566005165
2022-11-01,0.0025837691140354843,0.9941873426592267,104,False,1.113249395870036,-0.10695002723784008
2022-11-02,0.0019002834769370784,0.996076580439462,104,False,1.113249395870036,-0.10525297913052101
2022-11-03,0.005598910411346482,1.001653523976183,104,False,1.113249395870036,-0.10024337071985356
2022-11-04,0.004026790660975519,1.0056869730320634,104,False,1.113249395870036,-0.0966202391279175
2022-11-07,0.006145696868437928,1.0118676203128554,104,False,1.113249395870036,-0.09106834096051575
2022-11-09,3.5374094265017792e-06,1.0118711997029137,104,False,1.113249395870036,-0.09106512569709713
2022-11-10,-0.01268311798134858,0.9990375178951529,104,False,1.113249395870036,-0.1025932539452431
2022-11-11,0.0005248742665318894,0.9995618869795959,104,False,1.113249395870036,-0.10212222823762696
2022-11-14,-0.00065996572123744,0.998902210397934,104,False,1.113249395870036,-0.10271479678885109
2022-11-15,4.888996137500891e-05,0.9989510466884178,104,False,1.113249395870036,-0.10267092854992366
2022-11-16,-0.003493846840381136,0.9954608647302501,104,True,1.113249395870036,-0.1058060588909917
2022-11-17,-0.001799150103662807,0.991520479299108,105,False,1.113249395870036,-0.10934559409825095
2022-11-18,-0.006430133365951962,0.9851448703821422,105,False,1.113249395870036,-0.11507262071117186
2022-11-21,-0.003462462002775224,0.9817338437012151,105,False,1.113249395870036,-0.11813664813717484
2022-11-22,0.005404174906369601,0.9870393051040789,105,False,1.113249395870036,-0.11337090434019081
2022-11-23,0.006177268539663829,0.99313651195091,105,False,1.113249395870036,-0.10789395832122084
2022-11-24,0.0033059410467814725,0.9964197627108259,105,False,1.113249395870036,-0.10494470833995329
2022-11-25,0.005743752029300615,1.0021429507449315,105,False,1.113249395870036,-0.0998037326921446
2022-11-28,0.00522361332924012,1.0073777580202468,105,False,1.113249395870036,-0.09510145547130311
2022-11-29,-0.006280382346424847,1.0010510405325954,105,False,1.113249395870036,-0.10078456431566662
2022-11-30,0.009645637675540903,1.010706816164296,105,False,1.113249395870036,-0.09211105803080188
2022-12-01,0.0028835249071659406,1.013621214442548,105,False,1.113249395870036,-0.08949313765369327
2022-12-02,0.005427954718261332,1.0191231044960114,105,False,1.113249395870036,-0.08455094763421112
2022-12-05,0.0035559718930099865,1.0227470776111163,105,False,1.113249395870036,-0.08129563653451577
2022-12-06,-0.001379740786708943,1.0213359517536489,105,False,1.113249395870036,-0.08256321041571657
2022-12-07,-0.001917205394962644,1.0193778409568774,105,False,1.113249395870036,-0.08432212517824478
2022-12-08,-0.0016649340788919182,1.017680644050201,105,False,1.113249395870036,-0.08584666847732281
2022-12-09,-0.0100974521376527,1.0074046624554887,105,False,1.113249395870036,-0.09507728798884885
2022-12-12,0.0017145132698777779,1.0091318711174053,105,False,1.113249395870036,-0.0935257859908919
2022-12-13,0.000815274586427255,1.009954590686281,105,False,1.113249395870036,-0.0927867606009588
2022-12-14,0.007303261126815983,1.0173305527882894,105,False,1.113249395870036,-0.08616114541592301
2022-12-15,-0.0074444795118039,1.0097570563313247,105,True,1.113249395870036,-0.09296420004596462
2022-12-16,-0.005992397300079916,1.001490554928825,108,False,1.113249395870036,-0.10038976114051079
2022-12-19,0.01001962785115062,1.0115251175856543,108,False,1.113249395870036,-0.09137600133605395
2022-12-20,0.0018952441001312205,1.0134422045968932,108,False,1.113249395870036,-0.08965393706334845
2022-12-21,-0.036072822575122385,0.9768844837603285,108,False,1.113249395870036,-0.12249268907362343
2022-12-22,-0.0320261977109851,0.9455985881426267,108,False,1.113249395870036,-0.15059591170618647
2022-12-23,-0.05632931595979994,0.8923336664999999,108,False,1.113249395870036,-0.19844226297323453
2022-12-26,0.05573798263526394,0.9420705449082383,108,False,1.113249395870036,-0.15376505174567523
2022-12-27,0.020844604968870403,0.961707633269659,108,False,1.113249395870036,-0.13612561853846128
2022-12-28,0.007553194483784942,0.9689715980602853,108,False,1.113249395870036,-0.12960060732572287
2022-12-29,0.0030122462557854025,0.9718903791285047,108,False,1.113249395870036,-0.12697875001410186
2022-12-30,0.007340241760608224,0.9790242894761172,108,False,1.113249395870036,-0.12057056297705704
2023-01-02,0.010358915049810206,0.9891659189225012,108,False,1.113249395870036,-0.11146062814663382
2023-01-03,-0.0009299602351428856,0.9882460339519447,108,False,1.113249395870036,-0.1122869344298163
2023-01-04,-0.011159913185883975,0.9772172940067468,108,False,1.113249395870036,-0.12219373517555443
2023-01-05,0.0049795763571416395,0.9820834221397727,108,False,1.113249395870036,-0.11782263185308384
2023-01-06,-0.00680733169980836,0.9753980545283844,108,False,1.113249395870036,-0.1238279058161239
2023-01-09,0.00667596673445546,0.9819097794932683,108,False,1.113249395870036,-0.1179786100616943
2023-01-10,-0.008481313550746016,0.973581894774842,108,False,1.113249395870036,-0.12545931002822586
2023-01-11,0.00264607771188732,0.9761580681273028,108,False,1.113249395870036,-0.12314520740035295
2023-01-12,0.001637162242595613,0.9777561972592459,108,False,1.113249395870036,-0.12170965384166976
2023-01-13,0.006960350504577348,0.984561723100193,108,True,1.113249395870036,-0.11559644518762124
2023-01-16,-0.0010957162828092648,0.9815037921404176,111,False,1.113249395870036,-0.1183432968554683
2023-01-17,0.0004487896287670506,0.9819442808629257,111,False,1.113249395870036,-0.11794761847096413
2023-01-18,0.0030836179857985997,0.9849722219084468,111,False,1.113249395870036,-0.11522770588286457
2023-01-19,-0.002030605522177739,0.9829721318754479,111,False,1.113249395870036,-0.11702432938916874
2023-01-20,0.002818304643997571,0.9857424467996326,111,False,1.113249395870036,-0.11453583495614927
2023-01-23,-0.004083923633755653,0.9817167499243515,111,False,1.113249395870036,-0.11815200298661555
2023-01-24,-0.007600102751229524,0.9742556017523233,111,False,1.113249395870036,-0.12485413837488335
2023-01-25,-0.010926128530748829,0.9636107598257754,111,False,1.113249395870036,-0.1344160945421523
2023-01-27,-0.030757793924856655,0.9339722186512797,111,False,1.113249395870036,-0.1610395459308973
2023-01-30,-0.00020418727751679548,0.9337815134066769,111,False,1.113249395870036,-0.16121085098195798
2023-01-31,0.0279538546624108,0.9598843061188931,111,False,1.113249395870036,-0.1377634610179005
2023-02-01,-0.027631825653723942,0.9333609503244701,111,False,1.113249395870036,-0.16158863073532415
2023-02-02,0.016232845316852557,0.9485120542558777,111,False,1.113249395870036,-0.14797882866616008
2023-02-03,-0.005226927188030677,0.9435542508113128,111,False,1.113249395870036,-0.15243228129138275
2023-02-06,0.004858467660908327,0.9481384786251921,111,False,1.113249395870036,-0.14831440093960713
2023-02-07,0.004398420367478198,0.952308790220767,111,False,1.113249395870036,-0.144568329654012
2023-02-08,0.005517321546651302,0.9575629840281175,111,False,1.113249395870036,-0.13984863806752412
2023-02-09,-0.00294475689666883,0.9547431938269059,111,False,1.113249395870036,-0.14238157472275392
2023-02-10,0.0033098933193791633,0.9579032919458762,111,False,1.113249395870036,-0.13954294922635235
2023-02-13,-0.014873903318361139,0.9436555309931334,111,False,1.113249395870036,-0.1523413042091617
2023-02-14,-0.007276005355915964,0.9367894882954876,111,True,1.113249395870036,-0.15850887341972464
2023-02-15,0.008381854039745342,0.9431698690630016,113,False,1.113249395870036,-0.1527775603903314
2023-02-16,0.008195355145600713,0.9508994811026026,113,False,1.113249395870036,-0.14583427161040796
2023-02-17,-0.0030661042591287563,0.9479839241535906,113,False,1.113249395870036,-0.1484532327882251
2023-02-20,-0.003136609378257782,0.9450104688866529,113,False,1.113249395870036,-0.1511242023642866
2023-02-21,-0.004013103917465765,0.9412180436719176,113,False,1.113249395870036,-0.15453082915322047
2023-02-22,-0.02464158868625452,0.9180249357756731,113,False,1.113249395870036,-0.17536453270813535
2023-02-23,0.004296432124085632,0.9219691676004514,113,False,1.113249395870036,-0.17182154239580216
2023-02-24,-0.004060653309882478,0.9182253704484251,113,False,1.113249395870036,-0.17518448799084596
2023-02-27,-0.017175679277089212,0.9024542259815166,113,False,1.113249395870036,-0.18935125468788327
2023-02-28,0.00812763602757581,0.9097890454618419,113,False,1.113249395870036,-0.18276259673977546
2023-03-01,0.020626137390631148,0.928554479310029,113,False,1.113249395870036,-0.16590614577936758
2023-03-02,-0.00029983939407439105,0.9282760620975876,113,False,1.113249395870036,-0.16615623997521822
2023-03-03,0.020299484797766106,0.9471195879082677,113,False,1.113249395870036,-0.14922964124488314
2023-03-06,0.00884276653251551,0.9554947453025128,113,False,1.113249395870036,-0.14170647758962718
2023-03-08,0.014178092011732073,0.9690418377181382,113,False,1.113249395870036,-0.1295375130558193
2023-03-09,0.0011252734040375478,0.970132274725522,113,False,1.113249395870036,-0.12855800477004875
2023-03-10,-0.008195027111103332,0.9621820144327901,113,False,1.113249395870036,-0.13569949554671212
2023-03-13,-0.02809112564624603,0.9351532385708005,113,False,1.113249395870036,-0.15997866961342333
2023-03-14,-0.010624823355512753,0.92521740060065,113,False,1.113249395870036,-0.16890374786364348
2023-03-15,-0.0024017410833634227,0.9229952679585848,113,False,1.113249395870036,-0.17089982587662866
2023-03-16,-0.009769346825847305,0.9139782070672815,113,True,1.113249395870036,-0.17899959303101032
2023-03-17,0.0021701777746633046,0.9141745359967978,111,False,1.113249395870036,-0.1788232363851009
2023-03-20,-0.013181469827740102,0.9021243719332677,111,False,1.113249395870036,-0.18964755311793202
2023-03-21,0.00913492137093568,0.9103652071376829,111,False,1.113249395870036,-0.1822450472329189
2023-03-22,0.005687535566448369,0.9155429416317356,111,False,1.113249395870036,-0.17759403685441688
2023-03-23,-0.0013315414758688316,0.914323858232014,111,False,1.113249395870036,-0.17868910450434694
2023-03-24,-0.014595461840069511,0.9009788792497235,111,False,1.113249395870036,-0.19067651633838711
2023-03-27,-0.0178646270813187,0.8848832275637827,111,False,1.113249395870036,-0.20513477856215556
2023-03-28,-0.010435465337842726,0.8756490593145024,111,False,1.113249395870036,-0.21342956702872695
2023-03-29,0.028155051162724362,0.9003030033800937,111,False,1.113249395870036,-0.1912836362453344
2023-03-31,0.01597650011175846,0.9146866944142122,111,False,1.113249395870036,-0.17836317916942712
2023-04-03,0.01539871731728606,0.9287716962553795,111,False,1.113249395870036,-0.1657110260279836
2023-04-05,0.013306701798845662,0.941130584256658,111,False,1.113249395870036,-0.15460939143727292
2023-04-06,0.0074047454410179295,0.9480994166598351,111,False,1.113249395870036,-0.14834948918263868
2023-04-10,0.0005023788770347146,0.9485757217800939,111,False,1.113249395870036,-0.14792163795538826
2023-04-11,0.011485253510020072,0.9594703544181885,111,False,1.113249395870036,-0.13813530195690327
2023-04-12,0.004438882446740962,0.9637293305325837,111,False,1.113249395870036,-0.13430958587729402
2023-04-13,0.0042233893181612735,0.9677995346927538,111,False,1.113249395870036,-0.13065343822945352
2023-04-17,0.00540800940158265,0.9730334036752196,111,False,1.113249395870036,-0.1259520038501648
2023-04-18,-0.0029740205613259644,0.9701395823258325,111,False,1.113249395870036,-0.12855144056230017
2023-04-19,0.007810050197386958,0.9777164211622693,111,False,1.113249395870036,-0.12174538356865117
2023-04-20,0.005614618150534563,0.9832059255266027,111,True,1.113249395870036,-0.11681431925844488
2023-04-21,-0.005568771486714304,0.9763405290255786,111,False,1.113249395870036,-0.122981308009118
2023-04-24,0.00904272476140625,0.9851693077029626,111,False,1.113249395870036,-0.11505066936683594
2023-04-25,0.0003387477202025041,0.9855030315599606,111,False,1.113249395870036,-0.11475089479858913
2023-04-26,0.0030460777048689812,0.9885049503724762,111,False,1.113249395870036,-0.1120543572359799
2023-04-27,0.008697230816019648,0.9971022060886436,111,False,1.113249395870036,-0.10433168902878232
2023-04-28,0.008387417150675638,1.005465318232968,111,False,1.113249395870036,-0.09681934527602565
2023-05-02,0.005132097913117031,1.010625464694383,111,False,1.113249395870036,-0.09218413372274903
2023-05-03,0.001740605211862052,1.0123845646454706,111,False,1.113249395870036,-0.09060398469449582
2023-05-04,0.013971131418516866,1.0265287224442106,111,False,1.113249395870036,-0.0778986934531869
2023-05-05,-0.006148199243262818,1.0202174193296916,111,False,1.113249395870036,-0.08356795600830969
2023-05-08,0.0077274037962775785,1.0281010512888484,111,False,1.113249395870036,-0.07648631555253771
2023-05-09,-0.008427180355424682,1.0194370583060357,111,False,1.113249395870036,-0.08426893193207918
2023-05-10,0.006252762699092035,1.0258113563182838,111,False,1.113249395870036,-0.0785430828672643
2023-05-11,0.008789279436527688,1.0348274989781285,111,False,1.113249395870036,-0.0704441405338635
2023-05-12,0.004632147675728012,1.0396209727722996,111,False,1.113249395870036,-0.06613830051997804
2023-05-15,0.00221800718673953,1.0419268595613937,111,False,1.113249395870036,-0.06406698855911053
2023-05-16,0.004996819915438554,1.0471331804436805,111,False,1.113249395870036,-0.05939029984802624
2023-05-17,0.004334001992911129,1.051671457734567,111,False,1.113249395870036,-0.055313695533015905
2023-05-18,-0.0009140033191617561,1.0507102265315298,111,False,1.113249395870036,-0.05617714195086543
2023-05-19,-0.00011264634412548252,1.0505918678657757,111,False,1.113249395870036,-0.056283460145326814
2023-05-22,0.005626157933231141,1.0565026636377568,111,True,1.113249395870036,-0.05097396184790204
2023-05-23,0.004013239259212176,1.0588638791908853,113,False,1.113249395870036,-0.04885294964534603
2023-05-24,0.0003635055401437448,1.0592487820772292,113,False,1.113249395870036,-0.048507202423050844
2023-05-25,0.0007260500416165136,1.0600178496995385,113,False,1.113249395870036,-0.047816371037772365
2023-05-26,0.007097964331288025,1.0675418185872345,113,False,1.113249395870036,-0.041057805602562
2023-05-29,0.00020761201748840827,1.0677634530979445,113,False,1.113249395870036,-0.04085871767892846
2023-05-30,0.00031004992898694104,1.0680945130807524,113,False,1.113249395870036,-0.04056133599245637
2023-05-31,0.001686561007233187,1.0698959196385542,113,False,1.113249395870036,-0.038943184152909205
2023-06-01,0.004764846901286791,1.0749938098959435,113,False,1.113249395870036,-0.03436389556195962
2023-06-02,0.008246533666413432,1.0838587825404364,113,False,1.113249395870036,-0.02640074491720701
2023-06-05,0.009484902755107353,1.0941390776931015,113,False,1.113249395870036,-0.01716625066030175
2023-06-06,0.01023713651299733,1.105339928795651,113,False,1.113249395870036,-0.007104847398730074
2023-06-07,0.005779268415137935,1.1117279849341304,113,False,1.113249395870036,-0.001366639803758063
2023-06-08,-0.0061856430210778125,1.1048512324827857,113,False,1.113249395870036,-0.007543829278871428
2023-06-09,0.0022672645323192357,1.107356222495683,113,False,1.113249395870036,-0.005293668603114199
2023-06-12,-0.0027657271116009827,1.1042935773689266,113,False,1.113249395870036,-0.008044754871939674
2023-06-13,0.008590216285241946,1.1137796980409294,113,False,1.1137796980409294,0.0
2023-06-14,0.002821143284079373,1.1169218301560015,113,False,1.1169218301560015,0.0
2023-06-15,0.004075280146874784,1.1214735995160474,113,False,1.1214735995160474,0.0
2023-06-16,0.007702112829082044,1.1301113157143567,113,False,1.1301113157143567,0.0
2023-06-19,0.0024102857664085576,1.1328352069330803,113,False,1.1328352069330803,0.0
2023-06-20,0.007394147439698239,1.1412115574780244,113,True,1.1412115574780244,0.0
2023-06-21,-0.0006774864238482746,1.1386168913515844,114,False,1.1412115574780244,-0.0022736065976881603
2023-06-22,-0.009893894025322113,1.1273515364931102,114,False,1.1412115574780244,-0.012145005800277442
2023-06-23,-0.01297616272439783,1.1127228395079756,114,False,1.1412115574780244,-0.024963572953122126
2023-06-26,0.00934131699989266,1.1231171362848402,114,False,1.1412115574780244,-0.01585544860163457
2023-06-27,0.008406471517155997,1.1325585885014484,114,False,1.1412115574780244,-0.007582265461540061
2023-06-28,0.0021024357361379103,1.1349397201511837,114,False,1.1412115574780244,-0.0054957709512694075
2023-06-30,0.007271281582350994,1.1431921864353976,114,False,1.1431921864353976,0.0
2023-07-03,0.0076901502135322255,1.151983506072022,114,False,1.151983506072022,0.0
2023-07-04,-0.0041044867220164415,1.1472552050673674,114,False,1.151983506072022,-0.004104486722016465
2023-07-05,0.008099930237027545,1.1565478921924799,114,False,1.1565478921924799,0.0
2023-07-06,0.006632191090734914,1.1642183388190872,114,False,1.1642183388190872,0.0
2023-07-07,0.0033208653672122273,1.168084551180345,114,False,1.168084551180345,0.0
2023-07-10,0.0032212755020056224,1.1718472733293335,114,False,1.1718472733293335,0.0
2023-07-11,0.013741164995690277,1.1879498200619016,114,False,1.1879498200619016,0.0
2023-07-12,0.008260928745635514,1.1977633888788235,114,False,1.1977633888788235,0.0
2023-07-13,-0.002106070689227167,1.1952408145128763,114,False,1.1977633888788235,-0.0021060706892271908
2023-07-14,0.010558078567343166,1.2078602609393985,114,False,1.2078602609393985,0.0
2023-07-17,0.007670279322520123,1.2171248865233757,114,False,1.2171248865233757,0.0
2023-07-18,-0.0007739366819443759,1.2161829089271878,114,False,1.2171248865233757,-0.0007739366819443649
2023-07-19,0.006825772022272805,1.2244842962009095,114,False,1.2244842962009095,0.0
2023-07-20,-0.002756466547219298,1.2211090462008363,114,True,1.2244842962009095,-0.002756466547219283
2023-07-21,0.0020860972103189553,1.221483855966438,114,False,1.2244842962009095,-0.0024503705305005674
2023-07-24,0.0030254093870961682,1.2251793446904655,114,False,1.2251793446904655,0.0
2023-07-25,0.004208332699284681,1.2303353069892147,114,False,1.2303353069892147,0.0
2023-07-26,0.004060636407976951,1.2353312513307946,114,False,1.2353312513307946,0.0
2023-07-27,0.005914193776674224,1.2426372397295464,114,False,1.2426372397295464,0.0
2023-07-28,0.0033211021496359723,1.24676416493763,114,False,1.24676416493763,0.0
2023-07-31,0.013604891972365427,1.263726256716623,114,False,1.263726256716623,0.0
2023-08-01,0.008326531092018703,1.2742487126849742,114,False,1.2742487126849742,0.0
2023-08-02,-0.01552991755521674,1.2544597352321356,114,False,1.2742487126849742,-0.015529917555216599
2023-08-03,0.006760540901569513,1.2629405615815443,114,False,1.2742487126849742,-0.008874367296477281
2023-08-04,0.010181777126867778,1.2757995409040488,114,False,1.2757995409040488,0.0
2023-08-07,0.00839536290751056,1.2865103410471737,114,False,1.2865103410471737,0.0
2023-08-08,0.00573145044606338,1.2938839113152338,114,False,1.2938839113152338,0.0
2023-08-09,0.007486595838735168,1.3035706972214929,114,False,1.3035706972214929,0.0
2023-08-10,-0.0020224794117847584,1.3009342523245564,114,False,1.3035706972214929,-0.0020224794117847944
2023-08-11,2.9435152148014706e-05,1.300972545522208,114,False,1.3035706972214929,-0.001993103791626094
2023-08-14,-0.0022509311622361918,1.2980441458782783,114,False,1.3035706972214929,-0.004239548614428212
2023-08-16,0.014119157012101879,1.3163714349825735,114,False,1.3163714349825735,0.0
2023-08-17,0.0021474632652016233,1.3191982942825593,114,False,1.3191982942825593,0.0
2023-08-18,-0.005107978999109423,1.312459857099703,114,False,1.3191982942825593,-0.005107978999109419
2023-08-21,0.012442251692202574,1.3287898129776496,114,True,1.3287898129776496,0.0
2023-08-22,0.009297868438762404,1.339121754989381,115,False,1.339121754989381,0.0
2023-08-23,0.007821233168121682,1.3495953384756574,115,False,1.3495953384756574,0.0
2023-08-24,0.00012025669398588889,1.3497576363492814,115,False,1.3497576363492814,0.0
2023-08-25,-0.005498527581700926,1.3423359567572035,115,False,1.3497576363492814,-0.005498527581700885
2023-08-28,0.008599202460539277,1.3538789754194203,115,False,1.3538789754194203,0.0
2023-08-29,0.0051775845037333465,1.3608887982224822,115,False,1.3608887982224822,0.0
2023-08-30,0.005994392582213254,1.3690464999397642,115,False,1.3690464999397642,0.0
2023-08-31,0.007886789566677327,1.3798438815917855,115,False,1.3798438815917855,0.0
2023-09-01,0.008827302523812357,1.3920241809702276,115,False,1.3920241809702276,0.0
2023-09-04,0.00938259526157494,1.4050849804545966,115,False,1.4050849804545966,0.0
2023-09-05,0.0028717340104247157,1.409120010780505,115,False,1.409120010780505,0.0
2023-09-06,-0.0016927692908626855,1.4067346956991158,115,False,1.409120010780505,-0.0016927692908625946
2023-09-07,0.005238567055783581,1.4141039697322328,115,False,1.4141039697322328,0.0
2023-09-08,0.0070270741172040645,1.4240409831369738,115,False,1.4240409831369738,0.0
2023-09-11,0.008952657027461685,1.4367899336520484,115,False,1.4367899336520484,0.0
2023-09-12,-0.04784666797578773,1.3680443227456447,115,False,1.4367899336520484,-0.04784666797578785
2023-09-13,0.01033645271663449,1.3821850482019653,115,False,1.4367899336520484,-0.03800478008033359
2023-09-14,0.013522027785916949,1.4008749928290312,115,False,1.4367899336520484,-0.024996653986660622
2023-09-15,0.008898732270792537,1.4133410043350652,115,False,1.4367899336520484,-0.016320360247360943
2023-09-18,-0.003192815195813874,1.4088284676995573,115,False,1.4367899336520484,-0.01946106754897592
2023-09-20,-0.0035038752925891036,1.4038921084400886,115,True,1.4367899336520484,-0.022896753687812743
2023-09-21,-0.013773213546538099,1.382678121262387,115,False,1.4367899336520484,-0.03766160321858558
2023-09-22,0.0053870545231004905,1.3901266836895259,115,False,1.4367899336520484,-0.03247743380545087
2023-09-25,0.0009859169488280423,1.3914972331479933,115,False,1.4367899336520484,-0.031523536909066174
2023-09-26,0.006542521169916176,1.4006011332537438,115,False,1.4367899336520484,-0.025187259146728258
2023-09-27,0.011672397912948416,1.4169495069984082,115,False,1.4367899336520484,-0.01380885694487688
2023-09-28,-0.002710864115409508,1.4131083494265388,115,False,1.4367899336520484,-0.0164822871255198
2023-09-29,0.008589435867596312,1.425246152967903,115,False,1.4367899336520484,-0.008034424806139362
2023-10-03,0.005850503079215727,1.433584559974482,115,False,1.4367899336520484,-0.0022309271539917575
2023-10-04,-0.010387056638863109,1.4186938359534276,115,False,1.4367899336520484,-0.012594811026149122
2023-10-05,0.008336089610786043,1.430520194900205,115,False,1.4367899336520484,-0.00436371288870796
2023-10-06,0.0051098855573394235,1.4378299893836082,115,False,1.4378299893836082,0.0
2023-10-09,-0.02579769223178693,1.4007372938358564,115,False,1.4378299893836082,-0.02579769223178685
2023-10-10,0.021386270414914445,1.4306938403820855,115,False,1.4378299893836082,-0.00496313823902228
2023-10-11,0.004120540080468405,1.4365890716942593,115,False,1.4378299893836082,-0.0008630489685924614
2023-10-12,0.005322221155202221,1.4442349164429629,115,False,1.4442349164429629,0.0
2023-10-13,0.0025561176717193742,1.447926550834997,115,False,1.447926550834997,0.0
2023-10-16,0.0019109441139553568,1.4506934575547548,115,False,1.4506934575547548,0.0
2023-10-17,0.010018797109990027,1.4652276609747859,115,False,1.4652276609747859,0.0
2023-10-18,-0.00622010478314372,1.456113791392362,115,False,1.4652276609747859,-0.006220104783143721
2023-10-19,0.0037413846454022906,1.4615616731734358,115,False,1.4652276609747859,-0.0025019919422700765
2023-10-20,-0.0095928018444143,1.4475412016592926,115,True,1.4652276609747859,-0.012070792673765651
2023-10-23,-0.054584693254084944,1.366483273870151,115,False,1.4652276609747859,-0.06739183932614423
2023-10-25,-0.009685334771758003,1.3532484259027107,115,False,1.4652276609747859,-0.07642446157314398
2023-10-26,0.005217456287888462,1.3603089404115118,115,False,1.4652276609747859,-0.07160574657283891
2023-10-27,0.02692876617328738,1.3969403817912858,115,False,1.4652276609747859,-0.04660523480567513
2023-10-30,0.0006162396803498018,1.3978012318856285,115,False,1.4652276609747859,-0.0460177151203246
2023-10-31,0.005668836215700144,1.4057251381312923,115,False,1.4652276609747859,-0.040609745794662255
2023-11-01,-0.003879071868086808,1.4002722292937049,115,False,1.4652276609747859,-0.04433128954026666
2023-11-02,0.007338968544254078,1.4105487831378838,115,False,1.4652276609747859,-0.037317666935475
2023-11-03,0.007533308903572761,1.42117488284482,115,False,1.4652276609747859,-0.030065483544487792
2023-11-06,0.013885255453207044,1.4409082591368019,115,False,1.4652276609747859,-0.01659769501062025
2023-11-07,0.0052487311018193095,1.4484711991314014,115,False,1.4652276609747859,-0.011436080746821786
2023-11-08,0.00357026987192085,1.4536426322140055,115,False,1.4652276609747859,-0.007906640769444029
2023-11-09,-0.003943606189695661,1.4479100381320007,115,False,1.4652276609747859,-0.011819066281661739
2023-11-10,0.003950911002163233,1.4536306018317988,115,False,1.4652276609747859,-0.007914851358506114
2023-11-13,0.017465857187546802,1.4790195063268408,115,False,1.4790195063268408,0.0
2023-11-15,0.008471292143066095,1.4915487126502287,115,False,1.4915487126502287,0.0
2023-11-16,-0.003837649556739621,1.485824671394271,115,False,1.4915487126502287,-0.0038376495567395974
2023-11-17,0.0029467830479598025,1.490203074348176,115,False,1.4915487126502287,-0.0009021752294376961
2023-11-20,0.007671163808761131,1.5016346662398203,115,False,1.5016346662398203,0.0
2023-11-21,0.007880104842936646,1.5134677048455782,115,False,1.5134677048455782,0.0
2023-11-22,-0.0054950434690104535,1.5051511340185084,115,True,1.5134677048455782,-0.005495043469010419
2023-11-23,0.0028923581798525437,1.5072228816294417,117,False,1.5134677048455782,-0.004126168795107299
2023-11-24,-0.0018964762418759802,1.5043644692432196,117,False,1.5134677048455782,-0.006014819855893361
2023-11-28,0.0019179098038481193,1.507249704607342,117,False,1.5134677048455782,-0.004108445934015159
2023-11-29,-0.002385917507628656,1.5036535311487513,117,False,1.5134677048455782,-0.006484561028560765
2023-11-30,0.005702342133818133,1.5122278780340852,117,False,1.5134677048455782,-0.0008191960803151099
2023-12-01,0.004573370438867421,1.5191438563083177,117,False,1.5191438563083177,0.0
2023-12-04,0.01942626298970611,1.5486551443801595,117,False,1.5486551443801595,0.0
2023-12-05,-0.0018159292997065046,1.5458428961283384,117,False,1.5486551443801595,-0.0018159292997065313
2023-12-06,0.001945849154562622,1.5488508732208561,117,False,1.5488508732208561,0.0
2023-12-07,0.005524198301076664,1.557407032583324,117,False,1.557407032583324,0.0
2023-12-08,-0.003970963415774962,1.551222626233465,117,False,1.557407032583324,-0.003970963415774964
2023-12-11,0.009134796386927786,1.565392729074903,117,False,1.565392729074903,0.0
2023-12-12,-0.004494836303055688,1.5583565450077177,117,False,1.565392729074903,-0.004494836303055694
2023-12-13,0.010954312375985407,1.5754272693948936,117,False,1.5754272693948936,0.0
2023-12-14,0.008534570296272815,1.5888728641722096,117,False,1.5888728641722096,0.0
2023-12-15,0.002705004486780096,1.5931707723987185,117,False,1.5931707723987185,0.0
2023-12-18,0.004195311160675049,1.599854619521024,117,False,1.599854619521024,0.0
2023-12-19,0.0018525055405631962,1.6028183590677823,117,False,1.6028183590677823,0.0
2023-12-20,-0.04253681157989569,1.5346395765313185,117,False,1.6028183590677823,-0.04253681157989564
2023-12-21,0.02036405748337906,1.5658910650840707,117,False,1.6028183590677823,-0.02303897617268924
2023-12-22,0.009879229200098084,1.5813608618184218,117,True,1.6028183590677823,-0.013387354298736831
2023-12-26,0.0033248385333197296,1.5834668800030782,119,False,1.6028183590677823,-0.012073407417144355
2023-12-27,-0.0006414083946060159,1.5824512310536636,119,False,1.6028183590677823,-0.012707071826881466
2023-12-28,-0.00512482527329089,1.5743414449910094,119,False,1.6028183590677823,-0.017766775577324534
2023-12-29,0.006809187224576628,1.5850614306453636,119,False,1.6028183590677823,-0.01107856565403098
2024-01-01,0.011656863628519783,1.603538275585223,119,False,1.603538275585223,0.0
2024-01-02,-3.382616992946007e-05,1.6034840340270247,119,False,1.603538275585223,-3.382616992941845e-05
2024-01-03,0.006551669603947671,1.6139895316331747,119,False,1.6139895316331747,0.0
2024-01-04,0.012194548594056014,1.6336714054069732,119,False,1.6336714054069732,0.0
2024-01-05,0.0063420994327616585,1.6440323119005238,119,False,1.6440323119005238,0.0
2024-01-08,0.0012816881492553425,1.6461394486316798,119,False,1.6461394486316798,0.0
2024-01-09,0.004512199099176227,1.6535671575689144,119,False,1.6535671575689144,0.0
2024-01-10,0.00817353757315734,1.6670826508610428,119,False,1.6670826508610428,0.0
2024-01-11,0.010618784215757028,1.6847850418003685,119,False,1.6847850418003685,0.0
2024-01-12,-0.0004941353805955603,1.6839525299025169,119,False,1.6847850418003685,-0.0004941353805955062
2024-01-15,0.008100945219877635,1.6975941371001315,119,False,1.6975941371001315,0.0
2024-01-16,-0.0003081452242444654,1.6970710315740787,119,False,1.6975941371001315,-0.00030814522424449375
2024-01-17,-0.005111437897895045,1.688396558387871,119,False,1.6975941371001315,-0.005418008056962242
2024-01-18,0.001476955395409054,1.690890244794372,119,False,1.6975941371001315,-0.003949054817785291
2024-01-19,0.03832624546368584,1.7556957193685132,119,False,1.7556957193685132,0.0
2024-01-23,-0.02652804034695518,1.7091205524881288,119,False,1.7556957193685132,-0.026528040346955217
2024-01-24,0.019947378484331677,1.7432130270239594,119,True,1.7556957193685132,-0.007109826723871948
2024-01-25,0.011483392357220339,1.7598834963561112,124,False,1.7598834963561112,0.0
2024-01-29,0.011317754544743822,1.7798014257952153,124,False,1.7798014257952153,0.0
2024-01-30,0.0055295803003296215,1.7896429806977912,124,False,1.7896429806977912,0.0
2024-01-31,0.01459364862061507,1.8157604015144448,124,False,1.8157604015144448,0.0
2024-02-01,-0.003530517237465144,1.8093498281177915,124,False,1.8157604015144448,-0.003530517237465114
2024-02-02,0.008028540268310685,1.8238762660722962,124,False,1.8238762660722962,0.0
2024-02-05,-0.006535181375476368,1.8119569038670873,124,False,1.8238762660722962,-0.006535181375476262
2024-02-06,0.011212319701690556,1.8322731439589304,124,False,1.8322731439589304,0.0
2024-02-07,0.008870521873286881,1.8485263629602544,124,False,1.8485263629602544,0.0
2024-02-08,-0.0033668229898402425,1.842302701904114,124,False,1.8485263629602544,-0.003366822989840257
2024-02-09,-0.01874699217108926,1.8077650675747412,124,False,1.8485263629602544,-0.022050697356697402
2024-02-12,-0.04300786080570131,1.7300169591790775,124,False,1.8485263629602544,-0.06411020483981322
2024-02-13,0.0023988077009779118,1.7341669371835788,124,False,1.8485263629602544,-0.061865185191916305
2024-02-14,0.014244763293260434,1.7588697347147575,124,False,1.8485263629602544,-0.04850167681780837
2024-02-15,0.01384058838024728,1.7832135267274192,124,False,1.8485263629602544,-0.035332380182148126
2024-02-16,0.005175803081121393,1.7924430887933522,124,False,1.8485263629602544,-0.030339450543236834
2024-02-19,0.008249431672488676,1.8072297255811773,124,False,1.8485263629602544,-0.02234030209498561
2024-02-20,-0.002530237644886684,1.8026570048965536,124,False,1.8485263629602544,-0.024814013466513463
2024-02-21,-0.014829551179330965,1.7759244105836607,124,False,1.8485263629602544,-0.039275583963178096
2024-02-22,0.004062062148593814,1.7831383259106564,124,False,1.8485263629602544,-0.03537306167756504
2024-02-23,0.008105553979871888,1.7975916498649034,124,True,1.8485263629602544,-0.027554225958554057
2024-02-26,-0.0021273678371964643,1.7901382360401725,130,False,1.8485263629602544,-0.03158631009545265
2024-02-27,-0.0034233471497679235,1.7840099714121338,130,False,1.8485263629602544,-0.03490152634058363
2024-02-28,-0.022961001317761465,1.7430473161076403,130,False,1.8485263629602544,-0.057061153666047026
2024-02-29,0.0056547535799196785,1.7529038191583692,130,False,1.8485263629602544,-0.05172906684909484
2024-03-01,0.010215147384375345,1.7708099900217067,130,False,1.8485263629602544,-0.04204233950663905
2024-03-04,-0.005668309920516319,1.7607724901879171,130,False,1.8485263629602544,-0.04747234041704829
2024-03-05,-0.007431401189643142,1.7476874834096439,130,False,1.8485263629602544,-0.05455095559964096
2024-03-06,-0.023487320859196862,1.7066389867251992,130,False,1.8485263629602544,-0.07675702066149326
2024-03-07,0.008627113150512615,1.7213623543707537,130,False,1.8485263629602544,-0.06879209901332362
2024-03-11,-0.027959347833778743,1.6732341855569295,130,False,1.8485263629602544,-0.0948280646225731
2024-03-12,-0.032589416495561664,1.6187044597892029,130,False,1.8485263629602544,-0.12432708982468166
2024-03-13,-0.06469136030061957,1.5139882663607598,130,False,1.8485263629602544,-0.1809755615623252
2024-03-14,0.046765446266854645,1.5847906032799024,130,False,1.8485263629602544,-0.14267351819532725
2024-03-15,0.0021865025095022294,1.5882557519110094,130,False,1.8485263629602544,-0.14079897169139866
2024-03-18,-0.0032586277153194123,1.5830802176988168,130,False,1.8485263629602544,-0.14359878797527592
2024-03-19,0.018490218527881297,1.6123517168712338,130,False,1.8485263629602544,-0.1277637424173964
2024-03-20,-0.005023955985175717,1.6042513328130503,130,False,1.8485263629602544,-0.13214581898416577
2024-03-21,0.03116403027604523,1.6542462699192222,130,False,1.8485263629602544,-0.10509998501179585
2024-03-22,0.012868971306711849,1.6755347177010478,130,False,1.8485263629602544,-0.09358354239653666
2024-03-26,-0.0005790787241828233,1.6745644511943973,130,False,1.8485263629602544,-0.09410842888238402
2024-03-27,0.00800688289401869,1.6879724926535977,130,True,1.8485263629602544,-0.08685506115776653
2024-03-28,0.004791318793863129,1.693034945187408,133,False,1.8485263629602544,-0.0841164188342115
2024-04-01,0.03553604269162257,1.7531987072779964,133,False,1.8485263629602544,-0.05156954079334797
2024-04-02,0.017570996254411553,1.784004155196817,133,False,1.8485263629602544,-0.03490467274705811
2024-04-03,0.016158209049328475,1.8128304672813578,133,False,1.8485263629602544,-0.01931046069677511
2024-04-04,0.00011355362646514383,1.8130363207550841,133,False,1.8485263629602544,-0.019199099843150713
2024-04-05,0.005460741470564138,1.8229368433794704,133,False,1.8485263629602544,-0.013843199693297614
2024-04-08,-0.003008276962744387,1.817452944468994,133,False,1.8485263629602544,-0.016809832477314046
2024-04-09,-0.003396743597066734,1.8112795228168987,133,False,1.8485263629602544,-0.020149477383545666
2024-04-10,-0.0005686408087928695,1.8102495553640943,133,False,1.8485263629602544,-0.020706660377222352
2024-04-12,-0.008186369566724278,1.7954301834958855,133,False,1.8485263629602544,-0.028723517569606116
2024-04-15,-0.020488292074189077,1.758644885497607,133,False,1.8485263629602544,-0.048623313826431036
2024-04-16,0.010889806781478812,1.7777961884979119,133,False,1.8485263629602544,-0.038263005537597095
2024-04-18,-0.005822199448846297,1.7674455045090782,133,False,1.8485263629602544,-0.04386243013669133
2024-04-19,0.0013800397928613365,1.7698846496370146,133,False,1.8485263629602544,-0.04254292224283018
2024-04-22,0.022599924030181955,1.8098839082609963,133,False,1.8485263629602544,-0.020904465023358187
2024-04-23,0.014470259015919067,1.836073397202277,133,False,1.8485263629602544,-0.006736699030916227
2024-04-24,0.008096393664851155,1.8509389702235874,133,False,1.8509389702235874,0.0
2024-04-25,0.009011458180418938,1.8676186293482653,133,False,1.8676186293482653,0.0
2024-04-26,0.003981170789238503,1.8750539380808644,133,False,1.8750539380808644,0.0
2024-04-29,0.0046298825611662524,1.8837352176100308,133,False,1.8837352176100308,0.0
2024-04-30,-0.001117010696051061,1.8816310652234323,133,True,1.8837352176100308,-0.0011170106960510795
2024-05-02,0.008120185374780367,1.8939278725159636,136,False,1.8939278725159636,0.0
2024-05-03,-0.002448630978631513,1.8892903420560274,136,False,1.8939278725159636,-0.002448630978631461
2024-05-06,-0.023676210163346166,1.8445591068579288,136,False,1.8939278725159636,-0.026066866840315117
2024-05-07,-0.02470565817035952,1.7989880600888732,136,False,1.8939278725159636,-0.050128525908945454
2024-05-08,0.00975648451891158,1.816539859246837,136,False,1.8939278725159636,-0.04086111957702043
2024-05-09,-0.029653704710310525,1.7626727226662222,136,False,1.8939278725159636,-0.06930314071326127
2024-05-10,0.011444076776616508,1.782844884636462,136,False,1.8939278725159636,-0.05865217439982806
2024-05-13,-0.0038625127038196907,1.7759586236206137,136,False,1.8939278725159636,-0.06228814233492175
2024-05-14,0.028802178397732053,1.8271101007251256,136,False,1.8939278725159636,-0.03527999812478333
2024-05-15,0.01242121343903766,1.8498050252628537,136,False,1.8939278725159636,-0.02329700507258259
2024-05-16,0.005281352626059145,1.859574497890723,136,False,1.8939278725159636,-0.018138692145442947
2024-05-17,0.012779356059320044,1.8833386625181,136,False,1.8939278725159636,-0.005591136891499815
2024-05-21,0.013719010289700063,1.9091762050081755,136,False,1.9091762050081755,0.0
2024-05-22,0.0005781791407138729,1.9102800508658584,136,False,1.9102800508658584,0.0
2024-05-23,0.0006569249246036359,1.9115349614442452,136,False,1.9115349614442452,0.0
2024-05-24,-0.00968059974371822,1.8930301565863794,136,False,1.9115349614442452,-0.009680599743718266
2024-05-27,-0.004713865014083145,1.8841066679606426,136,False,1.9115349614442452,-0.014348831717354127
2024-05-28,-0.01667726784749029,1.8526849164058206,136,False,1.9115349614442452,-0.030786800254995583
2024-05-29,0.0017099641158425632,1.855852941130837,136,False,1.9115349614442452,-0.029129480462830704
2024-05-30,-0.013021503784560797,1.8316869450343136,136,False,1.9115349614442452,-0.04177167460730247
2024-05-31,0.009505176111408569,1.849097452027833,136,True,1.9115349614442452,-0.032663545619504686
2024-06-03,0.029531667050964834,1.9011661635114085,136,False,1.9115349614442452,-0.005424330782316744
2024-06-04,-0.04928023253770596,1.807476252880748,136,False,1.9115349614442452,-0.05443725103770869
2024-06-05,0.017258452151166594,1.83867049530546,136,False,1.9115349614442452,-0.03811830157881757
2024-06-06,0.03711360441432216,1.9069101847165126,136,False,1.9115349614442452,-0.0024194047302374955
2024-06-07,0.025998952813774373,1.9564878526290628,136,False,1.9564878526290628,0.0
2024-06-10,0.007360865072868489,1.9708892957289714,136,False,1.9708892957289714,0.0
2024-06-11,0.022012021854586165,2.014272553979527,136,False,2.014272553979527,0.0
2024-06-12,0.015118441155584531,2.0447252150581754,136,False,2.0447252150581754,0.0
2024-06-13,0.010775467291171716,2.0667580847324687,136,False,2.0667580847324687,0.0
2024-06-14,0.012429564317397973,2.092446987275153,136,False,2.092446987275153,0.0
2024-06-18,0.01316940068524344,2.1200032600632097,136,False,2.1200032600632097,0.0
2024-06-19,-0.007481091158336174,2.104143322418707,136,False,2.1200032600632097,-0.007481091158336173
2024-06-20,0.010445279985998146,2.126121688552039,136,False,2.126121688552039,0.0
2024-06-21,-0.003571213269809306,2.1185288545646523,136,False,2.126121688552039,-0.003571213269809359
2024-06-24,0.006930819366159862,2.1332119953776374,136,False,2.1332119953776374,0.0
2024-06-25,-0.0005883192870549013,2.13195698561738,136,False,2.1332119953776374,-0.0005883192870548282
2024-06-26,0.001407691045994574,2.1349581223764793,136,False,2.1349581223764793,0.0
2024-06-27,-0.011012429231131996,2.111447047142378,136,False,2.1349581223764793,-0.011012429231131882
2024-06-28,0.005506549736996931,2.1230738353245027,136,False,2.1349581223764793,-0.005566519983421503
2024-07-01,0.018719937184693308,2.1628176441602434,136,False,2.1628176441602434,0.0
2024-07-02,0.0054564959814078755,2.1746190499441216,136,True,2.1746190499441216,0.0
2024-07-03,0.013753309802819566,2.2018781443862645,140,False,2.2018781443862645,0.0
2024-07-04,0.006190936084747321,2.215509831244562,140,False,2.215509831244562,0.0
2024-07-05,-0.0005576912576831382,2.214274260780366,140,False,2.215509831244562,-0.0005576912576831239
2024-07-08,0.00324871819105481,2.2214678138513473,140,False,2.2214678138513473,0.0
2024-07-09,-8.352992893720379e-05,2.22128225480272,140,False,2.2214678138513473,-8.352992893734257e-05
2024-07-10,-0.010493171153291273,2.197973959923306,140,False,2.2214678138513473,-0.010575824588387905
2024-07-11,0.012627728239244587,2.2257293777661538,140,False,2.2257293777661538,0.0
2024-07-12,-0.002102885024468013,2.2210489247891307,140,False,2.2257293777661538,-0.002102885024468093
2024-07-15,0.004028525084137268,2.2299964760957396,140,False,2.2299964760957396,0.0
2024-07-16,0.001598165769345032,2.233560380129596,140,False,2.233560380129596,0.0
2024-07-18,-0.018234625049912124,2.1928322440715937,140,False,2.233560380129596,-0.018234625049912134
2024-07-19,-0.02537109016544739,2.137197699489553,140,False,2.233560380129596,-0.04314308289908508
2024-07-22,0.008368876733801843,2.155083643592346,140,False,2.233560380129596,-0.03513526530798183
2024-07-23,-0.007131646098994152,2.139714349732514,140,False,2.233560380129596,-0.04201633912920533
2024-07-24,0.02246499937780285,2.187783031267931,140,False,2.233560380129596,-0.02049523678379761
2024-07-25,0.0031634079719003393,2.1947038815498323,140,False,2.233560380129596,-0.017396663607325058
2024-07-26,0.011676239102177603,2.2203297688292856,140,False,2.233560380129596,-0.005923552109006636
2024-07-29,0.011938846602462614,2.2468379453462197,140,False,2.2468379453462197,0.0
2024-07-30,0.0064906975335616846,2.2614214908563914,140,False,2.2614214908563914,0.0
2024-07-31,0.0038655275354968896,2.270163077898661,140,False,2.270163077898661,0.0
2024-08-01,-0.008172131294078304,2.2516110071671043,140,True,2.270163077898661,-0.008172131294078344
2024-08-02,-0.0014979329120575198,2.2443161208286826,138,False,2.270163077898661,-0.01138550676011485
2024-08-05,-0.045464002786458235,2.1422805264576343,138,False,2.270163077898661,-0.056331878835505944
2024-08-06,-0.01882510190812141,2.1019518772312855,138,False,2.270163077898661,-0.07409652738387296
2024-08-07,0.03189749787511681,2.168998882768868,138,False,2.270163077898661,-0.04456252333353694
2024-08-08,-0.0014126645162631378,2.165934815011366,138,False,2.270163077898661,-0.04591223595433158
2024-08-09,0.01304462017073732,2.1941886119877654,138,False,2.270163077898661,-0.03346652346280787
2024-08-12,0.011091264730389312,2.2185249387517274,138,False,2.270163077898661,-0.02274644480375021
2024-08-13,-0.016418009570289795,2.182101175075375,138,False,2.270163077898661,-0.03879100302556204
2024-08-14,-0.007457041202574934,2.1658291567046506,138,False,2.270163077898661,-0.04595877812028615
2024-08-16,0.01722253610970098,2.2031302275634395,138,False,2.270163077898661,-0.02952776872631957
2024-08-19,0.01723758255730625,2.2411068667455614,138,False,2.270163077898661,-0.01279917352016624
2024-08-20,0.002764403067581482,2.2473021894427707,138,False,2.270163077898661,-0.010070152527126397
2024-08-21,0.011263304419888698,2.272614238125947,138,False,2.272614238125947,0.0
2024-08-22,0.004180361665018647,2.2821145875663844,138,False,2.2821145875663844,0.0
2024-08-23,0.004773132185957575,2.293007422156341,138,False,2.293007422156341,0.0
2024-08-26,0.0013811105925367355,2.2961743189958463,138,False,2.2961743189958463,0.0
2024-08-27,0.008101589966810213,2.3147769818206703,138,False,2.3147769818206703,0.0
2024-08-28,-0.002007719254524434,2.3101295595043387,138,False,2.3147769818206703,-0.002007719254524476
2024-08-29,-0.010871213298977375,2.2850156483146944,138,False,2.3147769818206703,-0.01285710620924152
2024-08-30,0.00782568248538409,2.3028974552525394,138,False,2.3147769818206703,-0.005132039354731721
2024-09-02,-0.009321479988196567,2.281431042708534,138,True,2.3147769818206703,-0.014405681140784554
2024-09-03,0.004001543674078099,2.2874202534012094,136,False,2.3147769818206703,-0.01181829983376792
2024-09-04,0.0034105055135098877,2.2952215127871485,136,False,2.3147769818206703,-0.008448100697001304
2024-09-05,0.006295508326254419,2.309671098931498,136,False,2.3147769818206703,-0.0022057774590260593
2024-09-06,-0.010492813715300399,2.2854361503467966,136,False,2.3147769818206703,-0.012675446362351406
2024-09-09,-0.008218951172159681,2.2666522622200076,136,False,2.3147769818206703,-0.020790218659773707
2024-09-10,0.010845851601634603,2.291236036288555,136,False,2.3147769818206703,-0.01016985468448861
2024-09-11,-0.008098590587275753,2.272680253691841,136,False,2.3147769818206703,-0.018186083782342766
2024-09-12,0.008316954699447047,2.291582032408124,136,False,2.3147769818206703,-0.010020381917873689
2024-09-13,0.00995203405213129,2.314387934827902,136,False,2.3147769818206703,-0.00016807104780436344
2024-09-16,-0.0010016706226246847,2.3120696804242282,136,False,2.3147769818206703,-0.0011695733185979051
2024-09-17,-0.003184297953874393,2.3047073616716385,136,False,2.3147769818206703,-0.004350147002546878
2024-09-18,-0.0013750117821948323,2.301538361894829,136,False,2.3147769818206703,-0.005719177281358845
2024-09-19,-0.023026168931970986,2.248542750770427,136,False,2.3147769818206703,-0.028613655471097288
2024-09-20,0.021828140569121655,2.2976242580099235,136,False,2.3147769818206703,-0.007410097795795156
2024-09-23,0.006680898909095338,2.3129744534087733,136,False,2.3147769818206703,-0.0007787050009799845
2024-09-24,0.0015156040498778669,2.3164800068576237,136,False,2.3164800068576237,0.0
2024-09-25,-0.005139153031266406,2.3045752616085133,136,False,2.3164800068576237,-0.005139153031266441
2024-09-26,-0.005651873579983324,2.291550093574345,136,False,2.3164800068576237,-0.010761980768008717
2024-09-27,0.003776811027472669,2.300204845237763,136,False,2.3164800068576237,-0.007025815708178174
2024-09-30,-0.0021205575889526353,2.295327128397048,136,False,2.3164800068576237,-0.009131474650312277
2024-10-01,0.005306164561632264,2.3075065118631017,136,True,2.3164800068576237,-0.0038737631958648544
2024-10-03,-0.018914293782822764,2.259899827406105,134,False,2.3164800068576237,-0.024425067034475112
2024-10-04,-0.006627937304843095,2.2449213530348313,134,False,2.3164800068576237,-0.03089111652634713
2024-10-07,-0.03477181857290643,2.1668613550366604,134,False,2.3164800068576237,-0.064588794799885
2024-10-08,0.03929477816745833,2.2520076913024645,134,False,2.3164800068576237,-0.027832018996191477
2024-10-09,0.0160162928844106,2.28807650606431,134,False,2.3164800068576237,-0.01226149187958847
2024-10-10,0.0073512476989261045,2.304896723214482,134,False,2.3164800068576237,-0.005000381444627666
2024-10-11,0.006446822821018051,2.319755984009791,134,False,2.319755984009791,0.0
2024-10-14,0.004810324146146171,2.3309147622328403,134,False,2.3309147622328403,0.0
2024-10-15,0.007940891207005403,2.349424302772534,134,False,2.349424302772534,0.0
2024-10-16,0.005273006403098233,2.361812832164648,134,False,2.361812832164648,0.0
2024-10-17,-0.016350902428382663,2.3231950609918215,134,False,2.361812832164648,-0.016350902428382663
2024-10-18,-4.391130612097058e-06,2.323184859538871,134,False,2.361812832164648,-0.016355221760046668
2024-10-21,-0.015411503254767943,2.2873810885146604,134,False,2.361812832164648,-0.0315146664614272
2024-10-22,-0.043799171036911194,2.1871956929922107,134,False,2.361812832164648,-0.07393352123182306
2024-10-23,0.007746536545918277,2.2041388843610497,134,False,2.361812832164648,-0.06675971341009568
2024-10-24,-0.01342783329032336,2.17454207487313,134,False,2.361812832164648,-0.0792911083982385
2024-10-25,-0.03318890874640268,2.1023713963849526,134,False,2.361812832164648,-0.10984843178361092
2024-10-28,0.017181747166374717,2.138493810167457,134,False,2.361812832164648,-0.09455407259876492
2024-10-29,0.007788721491051847,2.1551499428651897,134,False,2.361812832164648,-0.08750180644502958
2024-10-30,0.01945262638271803,2.197073269502482,134,False,2.361812832164648,-0.06975132001089968
2024-10-31,0.010923111908486875,2.221072146696403,134,True,2.361812832164648,-0.05959010957665656
2024-11-01,0.015827293613339947,2.2522407238867634,135,False,2.361812832164648,-0.04639322252198086
2024-11-04,-0.01797447459563553,2.211757880212005,135,False,2.361812832164648,-0.06353380331798542
2024-11-05,0.006085413726051241,2.2252173419749495,135,False,2.361812832164648,-0.057835019070713534
2024-11-06,0.02707475981980092,2.285464567055777,135,False,2.361812832164648,-0.0323261285014258
2024-11-07,-0.00652023535723912,2.270562800177943,135,False,2.361812832164648,-0.03863558989264715
2024-11-08,-0.018132943727914082,2.2293908126916215,135,False,2.361812832164648,-0.05606795664314301
2024-11-11,-0.007956792428229442,2.2116520127536328,135,False,2.361812832164648,-0.0635786279784879
2024-11-12,-0.016935206951207808,2.1741972282135946,135,False,2.361812832164648,-0.07943711770720618
2024-11-13,-0.0390002321101498,2.0894030316600203,135,False,2.361812832164648,-0.11533928378861358
2024-11-14,0.010576686787238412,2.1115019930981944,135,False,2.361812832164648,-0.10598250448027191
2024-11-18,-0.0037368702210468082,2.1036115841785046,135,False,2.361812832164648,-0.10932333183637455
2024-11-19,0.010795695994084108,2.1263215353309293,135,False,2.361812832164648,-0.09970785729785636
2024-11-21,-0.01227736527251943,2.100215909154847,135,False,2.361812832164648,-0.11076107278578984
2024-11-22,0.010000191763135848,2.121218470990384,135,False,2.361812832164648,-0.10186851299040267
2024-11-25,0.010234191153842982,2.1429274263015623,135,False,2.361812832164648,-0.09267686367106098
2024-11-26,0.00722994564499303,2.1584206751148876,135,False,2.361812832164648,-0.0861169667129581
2024-11-27,0.013072900890539634,2.186637494680756,135,False,2.361812832164648,-0.0741698643932509
2024-11-28,0.00716359033935783,2.2023016699133287,135,False,2.361812832164648,-0.06753759657793212
2024-11-29,0.005783491683685871,2.21503866330624,135,False,2.361812832164648,-0.062144708022390804
2024-12-02,0.014150958219438615,2.2463835828851275,135,False,2.361812832164648,-0.048873156969736375
2024-12-03,0.010264453025817397,2.2694414816496193,135,True,2.361812832164648,-0.03911036016785818
2024-12-04,0.004045925458316151,2.2752278094426868,138,False,2.361812832164648,-0.03666040828586925
2024-12-05,0.005024476706220686,2.286659638572577,138,False,2.361812832164648,-0.03182013094712155
2024-12-06,0.006324808396922927,2.3011223226555253,138,False,2.361812832164648,-0.02569657878160414
2024-12-09,0.00471323381509619,2.311968050199338,138,False,2.361812832164648,-0.021104458950553795
2024-12-10,0.0011481682979214672,2.314622578620384,138,False,2.361812832164648,-0.019980522123344113
2024-12-11,0.002345906469753865,2.320052466702608,138,False,2.361812832164648,-0.017681488089708486
2024-12-12,-0.009140455040316985,2.2988461314395363,138,False,2.361812832164648,-0.02666032628309556
2024-12-13,-0.002584430341118994,2.29290492374788,138,False,2.361812832164648,-0.0291758548680644
2024-12-16,-0.0050626527265418934,2.2812967423839665,138,False,2.361812832164648,-0.03409080037340928
2024-12-17,-0.002394317535037599,2.2758345935910524,138,False,2.361812832164648,-0.036403493707329315
2024-12-18,-0.011339914304619544,2.2500268243282413,138,False,2.361812832164648,-0.04733059551291896
2024-12-19,5.769644619832354e-05,2.2501566428798556,138,False,2.361812832164648,-0.047275629873878344
2024-12-20,-0.025308106435891133,2.193209439064425,138,False,2.361812832164648,-0.07138727963709757
2024-12-23,-0.0069874470518021875,2.177884504235449,138,False,2.361812832164648,-0.07787591185226339
2024-12-24,0.002699288746887537,2.1837632433697527,138,False,2.361812832164648,-0.07538683267789226
2024-12-26,-0.0027605623582812135,2.177734828760708,138,False,2.361812832164648,-0.07793928498357283
2024-12-27,0.0022971591623108475,2.182737432275679,138,False,2.361812832164648,-0.07582116476386602
2024-12-30,-0.008790941137469512,2.1635491159899924,138,False,2.361812832164648,-0.08394556650492191
2024-12-31,0.010068207219856424,2.1853321768201166,138,False,2.361812832164648,-0.07472254064382544
2025-01-01,0.012757657638582113,2.213211896558565,138,False,2.361812832164648,-0.06291816759666224
2025-01-02,0.008811698507080457,2.232714052523323,138,True,2.361812832164648,-0.05466088501306143
2025-01-03,-0.001448980558338291,2.226109763030839,140,False,2.361812832164648,-0.05745716480396723
2025-01-06,-0.03797897987600586,2.141564385138911,140,False,2.361812832164648,-0.09325398017415087
2025-01-07,0.024567148900734376,2.194176516269128,140,False,2.361812832164648,-0.07097781568994099
2025-01-08,-0.009309175467797422,2.173750542071858,140,False,2.361812832164648,-0.07962624621715975
2025-01-09,-0.018602780465275984,2.1333127379514205,140,False,2.361812832164648,-0.096747757104784
2025-01-10,-0.030392247052190624,2.0684765701800156,140,False,2.361812832164648,-0.12419962242130078
2025-01-13,-0.04816088154582498,1.9688569151032616,140,False,2.361812832164648,-0.16637894066365733
2025-01-14,0.02793260315712048,2.0238522139859936,140,False,2.361812832164648,-0.14309373442979678
2025-01-15,0.0018605107854007023,2.0276176128581715,140,False,2.361812832164648,-0.141499451080626
2025-01-16,0.017405282435899644,2.062908870081973,140,False,2.361812832164648,-0.12655700655530933
2025-01-17,0.0004085378165669958,2.0637516463675327,140,False,2.361812832164648,-0.12620017206187173
2025-01-20,0.01166363242339819,2.0878224869839466,140,False,2.361812832164648,-0.11600849205717279
2025-01-21,-0.029669171996585135,2.0258785225192817,140,False,2.361812832164648,-0.14223578814984916
2025-01-22,-0.021263185990439817,1.9828018907009166,140,False,2.361812832164648,-0.16047458812236204
2025-01-23,0.005234390812268924,1.993180650700151,140,False,2.361812832164648,-0.15608018401976342
2025-01-24,-0.025653262170177334,1.9420490649152153,140,False,2.361812832164648,-0.17772948030971225
2025-01-27,-0.043608730225904786,1.857358771157857,140,False,2.361812832164648,-0.2135876535756006
2025-01-28,-0.02684039632749339,1.8075065256176341,140,False,2.361812832164648,-0.2346952726304654
2025-01-29,0.0424392881759387,1.8842158159382107,140,False,2.361812832164648,-0.2022162847632215
2025-01-30,0.00044384652635450156,1.8850521185830171,140,False,2.361812832164648,-0.20186219123243143
2025-01-31,0.024211591483944406,1.9306922304040932,140,True,2.361812832164648,-0.18253800465866055
2025-02-03,-0.01944643570807812,1.8902924459850106,142,False,2.361812832164648,-0.19964341786875617
2025-02-04,0.015203198034414066,1.9190309363842777,142,False,2.361812832164648,-0.18747543825246804
2025-02-05,0.01893895931664482,1.9553753852158424,142,False,2.361812832164648,-0.1720870686337569
2025-02-06,0.0008285087072549418,1.9569954307484458,142,False,2.361812832164648,-0.1714011355612709
2025-02-07,-0.006704350599533851,1.9438750472590225,142,False,2.361812832164648,-0.1769563528548438
2025-02-10,-0.026206514463406994,1.8929328577179731,142,False,2.361812832164648,-0.19852545809776845
2025-02-11,-0.04020939470069053,1.8168191733000851,142,False,2.361812832164648,-0.23075226429567042
2025-02-12,0.0002467357881985679,1.8172674476108235,142,False,2.361812832164648,-0.23056246334928154
2025-02-13,-0.006731497390146495,1.8050345165300332,142,False,2.361812832164648,-0.23574193011912647
2025-02-14,-0.040322038283153755,1.7322518456520954,142,False,2.361812832164648,-0.26655837327107224
2025-02-17,-0.008250609944258703,1.7179597113483978,142,False,2.361812832164648,-0.27260971405009515
2025-02-18,-0.025838486276087293,1.6735702329238513,142,False,2.361812832164648,-0.29140437797097096
2025-02-19,0.030943504912818106,1.7253563616482768,142,False,2.361812832164648,-0.26947794585951435
2025-02-20,0.019476656872086034,1.7589605354861713,142,False,2.361812832164648,-0.25524981847352846
2025-02-21,-0.006143679409720397,1.7481540458617941,142,False,2.361812832164648,-0.2598253248291582
2025-02-24,-0.01265667880009766,1.72602822161023,142,False,2.361812832164648,-0.26919347794876225
2025-02-25,-0.0069149674266568584,1.714092792680305,142,False,2.361812832164648,-0.2742469812439349
2025-02-27,-0.03005132094994342,1.6625820400294842,142,False,2.361812832164648,-0.29605681814096374
2025-02-28,-0.028577558116596645,1.6150695051569317,142,False,2.361812832164648,-0.3161737953313224
2025-03-03,-0.016172434220306398,1.5889498998235583,142,False,2.361812832164648,-0.3272329296444484
2025-03-04,0.014357552367953774,1.6117633312203299,142,True,2.361812832164648,-0.31757364120038367
2025-03-05,0.03390646144318704,1.662687695986755,157,False,2.361812832164648,-0.2960120830307841
2025-03-06,0.02233759315911959,1.6998281372903812,157,False,2.361812832164648,-0.28028668735258955
2025-03-07,0.01547545784032103,1.72613375596481,157,False,2.361812832164648,-0.2691487943255967
2025-03-10,-0.02434500032787389,1.6841110291098924,157,False,2.361812832164648,-0.2869413671673672
2025-03-11,-0.008663584140991543,1.669520591506427,157,False,2.361812832164648,-0.29311901063037304
2025-03-12,-0.009217217660677266,1.6541322568255297,157,False,2.361812832164648,-0.2996344865695878
2025-03-13,-0.009613601246744128,1.638230088899032,157,False,2.361812832164648,-0.306367521342679
2025-03-17,-0.004242793028974418,1.631279417697995,157,False,2.361812832164648,-0.3093104603877965
2025-03-18,0.02916178252467321,1.6788504333138796,157,False,2.361812832164648,-0.28916872224155876
2025-03-19,0.0298061937614179,1.7288905746256733,157,False,2.361812832164648,-0.26798154744501446
2025-03-20,0.008180177616364309,1.7430332066053695,157,False,2.361812832164648,-0.26199350648465847
2025-03-21,0.022499314861426447,1.7822502595347056,157,False,2.361812832164648,-0.2453888660172795
2025-03-24,0.01559769447060476,1.8100492545530837,157,False,2.361812832164648,-0.23361867210530052
2025-03-25,-0.017628935811765067,1.7781400124284343,157,False,2.361812832164648,-0.24712915934209145
2025-03-26,-0.017506066073772916,1.7470117758824428,157,False,2.361812832164648,-0.2603089660236657
2025-03-27,0.010919901934157403,1.7660889731528975,157,False,2.361812832164648,-0.2522316124710686
2025-03-28,-0.003081014128069319,1.7606476280751862,157,False,2.361812832164648,-0.25453549743756876
2025-04-01,0.00512746623961448,1.7696752893479992,157,False,2.361812832164648,-0.25071315336784883
2025-04-02,0.015411396184018423,1.7969484563492084,157,False,2.361812832164648,-0.23916559691892691
2025-04-03,0.00894462866404909,1.8130214930196884,157,False,2.361812832164648,-0.23236021570853327
2025-04-04,-0.03830066983531366,1.743581555411214,157,True,2.361812832164648,-0.2617613336391321
2025-04-07,-0.04610051307352869,1.6603464438282767,159,False,2.361812832164648,-0.29700337756801143
2025-04-08,0.02228514764986924,1.6973475094789252,159,False,2.361812832164648,-0.2813369940397551
2025-04-09,-0.014055904284143366,1.6734897553487602,159,False,2.361812832164648,-0.29143845246408706
2025-04-11,0.03680561393748587,1.7350835732124645,159,False,2.361812832164648,-0.26535940969453264
2025-04-15,0.0399000140701723,1.8043134321965668,159,False,2.361812832164648,-0.23604723980482478
2025-04-16,0.009390586305252033,1.8212569932033345,159,False,2.361812832164648,-0.22887327547707637
2025-04-17,0.00676522122091761,1.8335781996624985,159,False,2.361812832164648,-0.22365643259631718
2025-04-21,0.012293602367806907,1.8561194809594284,159,False,2.361812832164648,-0.21411237347785161
2025-04-22,0.006050689111708092,1.8673502828928987,159,False,2.361812832164648,-0.20935721177302802
2025-04-23,0.005952188530307296,1.8784651038288,159,False,2.361812832164648,-0.20465115683737312
2025-04-24,0.002523887085563907,1.8832061376450362,159,False,2.361812832164648,-0.20264378616359668
2025-04-25,-0.026809762915775567,1.8327178275732394,159,False,2.361812832164648,-0.22402071721597117
2025-04-28,0.0026253629740983974,1.8375293770997203,159,False,2.361812832164648,-0.22198348993828243
2025-04-29,-0.000805076401294996,1.836050025561531,159,False,2.361812832164648,-0.22260985267035105
2025-04-30,-0.013933220418572924,1.8104679358558557,159,False,2.361812832164648,-0.23344140094432198
2025-05-02,-0.0047642842057914634,1.801842352063966,159,False,2.361812832164648,-0.23709350397061646
2025-05-05,0.014966721860170621,1.828810025383183,159,False,2.361812832164648,-0.2256752946392273
2025-05-06,-0.02644501981330359,1.7804471080271564,159,False,2.361812832164648,-0.24615232681442345
2025-05-07,0.009654248608491857,1.7976359870423209,159,False,2.361812832164648,-0.23887449396455684
2025-05-08,-0.010828181757770994,1.7781708578403166,159,False,2.361812832164648,-0.24711609928438405
2025-05-09,-0.0063434429987146,1.7668911323616312,159,True,2.361812832164648,-0.2518919753932234
2025-05-12,0.05277397409426057,1.8569019874542563,160,False,2.361812832164648,-0.2137810574293607
2025-05-13,0.012273750499325225,1.8796931391499712,160,False,2.361812832164648,-0.20413120229040527
2025-05-14,0.015564090881009037,1.9089488539961106,160,False,2.361812832164648,-0.19174422799349367
2025-05-15,0.009670437969323148,1.9274092254752904,160,False,2.361812832164648,-0.18392804068695745
2025-05-16,0.007237860426249784,1.9413595444335467,160,False,2.361812832164648,-0.17802142574767343
2025-05-19,0.008323470148221318,1.957518392648604,160,False,2.361812832164648,-0.17117971162240664
2025-05-20,-0.008531254468833968,1.940818305113496,160,False,2.361812832164648,-0.17825058841148822
2025-05-21,0.002793669397947861,1.9462403098194685,160,False,2.361812832164648,-0.17595489222755178
2025-05-22,0.00021707621606800135,1.9466627923014832,160,False,2.361812832164648,-0.17577601163368717
2025-05-23,-0.003508869518649428,1.9398322065664875,160,False,2.361812832164648,-0.17866810606300532
2025-05-26,0.006644585408042149,1.9527215873402892,160,False,2.361812832164648,-0.17321069614539208
2025-05-27,-0.0006983213891528861,1.951357960088789,160,False,2.361812832164648,-0.1737880608005965
2025-05-28,0.004558450504583021,1.9602531287665779,160,False,2.361812832164648,-0.17002181456946042
2025-05-29,0.008400486233978974,1.9767202081898958,160,False,2.361812832164648,-0.1630495942482484
2025-05-30,0.002104838954913821,1.9808808858870592,160,False,2.361812832164648,-0.16128794843089111
2025-06-02,-0.00023412034806517498,1.9804171213645798,160,False,2.361812832164648,-0.1614843079883309
2025-06-03,0.0008200481172829735,1.9820411586963895,160,False,2.361812832164648,-0.16079668477378461
2025-06-04,0.006873746746616973,1.9956652076626396,160,False,2.361812832164648,-0.1550282137159983
2025-06-05,0.0059069293732554266,2.007453461096966,160,False,2.361812832164648,-0.1500370250520252
2025-06-06,-0.002155100509179923,2.0031271971208007,160,False,2.361812832164648,-0.15186878069211973
2025-06-09,0.005308644267262505,2.013761086832394,160,True,2.361812832164648,-0.14736635375685458
2025-06-10,0.00017144159613246293,2.011186952930939,160,False,2.361812832164648,-0.14845625125694373
2025-06-11,0.001960338670219353,2.0151295604878103,160,False,2.361812832164648,-0.14678693711689905
2025-06-12,-0.012175623692292432,1.990594101268096,160,False,2.361812832164648,-0.15717533829991204
2025-06-13,-0.001992832264065822,1.98662718111843,160,False,2.361812832164648,-0.15885494647869824
2025-06-16,0.0045765872634382886,1.9957191537727368,160,False,2.361812832164648,-0.15500537274004855
2025-06-17,-0.006382344336491203,1.9829817869344284,160,False,2.361812832164648,-0.16039841941370658
2025-06-18,-0.002078437200415241,1.978860283820718,160,False,2.361812832164648,-0.16214347857232458
2025-06-19,-0.01835388128471728,1.9425405170924308,160,False,2.361812832164648,-0.17752139770023423
2025-06-20,0.008254277881550264,1.958574786316682,160,False,2.361812832164648,-0.17073243076522293
2025-06-23,-0.0020447032735240677,1.9545700820396588,160,False,2.361812832164648,-0.1724280368786646
2025-06-24,0.008414521410860425,1.9710168538440087,160,False,2.361812832164648,-0.16546441487595231
2025-06-25,0.008270670343616197,1.987318484483864,160,False,2.361812832164648,-0.1585622461613745
2025-06-26,-0.0010214664051644545,1.9852885054156015,160,False,2.361812832164648,-0.15942174655895758
2025-06-27,0.006367402085344203,1.9979296355849947,160,False,2.361812832164648,-0.15406944683510215
2025-06-30,0.007906259036945248,2.0137257848215193,160,False,2.361812832164648,-0.14738130075451406
2025-07-01,0.0010871215712177388,2.0159149495607163,160,False,2.361812832164648,-0.14645440057454062
2025-07-02,0.0021459100237157932,2.020240921657937,160,False,2.361812832164648,-0.14462276851703515
2025-07-03,0.004036842941487356,2.028396316962636,160,False,2.361812832164648,-0.14116974497781398
2025-07-04,0.0009179118739011226,2.030258206026953,160,False,2.361812832164648,-0.1403814144890636
2025-07-07,-0.007033288463356986,2.015978814408868,160,False,2.361812832164648,-0.1464273599694249
2025-07-08,-0.0020550111851396456,2.0118359553962533,160,True,2.361812832164648,-0.14818146129201692
2025-07-09,0.005875481271569799,2.020584754592702,160,False,2.361812832164648,-0.1444771884227607
2025-07-10,-6.812450159043024e-05,2.020447103263374,160,False,2.361812832164648,-0.1445354704878986
2025-07-11,-0.008472160190234876,2.0033295517486307,160,False,2.361812832164648,-0.15178310301898912
2025-07-14,0.0019311444203970226,2.007198270434707,160,False,2.361812832164648,-0.15014507369109764
2025-07-15,0.011648236364802252,2.030578590319753,160,False,2.361812832164648,-0.14024576263365984
2025-07-16,0.004081905251889359,2.0388672197319533,160,False,2.361812832164648,-0.13673632729681995
2025-07-17,0.0027164288163039627,2.0444056574002505,160,False,2.361812832164648,-0.13439133298022077
2025-07-18,-0.010490382124496177,2.02295906083664,160,False,2.361812832164648,-0.14347189866753407
2025-07-21,0.0005803703497969481,2.0241331262944025,160,False,2.361812832164648,-0.1429747951537529
2025-07-22,-0.003043936138125411,2.0179717943228983,160,False,2.361812832164648,-0.14558352514606865
2025-07-23,0.00016530232899757483,2.0183053697603515,160,False,2.361812832164648,-0.14544228811284132
2025-07-24,-0.0025748587891617995,2.013108518439812,160,False,2.361812832164648,-0.14764265354813977
2025-07-25,-0.013502871416504183,1.98592577296785,160,False,2.361812832164648,-0.159151925198192
2025-07-28,-0.011796129895430895,1.9624995345872371,160,False,2.361812832164648,-0.16907067831087708
2025-07-29,0.016164905949464452,1.9942231549897076,160,False,2.361812832164648,-0.1556387839751201
2025-07-30,0.003110916888183145,2.0004270174813708,160,False,2.361812832164648,-0.15301204640846156
2025-07-31,-0.004350185547854502,1.9917247887803857,160,False,2.361812832164648,-0.15669660116338224
2025-08-01,-0.016663665920089332,1.9585353522953888,160,False,2.361812832164648,-0.17074912727087155
2025-08-04,0.009968885870668472,1.9780597676960912,160,False,2.361812832164648,-0.16248241996248258
2025-08-05,0.001624557645878492,1.9812732398157062,160,False,2.361812832164648,-0.16112182437427514
2025-08-06,-0.012375451940595316,1.9567540880551795,160,True,2.361812832164648,-0.1715033209207455
2025-08-07,-0.004024808225870638,1.946047043225017,159,False,2.361812832164648,-0.1760367219948472
2025-08-08,-0.014653061005435414,1.9175314971811936,159,False,2.361812832164648,-0.18811030617369529
2025-08-11,0.006192009202060877,1.9294048698569812,159,False,2.361812832164648,-0.18308307771846433
2025-08-12,-0.003949131445860903,1.9217853964136318,159,False,2.361812832164648,-0.18630919002490232
2025-08-13,0.0054023076824166495,1.9321674724246332,159,False,2.361812832164648,-0.1819133819110621
2025-08-14,-0.005154748645305107,1.9222076347636496,159,False,2.361812832164648,-0.18613041279739828
2025-08-18,0.013489171615681108,1.9481366234299489,159,False,2.361812832164648,-0.1751519862628389
2025-08-19,0.00901914405637729,1.9657071482781683,159,False,2.361812832164648,-0.16771256320232664
2025-08-20,0.005857911319124347,1.9772220864321506,159,False,2.361812832164648,-0.16283709720554462
2025-08-21,0.0019147009604668277,1.9810078754600984,159,False,2.361812832164648,-0.16123418059149686
2025-08-22,-0.00259189761956729,1.9758733058633493,159,False,2.361812832164648,-0.16340817572219613
2025-08-25,-0.0024385362162000325,1.9710550672483786,159,False,2.361812832164648,-0.16544823518387441
2025-08-26,-0.013812020348952474,1.9438308145506382,159,False,2.361812832164648,-0.17697508114176896
2025-08-28,-0.008171959218821048,1.9279459084058426,159,False,2.361812832164648,-0.18370080721475202
2025-08-29,-0.007752440505800943,1.9129996224525239,159,False,2.361812832164648,-0.19002911814175294
2025-09-01,0.01174949756206705,1.935476406852765,159,False,2.361812832164648,-0.18051236724001418
2025-09-02,0.00794224385830037,1.9508484324579767,159,False,2.361812832164648,-0.174003796621773
2025-09-03,0.011579861177000779,1.9734389864832098,159,False,2.361812832164648,-0.16443887525392342
2025-09-04,-0.004878889273293202,1.9638107961805584,159,False,2.361812832164648,-0.16851548546262773
2025-09-05,0.004979854090617228,1.9735902874071163,159,False,2.361812832164648,-0.164374813901624
2025-09-08,0.007709157530694817,1.9888050058337872,159,True,2.361812832164648,-0.1579328477053754
2025-09-09,0.002205037374389041,1.9897335658952013,159,False,2.361812832164648,-0.1575396920544413
2025-09-10,0.0029880807236272976,1.995679050408607,159,False,2.361812832164648,-0.15502235264784803
2025-09-11,0.0002811852821285503,1.996240205985434,159,False,2.361812832164648,-0.1547847573696851
2025-09-12,0.0005374356294189111,1.9973130565970094,159,False,2.361812832164648,-0.1543305085837675
2025-09-15,0.0040458870079064565,2.0053939595434174,159,False,2.361812832164648,-0.1509090253754637
2025-09-16,0.002568920130947971,2.01054565645657,159,False,2.361812832164648,-0.14872777847774443
2025-09-17,0.0037906827243314907,2.0181669971429796,159,False,2.361812832164648,-0.14550087557391667
2025-09-18,-0.0039986582058891,2.0100970371189995,159,False,2.361812832164648,-0.14891772550972804
2025-09-19,-0.0008495180429755008,2.008389423417835,159,False,2.361812832164648,-0.14964073525796417
2025-09-22,0.0004031730706931275,2.009199151948822,159,False,2.361812832164648,-0.14929789330200582
2025-09-23,-0.0005373504619101175,2.008119507856453,159,False,2.361812832164648,-0.1497550184719878
2025-09-24,-0.004643772485793008,1.998794257737685,159,False,2.361812832164648,-0.15370336272339125
2025-09-25,-0.007464757927560092,1.983873742456676,159,False,2.361812832164648,-0.16002076225556927
2025-09-26,-0.024395012634388837,1.9354771174444132,159,False,2.361812832164648,-0.1805120663729689
2025-09-29,-0.0001419679889743111,1.9352023416503439,159,False,2.361812832164648,-0.18062840742689468
2025-09-30,-0.004246419915043515,1.926984659887121,159,False,2.361812832164648,-0.18410780327541798
2025-10-01,0.013203552810311879,1.9524277036086013,159,False,2.361812832164648,-0.17333512756844371
2025-10-03,0.012042571459058345,1.9759399537479532,159,False,2.361812832164648,-0.16337995676949335
2025-10-06,0.005187716233566687,1.9861905695225646,159,False,2.361812832164648,-0.15903980938989903
2025-10-07,0.0013075559097029264,1.98878762473954,159,False,2.361812832164648,-0.15794020692284194
2025-10-08,0.0007443686692242483,1.990268015937137,159,True,2.361812832164648,-0.15731340399526184
2025-10-09,0.00595353908598736,1.9984385456188771,158,False,2.361812832164648,-0.15385397250667454
2025-10-10,-0.004355357113801201,1.9897346320827214,158,False,2.361812832164648,-0.15753924062683222
2025-10-13,0.005978992649708442,2.0016312408228143,158,False,2.361812832164648,-0.15250217393887222
2025-10-14,-0.0083882588781215,1.984841039796257,158,False,2.361812832164648,-0.15961120510251814
2025-10-15,0.004765071852349274,1.994298949966378,158,False,2.361812832164648,-0.15560669211092237
2025-10-16,-0.002763561146058563,1.9887875828746253,158,False,2.361812832164648,-0.15794022464859658
2025-10-17,-0.00581495456718801,1.9772228734364217,158,False,2.361812832164648,-0.16283676398512148
2025-10-20,-0.0029439031253935466,1.9714021208397128,158,False,2.361812832164648,-0.16530129145209027
2025-10-21,0.007372447849522594,1.9859361801660416,158,False,2.361812832164648,-0.15914751875325694
2025-10-23,-0.01486279660207214,1.9564196146555377,158,False,2.361812832164648,-0.17164493815437498
2025-10-24,-0.003914636475042333,1.948760943071519,158,False,2.361812832164648,-0.1748876470937618
2025-10-27,0.0020732224673405885,1.9528011580421705,158,False,2.361812832164648,-0.17317700562563643
2025-10-28,-0.004413132709278677,1.9441831873768973,158,False,2.361812832164648,-0.17682588522689358
2025-10-29,0.014210240069356419,1.9718104972083297,158,False,2.361812832164648,-0.1651283834370878
2025-10-30,-0.0044543313000986184,1.9630273999927514,158,False,2.361812832164648,-0.16884717821030792
2025-10-31,0.0027701854092620328,1.968465349854193,158,False,2.361812832164648,-0.16654473079051912
2025-11-03,0.0038668540028025025,1.9760771179716545,158,False,2.361812832164648,-0.1633218809466197
2025-11-04,-0.006164059451858238,1.9638964611350205,158,False,2.361812832164648,-0.16847921461453375
2025-11-06,-0.011295338746923941,1.9417135853426153,158,False,2.361812832164648,-0.1778715235605708
2025-11-07,0.005898032436557299,1.9531658750514702,158,False,2.361812832164648,-0.17302258313951346
2025-11-10,0.0010225384858577428,1.9551630623279743,158,True,2.361812832164648,-0.17217696690383844
2025-11-11,0.0013718329464209936,1.9553206209578653,159,False,2.361812832164648,-0.17211025601644503
2025-11-12,0.00787462149760082,1.9707180307543624,159,False,2.361812832164648,-0.16559093764082877
2025-11-13,0.006542970703466249,1.983612381094381,159,False,2.361812832164648,-0.16013142359110588
2025-11-14,-0.000537097269396295,1.9825469883009545,159,False,2.361812832164648,-0.16058251471014695
2025-11-17,-0.004169064143801273,1.974281622738628,159,False,2.361812832164648,-0.16408210004974866
2025-11-18,-0.00928768451960869,1.9559451178737703,159,False,2.361812832164648,-0.17184584178878048
2025-11-19,0.01150315296083288,1.9784446537476668,159,False,2.361812832164648,-0.16231945783172697
2025-11-20,0.001216244964395207,1.9808509270951218,159,False,2.361812832164648,-0.161300633090543
2025-11-21,-0.013663243506608767,1.9537860785279295,159,False,2.361812832164648,-0.17275998676946547
2025-11-24,-0.010027906475536972,1.9341936944592453,159,False,2.361812832164648,-0.1810554722549632
2025-11-25,0.007679767216478571,1.9490478517842729,159,False,2.361812832164648,-0.17476616891867247
2025-11-26,0.012043417322865181,1.9725210484455447,159,False,2.361812832164648,-0.16482753350201318
2025-11-27,0.00018659315972942216,1.9728891073806067,159,False,2.361812832164648,-0.16467169603257037
2025-11-28,0.0017222978656564396,1.976287010079425,159,False,2.361812832164648,-0.16323301187752504
2025-12-01,0.007009130372387438,1.9901390633863274,159,False,2.361812832164648,-0.15736800296646458
2025-12-02,-0.006360421889740077,1.9774809393239383,159,False,2.361812832164648,-0.1627274979653921
2025-12-03,-0.003760680066587539,1.970044266173366,159,False,2.361812832164648,-0.16587621197409552
2025-12-04,-0.005704486710479005,1.9588061748379246,159,False,2.361812832164648,-0.1706344600377837
2025-12-05,-0.006565641590861874,1.9459453555479715,159,False,2.361812832164648,-0.1760797769209873
2025-12-08,-0.017747345995005725,1.9114099900356873,159,False,2.361812832164648,-0.19070217419225277
2025-12-09,0.012917764047398875,1.9361011332848095,159,True,2.361812832164648,-0.1802478558343953
2025-12-10,-0.003268925370458414,1.926834109639452,160,False,2.361812832164648,-0.18417154678871372
2025-12-11,0.007910769518015542,1.9420768501802603,160,False,2.361812832164648,-0.1777177159291201
2025-12-12,0.012290952539834175,1.9659468245745366,160,False,2.361812832164648,-0.16761108340125852
2025-12-15,0.002220974357158549,1.9703131420594542,160,False,2.361812832164648,-0.16576236896230956
2025-12-16,-0.008652238345767333,1.953265523138558,160,False,2.361812832164648,-0.17298039178305602
2025-12-17,-0.004759384854129651,1.9439691807916388,160,False,2.361812832164648,-0.1769164963804719
2025-12-18,-0.0012384085003507865,1.9415617528337263,160,False,2.361812832164648,-0.17793580998785297
2025-12-19,0.01122399924630752,1.9633538404841915,160,False,2.361812832164648,-0.1687089621387402
2025-12-22,0.01726091249600034,1.9972431193234754,160,False,2.361812832164648,-0.15436012027550772
2025-12-23,0.0031449026460750383,2.003524254494291,160,False,2.361812832164648,-0.15170066518013547
2025-12-24,0.00028797697421446833,2.004101223346866,160,False,2.361812832164648,-0.1514563745044658
2025-12-26,0.0002252114608369618,2.004552569911041,160,False,2.361812832164648,-0.15126527275498414
2025-12-29,-0.0066242500997618844,1.9912739123498298,160,False,2.361812832164648,-0.15688750385660832
2025-12-30,1.3616633042689598e-05,1.9913010267959816,160,False,2.361812832164648,-0.15687602350313457
2025-12-31,0.006355593460691786,2.003956926580155,160,False,2.361812832164648,-0.1515174702715587
2026-01-01,-0.00028231828747367176,2.0033911728924716,160,False,2.361812832164648,-0.15175701240630313
2026-01-02,0.009561631118093439,2.022546860272914,160,False,2.361812832164648,-0.14364642586042264
2026-01-05,-0.00012576537650637112,2.02229249390553,160,False,2.361812832164648,-0.14375412549009692
2026-01-06,-0.0009080229417839447,2.0204562059260662,160,False,2.361812832164648,-0.14453161638795975
2026-01-07,0.0024500651109973584,2.0254064551845037,160,False,2.361812832164648,-0.1424356631477106
2026-01-08,-0.01947075146498061,1.985970269480039,160,True,2.361812832164648,-0.1591330852157924
2026-01-09,-0.010017182377423547,1.9632234601274243,160,False,2.361812832164648,-0.16876416564809182
2026-01-12,0.0001932588092688444,1.9636028703556572,160,False,2.361812832164648,-0.16860352200052342
2026-01-13,0.0023025118517835804,1.9681240892368475,160,False,2.361812832164648,-0.16668922175639844
2026-01-14,0.010239203668410954,1.9882761126312494,160,False,2.361812832164648,-0.15815678297888014
2026-01-16,-0.003714288665385368,1.9808910812024467,160,False,2.361812832164648,-0.16128363169789317
2026-01-19,-0.003536801287226376,1.9738850630765947,160,False,2.361812832164648,-0.16425000482892194
2026-01-20,-0.013691760997077989,1.9468591005572478,160,False,2.361812832164648,-0.17569289401611343
2026-01-21,0.0026960018557261474,1.9521078363051871,160,False,2.361812832164648,-0.1734705605286927
2026-01-22,-0.0029259475891968085,1.9463960710876977,160,False,2.361812832164648,-0.17588894234951402
2026-01-23,-0.009964069451495028,1.9270020454552628,160,False,2.361812832164648,-0.18410044216368848
2026-01-27,0.0066911365491127885,1.9398958792718233,160,False,2.361812832164648,-0.17864114681184518
2026-01-28,0.02170044716098473,1.9819924872977734,160,False,2.361812832164648,-0.16081729241802856
2026-01-29,0.012064451798081395,2.005904140124937,160,False,2.361812832164648,-0.1506930130926224
2026-01-30,0.04119404537711029,2.088535446295377,160,False,2.361812832164648,-0.11570662253486319
2026-02-02,0.0917557779770284,2.2801706410028095,160,False,2.361812832164648,-0.03456759572561541
2026-02-03,0.04344673383035978,2.379236607930259,160,False,2.379236607930259,0.0
2026-02-04,0.021537044677353026,2.430478333053247,160,False,2.430478333053247,0.0
2026-02-05,-0.017525254649931016,2.387883581345349,160,False,2.430478333053247,-0.017525254649931044
2026-02-06,-0.010622647335702519,2.3625179361820035,160,False,2.430478333053247,-0.027961737386018815
2026-02-09,0.02381287292178779,2.4187762755717497,160,False,2.430478333053247,-0.004814713763276801
2026-02-10,0.005528742779521057,2.4321490674405934,160,True,2.4321490674405934,0.0
2026-02-11,0.00413899616425367,2.439309048926569,160,False,2.439309048926569,0.0
2026-02-12,-0.0016344677454235425,2.435322076964979,160,False,2.439309048926569,-0.001634467745423529
2026-02-13,-0.022254492061144618,2.381125221136832,160,False,2.439309048926569,-0.023852585557103345
2026-02-16,-0.0007762615768298865,2.379276845118043,160,False,2.439309048926569,-0.02461033128825707
2026-02-17,-0.0009539249211561209,2.3770071936411554,160,False,2.439309048926569,-0.025540779801079383
2026-02-18,0.006762459855668689,2.3930816093647893,160,False,2.439309048926569,-0.01895103844349799
2026-02-19,-0.005678664833585131,2.3794921009857903,160,False,2.439309048926569,-0.02452208668151401
2026-02-20,0.0007330648277274229,2.3812364229528784,160,False,2.439309048926569,-0.023806998133035218
2026-02-23,0.007020634729801602,2.39795421408373,160,False,2.439309048926569,-0.016953503641138568
2026-02-24,-0.0067714773450027336,2.3817165214487086,160,False,2.439309048926569,-0.023610180720316842
2026-02-25,0.0036318199451411664,2.390366487014978,160,False,2.439309048926569,-0.0200641087004243
2026-02-26,0.0019429314392032026,2.395010805213817,160,False,2.439309048926569,-0.018160160448814744
2026-02-27,-0.016420036298737624,2.3556846408563374,160,False,2.439309048926569,-0.03428200625379185
2026-03-02,-0.006095404306829379,2.34132579055093,160,False,2.439309048926569,-0.04016844787205509
2026-03-04,-0.027348103375252484,2.2772949707957983,160,False,2.439309048926569,-0.06641802038247924
2026-03-05,0.007842662217728126,2.295155026021881,160,False,2.439309048926569,-0.05909625226378101
2026-03-06,-0.018248326483484935,2.2532722877768223,160,False,2.439309048926569,-0.07626617104200606
2026-03-09,-0.02657179197033719,2.1933988052934907,160,False,2.439309048926569,-0.100811434181041
2026-03-10,0.025392336869094333,2.249094326645772,160,False,2.439309048926569,-0.07797893520892818
2026-03-11,-0.010737938358613166,2.2249436904035433,160,False,2.439309048926569,-0.08787954056799752
2026-03-12,-0.007258293549097327,2.2087943959683822,160,True,2.439309048926569,-0.09449997861469261
2026-03-13,-0.031157476504927596,2.1365287478836796,160,False,2.439309048926569,-0.12412543674042842
2026-03-16,-0.006396829583718487,2.1228617375827525,160,False,2.439309048926569,-0.1297282570583137
2026-03-17,0.01576379227352473,2.1563260890394207,160,False,2.439309048926569,-0.11600947408106266
2026-03-18,0.01695245453549558,2.192881109027564,160,False,2.439309048926569,-0.1010236648806132
2026-03-19,-0.035568271842567986,2.11488411762324,160,False,2.439309048926569,-0.132998699548175
2026-03-20,0.011278829140396138,2.13873753423765,160,False,2.439309048926569,-0.12321994001587755
2026-03-23,-0.05554027647484176,2.01995146027897,160,False,2.439309048926569,-0.1719165469550239
2026-03-24,0.03492896115494415,2.0905062663699265,160,False,2.439309048926569,-0.142992452190564
2026-03-25,0.026895343222032544,2.1467311499117554,160,False,2.439309048926569,-0.11994294004835682
2026-03-27,-0.025218485141829554,2.092593842304203,160,False,2.439309048926569,-0.14213664593870956
2026-03-30,-0.020165010522456946,2.0503966654549104,160,False,2.439309048926569,-0.1594354695001856
2026-04-01,0.0406879718619087,2.133823147284691,160,False,2.439309048926569,-0.12523460353509075
2026-04-02,0.0005336057395754883,2.1349617675633215,160,False,2.439309048926569,-0.12476782369875494
2026-04-06,0.016799845199276325,2.1708287947647587,160,False,2.439309048926569,-0.11006405862346824
2026-04-07,0.0025059138287632787,2.176268704661437,160,False,2.439309048926569,-0.10783395584125943
2026-04-08,0.0424319098227334,2.2686119420876683,160,False,2.439309048926569,-0.06997764670861084
2026-04-09,0.002024807191525831,2.2732054438627887,160,False,2.439309048926569,-0.06809453075938665
2026-04-10,0.02022814641092987,2.3191881764033684,160,False,2.439309048926569,-0.04924381048644111
2026-04-13,-0.0033031602967960334,2.311527526098274,160,False,2.439309048926569,-0.05238431058357529
2026-04-15,0.025103469496699084,2.369554886840463,160,False,2.439309048926569,-0.028595869029716448
2026-04-16,0.011427141933646242,2.3966321268519537,160,True,2.439309048926569,-0.01749549615018875
2026-04-17,0.009979689825321596,2.417270966793452,161,False,2.439309048926569,-0.009034559250626684
2026-04-20,-0.0046268858486645525,2.4060865299648078,161,False,2.439309048926569,-0.013619643224945688
2026-04-21,0.0032089253045222256,2.413807481915682,161,False,2.439309048926569,-0.010454422338206593
2026-04-22,0.006773890730996152,2.4301583500438397,161,False,2.439309048926569,-0.003751348721785064
2026-04-23,-0.005770726481453537,2.4161345708991164,161,False,2.439309048926569,-0.009500427195828554
2026-04-24,-0.01202705858737417,2.3870755788599327,161,False,2.439309048926569,-0.021413223588713448
2026-04-27,0.014847879748450797,2.422518590005309,161,False,2.439309048926569,-0.006883284809134471
2026-04-28,-4.599931765684236e-06,2.4225074465850938,161,False,2.439309048926569,-0.006887853078259676
2026-04-29,0.0036659163159017036,2.4313881561589232,161,False,2.439309048926569,-0.003247187055339107
2026-04-30,-0.008109326016154108,2.411671236928815,161,False,2.439309048926569,-0.011330180573025928
2026-05-04,0.004990971722664261,2.423707819876689,161,False,2.439309048926569,-0.006395757461214457
2026-05-05,0.00301292712058564,2.431010274899571,161,False,2.439309048926569,-0.003402100291740373
2026-05-06,0.01234962938571333,2.4610323508274417,161,False,2.4610323508274417,0.0
2026-05-07,0.016370926722734616,2.501321731105117,161,False,2.501321731105117,0.0
2026-05-08,0.00047327154603684935,2.502505535507933,161,False,2.502505535507933,0.0
2026-05-11,-0.011642213807559011,2.4733708310089497,161,False,2.502505535507933,-0.011642213807558921
2026-05-12,-0.020425599206666655,2.422850749725301,161,False,2.502505535507933,-0.031830013821114056
2026-05-13,0.0169625121599496,2.4639483850292594,161,False,2.502505535507933,-0.015407418657656491
2026-05-14,-0.0010941643258633735,2.4612524206055917,161,False,2.502505535507933,-0.016484724735670975
2026-05-15,-0.010008272433285908,2.436619535853086,161,False,2.502505535507933,-0.026328013552814666
2026-05-18,-0.010374225532267934,2.411341495251816,161,True,2.502505535507933,-0.036429106334669115
2026-05-19,0.007070259346394353,2.4252672188310793,161,False,2.502505535507933,-0.030864393936765655
2026-05-20,0.006393237585350749,2.4407725283690294,161,False,2.502505535507933,-0.02466847975478048
2026-05-21,0.009713508599282222,2.464480993312234,161,False,2.502505535507933,-0.015194588645727536
2026-05-22,0.0038503250340642696,2.4739700461767593,161,False,2.502505535507933,-0.011402767716708229
2026-05-25,0.010344348723396348,2.4995616550656483,161,False,2.502505535507933,-0.0011763731989855586
2026-05-26,0.0025250859570762887,2.505873263099701,161,False,2.505873263099701,0.0
2026-05-27,0.00489771353124033,2.5181463124879575,161,False,2.5181463124879575,0.0
2026-05-29,-0.0046465292180299655,2.506445672071708,161,False,2.5181463124879575,-0.004646529218029882
2026-06-01,-0.01363012679005387,2.4722824997689887,161,False,2.5181463124879575,-0.018213323225708344
2026-06-02,0.012403031974323894,2.5029462986631845,161,False,2.5181463124879575,-0.006036191681711767
2026-06-03,0.0004575557415781344,2.504091536113,161,False,2.5181463124879575,-0.005581397834294677
2026-06-04,0.0049418065335973685,2.516466272026889,161,False,2.5181463124879575,-0.0006671734889815983
2026-06-05,-0.004000828815649036,2.506398321252155,161,False,2.5181463124879575,-0.004665333057710774
2026-06-08,-0.025518066247364593,2.442439882848159,161,False,2.5181463124879575,-0.030064349027042803
2026-06-09,0.015477165820186448,2.4802419299208367,161,False,2.5181463124879575,-0.015052494122023807
2026-06-10,-0.014904894903904045,2.4432741846191104,161,False,2.5181463124879575,-0.02973303318299747
2026-06-11,-0.009958404690021346,2.4189430715199913,161,False,2.5181463124879575,-0.03939534429592073
2026-06-12,0.030222133399158677,2.492048691712439,161,False,2.5181463124879575,-0.010363822247379195
2026-06-15,0.018900393278024494,2.5391493920537904,161,False,2.5391493920537904,0.0
2026-06-16,0.0010685261975547258,2.541862539698705,161,False,2.541862539698705,0.0
2026-06-17,0.007020681440877297,2.559708146856429,161,True,2.559708146856429,0.0
2026-06-18,0.002273381508247033,2.5612475132789387,163,False,2.5612475132789387,0.0
2026-06-19,0.0016640918035124308,2.565509664272553,163,False,2.565509664272553,0.0
2026-06-22,0.009101742945864837,2.588860273761894,163,False,2.588860273761894,0.0
2026-06-23,-0.012087461958608301,2.557567523686645,163,False,2.588860273761894,-0.012087461958608325
2026-06-24,-0.004538821818290061,2.545959180408386,163,False,2.588860273761894,-0.01657142094083286
2026-06-25,-0.008274986976098533,2.524891401348828,163,False,2.588860273761894,-0.024709279624470448
2026-06-29,-1.026118752179108e-05,2.524865492964687,163,False,2.588860273761894,-0.02471928726544037
2026-06-30,0.00863973233414088,2.5466796550036106,163,False,2.588860273761894,-0.01629312295676366
2026-07-01,-4.732053993130312e-05,2.5465591447473037,163,False,2.588860273761894,-0.01633967249731949
2026-07-02,0.011570480281970101,2.576024057118473,163,False,2.588860273761894,-0.00495825007379358
2026-07-03,-0.011531066938658944,2.5463197512802442,163,False,2.588860273761894,-0.01643214309895291
2026-07-06,0.0011966405622901625,2.5493667807791867,163,False,2.588860273761894,-0.015255165905620371
2026-07-07,-0.01703130078926418,2.505947748313578,163,False,2.588860273761894,-0.03202665137575578
2026-07-08,-0.014717700326200215,2.4690659603207825,163,False,2.588860273761894,-0.04627299304455601
2026-07-09,0.015139927663887987,2.506447440357407,163,False,2.588860273761894,-0.03183363514815429
2026-07-10,0.005028279823416985,2.519050559450211,163,False,2.588860273761894,-0.026965423750058837
2026-07-13,0.0021267791203324216,2.5244080235831112,163,False,2.588860273761894,-0.024895994129929044
2026-07-14,-0.008176390704170007,2.503767477285554,163,False,2.588860273761894,-0.03286882545912406
2026-07-15,0.0012793794383489567,2.5069707459144,163,False,2.588860273761894,-0.03163149772023022
2026-07-16,-0.0019830909936924815,2.501999194806727,163,False,2.588860273761894,-0.033551860575676606
2026-07-17,-0.011692763952610992,2.472743908812229,163,True,2.588860273761894,-0.04485231054240535
2026-07-20,0.003604592257353643,2.4785077628267076,163,False,2.588860273761894,-0.04262590455483806
2026-07-21,0.0019994246367435937,2.4834633523100638,163,False,2.588860273761894,-0.04071170720182482
2026-07-22,-0.006802591750815308,2.4665693649961873,163,False,2.588860273761894,-0.04723735382906735
2026-07-23,-0.0044022841081363066,2.455710825879049,163,False,2.588860273761894,-0.051431685685131456
2026-07-24,2.3936632059418377e-05,2.455769607325532,163,False,2.588860273761894,-0.051408980154408535
2026-07-27,0.00978946700869516,2.4798102828774016,163,False,2.588860273761894,-0.04212277966088562
2026-07-28,-0.00029949325798503054,2.4790675964165976,163,False,2.588860273761894,-0.04240965743035474
2026-07-29,0.005286917448993932,2.492174222149328,163,False,2.588860273761894,-0.03734695633923513
2026-07-30,-0.006784762866790519,2.4752654110293166,163,False,2.588860273761894,-0.04387832896346766
2026-07-31,0.007695322764952722,2.494313377296111,163,False,2.588860273761894,-0.0365206641022755
2026-08-03,0.01517327921413667,2.5321602906173806,163,False,2.588860273761894,-0.021901523121648503
2026-08-04,0.0015562233842642888,2.536100897674345,163,False,2.588860273761894,-0.020379383399817153
2026-08-05,0.01190058142840177,2.566281972917761,163,False,2.588860273761894,-0.008721328483025537
2026-08-06,0.0017265364291361449,2.570712752231439,163,False,2.588860273761894,-0.0070098497452258934
2026-08-07,0.00323455107567418,2.5790278539294182,163,False,2.588860273761894,-0.003797972386585413
2026-08-10,0.004261906520275238,2.590019429556051,163,False,2.590019429556051,0.0
2026-08-11,0.0031349358694389698,2.59813897436831,163,False,2.59813897436831,0.0
2026-08-12,0.004288602344590281,2.609281359265357,163,False,2.609281359265357,0.0
2026-08-13,-0.0036524871790624136,2.599750992554074,163,False,2.609281359265357,-0.0036524871790624136
2026-08-14,-0.00031904734711610987,2.598921548896737,163,False,2.609281359265357,-0.003970369209833624
2026-08-17,0.000571180770730799,2.6004060029101046,163,True,2.609281359265357,-0.003401456237648315
2026-08-18,0.009127879419115727,2.619618678201351,164,False,2.619618678201351,0.0
2026-08-19,-0.007365643659221792,2.6003235004946785,164,False,2.619618678201351,-0.0073656436592217656
2026-08-20,0.008459881368382029,2.6223219288282795,164,False,2.6223219288282795,0.0
2026-08-21,0.005526973520138142,2.636815432690191,164,False,2.636815432690191,0.0
2026-08-24,-0.0013664086393689104,2.633212465302542,164,False,2.636815432690191,-0.0013664086393688768
2026-08-25,-0.004453896505722241,2.621484409504507,164,False,2.636815432690191,-0.005814219302426871
2026-08-26,0.007855959212991911,2.6420786841030686,164,False,2.6420786841030686,0.0
2026-08-27,0.0007789140036998854,2.644136636188993,164,False,2.644136636188993,0.0
2026-08-28,0.0017273870533896524,2.6487040835817393,164,False,2.6487040835817393,0.0
2026-08-31,-0.0030626388835280826,2.640592059464402,164,False,2.6487040835817393,-0.0030626388835280904
2026-09-01,-0.005864192848934792,2.625107118392337,164,False,2.6487040835817393,-0.00890887182742317
2026-09-02,-0.0028561316965266164,2.617609466744719,164,False,2.6487040835817393,-0.011739558612743228
2026-09-03,0.00909210779432393,2.641409054179805,164,False,2.6487040835817393,-0.002754188150784098
2026-09-04,0.0052293159950850465,2.65522181679639,164,False,2.65522181679639,0.0
2026-09-07,0.008843631676871239,2.67870362056453,164,False,2.67870362056453,0.0
2026-09-08,0.010512003013308673,2.706862161095665,164,False,2.706862161095665,0.0
2026-09-09,0.003974573742272674,2.7176207843651072,164,False,2.7176207843651072,0.0
2026-09-10,-5.201059786826478e-05,2.7174794392833332,164,False,2.7176207843651072,-5.201059786819062e-05
2026-09-11,-0.0020120436091924814,2.712011752144411,164,False,2.7176207843651072,-0.0020639495594697577
2026-09-15,-0.030970275725742517,2.6280200004090446,164,False,2.7176207843651072,-0.032970304198271405
2026-09-16,0.0003570399751126245,2.6289583086045862,164,True,2.7176207843651072,-0.03262503593974919
2026-09-17,0.011110304970763506,2.6544272953991426,166,False,2.7176207843651072,-0.023253240234813677
2026-09-18,0.018599536053862366,2.7037984115822753,166,False,2.7176207843651072,-0.005086203661067823
2026-09-21,-0.0013464519006979804,2.7001578770718964,166,False,2.7176207843651072,-0.006425807233178982
2026-09-22,0.0013219359520451586,2.7037273128457957,166,False,2.7176207843651072,-0.005112365786736239
2026-09-23,0.0062815651155955134,2.7207109520162502,166,False,2.7207109520162502,0.0
2026-09-24,-0.012803904426697054,2.6858752290139662,166,False,2.7207109520162502,-0.012803904426696988
2026-09-25,0.006351488518724527,2.7029345346937754,166,False,2.7207109520162502,-0.006533739759933432
2026-09-28,-0.016926026793136074,2.6571845923394557,166,False,2.7207109520162502,-0.023349176298833485
2026-09-29,0.007771998337510912,2.6778362265735773,166,False,2.7207109520162502,-0.01575864772069946
2026-09-30,0.001952234084698641,2.683063989728335,166,False,2.7207109520162502,-0.01383717820520991
