date,weekday,archetype,signal,selected_by_rule,lot,gross_pnl,friction,net_pnl,simulated,win
2021-01-01,Friday,Bull Call Spread,NONE,False,75,667.5,351.56,315.94,True,True
2021-01-01,Friday,Bear Put Spread,NONE,False,75,-787.5,356.6,-1144.1,True,False
2021-01-01,Friday,Iron Condor,NONE,False,75,120.0,708.16,-588.16,True,False
2021-01-04,Monday,Bull Call Spread,UP,True,75,1473.75,337.96,1135.79,True,True
2021-01-04,Monday,Bear Put Spread,UP,False,75,-330.0,343.3,-673.3,True,False
2021-01-04,Monday,Iron Condor,UP,False,75,90.0,655.63,-565.63,True,False
2021-01-05,Tuesday,Bull Call Spread,UP,True,75,3221.25,334.88,2886.37,True,True
2021-01-05,Tuesday,Bear Put Spread,UP,False,75,-2088.75,341.3,-2430.05,True,False
2021-01-05,Tuesday,Iron Condor,UP,False,75,600.0,650.92,-50.92,True,False
2021-01-06,Wednesday,Bull Call Spread,UP,True,75,-2692.5,330.73,-3023.23,True,False
2021-01-06,Wednesday,Bear Put Spread,UP,False,75,1290.0,341.51,948.49,True,True
2021-01-06,Wednesday,Iron Condor,UP,False,75,660.0,645.17,14.83,True,True
2021-01-07,Thursday,Bull Call Spread,DOWN,False,75,-4076.25,330.4,-4406.65,True,False
2021-01-07,Thursday,Bear Put Spread,DOWN,True,75,1672.5,325.88,1346.62,True,True
2021-01-07,Thursday,Iron Condor,DOWN,False,75,4458.75,652.2,3806.55,True,True
2021-01-08,Friday,Bull Call Spread,FLAT,False,75,2321.25,338.58,1982.67,True,True
2021-01-08,Friday,Bear Put Spread,FLAT,False,75,-1485.0,354.92,-1839.92,True,False
2021-01-08,Friday,Iron Condor,FLAT,True,75,105.0,669.13,-564.13,True,False
2021-01-11,Monday,Bull Call Spread,UP,True,75,-4282.5,347.85,-4630.35,True,False
2021-01-11,Monday,Bear Put Spread,UP,False,75,-847.5,343.5,-1191.0,True,False
2021-01-11,Monday,Iron Condor,UP,False,75,435.0,649.81,-214.81,True,False
2021-01-12,Tuesday,Bull Call Spread,UP,True,75,2152.5,335.56,1816.94,True,True
2021-01-12,Tuesday,Bear Put Spread,UP,False,75,-2276.25,351.73,-2627.98,True,False
2021-01-12,Tuesday,Iron Condor,UP,False,75,-56.25,640.7,-696.95,True,False
2021-01-13,Wednesday,Bull Call Spread,UP,True,75,-1143.75,329.19,-1472.94,True,False
2021-01-13,Wednesday,Bear Put Spread,UP,False,75,1676.25,341.71,1334.54,True,True
2021-01-13,Wednesday,Iron Condor,UP,False,75,2242.5,655.29,1587.21,True,True
2021-01-14,Thursday,Bull Call Spread,DOWN,False,75,-1848.75,324.26,-2173.01,True,False
2021-01-14,Thursday,Bear Put Spread,DOWN,True,75,-3877.5,333.15,-4210.65,True,False
2021-01-14,Thursday,Iron Condor,DOWN,False,75,3360.0,648.04,2711.96,True,True
2021-01-15,Friday,Bull Call Spread,UP,True,75,-3195.0,354.03,-3549.03,True,False
2021-01-15,Friday,Bear Put Spread,UP,False,75,2595.0,354.11,2240.89,True,True
2021-01-15,Friday,Iron Condor,UP,False,75,1518.75,699.64,819.11,True,True
2021-01-18,Monday,Bull Call Spread,DOWN,False,75,-2111.25,354.44,-2465.69,True,False
2021-01-18,Monday,Bear Put Spread,DOWN,True,75,3052.5,360.43,2692.07,True,True
2021-01-18,Monday,Iron Condor,DOWN,False,75,2381.25,657.68,1723.57,True,True
2021-01-19,Tuesday,Bull Call Spread,DOWN,False,75,4320.0,339.72,3980.28,True,True
2021-01-19,Tuesday,Bear Put Spread,DOWN,True,75,-1811.25,354.94,-2166.19,True,False
2021-01-19,Tuesday,Iron Condor,DOWN,False,75,1128.75,683.69,445.06,True,True
2021-01-20,Wednesday,Bull Call Spread,UP,True,75,1863.75,329.95,1533.8,True,True
2021-01-20,Wednesday,Bear Put Spread,UP,False,75,-4181.25,347.7,-4528.95,True,False
2021-01-20,Wednesday,Iron Condor,UP,False,75,-217.5,642.92,-860.42,True,False
2021-01-21,Thursday,Bull Call Spread,UP,True,75,-2066.25,325.86,-2392.11,True,False
2021-01-21,Thursday,Bear Put Spread,UP,False,75,5115.0,326.99,4788.01,True,True
2021-01-21,Thursday,Iron Condor,UP,False,75,311.25,639.94,-328.69,True,False
2021-01-22,Friday,Bull Call Spread,DOWN,False,75,-1601.25,351.09,-1952.34,True,False
2021-01-22,Friday,Bear Put Spread,DOWN,True,75,3915.0,361.94,3553.06,True,True
2021-01-22,Friday,Iron Condor,DOWN,False,75,-30.0,650.15,-680.15,True,False
2021-01-25,Monday,Bull Call Spread,DOWN,False,75,-7267.5,353.74,-7621.24,True,False
2021-01-25,Monday,Bear Put Spread,DOWN,True,75,3011.25,357.82,2653.43,True,True
2021-01-25,Monday,Iron Condor,DOWN,False,75,142.5,646.07,-503.57,True,False
2021-01-27,Wednesday,Bull Call Spread,DOWN,False,75,-4016.25,346.14,-4362.39,True,False
2021-01-27,Wednesday,Bear Put Spread,DOWN,True,75,5632.5,338.47,5294.03,True,True
2021-01-27,Wednesday,Iron Condor,DOWN,False,75,153.75,640.49,-486.74,True,False
2021-01-28,Thursday,Bull Call Spread,DOWN,False,75,-3918.75,335.86,-4254.61,True,False
2021-01-28,Thursday,Bear Put Spread,DOWN,True,75,262.5,329.53,-67.03,True,False
2021-01-28,Thursday,Iron Condor,DOWN,False,75,1683.75,643.51,1040.24,True,True
2021-01-29,Friday,Bull Call Spread,DOWN,False,75,-277.5,379.37,-656.87,True,False
2021-01-29,Friday,Bear Put Spread,DOWN,True,75,1860.0,392.06,1467.94,True,True
2021-01-29,Friday,Iron Condor,DOWN,False,75,-1616.25,681.92,-2298.17,True,False
2021-02-01,Monday,Bull Call Spread,DOWN,False,75,4102.5,372.74,3729.76,True,True
2021-02-01,Monday,Bear Put Spread,DOWN,True,75,-1920.0,384.45,-2304.45,True,False
2021-02-01,Monday,Iron Condor,DOWN,False,75,217.5,649.22,-431.72,True,False
2021-02-02,Tuesday,Bull Call Spread,UP,True,75,1447.5,348.41,1099.09,True,True
2021-02-02,Tuesday,Bear Put Spread,UP,False,75,-1923.75,357.49,-2281.24,True,False
2021-02-02,Tuesday,Iron Condor,UP,False,75,-108.75,643.21,-751.96,True,False
2021-02-03,Wednesday,Bull Call Spread,UP,True,75,2280.0,337.97,1942.03,True,True
2021-02-03,Wednesday,Bear Put Spread,UP,False,75,-2190.0,347.47,-2537.47,True,False
2021-02-03,Wednesday,Iron Condor,UP,False,75,855.0,645.38,209.62,True,True
2021-02-04,Thursday,Bull Call Spread,UP,True,75,6135.0,334.35,5800.65,True,True
2021-02-04,Thursday,Bear Put Spread,UP,False,75,-3255.0,332.65,-3587.65,True,False
2021-02-04,Thursday,Iron Condor,UP,False,75,1185.0,645.57,539.43,True,True
2021-02-05,Friday,Bull Call Spread,UP,True,75,-495.0,356.43,-851.43,True,False
2021-02-05,Friday,Bear Put Spread,UP,False,75,1665.0,364.41,1300.59,True,True
2021-02-05,Friday,Iron Condor,UP,False,75,0.0,0.0,0.0,False,False
2021-02-08,Monday,Bull Call Spread,FLAT,False,75,2115.0,347.76,1767.24,True,True
2021-02-08,Monday,Bear Put Spread,FLAT,False,75,-2182.5,364.49,-2546.99,True,False
2021-02-08,Monday,Iron Condor,FLAT,True,75,240.0,645.12,-405.12,True,False
2021-02-09,Tuesday,Bull Call Spread,UP,True,75,-716.25,347.9,-1064.15,True,False
2021-02-09,Tuesday,Bear Put Spread,UP,False,75,138.75,352.92,-214.17,True,False
2021-02-09,Tuesday,Iron Condor,UP,False,75,817.5,659.92,157.58,True,True
2021-02-10,Wednesday,Bull Call Spread,DOWN,False,75,-1818.75,344.57,-2163.32,True,False
2021-02-10,Wednesday,Bear Put Spread,DOWN,True,75,-997.5,341.89,-1339.39,True,False
2021-02-10,Wednesday,Iron Condor,DOWN,False,75,341.25,661.71,-320.46,True,False
2021-02-11,Thursday,Bull Call Spread,FLAT,False,75,1016.25,331.05,685.2,True,True
2021-02-11,Thursday,Bear Put Spread,FLAT,False,75,-3622.5,334.5,-3957.0,True,False
2021-02-11,Thursday,Iron Condor,FLAT,True,75,3945.0,650.57,3294.43,True,True
2021-02-12,Friday,Bull Call Spread,UP,True,75,-172.5,361.35,-533.85,True,False
2021-02-12,Friday,Bear Put Spread,UP,False,75,217.5,354.48,-136.98,True,False
2021-02-12,Friday,Iron Condor,UP,False,75,0.0,0.0,0.0,False,False
2021-02-15,Monday,Bull Call Spread,FLAT,False,75,1166.25,342.85,823.4,True,True
2021-02-15,Monday,Bear Put Spread,FLAT,False,75,-1125.0,355.84,-1480.84,True,False
2021-02-15,Monday,Iron Condor,FLAT,True,75,-708.75,654.2,-1362.95,True,False
2021-02-16,Tuesday,Bull Call Spread,UP,True,75,-3067.5,347.7,-3415.2,True,False
2021-02-16,Tuesday,Bear Put Spread,UP,False,75,843.75,341.69,502.06,True,True
2021-02-16,Tuesday,Iron Condor,UP,False,75,1601.25,659.92,941.33,True,True
2021-02-17,Wednesday,Bull Call Spread,DOWN,False,75,-3348.75,334.92,-3683.67,True,False
2021-02-17,Wednesday,Bear Put Spread,DOWN,True,75,1920.0,337.67,1582.33,True,True
2021-02-17,Wednesday,Iron Condor,DOWN,False,75,3517.5,657.46,2860.04,True,True
2021-02-18,Thursday,Bull Call Spread,DOWN,False,75,-3487.5,330.14,-3817.64,True,False
2021-02-18,Thursday,Bear Put Spread,DOWN,True,75,2017.5,329.77,1687.73,True,True
2021-02-18,Thursday,Iron Condor,DOWN,False,75,6255.0,660.86,5594.14,True,True
2021-02-19,Friday,Bull Call Spread,DOWN,False,75,-337.5,361.61,-699.11,True,False
2021-02-19,Friday,Bear Put Spread,DOWN,True,75,2981.25,356.75,2624.5,True,True
2021-02-19,Friday,Iron Condor,DOWN,False,75,120.0,641.98,-521.98,True,False
2021-02-22,Monday,Bull Call Spread,DOWN,False,75,-5340.0,349.91,-5689.91,True,False
2021-02-22,Monday,Bear Put Spread,DOWN,True,75,4676.25,358.56,4317.69,True,True
2021-02-22,Monday,Iron Condor,DOWN,False,75,5272.5,671.04,4601.46,True,True
2021-02-23,Tuesday,Bull Call Spread,DOWN,False,75,18.75,348.31,-329.56,True,False
2021-02-23,Tuesday,Bear Put Spread,DOWN,True,75,1811.25,351.91,1459.34,True,True
2021-02-23,Tuesday,Iron Condor,DOWN,False,75,397.5,647.61,-250.11,True,False
2021-02-24,Wednesday,Bull Call Spread,DOWN,False,75,5636.25,336.51,5299.74,True,True
2021-02-24,Wednesday,Bear Put Spread,DOWN,True,75,-2313.75,341.34,-2655.09,True,False
2021-02-24,Wednesday,Iron Condor,DOWN,False,75,-3052.5,642.27,-3694.77,True,False
2021-02-25,Thursday,Bull Call Spread,UP,True,75,-2055.0,327.26,-2382.26,True,False
2021-02-25,Thursday,Bear Put Spread,UP,False,75,-2662.5,333.02,-2995.52,True,False
2021-02-25,Thursday,Iron Condor,UP,False,75,2073.75,646.76,1426.99,True,True
2021-02-26,Friday,Bull Call Spread,FLAT,False,75,-975.0,355.42,-1330.42,True,False
2021-02-26,Friday,Bear Put Spread,FLAT,False,75,2463.75,370.16,2093.59,True,True
2021-02-26,Friday,Iron Condor,FLAT,True,75,4447.5,679.1,3768.4,True,True
2021-03-01,Monday,Bull Call Spread,DOWN,False,75,-1275.0,372.18,-1647.18,True,False
2021-03-01,Monday,Bear Put Spread,DOWN,True,75,2883.75,374.61,2509.14,True,True
2021-03-01,Monday,Iron Condor,DOWN,False,75,-1601.25,689.81,-2291.06,True,False
2021-03-02,Tuesday,Bull Call Spread,UP,True,75,1050.0,349.8,700.2,True,True
2021-03-02,Tuesday,Bear Put Spread,UP,False,75,-1391.25,365.43,-1756.68,True,False
2021-03-02,Tuesday,Iron Condor,UP,False,75,2996.25,678.69,2317.56,True,True
2021-03-03,Wednesday,Bull Call Spread,UP,True,75,5163.75,336.92,4826.83,True,True
2021-03-03,Wednesday,Bear Put Spread,UP,False,75,-1953.75,341.56,-2295.31,True,False
2021-03-03,Wednesday,Iron Condor,UP,False,75,2940.0,658.2,2281.8,True,True
2021-03-04,Thursday,Bull Call Spread,UP,True,75,873.75,330.24,543.51,True,True
2021-03-04,Thursday,Bear Put Spread,UP,False,75,-4638.75,341.78,-4980.53,True,False
2021-03-04,Thursday,Iron Condor,UP,False,75,4575.0,655.11,3919.89,True,True
2021-03-05,Friday,Bull Call Spread,UP,True,75,866.25,376.93,489.32,True,True
2021-03-05,Friday,Bear Put Spread,UP,False,75,326.25,377.28,-51.03,True,False
2021-03-05,Friday,Iron Condor,UP,False,75,457.5,653.15,-195.65,True,False
2021-03-08,Monday,Bull Call Spread,FLAT,False,75,240.0,369.64,-129.64,True,False
2021-03-08,Monday,Bear Put Spread,FLAT,False,75,1736.25,362.45,1373.8,True,True
2021-03-08,Monday,Iron Condor,FLAT,True,75,577.5,655.29,-77.79,True,False
2021-03-09,Tuesday,Bull Call Spread,FLAT,False,75,-813.75,340.28,-1154.03,True,False
2021-03-09,Tuesday,Bear Put Spread,FLAT,False,75,2426.25,361.5,2064.75,True,True
2021-03-09,Tuesday,Iron Condor,FLAT,True,75,870.0,662.71,207.29,True,True
2021-03-10,Wednesday,Bull Call Spread,UP,True,75,-2156.25,325.24,-2481.49,True,False
2021-03-10,Wednesday,Bear Put Spread,UP,False,75,2141.25,337.7,1803.55,True,True
2021-03-10,Wednesday,Iron Condor,UP,False,75,5291.25,656.61,4634.64,True,True
2021-03-12,Friday,Bull Call Spread,DOWN,False,75,-5227.5,354.02,-5581.52,True,False
2021-03-12,Friday,Bear Put Spread,DOWN,True,75,2865.0,367.31,2497.69,True,True
2021-03-12,Friday,Iron Condor,DOWN,False,75,-1620.0,655.13,-2275.13,True,False
2021-03-15,Monday,Bull Call Spread,DOWN,False,75,-6795.0,365.92,-7160.92,True,False
2021-03-15,Monday,Bear Put Spread,DOWN,True,75,2040.0,362.05,1677.95,True,True
2021-03-15,Monday,Iron Condor,DOWN,False,75,165.0,645.83,-480.83,True,False
2021-03-16,Tuesday,Bull Call Spread,DOWN,False,75,-1878.75,350.85,-2229.6,True,False
2021-03-16,Tuesday,Bear Put Spread,DOWN,True,75,2940.0,354.6,2585.4,True,True
2021-03-16,Tuesday,Iron Condor,DOWN,False,75,127.5,642.03,-514.53,True,False
2021-03-17,Wednesday,Bull Call Spread,DOWN,False,75,-2685.0,342.21,-3027.21,True,False
2021-03-17,Wednesday,Bear Put Spread,DOWN,True,75,3423.75,343.25,3080.5,True,True
2021-03-17,Wednesday,Iron Condor,DOWN,False,75,-521.25,641.29,-1162.54,True,False
2021-03-18,Thursday,Bull Call Spread,DOWN,False,75,-4200.0,334.01,-4534.01,True,False
2021-03-18,Thursday,Bear Put Spread,DOWN,True,75,8711.25,331.58,8379.67,True,True
2021-03-18,Thursday,Iron Condor,DOWN,False,75,-11.25,640.33,-651.58,True,False
2021-03-19,Friday,Bull Call Spread,DOWN,False,75,2265.0,372.7,1892.3,True,True
2021-03-19,Friday,Bear Put Spread,DOWN,True,75,-2850.0,371.74,-3221.74,True,False
2021-03-19,Friday,Iron Condor,DOWN,False,75,2842.5,692.15,2150.35,True,True
2021-03-22,Monday,Bull Call Spread,UP,True,75,-476.25,358.93,-835.18,True,False
2021-03-22,Monday,Bear Put Spread,UP,False,75,727.5,362.69,364.81,True,True
2021-03-22,Monday,Iron Condor,UP,False,75,723.75,661.35,62.4,True,True
2021-03-23,Tuesday,Bull Call Spread,FLAT,False,75,1113.75,356.09,757.66,True,True
2021-03-23,Tuesday,Bear Put Spread,FLAT,False,75,-1170.0,349.24,-1519.24,True,False
2021-03-23,Tuesday,Iron Condor,FLAT,True,75,495.0,649.29,-154.29,True,False
2021-03-24,Wednesday,Bull Call Spread,UP,True,75,-4023.75,346.74,-4370.49,True,False
2021-03-24,Wednesday,Bear Put Spread,UP,False,75,4151.25,343.9,3807.35,True,True
2021-03-24,Wednesday,Iron Condor,UP,False,75,1181.25,644.04,537.21,True,True
2021-03-25,Thursday,Bull Call Spread,DOWN,False,75,-2681.25,332.08,-3013.33,True,False
2021-03-25,Thursday,Bear Put Spread,DOWN,True,75,8295.0,335.34,7959.66,True,True
2021-03-25,Thursday,Iron Condor,DOWN,False,75,52.5,639.51,-587.01,True,False
2021-03-26,Friday,Bull Call Spread,DOWN,False,75,-330.0,361.48,-691.48,True,False
2021-03-26,Friday,Bear Put Spread,DOWN,True,75,825.0,374.2,450.8,True,True
2021-03-26,Friday,Iron Condor,DOWN,False,75,806.25,656.92,149.33,True,True
2021-03-31,Wednesday,Bull Call Spread,UP,True,75,-3206.25,341.25,-3547.5,True,False
2021-03-31,Wednesday,Bear Put Spread,UP,False,75,3671.25,347.67,3323.58,True,True
2021-03-31,Wednesday,Iron Condor,UP,False,75,1826.25,647.77,1178.48,True,True
2021-04-01,Thursday,Bull Call Spread,DOWN,False,75,1815.0,329.74,1485.26,True,True
2021-04-01,Thursday,Bear Put Spread,DOWN,True,75,-2141.25,335.81,-2477.06,True,False
2021-04-01,Thursday,Iron Condor,DOWN,False,75,1946.25,644.06,1302.19,True,True
2021-04-05,Monday,Bull Call Spread,UP,True,75,-3735.0,347.47,-4082.47,True,False
2021-04-05,Monday,Bear Put Spread,UP,False,75,2216.25,356.84,1859.41,True,True
2021-04-05,Monday,Iron Condor,UP,False,75,2760.0,658.03,2101.97,True,True
2021-04-06,Tuesday,Bull Call Spread,DOWN,False,75,573.75,339.76,233.99,True,True
2021-04-06,Tuesday,Bear Put Spread,DOWN,True,75,270.0,356.12,-86.12,True,False
2021-04-06,Tuesday,Iron Condor,DOWN,False,75,341.25,645.69,-304.44,True,False
2021-04-07,Wednesday,Bull Call Spread,FLAT,False,75,2835.0,336.05,2498.95,True,True
2021-04-07,Wednesday,Bear Put Spread,FLAT,False,75,-3813.75,352.52,-4166.27,True,False
2021-04-07,Wednesday,Iron Condor,FLAT,True,75,7.5,642.19,-634.69,True,False
2021-04-08,Thursday,Bull Call Spread,UP,True,75,-1826.25,324.3,-2150.55,True,False
2021-04-08,Thursday,Bear Put Spread,UP,False,75,-731.25,340.69,-1071.94,True,False
2021-04-08,Thursday,Iron Condor,UP,False,75,2583.75,647.24,1936.51,True,True
2021-04-09,Friday,Bull Call Spread,FLAT,False,75,555.0,359.38,195.62,True,True
2021-04-09,Friday,Bear Put Spread,FLAT,False,75,-228.75,369.87,-598.62,True,False
2021-04-09,Friday,Iron Condor,FLAT,True,75,277.5,641.41,-363.91,True,False
2021-04-12,Monday,Bull Call Spread,FLAT,False,75,-127.5,346.16,-473.66,True,False
2021-04-12,Monday,Bear Put Spread,FLAT,False,75,4908.75,359.44,4549.31,True,True
2021-04-12,Monday,Iron Condor,FLAT,True,75,-1320.0,646.66,-1966.66,True,False
2021-04-13,Tuesday,Bull Call Spread,DOWN,False,75,2302.5,347.92,1954.58,True,True
2021-04-13,Tuesday,Bear Put Spread,DOWN,True,75,-2711.25,360.93,-3072.18,True,False
2021-04-13,Tuesday,Iron Condor,DOWN,False,75,90.0,651.06,-561.06,True,False
2021-04-15,Thursday,Bull Call Spread,UP,True,75,-1721.25,329.41,-2050.66,True,False
2021-04-15,Thursday,Bear Put Spread,UP,False,75,-4980.0,338.17,-5318.17,True,False
2021-04-15,Thursday,Iron Condor,UP,False,75,2302.5,646.53,1655.97,True,True
2021-04-16,Friday,Bull Call Spread,FLAT,False,75,671.25,356.92,314.33,True,True
2021-04-16,Friday,Bear Put Spread,FLAT,False,75,-1155.0,367.12,-1522.12,True,False
2021-04-16,Friday,Iron Condor,FLAT,True,75,390.0,651.3,-261.3,True,False
2021-04-19,Monday,Bull Call Spread,UP,True,75,-333.75,342.17,-675.92,True,False
2021-04-19,Monday,Bear Put Spread,UP,False,75,3870.0,360.27,3509.73,True,True
2021-04-19,Monday,Iron Condor,UP,False,75,1410.0,655.53,754.47,True,True
2021-04-20,Tuesday,Bull Call Spread,FLAT,False,75,-2955.0,341.48,-3296.48,True,False
2021-04-20,Tuesday,Bear Put Spread,FLAT,False,75,4275.0,347.11,3927.89,True,True
2021-04-20,Tuesday,Iron Condor,FLAT,True,75,-423.75,646.31,-1070.06,True,False
2021-04-22,Thursday,Bull Call Spread,DOWN,False,75,7961.25,333.97,7627.28,True,True
2021-04-22,Thursday,Bear Put Spread,DOWN,True,75,-3292.5,338.75,-3631.25,True,False
2021-04-22,Thursday,Iron Condor,DOWN,False,75,7395.0,691.7,6703.3,True,True
2021-04-23,Friday,Bull Call Spread,UP,True,75,1507.5,371.35,1136.15,True,True
2021-04-23,Friday,Bear Put Spread,UP,False,75,-3843.75,383.72,-4227.47,True,False
2021-04-23,Friday,Iron Condor,UP,False,75,258.75,666.16,-407.41,True,False
2021-04-26,Monday,Bull Call Spread,FLAT,False,75,3446.25,347.43,3098.82,True,True
2021-04-26,Monday,Bear Put Spread,FLAT,False,75,-161.25,361.09,-522.34,True,False
2021-04-26,Monday,Iron Condor,FLAT,True,75,386.25,654.07,-267.82,True,False
2021-04-27,Tuesday,Bull Call Spread,UP,True,75,1743.75,350.94,1392.81,True,True
2021-04-27,Tuesday,Bear Put Spread,UP,False,75,-2752.5,355.17,-3107.67,True,False
2021-04-27,Tuesday,Iron Condor,UP,False,75,712.5,644.4,68.1,True,True
2021-04-28,Wednesday,Bull Call Spread,UP,True,75,3630.0,335.11,3294.89,True,True
2021-04-28,Wednesday,Bear Put Spread,UP,False,75,-3431.25,339.48,-3770.73,True,False
2021-04-28,Wednesday,Iron Condor,UP,False,75,-967.5,640.97,-1608.47,True,False
2021-04-29,Thursday,Bull Call Spread,UP,True,75,-1526.25,324.65,-1850.9,True,False
2021-04-29,Thursday,Bear Put Spread,UP,False,75,4991.25,337.75,4653.5,True,True
2021-04-29,Thursday,Iron Condor,UP,False,75,1642.5,645.21,997.29,True,True
2021-04-30,Friday,Bull Call Spread,DOWN,False,75,-1635.0,362.65,-1997.65,True,False
2021-04-30,Friday,Bear Put Spread,DOWN,True,75,3123.75,374.89,2748.86,True,True
2021-04-30,Friday,Iron Condor,DOWN,False,75,0.0,0.0,0.0,False,False
2021-05-03,Monday,Bull Call Spread,DOWN,False,75,1863.75,352.77,1510.98,True,True
2021-05-03,Monday,Bear Put Spread,DOWN,True,75,-333.75,368.39,-702.14,True,False
2021-05-03,Monday,Iron Condor,DOWN,False,75,183.75,655.46,-471.71,True,False
2021-05-04,Tuesday,Bull Call Spread,UP,True,75,-3213.75,348.25,-3562.0,True,False
2021-05-04,Tuesday,Bear Put Spread,UP,False,75,2737.5,352.93,2384.57,True,True
2021-05-04,Tuesday,Iron Condor,UP,False,75,787.5,645.46,142.04,True,True
2021-05-05,Wednesday,Bull Call Spread,DOWN,False,75,1076.25,333.25,743.0,True,True
2021-05-05,Wednesday,Bear Put Spread,DOWN,True,75,386.25,355.61,30.64,True,True
2021-05-05,Wednesday,Iron Condor,DOWN,False,75,300.0,641.79,-341.79,True,False
2021-05-06,Thursday,Bull Call Spread,UP,True,75,-1522.5,326.87,-1849.37,True,False
2021-05-06,Thursday,Bear Put Spread,UP,False,75,-5430.0,336.92,-5766.92,True,False
2021-05-06,Thursday,Iron Condor,UP,False,75,5475.0,656.69,4818.31,True,True
2021-05-07,Friday,Bull Call Spread,UP,True,75,697.5,352.09,345.41,True,True
2021-05-07,Friday,Bear Put Spread,UP,False,75,-2006.25,358.94,-2365.19,True,False
2021-05-07,Friday,Iron Condor,UP,False,75,-821.25,651.79,-1473.04,True,False
2021-05-10,Monday,Bull Call Spread,FLAT,False,75,-656.25,341.08,-997.33,True,False
2021-05-10,Monday,Bear Put Spread,FLAT,False,75,-1653.75,352.31,-2006.06,True,False
2021-05-10,Monday,Iron Condor,FLAT,True,75,165.0,644.88,-479.88,True,False
2021-05-11,Tuesday,Bull Call Spread,FLAT,False,75,-1128.75,343.67,-1472.42,True,False
2021-05-11,Tuesday,Bear Put Spread,FLAT,False,75,-858.75,336.72,-1195.47,True,False
2021-05-11,Tuesday,Iron Condor,FLAT,True,75,1631.25,662.77,968.48,True,True
2021-05-12,Wednesday,Bull Call Spread,UP,True,75,-3303.75,327.97,-3631.72,True,False
2021-05-12,Wednesday,Bear Put Spread,UP,False,75,7586.25,337.74,7248.51,True,True
2021-05-12,Wednesday,Iron Condor,UP,False,75,5928.75,657.38,5271.37,True,True
2021-05-14,Friday,Bull Call Spread,DOWN,False,75,330.0,356.0,-26.0,True,False
2021-05-14,Friday,Bear Put Spread,DOWN,True,75,1702.5,358.55,1343.95,True,True
2021-05-14,Friday,Iron Condor,DOWN,False,75,37.5,642.68,-605.18,True,False
2021-05-17,Monday,Bull Call Spread,FLAT,False,75,4102.5,345.08,3757.42,True,True
2021-05-17,Monday,Bear Put Spread,FLAT,False,75,-1518.75,349.79,-1868.54,True,False
2021-05-17,Monday,Iron Condor,FLAT,True,75,-663.75,669.03,-1332.78,True,False
2021-05-18,Tuesday,Bull Call Spread,UP,True,75,-367.5,334.82,-702.32,True,False
2021-05-18,Tuesday,Bear Put Spread,UP,False,75,-2028.75,343.68,-2372.43,True,False
2021-05-18,Tuesday,Iron Condor,UP,False,75,285.0,645.08,-360.08,True,False
2021-05-19,Wednesday,Bull Call Spread,UP,True,75,-2355.0,335.6,-2690.6,True,False
2021-05-19,Wednesday,Bear Put Spread,UP,False,75,-1327.5,346.1,-1673.6,True,False
2021-05-19,Wednesday,Iron Condor,UP,False,75,600.0,647.22,-47.22,True,False
2021-05-20,Thursday,Bull Call Spread,FLAT,False,75,-2700.0,328.27,-3028.27,True,False
2021-05-20,Thursday,Bear Put Spread,FLAT,False,75,7552.5,332.21,7220.29,True,True
2021-05-20,Thursday,Iron Condor,FLAT,True,75,5786.25,656.6,5129.65,True,True
2021-05-21,Friday,Bull Call Spread,DOWN,False,75,3843.75,355.34,3488.41,True,True
2021-05-21,Friday,Bear Put Spread,DOWN,True,75,-2381.25,362.6,-2743.85,True,False
2021-05-21,Friday,Iron Condor,DOWN,False,75,-532.5,642.34,-1174.84,True,False
2021-05-24,Monday,Bull Call Spread,UP,True,75,101.25,340.6,-239.35,True,False
2021-05-24,Monday,Bear Put Spread,UP,False,75,2092.5,353.2,1739.3,True,True
2021-05-24,Monday,Iron Condor,UP,False,75,438.75,656.71,-217.96,True,False
2021-05-25,Tuesday,Bull Call Spread,FLAT,False,75,-716.25,333.25,-1049.5,True,False
2021-05-25,Tuesday,Bear Put Spread,FLAT,False,75,1436.25,340.67,1095.58,True,True
2021-05-25,Tuesday,Iron Condor,FLAT,True,75,1095.0,643.4,451.6,True,True
2021-05-26,Wednesday,Bull Call Spread,DOWN,False,75,1796.25,331.44,1464.81,True,True
2021-05-26,Wednesday,Bear Put Spread,DOWN,True,75,-2163.75,334.31,-2498.06,True,False
2021-05-26,Wednesday,Iron Condor,DOWN,False,75,1267.5,648.94,618.56,True,True
2021-05-27,Thursday,Bull Call Spread,UP,True,75,-2572.5,326.61,-2899.11,True,False
2021-05-27,Thursday,Bear Put Spread,UP,False,75,-3866.25,334.77,-4201.02,True,False
2021-05-27,Thursday,Iron Condor,UP,False,75,5178.75,653.27,4525.48,True,True
2021-05-28,Friday,Bull Call Spread,FLAT,False,75,-1657.5,349.42,-2006.92,True,False
2021-05-28,Friday,Bear Put Spread,FLAT,False,75,847.5,359.15,488.35,True,True
2021-05-28,Friday,Iron Condor,FLAT,True,75,1492.5,662.72,829.78,True,True
2021-05-31,Monday,Bull Call Spread,FLAT,False,75,738.75,344.09,394.66,True,True
2021-05-31,Monday,Bear Put Spread,FLAT,False,75,-3093.75,347.76,-3441.51,True,False
2021-05-31,Monday,Iron Condor,FLAT,True,75,3082.5,661.07,2421.43,True,True
2021-06-01,Tuesday,Bull Call Spread,UP,True,75,-382.5,334.06,-716.56,True,False
2021-06-01,Tuesday,Bear Put Spread,UP,False,75,-768.75,342.14,-1110.89,True,False
2021-06-01,Tuesday,Iron Condor,UP,False,75,127.5,640.82,-513.32,True,False
2021-06-02,Wednesday,Bull Call Spread,FLAT,False,75,-423.75,329.36,-753.11,True,False
2021-06-02,Wednesday,Bear Put Spread,FLAT,False,75,-1147.5,339.34,-1486.84,True,False
2021-06-02,Wednesday,Iron Condor,FLAT,True,75,671.25,643.51,27.74,True,True
2021-06-03,Thursday,Bull Call Spread,FLAT,False,75,-536.25,321.89,-858.14,True,False
2021-06-03,Thursday,Bear Put Spread,FLAT,False,75,-2430.0,335.82,-2765.82,True,False
2021-06-03,Thursday,Iron Condor,FLAT,True,75,510.0,641.61,-131.61,True,False
2021-06-04,Friday,Bull Call Spread,FLAT,False,75,-727.5,348.76,-1076.26,True,False
2021-06-04,Friday,Bear Put Spread,FLAT,False,75,806.25,347.75,458.5,True,True
2021-06-04,Friday,Iron Condor,FLAT,True,75,2658.75,679.1,1979.65,True,True
2021-06-07,Monday,Bull Call Spread,FLAT,False,75,476.25,338.84,137.41,True,True
2021-06-07,Monday,Bear Put Spread,FLAT,False,75,-543.75,346.82,-890.57,True,False
2021-06-07,Monday,Iron Condor,FLAT,True,75,165.0,661.63,-496.63,True,False
2021-06-08,Tuesday,Bull Call Spread,FLAT,False,75,-1035.0,332.29,-1367.29,True,False
2021-06-08,Tuesday,Bear Put Spread,FLAT,False,75,-191.25,343.2,-534.45,True,False
2021-06-08,Tuesday,Iron Condor,FLAT,True,75,296.25,641.45,-345.2,True,False
2021-06-09,Wednesday,Bull Call Spread,FLAT,False,75,-2175.0,327.18,-2502.18,True,False
2021-06-09,Wednesday,Bear Put Spread,FLAT,False,75,3945.0,338.69,3606.31,True,True
2021-06-09,Wednesday,Iron Condor,FLAT,True,75,2017.5,648.55,1368.95,True,True
2021-06-10,Thursday,Bull Call Spread,DOWN,False,75,1192.5,324.44,868.06,True,True
2021-06-10,Thursday,Bear Put Spread,DOWN,True,75,-2373.75,327.39,-2701.14,True,False
2021-06-10,Thursday,Iron Condor,DOWN,False,75,2992.5,648.73,2343.77,True,True
2021-06-11,Friday,Bull Call Spread,UP,True,75,476.25,340.26,135.99,True,True
2021-06-11,Friday,Bear Put Spread,UP,False,75,-1020.0,350.1,-1370.1,True,False
2021-06-11,Friday,Iron Condor,UP,False,75,483.75,646.3,-162.55,True,False
2021-06-14,Monday,Bull Call Spread,FLAT,False,75,547.5,344.37,203.13,True,True
2021-06-14,Monday,Bear Put Spread,FLAT,False,75,-1316.25,344.92,-1661.17,True,False
2021-06-14,Monday,Iron Condor,FLAT,True,75,131.25,643.74,-512.49,True,False
2021-06-15,Tuesday,Bull Call Spread,UP,True,75,296.25,334.4,-38.15,True,False
2021-06-15,Tuesday,Bear Put Spread,UP,False,75,408.75,335.07,73.68,True,True
2021-06-15,Tuesday,Iron Condor,UP,False,75,228.75,643.05,-414.3,True,False
2021-06-16,Wednesday,Bull Call Spread,FLAT,False,75,-2688.75,332.53,-3021.28,True,False
2021-06-16,Wednesday,Bear Put Spread,FLAT,False,75,1031.25,334.06,697.19,True,True
2021-06-16,Wednesday,Iron Condor,FLAT,True,75,1653.75,648.42,1005.33,True,True
2021-06-17,Thursday,Bull Call Spread,DOWN,False,75,11.25,333.41,-322.16,True,False
2021-06-17,Thursday,Bear Put Spread,DOWN,True,75,-2197.5,327.42,-2524.92,True,False
2021-06-17,Thursday,Iron Condor,DOWN,False,75,3045.0,647.14,2397.86,True,True
2021-06-18,Friday,Bull Call Spread,FLAT,False,75,798.75,343.0,455.75,True,True
2021-06-18,Friday,Bear Put Spread,FLAT,False,75,2317.5,352.1,1965.4,True,True
2021-06-18,Friday,Iron Condor,FLAT,True,75,663.75,646.21,17.54,True,True
2021-06-21,Monday,Bull Call Spread,DOWN,False,75,3457.5,344.73,3112.77,True,True
2021-06-21,Monday,Bear Put Spread,DOWN,True,75,-1320.0,338.42,-1658.42,True,False
2021-06-21,Monday,Iron Condor,DOWN,False,75,-108.75,644.17,-752.92,True,False
2021-06-22,Tuesday,Bull Call Spread,UP,True,75,-1713.75,338.58,-2052.33,True,False
2021-06-22,Tuesday,Bear Put Spread,UP,False,75,2265.0,337.75,1927.25,True,True
2021-06-22,Tuesday,Iron Condor,UP,False,75,562.5,647.01,-84.51,True,False
2021-06-23,Wednesday,Bull Call Spread,FLAT,False,75,-2778.75,333.0,-3111.75,True,False
2021-06-23,Wednesday,Bear Put Spread,FLAT,False,75,3420.0,332.36,3087.64,True,True
2021-06-23,Wednesday,Iron Condor,FLAT,True,75,2737.5,654.84,2082.66,True,True
2021-06-24,Thursday,Bull Call Spread,DOWN,False,75,3142.5,330.63,2811.87,True,True
2021-06-24,Thursday,Bear Put Spread,DOWN,True,75,-1350.0,324.71,-1674.71,True,False
2021-06-24,Thursday,Iron Condor,DOWN,False,75,768.75,642.52,126.23,True,True
2021-06-25,Friday,Bull Call Spread,UP,True,75,600.0,343.6,256.4,True,True
2021-06-25,Friday,Bear Put Spread,UP,False,75,-1038.75,351.52,-1390.27,True,False
2021-06-25,Friday,Iron Condor,UP,False,75,633.75,649.88,-16.13,True,False
2021-06-28,Monday,Bull Call Spread,FLAT,False,75,-1713.75,336.44,-2050.19,True,False
2021-06-28,Monday,Bear Put Spread,FLAT,False,75,1830.0,341.21,1488.79,True,True
2021-06-28,Monday,Iron Condor,FLAT,True,75,690.0,660.59,29.41,True,True
2021-06-29,Tuesday,Bull Call Spread,DOWN,False,75,-2017.5,332.86,-2350.36,True,False
2021-06-29,Tuesday,Bear Put Spread,DOWN,True,75,26.25,346.22,-319.97,True,False
2021-06-29,Tuesday,Iron Condor,DOWN,False,75,1882.5,650.34,1232.16,True,True
2021-06-30,Wednesday,Bull Call Spread,DOWN,False,75,-1590.0,328.27,-1918.27,True,False
2021-06-30,Wednesday,Bear Put Spread,DOWN,True,75,1627.5,334.96,1292.54,True,True
2021-06-30,Wednesday,Iron Condor,DOWN,False,75,761.25,642.9,118.35,True,True
2021-07-01,Thursday,Bull Call Spread,DOWN,False,50,-1415.0,248.31,-1663.31,True,False
2021-07-01,Thursday,Bear Put Spread,DOWN,True,50,2567.5,247.89,2319.61,True,True
2021-07-01,Thursday,Iron Condor,DOWN,False,50,2587.5,496.27,2091.23,True,True
2021-07-02,Friday,Bull Call Spread,DOWN,False,50,192.5,254.64,-62.14,True,False
2021-07-02,Friday,Bear Put Spread,DOWN,True,50,122.5,262.86,-140.36,True,False
2021-07-02,Friday,Iron Condor,DOWN,False,50,510.0,497.82,12.18,True,True
2021-07-05,Monday,Bull Call Spread,FLAT,False,50,1517.5,256.02,1261.48,True,True
2021-07-05,Monday,Bear Put Spread,FLAT,False,50,-1647.5,255.32,-1902.82,True,False
2021-07-05,Monday,Iron Condor,FLAT,True,50,1210.0,496.92,713.08,True,True
2021-07-06,Tuesday,Bull Call Spread,UP,True,50,-427.5,250.73,-678.23,True,False
2021-07-06,Tuesday,Bear Put Spread,UP,False,50,-497.5,255.08,-752.58,True,False
2021-07-06,Tuesday,Iron Condor,UP,False,50,250.0,492.6,-242.6,True,False
2021-07-07,Wednesday,Bull Call Spread,FLAT,False,50,1000.0,248.16,751.84,True,True
2021-07-07,Wednesday,Bear Put Spread,FLAT,False,50,-2340.0,254.76,-2594.76,True,False
2021-07-07,Wednesday,Iron Condor,FLAT,True,50,1322.5,496.1,826.4,True,True
2021-07-08,Thursday,Bull Call Spread,UP,True,50,-1377.5,247.79,-1625.29,True,False
2021-07-08,Thursday,Bear Put Spread,UP,False,50,4897.5,248.74,4648.76,True,True
2021-07-08,Thursday,Iron Condor,UP,False,50,2622.5,497.97,2124.53,True,True
2021-07-09,Friday,Bull Call Spread,DOWN,False,50,372.5,260.94,111.56,True,True
2021-07-09,Friday,Bear Put Spread,DOWN,True,50,-235.0,261.5,-496.5,True,False
2021-07-09,Friday,Iron Condor,DOWN,False,50,745.0,500.34,244.66,True,True
2021-07-12,Monday,Bull Call Spread,FLAT,False,50,-705.0,253.2,-958.2,True,False
2021-07-12,Monday,Bear Put Spread,FLAT,False,50,1342.5,260.21,1082.29,True,True
2021-07-12,Monday,Iron Condor,FLAT,True,50,10.0,506.23,-496.23,True,False
2021-07-13,Tuesday,Bull Call Spread,DOWN,False,50,882.5,251.55,630.95,True,True
2021-07-13,Tuesday,Bear Put Spread,DOWN,True,50,-670.0,254.84,-924.84,True,False
2021-07-13,Tuesday,Iron Condor,DOWN,False,50,1115.0,496.82,618.18,True,True
2021-07-14,Wednesday,Bull Call Spread,FLAT,False,50,845.0,251.45,593.55,True,True
2021-07-14,Wednesday,Bear Put Spread,FLAT,False,50,-1135.0,251.19,-1386.19,True,False
2021-07-14,Wednesday,Iron Condor,FLAT,True,50,1165.0,496.22,668.78,True,True
2021-07-15,Thursday,Bull Call Spread,UP,True,50,440.0,246.51,193.49,True,True
2021-07-15,Thursday,Bear Put Spread,UP,False,50,-2307.5,251.23,-2558.73,True,False
2021-07-15,Thursday,Iron Condor,UP,False,50,2347.5,495.88,1851.62,True,True
2021-07-16,Friday,Bull Call Spread,UP,True,50,-302.5,264.33,-566.83,True,False
2021-07-16,Friday,Bear Put Spread,UP,False,50,-390.0,255.95,-645.95,True,False
2021-07-16,Friday,Iron Condor,UP,False,50,1270.0,510.12,759.88,True,True
2021-07-19,Monday,Bull Call Spread,FLAT,False,50,-500.0,259.86,-759.86,True,False
2021-07-19,Monday,Bear Put Spread,FLAT,False,50,-165.0,254.96,-419.96,True,False
2021-07-19,Monday,Iron Condor,FLAT,True,50,-592.5,507.67,-1100.17,True,False
2021-07-20,Tuesday,Bull Call Spread,FLAT,False,50,-1532.5,255.19,-1787.69,True,False
2021-07-20,Tuesday,Bear Put Spread,FLAT,False,50,1325.0,251.54,1073.46,True,True
2021-07-20,Tuesday,Iron Condor,FLAT,True,50,1075.0,495.54,579.46,True,True
2021-07-22,Thursday,Bull Call Spread,DOWN,False,50,3505.0,250.79,3254.21,True,True
2021-07-22,Thursday,Bear Put Spread,DOWN,True,50,-997.5,247.74,-1245.24,True,False
2021-07-22,Thursday,Iron Condor,DOWN,False,50,2965.0,500.46,2464.54,True,True
2021-07-23,Friday,Bull Call Spread,UP,True,50,682.5,255.99,426.51,True,True
2021-07-23,Friday,Bear Put Spread,UP,False,50,-777.5,259.88,-1037.38,True,False
2021-07-23,Friday,Iron Condor,UP,False,50,230.0,493.52,-263.52,True,False
2021-07-26,Monday,Bull Call Spread,FLAT,False,50,-875.0,259.76,-1134.76,True,False
2021-07-26,Monday,Bear Put Spread,FLAT,False,50,555.0,254.29,300.71,True,True
2021-07-26,Monday,Iron Condor,FLAT,True,50,-262.5,500.98,-763.48,True,False
2021-07-27,Tuesday,Bull Call Spread,FLAT,False,50,-1895.0,252.85,-2147.85,True,False
2021-07-27,Tuesday,Bear Put Spread,FLAT,False,50,1445.0,255.55,1189.45,True,True
2021-07-27,Tuesday,Iron Condor,FLAT,True,50,1160.0,493.95,666.05,True,True
2021-07-28,Wednesday,Bull Call Spread,DOWN,False,50,-782.5,252.1,-1034.6,True,False
2021-07-28,Wednesday,Bear Put Spread,DOWN,True,50,300.0,253.7,46.3,True,True
2021-07-28,Wednesday,Iron Condor,DOWN,False,50,835.0,494.47,340.53,True,True
2021-07-29,Thursday,Bull Call Spread,DOWN,False,50,472.5,247.68,224.82,True,True
2021-07-29,Thursday,Bear Put Spread,DOWN,True,50,-2187.5,249.97,-2437.47,True,False
2021-07-29,Thursday,Iron Condor,DOWN,False,50,1747.5,494.47,1253.03,True,True
2021-07-30,Friday,Bull Call Spread,UP,True,50,-360.0,262.34,-622.34,True,False
2021-07-30,Friday,Bear Put Spread,UP,False,50,282.5,256.21,26.29,True,True
2021-07-30,Friday,Iron Condor,UP,False,50,152.5,506.19,-353.69,True,False
2021-08-02,Monday,Bull Call Spread,UP,True,50,1085.0,249.62,835.38,True,True
2021-08-02,Monday,Bear Put Spread,UP,False,50,80.0,262.54,-182.54,True,False
2021-08-02,Monday,Iron Condor,UP,False,50,-595.0,503.92,-1098.92,True,False
2021-08-03,Tuesday,Bull Call Spread,FLAT,False,50,3860.0,250.07,3609.93,True,True
2021-08-03,Tuesday,Bear Put Spread,FLAT,False,50,-2675.0,259.45,-2934.45,True,False
2021-08-03,Tuesday,Iron Condor,FLAT,True,50,232.5,499.29,-266.79,True,False
2021-08-04,Wednesday,Bull Call Spread,UP,True,50,2400.0,251.62,2148.38,True,True
2021-08-04,Wednesday,Bear Put Spread,UP,False,50,-1682.5,254.76,-1937.26,True,False
2021-08-04,Wednesday,Iron Condor,UP,False,50,335.0,493.82,-158.82,True,False
2021-08-05,Thursday,Bull Call Spread,UP,True,50,-772.5,247.95,-1020.45,True,False
2021-08-05,Thursday,Bear Put Spread,UP,False,50,-2895.0,253.14,-3148.14,True,False
2021-08-05,Thursday,Iron Condor,UP,False,50,3667.5,501.08,3166.42,True,True
2021-08-06,Friday,Bull Call Spread,FLAT,False,50,-1837.5,261.04,-2098.54,True,False
2021-08-06,Friday,Bear Put Spread,FLAT,False,50,775.0,263.04,511.96,True,True
2021-08-06,Friday,Iron Condor,FLAT,True,50,1832.5,506.58,1325.92,True,True
2021-08-09,Monday,Bull Call Spread,FLAT,False,50,-570.0,257.9,-827.9,True,False
2021-08-09,Monday,Bear Put Spread,FLAT,False,50,-172.5,256.98,-429.48,True,False
2021-08-09,Monday,Iron Condor,FLAT,True,50,42.5,506.43,-463.93,True,False
2021-08-10,Tuesday,Bull Call Spread,FLAT,False,50,-530.0,255.84,-785.84,True,False
2021-08-10,Tuesday,Bear Put Spread,FLAT,False,50,-695.0,254.67,-949.67,True,False
2021-08-10,Tuesday,Iron Condor,FLAT,True,50,397.5,501.71,-104.21,True,False
2021-08-11,Wednesday,Bull Call Spread,FLAT,False,50,-592.5,251.17,-843.67,True,False
2021-08-11,Wednesday,Bear Put Spread,FLAT,False,50,62.5,252.57,-190.07,True,False
2021-08-11,Wednesday,Iron Condor,FLAT,True,50,672.5,498.27,174.23,True,True
2021-08-12,Thursday,Bull Call Spread,FLAT,False,50,1787.5,248.1,1539.4,True,True
2021-08-12,Thursday,Bear Put Spread,FLAT,False,50,-2270.0,250.45,-2520.45,True,False
2021-08-12,Thursday,Iron Condor,FLAT,True,50,482.5,498.55,-16.05,True,False
2021-08-13,Friday,Bull Call Spread,UP,True,50,2017.5,258.75,1758.75,True,True
2021-08-13,Friday,Bear Put Spread,UP,False,50,-2332.5,258.86,-2591.36,True,False
2021-08-13,Friday,Iron Condor,UP,False,50,1672.5,505.71,1166.79,True,True
2021-08-16,Monday,Bull Call Spread,UP,True,50,172.5,258.43,-85.93,True,False
2021-08-16,Monday,Bear Put Spread,UP,False,50,-870.0,255.97,-1125.97,True,False
2021-08-16,Monday,Iron Condor,UP,False,50,-147.5,498.04,-645.54,True,False
2021-08-17,Tuesday,Bull Call Spread,UP,True,50,612.5,252.3,360.2,True,True
2021-08-17,Tuesday,Bear Put Spread,UP,False,50,-1835.0,256.02,-2091.02,True,False
2021-08-17,Tuesday,Iron Condor,UP,False,50,-70.0,495.52,-565.52,True,False
2021-08-18,Wednesday,Bull Call Spread,UP,True,50,-2037.5,249.73,-2287.23,True,False
2021-08-18,Wednesday,Bear Put Spread,UP,False,50,1705.0,249.84,1455.16,True,True
2021-08-18,Wednesday,Iron Condor,UP,False,50,3867.5,500.39,3367.11,True,True
2021-08-20,Friday,Bull Call Spread,DOWN,False,50,-1057.5,267.69,-1325.19,True,False
2021-08-20,Friday,Bear Put Spread,DOWN,True,50,1515.0,261.3,1253.7,True,True
2021-08-20,Friday,Iron Condor,DOWN,False,50,482.5,506.09,-23.59,True,False
2021-08-23,Monday,Bull Call Spread,FLAT,False,50,-640.0,255.78,-895.78,True,False
2021-08-23,Monday,Bear Put Spread,FLAT,False,50,1482.5,258.87,1223.63,True,True
2021-08-23,Monday,Iron Condor,FLAT,True,50,877.5,497.66,379.84,True,True
2021-08-24,Tuesday,Bull Call Spread,DOWN,False,50,1890.0,253.37,1636.63,True,True
2021-08-24,Tuesday,Bear Put Spread,DOWN,True,50,-862.5,259.75,-1122.25,True,False
2021-08-24,Tuesday,Iron Condor,DOWN,False,50,1622.5,500.37,1122.13,True,True
2021-08-25,Wednesday,Bull Call Spread,UP,True,50,-530.0,249.95,-779.95,True,False
2021-08-25,Wednesday,Bear Put Spread,UP,False,50,830.0,251.43,578.57,True,True
2021-08-25,Wednesday,Iron Condor,UP,False,50,947.5,495.15,452.35,True,True
2021-08-26,Thursday,Bull Call Spread,FLAT,False,50,-2207.5,253.59,-2461.09,True,False
2021-08-26,Thursday,Bear Put Spread,FLAT,False,50,-2095.0,249.99,-2344.99,True,False
2021-08-26,Thursday,Iron Condor,FLAT,True,50,3587.5,498.07,3089.43,True,True
2021-08-27,Friday,Bull Call Spread,FLAT,False,50,1092.5,257.7,834.8,True,True
2021-08-27,Friday,Bear Put Spread,FLAT,False,50,-745.0,261.74,-1006.74,True,False
2021-08-27,Friday,Iron Condor,FLAT,True,50,350.0,504.02,-154.02,True,False
2021-08-30,Monday,Bull Call Spread,UP,True,50,3155.0,257.16,2897.84,True,True
2021-08-30,Monday,Bear Put Spread,UP,False,50,-2702.5,260.86,-2963.36,True,False
2021-08-30,Monday,Iron Condor,UP,False,50,972.5,504.98,467.52,True,True
2021-08-31,Tuesday,Bull Call Spread,UP,True,50,2707.5,259.93,2447.57,True,True
2021-08-31,Tuesday,Bear Put Spread,UP,False,50,-1505.0,253.34,-1758.34,True,False
2021-08-31,Tuesday,Iron Condor,UP,False,50,-1877.5,492.14,-2369.64,True,False
2021-09-01,Wednesday,Bull Call Spread,UP,True,50,-1475.0,252.74,-1727.74,True,False
2021-09-01,Wednesday,Bear Put Spread,UP,False,50,1590.0,254.45,1335.55,True,True
2021-09-01,Wednesday,Iron Condor,UP,False,50,852.5,498.83,353.67,True,True
2021-09-02,Thursday,Bull Call Spread,DOWN,False,50,3410.0,246.68,3163.32,True,True
2021-09-02,Thursday,Bear Put Spread,DOWN,True,50,-3492.5,256.74,-3749.24,True,False
2021-09-02,Thursday,Iron Condor,DOWN,False,50,4747.5,506.28,4241.22,True,True
2021-09-03,Friday,Bull Call Spread,UP,True,50,-47.5,264.75,-312.25,True,False
2021-09-03,Friday,Bear Put Spread,UP,False,50,-352.5,261.73,-614.23,True,False
2021-09-03,Friday,Iron Condor,UP,False,50,547.5,495.38,52.12,True,True
2021-09-06,Monday,Bull Call Spread,UP,True,50,30.0,257.95,-227.95,True,False
2021-09-06,Monday,Bear Put Spread,UP,False,50,-520.0,263.87,-783.87,True,False
2021-09-06,Monday,Iron Condor,UP,False,50,72.5,490.26,-417.76,True,False
2021-09-07,Tuesday,Bull Call Spread,FLAT,False,50,-570.0,264.08,-834.08,True,False
2021-09-07,Tuesday,Bear Put Spread,FLAT,False,50,-432.5,255.63,-688.13,True,False
2021-09-07,Tuesday,Iron Condor,FLAT,True,50,392.5,497.5,-105.0,True,False
2021-09-08,Wednesday,Bull Call Spread,FLAT,False,50,-980.0,251.8,-1231.8,True,False
2021-09-08,Wednesday,Bear Put Spread,FLAT,False,50,-420.0,256.55,-676.55,True,False
2021-09-08,Wednesday,Iron Condor,FLAT,True,50,775.0,496.91,278.09,True,True
2021-09-09,Thursday,Bull Call Spread,FLAT,False,50,-545.0,248.25,-793.25,True,False
2021-09-09,Thursday,Bear Put Spread,FLAT,False,50,-2085.0,251.19,-2336.19,True,False
2021-09-09,Thursday,Iron Condor,FLAT,True,50,1990.0,494.92,1495.08,True,True
2021-09-13,Monday,Bull Call Spread,FLAT,False,50,30.0,259.16,-229.16,True,False
2021-09-13,Monday,Bear Put Spread,FLAT,False,50,-265.0,261.35,-526.35,True,False
2021-09-13,Monday,Iron Condor,FLAT,True,50,860.0,502.26,357.74,True,True
2021-09-14,Tuesday,Bull Call Spread,FLAT,False,50,180.0,253.26,-73.26,True,False
2021-09-14,Tuesday,Bear Put Spread,FLAT,False,50,-512.5,257.55,-770.05,True,False
2021-09-14,Tuesday,Iron Condor,FLAT,True,50,345.0,503.75,-158.75,True,False
2021-09-15,Wednesday,Bull Call Spread,FLAT,False,50,3282.5,251.02,3031.48,True,True
2021-09-15,Wednesday,Bear Put Spread,FLAT,False,50,-1902.5,253.63,-2156.13,True,False
2021-09-15,Wednesday,Iron Condor,FLAT,True,50,-157.5,499.55,-657.05,True,False
2021-09-16,Thursday,Bull Call Spread,UP,True,50,2785.0,247.56,2537.44,True,True
2021-09-16,Thursday,Bear Put Spread,UP,False,50,-1295.0,248.24,-1543.24,True,False
2021-09-16,Thursday,Iron Condor,UP,False,50,1012.5,492.55,519.95,True,True
2021-09-17,Friday,Bull Call Spread,UP,True,50,-127.5,263.16,-390.66,True,False
2021-09-17,Friday,Bear Put Spread,UP,False,50,842.5,255.85,586.65,True,True
2021-09-17,Friday,Iron Condor,UP,False,50,-145.0,490.72,-635.72,True,False
2021-09-20,Monday,Bull Call Spread,DOWN,False,50,1215.0,262.77,952.23,True,True
2021-09-20,Monday,Bear Put Spread,DOWN,True,50,2347.5,256.86,2090.64,True,True
2021-09-20,Monday,Iron Condor,DOWN,False,50,-175.0,493.34,-668.34,True,False
2021-09-21,Tuesday,Bull Call Spread,DOWN,False,50,2690.0,261.52,2428.48,True,True
2021-09-21,Tuesday,Bear Put Spread,DOWN,True,50,-2567.5,265.92,-2833.42,True,False
2021-09-21,Tuesday,Iron Condor,DOWN,False,50,235.0,494.98,-259.98,True,False
2021-09-22,Wednesday,Bull Call Spread,UP,True,50,2.5,256.88,-254.38,True,False
2021-09-22,Wednesday,Bear Put Spread,UP,False,50,-505.0,255.47,-760.47,True,False
2021-09-22,Wednesday,Iron Condor,UP,False,50,-17.5,490.24,-507.74,True,False
2021-09-23,Thursday,Bull Call Spread,FLAT,False,50,5405.0,250.58,5154.42,True,True
2021-09-23,Thursday,Bear Put Spread,FLAT,False,50,-2047.5,251.18,-2298.68,True,False
2021-09-23,Thursday,Iron Condor,FLAT,True,50,3190.0,499.24,2690.76,True,True
2021-09-24,Friday,Bull Call Spread,UP,True,50,-70.0,265.35,-335.35,True,False
2021-09-24,Friday,Bear Put Spread,UP,False,50,42.5,273.08,-230.58,True,False
2021-09-24,Friday,Iron Condor,UP,False,50,105.0,491.61,-386.61,True,False
2021-09-27,Monday,Bull Call Spread,FLAT,False,50,-560.0,251.71,-811.71,True,False
2021-09-27,Monday,Bear Put Spread,FLAT,False,50,1257.5,281.88,975.62,True,True
2021-09-27,Monday,Iron Condor,FLAT,True,50,2362.5,504.01,1858.49,True,True
2021-09-28,Tuesday,Bull Call Spread,DOWN,False,50,-1897.5,259.36,-2156.86,True,False
2021-09-28,Tuesday,Bear Put Spread,DOWN,True,50,1650.0,262.18,1387.82,True,True
2021-09-28,Tuesday,Iron Condor,DOWN,False,50,1177.5,497.45,680.05,True,True
2021-09-29,Wednesday,Bull Call Spread,DOWN,False,50,1992.5,258.73,1733.77,True,True
2021-09-29,Wednesday,Bear Put Spread,DOWN,True,50,-1037.5,255.43,-1292.93,True,False
2021-09-29,Wednesday,Iron Condor,DOWN,False,50,-90.0,491.23,-581.23,True,False
2021-09-30,Thursday,Bull Call Spread,FLAT,False,50,-2800.0,253.51,-3053.51,True,False
2021-09-30,Thursday,Bear Put Spread,FLAT,False,50,1577.5,252.26,1325.24,True,True
2021-09-30,Thursday,Iron Condor,FLAT,True,50,57.5,489.64,-432.14,True,False
2021-10-01,Friday,Bull Call Spread,DOWN,False,50,0.0,0.0,0.0,False,False
2021-10-01,Friday,Bear Put Spread,DOWN,True,50,0.0,0.0,0.0,False,False
2021-10-01,Friday,Iron Condor,DOWN,False,50,3152.5,518.79,2633.71,True,True
2021-10-04,Monday,Bull Call Spread,FLAT,False,50,1955.0,265.53,1689.47,True,True
2021-10-04,Monday,Bear Put Spread,FLAT,False,50,-1040.0,262.63,-1302.63,True,False
2021-10-04,Monday,Iron Condor,FLAT,True,50,290.0,515.1,-225.1,True,False
2021-10-05,Tuesday,Bull Call Spread,UP,True,50,1857.5,262.73,1594.77,True,True
2021-10-05,Tuesday,Bear Put Spread,UP,False,50,-2335.0,259.7,-2594.7,True,False
2021-10-05,Tuesday,Iron Condor,UP,False,50,1075.0,500.94,574.06,True,True
2021-10-06,Wednesday,Bull Call Spread,UP,True,50,-2845.0,255.29,-3100.29,True,False
2021-10-06,Wednesday,Bear Put Spread,UP,False,50,2875.0,257.88,2617.12,True,True
2021-10-06,Wednesday,Iron Condor,UP,False,50,240.0,492.83,-252.83,True,False
2021-10-07,Thursday,Bull Call Spread,DOWN,False,50,220.0,250.96,-30.96,True,False
2021-10-07,Thursday,Bear Put Spread,DOWN,True,50,-2725.0,251.64,-2976.64,True,False
2021-10-07,Thursday,Iron Condor,DOWN,False,50,1055.0,493.32,561.68,True,True
2021-10-08,Friday,Bull Call Spread,FLAT,False,50,497.5,263.43,234.07,True,True
2021-10-08,Friday,Bear Put Spread,FLAT,False,50,-815.0,273.18,-1088.18,True,False
2021-10-08,Friday,Iron Condor,FLAT,True,50,822.5,519.31,303.19,True,True
2021-10-11,Monday,Bull Call Spread,FLAT,False,50,912.5,262.12,650.38,True,True
2021-10-11,Monday,Bear Put Spread,FLAT,False,50,260.0,261.26,-1.26,True,False
2021-10-11,Monday,Iron Condor,FLAT,True,50,632.5,500.54,131.96,True,True
2021-10-12,Tuesday,Bull Call Spread,UP,True,50,1087.5,263.83,823.67,True,True
2021-10-12,Tuesday,Bear Put Spread,UP,False,50,-1012.5,257.42,-1269.92,True,False
2021-10-12,Tuesday,Iron Condor,UP,False,50,25.0,504.84,-479.84,True,False
2021-10-13,Wednesday,Bull Call Spread,UP,True,50,1847.5,254.9,1592.6,True,True
2021-10-13,Wednesday,Bear Put Spread,UP,False,50,-647.5,256.25,-903.75,True,False
2021-10-13,Wednesday,Iron Condor,UP,False,50,-330.0,499.86,-829.86,True,False
2021-10-14,Thursday,Bull Call Spread,UP,True,50,2597.5,248.73,2348.77,True,True
2021-10-14,Thursday,Bear Put Spread,UP,False,50,-1790.0,251.52,-2041.52,True,False
2021-10-14,Thursday,Iron Condor,UP,False,50,3412.5,502.33,2910.17,True,True
2021-10-18,Monday,Bull Call Spread,UP,True,50,-32.5,263.24,-295.74,True,False
2021-10-18,Monday,Bear Put Spread,UP,False,50,542.5,265.92,276.58,True,True
2021-10-18,Monday,Iron Condor,UP,False,50,687.5,503.63,183.87,True,True
2021-10-19,Tuesday,Bull Call Spread,FLAT,False,50,-987.5,255.04,-1242.54,True,False
2021-10-19,Tuesday,Bear Put Spread,FLAT,False,50,-272.5,269.05,-541.55,True,False
2021-10-19,Tuesday,Iron Condor,FLAT,True,50,-217.5,494.26,-711.76,True,False
2021-10-20,Wednesday,Bull Call Spread,DOWN,False,50,-2685.0,259.36,-2944.36,True,False
2021-10-20,Wednesday,Bear Put Spread,DOWN,True,50,2172.5,259.91,1912.59,True,True
2021-10-20,Wednesday,Iron Condor,DOWN,False,50,1527.5,501.22,1026.28,True,True
2021-10-21,Thursday,Bull Call Spread,DOWN,False,50,-1760.0,250.54,-2010.54,True,False
2021-10-21,Thursday,Bear Put Spread,DOWN,True,50,5650.0,251.87,5398.13,True,True
2021-10-21,Thursday,Iron Condor,DOWN,False,50,6525.0,513.83,6011.17,True,True
2021-10-22,Friday,Bull Call Spread,DOWN,False,50,-1005.0,269.89,-1274.89,True,False
2021-10-22,Friday,Bear Put Spread,DOWN,True,50,917.5,271.07,646.43,True,True
2021-10-22,Friday,Iron Condor,DOWN,False,50,5.0,491.78,-486.78,True,False
2021-10-25,Monday,Bull Call Spread,DOWN,False,50,417.5,264.64,152.86,True,True
2021-10-25,Monday,Bear Put Spread,DOWN,True,50,527.5,272.47,255.03,True,True
2021-10-25,Monday,Iron Condor,DOWN,False,50,-35.0,491.5,-526.5,True,False
2021-10-26,Tuesday,Bull Call Spread,DOWN,False,50,1437.5,261.2,1176.3,True,True
2021-10-26,Tuesday,Bear Put Spread,DOWN,True,50,-2412.5,268.2,-2680.7,True,False
2021-10-26,Tuesday,Iron Condor,DOWN,False,50,987.5,501.9,485.6,True,True
2021-10-27,Wednesday,Bull Call Spread,UP,True,50,-2395.0,260.6,-2655.6,True,False
2021-10-27,Wednesday,Bear Put Spread,UP,False,50,1437.5,255.97,1181.53,True,True
2021-10-27,Wednesday,Iron Condor,UP,False,50,665.0,493.95,171.05,True,True
2021-10-28,Thursday,Bull Call Spread,DOWN,False,50,-2670.0,251.8,-2921.8,True,False
2021-10-28,Thursday,Bear Put Spread,DOWN,True,50,5975.0,252.85,5722.15,True,True
2021-10-28,Thursday,Iron Condor,DOWN,False,50,130.0,489.8,-359.8,True,False
2021-10-29,Friday,Bull Call Spread,DOWN,False,50,-1755.0,280.48,-2035.48,True,False
2021-10-29,Friday,Bear Put Spread,DOWN,True,50,550.0,274.87,275.13,True,True
2021-10-29,Friday,Iron Condor,DOWN,False,50,1650.0,512.42,1137.58,True,True
2021-11-01,Monday,Bull Call Spread,DOWN,False,50,1522.5,269.64,1252.86,True,True
2021-11-01,Monday,Bear Put Spread,DOWN,True,50,-2287.5,266.49,-2553.99,True,False
2021-11-01,Monday,Iron Condor,DOWN,False,50,-757.5,521.13,-1278.63,True,False
2021-11-02,Tuesday,Bull Call Spread,UP,True,50,465.0,263.14,201.86,True,True
2021-11-02,Tuesday,Bear Put Spread,UP,False,50,1255.0,259.34,995.66,True,True
2021-11-02,Tuesday,Iron Condor,UP,False,50,-475.0,508.39,-983.39,True,False
2021-11-03,Wednesday,Bull Call Spread,DOWN,False,50,-2625.0,251.67,-2876.67,True,False
2021-11-03,Wednesday,Bear Put Spread,DOWN,True,50,2942.5,257.63,2684.87,True,True
2021-11-03,Wednesday,Iron Condor,DOWN,False,50,2065.0,496.61,1568.39,True,True
2021-11-04,Thursday,Bull Call Spread,DOWN,False,50,337.5,266.32,71.18,True,True
2021-11-04,Thursday,Bear Put Spread,DOWN,True,50,0.0,269.18,-269.18,True,False
2021-11-04,Thursday,Iron Condor,DOWN,False,50,-435.0,502.85,-937.85,True,False
2021-11-08,Monday,Bull Call Spread,FLAT,False,50,840.0,266.86,573.14,True,True
2021-11-08,Monday,Bear Put Spread,FLAT,False,50,-2315.0,263.19,-2578.19,True,False
2021-11-08,Monday,Iron Condor,FLAT,True,50,1350.0,505.15,844.85,True,True
2021-11-09,Tuesday,Bull Call Spread,UP,True,50,-1465.0,257.32,-1722.32,True,False
2021-11-09,Tuesday,Bear Put Spread,UP,False,50,697.5,262.98,434.52,True,True
2021-11-09,Tuesday,Iron Condor,UP,False,50,855.0,502.46,352.54,True,True
2021-11-10,Wednesday,Bull Call Spread,DOWN,False,50,245.0,258.88,-13.88,True,False
2021-11-10,Wednesday,Bear Put Spread,DOWN,True,50,-722.5,256.5,-979.0,True,False
2021-11-10,Wednesday,Iron Condor,DOWN,False,50,872.5,497.71,374.79,True,True
2021-11-11,Thursday,Bull Call Spread,FLAT,False,50,-1830.0,250.11,-2080.11,True,False
2021-11-11,Thursday,Bear Put Spread,FLAT,False,50,4380.0,253.41,4126.59,True,True
2021-11-11,Thursday,Iron Condor,FLAT,True,50,2215.0,495.76,1719.24,True,True
2021-11-12,Friday,Bull Call Spread,DOWN,False,50,520.0,290.49,229.51,True,True
2021-11-12,Friday,Bear Put Spread,DOWN,True,50,-1367.5,255.29,-1622.79,True,False
2021-11-12,Friday,Iron Condor,DOWN,False,50,292.5,516.52,-224.02,True,False
2021-11-15,Monday,Bull Call Spread,UP,True,50,-140.0,252.85,-392.85,True,False
2021-11-15,Monday,Bear Put Spread,UP,False,50,1120.0,270.6,849.4,True,True
2021-11-15,Monday,Iron Condor,UP,False,50,-187.5,500.04,-687.54,True,False
2021-11-16,Tuesday,Bull Call Spread,DOWN,False,50,-2555.0,264.08,-2819.08,True,False
2021-11-16,Tuesday,Bear Put Spread,DOWN,True,50,-415.0,261.85,-676.85,True,False
2021-11-16,Tuesday,Iron Condor,DOWN,False,50,1537.5,501.42,1036.08,True,True
2021-11-17,Wednesday,Bull Call Spread,DOWN,False,50,-612.5,256.52,-869.02,True,False
2021-11-17,Wednesday,Bear Put Spread,DOWN,True,50,355.0,256.3,98.7,True,True
2021-11-17,Wednesday,Iron Condor,DOWN,False,50,465.0,495.26,-30.26,True,False
2021-11-18,Thursday,Bull Call Spread,FLAT,False,50,-2070.0,250.88,-2320.88,True,False
2021-11-18,Thursday,Bear Put Spread,FLAT,False,50,2902.5,252.83,2649.67,True,True
2021-11-18,Thursday,Iron Condor,FLAT,True,50,2400.0,496.59,1903.41,True,True
2021-11-22,Monday,Bull Call Spread,DOWN,False,50,-1810.0,261.8,-2071.8,True,False
2021-11-22,Monday,Bear Put Spread,DOWN,True,50,1352.5,269.98,1082.52,True,True
2021-11-22,Monday,Iron Condor,DOWN,False,50,1000.0,497.45,502.55,True,True
2021-11-23,Tuesday,Bull Call Spread,DOWN,False,50,3077.5,270.42,2807.08,True,True
2021-11-23,Tuesday,Bear Put Spread,DOWN,True,50,-687.5,261.68,-949.18,True,False
2021-11-23,Tuesday,Iron Condor,DOWN,False,50,0.0,0.0,0.0,False,False
2021-11-24,Wednesday,Bull Call Spread,UP,True,50,-1772.5,253.08,-2025.58,True,False
2021-11-24,Wednesday,Bear Put Spread,UP,False,50,1905.0,257.41,1647.59,True,True
2021-11-24,Wednesday,Iron Condor,UP,False,50,57.5,490.36,-432.86,True,False
2021-11-25,Thursday,Bull Call Spread,DOWN,False,50,2220.0,261.75,1958.25,True,True
2021-11-25,Thursday,Bear Put Spread,DOWN,True,50,-1430.0,249.59,-1679.59,True,False
2021-11-25,Thursday,Iron Condor,DOWN,False,50,3377.5,504.82,2872.68,True,True
2021-11-26,Friday,Bull Call Spread,UP,True,50,-77.5,268.75,-346.25,True,False
2021-11-26,Friday,Bear Put Spread,UP,False,50,5052.5,267.9,4784.6,True,True
2021-11-26,Friday,Iron Condor,UP,False,50,697.5,512.89,184.61,True,True
2021-11-29,Monday,Bull Call Spread,DOWN,False,50,192.5,268.64,-76.14,True,False
2021-11-29,Monday,Bear Put Spread,DOWN,True,50,-627.5,284.29,-911.79,True,False
2021-11-29,Monday,Iron Condor,DOWN,False,50,325.0,493.7,-168.7,True,False
2021-11-30,Tuesday,Bull Call Spread,FLAT,False,50,-2515.0,261.64,-2776.64,True,False
2021-11-30,Tuesday,Bear Put Spread,FLAT,False,50,-2787.5,278.76,-3066.26,True,False
2021-11-30,Tuesday,Iron Condor,FLAT,True,50,140.0,491.65,-351.65,True,False
2021-12-01,Wednesday,Bull Call Spread,DOWN,False,50,1855.0,258.26,1596.74,True,True
2021-12-01,Wednesday,Bear Put Spread,DOWN,True,50,-682.5,264.6,-947.1,True,False
2021-12-01,Wednesday,Iron Condor,DOWN,False,50,325.0,491.05,-166.05,True,False
2021-12-02,Thursday,Bull Call Spread,UP,True,50,5577.5,250.94,5326.56,True,True
2021-12-02,Thursday,Bear Put Spread,UP,False,50,-3597.5,256.41,-3853.91,True,False
2021-12-02,Thursday,Iron Condor,UP,False,50,52.5,489.52,-437.02,True,False
2021-12-03,Friday,Bull Call Spread,UP,True,50,-3205.0,269.76,-3474.76,True,False
2021-12-03,Friday,Bear Put Spread,UP,False,50,1367.5,274.98,1092.52,True,True
2021-12-03,Friday,Iron Condor,UP,False,50,-287.5,499.68,-787.18,True,False
2021-12-06,Monday,Bull Call Spread,DOWN,False,50,-4417.5,267.34,-4684.84,True,False
2021-12-06,Monday,Bear Put Spread,DOWN,True,50,1377.5,274.72,1102.78,True,True
2021-12-06,Monday,Iron Condor,DOWN,False,50,1505.0,497.67,1007.33,True,True
2021-12-07,Tuesday,Bull Call Spread,DOWN,False,50,2770.0,259.86,2510.14,True,True
2021-12-07,Tuesday,Bear Put Spread,DOWN,True,50,-672.5,268.5,-941.0,True,False
2021-12-07,Tuesday,Iron Condor,DOWN,False,50,40.0,509.35,-469.35,True,False
2021-12-08,Wednesday,Bull Call Spread,UP,True,50,3095.0,255.29,2839.71,True,True
2021-12-08,Wednesday,Bear Put Spread,UP,False,50,-590.0,263.86,-853.86,True,False
2021-12-08,Wednesday,Iron Condor,UP,False,50,-190.0,493.77,-683.77,True,False
2021-12-09,Thursday,Bull Call Spread,UP,True,50,-2290.0,250.37,-2540.37,True,False
2021-12-09,Thursday,Bear Put Spread,UP,False,50,-1217.5,254.17,-1471.67,True,False
2021-12-09,Thursday,Iron Condor,UP,False,50,1772.5,495.27,1277.23,True,True
2021-12-10,Friday,Bull Call Spread,FLAT,False,50,-377.5,264.5,-642.0,True,False
2021-12-10,Friday,Bear Put Spread,FLAT,False,50,-1207.5,275.79,-1483.29,True,False
2021-12-10,Friday,Iron Condor,FLAT,True,50,412.5,508.3,-95.8,True,False
2021-12-13,Monday,Bull Call Spread,FLAT,False,50,-1765.0,258.31,-2023.31,True,False
2021-12-13,Monday,Bear Put Spread,FLAT,False,50,3932.5,269.74,3662.76,True,True
2021-12-13,Monday,Iron Condor,FLAT,True,50,2125.0,509.32,1615.68,True,True
2021-12-14,Tuesday,Bull Call Spread,DOWN,False,50,-4630.0,267.09,-4897.09,True,False
2021-12-14,Tuesday,Bear Put Spread,DOWN,True,50,-327.5,264.64,-592.14,True,False
2021-12-14,Tuesday,Iron Condor,DOWN,False,50,17.5,494.62,-477.12,True,False
2021-12-15,Wednesday,Bull Call Spread,FLAT,False,50,-1332.5,259.95,-1592.45,True,False
2021-12-15,Wednesday,Bear Put Spread,FLAT,False,50,895.0,257.41,637.59,True,True
2021-12-15,Wednesday,Iron Condor,FLAT,True,50,275.0,494.98,-219.98,True,False
2021-12-16,Thursday,Bull Call Spread,DOWN,False,50,-1717.5,249.46,-1966.96,True,False
2021-12-16,Thursday,Bear Put Spread,DOWN,True,50,1390.0,269.47,1120.53,True,True
2021-12-16,Thursday,Iron Condor,DOWN,False,50,3207.5,505.29,2702.21,True,True
2021-12-17,Friday,Bull Call Spread,DOWN,False,50,-2437.5,267.75,-2705.25,True,False
2021-12-17,Friday,Bear Put Spread,DOWN,True,50,2445.0,273.2,2171.8,True,True
2021-12-17,Friday,Iron Condor,DOWN,False,50,-2082.5,498.96,-2581.46,True,False
2021-12-20,Monday,Bull Call Spread,DOWN,False,50,-1692.5,276.99,-1969.49,True,False
2021-12-20,Monday,Bear Put Spread,DOWN,True,50,2670.0,267.2,2402.8,True,True
2021-12-20,Monday,Iron Condor,DOWN,False,50,1285.0,511.96,773.04,True,True
2021-12-21,Tuesday,Bull Call Spread,DOWN,False,50,2307.5,257.33,2050.17,True,True
2021-12-21,Tuesday,Bear Put Spread,DOWN,True,50,887.5,265.37,622.13,True,True
2021-12-21,Tuesday,Iron Condor,DOWN,False,50,0.0,0.0,0.0,False,False
2021-12-22,Wednesday,Bull Call Spread,UP,True,50,1130.0,253.96,876.04,True,True
2021-12-22,Wednesday,Bear Put Spread,UP,False,50,-332.5,267.33,-599.83,True,False
2021-12-22,Wednesday,Iron Condor,UP,False,50,3122.5,501.86,2620.64,True,True
2021-12-23,Thursday,Bull Call Spread,UP,True,50,-925.0,247.67,-1172.67,True,False
2021-12-23,Thursday,Bear Put Spread,UP,False,50,-1007.5,257.71,-1265.21,True,False
2021-12-23,Thursday,Iron Condor,UP,False,50,3775.0,502.8,3272.2,True,True
2021-12-24,Friday,Bull Call Spread,FLAT,False,50,-2032.5,266.76,-2299.26,True,False
2021-12-24,Friday,Bear Put Spread,FLAT,False,50,1462.5,272.09,1190.41,True,True
2021-12-24,Friday,Iron Condor,FLAT,True,50,32.5,493.74,-461.24,True,False
2021-12-27,Monday,Bull Call Spread,DOWN,False,50,-247.5,268.65,-516.15,True,False
2021-12-27,Monday,Bear Put Spread,DOWN,True,50,-1370.0,266.19,-1636.19,True,False
2021-12-27,Monday,Iron Condor,DOWN,False,50,3032.5,517.8,2514.7,True,True
2021-12-28,Tuesday,Bull Call Spread,UP,True,50,555.0,258.86,296.14,True,True
2021-12-28,Tuesday,Bear Put Spread,UP,False,50,-487.5,261.75,-749.25,True,False
2021-12-28,Tuesday,Iron Condor,UP,False,50,1210.0,499.55,710.45,True,True
2021-12-29,Wednesday,Bull Call Spread,UP,True,50,-872.5,254.83,-1127.33,True,False
2021-12-29,Wednesday,Bear Put Spread,UP,False,50,760.0,259.15,500.85,True,True
2021-12-29,Wednesday,Iron Condor,UP,False,50,0.0,0.0,0.0,False,False
2021-12-30,Thursday,Bull Call Spread,FLAT,False,50,-2320.0,251.55,-2571.55,True,False
2021-12-30,Thursday,Bear Put Spread,FLAT,False,50,-2130.0,252.23,-2382.23,True,False
2021-12-30,Thursday,Iron Condor,FLAT,True,50,2217.5,496.87,1720.63,True,True
2021-12-31,Friday,Bull Call Spread,FLAT,False,50,440.0,268.75,171.25,True,True
2021-12-31,Friday,Bear Put Spread,FLAT,False,50,-1382.5,270.66,-1653.16,True,False
2021-12-31,Friday,Iron Condor,FLAT,True,50,987.5,518.62,468.88,True,True
2022-01-03,Monday,Bull Call Spread,UP,True,50,2562.5,257.41,2305.09,True,True
2022-01-03,Monday,Bear Put Spread,UP,False,50,-1657.5,271.72,-1929.22,True,False
2022-01-03,Monday,Iron Condor,UP,False,50,2025.0,504.25,1520.75,True,True
2022-01-04,Tuesday,Bull Call Spread,UP,True,50,1675.0,253.52,1421.48,True,True
2022-01-04,Tuesday,Bear Put Spread,UP,False,50,-852.5,269.99,-1122.49,True,False
2022-01-04,Tuesday,Iron Condor,UP,False,50,-95.0,491.33,-586.33,True,False
2022-01-05,Wednesday,Bull Call Spread,UP,True,50,2162.5,252.93,1909.57,True,True
2022-01-05,Wednesday,Bear Put Spread,UP,False,50,-2350.0,259.52,-2609.52,True,False
2022-01-05,Wednesday,Iron Condor,UP,False,50,1942.5,503.01,1439.49,True,True
2022-01-06,Thursday,Bull Call Spread,UP,True,50,-2537.5,252.03,-2789.53,True,False
2022-01-06,Thursday,Bear Put Spread,UP,False,50,2882.5,251.92,2630.58,True,True
2022-01-06,Thursday,Iron Condor,UP,False,50,545.0,492.58,52.42,True,True
2022-01-07,Friday,Bull Call Spread,FLAT,False,50,195.0,266.09,-71.09,True,False
2022-01-07,Friday,Bear Put Spread,FLAT,False,50,930.0,278.84,651.16,True,True
2022-01-07,Friday,Iron Condor,FLAT,True,50,305.0,511.34,-206.34,True,False
2022-01-10,Monday,Bull Call Spread,FLAT,False,50,1570.0,263.77,1306.23,True,True
2022-01-10,Monday,Bear Put Spread,FLAT,False,50,-1905.0,269.0,-2174.0,True,False
2022-01-10,Monday,Iron Condor,FLAT,True,50,-30.0,494.32,-524.32,True,False
2022-01-11,Tuesday,Bull Call Spread,UP,True,50,-765.0,261.86,-1026.86,True,False
2022-01-11,Tuesday,Bear Put Spread,UP,False,50,-222.5,263.99,-486.49,True,False
2022-01-11,Tuesday,Iron Condor,UP,False,50,610.0,491.31,118.69,True,True
2022-01-12,Wednesday,Bull Call Spread,UP,True,50,1190.0,251.35,938.65,True,True
2022-01-12,Wednesday,Bear Put Spread,UP,False,50,-122.5,262.12,-384.62,True,False
2022-01-12,Wednesday,Iron Condor,UP,False,50,220.0,490.75,-270.75,True,False
2022-01-13,Thursday,Bull Call Spread,FLAT,False,50,-1717.5,249.79,-1967.29,True,False
2022-01-13,Thursday,Bear Put Spread,FLAT,False,50,-1705.0,251.29,-1956.29,True,False
2022-01-13,Thursday,Iron Condor,FLAT,True,50,45.0,489.37,-444.37,True,False
2022-01-14,Friday,Bull Call Spread,FLAT,False,50,1122.5,271.67,850.83,True,True
2022-01-14,Friday,Bear Put Spread,FLAT,False,50,610.0,269.61,340.39,True,True
2022-01-14,Friday,Iron Condor,FLAT,True,50,-592.5,514.54,-1107.04,True,False
2022-01-17,Monday,Bull Call Spread,UP,True,50,675.0,264.71,410.29,True,True
2022-01-17,Monday,Bear Put Spread,UP,False,50,-1017.5,264.34,-1281.84,True,False
2022-01-17,Monday,Iron Condor,UP,False,50,50.0,490.23,-440.23,True,False
2022-01-18,Tuesday,Bull Call Spread,UP,True,50,-1872.5,257.9,-2130.4,True,False
2022-01-18,Tuesday,Bear Put Spread,UP,False,50,2502.5,260.55,2241.95,True,True
2022-01-18,Tuesday,Iron Condor,UP,False,50,2900.0,509.27,2390.73,True,True
2022-01-19,Wednesday,Bull Call Spread,DOWN,False,50,-2900.0,259.37,-3159.37,True,False
2022-01-19,Wednesday,Bear Put Spread,DOWN,True,50,2100.0,259.86,1840.14,True,True
2022-01-19,Wednesday,Iron Condor,DOWN,False,50,485.0,491.84,-6.84,True,False
2022-01-20,Thursday,Bull Call Spread,DOWN,False,50,-3492.5,253.24,-3745.74,True,False
2022-01-20,Thursday,Bear Put Spread,DOWN,True,50,4765.0,253.51,4511.49,True,True
2022-01-20,Thursday,Iron Condor,DOWN,False,50,4835.0,516.39,4318.61,True,True
2022-01-21,Friday,Bull Call Spread,DOWN,False,50,855.0,275.01,579.99,True,True
2022-01-21,Friday,Bear Put Spread,DOWN,True,50,1887.5,264.71,1622.79,True,True
2022-01-21,Friday,Iron Condor,DOWN,False,50,-322.5,499.75,-822.25,True,False
2022-01-24,Monday,Bull Call Spread,DOWN,False,50,-3822.5,274.19,-4096.69,True,False
2022-01-24,Monday,Bear Put Spread,DOWN,True,50,2725.0,264.75,2460.25,True,True
2022-01-24,Monday,Iron Condor,DOWN,False,50,215.0,493.02,-278.02,True,False
2022-01-25,Tuesday,Bull Call Spread,DOWN,False,50,4010.0,276.06,3733.94,True,True
2022-01-25,Tuesday,Bear Put Spread,DOWN,True,50,-2165.0,271.52,-2436.52,True,False
2022-01-25,Tuesday,Iron Condor,DOWN,False,50,127.5,491.07,-363.57,True,False
2022-01-27,Thursday,Bull Call Spread,UP,True,50,1522.5,257.77,1264.73,True,True
2022-01-27,Thursday,Bear Put Spread,UP,False,50,-820.0,259.25,-1079.25,True,False
2022-01-27,Thursday,Iron Condor,UP,False,50,1255.0,505.41,749.59,True,True
2022-01-28,Friday,Bull Call Spread,UP,True,50,-942.5,293.8,-1236.3,True,False
2022-01-28,Friday,Bear Put Spread,UP,False,50,-702.5,290.21,-992.71,True,False
2022-01-28,Friday,Iron Condor,UP,False,50,0.0,0.0,0.0,False,False
2022-01-31,Monday,Bull Call Spread,DOWN,False,50,0.0,0.0,0.0,False,False
2022-01-31,Monday,Bear Put Spread,DOWN,True,50,1505.0,285.45,1219.55,True,True
2022-01-31,Monday,Iron Condor,DOWN,False,50,0.0,0.0,0.0,False,False
2022-02-01,Tuesday,Bull Call Spread,UP,True,50,637.5,284.76,352.74,True,True
2022-02-01,Tuesday,Bear Put Spread,UP,False,50,-2312.5,291.21,-2603.71,True,False
2022-02-01,Tuesday,Iron Condor,UP,False,50,670.0,502.13,167.87,True,True
2022-02-02,Wednesday,Bull Call Spread,UP,True,50,2837.5,261.26,2576.24,True,True
2022-02-02,Wednesday,Bear Put Spread,UP,False,50,1117.5,266.3,851.2,True,True
2022-02-02,Wednesday,Iron Condor,UP,False,50,775.0,494.89,280.11,True,True
2022-02-03,Thursday,Bull Call Spread,UP,True,50,-2367.5,252.4,-2619.9,True,False
2022-02-03,Thursday,Bear Put Spread,UP,False,50,4105.0,256.25,3848.75,True,True
2022-02-03,Thursday,Iron Condor,UP,False,50,3452.5,503.64,2948.86,True,True
2022-02-04,Friday,Bull Call Spread,DOWN,False,50,-1260.0,283.41,-1543.41,True,False
2022-02-04,Friday,Bear Put Spread,DOWN,True,50,1310.0,269.72,1040.28,True,True
2022-02-04,Friday,Iron Condor,DOWN,False,50,-1190.0,524.49,-1714.49,True,False
2022-02-07,Monday,Bull Call Spread,FLAT,False,50,-1225.0,261.25,-1486.25,True,False
2022-02-07,Monday,Bear Put Spread,FLAT,False,50,3185.0,267.2,2917.8,True,True
2022-02-07,Monday,Iron Condor,FLAT,True,50,-392.5,495.54,-888.04,True,False
2022-02-08,Tuesday,Bull Call Spread,DOWN,False,50,-1232.5,262.55,-1495.05,True,False
2022-02-08,Tuesday,Bear Put Spread,DOWN,True,50,-617.5,270.09,-887.59,True,False
2022-02-08,Tuesday,Iron Condor,DOWN,False,50,285.0,497.34,-212.34,True,False
2022-02-09,Wednesday,Bull Call Spread,FLAT,False,50,2327.5,255.52,2071.98,True,True
2022-02-09,Wednesday,Bear Put Spread,FLAT,False,50,-2057.5,259.29,-2316.79,True,False
2022-02-09,Wednesday,Iron Condor,FLAT,True,50,330.0,491.49,-161.49,True,False
2022-02-10,Thursday,Bull Call Spread,UP,True,50,3475.0,251.58,3223.42,True,True
2022-02-10,Thursday,Bear Put Spread,UP,False,50,-2107.5,250.83,-2358.33,True,False
2022-02-10,Thursday,Iron Condor,UP,False,50,3365.0,504.03,2860.97,True,True
2022-02-11,Friday,Bull Call Spread,UP,True,50,-35.0,265.99,-300.99,True,False
2022-02-11,Friday,Bear Put Spread,UP,False,50,680.0,269.78,410.22,True,True
2022-02-11,Friday,Iron Condor,UP,False,50,335.0,493.25,-158.25,True,False
2022-02-14,Monday,Bull Call Spread,DOWN,False,50,1310.0,275.5,1034.5,True,True
2022-02-14,Monday,Bear Put Spread,DOWN,True,50,0.0,0.0,0.0,False,False
2022-02-14,Monday,Iron Condor,DOWN,False,50,102.5,498.1,-395.6,True,False
2022-02-15,Tuesday,Bull Call Spread,DOWN,False,50,4470.0,276.49,4193.51,True,True
2022-02-15,Tuesday,Bear Put Spread,DOWN,True,50,-1915.0,281.62,-2196.62,True,False
2022-02-15,Tuesday,Iron Condor,DOWN,False,50,3097.5,539.66,2557.84,True,True
2022-02-16,Wednesday,Bull Call Spread,UP,True,50,187.5,268.03,-80.53,True,False
2022-02-16,Wednesday,Bear Put Spread,UP,False,50,127.5,264.75,-137.25,True,False
2022-02-16,Wednesday,Iron Condor,UP,False,50,1435.0,503.12,931.88,True,True
2022-02-17,Thursday,Bull Call Spread,DOWN,False,50,-3455.0,254.3,-3709.3,True,False
2022-02-17,Thursday,Bear Put Spread,DOWN,True,50,350.0,251.12,98.88,True,True
2022-02-17,Thursday,Iron Condor,DOWN,False,50,2305.0,498.72,1806.28,True,True
2022-02-18,Friday,Bull Call Spread,DOWN,False,50,-1637.5,287.1,-1924.6,True,False
2022-02-18,Friday,Bear Put Spread,DOWN,True,50,-2165.0,292.71,-2457.71,True,False
2022-02-18,Friday,Iron Condor,DOWN,False,50,2760.0,520.53,2239.47,True,True
2022-02-21,Monday,Bull Call Spread,FLAT,False,50,1415.0,278.73,1136.27,True,True
2022-02-21,Monday,Bear Put Spread,FLAT,False,50,-1957.5,278.43,-2235.93,True,False
2022-02-21,Monday,Iron Condor,FLAT,True,50,-770.0,514.92,-1284.92,True,False
2022-02-22,Tuesday,Bull Call Spread,FLAT,False,50,1990.0,269.87,1720.13,True,True
2022-02-22,Tuesday,Bear Put Spread,FLAT,False,50,-2352.5,279.82,-2632.32,True,False
2022-02-22,Tuesday,Iron Condor,FLAT,True,50,-1732.5,516.52,-2249.02,True,False
2022-02-23,Wednesday,Bull Call Spread,UP,True,50,-3250.0,266.32,-3516.32,True,False
2022-02-23,Wednesday,Bear Put Spread,UP,False,50,-720.0,268.53,-988.53,True,False
2022-02-23,Wednesday,Iron Condor,UP,False,50,-47.5,492.25,-539.75,True,False
2022-02-24,Thursday,Bull Call Spread,DOWN,False,50,0.0,0.0,0.0,False,False
2022-02-24,Thursday,Bear Put Spread,DOWN,True,50,7512.5,260.94,7251.56,True,True
2022-02-24,Thursday,Iron Condor,DOWN,False,50,2392.5,517.66,1874.84,True,True
2022-02-25,Friday,Bull Call Spread,DOWN,False,50,-1650.0,297.56,-1947.56,True,False
2022-02-25,Friday,Bear Put Spread,DOWN,True,50,-3135.0,319.74,-3454.74,True,False
2022-02-25,Friday,Iron Condor,DOWN,False,50,1930.0,527.15,1402.85,True,True
2022-02-28,Monday,Bull Call Spread,UP,True,50,1127.5,286.33,841.17,True,True
2022-02-28,Monday,Bear Put Spread,UP,False,50,-1837.5,285.32,-2122.82,True,False
2022-02-28,Monday,Iron Condor,UP,False,50,-155.0,509.52,-664.52,True,False
2022-03-02,Wednesday,Bull Call Spread,UP,True,50,-285.0,280.43,-565.43,True,False
2022-03-02,Wednesday,Bear Put Spread,UP,False,50,-2985.0,285.66,-3270.66,True,False
2022-03-02,Wednesday,Iron Condor,UP,False,50,197.5,494.72,-297.22,True,False
2022-03-03,Thursday,Bull Call Spread,FLAT,False,50,-3197.5,255.97,-3453.47,True,False
2022-03-03,Thursday,Bear Put Spread,FLAT,False,50,0.0,0.0,0.0,False,False
2022-03-03,Thursday,Iron Condor,FLAT,True,50,750.0,491.61,258.39,True,True
2022-03-04,Friday,Bull Call Spread,DOWN,False,50,-3297.5,290.55,-3588.05,True,False
2022-03-04,Friday,Bear Put Spread,DOWN,True,50,2162.5,295.54,1866.96,True,True
2022-03-04,Friday,Iron Condor,DOWN,False,50,0.0,0.0,0.0,False,False
2022-03-07,Monday,Bull Call Spread,DOWN,False,50,812.5,285.09,527.41,True,True
2022-03-07,Monday,Bear Put Spread,DOWN,True,50,1400.0,276.21,1123.79,True,True
2022-03-07,Monday,Iron Condor,DOWN,False,50,0.0,0.0,0.0,False,False
2022-03-08,Tuesday,Bull Call Spread,FLAT,False,50,5170.0,278.97,4891.03,True,True
2022-03-08,Tuesday,Bear Put Spread,FLAT,False,50,172.5,281.1,-108.6,True,False
2022-03-08,Tuesday,Iron Condor,FLAT,True,50,877.5,497.76,379.74,True,True
2022-03-09,Wednesday,Bull Call Spread,UP,True,50,2870.0,272.43,2597.57,True,True
2022-03-09,Wednesday,Bear Put Spread,UP,False,50,-2337.5,278.76,-2616.26,True,False
2022-03-09,Wednesday,Iron Condor,UP,False,50,417.5,495.97,-78.47,True,False
2022-03-10,Thursday,Bull Call Spread,UP,True,50,-2250.0,254.38,-2504.38,True,False
2022-03-10,Thursday,Bear Put Spread,UP,False,50,2882.5,262.75,2619.75,True,True
2022-03-10,Thursday,Iron Condor,UP,False,50,272.5,491.74,-219.24,True,False
2022-03-11,Friday,Bull Call Spread,DOWN,False,50,1107.5,298.53,808.97,True,True
2022-03-11,Friday,Bear Put Spread,DOWN,True,50,1967.5,296.0,1671.5,True,True
2022-03-11,Friday,Iron Condor,DOWN,False,50,-1042.5,512.24,-1554.74,True,False
2022-03-14,Monday,Bull Call Spread,UP,True,50,2215.0,288.77,1926.23,True,True
2022-03-14,Monday,Bear Put Spread,UP,False,50,-1392.5,287.77,-1680.27,True,False
2022-03-14,Monday,Iron Condor,UP,False,50,-595.0,499.43,-1094.43,True,False
2022-03-15,Tuesday,Bull Call Spread,UP,True,50,-2552.5,280.32,-2832.82,True,False
2022-03-15,Tuesday,Bear Put Spread,UP,False,50,1592.5,282.03,1310.47,True,True
2022-03-15,Tuesday,Iron Condor,UP,False,50,32.5,494.97,-462.47,True,False
2022-03-16,Wednesday,Bull Call Spread,DOWN,False,50,-3242.5,266.42,-3508.92,True,False
2022-03-16,Wednesday,Bear Put Spread,DOWN,True,50,-437.5,278.08,-715.58,True,False
2022-03-16,Wednesday,Iron Condor,DOWN,False,50,502.5,491.81,10.69,True,True
2022-03-17,Thursday,Bull Call Spread,UP,True,50,2570.0,253.19,2316.81,True,True
2022-03-17,Thursday,Bear Put Spread,UP,False,50,-3717.5,258.3,-3975.8,True,False
2022-03-17,Thursday,Iron Condor,UP,False,50,922.5,493.74,428.76,True,True
2022-03-21,Monday,Bull Call Spread,UP,True,50,-1417.5,276.77,-1694.27,True,False
2022-03-21,Monday,Bear Put Spread,UP,False,50,842.5,276.65,565.85,True,True
2022-03-21,Monday,Iron Condor,UP,False,50,155.0,492.31,-337.31,True,False
2022-03-22,Tuesday,Bull Call Spread,DOWN,False,50,2692.5,275.09,2417.41,True,True
2022-03-22,Tuesday,Bear Put Spread,DOWN,True,50,-1275.0,278.73,-1553.73,True,False
2022-03-22,Tuesday,Iron Condor,DOWN,False,50,170.0,491.54,-321.54,True,False
2022-03-23,Wednesday,Bull Call Spread,UP,True,50,-1625.0,260.16,-1885.16,True,False
2022-03-23,Wednesday,Bear Put Spread,UP,False,50,2232.5,266.17,1966.33,True,True
2022-03-23,Wednesday,Iron Condor,UP,False,50,87.5,489.92,-402.42,True,False
2022-03-24,Thursday,Bull Call Spread,DOWN,False,50,4767.5,264.39,4503.11,True,True
2022-03-24,Thursday,Bear Put Spread,DOWN,True,50,-1345.0,252.75,-1597.75,True,False
2022-03-24,Thursday,Iron Condor,DOWN,False,50,2400.0,506.33,1893.67,True,True
2022-03-25,Friday,Bull Call Spread,UP,True,50,-887.5,283.56,-1171.06,True,False
2022-03-25,Friday,Bear Put Spread,UP,False,50,755.0,277.93,477.07,True,True
2022-03-25,Friday,Iron Condor,UP,False,50,47.5,492.45,-444.95,True,False
2022-03-28,Monday,Bull Call Spread,DOWN,False,50,1227.5,276.53,950.97,True,True
2022-03-28,Monday,Bear Put Spread,DOWN,True,50,-557.5,271.53,-829.03,True,False
2022-03-28,Monday,Iron Condor,DOWN,False,50,35.0,490.81,-455.81,True,False
2022-03-29,Tuesday,Bull Call Spread,UP,True,50,430.0,260.6,169.4,True,True
2022-03-29,Tuesday,Bear Put Spread,UP,False,50,167.5,267.84,-100.34,True,False
2022-03-29,Tuesday,Iron Condor,UP,False,50,45.0,490.19,-445.19,True,False
2022-03-30,Wednesday,Bull Call Spread,FLAT,False,50,1382.5,253.76,1128.74,True,True
2022-03-30,Wednesday,Bear Put Spread,FLAT,False,50,-3242.5,260.19,-3502.69,True,False
2022-03-30,Wednesday,Iron Condor,FLAT,True,50,197.5,490.62,-293.12,True,False
2022-03-31,Thursday,Bull Call Spread,FLAT,False,50,-2845.0,252.43,-3097.43,True,False
2022-03-31,Thursday,Bear Put Spread,FLAT,False,50,175.0,250.1,-75.1,True,False
2022-03-31,Thursday,Iron Condor,FLAT,True,50,4097.5,501.11,3596.39,True,True
2022-04-01,Friday,Bull Call Spread,DOWN,False,50,1872.5,279.19,1593.31,True,True
2022-04-01,Friday,Bear Put Spread,DOWN,True,50,-1742.5,275.6,-2018.1,True,False
2022-04-01,Friday,Iron Condor,DOWN,False,50,-192.5,493.0,-685.5,True,False
2022-04-04,Monday,Bull Call Spread,UP,True,50,3485.0,259.8,3225.2,True,True
2022-04-04,Monday,Bear Put Spread,UP,False,50,0.0,0.0,0.0,False,False
2022-04-04,Monday,Iron Condor,UP,False,50,1460.0,496.82,963.18,True,True
2022-04-05,Tuesday,Bull Call Spread,UP,True,50,-912.5,255.69,-1168.19,True,False
2022-04-05,Tuesday,Bear Put Spread,UP,False,50,2227.5,263.86,1963.64,True,True
2022-04-05,Tuesday,Iron Condor,UP,False,50,-1665.0,501.76,-2166.76,True,False
2022-04-06,Wednesday,Bull Call Spread,DOWN,False,50,-1340.0,257.12,-1597.12,True,False
2022-04-06,Wednesday,Bear Put Spread,DOWN,True,50,2582.5,260.16,2322.34,True,True
2022-04-06,Wednesday,Iron Condor,DOWN,False,50,800.0,495.94,304.06,True,True
2022-04-07,Thursday,Bull Call Spread,FLAT,False,50,-2500.0,252.17,-2752.17,True,False
2022-04-07,Thursday,Bear Put Spread,FLAT,False,50,3435.0,252.91,3182.09,True,True
2022-04-07,Thursday,Iron Condor,FLAT,True,50,4092.5,508.37,3584.13,True,True
2022-04-08,Friday,Bull Call Spread,FLAT,False,50,642.5,267.16,375.34,True,True
2022-04-08,Friday,Bear Put Spread,FLAT,False,50,-25.0,272.54,-297.54,True,False
2022-04-08,Friday,Iron Condor,FLAT,True,50,-135.0,491.25,-626.25,True,False
2022-04-11,Monday,Bull Call Spread,UP,True,50,-1290.0,266.53,-1556.53,True,False
2022-04-11,Monday,Bear Put Spread,UP,False,50,1990.0,265.23,1724.77,True,True
2022-04-11,Monday,Iron Condor,UP,False,50,1250.0,496.6,753.4,True,True
2022-04-12,Tuesday,Bull Call Spread,DOWN,False,50,-1257.5,258.96,-1516.46,True,False
2022-04-12,Tuesday,Bear Put Spread,DOWN,True,50,1132.5,256.16,876.34,True,True
2022-04-12,Tuesday,Iron Condor,DOWN,False,50,127.5,490.13,-362.63,True,False
2022-04-13,Wednesday,Bull Call Spread,FLAT,False,50,-1737.5,249.65,-1987.15,True,False
2022-04-13,Wednesday,Bear Put Spread,FLAT,False,50,2572.5,255.05,2317.45,True,True
2022-04-13,Wednesday,Iron Condor,FLAT,True,50,3217.5,503.19,2714.31,True,True
2022-04-18,Monday,Bull Call Spread,DOWN,False,50,-520.0,269.47,-789.47,True,False
2022-04-18,Monday,Bear Put Spread,DOWN,True,50,1547.5,263.67,1283.83,True,True
2022-04-18,Monday,Iron Condor,DOWN,False,50,227.5,491.6,-264.1,True,False
2022-04-19,Tuesday,Bull Call Spread,FLAT,False,50,-2742.5,258.15,-3000.65,True,False
2022-04-19,Tuesday,Bear Put Spread,FLAT,False,50,3122.5,269.56,2852.94,True,True
2022-04-19,Tuesday,Iron Condor,FLAT,True,50,585.0,493.83,91.17,True,True
2022-04-20,Wednesday,Bull Call Spread,DOWN,False,50,2372.5,257.8,2114.7,True,True
2022-04-20,Wednesday,Bear Put Spread,DOWN,True,50,-2452.5,263.42,-2715.92,True,False
2022-04-20,Wednesday,Iron Condor,DOWN,False,50,0.0,0.0,0.0,False,False
2022-04-21,Thursday,Bull Call Spread,UP,True,50,5127.5,249.03,4878.47,True,True
2022-04-21,Thursday,Bear Put Spread,UP,False,50,-2745.0,253.85,-2998.85,True,False
2022-04-21,Thursday,Iron Condor,UP,False,50,4660.0,511.39,4148.61,True,True
2022-04-22,Friday,Bull Call Spread,UP,True,50,-1022.5,274.87,-1297.37,True,False
2022-04-22,Friday,Bear Put Spread,UP,False,50,995.0,269.44,725.56,True,True
2022-04-22,Friday,Iron Condor,UP,False,50,-332.5,502.48,-834.98,True,False
2022-04-25,Monday,Bull Call Spread,DOWN,False,50,702.5,269.39,433.11,True,True
2022-04-25,Monday,Bear Put Spread,DOWN,True,50,3115.0,269.93,2845.07,True,True
2022-04-25,Monday,Iron Condor,DOWN,False,50,140.0,490.4,-350.4,True,False
2022-04-26,Tuesday,Bull Call Spread,DOWN,False,50,-1505.0,267.07,-1772.07,True,False
2022-04-26,Tuesday,Bear Put Spread,DOWN,True,50,0.0,0.0,0.0,False,False
2022-04-26,Tuesday,Iron Condor,DOWN,False,50,880.0,506.94,373.06,True,True
2022-04-27,Wednesday,Bull Call Spread,UP,True,50,705.0,258.09,446.91,True,True
2022-04-27,Wednesday,Bear Put Spread,UP,False,50,1512.5,260.77,1251.73,True,True
2022-04-27,Wednesday,Iron Condor,UP,False,50,462.5,500.63,-38.13,True,False
2022-04-28,Thursday,Bull Call Spread,FLAT,False,50,2940.0,251.89,2688.11,True,True
2022-04-28,Thursday,Bear Put Spread,FLAT,False,50,-3477.5,255.87,-3733.37,True,False
2022-04-28,Thursday,Iron Condor,FLAT,True,50,4800.0,503.52,4296.48,True,True
2022-04-29,Friday,Bull Call Spread,UP,True,50,-2767.5,274.05,-3041.55,True,False
2022-04-29,Friday,Bear Put Spread,UP,False,50,495.0,268.75,226.25,True,True
2022-04-29,Friday,Iron Condor,UP,False,50,-477.5,498.98,-976.48,True,False
2022-05-02,Monday,Bull Call Spread,DOWN,False,50,2112.5,271.79,1840.71,True,True
2022-05-02,Monday,Bear Put Spread,DOWN,True,50,-1980.0,264.3,-2244.3,True,False
2022-05-02,Monday,Iron Condor,DOWN,False,50,-137.5,520.41,-657.91,True,False
2022-05-04,Wednesday,Bull Call Spread,UP,True,50,-3662.5,262.48,-3924.98,True,False
2022-05-04,Wednesday,Bear Put Spread,UP,False,50,5640.0,263.34,5376.66,True,True
2022-05-04,Wednesday,Iron Condor,UP,False,50,3910.0,519.39,3390.61,True,True
2022-05-05,Thursday,Bull Call Spread,DOWN,False,50,-2140.0,252.02,-2392.02,True,False
2022-05-05,Thursday,Bear Put Spread,DOWN,True,50,4022.5,257.9,3764.6,True,True
2022-05-05,Thursday,Iron Condor,DOWN,False,50,3782.5,510.54,3271.96,True,True
2022-05-06,Friday,Bull Call Spread,DOWN,False,50,527.5,277.22,250.28,True,True
2022-05-06,Friday,Bear Put Spread,DOWN,True,50,1682.5,274.84,1407.66,True,True
2022-05-06,Friday,Iron Condor,DOWN,False,50,0.0,0.0,0.0,False,False
2022-05-09,Monday,Bull Call Spread,FLAT,False,50,1050.0,273.29,776.71,True,True
2022-05-09,Monday,Bear Put Spread,FLAT,False,50,712.5,274.16,438.34,True,True
2022-05-09,Monday,Iron Condor,FLAT,True,50,1107.5,505.84,601.66,True,True
2022-05-10,Tuesday,Bull Call Spread,UP,True,50,-2555.0,273.14,-2828.14,True,False
2022-05-10,Tuesday,Bear Put Spread,UP,False,50,127.5,267.64,-140.14,True,False
2022-05-10,Tuesday,Iron Condor,UP,False,50,-127.5,498.56,-626.06,True,False
2022-05-11,Wednesday,Bull Call Spread,FLAT,False,50,-620.0,262.38,-882.38,True,False
2022-05-11,Wednesday,Bear Put Spread,FLAT,False,50,475.0,263.19,211.81,True,True
2022-05-11,Wednesday,Iron Condor,FLAT,True,50,-10.0,489.65,-499.65,True,False
2022-05-12,Thursday,Bull Call Spread,DOWN,False,50,-97.5,261.97,-359.47,True,False
2022-05-12,Thursday,Bear Put Spread,DOWN,True,50,5692.5,252.21,5440.29,True,True
2022-05-12,Thursday,Iron Condor,DOWN,False,50,-125.0,490.25,-615.25,True,False
2022-05-13,Friday,Bull Call Spread,DOWN,False,50,-915.0,275.31,-1190.31,True,False
2022-05-13,Friday,Bear Put Spread,DOWN,True,50,3847.5,281.05,3566.45,True,True
2022-05-13,Friday,Iron Condor,DOWN,False,50,85.0,492.71,-407.71,True,False
2022-05-16,Monday,Bull Call Spread,DOWN,False,50,-1112.5,272.31,-1384.81,True,False
2022-05-16,Monday,Bear Put Spread,DOWN,True,50,-162.5,277.81,-440.31,True,False
2022-05-16,Monday,Iron Condor,DOWN,False,50,-37.5,491.32,-528.82,True,False
2022-05-17,Tuesday,Bull Call Spread,FLAT,False,50,4152.5,268.02,3884.48,True,True
2022-05-17,Tuesday,Bear Put Spread,FLAT,False,50,-2295.0,269.09,-2564.09,True,False
2022-05-17,Tuesday,Iron Condor,FLAT,True,50,52.5,489.98,-437.48,True,False
2022-05-18,Wednesday,Bull Call Spread,UP,True,50,-1287.5,259.96,-1547.46,True,False
2022-05-18,Wednesday,Bear Put Spread,UP,False,50,1275.0,262.85,1012.15,True,True
2022-05-18,Wednesday,Iron Condor,UP,False,50,890.0,498.0,392.0,True,True
2022-05-19,Thursday,Bull Call Spread,DOWN,False,50,-1997.5,250.85,-2248.35,True,False
2022-05-19,Thursday,Bear Put Spread,DOWN,True,50,4252.5,257.18,3995.32,True,True
2022-05-19,Thursday,Iron Condor,DOWN,False,50,0.0,0.0,0.0,False,False
2022-05-20,Friday,Bull Call Spread,DOWN,False,50,3245.0,275.42,2969.58,True,True
2022-05-20,Friday,Bear Put Spread,DOWN,True,50,100.0,289.22,-189.22,True,False
2022-05-20,Friday,Iron Condor,DOWN,False,50,-180.0,534.4,-714.4,True,False
2022-05-23,Monday,Bull Call Spread,UP,True,50,-1217.5,277.99,-1495.49,True,False
2022-05-23,Monday,Bear Put Spread,UP,False,50,2542.5,268.17,2274.33,True,True
2022-05-23,Monday,Iron Condor,UP,False,50,-440.0,504.59,-944.59,True,False
2022-05-24,Tuesday,Bull Call Spread,DOWN,False,50,-550.0,272.77,-822.77,True,False
2022-05-24,Tuesday,Bear Put Spread,DOWN,True,50,240.0,271.96,-31.96,True,False
2022-05-24,Tuesday,Iron Condor,DOWN,False,50,-70.0,506.29,-576.29,True,False
2022-05-25,Wednesday,Bull Call Spread,DOWN,False,50,-2167.5,265.43,-2432.93,True,False
2022-05-25,Wednesday,Bear Put Spread,DOWN,True,50,642.5,266.69,375.81,True,True
2022-05-25,Wednesday,Iron Condor,DOWN,False,50,557.5,491.88,65.62,True,True
2022-05-26,Thursday,Bull Call Spread,DOWN,False,50,555.0,252.95,302.05,True,True
2022-05-26,Thursday,Bear Put Spread,DOWN,True,50,-3777.5,258.15,-4035.65,True,False
2022-05-26,Thursday,Iron Condor,DOWN,False,50,2807.5,498.92,2308.58,True,True
2022-05-27,Friday,Bull Call Spread,UP,True,50,1042.5,273.0,769.5,True,True
2022-05-27,Friday,Bear Put Spread,UP,False,50,-1300.0,280.06,-1580.06,True,False
2022-05-27,Friday,Iron Condor,UP,False,50,-200.0,503.38,-703.38,True,False
2022-05-30,Monday,Bull Call Spread,FLAT,False,50,1795.0,270.54,1524.46,True,True
2022-05-30,Monday,Bear Put Spread,FLAT,False,50,-3995.0,270.17,-4265.17,True,False
2022-05-30,Monday,Iron Condor,FLAT,True,50,0.0,0.0,0.0,False,False
2022-05-31,Tuesday,Bull Call Spread,UP,True,50,972.5,265.1,707.4,True,True
2022-05-31,Tuesday,Bear Put Spread,UP,False,50,-185.0,265.66,-450.66,True,False
2022-05-31,Tuesday,Iron Condor,UP,False,50,320.0,493.16,-173.16,True,False
2022-06-01,Wednesday,Bull Call Spread,FLAT,False,50,-1175.0,263.0,-1438.0,True,False
2022-06-01,Wednesday,Bear Put Spread,FLAT,False,50,185.0,261.14,-76.14,True,False
2022-06-01,Wednesday,Iron Condor,FLAT,True,50,95.0,491.01,-396.01,True,False
2022-06-02,Thursday,Bull Call Spread,DOWN,False,50,4732.5,254.3,4478.2,True,True
2022-06-02,Thursday,Bear Put Spread,DOWN,True,50,-2235.0,252.76,-2487.76,True,False
2022-06-02,Thursday,Iron Condor,DOWN,False,50,4490.0,512.9,3977.1,True,True
2022-06-03,Friday,Bull Call Spread,UP,True,50,-672.5,273.44,-945.94,True,False
2022-06-03,Friday,Bear Put Spread,UP,False,50,995.0,273.57,721.43,True,True
2022-06-03,Friday,Iron Condor,UP,False,50,-47.5,496.78,-544.28,True,False
2022-06-06,Monday,Bull Call Spread,DOWN,False,50,-305.0,271.65,-576.65,True,False
2022-06-06,Monday,Bear Put Spread,DOWN,True,50,-870.0,269.09,-1139.09,True,False
2022-06-06,Monday,Iron Condor,DOWN,False,50,240.0,499.49,-259.49,True,False
2022-06-07,Tuesday,Bull Call Spread,FLAT,False,50,-605.0,269.25,-874.25,True,False
2022-06-07,Tuesday,Bear Put Spread,FLAT,False,50,382.5,266.4,116.1,True,True
2022-06-07,Tuesday,Iron Condor,FLAT,True,50,275.0,492.05,-217.05,True,False
2022-06-08,Wednesday,Bull Call Spread,DOWN,False,50,-1792.5,259.48,-2051.98,True,False
2022-06-08,Wednesday,Bear Put Spread,DOWN,True,50,1167.5,258.97,908.53,True,True
2022-06-08,Wednesday,Iron Condor,DOWN,False,50,280.0,491.06,-211.06,True,False
2022-06-09,Thursday,Bull Call Spread,DOWN,False,50,5205.0,250.5,4954.5,True,True
2022-06-09,Thursday,Bear Put Spread,DOWN,True,50,-2695.0,254.86,-2949.86,True,False
2022-06-09,Thursday,Iron Condor,DOWN,False,50,4780.0,516.45,4263.55,True,True
2022-06-10,Friday,Bull Call Spread,UP,True,50,-2562.5,275.96,-2838.46,True,False
2022-06-10,Friday,Bear Put Spread,UP,False,50,650.0,268.94,381.06,True,True
2022-06-10,Friday,Iron Condor,UP,False,50,42.5,490.52,-448.02,True,False
2022-06-13,Monday,Bull Call Spread,DOWN,False,50,1132.5,279.84,852.66,True,True
2022-06-13,Monday,Bear Put Spread,DOWN,True,50,2400.0,261.19,2138.81,True,True
2022-06-13,Monday,Iron Condor,DOWN,False,50,22.5,493.16,-470.66,True,False
2022-06-14,Tuesday,Bull Call Spread,DOWN,False,50,1177.5,271.33,906.17,True,True
2022-06-14,Tuesday,Bear Put Spread,DOWN,True,50,-655.0,270.46,-925.46,True,False
2022-06-14,Tuesday,Iron Condor,DOWN,False,50,177.5,492.04,-314.54,True,False
2022-06-15,Wednesday,Bull Call Spread,FLAT,False,50,-580.0,264.79,-844.79,True,False
2022-06-15,Wednesday,Bear Put Spread,FLAT,False,50,82.5,264.57,-182.07,True,False
2022-06-15,Wednesday,Iron Condor,FLAT,True,50,535.0,494.44,40.56,True,True
2022-06-16,Thursday,Bull Call Spread,FLAT,False,50,-2645.0,256.31,-2901.31,True,False
2022-06-16,Thursday,Bear Put Spread,FLAT,False,50,5035.0,255.48,4779.52,True,True
2022-06-16,Thursday,Iron Condor,FLAT,True,50,6680.0,570.07,6109.93,True,True
2022-06-17,Friday,Bull Call Spread,DOWN,False,50,1050.0,283.43,766.57,True,True
2022-06-17,Friday,Bear Put Spread,DOWN,True,50,-1050.0,279.78,-1329.78,True,False
2022-06-17,Friday,Iron Condor,DOWN,False,50,132.5,510.01,-377.51,True,False
2022-06-20,Monday,Bull Call Spread,FLAT,False,50,122.5,274.66,-152.16,True,False
2022-06-20,Monday,Bear Put Spread,FLAT,False,50,-712.5,276.09,-988.59,True,False
2022-06-20,Monday,Iron Condor,FLAT,True,50,605.0,502.28,102.72,True,True
2022-06-21,Tuesday,Bull Call Spread,FLAT,False,50,2020.0,262.53,1757.47,True,True
2022-06-21,Tuesday,Bear Put Spread,FLAT,False,50,0.0,0.0,0.0,False,False
2022-06-21,Tuesday,Iron Condor,FLAT,True,50,552.5,494.29,58.21,True,True
2022-06-22,Wednesday,Bull Call Spread,UP,True,50,-2800.0,264.5,-3064.5,True,False
2022-06-22,Wednesday,Bear Put Spread,UP,False,50,2350.0,257.32,2092.68,True,True
2022-06-22,Wednesday,Iron Condor,UP,False,50,165.0,491.01,-326.01,True,False
2022-06-23,Thursday,Bull Call Spread,DOWN,False,50,2912.5,251.67,2660.83,True,True
2022-06-23,Thursday,Bear Put Spread,DOWN,True,50,-2117.5,253.81,-2371.31,True,False
2022-06-23,Thursday,Iron Condor,DOWN,False,50,372.5,490.65,-118.15,True,False
2022-06-24,Friday,Bull Call Spread,UP,True,50,285.0,275.7,9.3,True,True
2022-06-24,Friday,Bear Put Spread,UP,False,50,-2045.0,276.43,-2321.43,True,False
2022-06-24,Friday,Iron Condor,UP,False,50,-347.5,514.84,-862.34,True,False
2022-06-27,Monday,Bull Call Spread,UP,True,50,117.5,266.85,-149.35,True,False
2022-06-27,Monday,Bear Put Spread,UP,False,50,925.0,271.21,653.79,True,True
2022-06-27,Monday,Iron Condor,UP,False,50,592.5,504.6,87.9,True,True
2022-06-28,Tuesday,Bull Call Spread,DOWN,False,50,1015.0,264.82,750.18,True,True
2022-06-28,Tuesday,Bear Put Spread,DOWN,True,50,-1150.0,267.11,-1417.11,True,False
2022-06-28,Tuesday,Iron Condor,DOWN,False,50,-55.0,495.16,-550.16,True,False
2022-06-29,Wednesday,Bull Call Spread,UP,True,50,1432.5,264.64,1167.86,True,True
2022-06-29,Wednesday,Bear Put Spread,UP,False,50,-1155.0,257.19,-1412.19,True,False
2022-06-29,Wednesday,Iron Condor,UP,False,50,195.0,495.48,-300.48,True,False
2022-06-30,Thursday,Bull Call Spread,UP,True,50,-1005.0,254.86,-1259.86,True,False
2022-06-30,Thursday,Bear Put Spread,UP,False,50,-2730.0,253.82,-2983.82,True,False
2022-06-30,Thursday,Iron Condor,UP,False,50,287.5,489.89,-202.39,True,False
2022-07-01,Friday,Bull Call Spread,FLAT,False,50,1792.5,273.54,1518.96,True,True
2022-07-01,Friday,Bear Put Spread,FLAT,False,50,387.5,277.2,110.3,True,True
2022-07-01,Friday,Iron Condor,FLAT,True,50,180.0,510.6,-330.6,True,False
2022-07-04,Monday,Bull Call Spread,UP,True,50,1905.0,273.53,1631.47,True,True
2022-07-04,Monday,Bear Put Spread,UP,False,50,-177.5,272.11,-449.61,True,False
2022-07-04,Monday,Iron Condor,UP,False,50,215.0,490.87,-275.87,True,False
2022-07-05,Tuesday,Bull Call Spread,UP,True,50,-1425.0,261.1,-1686.1,True,False
2022-07-05,Tuesday,Bear Put Spread,UP,False,50,2875.0,263.93,2611.07,True,True
2022-07-05,Tuesday,Iron Condor,UP,False,50,1587.5,502.48,1085.02,True,True
2022-07-06,Wednesday,Bull Call Spread,DOWN,False,50,2455.0,258.37,2196.63,True,True
2022-07-06,Wednesday,Bear Put Spread,DOWN,True,50,-1610.0,260.41,-1870.41,True,False
2022-07-06,Wednesday,Iron Condor,DOWN,False,50,1327.5,505.41,822.09,True,True
2022-07-07,Thursday,Bull Call Spread,UP,True,50,-855.0,251.24,-1106.24,True,False
2022-07-07,Thursday,Bear Put Spread,UP,False,50,-1697.5,256.74,-1954.24,True,False
2022-07-07,Thursday,Iron Condor,UP,False,50,2667.5,503.98,2163.52,True,True
2022-07-08,Friday,Bull Call Spread,FLAT,False,50,-862.5,268.92,-1131.42,True,False
2022-07-08,Friday,Bear Put Spread,FLAT,False,50,335.0,273.86,61.14,True,True
2022-07-08,Friday,Iron Condor,FLAT,True,50,405.0,530.8,-125.8,True,False
2022-07-11,Monday,Bull Call Spread,FLAT,False,50,-132.5,263.86,-396.36,True,False
2022-07-11,Monday,Bear Put Spread,FLAT,False,50,-745.0,266.78,-1011.78,True,False
2022-07-11,Monday,Iron Condor,FLAT,True,50,370.0,502.04,-132.04,True,False
2022-07-12,Tuesday,Bull Call Spread,UP,True,50,-1410.0,258.48,-1668.48,True,False
2022-07-12,Tuesday,Bear Put Spread,UP,False,50,1822.5,264.42,1558.08,True,True
2022-07-12,Tuesday,Iron Condor,UP,False,50,1152.5,499.98,652.52,True,True
2022-07-13,Wednesday,Bull Call Spread,DOWN,False,50,-1125.0,257.37,-1382.37,True,False
2022-07-13,Wednesday,Bear Put Spread,DOWN,True,50,1962.5,259.69,1702.81,True,True
2022-07-13,Wednesday,Iron Condor,DOWN,False,50,35.0,489.68,-454.68,True,False
2022-07-14,Thursday,Bull Call Spread,DOWN,False,50,-2552.5,254.28,-2806.78,True,False
2022-07-14,Thursday,Bear Put Spread,DOWN,True,50,465.0,253.9,211.1,True,True
2022-07-14,Thursday,Iron Condor,DOWN,False,50,4992.5,505.66,4486.84,True,True
2022-07-15,Friday,Bull Call Spread,DOWN,False,50,595.0,264.14,330.86,True,True
2022-07-15,Friday,Bear Put Spread,DOWN,True,50,-912.5,271.65,-1184.15,True,False
2022-07-15,Friday,Iron Condor,DOWN,False,50,920.0,516.8,403.2,True,True
2022-07-18,Monday,Bull Call Spread,UP,True,50,1097.5,259.65,837.85,True,True
2022-07-18,Monday,Bear Put Spread,UP,False,50,435.0,267.19,167.81,True,True
2022-07-18,Monday,Iron Condor,UP,False,50,360.0,496.77,-136.77,True,False
2022-07-19,Tuesday,Bull Call Spread,UP,True,50,2302.5,258.5,2044.0,True,True
2022-07-19,Tuesday,Bear Put Spread,UP,False,50,-1170.0,256.95,-1426.95,True,False
2022-07-19,Tuesday,Iron Condor,UP,False,50,1120.0,502.0,618.0,True,True
2022-07-20,Wednesday,Bull Call Spread,UP,True,50,547.5,252.2,295.3,True,True
2022-07-20,Wednesday,Bear Put Spread,UP,False,50,-195.0,256.52,-451.52,True,False
2022-07-20,Wednesday,Iron Condor,UP,False,50,-212.5,492.55,-705.05,True,False
2022-07-21,Thursday,Bull Call Spread,FLAT,False,50,1397.5,252.4,1145.1,True,True
2022-07-21,Thursday,Bear Put Spread,FLAT,False,50,-1495.0,249.96,-1744.96,True,False
2022-07-21,Thursday,Iron Condor,FLAT,True,50,1632.5,494.83,1137.67,True,True
2022-07-22,Friday,Bull Call Spread,UP,True,50,1217.5,266.08,951.42,True,True
2022-07-22,Friday,Bear Put Spread,UP,False,50,77.5,266.98,-189.48,True,False
2022-07-22,Friday,Iron Condor,UP,False,50,222.5,505.36,-282.86,True,False
2022-07-25,Monday,Bull Call Spread,UP,True,50,-1130.0,264.63,-1394.63,True,False
2022-07-25,Monday,Bear Put Spread,UP,False,50,510.0,265.75,244.25,True,True
2022-07-25,Monday,Iron Condor,UP,False,50,530.0,493.24,36.76,True,True
2022-07-26,Tuesday,Bull Call Spread,DOWN,False,50,-1435.0,259.14,-1694.14,True,False
2022-07-26,Tuesday,Bear Put Spread,DOWN,True,50,1910.0,263.14,1646.86,True,True
2022-07-26,Tuesday,Iron Condor,DOWN,False,50,190.0,490.53,-300.53,True,False
2022-07-27,Wednesday,Bull Call Spread,DOWN,False,50,1785.0,257.84,1527.16,True,True
2022-07-27,Wednesday,Bear Put Spread,DOWN,True,50,-1915.0,259.52,-2174.52,True,False
2022-07-27,Wednesday,Iron Condor,DOWN,False,50,35.0,489.78,-454.78,True,False
2022-07-28,Thursday,Bull Call Spread,UP,True,50,5197.5,251.09,4946.41,True,True
2022-07-28,Thursday,Bear Put Spread,UP,False,50,-3130.0,254.09,-3384.09,True,False
2022-07-28,Thursday,Iron Condor,UP,False,50,3660.0,514.1,3145.9,True,True
2022-07-29,Friday,Bull Call Spread,UP,True,50,1527.5,265.0,1262.5,True,True
2022-07-29,Friday,Bear Put Spread,UP,False,50,-312.5,274.19,-586.69,True,False
2022-07-29,Friday,Iron Condor,UP,False,50,1007.5,511.18,496.32,True,True
2022-08-01,Monday,Bull Call Spread,UP,True,50,1370.0,261.67,1108.33,True,True
2022-08-01,Monday,Bear Put Spread,UP,False,50,-1990.0,266.1,-2256.1,True,False
2022-08-01,Monday,Iron Condor,UP,False,50,-612.5,493.68,-1106.18,True,False
2022-08-02,Tuesday,Bull Call Spread,UP,True,50,-522.5,258.42,-780.92,True,False
2022-08-02,Tuesday,Bear Put Spread,UP,False,50,-122.5,264.98,-387.48,True,False
2022-08-02,Tuesday,Iron Condor,UP,False,50,342.5,504.09,-161.59,True,False
2022-08-03,Wednesday,Bull Call Spread,FLAT,False,50,1072.5,255.09,817.41,True,True
2022-08-03,Wednesday,Bear Put Spread,FLAT,False,50,-672.5,262.0,-934.5,True,False
2022-08-03,Wednesday,Iron Condor,FLAT,True,50,272.5,494.91,-222.41,True,False
2022-08-04,Thursday,Bull Call Spread,UP,True,50,-2227.5,251.18,-2478.68,True,False
2022-08-04,Thursday,Bear Put Spread,UP,False,50,1115.0,252.57,862.43,True,True
2022-08-04,Thursday,Iron Condor,UP,False,50,3815.0,502.73,3312.27,True,True
2022-08-05,Friday,Bull Call Spread,DOWN,False,50,-1065.0,274.65,-1339.65,True,False
2022-08-05,Friday,Bear Put Spread,DOWN,True,50,350.0,276.61,73.39,True,True
2022-08-05,Friday,Iron Condor,DOWN,False,50,362.5,500.1,-137.6,True,False
2022-08-08,Monday,Bull Call Spread,FLAT,False,50,1852.5,266.97,1585.53,True,True
2022-08-08,Monday,Bear Put Spread,FLAT,False,50,-960.0,268.02,-1228.02,True,False
2022-08-08,Monday,Iron Condor,FLAT,True,50,957.5,513.02,444.48,True,True
2022-08-10,Wednesday,Bull Call Spread,UP,True,50,-410.0,255.32,-665.32,True,False
2022-08-10,Wednesday,Bear Put Spread,UP,False,50,520.0,263.74,256.26,True,True
2022-08-10,Wednesday,Iron Condor,UP,False,50,12.5,490.11,-477.61,True,False
2022-08-11,Thursday,Bull Call Spread,FLAT,False,50,-1927.5,250.0,-2177.5,True,False
2022-08-11,Thursday,Bear Put Spread,FLAT,False,50,472.5,251.41,221.09,True,True
2022-08-11,Thursday,Iron Condor,FLAT,True,50,2045.0,495.17,1549.83,True,True
2022-08-12,Friday,Bull Call Spread,FLAT,False,50,-147.5,263.88,-411.38,True,False
2022-08-12,Friday,Bear Put Spread,FLAT,False,50,-267.5,269.39,-536.89,True,False
2022-08-12,Friday,Iron Condor,FLAT,True,50,320.0,502.26,-182.26,True,False
2022-08-16,Tuesday,Bull Call Spread,FLAT,False,50,572.5,250.12,322.38,True,True
2022-08-16,Tuesday,Bear Put Spread,FLAT,False,50,-410.0,270.27,-680.27,True,False
2022-08-16,Tuesday,Iron Condor,FLAT,True,50,430.0,512.56,-82.56,True,False
2022-08-17,Wednesday,Bull Call Spread,FLAT,False,50,1855.0,251.14,1603.86,True,True
2022-08-17,Wednesday,Bear Put Spread,FLAT,False,50,-1380.0,259.32,-1639.32,True,False
2022-08-17,Wednesday,Iron Condor,FLAT,True,50,977.5,499.58,477.92,True,True
2022-08-18,Thursday,Bull Call Spread,UP,True,50,-1347.5,249.29,-1596.79,True,False
2022-08-18,Thursday,Bear Put Spread,UP,False,50,-1977.5,254.08,-2231.58,True,False
2022-08-18,Thursday,Iron Condor,UP,False,50,2970.0,497.7,2472.3,True,True
2022-08-19,Friday,Bull Call Spread,FLAT,False,50,-1212.5,263.19,-1475.69,True,False
2022-08-19,Friday,Bear Put Spread,FLAT,False,50,2345.0,265.86,2079.14,True,True
2022-08-19,Friday,Iron Condor,FLAT,True,50,1155.0,508.38,646.62,True,True
2022-08-22,Monday,Bull Call Spread,DOWN,False,50,-3137.5,265.27,-3402.77,True,False
2022-08-22,Monday,Bear Put Spread,DOWN,True,50,2345.0,266.09,2078.91,True,True
2022-08-22,Monday,Iron Condor,DOWN,False,50,460.0,493.83,-33.83,True,False
2022-08-23,Tuesday,Bull Call Spread,DOWN,False,50,2782.5,265.64,2516.86,True,True
2022-08-23,Tuesday,Bear Put Spread,DOWN,True,50,-1980.0,261.69,-2241.69,True,False
2022-08-23,Tuesday,Iron Condor,DOWN,False,50,3027.5,514.23,2513.27,True,True
2022-08-24,Wednesday,Bull Call Spread,UP,True,50,1435.0,257.46,1177.54,True,True
2022-08-24,Wednesday,Bear Put Spread,UP,False,50,-425.0,255.7,-680.7,True,False
2022-08-24,Wednesday,Iron Condor,UP,False,50,77.5,490.24,-412.74,True,False
2022-08-25,Thursday,Bull Call Spread,UP,True,50,-1592.5,249.08,-1841.58,True,False
2022-08-25,Thursday,Bear Put Spread,UP,False,50,3700.0,254.32,3445.68,True,True
2022-08-25,Thursday,Iron Condor,UP,False,50,42.5,489.46,-446.96,True,False
2022-08-26,Friday,Bull Call Spread,DOWN,False,50,2.5,263.53,-261.03,True,False
2022-08-26,Friday,Bear Put Spread,DOWN,True,50,877.5,277.57,599.93,True,True
2022-08-26,Friday,Iron Condor,DOWN,False,50,227.5,512.48,-284.98,True,False
2022-08-29,Monday,Bull Call Spread,FLAT,False,50,-347.5,267.33,-614.83,True,False
2022-08-29,Monday,Bear Put Spread,FLAT,False,50,900.0,266.09,633.91,True,True
2022-08-29,Monday,Iron Condor,FLAT,True,50,1125.0,499.83,625.17,True,True
2022-08-30,Tuesday,Bull Call Spread,UP,True,50,4440.0,254.77,4185.23,True,True
2022-08-30,Tuesday,Bear Put Spread,UP,False,50,-2402.5,266.59,-2669.09,True,False
2022-08-30,Tuesday,Iron Condor,UP,False,50,227.5,492.1,-264.6,True,False
2022-09-01,Thursday,Bull Call Spread,UP,True,50,0.0,0.0,0.0,False,False
2022-09-01,Thursday,Bear Put Spread,UP,False,50,-1142.5,254.99,-1397.49,True,False
2022-09-01,Thursday,Iron Condor,UP,False,50,1527.5,498.72,1028.78,True,True
2022-09-02,Friday,Bull Call Spread,FLAT,False,50,-420.0,276.22,-696.22,True,False
2022-09-02,Friday,Bear Put Spread,FLAT,False,50,475.0,274.72,200.28,True,True
2022-09-02,Friday,Iron Condor,FLAT,True,50,600.0,500.15,99.85,True,True
2022-09-05,Monday,Bull Call Spread,FLAT,False,50,957.5,270.08,687.42,True,True
2022-09-05,Monday,Bear Put Spread,FLAT,False,50,-1917.5,272.72,-2190.22,True,False
2022-09-05,Monday,Iron Condor,FLAT,True,50,222.5,494.57,-272.07,True,False
2022-09-06,Tuesday,Bull Call Spread,UP,True,50,-732.5,259.66,-992.16,True,False
2022-09-06,Tuesday,Bear Put Spread,UP,False,50,825.0,268.8,556.2,True,True
2022-09-06,Tuesday,Iron Condor,UP,False,50,655.0,501.04,153.96,True,True
2022-09-07,Wednesday,Bull Call Spread,DOWN,False,50,967.5,260.07,707.43,True,True
2022-09-07,Wednesday,Bear Put Spread,DOWN,True,50,-897.5,259.08,-1156.58,True,False
2022-09-07,Wednesday,Iron Condor,DOWN,False,50,207.5,490.43,-282.93,True,False
2022-09-08,Thursday,Bull Call Spread,UP,True,50,457.5,251.11,206.39,True,True
2022-09-08,Thursday,Bear Put Spread,UP,False,50,-1515.0,254.3,-1769.3,True,False
2022-09-08,Thursday,Iron Condor,UP,False,50,1312.5,493.6,818.9,True,True
2022-09-09,Friday,Bull Call Spread,UP,True,50,-627.5,264.63,-892.13,True,False
2022-09-09,Friday,Bear Put Spread,UP,False,50,-370.0,274.72,-644.72,True,False
2022-09-09,Friday,Iron Condor,UP,False,50,822.5,503.81,318.69,True,True
2022-09-12,Monday,Bull Call Spread,DOWN,False,50,322.5,263.67,58.83,True,True
2022-09-12,Monday,Bear Put Spread,DOWN,True,50,-1250.0,269.46,-1519.46,True,False
2022-09-12,Monday,Iron Condor,DOWN,False,50,1315.0,526.43,788.57,True,True
2022-09-13,Tuesday,Bull Call Spread,UP,True,50,525.0,257.8,267.2,True,True
2022-09-13,Tuesday,Bear Put Spread,UP,False,50,-892.5,264.66,-1157.16,True,False
2022-09-13,Tuesday,Iron Condor,UP,False,50,-205.0,505.89,-710.89,True,False
2022-09-14,Wednesday,Bull Call Spread,UP,True,50,4385.0,255.52,4129.48,True,True
2022-09-14,Wednesday,Bear Put Spread,UP,False,50,-1432.5,257.56,-1690.06,True,False
2022-09-14,Wednesday,Iron Condor,UP,False,50,2642.5,519.72,2122.78,True,True
2022-09-15,Thursday,Bull Call Spread,UP,True,50,-3025.0,252.79,-3277.79,True,False
2022-09-15,Thursday,Bear Put Spread,UP,False,50,5420.0,252.85,5167.15,True,True
2022-09-15,Thursday,Iron Condor,UP,False,50,4045.0,503.55,3541.45,True,True
2022-09-16,Friday,Bull Call Spread,DOWN,False,50,120.0,272.19,-152.19,True,False
2022-09-16,Friday,Bear Put Spread,DOWN,True,50,2675.0,271.8,2403.2,True,True
2022-09-16,Friday,Iron Condor,DOWN,False,50,-377.5,490.74,-868.24,True,False
2022-09-19,Monday,Bull Call Spread,DOWN,False,50,-322.5,276.08,-598.58,True,False
2022-09-19,Monday,Bear Put Spread,DOWN,True,50,-2400.0,271.18,-2671.18,True,False
2022-09-19,Monday,Iron Condor,DOWN,False,50,-772.5,515.53,-1288.03,True,False
2022-09-20,Tuesday,Bull Call Spread,UP,True,50,937.5,261.19,676.31,True,True
2022-09-20,Tuesday,Bear Put Spread,UP,False,50,-1120.0,269.48,-1389.48,True,False
2022-09-20,Tuesday,Iron Condor,UP,False,50,-262.5,494.58,-757.08,True,False
2022-09-21,Wednesday,Bull Call Spread,UP,True,50,1020.0,258.5,761.5,True,True
2022-09-21,Wednesday,Bear Put Spread,UP,False,50,75.0,264.81,-189.81,True,False
2022-09-21,Wednesday,Iron Condor,UP,False,50,-107.5,498.46,-605.96,True,False
2022-09-22,Thursday,Bull Call Spread,DOWN,False,50,-100.0,250.66,-350.66,True,False
2022-09-22,Thursday,Bear Put Spread,DOWN,True,50,-3040.0,259.42,-3299.42,True,False
2022-09-22,Thursday,Iron Condor,DOWN,False,50,3415.0,502.46,2912.54,True,True
2022-09-23,Friday,Bull Call Spread,FLAT,False,50,0.0,0.0,0.0,False,False
2022-09-23,Friday,Bear Put Spread,FLAT,False,50,2400.0,277.2,2122.8,True,True
2022-09-23,Friday,Iron Condor,FLAT,True,50,520.0,495.27,24.73,True,True
2022-09-26,Monday,Bull Call Spread,DOWN,False,50,-1667.5,278.87,-1946.37,True,False
2022-09-26,Monday,Bear Put Spread,DOWN,True,50,200.0,274.98,-74.98,True,False
2022-09-26,Monday,Iron Condor,DOWN,False,50,152.5,490.99,-338.49,True,False
2022-09-27,Tuesday,Bull Call Spread,DOWN,False,50,-902.5,266.75,-1169.25,True,False
2022-09-27,Tuesday,Bear Put Spread,DOWN,True,50,2077.5,273.02,1804.48,True,True
2022-09-27,Tuesday,Iron Condor,DOWN,False,50,0.0,0.0,0.0,False,False
2022-09-28,Wednesday,Bull Call Spread,DOWN,False,50,395.0,263.37,131.63,True,True
2022-09-28,Wednesday,Bear Put Spread,DOWN,True,50,-255.0,255.73,-510.73,True,False
2022-09-28,Wednesday,Iron Condor,DOWN,False,50,437.5,507.23,-69.73,True,False
2022-09-29,Thursday,Bull Call Spread,FLAT,False,50,-2255.0,251.62,-2506.62,True,False
2022-09-29,Thursday,Bear Put Spread,FLAT,False,50,5925.0,258.35,5666.65,True,True
2022-09-29,Thursday,Iron Condor,FLAT,True,50,2722.5,498.83,2223.67,True,True
2022-09-30,Friday,Bull Call Spread,DOWN,False,50,1875.0,277.51,1597.49,True,True
2022-09-30,Friday,Bear Put Spread,DOWN,True,50,-590.0,283.21,-873.21,True,False
2022-09-30,Friday,Iron Condor,DOWN,False,50,1692.5,517.22,1175.28,True,True
2022-10-03,Monday,Bull Call Spread,UP,True,50,-2922.5,281.98,-3204.48,True,False
2022-10-03,Monday,Bear Put Spread,UP,False,50,1922.5,268.75,1653.75,True,True
2022-10-03,Monday,Iron Condor,UP,False,50,2905.0,527.11,2377.89,True,True
2022-10-04,Tuesday,Bull Call Spread,DOWN,False,50,2507.5,257.19,2250.31,True,True
2022-10-04,Tuesday,Bear Put Spread,DOWN,True,50,262.5,263.83,-1.33,True,False
2022-10-04,Tuesday,Iron Condor,DOWN,False,50,547.5,504.24,43.26,True,True
2022-10-06,Thursday,Bull Call Spread,UP,True,50,-1985.0,250.16,-2235.16,True,False
2022-10-06,Thursday,Bear Put Spread,UP,False,50,-202.5,259.08,-461.58,True,False
2022-10-06,Thursday,Iron Condor,UP,False,50,2105.0,495.62,1609.38,True,True
2022-10-07,Friday,Bull Call Spread,DOWN,False,50,645.0,268.52,376.48,True,True
2022-10-07,Friday,Bear Put Spread,DOWN,True,50,-220.0,275.54,-495.54,True,False
2022-10-07,Friday,Iron Condor,DOWN,False,50,385.0,500.56,-115.56,True,False
2022-10-10,Monday,Bull Call Spread,FLAT,False,50,-110.0,272.51,-382.51,True,False
2022-10-10,Monday,Bear Put Spread,FLAT,False,50,-652.5,263.38,-915.88,True,False
2022-10-10,Monday,Iron Condor,FLAT,True,50,1157.5,505.49,652.01,True,True
2022-10-11,Tuesday,Bull Call Spread,UP,True,50,-2702.5,267.89,-2970.39,True,False
2022-10-11,Tuesday,Bear Put Spread,UP,False,50,2387.5,260.66,2126.84,True,True
2022-10-11,Tuesday,Iron Condor,UP,False,50,2707.5,512.65,2194.85,True,True
2022-10-12,Wednesday,Bull Call Spread,DOWN,False,50,2112.5,262.12,1850.38,True,True
2022-10-12,Wednesday,Bear Put Spread,DOWN,True,50,-1332.5,260.38,-1592.88,True,False
2022-10-12,Wednesday,Iron Condor,DOWN,False,50,1447.5,505.82,941.68,True,True
2022-10-13,Thursday,Bull Call Spread,UP,True,50,-2382.5,253.05,-2635.55,True,False
2022-10-13,Thursday,Bear Put Spread,UP,False,50,2740.0,256.27,2483.73,True,True
2022-10-13,Thursday,Iron Condor,UP,False,50,957.5,493.69,463.81,True,True
2022-10-14,Friday,Bull Call Spread,DOWN,False,50,-1767.5,269.02,-2036.52,True,False
2022-10-14,Friday,Bear Put Spread,DOWN,True,50,1455.0,279.18,1175.82,True,True
2022-10-14,Friday,Iron Condor,DOWN,False,50,0.0,0.0,0.0,False,False
2022-10-17,Monday,Bull Call Spread,DOWN,False,50,2355.0,270.01,2084.99,True,True
2022-10-17,Monday,Bear Put Spread,DOWN,True,50,-3660.0,270.8,-3930.8,True,False
2022-10-17,Monday,Iron Condor,DOWN,False,50,255.0,513.59,-258.59,True,False
2022-10-18,Tuesday,Bull Call Spread,UP,True,50,762.5,256.97,505.53,True,True
2022-10-18,Tuesday,Bear Put Spread,UP,False,50,-1470.0,268.8,-1738.8,True,False
2022-10-18,Tuesday,Iron Condor,UP,False,50,-1112.5,499.85,-1612.35,True,False
2022-10-19,Wednesday,Bull Call Spread,UP,True,50,-1170.0,255.23,-1425.23,True,False
2022-10-19,Wednesday,Bear Put Spread,UP,False,50,77.5,259.26,-181.76,True,False
2022-10-19,Wednesday,Iron Condor,UP,False,50,1630.0,497.86,1132.14,True,True
2022-10-20,Thursday,Bull Call Spread,FLAT,False,50,5057.5,255.25,4802.25,True,True
2022-10-20,Thursday,Bear Put Spread,FLAT,False,50,-2310.0,251.73,-2561.73,True,False
2022-10-20,Thursday,Iron Condor,FLAT,True,50,3392.5,502.96,2889.54,True,True
2022-10-21,Friday,Bull Call Spread,UP,True,50,-100.0,264.71,-364.71,True,False
2022-10-21,Friday,Bear Put Spread,UP,False,50,600.0,269.81,330.19,True,True
2022-10-21,Friday,Iron Condor,UP,False,50,247.5,492.73,-245.23,True,False
2022-10-24,Monday,Bull Call Spread,FLAT,False,50,-1237.5,258.98,-1496.48,True,False
2022-10-24,Monday,Bear Put Spread,FLAT,False,50,1380.0,258.75,1121.25,True,True
2022-10-24,Monday,Iron Condor,FLAT,True,50,-20.0,491.35,-511.35,True,False
2022-10-25,Tuesday,Bull Call Spread,FLAT,False,50,-2532.5,259.04,-2791.54,True,False
2022-10-25,Tuesday,Bear Put Spread,FLAT,False,50,2082.5,253.5,1829.0,True,True
2022-10-25,Tuesday,Iron Condor,FLAT,True,50,-150.0,492.88,-642.88,True,False
2022-10-27,Thursday,Bull Call Spread,DOWN,False,50,-1650.0,248.21,-1898.21,True,False
2022-10-27,Thursday,Bear Put Spread,DOWN,True,50,2002.5,250.56,1751.94,True,True
2022-10-27,Thursday,Iron Condor,DOWN,False,50,2675.0,498.2,2176.8,True,True
2022-10-28,Friday,Bull Call Spread,DOWN,False,50,385.0,264.97,120.03,True,True
2022-10-28,Friday,Bear Put Spread,DOWN,True,50,375.0,272.44,102.56,True,True
2022-10-28,Friday,Iron Condor,DOWN,False,50,-267.5,508.7,-776.2,True,False
2022-10-31,Monday,Bull Call Spread,UP,True,50,1442.5,256.94,1185.56,True,True
2022-10-31,Monday,Bear Put Spread,UP,False,50,-3257.5,270.73,-3528.23,True,False
2022-10-31,Monday,Iron Condor,UP,False,50,452.5,500.22,-47.72,True,False
2022-11-01,Tuesday,Bull Call Spread,UP,True,50,642.5,252.99,389.51,True,True
2022-11-01,Tuesday,Bear Put Spread,UP,False,50,-222.5,264.83,-487.33,True,False
2022-11-01,Tuesday,Iron Condor,UP,False,50,232.5,500.4,-267.9,True,False
2022-11-02,Wednesday,Bull Call Spread,UP,True,50,-1175.0,252.52,-1427.52,True,False
2022-11-02,Wednesday,Bear Put Spread,UP,False,50,1005.0,263.54,741.46,True,True
2022-11-02,Wednesday,Iron Condor,UP,False,50,77.5,495.86,-418.36,True,False
2022-11-03,Thursday,Bull Call Spread,DOWN,False,50,-2097.5,254.11,-2351.61,True,False
2022-11-03,Thursday,Bear Put Spread,DOWN,True,50,-2717.5,258.25,-2975.75,True,False
2022-11-03,Thursday,Iron Condor,DOWN,False,50,3942.5,503.26,3439.24,True,True
2022-11-04,Friday,Bull Call Spread,UP,True,50,-177.5,261.54,-439.04,True,False
2022-11-04,Friday,Bear Put Spread,UP,False,50,-992.5,275.09,-1267.59,True,False
2022-11-04,Friday,Iron Condor,UP,False,50,815.0,505.8,309.2,True,True
2022-11-07,Monday,Bull Call Spread,UP,True,50,-600.0,255.06,-855.06,True,False
2022-11-07,Monday,Bear Put Spread,UP,False,50,1320.0,269.96,1050.04,True,True
2022-11-07,Monday,Iron Condor,UP,False,50,412.5,495.46,-82.96,True,False
2022-11-09,Wednesday,Bull Call Spread,FLAT,False,50,-1340.0,249.67,-1589.67,True,False
2022-11-09,Wednesday,Bear Put Spread,FLAT,False,50,2107.5,263.71,1843.79,True,True
2022-11-09,Wednesday,Iron Condor,FLAT,True,50,1325.0,498.01,826.99,True,True
2022-11-10,Thursday,Bull Call Spread,DOWN,False,50,-1730.0,250.04,-1980.04,True,False
2022-11-10,Thursday,Bear Put Spread,DOWN,True,50,877.5,252.27,625.23,True,True
2022-11-10,Thursday,Iron Condor,DOWN,False,50,2875.0,499.31,2375.69,True,True
2022-11-11,Friday,Bull Call Spread,FLAT,False,50,2670.0,257.19,2412.81,True,True
2022-11-11,Friday,Bear Put Spread,FLAT,False,50,-502.5,271.3,-773.8,True,False
2022-11-11,Friday,Iron Condor,FLAT,True,50,985.0,497.39,487.61,True,True
2022-11-14,Monday,Bull Call Spread,UP,True,50,-1010.0,256.23,-1266.23,True,False
2022-11-14,Monday,Bear Put Spread,UP,False,50,1060.0,265.89,794.11,True,True
2022-11-14,Monday,Iron Condor,UP,False,50,-32.5,491.65,-524.15,True,False
2022-11-15,Tuesday,Bull Call Spread,DOWN,False,50,537.5,250.41,287.09,True,True
2022-11-15,Tuesday,Bear Put Spread,DOWN,True,50,-157.5,264.47,-421.97,True,False
2022-11-15,Tuesday,Iron Condor,DOWN,False,50,1235.0,497.83,737.17,True,True
2022-11-16,Wednesday,Bull Call Spread,FLAT,False,50,-1015.0,252.17,-1267.17,True,False
2022-11-16,Wednesday,Bear Put Spread,FLAT,False,50,-167.5,257.31,-424.81,True,False
2022-11-16,Wednesday,Iron Condor,FLAT,True,50,1077.5,503.32,574.18,True,True
2022-11-17,Thursday,Bull Call Spread,FLAT,False,50,-1495.0,248.65,-1743.65,True,False
2022-11-17,Thursday,Bear Put Spread,FLAT,False,50,-767.5,252.61,-1020.11,True,False
2022-11-17,Thursday,Iron Condor,FLAT,True,50,2270.0,495.75,1774.25,True,True
2022-11-18,Friday,Bull Call Spread,FLAT,False,50,-257.5,261.17,-518.67,True,False
2022-11-18,Friday,Bear Put Spread,FLAT,False,50,662.5,265.65,396.85,True,True
2022-11-18,Friday,Iron Condor,FLAT,True,50,130.0,518.84,-388.84,True,False
2022-11-21,Monday,Bull Call Spread,FLAT,False,50,-1152.5,258.85,-1411.35,True,False
2022-11-21,Monday,Bear Put Spread,FLAT,False,50,1387.5,258.19,1129.31,True,True
2022-11-21,Monday,Iron Condor,FLAT,True,50,755.0,505.9,249.1,True,True
2022-11-22,Tuesday,Bull Call Spread,DOWN,False,50,792.5,256.47,536.03,True,True
2022-11-22,Tuesday,Bear Put Spread,DOWN,True,50,-920.0,255.69,-1175.69,True,False
2022-11-22,Tuesday,Iron Condor,DOWN,False,50,187.5,504.65,-317.15,True,False
2022-11-23,Wednesday,Bull Call Spread,UP,True,50,-680.0,249.52,-929.52,True,False
2022-11-23,Wednesday,Bear Put Spread,UP,False,50,95.0,254.2,-159.2,True,False
2022-11-23,Wednesday,Iron Condor,UP,False,50,1032.5,498.52,533.98,True,True
2022-11-24,Thursday,Bull Call Spread,DOWN,False,50,4937.5,249.43,4688.07,True,True
2022-11-24,Thursday,Bear Put Spread,DOWN,True,50,-810.0,246.81,-1056.81,True,False
2022-11-24,Thursday,Iron Condor,DOWN,False,50,45.0,489.44,-444.44,True,False
2022-11-25,Friday,Bull Call Spread,UP,True,50,-47.5,252.06,-299.56,True,False
2022-11-25,Friday,Bear Put Spread,UP,False,50,780.0,272.87,507.13,True,True
2022-11-25,Friday,Iron Condor,UP,False,50,-212.5,494.22,-706.72,True,False
2022-11-28,Monday,Bull Call Spread,FLAT,False,50,917.5,249.7,667.8,True,True
2022-11-28,Monday,Bear Put Spread,FLAT,False,50,-130.0,266.11,-396.11,True,False
2022-11-28,Monday,Iron Condor,FLAT,True,50,1290.0,504.32,785.68,True,True
2022-11-29,Tuesday,Bull Call Spread,UP,True,50,80.0,247.63,-167.63,True,False
2022-11-29,Tuesday,Bear Put Spread,UP,False,50,-625.0,269.92,-894.92,True,False
2022-11-29,Tuesday,Iron Condor,UP,False,50,400.0,495.51,-95.51,True,False
2022-11-30,Wednesday,Bull Call Spread,FLAT,False,50,1347.5,246.13,1101.37,True,True
2022-11-30,Wednesday,Bear Put Spread,FLAT,False,50,-2377.5,263.29,-2640.79,True,False
2022-11-30,Wednesday,Iron Condor,FLAT,True,50,1252.5,495.41,757.09,True,True
2022-12-01,Thursday,Bull Call Spread,UP,True,50,-292.5,245.29,-537.79,True,False
2022-12-01,Thursday,Bear Put Spread,UP,False,50,1835.0,261.14,1573.86,True,True
2022-12-01,Thursday,Iron Condor,UP,False,50,1677.5,494.42,1183.08,True,True
2022-12-02,Friday,Bull Call Spread,FLAT,False,50,-1040.0,254.28,-1294.28,True,False
2022-12-02,Friday,Bear Put Spread,FLAT,False,50,1517.5,276.23,1241.27,True,True
2022-12-02,Friday,Iron Condor,FLAT,True,50,-222.5,507.07,-729.57,True,False
2022-12-05,Monday,Bull Call Spread,DOWN,False,50,-155.0,254.34,-409.34,True,False
2022-12-05,Monday,Bear Put Spread,DOWN,True,50,692.5,264.46,428.04,True,True
2022-12-05,Monday,Iron Condor,DOWN,False,50,157.5,505.58,-348.08,True,False
2022-12-06,Tuesday,Bull Call Spread,FLAT,False,50,135.0,252.07,-117.07,True,False
2022-12-06,Tuesday,Bear Put Spread,FLAT,False,50,-1020.0,267.18,-1287.18,True,False
2022-12-06,Tuesday,Iron Condor,FLAT,True,50,42.5,498.43,-455.93,True,False
2022-12-07,Wednesday,Bull Call Spread,FLAT,False,50,-1360.0,251.86,-1611.86,True,False
2022-12-07,Wednesday,Bear Put Spread,FLAT,False,50,1515.0,256.54,1258.46,True,True
2022-12-07,Wednesday,Iron Condor,FLAT,True,50,382.5,495.69,-113.19,True,False
2022-12-08,Thursday,Bull Call Spread,FLAT,False,50,-517.5,245.9,-763.4,True,False
2022-12-08,Thursday,Bear Put Spread,FLAT,False,50,-782.5,261.5,-1044.0,True,False
2022-12-08,Thursday,Iron Condor,FLAT,True,50,3045.0,498.54,2546.46,True,True
2022-12-09,Friday,Bull Call Spread,FLAT,False,50,-2057.5,255.93,-2313.43,True,False
2022-12-09,Friday,Bear Put Spread,FLAT,False,50,2705.0,265.52,2439.48,True,True
2022-12-09,Friday,Iron Condor,FLAT,True,50,-530.0,525.1,-1055.1,True,False
2022-12-12,Monday,Bull Call Spread,DOWN,False,50,332.5,258.3,74.2,True,True
2022-12-12,Monday,Bear Put Spread,DOWN,True,50,-1452.5,263.26,-1715.76,True,False
2022-12-12,Monday,Iron Condor,DOWN,False,50,-327.5,505.17,-832.67,True,False
2022-12-13,Tuesday,Bull Call Spread,UP,True,50,887.5,250.16,637.34,True,True
2022-12-13,Tuesday,Bear Put Spread,UP,False,50,-1597.5,266.19,-1863.69,True,False
2022-12-13,Tuesday,Iron Condor,UP,False,50,760.0,497.7,262.3,True,True
2022-12-14,Wednesday,Bull Call Spread,UP,True,50,-142.5,246.94,-389.44,True,False
2022-12-14,Wednesday,Bear Put Spread,UP,False,50,70.0,270.11,-200.11,True,False
2022-12-14,Wednesday,Iron Condor,UP,False,50,160.0,495.78,-335.78,True,False
2022-12-15,Thursday,Bull Call Spread,FLAT,False,50,-1102.5,247.51,-1350.01,True,False
2022-12-15,Thursday,Bear Put Spread,FLAT,False,50,3990.0,256.65,3733.35,True,True
2022-12-15,Thursday,Iron Condor,FLAT,True,50,3297.5,499.49,2798.01,True,True
2022-12-16,Friday,Bull Call Spread,DOWN,False,50,-1487.5,264.86,-1752.36,True,False
2022-12-16,Friday,Bear Put Spread,DOWN,True,50,892.5,260.78,631.72,True,True
2022-12-16,Friday,Iron Condor,DOWN,False,50,582.5,499.26,83.24,True,True
2022-12-19,Monday,Bull Call Spread,FLAT,False,50,2562.5,256.71,2305.79,True,True
2022-12-19,Monday,Bear Put Spread,FLAT,False,50,-2777.5,264.75,-3042.25,True,False
2022-12-19,Monday,Iron Condor,FLAT,True,50,1675.0,505.83,1169.17,True,True
2022-12-20,Tuesday,Bull Call Spread,UP,True,50,-362.5,255.85,-618.35,True,False
2022-12-20,Tuesday,Bear Put Spread,UP,False,50,580.0,258.41,321.59,True,True
2022-12-20,Tuesday,Iron Condor,UP,False,50,675.0,499.24,175.76,True,True
2022-12-21,Wednesday,Bull Call Spread,FLAT,False,50,-1482.5,250.71,-1733.21,True,False
2022-12-21,Wednesday,Bear Put Spread,FLAT,False,50,3117.5,255.63,2861.87,True,True
2022-12-21,Wednesday,Iron Condor,FLAT,True,50,695.0,493.76,201.24,True,True
2022-12-22,Thursday,Bull Call Spread,DOWN,False,50,-1297.5,248.63,-1546.13,True,False
2022-12-22,Thursday,Bear Put Spread,DOWN,True,50,3690.0,258.27,3431.73,True,True
2022-12-22,Thursday,Iron Condor,DOWN,False,50,155.0,491.62,-336.62,True,False
2022-12-23,Friday,Bull Call Spread,DOWN,False,50,-2185.0,269.98,-2454.98,True,False
2022-12-23,Friday,Bear Put Spread,DOWN,True,50,2770.0,264.64,2505.36,True,True
2022-12-23,Friday,Iron Condor,DOWN,False,50,1862.5,515.45,1347.05,True,True
2022-12-26,Monday,Bull Call Spread,DOWN,False,50,1560.0,262.96,1297.04,True,True
2022-12-26,Monday,Bear Put Spread,DOWN,True,50,-1145.0,267.33,-1412.33,True,False
2022-12-26,Monday,Iron Condor,DOWN,False,50,-672.5,493.48,-1165.98,True,False
2022-12-27,Tuesday,Bull Call Spread,UP,True,50,627.5,257.47,370.03,True,True
2022-12-27,Tuesday,Bear Put Spread,UP,False,50,-762.5,261.08,-1023.58,True,False
2022-12-27,Tuesday,Iron Condor,UP,False,50,800.0,504.7,295.3,True,True
2022-12-28,Wednesday,Bull Call Spread,UP,True,50,-465.0,257.19,-722.19,True,False
2022-12-28,Wednesday,Bear Put Spread,UP,False,50,-260.0,254.41,-514.41,True,False
2022-12-28,Wednesday,Iron Condor,UP,False,50,540.0,499.49,40.51,True,True
2022-12-29,Thursday,Bull Call Spread,FLAT,False,50,2630.0,248.08,2381.92,True,True
2022-12-29,Thursday,Bear Put Spread,FLAT,False,50,-1912.5,252.89,-2165.39,True,False
2022-12-29,Thursday,Iron Condor,FLAT,True,50,1170.0,493.5,676.5,True,True
2022-12-30,Friday,Bull Call Spread,UP,True,50,-360.0,254.29,-614.29,True,False
2022-12-30,Friday,Bear Put Spread,UP,False,50,1292.5,272.61,1019.89,True,True
2022-12-30,Friday,Iron Condor,UP,False,50,1922.5,512.58,1409.92,True,True
2023-01-02,Monday,Bull Call Spread,DOWN,False,50,630.0,257.22,372.78,True,True
2023-01-02,Monday,Bear Put Spread,DOWN,True,50,-757.5,265.64,-1023.14,True,False
2023-01-02,Monday,Iron Condor,DOWN,False,50,-107.5,509.2,-616.7,True,False
2023-01-03,Tuesday,Bull Call Spread,UP,True,50,752.5,254.26,498.24,True,True
2023-01-03,Tuesday,Bear Put Spread,UP,False,50,-345.0,263.86,-608.86,True,False
2023-01-03,Tuesday,Iron Condor,UP,False,50,895.0,515.34,379.66,True,True
2023-01-04,Wednesday,Bull Call Spread,UP,True,50,-1742.5,250.73,-1993.23,True,False
2023-01-04,Wednesday,Bear Put Spread,UP,False,50,3892.5,259.19,3633.31,True,True
2023-01-04,Wednesday,Iron Condor,UP,False,50,1972.5,504.92,1467.58,True,True
2023-01-05,Thursday,Bull Call Spread,DOWN,False,50,-1190.0,247.97,-1437.97,True,False
2023-01-05,Thursday,Bear Put Spread,DOWN,True,50,3277.5,257.85,3019.65,True,True
2023-01-05,Thursday,Iron Condor,DOWN,False,50,3532.5,503.42,3029.08,True,True
2023-01-06,Friday,Bull Call Spread,DOWN,False,50,-1582.5,261.98,-1844.48,True,False
2023-01-06,Friday,Bear Put Spread,DOWN,True,50,1662.5,267.28,1395.22,True,True
2023-01-06,Friday,Iron Condor,DOWN,False,50,-235.0,531.62,-766.62,True,False
2023-01-09,Monday,Bull Call Spread,DOWN,False,50,1787.5,254.09,1533.41,True,True
2023-01-09,Monday,Bear Put Spread,DOWN,True,50,-3107.5,268.93,-3376.43,True,False
2023-01-09,Monday,Iron Condor,DOWN,False,50,592.5,510.56,81.94,True,True
2023-01-10,Tuesday,Bull Call Spread,UP,True,50,-1667.5,252.95,-1920.45,True,False
2023-01-10,Tuesday,Bear Put Spread,UP,False,50,1987.5,259.79,1727.71,True,True
2023-01-10,Tuesday,Iron Condor,UP,False,50,2010.0,512.07,1497.93,True,True
2023-01-11,Wednesday,Bull Call Spread,DOWN,False,50,-602.5,252.07,-854.57,True,False
2023-01-11,Wednesday,Bear Put Spread,DOWN,True,50,677.5,262.3,415.2,True,True
2023-01-11,Wednesday,Iron Condor,DOWN,False,50,657.5,500.43,157.07,True,True
2023-01-12,Thursday,Bull Call Spread,FLAT,False,50,-967.5,247.25,-1214.75,True,False
2023-01-12,Thursday,Bear Put Spread,FLAT,False,50,2985.0,262.19,2722.81,True,True
2023-01-12,Thursday,Iron Condor,FLAT,True,50,3140.0,499.67,2640.33,True,True
2023-01-13,Friday,Bull Call Spread,DOWN,False,50,1122.5,262.42,860.08,True,True
2023-01-13,Friday,Bear Put Spread,DOWN,True,50,-1435.0,276.42,-1711.42,True,False
2023-01-13,Friday,Iron Condor,DOWN,False,50,1197.5,537.04,660.46,True,True
2023-01-16,Monday,Bull Call Spread,UP,True,50,-857.5,257.71,-1115.21,True,False
2023-01-16,Monday,Bear Put Spread,UP,False,50,1657.5,261.89,1395.61,True,True
2023-01-16,Monday,Iron Condor,UP,False,50,-92.5,516.45,-608.95,True,False
2023-01-17,Tuesday,Bull Call Spread,DOWN,False,50,2470.0,259.52,2210.48,True,True
2023-01-17,Tuesday,Bear Put Spread,DOWN,True,50,-1462.5,257.27,-1719.77,True,False
2023-01-17,Tuesday,Iron Condor,DOWN,False,50,1117.5,503.67,613.83,True,True
2023-01-18,Wednesday,Bull Call Spread,UP,True,50,2012.5,251.66,1760.84,True,True
2023-01-18,Wednesday,Bear Put Spread,UP,False,50,-1805.0,257.15,-2062.15,True,False
2023-01-18,Wednesday,Iron Condor,UP,False,50,745.0,496.11,248.89,True,True
2023-01-19,Thursday,Bull Call Spread,UP,True,50,-1997.5,249.89,-2247.39,True,False
2023-01-19,Thursday,Bear Put Spread,UP,False,50,-505.0,252.27,-757.27,True,False
2023-01-19,Thursday,Iron Condor,UP,False,50,2440.0,496.51,1943.49,True,True
2023-01-20,Friday,Bull Call Spread,FLAT,False,50,-800.0,258.08,-1058.08,True,False
2023-01-20,Friday,Bear Put Spread,FLAT,False,50,842.5,265.65,576.85,True,True
2023-01-20,Friday,Iron Condor,FLAT,True,50,-82.5,524.49,-606.99,True,False
2023-01-23,Monday,Bull Call Spread,DOWN,False,50,1380.0,256.67,1123.33,True,True
2023-01-23,Monday,Bear Put Spread,DOWN,True,50,847.5,254.98,592.52,True,True
2023-01-23,Monday,Iron Condor,DOWN,False,50,-840.0,499.78,-1339.78,True,False
2023-01-24,Tuesday,Bull Call Spread,FLAT,False,50,-1125.0,250.67,-1375.67,True,False
2023-01-24,Tuesday,Bear Put Spread,FLAT,False,50,1385.0,253.85,1131.15,True,True
2023-01-24,Tuesday,Iron Condor,FLAT,True,50,1477.5,506.28,971.22,True,True
2023-01-25,Wednesday,Bull Call Spread,DOWN,False,50,-1952.5,249.95,-2202.45,True,False
2023-01-25,Wednesday,Bear Put Spread,DOWN,True,50,5797.5,248.82,5548.68,True,True
2023-01-25,Wednesday,Iron Condor,DOWN,False,50,6697.5,519.65,6177.85,True,True
2023-01-27,Friday,Bull Call Spread,DOWN,False,50,-1477.5,265.25,-1742.75,True,False
2023-01-27,Friday,Bear Put Spread,DOWN,True,50,2595.0,280.07,2314.93,True,True
2023-01-27,Friday,Iron Condor,DOWN,False,50,-430.0,490.63,-920.63,True,False
2023-01-30,Monday,Bull Call Spread,DOWN,False,50,-2327.5,268.48,-2595.98,True,False
2023-01-30,Monday,Bear Put Spread,DOWN,True,50,570.0,281.58,288.42,True,True
2023-01-30,Monday,Iron Condor,DOWN,False,50,22.5,501.83,-479.33,True,False
2023-01-31,Tuesday,Bull Call Spread,UP,True,50,-592.5,265.54,-858.04,True,False
2023-01-31,Tuesday,Bear Put Spread,UP,False,50,570.0,280.08,289.92,True,True
2023-01-31,Tuesday,Iron Condor,UP,False,50,532.5,501.81,30.69,True,True
2023-02-01,Wednesday,Bull Call Spread,FLAT,False,50,-1522.5,262.19,-1784.69,True,False
2023-02-01,Wednesday,Bear Put Spread,FLAT,False,50,3472.5,274.03,3198.47,True,True
2023-02-01,Wednesday,Iron Condor,FLAT,True,50,1152.5,502.12,650.38,True,True
2023-02-02,Thursday,Bull Call Spread,DOWN,False,50,-492.5,251.91,-744.41,True,False
2023-02-02,Thursday,Bear Put Spread,DOWN,True,50,-2772.5,260.2,-3032.7,True,False
2023-02-02,Thursday,Iron Condor,DOWN,False,50,2770.0,505.24,2264.76,True,True
2023-02-03,Friday,Bull Call Spread,UP,True,50,1250.0,265.86,984.14,True,True
2023-02-03,Friday,Bear Put Spread,UP,False,50,-2695.0,280.99,-2975.99,True,False
2023-02-03,Friday,Iron Condor,UP,False,50,957.5,516.39,441.11,True,True
2023-02-06,Monday,Bull Call Spread,UP,True,50,-1192.5,259.41,-1451.91,True,False
2023-02-06,Monday,Bear Put Spread,UP,False,50,337.5,264.78,72.72,True,True
2023-02-06,Monday,Iron Condor,UP,False,50,107.5,495.59,-388.09,True,False
2023-02-07,Tuesday,Bull Call Spread,FLAT,False,50,-637.5,253.9,-891.4,True,False
2023-02-07,Tuesday,Bear Put Spread,FLAT,False,50,-257.5,268.78,-526.28,True,False
2023-02-07,Tuesday,Iron Condor,FLAT,True,50,367.5,492.61,-125.11,True,False
2023-02-08,Wednesday,Bull Call Spread,DOWN,False,50,2350.0,253.44,2096.56,True,True
2023-02-08,Wednesday,Bear Put Spread,DOWN,True,50,-2182.5,260.25,-2442.75,True,False
2023-02-08,Wednesday,Iron Condor,DOWN,False,50,2020.0,506.42,1513.58,True,True
2023-02-09,Thursday,Bull Call Spread,UP,True,50,-1467.5,249.08,-1716.58,True,False
2023-02-09,Thursday,Bear Put Spread,UP,False,50,-2172.5,254.46,-2426.96,True,False
2023-02-09,Thursday,Iron Condor,UP,False,50,2810.0,496.93,2313.07,True,True
2023-02-10,Friday,Bull Call Spread,UP,True,50,-935.0,267.74,-1202.74,True,False
2023-02-10,Friday,Bear Put Spread,UP,False,50,295.0,259.37,35.63,True,True
2023-02-10,Friday,Iron Condor,UP,False,50,395.0,510.47,-115.47,True,False
2023-02-13,Monday,Bull Call Spread,FLAT,False,50,-520.0,247.96,-767.96,True,False
2023-02-13,Monday,Bear Put Spread,FLAT,False,50,810.0,281.51,528.49,True,True
2023-02-13,Monday,Iron Condor,FLAT,True,50,82.5,503.99,-421.49,True,False
2023-02-14,Tuesday,Bull Call Spread,DOWN,False,50,2267.5,252.7,2014.8,True,True
2023-02-14,Tuesday,Bear Put Spread,DOWN,True,50,-537.5,258.08,-795.58,True,False
2023-02-14,Tuesday,Iron Condor,DOWN,False,50,1570.0,501.51,1068.49,True,True
2023-02-15,Wednesday,Bull Call Spread,UP,True,50,2177.5,255.27,1922.23,True,True
2023-02-15,Wednesday,Bear Put Spread,UP,False,50,-1580.0,253.75,-1833.75,True,False
2023-02-15,Wednesday,Iron Condor,UP,False,50,1092.5,493.64,598.86,True,True
2023-02-16,Thursday,Bull Call Spread,UP,True,50,-1017.5,247.2,-1264.7,True,False
2023-02-16,Thursday,Bear Put Spread,UP,False,50,760.0,249.83,510.17,True,True
2023-02-16,Thursday,Iron Condor,UP,False,50,1850.0,494.4,1355.6,True,True
2023-02-17,Friday,Bull Call Spread,FLAT,False,50,-452.5,261.47,-713.97,True,False
2023-02-17,Friday,Bear Put Spread,FLAT,False,50,1190.0,260.73,929.27,True,True
2023-02-17,Friday,Iron Condor,FLAT,True,50,-737.5,522.2,-1259.7,True,False
2023-02-20,Monday,Bull Call Spread,FLAT,False,50,-1295.0,259.33,-1554.33,True,False
2023-02-20,Monday,Bear Put Spread,FLAT,False,50,1350.0,258.67,1091.33,True,True
2023-02-20,Monday,Iron Condor,FLAT,True,50,1037.5,501.18,536.32,True,True
2023-02-21,Tuesday,Bull Call Spread,DOWN,False,50,-825.0,255.72,-1080.72,True,False
2023-02-21,Tuesday,Bear Put Spread,DOWN,True,50,715.0,258.16,456.84,True,True
2023-02-21,Tuesday,Iron Condor,DOWN,False,50,440.0,495.18,-55.18,True,False
2023-02-22,Wednesday,Bull Call Spread,FLAT,False,50,-1300.0,253.9,-1553.9,True,False
2023-02-22,Wednesday,Bear Put Spread,FLAT,False,50,4002.5,252.96,3749.54,True,True
2023-02-22,Wednesday,Iron Condor,FLAT,True,50,-302.5,491.8,-794.3,True,False
2023-02-23,Thursday,Bull Call Spread,DOWN,False,50,-1825.0,249.65,-2074.65,True,False
2023-02-23,Thursday,Bear Put Spread,DOWN,True,50,1017.5,253.87,763.63,True,True
2023-02-23,Thursday,Iron Condor,DOWN,False,50,687.5,492.53,194.97,True,True
2023-02-24,Friday,Bull Call Spread,DOWN,False,50,-762.5,257.91,-1020.41,True,False
2023-02-24,Friday,Bear Put Spread,DOWN,True,50,572.5,272.64,299.86,True,True
2023-02-24,Friday,Iron Condor,DOWN,False,50,707.5,507.13,200.37,True,True
2023-02-27,Monday,Bull Call Spread,DOWN,False,50,-450.0,257.56,-707.56,True,False
2023-02-27,Monday,Bear Put Spread,DOWN,True,50,782.5,262.08,520.42,True,True
2023-02-27,Monday,Iron Condor,DOWN,False,50,55.0,490.56,-435.56,True,False
2023-02-28,Tuesday,Bull Call Spread,FLAT,False,50,-1117.5,251.6,-1369.1,True,False
2023-02-28,Tuesday,Bear Put Spread,FLAT,False,50,1600.0,265.74,1334.26,True,True
2023-02-28,Tuesday,Iron Condor,FLAT,True,50,1857.5,504.52,1352.98,True,True
2023-03-01,Wednesday,Bull Call Spread,DOWN,False,50,1132.5,248.36,884.14,True,True
2023-03-01,Wednesday,Bear Put Spread,DOWN,True,50,-2540.0,262.65,-2802.65,True,False
2023-03-01,Wednesday,Iron Condor,DOWN,False,50,1785.0,506.58,1278.42,True,True
2023-03-02,Thursday,Bull Call Spread,UP,True,50,-692.5,246.31,-938.81,True,False
2023-03-02,Thursday,Bear Put Spread,UP,False,50,4667.5,253.5,4414.0,True,True
2023-03-02,Thursday,Iron Condor,UP,False,50,4480.0,502.82,3977.18,True,True
2023-03-03,Friday,Bull Call Spread,DOWN,False,50,2862.5,252.42,2610.08,True,True
2023-03-03,Friday,Bear Put Spread,DOWN,True,50,-2400.0,264.03,-2664.03,True,False
2023-03-03,Friday,Iron Condor,DOWN,False,50,2365.0,508.96,1856.04,True,True
2023-03-06,Monday,Bull Call Spread,UP,True,50,-457.5,250.64,-708.14,True,False
2023-03-06,Monday,Bear Put Spread,UP,False,50,-325.0,262.44,-587.44,True,False
2023-03-06,Monday,Iron Condor,UP,False,50,37.5,495.22,-457.72,True,False
2023-03-08,Wednesday,Bull Call Spread,UP,True,50,1697.5,250.09,1447.41,True,True
2023-03-08,Wednesday,Bear Put Spread,UP,False,50,-2207.5,256.07,-2463.57,True,False
2023-03-08,Wednesday,Iron Condor,UP,False,50,1235.0,496.65,738.35,True,True
2023-03-09,Thursday,Bull Call Spread,UP,True,50,-987.5,246.99,-1234.49,True,False
2023-03-09,Thursday,Bear Put Spread,UP,False,50,5365.0,252.41,5112.59,True,True
2023-03-09,Thursday,Iron Condor,UP,False,50,4872.5,511.18,4361.32,True,True
2023-03-10,Friday,Bull Call Spread,DOWN,False,50,-1780.0,262.75,-2042.75,True,False
2023-03-10,Friday,Bear Put Spread,DOWN,True,50,967.5,263.08,704.42,True,True
2023-03-10,Friday,Iron Condor,DOWN,False,50,-870.0,504.07,-1374.07,True,False
2023-03-13,Monday,Bull Call Spread,FLAT,False,50,-1385.0,257.11,-1642.11,True,False
2023-03-13,Monday,Bear Put Spread,FLAT,False,50,2142.5,262.57,1879.93,True,True
2023-03-13,Monday,Iron Condor,FLAT,True,50,-310.0,498.91,-808.91,True,False
2023-03-14,Tuesday,Bull Call Spread,DOWN,False,50,-1087.5,259.06,-1346.56,True,False
2023-03-14,Tuesday,Bear Put Spread,DOWN,True,50,1095.0,263.97,831.03,True,True
2023-03-14,Tuesday,Iron Condor,DOWN,False,50,-395.0,500.05,-895.05,True,False
2023-03-15,Wednesday,Bull Call Spread,DOWN,False,50,-1745.0,254.26,-1999.26,True,False
2023-03-15,Wednesday,Bear Put Spread,DOWN,True,50,3277.5,262.19,3015.31,True,True
2023-03-15,Wednesday,Iron Condor,DOWN,False,50,1390.0,500.17,889.83,True,True
2023-03-16,Thursday,Bull Call Spread,DOWN,False,50,-2020.0,251.29,-2271.29,True,False
2023-03-16,Thursday,Bear Put Spread,DOWN,True,50,-1912.5,255.41,-2167.91,True,False
2023-03-16,Thursday,Iron Condor,DOWN,False,50,3932.5,506.7,3425.8,True,True
2023-03-17,Friday,Bull Call Spread,FLAT,False,50,-1245.0,268.14,-1513.14,True,False
2023-03-17,Friday,Bear Put Spread,FLAT,False,50,-570.0,271.9,-841.9,True,False
2023-03-17,Friday,Iron Condor,FLAT,True,50,-112.5,506.34,-618.84,True,False
2023-03-20,Monday,Bull Call Spread,FLAT,False,50,-1047.5,264.37,-1311.87,True,False
2023-03-20,Monday,Bear Put Spread,FLAT,False,50,1360.0,260.97,1099.03,True,True
2023-03-20,Monday,Iron Condor,FLAT,True,50,87.5,507.59,-420.09,True,False
2023-03-21,Tuesday,Bull Call Spread,DOWN,False,50,592.5,258.17,334.33,True,True
2023-03-21,Tuesday,Bear Put Spread,DOWN,True,50,207.5,265.53,-58.03,True,False
2023-03-21,Tuesday,Iron Condor,DOWN,False,50,-390.0,502.51,-892.51,True,False
2023-03-22,Wednesday,Bull Call Spread,UP,True,50,-1445.0,255.65,-1700.65,True,False
2023-03-22,Wednesday,Bear Put Spread,UP,False,50,227.5,259.98,-32.48,True,False
2023-03-22,Wednesday,Iron Condor,UP,False,50,625.0,494.68,130.32,True,True
2023-03-23,Thursday,Bull Call Spread,FLAT,False,50,-2277.5,253.12,-2530.62,True,False
2023-03-23,Thursday,Bear Put Spread,FLAT,False,50,-1207.5,252.17,-1459.67,True,False
2023-03-23,Thursday,Iron Condor,FLAT,True,50,4225.0,503.88,3721.12,True,True
2023-03-24,Friday,Bull Call Spread,FLAT,False,50,-1402.5,261.79,-1664.29,True,False
2023-03-24,Friday,Bear Put Spread,FLAT,False,50,1365.0,264.54,1100.46,True,True
2023-03-24,Friday,Iron Condor,FLAT,True,50,-1147.5,503.84,-1651.34,True,False
2023-03-27,Monday,Bull Call Spread,DOWN,False,50,345.0,260.18,84.82,True,True
2023-03-27,Monday,Bear Put Spread,DOWN,True,50,-897.5,262.17,-1159.67,True,False
2023-03-27,Monday,Iron Condor,DOWN,False,50,895.0,506.89,388.11,True,True
2023-03-28,Tuesday,Bull Call Spread,FLAT,False,50,-2182.5,255.97,-2438.47,True,False
2023-03-28,Tuesday,Bear Put Spread,FLAT,False,50,2597.5,255.19,2342.31,True,True
2023-03-28,Tuesday,Iron Condor,FLAT,True,50,857.5,513.08,344.42,True,True
2023-03-29,Wednesday,Bull Call Spread,DOWN,False,50,1042.5,249.7,792.8,True,True
2023-03-29,Wednesday,Bear Put Spread,DOWN,True,50,-2635.0,252.4,-2887.4,True,False
2023-03-29,Wednesday,Iron Condor,DOWN,False,50,2947.5,498.02,2449.48,True,True
2023-03-31,Friday,Bull Call Spread,UP,True,50,2412.5,257.04,2155.46,True,True
2023-03-31,Friday,Bear Put Spread,UP,False,50,-1620.0,265.62,-1885.62,True,False
2023-03-31,Friday,Iron Condor,UP,False,50,525.0,496.83,28.17,True,True
2023-04-03,Monday,Bull Call Spread,UP,True,50,-207.5,252.9,-460.4,True,False
2023-04-03,Monday,Bear Put Spread,UP,False,50,-635.0,262.74,-897.74,True,False
2023-04-03,Monday,Iron Condor,UP,False,50,370.0,492.53,-122.53,True,False
2023-04-05,Wednesday,Bull Call Spread,FLAT,False,50,2337.5,247.4,2090.1,True,True
2023-04-05,Wednesday,Bear Put Spread,FLAT,False,50,-3230.0,263.85,-3493.85,True,False
2023-04-05,Wednesday,Iron Condor,FLAT,True,50,3087.5,508.62,2578.88,True,True
2023-04-06,Thursday,Bull Call Spread,UP,True,50,-820.0,246.84,-1066.84,True,False
2023-04-06,Thursday,Bear Put Spread,UP,False,50,-2750.0,254.52,-3004.52,True,False
2023-04-06,Thursday,Iron Condor,UP,False,50,2102.5,494.99,1607.51,True,True
2023-04-10,Monday,Bull Call Spread,UP,True,50,-332.5,255.16,-587.66,True,False
2023-04-10,Monday,Bear Put Spread,UP,False,50,-1177.5,262.62,-1440.12,True,False
2023-04-10,Monday,Iron Condor,UP,False,50,745.0,501.23,243.77,True,True
2023-04-11,Tuesday,Bull Call Spread,FLAT,False,50,562.5,248.58,313.92,True,True
2023-04-11,Tuesday,Bear Put Spread,FLAT,False,50,-1062.5,259.07,-1321.57,True,False
2023-04-11,Tuesday,Iron Condor,FLAT,True,50,1347.5,499.89,847.61,True,True
2023-04-12,Wednesday,Bull Call Spread,UP,True,50,735.0,248.16,486.84,True,True
2023-04-12,Wednesday,Bear Put Spread,UP,False,50,-1097.5,254.79,-1352.29,True,False
2023-04-12,Wednesday,Iron Condor,UP,False,50,765.0,493.68,271.32,True,True
2023-04-13,Thursday,Bull Call Spread,UP,True,50,-1207.5,247.46,-1454.96,True,False
2023-04-13,Thursday,Bear Put Spread,UP,False,50,-1787.5,253.51,-2041.01,True,False
2023-04-13,Thursday,Iron Condor,UP,False,50,2735.0,496.73,2238.27,True,True
2023-04-17,Monday,Bull Call Spread,FLAT,False,50,-1497.5,260.17,-1757.67,True,False
2023-04-17,Monday,Bear Put Spread,FLAT,False,50,1622.5,255.52,1366.98,True,True
2023-04-17,Monday,Iron Condor,FLAT,True,50,192.5,498.73,-306.23,True,False
2023-04-18,Tuesday,Bull Call Spread,DOWN,False,50,-950.0,249.85,-1199.85,True,False
2023-04-18,Tuesday,Bear Put Spread,DOWN,True,50,1895.0,260.34,1634.66,True,True
2023-04-18,Tuesday,Iron Condor,DOWN,False,50,1132.5,504.1,628.4,True,True
2023-04-19,Wednesday,Bull Call Spread,DOWN,False,50,-1100.0,249.43,-1349.43,True,False
2023-04-19,Wednesday,Bear Put Spread,DOWN,True,50,1257.5,253.69,1003.81,True,True
2023-04-19,Wednesday,Iron Condor,DOWN,False,50,902.5,494.76,407.74,True,True
2023-04-20,Thursday,Bull Call Spread,DOWN,False,50,-517.5,245.83,-763.33,True,False
2023-04-20,Thursday,Bear Put Spread,DOWN,True,50,747.5,253.21,494.29,True,True
2023-04-20,Thursday,Iron Condor,DOWN,False,50,2117.5,494.61,1622.89,True,True
2023-04-21,Friday,Bull Call Spread,FLAT,False,50,-697.5,259.76,-957.26,True,False
2023-04-21,Friday,Bear Put Spread,FLAT,False,50,-30.0,259.19,-289.19,True,False
2023-04-21,Friday,Iron Condor,FLAT,True,50,335.0,499.77,-164.77,True,False
2023-04-24,Monday,Bull Call Spread,FLAT,False,50,425.0,256.09,168.91,True,True
2023-04-24,Monday,Bear Put Spread,FLAT,False,50,80.0,255.07,-175.07,True,False
2023-04-24,Monday,Iron Condor,FLAT,True,50,-505.0,511.16,-1016.16,True,False
2023-04-25,Tuesday,Bull Call Spread,UP,True,50,112.5,249.82,-137.32,True,False
2023-04-25,Tuesday,Bear Put Spread,UP,False,50,-385.0,255.93,-640.93,True,False
2023-04-25,Tuesday,Iron Condor,UP,False,50,285.0,493.89,-208.89,True,False
2023-04-26,Wednesday,Bull Call Spread,FLAT,False,50,1040.0,251.74,788.26,True,True
2023-04-26,Wednesday,Bear Put Spread,FLAT,False,50,-1070.0,250.0,-1320.0,True,False
2023-04-26,Wednesday,Iron Condor,FLAT,True,50,1182.5,493.63,688.87,True,True
2023-04-27,Thursday,Bull Call Spread,UP,True,50,3212.5,249.79,2962.71,True,True
2023-04-27,Thursday,Bear Put Spread,UP,False,50,-1150.0,247.84,-1397.84,True,False
2023-04-27,Thursday,Iron Condor,UP,False,50,1240.0,492.58,747.42,True,True
2023-04-28,Friday,Bull Call Spread,UP,True,50,1137.5,250.74,886.76,True,True
2023-04-28,Friday,Bear Put Spread,UP,False,50,-1360.0,264.3,-1624.3,True,False
2023-04-28,Friday,Iron Condor,UP,False,50,-180.0,514.78,-694.78,True,False
2023-05-02,Tuesday,Bull Call Spread,UP,True,50,657.5,247.59,409.91,True,True
2023-05-02,Tuesday,Bear Put Spread,UP,False,50,-2205.0,265.71,-2470.71,True,False
2023-05-02,Tuesday,Iron Condor,UP,False,50,-630.0,493.54,-1123.54,True,False
2023-05-03,Wednesday,Bull Call Spread,FLAT,False,50,-1020.0,250.69,-1270.69,True,False
2023-05-03,Wednesday,Bear Put Spread,FLAT,False,50,905.0,252.58,652.42,True,True
2023-05-03,Wednesday,Iron Condor,FLAT,True,50,142.5,493.6,-351.1,True,False
2023-05-04,Thursday,Bull Call Spread,FLAT,False,50,5707.5,248.68,5458.82,True,True
2023-05-04,Thursday,Bear Put Spread,FLAT,False,50,-2302.5,251.51,-2554.01,True,False
2023-05-04,Thursday,Iron Condor,FLAT,True,50,5422.5,508.17,4914.33,True,True
2023-05-05,Friday,Bull Call Spread,UP,True,50,-805.0,255.89,-1060.89,True,False
2023-05-05,Friday,Bear Put Spread,UP,False,50,2010.0,257.73,1752.27,True,True
2023-05-05,Friday,Iron Condor,UP,False,50,-1205.0,513.62,-1718.62,True,False
2023-05-08,Monday,Bull Call Spread,DOWN,False,50,2222.5,255.08,1967.42,True,True
2023-05-08,Monday,Bear Put Spread,DOWN,True,50,-1262.5,258.41,-1520.91,True,False
2023-05-08,Monday,Iron Condor,DOWN,False,50,1302.5,511.14,791.36,True,True
2023-05-09,Tuesday,Bull Call Spread,UP,True,50,-627.5,250.07,-877.57,True,False
2023-05-09,Tuesday,Bear Put Spread,UP,False,50,-35.0,259.75,-294.75,True,False
2023-05-09,Tuesday,Iron Condor,UP,False,50,302.5,502.32,-199.82,True,False
2023-05-10,Wednesday,Bull Call Spread,FLAT,False,50,155.0,251.63,-96.63,True,False
2023-05-10,Wednesday,Bear Put Spread,FLAT,False,50,-40.0,251.95,-291.95,True,False
2023-05-10,Wednesday,Iron Condor,FLAT,True,50,577.5,493.43,84.07,True,True
2023-05-11,Thursday,Bull Call Spread,FLAT,False,50,-875.0,246.57,-1121.57,True,False
2023-05-11,Thursday,Bear Put Spread,FLAT,False,50,2495.0,252.86,2242.14,True,True
2023-05-11,Thursday,Iron Condor,FLAT,True,50,2947.5,498.44,2449.06,True,True
2023-05-12,Friday,Bull Call Spread,FLAT,False,50,-350.0,259.75,-609.75,True,False
2023-05-12,Friday,Bear Put Spread,FLAT,False,50,-162.5,259.83,-422.33,True,False
2023-05-12,Friday,Iron Condor,FLAT,True,50,-90.0,514.49,-604.49,True,False
2023-05-15,Monday,Bull Call Spread,FLAT,False,50,1247.5,258.65,988.85,True,True
2023-05-15,Monday,Bear Put Spread,FLAT,False,50,-1285.0,257.97,-1542.97,True,False
2023-05-15,Monday,Iron Condor,FLAT,True,50,907.5,505.1,402.4,True,True
2023-05-16,Tuesday,Bull Call Spread,UP,True,50,-1677.5,251.55,-1929.05,True,False
2023-05-16,Tuesday,Bear Put Spread,UP,False,50,1940.0,260.18,1679.82,True,True
2023-05-16,Tuesday,Iron Condor,UP,False,50,1297.5,505.98,791.52,True,True
2023-05-17,Wednesday,Bull Call Spread,DOWN,False,50,-2107.5,252.8,-2360.3,True,False
2023-05-17,Wednesday,Bear Put Spread,DOWN,True,50,2390.0,252.96,2137.04,True,True
2023-05-17,Wednesday,Iron Condor,DOWN,False,50,1767.5,494.66,1272.84,True,True
2023-05-18,Thursday,Bull Call Spread,DOWN,False,50,-1247.5,247.6,-1495.1,True,False
2023-05-18,Thursday,Bear Put Spread,DOWN,True,50,5880.0,249.95,5630.05,True,True
2023-05-18,Thursday,Iron Condor,DOWN,False,50,1382.5,492.59,889.91,True,True
2023-05-19,Friday,Bull Call Spread,DOWN,False,50,705.0,258.03,446.97,True,True
2023-05-19,Friday,Bear Put Spread,DOWN,True,50,690.0,258.81,431.19,True,True
2023-05-19,Friday,Iron Condor,DOWN,False,50,-1395.0,516.84,-1911.84,True,False
2023-05-22,Monday,Bull Call Spread,FLAT,False,50,1840.0,257.69,1582.31,True,True
2023-05-22,Monday,Bear Put Spread,FLAT,False,50,-1530.0,255.85,-1785.85,True,False
2023-05-22,Monday,Iron Condor,FLAT,True,50,1265.0,501.33,763.67,True,True
2023-05-23,Tuesday,Bull Call Spread,UP,True,50,685.0,252.33,432.67,True,True
2023-05-23,Tuesday,Bear Put Spread,UP,False,50,665.0,253.46,411.54,True,True
2023-05-23,Tuesday,Iron Condor,UP,False,50,697.5,502.03,195.47,True,True
2023-05-24,Wednesday,Bull Call Spread,FLAT,False,50,-877.5,252.92,-1130.42,True,False
2023-05-24,Wednesday,Bear Put Spread,FLAT,False,50,585.0,250.07,334.93,True,True
2023-05-24,Wednesday,Iron Condor,FLAT,True,50,915.0,494.86,420.14,True,True
2023-05-25,Thursday,Bull Call Spread,FLAT,False,50,932.5,251.11,681.39,True,True
2023-05-25,Thursday,Bear Put Spread,FLAT,False,50,-1337.5,248.05,-1585.55,True,False
2023-05-25,Thursday,Iron Condor,FLAT,True,50,2302.5,496.66,1805.84,True,True
2023-05-26,Friday,Bull Call Spread,UP,True,50,2120.0,253.51,1866.49,True,True
2023-05-26,Friday,Bear Put Spread,UP,False,50,-1402.5,268.42,-1670.92,True,False
2023-05-26,Friday,Iron Condor,UP,False,50,1505.0,500.9,1004.1,True,True
2023-05-29,Monday,Bull Call Spread,UP,True,50,10.0,249.12,-239.12,True,False
2023-05-29,Monday,Bear Put Spread,UP,False,50,-480.0,266.19,-746.19,True,False
2023-05-29,Monday,Iron Condor,UP,False,50,315.0,493.0,-178.0,True,False
2023-05-30,Tuesday,Bull Call Spread,FLAT,False,50,145.0,251.82,-106.82,True,False
2023-05-30,Tuesday,Bear Put Spread,FLAT,False,50,-887.5,259.3,-1146.8,True,False
2023-05-30,Tuesday,Iron Condor,FLAT,True,50,337.5,492.53,-155.03,True,False
2023-05-31,Wednesday,Bull Call Spread,UP,True,50,-1332.5,248.55,-1581.05,True,False
2023-05-31,Wednesday,Bear Put Spread,UP,False,50,3047.5,257.52,2789.98,True,True
2023-05-31,Wednesday,Iron Condor,UP,False,50,1130.0,500.59,629.41,True,True
2023-06-01,Thursday,Bull Call Spread,DOWN,False,50,-1087.5,247.3,-1334.8,True,False
2023-06-01,Thursday,Bear Put Spread,DOWN,True,50,1910.0,252.86,1657.14,True,True
2023-06-01,Thursday,Iron Condor,DOWN,False,50,3220.0,498.64,2721.36,True,True
2023-06-02,Friday,Bull Call Spread,DOWN,False,50,-367.5,257.68,-625.18,True,False
2023-06-02,Friday,Bear Put Spread,DOWN,True,50,302.5,261.08,41.42,True,True
2023-06-02,Friday,Iron Condor,DOWN,False,50,-432.5,500.4,-932.9,True,False
2023-06-05,Monday,Bull Call Spread,FLAT,False,50,-662.5,251.19,-913.69,True,False
2023-06-05,Monday,Bear Put Spread,FLAT,False,50,-127.5,263.64,-391.14,True,False
2023-06-05,Monday,Iron Condor,FLAT,True,50,262.5,494.32,-231.82,True,False
2023-06-06,Tuesday,Bull Call Spread,FLAT,False,50,-870.0,249.62,-1119.62,True,False
2023-06-06,Tuesday,Bear Put Spread,FLAT,False,50,-97.5,261.91,-359.41,True,False
2023-06-06,Tuesday,Iron Condor,FLAT,True,50,1100.0,504.89,595.11,True,True
2023-06-07,Wednesday,Bull Call Spread,FLAT,False,50,-7.5,250.76,-258.26,True,False
2023-06-07,Wednesday,Bear Put Spread,FLAT,False,50,462.5,251.63,210.87,True,True
2023-06-07,Wednesday,Iron Condor,FLAT,True,50,702.5,492.5,210.0,True,True
2023-06-08,Thursday,Bull Call Spread,UP,True,50,-792.5,246.42,-1038.92,True,False
2023-06-08,Thursday,Bear Put Spread,UP,False,50,5330.0,251.86,5078.14,True,True
2023-06-08,Thursday,Iron Condor,UP,False,50,3467.5,501.2,2966.3,True,True
2023-06-09,Friday,Bull Call Spread,DOWN,False,50,-1247.5,256.93,-1504.43,True,False
2023-06-09,Friday,Bear Put Spread,DOWN,True,50,1567.5,259.76,1307.74,True,True
2023-06-09,Friday,Iron Condor,DOWN,False,50,-320.0,516.69,-836.69,True,False
2023-06-12,Monday,Bull Call Spread,DOWN,False,50,247.5,253.95,-6.45,True,False
2023-06-12,Monday,Bear Put Spread,DOWN,True,50,-735.0,259.63,-994.63,True,False
2023-06-12,Monday,Iron Condor,DOWN,False,50,265.0,505.83,-240.83,True,False
2023-06-13,Tuesday,Bull Call Spread,FLAT,False,50,730.0,247.93,482.07,True,True
2023-06-13,Tuesday,Bear Put Spread,FLAT,False,50,-1115.0,261.59,-1376.59,True,False
2023-06-13,Tuesday,Iron Condor,FLAT,True,50,1320.0,501.77,818.23,True,True
2023-06-14,Wednesday,Bull Call Spread,FLAT,False,50,17.5,250.77,-233.27,True,False
2023-06-14,Wednesday,Bear Put Spread,FLAT,False,50,-90.0,251.32,-341.32,True,False
2023-06-14,Wednesday,Iron Condor,FLAT,True,50,242.5,493.85,-251.35,True,False
2023-06-15,Thursday,Bull Call Spread,UP,True,50,-1240.0,247.36,-1487.36,True,False
2023-06-15,Thursday,Bear Put Spread,UP,False,50,3955.0,249.98,3705.02,True,True
2023-06-15,Thursday,Iron Condor,UP,False,50,3402.5,499.23,2903.27,True,True
2023-06-16,Friday,Bull Call Spread,DOWN,False,50,1837.5,256.09,1581.41,True,True
2023-06-16,Friday,Bear Put Spread,DOWN,True,50,-770.0,257.88,-1027.88,True,False
2023-06-16,Friday,Iron Condor,DOWN,False,50,-900.0,507.13,-1407.13,True,False
2023-06-19,Monday,Bull Call Spread,UP,True,50,-2317.5,254.86,-2572.36,True,False
2023-06-19,Monday,Bear Put Spread,UP,False,50,2707.5,255.32,2452.18,True,True
2023-06-19,Monday,Iron Condor,UP,False,50,780.0,497.56,282.44,True,True
2023-06-20,Tuesday,Bull Call Spread,DOWN,False,50,440.0,252.77,187.23,True,True
2023-06-20,Tuesday,Bear Put Spread,DOWN,True,50,-527.5,254.18,-781.68,True,False
2023-06-20,Tuesday,Iron Condor,DOWN,False,50,785.0,495.07,289.93,True,True
2023-06-21,Wednesday,Bull Call Spread,FLAT,False,50,72.5,250.24,-177.74,True,False
2023-06-21,Wednesday,Bear Put Spread,FLAT,False,50,-500.0,251.06,-751.06,True,False
2023-06-21,Wednesday,Iron Condor,FLAT,True,50,885.0,494.88,390.12,True,True
2023-06-22,Thursday,Bull Call Spread,FLAT,False,50,-1995.0,249.67,-2244.67,True,False
2023-06-22,Thursday,Bear Put Spread,FLAT,False,50,2227.5,248.96,1978.54,True,True
2023-06-22,Thursday,Iron Condor,FLAT,True,50,275.0,490.08,-215.08,True,False
2023-06-23,Friday,Bull Call Spread,FLAT,False,50,-1175.0,259.4,-1434.4,True,False
2023-06-23,Friday,Bear Put Spread,FLAT,False,50,1965.0,257.85,1707.15,True,True
2023-06-23,Friday,Iron Condor,FLAT,True,50,1202.5,504.5,698.0,True,True
2023-06-26,Monday,Bull Call Spread,DOWN,False,50,-317.5,256.4,-573.9,True,False
2023-06-26,Monday,Bear Put Spread,DOWN,True,50,-432.5,255.52,-688.02,True,False
2023-06-26,Monday,Iron Condor,DOWN,False,50,720.0,505.55,214.45,True,True
2023-06-27,Tuesday,Bull Call Spread,FLAT,False,50,327.5,253.44,74.06,True,True
2023-06-27,Tuesday,Bear Put Spread,FLAT,False,50,-790.0,252.26,-1042.26,True,False
2023-06-27,Tuesday,Iron Condor,FLAT,True,50,460.0,495.48,-35.48,True,False
2023-06-28,Wednesday,Bull Call Spread,UP,True,50,3065.0,250.42,2814.58,True,True
2023-06-28,Wednesday,Bear Put Spread,UP,False,50,-1345.0,248.93,-1593.93,True,False
2023-06-28,Wednesday,Iron Condor,UP,False,50,2355.0,496.16,1858.84,True,True
2023-06-30,Friday,Bull Call Spread,UP,True,50,1972.5,253.14,1719.36,True,True
2023-06-30,Friday,Bear Put Spread,UP,False,50,-1537.5,262.6,-1800.1,True,False
2023-06-30,Friday,Iron Condor,UP,False,50,930.0,501.05,428.95,True,True
2023-07-03,Monday,Bull Call Spread,UP,True,50,1132.5,250.37,882.13,True,True
2023-07-03,Monday,Bear Put Spread,UP,False,50,-2670.0,265.42,-2935.42,True,False
2023-07-03,Monday,Iron Condor,UP,False,50,2435.0,510.98,1924.02,True,True
2023-07-04,Tuesday,Bull Call Spread,UP,True,50,262.5,251.41,11.09,True,True
2023-07-04,Tuesday,Bear Put Spread,UP,False,50,620.0,257.72,362.28,True,True
2023-07-04,Tuesday,Iron Condor,UP,False,50,-62.5,503.82,-566.32,True,False
2023-07-05,Wednesday,Bull Call Spread,FLAT,False,50,-105.0,251.32,-356.32,True,False
2023-07-05,Wednesday,Bear Put Spread,FLAT,False,50,-270.0,253.72,-523.72,True,False
2023-07-05,Wednesday,Iron Condor,FLAT,True,50,307.5,495.28,-187.78,True,False
2023-07-06,Thursday,Bull Call Spread,UP,True,50,1252.5,247.4,1005.1,True,True
2023-07-06,Thursday,Bear Put Spread,UP,False,50,-2512.5,254.07,-2766.57,True,False
2023-07-06,Thursday,Iron Condor,UP,False,50,2362.5,497.26,1865.24,True,True
2023-07-07,Friday,Bull Call Spread,UP,True,50,-1205.0,257.99,-1462.99,True,False
2023-07-07,Friday,Bear Put Spread,UP,False,50,2130.0,266.5,1863.5,True,True
2023-07-07,Friday,Iron Condor,UP,False,50,-1667.5,523.19,-2190.69,True,False
2023-07-10,Monday,Bull Call Spread,DOWN,False,50,97.5,255.33,-157.83,True,False
2023-07-10,Monday,Bear Put Spread,DOWN,True,50,367.5,259.52,107.98,True,True
2023-07-10,Monday,Iron Condor,DOWN,False,50,130.0,509.76,-379.76,True,False
2023-07-11,Tuesday,Bull Call Spread,FLAT,False,50,275.0,252.07,22.93,True,True
2023-07-11,Tuesday,Bear Put Spread,FLAT,False,50,-612.5,257.41,-869.91,True,False
2023-07-11,Tuesday,Iron Condor,FLAT,True,50,940.0,504.19,435.81,True,True
2023-07-12,Wednesday,Bull Call Spread,UP,True,50,-750.0,247.6,-997.6,True,False
2023-07-12,Wednesday,Bear Put Spread,UP,False,50,2270.0,256.83,2013.17,True,True
2023-07-12,Wednesday,Iron Condor,UP,False,50,905.0,495.92,409.08,True,True
2023-07-13,Thursday,Bull Call Spread,DOWN,False,50,-615.0,246.36,-861.36,True,False
2023-07-13,Thursday,Bear Put Spread,DOWN,True,50,3070.0,258.06,2811.94,True,True
2023-07-13,Thursday,Iron Condor,DOWN,False,50,782.5,492.76,289.74,True,True
2023-07-14,Friday,Bull Call Spread,DOWN,False,50,1285.0,257.63,1027.37,True,True
2023-07-14,Friday,Bear Put Spread,DOWN,True,50,-650.0,259.32,-909.32,True,False
2023-07-14,Friday,Iron Condor,DOWN,False,50,677.5,504.44,173.06,True,True
2023-07-17,Monday,Bull Call Spread,UP,True,50,1737.5,256.56,1480.94,True,True
2023-07-17,Monday,Bear Put Spread,UP,False,50,-1355.0,257.5,-1612.5,True,False
2023-07-17,Monday,Iron Condor,UP,False,50,1275.0,502.42,772.58,True,True
2023-07-18,Tuesday,Bull Call Spread,UP,True,50,417.5,252.68,164.82,True,True
2023-07-18,Tuesday,Bear Put Spread,UP,False,50,-892.5,257.57,-1150.07,True,False
2023-07-18,Tuesday,Iron Condor,UP,False,50,-245.0,494.78,-739.78,True,False
2023-07-19,Wednesday,Bull Call Spread,FLAT,False,50,485.0,252.73,232.27,True,True
2023-07-19,Wednesday,Bear Put Spread,FLAT,False,50,-1452.5,256.13,-1708.63,True,False
2023-07-19,Wednesday,Iron Condor,FLAT,True,50,1480.0,501.51,978.49,True,True
2023-07-20,Thursday,Bull Call Spread,FLAT,False,50,4475.0,249.78,4225.22,True,True
2023-07-20,Thursday,Bear Put Spread,FLAT,False,50,-2492.5,252.18,-2744.68,True,False
2023-07-20,Thursday,Iron Condor,FLAT,True,50,3852.5,501.36,3351.14,True,True
2023-07-21,Friday,Bull Call Spread,UP,True,50,-700.0,264.83,-964.83,True,False
2023-07-21,Friday,Bear Put Spread,UP,False,50,2025.0,260.19,1764.81,True,True
2023-07-21,Friday,Iron Condor,UP,False,50,1082.5,506.43,576.07,True,True
2023-07-24,Monday,Bull Call Spread,DOWN,False,50,-7.5,263.48,-270.98,True,False
2023-07-24,Monday,Bear Put Spread,DOWN,True,50,1145.0,260.73,884.27,True,True
2023-07-24,Monday,Iron Condor,DOWN,False,50,1630.0,507.43,1122.57,True,True
2023-07-25,Tuesday,Bull Call Spread,DOWN,False,50,-165.0,253.34,-418.34,True,False
2023-07-25,Tuesday,Bear Put Spread,DOWN,True,50,-480.0,262.24,-742.24,True,False
2023-07-25,Tuesday,Iron Condor,DOWN,False,50,325.0,498.24,-173.24,True,False
2023-07-26,Wednesday,Bull Call Spread,DOWN,False,50,1047.5,254.2,793.3,True,True
2023-07-26,Wednesday,Bear Put Spread,DOWN,True,50,-930.0,253.06,-1183.06,True,False
2023-07-26,Wednesday,Iron Condor,DOWN,False,50,872.5,498.17,374.33,True,True
2023-07-27,Thursday,Bull Call Spread,UP,True,50,-1432.5,249.01,-1681.51,True,False
2023-07-27,Thursday,Bear Put Spread,UP,False,50,4612.5,253.17,4359.33,True,True
2023-07-27,Thursday,Iron Condor,UP,False,50,4282.5,506.76,3775.74,True,True
2023-07-28,Friday,Bull Call Spread,DOWN,False,50,-122.5,255.44,-377.94,True,False
2023-07-28,Friday,Bear Put Spread,DOWN,True,50,1087.5,271.38,816.12,True,True
2023-07-28,Friday,Iron Condor,DOWN,False,50,180.0,510.4,-330.4,True,False
2023-07-31,Monday,Bull Call Spread,FLAT,False,50,887.5,253.32,634.18,True,True
2023-07-31,Monday,Bear Put Spread,FLAT,False,50,-685.0,266.51,-951.51,True,False
2023-07-31,Monday,Iron Condor,FLAT,True,50,880.0,504.93,375.07,True,True
2023-08-01,Tuesday,Bull Call Spread,UP,True,50,-635.0,249.67,-884.67,True,False
2023-08-01,Tuesday,Bear Put Spread,UP,False,50,1165.0,260.69,904.31,True,True
2023-08-01,Tuesday,Iron Condor,UP,False,50,872.5,500.36,372.14,True,True
2023-08-02,Wednesday,Bull Call Spread,FLAT,False,50,-1202.5,249.17,-1451.67,True,False
2023-08-02,Wednesday,Bear Put Spread,FLAT,False,50,2675.0,258.67,2416.33,True,True
2023-08-02,Wednesday,Iron Condor,FLAT,True,50,-145.0,494.63,-639.63,True,False
2023-08-03,Thursday,Bull Call Spread,DOWN,False,50,-1282.5,248.15,-1530.65,True,False
2023-08-03,Thursday,Bear Put Spread,DOWN,True,50,4250.0,257.02,3992.98,True,True
2023-08-03,Thursday,Iron Condor,DOWN,False,50,3627.5,503.92,3123.58,True,True
2023-08-04,Friday,Bull Call Spread,DOWN,False,50,1615.0,256.08,1358.92,True,True
2023-08-04,Friday,Bear Put Spread,DOWN,True,50,-1327.5,266.42,-1593.92,True,False
2023-08-04,Friday,Iron Condor,DOWN,False,50,172.5,508.74,-336.24,True,False
2023-08-07,Monday,Bull Call Spread,UP,True,50,912.5,252.95,659.55,True,True
2023-08-07,Monday,Bear Put Spread,UP,False,50,-72.5,261.45,-333.95,True,False
2023-08-07,Monday,Iron Condor,UP,False,50,925.0,499.23,425.77,True,True
2023-08-08,Tuesday,Bull Call Spread,UP,True,50,-745.0,249.21,-994.21,True,False
2023-08-08,Tuesday,Bear Put Spread,UP,False,50,1145.0,263.02,881.98,True,True
2023-08-08,Tuesday,Iron Condor,UP,False,50,1000.0,505.84,494.16,True,True
2023-08-09,Wednesday,Bull Call Spread,DOWN,False,50,910.0,250.94,659.06,True,True
2023-08-09,Wednesday,Bear Put Spread,DOWN,True,50,-1782.5,256.68,-2039.18,True,False
2023-08-09,Wednesday,Iron Condor,DOWN,False,50,1027.5,494.72,532.78,True,True
2023-08-10,Thursday,Bull Call Spread,UP,True,50,-1632.5,248.5,-1881.0,True,False
2023-08-10,Thursday,Bear Put Spread,UP,False,50,2700.0,253.32,2446.68,True,True
2023-08-10,Thursday,Iron Condor,UP,False,50,4647.5,504.21,4143.29,True,True
2023-08-11,Friday,Bull Call Spread,FLAT,False,50,-1042.5,256.88,-1299.38,True,False
2023-08-11,Friday,Bear Put Spread,FLAT,False,50,1790.0,263.21,1526.79,True,True
2023-08-11,Friday,Iron Condor,FLAT,True,50,387.5,507.52,-120.02,True,False
2023-08-14,Monday,Bull Call Spread,DOWN,False,50,35.0,257.62,-222.62,True,False
2023-08-14,Monday,Bear Put Spread,DOWN,True,50,-1467.5,259.24,-1726.74,True,False
2023-08-14,Monday,Iron Condor,DOWN,False,50,1505.0,504.53,1000.47,True,True
2023-08-16,Wednesday,Bull Call Spread,FLAT,False,50,1460.0,252.07,1207.93,True,True
2023-08-16,Wednesday,Bear Put Spread,FLAT,False,50,-1075.0,253.41,-1328.41,True,False
2023-08-16,Wednesday,Iron Condor,FLAT,True,50,1265.0,494.93,770.07,True,True
2023-08-17,Thursday,Bull Call Spread,UP,True,50,-3217.5,253.85,-3471.35,True,False
2023-08-17,Thursday,Bear Put Spread,UP,False,50,37.5,248.5,-211.0,True,False
2023-08-17,Thursday,Iron Condor,UP,False,50,3930.0,500.54,3429.46,True,True
2023-08-18,Friday,Bull Call Spread,FLAT,False,50,-57.5,258.86,-316.36,True,False
2023-08-18,Friday,Bear Put Spread,FLAT,False,50,-362.5,262.75,-625.25,True,False
2023-08-18,Friday,Iron Condor,FLAT,True,50,425.0,516.51,-91.51,True,False
2023-08-21,Monday,Bull Call Spread,FLAT,False,50,520.0,254.05,265.95,True,True
2023-08-21,Monday,Bear Put Spread,FLAT,False,50,-1062.5,262.6,-1325.1,True,False
2023-08-21,Monday,Iron Condor,FLAT,True,50,630.0,508.45,121.55,True,True
2023-08-22,Tuesday,Bull Call Spread,UP,True,50,-270.0,252.42,-522.42,True,False
2023-08-22,Tuesday,Bear Put Spread,UP,False,50,580.0,253.85,326.15,True,True
2023-08-22,Tuesday,Iron Condor,UP,False,50,277.5,501.58,-224.08,True,False
2023-08-23,Wednesday,Bull Call Spread,FLAT,False,50,662.5,250.97,411.53,True,True
2023-08-23,Wednesday,Bear Put Spread,FLAT,False,50,-1487.5,253.1,-1740.6,True,False
2023-08-23,Wednesday,Iron Condor,FLAT,True,50,677.5,494.28,183.22,True,True
2023-08-24,Thursday,Bull Call Spread,FLAT,False,50,-1852.5,249.19,-2101.69,True,False
2023-08-24,Thursday,Bear Put Spread,FLAT,False,50,4007.5,248.58,3758.92,True,True
2023-08-24,Thursday,Iron Condor,FLAT,True,50,4202.5,504.27,3698.23,True,True
2023-08-25,Friday,Bull Call Spread,DOWN,False,50,-2022.5,258.37,-2280.87,True,False
2023-08-25,Friday,Bear Put Spread,DOWN,True,50,332.5,263.3,69.2,True,True
2023-08-25,Friday,Iron Condor,DOWN,False,50,105.0,495.49,-390.49,True,False
2023-08-28,Monday,Bull Call Spread,DOWN,False,50,580.0,255.89,324.11,True,True
2023-08-28,Monday,Bear Put Spread,DOWN,True,50,-895.0,262.18,-1157.18,True,False
2023-08-28,Monday,Iron Condor,DOWN,False,50,1017.5,509.65,507.85,True,True
2023-08-29,Tuesday,Bull Call Spread,FLAT,False,50,-207.5,252.47,-459.97,True,False
2023-08-29,Tuesday,Bear Put Spread,FLAT,False,50,87.5,254.54,-167.04,True,False
2023-08-29,Tuesday,Iron Condor,FLAT,True,50,295.0,498.24,-203.24,True,False
2023-08-30,Wednesday,Bull Call Spread,FLAT,False,50,-1635.0,251.41,-1886.41,True,False
2023-08-30,Wednesday,Bear Put Spread,FLAT,False,50,1045.0,253.1,791.9,True,True
2023-08-30,Wednesday,Iron Condor,FLAT,True,50,87.5,492.96,-405.46,True,False
2023-08-31,Thursday,Bull Call Spread,DOWN,False,50,-1615.0,249.1,-1864.1,True,False
2023-08-31,Thursday,Bear Put Spread,DOWN,True,50,3145.0,248.51,2896.49,True,True
2023-08-31,Thursday,Iron Condor,DOWN,False,50,3205.0,498.24,2706.76,True,True
2023-09-01,Friday,Bull Call Spread,DOWN,False,50,1042.5,256.54,785.96,True,True
2023-09-01,Friday,Bear Put Spread,DOWN,True,50,-745.0,265.99,-1010.99,True,False
2023-09-01,Friday,Iron Condor,DOWN,False,50,1132.5,505.86,626.64,True,True
2023-09-04,Monday,Bull Call Spread,UP,True,50,255.0,251.26,3.74,True,True
2023-09-04,Monday,Bear Put Spread,UP,False,50,-1322.5,263.02,-1585.52,True,False
2023-09-04,Monday,Iron Condor,UP,False,50,585.0,497.79,87.21,True,True
2023-09-05,Tuesday,Bull Call Spread,FLAT,False,50,92.5,247.01,-154.51,True,False
2023-09-05,Tuesday,Bear Put Spread,FLAT,False,50,-667.5,263.42,-930.92,True,False
2023-09-05,Tuesday,Iron Condor,FLAT,True,50,630.0,500.43,129.57,True,True
2023-09-06,Wednesday,Bull Call Spread,FLAT,False,50,-340.0,247.2,-587.2,True,False
2023-09-06,Wednesday,Bear Put Spread,FLAT,False,50,-760.0,257.59,-1017.59,True,False
2023-09-06,Wednesday,Iron Condor,FLAT,True,50,732.5,493.25,239.25,True,True
2023-09-07,Thursday,Bull Call Spread,FLAT,False,50,3455.0,245.83,3209.17,True,True
2023-09-07,Thursday,Bear Put Spread,FLAT,False,50,-3145.0,252.52,-3397.52,True,False
2023-09-07,Thursday,Iron Condor,FLAT,True,50,4715.0,503.26,4211.74,True,True
2023-09-08,Friday,Bull Call Spread,UP,True,50,1097.5,254.08,843.42,True,True
2023-09-08,Friday,Bear Put Spread,UP,False,50,-1320.0,263.31,-1583.31,True,False
2023-09-08,Friday,Iron Condor,UP,False,50,175.0,497.14,-322.14,True,False
2023-09-11,Monday,Bull Call Spread,UP,True,50,1997.5,255.3,1742.2,True,True
2023-09-11,Monday,Bear Put Spread,UP,False,50,-1982.5,259.41,-2241.91,True,False
2023-09-11,Monday,Iron Condor,UP,False,50,495.0,507.61,-12.61,True,False
2023-09-12,Tuesday,Bull Call Spread,UP,True,50,-1332.5,252.16,-1584.66,True,False
2023-09-12,Tuesday,Bear Put Spread,UP,False,50,1837.5,258.19,1579.31,True,True
2023-09-12,Tuesday,Iron Condor,UP,False,50,1455.0,501.87,953.13,True,True
2023-09-13,Wednesday,Bull Call Spread,DOWN,False,50,1700.0,253.01,1446.99,True,True
2023-09-13,Wednesday,Bear Put Spread,DOWN,True,50,-1355.0,254.73,-1609.73,True,False
2023-09-13,Wednesday,Iron Condor,DOWN,False,50,200.0,497.74,-297.74,True,False
2023-09-14,Thursday,Bull Call Spread,UP,True,50,-1592.5,248.61,-1841.11,True,False
2023-09-14,Thursday,Bear Put Spread,UP,False,50,2.5,254.39,-251.89,True,False
2023-09-14,Thursday,Iron Condor,UP,False,50,3002.5,498.49,2504.01,True,True
2023-09-15,Friday,Bull Call Spread,FLAT,False,50,480.0,258.52,221.48,True,True
2023-09-15,Friday,Bear Put Spread,FLAT,False,50,-485.0,260.75,-745.75,True,False
2023-09-15,Friday,Iron Condor,FLAT,True,50,-32.5,512.63,-545.13,True,False
2023-09-18,Monday,Bull Call Spread,FLAT,False,50,-997.5,257.19,-1254.69,True,False
2023-09-18,Monday,Bear Put Spread,FLAT,False,50,462.5,258.75,203.75,True,True
2023-09-18,Monday,Iron Condor,FLAT,True,50,1000.0,509.44,490.56,True,True
2023-09-20,Wednesday,Bull Call Spread,FLAT,False,50,-1462.5,253.19,-1715.69,True,False
2023-09-20,Wednesday,Bear Put Spread,FLAT,False,50,2680.0,253.99,2426.01,True,True
2023-09-20,Wednesday,Iron Condor,FLAT,True,50,762.5,505.75,256.75,True,True
2023-09-21,Thursday,Bull Call Spread,DOWN,False,50,-1450.0,248.74,-1698.74,True,False
2023-09-21,Thursday,Bear Put Spread,DOWN,True,50,4772.5,252.85,4519.65,True,True
2023-09-21,Thursday,Iron Condor,DOWN,False,50,4205.0,507.2,3697.8,True,True
2023-09-22,Friday,Bull Call Spread,DOWN,False,50,-1190.0,263.42,-1453.42,True,False
2023-09-22,Friday,Bear Put Spread,DOWN,True,50,425.0,261.4,163.6,True,True
2023-09-22,Friday,Iron Condor,DOWN,False,50,1012.5,503.8,508.7,True,True
2023-09-25,Monday,Bull Call Spread,FLAT,False,50,-662.5,259.35,-921.85,True,False
2023-09-25,Monday,Bear Put Spread,FLAT,False,50,525.0,257.97,267.03,True,True
2023-09-25,Monday,Iron Condor,FLAT,True,50,242.5,496.93,-254.43,True,False
2023-09-26,Tuesday,Bull Call Spread,FLAT,False,50,-790.0,254.99,-1044.99,True,False
2023-09-26,Tuesday,Bear Put Spread,FLAT,False,50,407.5,256.19,151.31,True,True
2023-09-26,Tuesday,Iron Condor,FLAT,True,50,465.0,493.71,-28.71,True,False
2023-09-27,Wednesday,Bull Call Spread,FLAT,False,50,760.0,253.61,506.39,True,True
2023-09-27,Wednesday,Bear Put Spread,FLAT,False,50,-1577.5,253.63,-1831.13,True,False
2023-09-27,Wednesday,Iron Condor,FLAT,True,50,487.5,494.88,-7.38,True,False
2023-09-28,Thursday,Bull Call Spread,UP,True,50,-1472.5,248.24,-1720.74,True,False
2023-09-28,Thursday,Bear Put Spread,UP,False,50,5202.5,251.83,4950.67,True,True
2023-09-28,Thursday,Iron Condor,UP,False,50,5572.5,516.86,5055.64,True,True
2023-09-29,Friday,Bull Call Spread,DOWN,False,50,-145.0,256.4,-401.4,True,False
2023-09-29,Friday,Bear Put Spread,DOWN,True,50,50.0,273.24,-223.24,True,False
2023-09-29,Friday,Iron Condor,DOWN,False,50,2110.0,515.18,1594.82,True,True
2023-10-03,Tuesday,Bull Call Spread,FLAT,False,50,-1265.0,253.72,-1518.72,True,False
2023-10-03,Tuesday,Bear Put Spread,FLAT,False,50,800.0,259.17,540.83,True,True
2023-10-03,Tuesday,Iron Condor,FLAT,True,50,-650.0,500.83,-1150.83,True,False
2023-10-04,Wednesday,Bull Call Spread,DOWN,False,50,-552.5,252.46,-804.96,True,False
2023-10-04,Wednesday,Bear Put Spread,DOWN,True,50,425.0,251.65,173.35,True,True
2023-10-04,Wednesday,Iron Condor,DOWN,False,50,35.0,495.71,-460.71,True,False
2023-10-05,Thursday,Bull Call Spread,FLAT,False,50,-555.0,248.59,-803.59,True,False
2023-10-05,Thursday,Bear Put Spread,FLAT,False,50,-1307.5,252.06,-1559.56,True,False
2023-10-05,Thursday,Iron Condor,FLAT,True,50,2500.0,499.33,2000.67,True,True
2023-10-06,Friday,Bull Call Spread,FLAT,False,50,1250.0,258.14,991.86,True,True
2023-10-06,Friday,Bear Put Spread,FLAT,False,50,-1090.0,262.48,-1352.48,True,False
2023-10-06,Friday,Iron Condor,FLAT,True,50,615.0,498.35,116.65,True,True
2023-10-09,Monday,Bull Call Spread,UP,True,50,-752.5,258.41,-1010.91,True,False
2023-10-09,Monday,Bear Put Spread,UP,False,50,1162.5,257.44,905.06,True,True
2023-10-09,Monday,Iron Condor,UP,False,50,-725.0,500.27,-1225.27,True,False
2023-10-10,Tuesday,Bull Call Spread,DOWN,False,50,2747.5,254.75,2492.75,True,True
2023-10-10,Tuesday,Bear Put Spread,DOWN,True,50,-1085.0,261.64,-1346.64,True,False
2023-10-10,Tuesday,Iron Condor,DOWN,False,50,1040.0,506.39,533.61,True,True
2023-10-11,Wednesday,Bull Call Spread,UP,True,50,112.5,251.95,-139.45,True,False
2023-10-11,Wednesday,Bear Put Spread,UP,False,50,-1367.5,258.63,-1626.13,True,False
2023-10-11,Wednesday,Iron Condor,UP,False,50,802.5,494.0,308.5,True,True
2023-10-12,Thursday,Bull Call Spread,UP,True,50,-1632.5,248.81,-1881.31,True,False
2023-10-12,Thursday,Bear Put Spread,UP,False,50,-337.5,253.31,-590.81,True,False
2023-10-12,Thursday,Iron Condor,UP,False,50,3987.5,500.37,3487.13,True,True
2023-10-13,Friday,Bull Call Spread,FLAT,False,50,1320.0,262.82,1057.18,True,True
2023-10-13,Friday,Bear Put Spread,FLAT,False,50,-792.5,262.08,-1054.58,True,False
2023-10-13,Friday,Iron Condor,FLAT,True,50,860.0,518.6,341.4,True,True
2023-10-16,Monday,Bull Call Spread,FLAT,False,50,-345.0,258.28,-603.28,True,False
2023-10-16,Monday,Bear Put Spread,FLAT,False,50,-990.0,261.18,-1251.18,True,False
2023-10-16,Monday,Iron Condor,FLAT,True,50,-217.5,510.35,-727.85,True,False
2023-10-17,Tuesday,Bull Call Spread,FLAT,False,50,225.0,252.82,-27.82,True,False
2023-10-17,Tuesday,Bear Put Spread,FLAT,False,50,-380.0,259.31,-639.31,True,False
2023-10-17,Tuesday,Iron Condor,FLAT,True,50,430.0,497.13,-67.13,True,False
2023-10-18,Wednesday,Bull Call Spread,FLAT,False,50,-2117.5,254.1,-2371.6,True,False
2023-10-18,Wednesday,Bear Put Spread,FLAT,False,50,2370.0,252.66,2117.34,True,True
2023-10-18,Wednesday,Iron Condor,FLAT,True,50,1642.5,500.07,1142.43,True,True
2023-10-19,Thursday,Bull Call Spread,DOWN,False,50,-80.0,249.29,-329.29,True,False
2023-10-19,Thursday,Bear Put Spread,DOWN,True,50,-2180.0,250.6,-2430.6,True,False
2023-10-19,Thursday,Iron Condor,DOWN,False,50,2982.5,497.52,2484.98,True,True
2023-10-20,Friday,Bull Call Spread,FLAT,False,50,-1127.5,263.86,-1391.36,True,False
2023-10-20,Friday,Bear Put Spread,FLAT,False,50,1107.5,260.69,846.81,True,True
2023-10-20,Friday,Iron Condor,FLAT,True,50,160.0,491.38,-331.38,True,False
2023-10-23,Monday,Bull Call Spread,FLAT,False,50,-2780.0,261.53,-3041.53,True,False
2023-10-23,Monday,Bear Put Spread,FLAT,False,50,3860.0,256.52,3603.48,True,True
2023-10-23,Monday,Iron Condor,FLAT,True,50,810.0,497.45,312.55,True,True
2023-10-25,Wednesday,Bull Call Spread,DOWN,False,50,-1752.5,255.07,-2007.57,True,False
2023-10-25,Wednesday,Bear Put Spread,DOWN,True,50,1930.0,260.21,1669.79,True,True
2023-10-25,Wednesday,Iron Condor,DOWN,False,50,-555.0,492.56,-1047.56,True,False
2023-10-26,Thursday,Bull Call Spread,DOWN,False,50,-1385.0,250.79,-1635.79,True,False
2023-10-26,Thursday,Bear Put Spread,DOWN,True,50,5632.5,251.46,5381.04,True,True
2023-10-26,Thursday,Iron Condor,DOWN,False,50,5172.5,510.36,4662.14,True,True
2023-10-27,Friday,Bull Call Spread,DOWN,False,50,790.0,259.47,530.53,True,True
2023-10-27,Friday,Bear Put Spread,DOWN,True,50,-1912.5,279.99,-2192.49,True,False
2023-10-27,Friday,Iron Condor,DOWN,False,50,1425.0,529.32,895.68,True,True
2023-10-30,Monday,Bull Call Spread,UP,True,50,2255.0,260.41,1994.59,True,True
2023-10-30,Monday,Bear Put Spread,UP,False,50,-2170.0,259.79,-2429.79,True,False
2023-10-30,Monday,Iron Condor,UP,False,50,1252.5,501.96,750.54,True,True
2023-10-31,Tuesday,Bull Call Spread,UP,True,50,-1240.0,250.17,-1490.17,True,False
2023-10-31,Tuesday,Bear Put Spread,UP,False,50,1217.5,265.12,952.38,True,True
2023-10-31,Tuesday,Iron Condor,UP,False,50,1137.5,507.31,630.19,True,True
2023-11-01,Wednesday,Bull Call Spread,DOWN,False,50,-1122.5,251.85,-1374.35,True,False
2023-11-01,Wednesday,Bear Put Spread,DOWN,True,50,2127.5,259.81,1867.69,True,True
2023-11-01,Wednesday,Iron Condor,DOWN,False,50,1837.5,500.4,1337.1,True,True
2023-11-02,Thursday,Bull Call Spread,DOWN,False,50,-627.5,246.11,-873.61,True,False
2023-11-02,Thursday,Bear Put Spread,DOWN,True,50,-1245.0,263.24,-1508.24,True,False
2023-11-02,Thursday,Iron Condor,DOWN,False,50,3410.0,501.48,2908.52,True,True
2023-11-03,Friday,Bull Call Spread,FLAT,False,50,-347.5,253.79,-601.29,True,False
2023-11-03,Friday,Bear Put Spread,FLAT,False,50,965.0,264.96,700.04,True,True
2023-11-03,Friday,Iron Condor,FLAT,True,50,-525.0,513.45,-1038.45,True,False
2023-11-06,Monday,Bull Call Spread,FLAT,False,50,492.5,250.13,242.37,True,True
2023-11-06,Monday,Bear Put Spread,FLAT,False,50,-2705.0,268.26,-2973.26,True,False
2023-11-06,Monday,Iron Condor,FLAT,True,50,-175.0,500.46,-675.46,True,False
2023-11-07,Tuesday,Bull Call Spread,UP,True,50,-5.0,250.96,-255.96,True,False
2023-11-07,Tuesday,Bear Put Spread,UP,False,50,-125.0,257.15,-382.15,True,False
2023-11-07,Tuesday,Iron Condor,UP,False,50,122.5,497.12,-374.62,True,False
2023-11-08,Wednesday,Bull Call Spread,FLAT,False,50,-850.0,249.38,-1099.38,True,False
2023-11-08,Wednesday,Bear Put Spread,FLAT,False,50,895.0,256.07,638.93,True,True
2023-11-08,Wednesday,Iron Condor,FLAT,True,50,1032.5,495.98,536.52,True,True
2023-11-09,Thursday,Bull Call Spread,FLAT,False,50,-777.5,246.45,-1023.95,True,False
2023-11-09,Thursday,Bear Put Spread,FLAT,False,50,1840.0,253.63,1586.37,True,True
2023-11-09,Thursday,Iron Condor,FLAT,True,50,3225.0,498.65,2726.35,True,True
2023-11-10,Friday,Bull Call Spread,FLAT,False,50,315.0,259.08,55.92,True,True
2023-11-10,Friday,Bear Put Spread,FLAT,False,50,-10.0,259.76,-269.76,True,False
2023-11-10,Friday,Iron Condor,FLAT,True,50,-177.5,513.08,-690.58,True,False
2023-11-13,Monday,Bull Call Spread,UP,True,50,-677.5,254.46,-931.96,True,False
2023-11-13,Monday,Bear Put Spread,UP,False,50,950.0,253.82,696.18,True,True
2023-11-13,Monday,Iron Condor,UP,False,50,667.5,504.52,162.98,True,True
2023-11-15,Wednesday,Bull Call Spread,FLAT,False,50,195.0,248.18,-53.18,True,False
2023-11-15,Wednesday,Bear Put Spread,FLAT,False,50,-2252.5,260.98,-2513.48,True,False
2023-11-15,Wednesday,Iron Condor,FLAT,True,50,527.5,496.41,31.09,True,True
2023-11-16,Thursday,Bull Call Spread,FLAT,False,50,400.0,245.61,154.39,True,True
2023-11-16,Thursday,Bear Put Spread,FLAT,False,50,-3180.0,255.09,-3435.09,True,False
2023-11-16,Thursday,Iron Condor,FLAT,True,50,1987.5,494.95,1492.55,True,True
2023-11-17,Friday,Bull Call Spread,UP,True,50,335.0,253.82,81.18,True,True
2023-11-17,Friday,Bear Put Spread,UP,False,50,-37.5,270.37,-307.87,True,False
2023-11-17,Friday,Iron Condor,UP,False,50,67.5,509.65,-442.15,True,False
2023-11-20,Monday,Bull Call Spread,DOWN,False,50,-755.0,256.82,-1011.82,True,False
2023-11-20,Monday,Bear Put Spread,DOWN,True,50,1755.0,259.52,1495.48,True,True
2023-11-20,Monday,Iron Condor,DOWN,False,50,770.0,501.83,268.17,True,True
2023-11-21,Tuesday,Bull Call Spread,FLAT,False,50,517.5,253.56,263.94,True,True
2023-11-21,Tuesday,Bear Put Spread,FLAT,False,50,7.5,258.85,-251.35,True,False
2023-11-21,Tuesday,Iron Condor,FLAT,True,50,85.0,505.71,-420.71,True,False
2023-11-22,Wednesday,Bull Call Spread,FLAT,False,50,247.5,249.63,-2.13,True,False
2023-11-22,Wednesday,Bear Put Spread,FLAT,False,50,-1380.0,257.01,-1637.01,True,False
2023-11-22,Wednesday,Iron Condor,FLAT,True,50,1670.0,500.15,1169.85,True,True
2023-11-23,Thursday,Bull Call Spread,FLAT,False,50,-405.0,245.5,-650.5,True,False
2023-11-23,Thursday,Bear Put Spread,FLAT,False,50,775.0,256.29,518.71,True,True
2023-11-23,Thursday,Iron Condor,FLAT,True,50,3717.5,499.44,3218.06,True,True
2023-11-24,Friday,Bull Call Spread,FLAT,False,50,-1142.5,260.34,-1402.84,True,False
2023-11-24,Friday,Bear Put Spread,FLAT,False,50,572.5,256.6,315.9,True,True
2023-11-24,Friday,Iron Condor,FLAT,True,50,582.5,509.38,73.12,True,True
2023-11-28,Tuesday,Bull Call Spread,FLAT,False,50,1427.5,250.46,1177.04,True,True
2023-11-28,Tuesday,Bear Put Spread,FLAT,False,50,-1740.0,261.43,-2001.43,True,False
2023-11-28,Tuesday,Iron Condor,FLAT,True,50,530.0,499.65,30.35,True,True
2023-11-29,Wednesday,Bull Call Spread,FLAT,False,50,3027.5,250.83,2776.67,True,True
2023-11-29,Wednesday,Bear Put Spread,FLAT,False,50,-1585.0,253.1,-1838.1,True,False
2023-11-29,Wednesday,Iron Condor,FLAT,True,50,967.5,497.92,469.58,True,True
2023-11-30,Thursday,Bull Call Spread,UP,True,50,-1652.5,249.04,-1901.54,True,False
2023-11-30,Thursday,Bear Put Spread,UP,False,50,-535.0,249.84,-784.84,True,False
2023-11-30,Thursday,Iron Condor,UP,False,50,2207.5,495.43,1712.07,True,True
2023-12-01,Friday,Bull Call Spread,FLAT,False,50,75.0,259.54,-184.54,True,False
2023-12-01,Friday,Bear Put Spread,FLAT,False,50,882.5,273.15,609.35,True,True
2023-12-01,Friday,Iron Condor,FLAT,True,50,75.0,498.21,-423.21,True,False
2023-12-04,Monday,Bull Call Spread,UP,True,50,2260.0,254.16,2005.84,True,True
2023-12-04,Monday,Bear Put Spread,UP,False,50,-1367.5,265.64,-1633.14,True,False
2023-12-04,Monday,Iron Condor,UP,False,50,175.0,500.51,-325.51,True,False
2023-12-05,Tuesday,Bull Call Spread,UP,True,50,692.5,254.3,438.2,True,True
2023-12-05,Tuesday,Bear Put Spread,UP,False,50,-1710.0,267.37,-1977.37,True,False
2023-12-05,Tuesday,Iron Condor,UP,False,50,262.5,503.26,-240.76,True,False
2023-12-06,Wednesday,Bull Call Spread,UP,True,50,-292.5,250.42,-542.92,True,False
2023-12-06,Wednesday,Bear Put Spread,UP,False,50,-740.0,268.7,-1008.7,True,False
2023-12-06,Wednesday,Iron Condor,UP,False,50,352.5,503.23,-150.73,True,False
2023-12-07,Thursday,Bull Call Spread,FLAT,False,50,-1625.0,248.68,-1873.68,True,False
2023-12-07,Thursday,Bear Put Spread,FLAT,False,50,1570.0,255.41,1314.59,True,True
2023-12-07,Thursday,Iron Condor,FLAT,True,50,4280.0,504.0,3776.0,True,True
2023-12-08,Friday,Bull Call Spread,FLAT,False,50,325.0,256.63,68.37,True,True
2023-12-08,Friday,Bear Put Spread,FLAT,False,50,-1275.0,275.79,-1550.79,True,False
2023-12-08,Friday,Iron Condor,FLAT,True,50,-230.0,508.39,-738.39,True,False
2023-12-11,Monday,Bull Call Spread,FLAT,False,50,15.0,254.71,-239.71,True,False
2023-12-11,Monday,Bear Put Spread,FLAT,False,50,2075.0,263.12,1811.88,True,True
2023-12-11,Monday,Iron Condor,FLAT,True,50,-22.5,517.34,-539.84,True,False
2023-12-12,Tuesday,Bull Call Spread,FLAT,False,50,-900.0,253.55,-1153.55,True,False
2023-12-12,Tuesday,Bear Put Spread,FLAT,False,50,2057.5,262.1,1795.4,True,True
2023-12-12,Tuesday,Iron Condor,FLAT,True,50,145.0,510.89,-365.89,True,False
2023-12-13,Wednesday,Bull Call Spread,DOWN,False,50,-912.5,250.29,-1162.79,True,False
2023-12-13,Wednesday,Bear Put Spread,DOWN,True,50,877.5,265.3,612.2,True,True
2023-12-13,Wednesday,Iron Condor,DOWN,False,50,1165.0,497.56,667.44,True,True
2023-12-14,Thursday,Bull Call Spread,FLAT,False,50,-90.0,245.5,-335.5,True,False
2023-12-14,Thursday,Bear Put Spread,FLAT,False,50,-4322.5,266.73,-4589.23,True,False
2023-12-14,Thursday,Iron Condor,FLAT,True,50,3930.0,501.87,3428.13,True,True
2023-12-15,Friday,Bull Call Spread,UP,True,50,2875.0,260.08,2614.92,True,True
2023-12-15,Friday,Bear Put Spread,UP,False,50,-1720.0,267.92,-1987.92,True,False
2023-12-15,Friday,Iron Condor,UP,False,50,820.0,505.05,314.95,True,True
2023-12-18,Monday,Bull Call Spread,UP,True,50,-1340.0,263.77,-1603.77,True,False
2023-12-18,Monday,Bear Put Spread,UP,False,50,645.0,267.75,377.25,True,True
2023-12-18,Monday,Iron Condor,UP,False,50,910.0,517.63,392.37,True,True
2023-12-19,Tuesday,Bull Call Spread,FLAT,False,50,-220.0,253.79,-473.79,True,False
2023-12-19,Tuesday,Bear Put Spread,FLAT,False,50,-570.0,265.52,-835.52,True,False
2023-12-19,Tuesday,Iron Condor,FLAT,True,50,865.0,510.25,354.75,True,True
2023-12-20,Wednesday,Bull Call Spread,FLAT,False,50,-1157.5,249.74,-1407.24,True,False
2023-12-20,Wednesday,Bear Put Spread,FLAT,False,50,4477.5,263.26,4214.24,True,True
2023-12-20,Wednesday,Iron Condor,FLAT,True,50,1117.5,499.71,617.79,True,True
2023-12-21,Thursday,Bull Call Spread,DOWN,False,50,6137.5,247.93,5889.57,True,True
2023-12-21,Thursday,Bear Put Spread,DOWN,True,50,-3242.5,259.41,-3501.91,True,False
2023-12-21,Thursday,Iron Condor,DOWN,False,50,3400.0,519.51,2880.49,True,True
2023-12-22,Friday,Bull Call Spread,UP,True,50,-117.5,265.44,-382.94,True,False
2023-12-22,Friday,Bear Put Spread,UP,False,50,-652.5,271.38,-923.88,True,False
2023-12-22,Friday,Iron Condor,UP,False,50,212.5,496.28,-283.78,True,False
2023-12-26,Tuesday,Bull Call Spread,FLAT,False,50,1077.5,261.1,816.4,True,True
2023-12-26,Tuesday,Bear Put Spread,FLAT,False,50,-847.5,263.31,-1110.81,True,False
2023-12-26,Tuesday,Iron Condor,FLAT,True,50,672.5,501.79,170.71,True,True
2023-12-27,Wednesday,Bull Call Spread,UP,True,50,2710.0,256.65,2453.35,True,True
2023-12-27,Wednesday,Bear Put Spread,UP,False,50,-1080.0,255.68,-1335.68,True,False
2023-12-27,Wednesday,Iron Condor,UP,False,50,1062.5,500.39,562.11,True,True
2023-12-28,Thursday,Bull Call Spread,UP,True,50,1525.0,251.77,1273.23,True,True
2023-12-28,Thursday,Bear Put Spread,UP,False,50,-1980.0,252.09,-2232.09,True,False
2023-12-28,Thursday,Iron Condor,UP,False,50,2922.5,504.51,2417.99,True,True
2023-12-29,Friday,Bull Call Spread,FLAT,False,50,-980.0,266.65,-1246.65,True,False
2023-12-29,Friday,Bear Put Spread,FLAT,False,50,-62.5,283.32,-345.82,True,False
2023-12-29,Friday,Iron Condor,FLAT,True,50,677.5,512.75,164.75,True,True
2024-01-01,Monday,Bull Call Spread,FLAT,False,50,20.0,259.01,-239.01,True,False
2024-01-01,Monday,Bear Put Spread,FLAT,False,50,-965.0,276.91,-1241.91,True,False
2024-01-01,Monday,Iron Condor,FLAT,True,50,1142.5,513.47,629.03,True,True
2024-01-02,Tuesday,Bull Call Spread,FLAT,False,50,-2347.5,259.82,-2607.32,True,False
2024-01-02,Tuesday,Bear Put Spread,FLAT,False,50,897.5,264.14,633.36,True,True
2024-01-02,Tuesday,Iron Condor,FLAT,True,50,2377.5,504.8,1872.7,True,True
2024-01-03,Wednesday,Bull Call Spread,DOWN,False,50,-1560.0,249.1,-1809.1,True,False
2024-01-03,Wednesday,Bear Put Spread,DOWN,True,50,2787.5,267.25,2520.25,True,True
2024-01-03,Wednesday,Iron Condor,DOWN,False,50,-487.5,495.7,-983.2,True,False
2024-01-04,Thursday,Bull Call Spread,DOWN,False,50,-680.0,246.69,-926.69,True,False
2024-01-04,Thursday,Bear Put Spread,DOWN,True,50,-4237.5,261.41,-4498.91,True,False
2024-01-04,Thursday,Iron Condor,DOWN,False,50,4917.5,508.11,4409.39,True,True
2024-01-05,Friday,Bull Call Spread,UP,True,50,-237.5,259.03,-496.53,True,False
2024-01-05,Friday,Bear Put Spread,UP,False,50,187.5,272.76,-85.26,True,False
2024-01-05,Friday,Iron Condor,UP,False,50,37.5,490.31,-452.81,True,False
2024-01-08,Monday,Bull Call Spread,FLAT,False,50,-1580.0,255.86,-1835.86,True,False
2024-01-08,Monday,Bear Put Spread,FLAT,False,50,2575.0,268.42,2306.58,True,True
2024-01-08,Monday,Iron Condor,FLAT,True,50,2137.5,509.07,1628.43,True,True
2024-01-09,Tuesday,Bull Call Spread,DOWN,False,50,-1342.5,254.41,-1596.91,True,False
2024-01-09,Tuesday,Bear Put Spread,DOWN,True,50,330.0,268.43,61.57,True,True
2024-01-09,Tuesday,Iron Condor,DOWN,False,50,1305.0,499.23,805.77,True,True
2024-01-10,Wednesday,Bull Call Spread,DOWN,False,50,1580.0,252.7,1327.3,True,True
2024-01-10,Wednesday,Bear Put Spread,DOWN,True,50,-2185.0,263.19,-2448.19,True,False
2024-01-10,Wednesday,Iron Condor,DOWN,False,50,1207.5,500.09,707.41,True,True
2024-01-11,Thursday,Bull Call Spread,UP,True,50,-907.5,246.98,-1154.48,True,False
2024-01-11,Thursday,Bear Put Spread,UP,False,50,1102.5,257.86,844.64,True,True
2024-01-11,Thursday,Iron Condor,UP,False,50,4060.0,500.42,3559.58,True,True
2024-01-12,Friday,Bull Call Spread,DOWN,False,50,2400.0,264.3,2135.7,True,True
2024-01-12,Friday,Bear Put Spread,DOWN,True,50,-3207.5,270.53,-3478.03,True,False
2024-01-12,Friday,Iron Condor,DOWN,False,50,2265.0,512.82,1752.18,True,True
2024-01-15,Monday,Bull Call Spread,UP,True,50,885.0,263.07,621.93,True,True
2024-01-15,Monday,Bear Put Spread,UP,False,50,-275.0,268.15,-543.15,True,False
2024-01-15,Monday,Iron Condor,UP,False,50,0.0,0.0,0.0,False,False
2024-01-16,Tuesday,Bull Call Spread,UP,True,50,-172.5,259.55,-432.05,True,False
2024-01-16,Tuesday,Bear Put Spread,UP,False,50,545.0,262.29,282.71,True,True
2024-01-16,Tuesday,Iron Condor,UP,False,50,-510.0,500.89,-1010.89,True,False
2024-01-17,Wednesday,Bull Call Spread,DOWN,False,50,-1315.0,255.65,-1570.65,True,False
2024-01-17,Wednesday,Bear Put Spread,DOWN,True,50,3147.5,257.47,2890.03,True,True
2024-01-17,Wednesday,Iron Condor,DOWN,False,50,1612.5,499.67,1112.83,True,True
2024-01-18,Thursday,Bull Call Spread,DOWN,False,50,-1597.5,253.34,-1850.84,True,False
2024-01-18,Thursday,Bear Put Spread,DOWN,True,50,-1870.0,255.4,-2125.4,True,False
2024-01-18,Thursday,Iron Condor,DOWN,False,50,3232.5,506.13,2726.37,True,True
2024-01-19,Friday,Bull Call Spread,UP,True,50,-202.5,267.53,-470.03,True,False
2024-01-19,Friday,Bear Put Spread,UP,False,50,-1200.0,275.6,-1475.6,True,False
2024-01-19,Friday,Iron Condor,UP,False,50,-7.5,490.99,-498.49,True,False
2024-01-23,Tuesday,Bull Call Spread,FLAT,False,50,-1955.0,261.49,-2216.49,True,False
2024-01-23,Tuesday,Bear Put Spread,FLAT,False,50,5667.5,263.31,5404.19,True,True
2024-01-23,Tuesday,Iron Condor,FLAT,True,50,622.5,493.84,128.66,True,True
2024-01-24,Wednesday,Bull Call Spread,DOWN,False,50,3642.5,262.77,3379.73,True,True
2024-01-24,Wednesday,Bear Put Spread,DOWN,True,50,-2380.0,260.78,-2640.78,True,False
2024-01-24,Wednesday,Iron Condor,DOWN,False,50,1312.5,497.11,815.39,True,True
2024-01-25,Thursday,Bull Call Spread,UP,True,50,-3457.5,257.64,-3715.14,True,False
2024-01-25,Thursday,Bear Put Spread,UP,False,50,3497.5,254.11,3243.39,True,True
2024-01-25,Thursday,Iron Condor,UP,False,50,3265.0,520.29,2744.71,True,True
2024-01-29,Monday,Bull Call Spread,DOWN,False,50,1475.0,264.52,1210.48,True,True
2024-01-29,Monday,Bear Put Spread,DOWN,True,50,235.0,291.55,-56.55,True,False
2024-01-29,Monday,Iron Condor,DOWN,False,50,1967.5,530.59,1436.91,True,True
2024-01-30,Tuesday,Bull Call Spread,UP,True,50,-1342.5,265.9,-1608.4,True,False
2024-01-30,Tuesday,Bear Put Spread,UP,False,50,2760.0,282.42,2477.58,True,True
2024-01-30,Tuesday,Iron Condor,UP,False,50,-122.5,492.2,-614.7,True,False
2024-01-31,Wednesday,Bull Call Spread,DOWN,False,50,2112.5,262.88,1849.62,True,True
2024-01-31,Wednesday,Bear Put Spread,DOWN,True,50,-2465.0,278.95,-2743.95,True,False
2024-01-31,Wednesday,Iron Condor,DOWN,False,50,1552.5,511.19,1041.31,True,True
2024-02-01,Thursday,Bull Call Spread,UP,True,50,-2857.5,262.74,-3120.24,True,False
2024-02-01,Thursday,Bear Put Spread,UP,False,50,1285.0,270.96,1014.04,True,True
2024-02-01,Thursday,Iron Condor,UP,False,50,5162.5,527.86,4634.64,True,True
2024-02-02,Friday,Bull Call Spread,FLAT,False,50,1175.0,265.5,909.5,True,True
2024-02-02,Friday,Bear Put Spread,FLAT,False,50,350.0,282.76,67.24,True,True
2024-02-02,Friday,Iron Condor,FLAT,True,50,0.0,0.0,0.0,False,False
2024-02-05,Monday,Bull Call Spread,UP,True,50,-2237.5,271.6,-2509.1,True,False
2024-02-05,Monday,Bear Put Spread,UP,False,50,3307.5,268.4,3039.1,True,True
2024-02-05,Monday,Iron Condor,UP,False,50,915.0,506.67,408.33,True,True
2024-02-06,Tuesday,Bull Call Spread,DOWN,False,50,2410.0,261.38,2148.62,True,True
2024-02-06,Tuesday,Bear Put Spread,DOWN,True,50,-95.0,278.86,-373.86,True,False
2024-02-06,Tuesday,Iron Condor,DOWN,False,50,125.0,490.32,-365.32,True,False
2024-02-07,Wednesday,Bull Call Spread,UP,True,50,-2632.5,258.42,-2890.92,True,False
2024-02-07,Wednesday,Bear Put Spread,UP,False,50,3077.5,266.75,2810.75,True,True
2024-02-07,Wednesday,Iron Condor,UP,False,50,-260.0,501.47,-761.47,True,False
2024-02-08,Thursday,Bull Call Spread,DOWN,False,50,-1747.5,251.18,-1998.68,True,False
2024-02-08,Thursday,Bear Put Spread,DOWN,True,50,3680.0,260.05,3419.95,True,True
2024-02-08,Thursday,Iron Condor,DOWN,False,50,6287.5,533.09,5754.41,True,True
2024-02-09,Friday,Bull Call Spread,DOWN,False,50,545.0,272.94,272.06,True,True
2024-02-09,Friday,Bear Put Spread,DOWN,True,50,300.0,280.96,19.04,True,True
2024-02-09,Friday,Iron Condor,DOWN,False,50,1690.0,517.97,1172.03,True,True
2024-02-12,Monday,Bull Call Spread,FLAT,False,50,-1610.0,262.92,-1872.92,True,False
2024-02-12,Monday,Bear Put Spread,FLAT,False,50,665.0,279.05,385.95,True,True
2024-02-12,Monday,Iron Condor,FLAT,True,50,1067.5,501.32,566.18,True,True
2024-02-13,Tuesday,Bull Call Spread,DOWN,False,50,1057.5,262.92,794.58,True,True
2024-02-13,Tuesday,Bear Put Spread,DOWN,True,50,-2567.5,271.64,-2839.14,True,False
2024-02-13,Tuesday,Iron Condor,DOWN,False,50,85.0,494.23,-409.23,True,False
2024-02-14,Wednesday,Bull Call Spread,UP,True,50,3385.0,255.19,3129.81,True,True
2024-02-14,Wednesday,Bear Put Spread,UP,False,50,-1622.5,266.2,-1888.7,True,False
2024-02-14,Wednesday,Iron Condor,UP,False,50,-562.5,490.93,-1053.43,True,False
2024-02-15,Thursday,Bull Call Spread,UP,True,50,-2122.5,250.97,-2373.47,True,False
2024-02-15,Thursday,Bear Put Spread,UP,False,50,80.0,256.53,-176.53,True,False
2024-02-15,Thursday,Iron Condor,UP,False,50,3977.5,504.23,3473.27,True,True
2024-02-16,Friday,Bull Call Spread,FLAT,False,50,-87.5,269.0,-356.5,True,False
2024-02-16,Friday,Bear Put Spread,FLAT,False,50,-847.5,270.53,-1118.03,True,False
2024-02-16,Friday,Iron Condor,FLAT,True,50,-35.0,490.15,-525.15,True,False
2024-02-19,Monday,Bull Call Spread,FLAT,False,50,-20.0,263.69,-283.69,True,False
2024-02-19,Monday,Bear Put Spread,FLAT,False,50,232.5,276.82,-44.32,True,False
2024-02-19,Monday,Iron Condor,FLAT,True,50,577.5,509.94,67.56,True,True
2024-02-20,Tuesday,Bull Call Spread,FLAT,False,50,490.0,262.18,227.82,True,True
2024-02-20,Tuesday,Bear Put Spread,FLAT,False,50,-537.5,271.54,-809.04,True,False
2024-02-20,Tuesday,Iron Condor,FLAT,True,50,1055.0,504.98,550.02,True,True
2024-02-21,Wednesday,Bull Call Spread,UP,True,50,-2442.5,257.96,-2700.46,True,False
2024-02-21,Wednesday,Bear Put Spread,UP,False,50,2692.5,263.51,2428.99,True,True
2024-02-21,Wednesday,Iron Condor,UP,False,50,480.0,491.33,-11.33,True,False
2024-02-22,Thursday,Bull Call Spread,DOWN,False,50,3807.5,249.45,3558.05,True,True
2024-02-22,Thursday,Bear Put Spread,DOWN,True,50,-5522.5,263.12,-5785.62,True,False
2024-02-22,Thursday,Iron Condor,DOWN,False,50,6522.5,524.3,5998.2,True,True
2024-02-23,Friday,Bull Call Spread,UP,True,50,562.5,272.7,289.8,True,True
2024-02-23,Friday,Bear Put Spread,UP,False,50,827.5,275.98,551.52,True,True
2024-02-23,Friday,Iron Condor,UP,False,50,15.0,490.55,-475.55,True,False
2024-02-26,Monday,Bull Call Spread,DOWN,False,50,-852.5,270.54,-1123.04,True,False
2024-02-26,Monday,Bear Put Spread,DOWN,True,50,42.5,269.71,-227.21,True,False
2024-02-26,Monday,Iron Condor,DOWN,False,50,42.5,489.81,-447.31,True,False
2024-02-27,Tuesday,Bull Call Spread,FLAT,False,50,682.5,267.75,414.75,True,True
2024-02-27,Tuesday,Bear Put Spread,FLAT,False,50,-1277.5,264.77,-1542.27,True,False
2024-02-27,Tuesday,Iron Condor,FLAT,True,50,102.5,490.07,-387.57,True,False
2024-02-28,Wednesday,Bull Call Spread,UP,True,50,-2522.5,260.27,-2782.77,True,False
2024-02-28,Wednesday,Bear Put Spread,UP,False,50,3837.5,261.08,3576.42,True,True
2024-02-28,Wednesday,Iron Condor,UP,False,50,2455.0,505.11,1949.89,True,True
2024-02-29,Thursday,Bull Call Spread,DOWN,False,50,60.0,258.41,-198.41,True,False
2024-02-29,Thursday,Bear Put Spread,DOWN,True,50,-2170.0,254.98,-2424.98,True,False
2024-02-29,Thursday,Iron Condor,DOWN,False,50,3350.0,516.36,2833.64,True,True
2024-03-01,Friday,Bull Call Spread,UP,True,50,1367.5,265.83,1101.67,True,True
2024-03-01,Friday,Bear Put Spread,UP,False,50,-1867.5,281.87,-2149.37,True,False
2024-03-01,Friday,Iron Condor,UP,False,50,-132.5,505.73,-638.23,True,False
2024-03-04,Monday,Bull Call Spread,UP,True,50,-1042.5,261.23,-1303.73,True,False
2024-03-04,Monday,Bear Put Spread,UP,False,50,307.5,276.3,31.2,True,True
2024-03-04,Monday,Iron Condor,UP,False,50,117.5,501.01,-383.51,True,False
2024-03-05,Tuesday,Bull Call Spread,FLAT,False,50,-375.0,254.04,-629.04,True,False
2024-03-05,Tuesday,Bear Put Spread,FLAT,False,50,165.0,279.11,-114.11,True,False
2024-03-05,Tuesday,Iron Condor,FLAT,True,50,245.0,499.68,-254.68,True,False
2024-03-06,Wednesday,Bull Call Spread,DOWN,False,50,2455.0,253.71,2201.29,True,True
2024-03-06,Wednesday,Bear Put Spread,DOWN,True,50,-2477.5,265.76,-2743.26,True,False
2024-03-06,Wednesday,Iron Condor,DOWN,False,50,385.0,492.0,-107.0,True,False
2024-03-07,Thursday,Bull Call Spread,UP,True,50,-1107.5,247.6,-1355.1,True,False
2024-03-07,Thursday,Bear Put Spread,UP,False,50,677.5,260.41,417.09,True,True
2024-03-07,Thursday,Iron Condor,UP,False,50,3297.5,502.73,2794.77,True,True
2024-03-11,Monday,Bull Call Spread,FLAT,False,50,-1480.0,257.67,-1737.67,True,False
2024-03-11,Monday,Bear Put Spread,FLAT,False,50,812.5,276.9,535.6,True,True
2024-03-11,Monday,Iron Condor,FLAT,True,50,110.0,490.35,-380.35,True,False
2024-03-12,Tuesday,Bull Call Spread,DOWN,False,50,-190.0,256.18,-446.18,True,False
2024-03-12,Tuesday,Bear Put Spread,DOWN,True,50,-150.0,272.81,-422.81,True,False
2024-03-12,Tuesday,Iron Condor,DOWN,False,50,207.5,500.04,-292.54,True,False
2024-03-13,Wednesday,Bull Call Spread,FLAT,False,50,-2092.5,253.56,-2346.06,True,False
2024-03-13,Wednesday,Bear Put Spread,FLAT,False,50,4477.5,264.62,4212.88,True,True
2024-03-13,Wednesday,Iron Condor,FLAT,True,50,1815.0,498.15,1316.85,True,True
2024-03-14,Thursday,Bull Call Spread,DOWN,False,50,1497.5,247.99,1249.51,True,True
2024-03-14,Thursday,Bear Put Spread,DOWN,True,50,-5285.0,272.39,-5557.39,True,False
2024-03-14,Thursday,Iron Condor,DOWN,False,50,6295.0,520.27,5774.73,True,True
2024-03-15,Friday,Bull Call Spread,UP,True,50,-350.0,265.41,-615.41,True,False
2024-03-15,Friday,Bear Put Spread,UP,False,50,-82.5,279.58,-362.08,True,False
2024-03-15,Friday,Iron Condor,UP,False,50,-10.0,489.79,-499.79,True,False
2024-03-18,Monday,Bull Call Spread,FLAT,False,50,-360.0,258.22,-618.22,True,False
2024-03-18,Monday,Bear Put Spread,FLAT,False,50,-1307.5,279.58,-1587.08,True,False
2024-03-18,Monday,Iron Condor,FLAT,True,50,37.5,489.57,-452.07,True,False
2024-03-19,Tuesday,Bull Call Spread,FLAT,False,50,-1267.5,260.66,-1528.16,True,False
2024-03-19,Tuesday,Bear Put Spread,FLAT,False,50,2922.5,267.62,2654.88,True,True
2024-03-19,Tuesday,Iron Condor,FLAT,True,50,2945.0,509.59,2435.41,True,True
2024-03-20,Wednesday,Bull Call Spread,DOWN,False,50,-190.0,256.34,-446.34,True,False
2024-03-20,Wednesday,Bear Put Spread,DOWN,True,50,-235.0,265.54,-500.54,True,False
2024-03-20,Wednesday,Iron Condor,DOWN,False,50,575.0,497.25,77.75,True,True
2024-03-21,Thursday,Bull Call Spread,FLAT,False,50,-1327.5,248.48,-1575.98,True,False
2024-03-21,Thursday,Bear Put Spread,FLAT,False,50,-1605.0,263.87,-1868.87,True,False
2024-03-21,Thursday,Iron Condor,FLAT,True,50,3957.5,505.01,3452.49,True,True
2024-03-22,Friday,Bull Call Spread,FLAT,False,50,-175.0,269.87,-444.87,True,False
2024-03-22,Friday,Bear Put Spread,FLAT,False,50,-365.0,268.27,-633.27,True,False
2024-03-22,Friday,Iron Condor,FLAT,True,50,970.0,507.23,462.77,True,True
2024-03-26,Tuesday,Bull Call Spread,UP,True,50,1125.0,263.07,861.93,True,True
2024-03-26,Tuesday,Bear Put Spread,UP,False,50,395.0,261.15,133.85,True,True
2024-03-26,Tuesday,Iron Condor,UP,False,50,582.5,505.54,76.96,True,True
2024-03-27,Wednesday,Bull Call Spread,UP,True,50,612.5,258.58,353.92,True,True
2024-03-27,Wednesday,Bear Put Spread,UP,False,50,-1245.0,257.55,-1502.55,True,False
2024-03-27,Wednesday,Iron Condor,UP,False,50,927.5,498.58,428.92,True,True
2024-03-28,Thursday,Bull Call Spread,UP,True,50,2897.5,251.02,2646.48,True,True
2024-03-28,Thursday,Bear Put Spread,UP,False,50,-705.0,249.52,-954.52,True,False
2024-03-28,Thursday,Iron Condor,UP,False,50,3660.0,506.25,3153.75,True,True
2024-04-01,Monday,Bull Call Spread,UP,True,50,-277.5,258.11,-535.61,True,False
2024-04-01,Monday,Bear Put Spread,UP,False,50,535.0,273.31,261.69,True,True
2024-04-01,Monday,Iron Condor,UP,False,50,-267.5,515.88,-783.38,True,False
2024-04-02,Tuesday,Bull Call Spread,UP,True,50,-345.0,252.35,-597.35,True,False
2024-04-02,Tuesday,Bear Put Spread,UP,False,50,-582.5,276.1,-858.6,True,False
2024-04-02,Tuesday,Iron Condor,UP,False,50,177.5,490.77,-313.27,True,False
2024-04-03,Wednesday,Bull Call Spread,FLAT,False,50,-12.5,250.33,-262.83,True,False
2024-04-03,Wednesday,Bear Put Spread,FLAT,False,50,-272.5,266.53,-539.03,True,False
2024-04-03,Wednesday,Iron Condor,FLAT,True,50,87.5,495.54,-408.04,True,False
2024-04-04,Thursday,Bull Call Spread,UP,True,50,-1075.0,247.26,-1322.26,True,False
2024-04-04,Thursday,Bear Put Spread,UP,False,50,2060.0,261.77,1798.23,True,True
2024-04-04,Thursday,Iron Condor,UP,False,50,847.5,494.18,353.32,True,True
2024-04-05,Friday,Bull Call Spread,FLAT,False,50,-960.0,265.41,-1225.41,True,False
2024-04-05,Friday,Bear Put Spread,FLAT,False,50,-75.0,269.09,-344.09,True,False
2024-04-05,Friday,Iron Condor,FLAT,True,50,62.5,510.71,-448.21,True,False
2024-04-08,Monday,Bull Call Spread,FLAT,False,50,1105.0,255.68,849.32,True,True
2024-04-08,Monday,Bear Put Spread,FLAT,False,50,-762.5,268.13,-1030.63,True,False
2024-04-08,Monday,Iron Condor,FLAT,True,50,705.0,503.21,201.79,True,True
2024-04-09,Tuesday,Bull Call Spread,UP,True,50,-1452.5,250.91,-1703.41,True,False
2024-04-09,Tuesday,Bear Put Spread,UP,False,50,1430.0,261.69,1168.31,True,True
2024-04-09,Tuesday,Iron Condor,UP,False,50,405.0,493.73,-88.73,True,False
2024-04-10,Wednesday,Bull Call Spread,DOWN,False,50,-680.0,246.32,-926.32,True,False
2024-04-10,Wednesday,Bear Put Spread,DOWN,True,50,-950.0,260.63,-1210.63,True,False
2024-04-10,Wednesday,Iron Condor,DOWN,False,50,2982.5,499.62,2482.88,True,True
2024-04-12,Friday,Bull Call Spread,FLAT,False,50,-1317.5,262.54,-1580.04,True,False
2024-04-12,Friday,Bear Put Spread,FLAT,False,50,515.0,273.6,241.4,True,True
2024-04-12,Friday,Iron Condor,FLAT,True,50,1795.0,515.33,1279.67,True,True
2024-04-15,Monday,Bull Call Spread,DOWN,False,50,450.0,265.79,184.21,True,True
2024-04-15,Monday,Bear Put Spread,DOWN,True,50,1352.5,259.79,1092.71,True,True
2024-04-15,Monday,Iron Condor,DOWN,False,50,-307.5,495.86,-803.36,True,False
2024-04-16,Tuesday,Bull Call Spread,DOWN,False,50,-132.5,257.19,-389.69,True,False
2024-04-16,Tuesday,Bear Put Spread,DOWN,True,50,-315.0,261.97,-576.97,True,False
2024-04-16,Tuesday,Iron Condor,DOWN,False,50,-5.0,498.46,-503.46,True,False
2024-04-18,Thursday,Bull Call Spread,FLAT,False,50,-1475.0,250.0,-1725.0,True,False
2024-04-18,Thursday,Bear Put Spread,FLAT,False,50,4525.0,258.22,4266.78,True,True
2024-04-18,Thursday,Iron Condor,FLAT,True,50,5680.0,526.6,5153.4,True,True
2024-04-19,Friday,Bull Call Spread,DOWN,False,50,-445.0,266.64,-711.64,True,False
2024-04-19,Friday,Bear Put Spread,DOWN,True,50,790.0,280.1,509.9,True,True
2024-04-19,Friday,Iron Condor,DOWN,False,50,-815.0,524.95,-1339.95,True,False
2024-04-22,Monday,Bull Call Spread,UP,True,50,1742.5,267.65,1474.85,True,True
2024-04-22,Monday,Bear Put Spread,UP,False,50,-1357.5,268.13,-1625.63,True,False
2024-04-22,Monday,Iron Condor,UP,False,50,695.0,499.65,195.35,True,True
2024-04-23,Tuesday,Bull Call Spread,UP,True,50,-515.0,257.66,-772.66,True,False
2024-04-23,Tuesday,Bear Put Spread,UP,False,50,742.5,265.69,476.81,True,True
2024-04-23,Tuesday,Iron Condor,UP,False,50,-87.5,492.33,-579.83,True,False
2024-04-24,Wednesday,Bull Call Spread,DOWN,False,50,-782.5,253.05,-1035.55,True,False
2024-04-24,Wednesday,Bear Put Spread,DOWN,True,50,272.5,259.05,13.45,True,True
2024-04-24,Wednesday,Iron Condor,DOWN,False,50,432.5,495.63,-63.13,True,False
2024-04-25,Thursday,Bull Call Spread,FLAT,False,50,5087.5,251.33,4836.17,True,True
2024-04-25,Thursday,Bear Put Spread,FLAT,False,50,-1937.5,251.41,-2188.91,True,False
2024-04-25,Thursday,Iron Condor,FLAT,True,50,6635.0,530.09,6104.91,True,True
2024-04-26,Friday,Bull Call Spread,UP,True,25,-843.75,177.01,-1020.76,True,False
2024-04-26,Friday,Bear Put Spread,UP,False,25,1006.25,186.36,819.89,True,True
2024-04-26,Friday,Iron Condor,UP,False,25,-17.5,339.56,-357.06,True,False
2024-04-29,Monday,Bull Call Spread,DOWN,False,25,843.75,176.74,667.01,True,True
2024-04-29,Monday,Bear Put Spread,DOWN,True,25,-1265.0,185.62,-1450.62,True,False
2024-04-29,Monday,Iron Condor,DOWN,False,25,908.75,349.86,558.89,True,True
2024-04-30,Tuesday,Bull Call Spread,UP,True,25,-482.5,173.79,-656.29,True,False
2024-04-30,Tuesday,Bear Put Spread,UP,False,25,222.5,180.33,42.17,True,True
2024-04-30,Tuesday,Iron Condor,UP,False,25,62.5,339.78,-277.28,True,False
2024-05-02,Thursday,Bull Call Spread,FLAT,False,25,-982.5,172.19,-1154.69,True,False
2024-05-02,Thursday,Bear Put Spread,FLAT,False,25,-695.0,178.85,-873.85,True,False
2024-05-02,Thursday,Iron Condor,FLAT,True,25,2456.25,348.6,2107.65,True,True
2024-05-03,Friday,Bull Call Spread,UP,True,25,-380.0,177.05,-557.05,True,False
2024-05-03,Friday,Bear Put Spread,UP,False,25,2658.75,179.46,2479.29,True,True
2024-05-03,Friday,Iron Condor,UP,False,25,235.0,350.09,-115.09,True,False
2024-05-06,Monday,Bull Call Spread,DOWN,False,25,-583.75,177.41,-761.16,True,False
2024-05-06,Monday,Bear Put Spread,DOWN,True,25,1187.5,184.7,1002.8,True,True
2024-05-06,Monday,Iron Condor,DOWN,False,25,93.75,341.36,-247.61,True,False
2024-05-07,Tuesday,Bull Call Spread,DOWN,False,25,-707.5,176.97,-884.47,True,False
2024-05-07,Tuesday,Bear Put Spread,DOWN,True,25,703.75,181.89,521.86,True,True
2024-05-07,Tuesday,Iron Condor,DOWN,False,25,-47.5,340.29,-387.79,True,False
2024-05-08,Wednesday,Bull Call Spread,DOWN,False,25,406.25,174.85,231.4,True,True
2024-05-08,Wednesday,Bear Put Spread,DOWN,True,25,-258.75,181.03,-439.78,True,False
2024-05-08,Wednesday,Iron Condor,DOWN,False,25,255.0,340.67,-85.67,True,False
2024-05-09,Thursday,Bull Call Spread,FLAT,False,25,-818.75,172.0,-990.75,True,False
2024-05-09,Thursday,Bear Put Spread,FLAT,False,25,2070.0,177.74,1892.26,True,True
2024-05-09,Thursday,Iron Condor,FLAT,True,25,3276.25,362.28,2913.97,True,True
2024-05-10,Friday,Bull Call Spread,DOWN,False,25,-42.5,180.69,-223.19,True,False
2024-05-10,Friday,Bear Put Spread,DOWN,True,25,475.0,188.59,286.41,True,True
2024-05-10,Friday,Iron Condor,DOWN,False,25,-10.0,339.91,-349.91,True,False
2024-05-13,Monday,Bull Call Spread,FLAT,False,25,433.75,179.81,253.94,True,True
2024-05-13,Monday,Bear Put Spread,FLAT,False,25,-1196.25,186.41,-1382.66,True,False
2024-05-13,Monday,Iron Condor,FLAT,True,25,17.5,339.32,-321.82,True,False
2024-05-14,Tuesday,Bull Call Spread,UP,True,25,557.5,176.36,381.14,True,True
2024-05-14,Tuesday,Bear Put Spread,UP,False,25,-566.25,182.18,-748.43,True,False
2024-05-14,Tuesday,Iron Condor,UP,False,25,423.75,344.04,79.71,True,True
2024-05-15,Wednesday,Bull Call Spread,UP,True,25,-453.75,173.01,-626.76,True,False
2024-05-15,Wednesday,Bear Put Spread,UP,False,25,621.25,180.87,440.38,True,True
2024-05-15,Wednesday,Iron Condor,UP,False,25,263.75,341.41,-77.66,True,False
2024-05-16,Thursday,Bull Call Spread,FLAT,False,25,-228.75,170.75,-399.5,True,False
2024-05-16,Thursday,Bear Put Spread,FLAT,False,25,-2335.0,180.52,-2515.52,True,False
2024-05-16,Thursday,Iron Condor,FLAT,True,25,2551.25,350.69,2200.56,True,True
2024-05-17,Friday,Bull Call Spread,UP,True,25,132.5,179.65,-47.15,True,False
2024-05-17,Friday,Bear Put Spread,UP,False,25,-273.75,185.5,-459.25,True,False
2024-05-17,Friday,Iron Condor,UP,False,25,70.0,340.33,-270.33,True,False
2024-05-21,Tuesday,Bull Call Spread,FLAT,False,25,738.75,176.55,562.2,True,True
2024-05-21,Tuesday,Bear Put Spread,FLAT,False,25,-267.5,179.7,-447.2,True,False
2024-05-21,Tuesday,Iron Condor,FLAT,True,25,265.0,349.46,-84.46,True,False
2024-05-22,Wednesday,Bull Call Spread,UP,True,25,260.0,174.53,85.47,True,True
2024-05-22,Wednesday,Bear Put Spread,UP,False,25,-902.5,179.35,-1081.85,True,False
2024-05-22,Wednesday,Iron Condor,UP,False,25,105.0,339.56,-234.56,True,False
2024-05-23,Thursday,Bull Call Spread,FLAT,False,25,3091.25,172.12,2919.13,True,True
2024-05-23,Thursday,Bear Put Spread,FLAT,False,25,-1593.75,175.73,-1769.48,True,False
2024-05-23,Thursday,Iron Condor,FLAT,True,25,3180.0,368.25,2811.75,True,True
2024-05-24,Friday,Bull Call Spread,UP,True,25,-75.0,184.09,-259.09,True,False
2024-05-24,Friday,Bear Put Spread,UP,False,25,-365.0,184.96,-549.96,True,False
2024-05-24,Friday,Iron Condor,UP,False,25,383.75,354.56,29.19,True,True
2024-05-27,Monday,Bull Call Spread,FLAT,False,25,-212.5,180.53,-393.03,True,False
2024-05-27,Monday,Bear Put Spread,FLAT,False,25,436.25,183.13,253.12,True,True
2024-05-27,Monday,Iron Condor,FLAT,True,25,-355.0,349.82,-704.82,True,False
2024-05-28,Tuesday,Bull Call Spread,DOWN,False,25,-598.75,178.85,-777.6,True,False
2024-05-28,Tuesday,Bear Put Spread,DOWN,True,25,38.75,181.47,-142.72,True,False
2024-05-28,Tuesday,Iron Condor,DOWN,False,25,18.75,340.46,-321.71,True,False
2024-05-29,Wednesday,Bull Call Spread,DOWN,False,25,-572.5,177.73,-750.23,True,False
2024-05-29,Wednesday,Bear Put Spread,DOWN,True,25,1092.5,177.96,914.54,True,True
2024-05-29,Wednesday,Iron Condor,DOWN,False,25,52.5,339.27,-286.77,True,False
2024-05-30,Thursday,Bull Call Spread,DOWN,False,25,-807.5,173.43,-980.93,True,False
2024-05-30,Thursday,Bear Put Spread,DOWN,True,25,2532.5,176.63,2355.87,True,True
2024-05-30,Thursday,Iron Condor,DOWN,False,25,1897.5,354.96,1542.54,True,True
2024-05-31,Friday,Bull Call Spread,DOWN,False,25,341.25,208.88,132.37,True,True
2024-05-31,Friday,Bear Put Spread,DOWN,True,25,0.0,0.0,0.0,False,False
2024-05-31,Friday,Iron Condor,DOWN,False,25,0.0,0.0,0.0,False,False
2024-06-03,Monday,Bull Call Spread,FLAT,False,25,-846.25,192.7,-1038.95,True,False
2024-06-03,Monday,Bear Put Spread,FLAT,False,25,635.0,215.68,419.32,True,True
2024-06-03,Monday,Iron Condor,FLAT,True,25,0.0,0.0,0.0,False,False
2024-06-04,Tuesday,Bull Call Spread,DOWN,False,25,-586.25,216.05,-802.3,True,False
2024-06-04,Tuesday,Bear Put Spread,DOWN,True,25,1871.25,195.91,1675.34,True,True
2024-06-04,Tuesday,Iron Condor,DOWN,False,25,0.0,0.0,0.0,False,False
2024-06-05,Wednesday,Bull Call Spread,DOWN,False,25,943.75,197.76,745.99,True,True
2024-06-05,Wednesday,Bear Put Spread,DOWN,True,25,-652.5,191.6,-844.1,True,False
2024-06-05,Wednesday,Iron Condor,DOWN,False,25,0.0,0.0,0.0,False,False
2024-06-06,Thursday,Bull Call Spread,UP,True,25,-110.0,179.96,-289.96,True,False
2024-06-06,Thursday,Bear Put Spread,UP,False,25,-2005.0,184.86,-2189.86,True,False
2024-06-06,Thursday,Iron Condor,UP,False,25,2695.0,360.92,2334.08,True,True
2024-06-07,Friday,Bull Call Spread,UP,True,25,542.5,188.47,354.03,True,True
2024-06-07,Friday,Bear Put Spread,UP,False,25,-1086.25,192.31,-1278.56,True,False
2024-06-07,Friday,Iron Condor,UP,False,25,307.5,371.89,-64.39,True,False
2024-06-10,Monday,Bull Call Spread,UP,True,25,-431.25,188.69,-619.94,True,False
2024-06-10,Monday,Bear Put Spread,UP,False,25,-16.25,188.65,-204.9,True,False
2024-06-10,Monday,Iron Condor,UP,False,25,-218.75,349.61,-568.36,True,False
2024-06-11,Tuesday,Bull Call Spread,FLAT,False,25,-97.5,184.03,-281.53,True,False
2024-06-11,Tuesday,Bear Put Spread,FLAT,False,25,-588.75,186.92,-775.67,True,False
2024-06-11,Tuesday,Iron Condor,FLAT,True,25,112.5,340.48,-227.98,True,False
2024-06-12,Wednesday,Bull Call Spread,FLAT,False,25,-107.5,177.86,-285.36,True,False
2024-06-12,Wednesday,Bear Put Spread,FLAT,False,25,-526.25,179.03,-705.28,True,False
2024-06-12,Wednesday,Iron Condor,FLAT,True,25,171.25,340.98,-169.73,True,False
2024-06-13,Thursday,Bull Call Spread,FLAT,False,25,-1107.5,173.93,-1281.43,True,False
2024-06-13,Thursday,Bear Put Spread,FLAT,False,25,-235.0,175.57,-410.57,True,False
2024-06-13,Thursday,Iron Condor,FLAT,True,25,2463.75,349.98,2113.77,True,True
2024-06-14,Friday,Bull Call Spread,DOWN,False,25,291.25,181.18,110.07,True,True
2024-06-14,Friday,Bear Put Spread,DOWN,True,25,-98.75,180.83,-279.58,True,False
2024-06-14,Friday,Iron Condor,DOWN,False,25,127.5,350.74,-223.24,True,False
2024-06-18,Tuesday,Bull Call Spread,FLAT,False,25,61.25,178.86,-117.61,True,False
2024-06-18,Tuesday,Bear Put Spread,FLAT,False,25,140.0,176.53,-36.53,True,False
2024-06-18,Tuesday,Iron Condor,FLAT,True,25,181.25,340.08,-158.83,True,False
2024-06-19,Wednesday,Bull Call Spread,FLAT,False,25,-526.25,175.21,-701.46,True,False
2024-06-19,Wednesday,Bear Put Spread,FLAT,False,25,870.0,175.44,694.56,True,True
2024-06-19,Wednesday,Iron Condor,FLAT,True,25,26.25,339.29,-313.04,True,False
2024-06-20,Thursday,Bull Call Spread,DOWN,False,25,-608.75,173.85,-782.6,True,False
2024-06-20,Thursday,Bear Put Spread,DOWN,True,25,-1103.75,175.16,-1278.91,True,False
2024-06-20,Thursday,Iron Condor,DOWN,False,25,1820.0,347.59,1472.41,True,True
2024-06-21,Friday,Bull Call Spread,FLAT,False,25,-216.25,182.45,-398.7,True,False
2024-06-21,Friday,Bear Put Spread,FLAT,False,25,753.75,179.68,574.07,True,True
2024-06-21,Friday,Iron Condor,FLAT,True,25,223.75,341.62,-117.87,True,False
2024-06-24,Monday,Bull Call Spread,DOWN,False,25,1071.25,181.08,890.17,True,True
2024-06-24,Monday,Bear Put Spread,DOWN,True,25,-470.0,179.99,-649.99,True,False
2024-06-24,Monday,Iron Condor,DOWN,False,25,187.5,341.15,-153.65,True,False
2024-06-25,Tuesday,Bull Call Spread,UP,True,25,1032.5,179.09,853.41,True,True
2024-06-25,Tuesday,Bear Put Spread,UP,False,25,-1017.5,178.53,-1196.03,True,False
2024-06-25,Tuesday,Iron Condor,UP,False,25,-80.0,340.17,-420.17,True,False
2024-06-26,Wednesday,Bull Call Spread,UP,True,25,758.75,176.19,582.56,True,True
2024-06-26,Wednesday,Bear Put Spread,UP,False,25,-800.0,178.56,-978.56,True,False
2024-06-26,Wednesday,Iron Condor,UP,False,25,-361.25,340.19,-701.44,True,False
2024-06-27,Thursday,Bull Call Spread,UP,True,25,2026.25,177.73,1848.52,True,True
2024-06-27,Thursday,Bear Put Spread,UP,False,25,-622.5,172.43,-794.93,True,False
2024-06-27,Thursday,Iron Condor,UP,False,25,2713.75,354.02,2359.73,True,True
2024-06-28,Friday,Bull Call Spread,UP,True,25,-257.5,179.73,-437.23,True,False
2024-06-28,Friday,Bear Put Spread,UP,False,25,343.75,188.14,155.61,True,True
2024-06-28,Friday,Iron Condor,UP,False,25,23.75,339.94,-316.19,True,False
2024-07-01,Monday,Bull Call Spread,FLAT,False,25,-28.75,179.83,-208.58,True,False
2024-07-01,Monday,Bear Put Spread,FLAT,False,25,-280.0,185.05,-465.05,True,False
2024-07-01,Monday,Iron Condor,FLAT,True,25,658.75,349.63,309.12,True,True
2024-07-02,Tuesday,Bull Call Spread,UP,True,25,-386.25,176.18,-562.43,True,False
2024-07-02,Tuesday,Bear Put Spread,UP,False,25,-101.25,181.68,-282.93,True,False
2024-07-02,Tuesday,Iron Condor,UP,False,25,61.25,343.91,-282.66,True,False
2024-07-03,Wednesday,Bull Call Spread,FLAT,False,25,297.5,174.24,123.26,True,True
2024-07-03,Wednesday,Bear Put Spread,FLAT,False,25,-27.5,178.64,-206.14,True,False
2024-07-03,Wednesday,Iron Condor,FLAT,True,25,52.5,340.62,-288.12,True,False
2024-07-04,Thursday,Bull Call Spread,FLAT,False,25,-798.75,171.96,-970.71,True,False
2024-07-04,Thursday,Bear Put Spread,FLAT,False,25,441.25,177.96,263.29,True,True
2024-07-04,Thursday,Iron Condor,FLAT,True,25,1745.0,346.76,1398.24,True,True
2024-07-05,Friday,Bull Call Spread,DOWN,False,25,147.5,179.68,-32.18,True,False
2024-07-05,Friday,Bear Put Spread,DOWN,True,25,78.75,182.47,-103.72,True,False
2024-07-05,Friday,Iron Condor,DOWN,False,25,296.25,343.39,-47.14,True,False
2024-07-08,Monday,Bull Call Spread,UP,True,25,-138.75,170.87,-309.62,True,False
2024-07-08,Monday,Bear Put Spread,UP,False,25,281.25,200.64,80.61,True,True
2024-07-08,Monday,Iron Condor,UP,False,25,73.75,341.16,-267.41,True,False
2024-07-09,Tuesday,Bull Call Spread,FLAT,False,25,103.75,170.81,-67.06,True,False
2024-07-09,Tuesday,Bear Put Spread,FLAT,False,25,-850.0,195.72,-1045.72,True,False
2024-07-09,Tuesday,Iron Condor,FLAT,True,25,198.75,340.1,-141.35,True,False
2024-07-10,Wednesday,Bull Call Spread,UP,True,25,-480.0,170.98,-650.98,True,False
2024-07-10,Wednesday,Bear Put Spread,UP,False,25,930.0,182.9,747.1,True,True
2024-07-10,Wednesday,Iron Condor,UP,False,25,816.25,342.93,473.32,True,True
2024-07-11,Thursday,Bull Call Spread,DOWN,False,25,-913.75,172.55,-1086.3,True,False
2024-07-11,Thursday,Bear Put Spread,DOWN,True,25,1268.75,175.22,1093.53,True,True
2024-07-11,Thursday,Iron Condor,DOWN,False,25,1761.25,345.81,1415.44,True,True
2024-07-12,Friday,Bull Call Spread,FLAT,False,25,441.25,172.47,268.78,True,True
2024-07-12,Friday,Bear Put Spread,FLAT,False,25,-876.25,194.27,-1070.52,True,False
2024-07-12,Friday,Iron Condor,FLAT,True,25,-21.25,340.53,-361.78,True,False
2024-07-15,Monday,Bull Call Spread,UP,True,25,-106.25,177.21,-283.46,True,False
2024-07-15,Monday,Bear Put Spread,UP,False,25,-262.5,179.41,-441.91,True,False
2024-07-15,Monday,Iron Condor,UP,False,25,95.0,346.38,-251.38,True,False
2024-07-16,Tuesday,Bull Call Spread,FLAT,False,25,-171.25,170.47,-341.72,True,False
2024-07-16,Tuesday,Bear Put Spread,FLAT,False,25,228.75,191.81,36.94,True,True
2024-07-16,Tuesday,Iron Condor,FLAT,True,25,80.0,339.48,-259.48,True,False
2024-07-18,Thursday,Bull Call Spread,FLAT,False,25,1848.75,176.29,1672.46,True,True
2024-07-18,Thursday,Bear Put Spread,FLAT,False,25,-1422.5,173.9,-1596.4,True,False
2024-07-18,Thursday,Iron Condor,FLAT,True,25,2542.5,355.21,2187.29,True,True
2024-07-19,Friday,Bull Call Spread,UP,True,25,-1042.5,193.95,-1236.45,True,False
2024-07-19,Friday,Bear Put Spread,UP,False,25,715.0,188.19,526.81,True,True
2024-07-19,Friday,Iron Condor,UP,False,25,100.0,341.77,-241.77,True,False
2024-07-22,Monday,Bull Call Spread,DOWN,False,25,-198.75,192.75,-391.5,True,False
2024-07-22,Monday,Bear Put Spread,DOWN,True,25,323.75,188.87,134.88,True,True
2024-07-22,Monday,Iron Condor,DOWN,False,25,503.75,346.45,157.3,True,True
2024-07-23,Tuesday,Bull Call Spread,FLAT,False,25,-555.0,185.7,-740.7,True,False
2024-07-23,Tuesday,Bear Put Spread,FLAT,False,25,851.25,192.14,659.11,True,True
2024-07-23,Tuesday,Iron Condor,FLAT,True,25,656.25,349.48,306.77,True,True
2024-07-24,Wednesday,Bull Call Spread,FLAT,False,25,-132.5,179.71,-312.21,True,False
2024-07-24,Wednesday,Bear Put Spread,FLAT,False,25,228.75,177.47,51.28,True,True
2024-07-24,Wednesday,Iron Condor,FLAT,True,25,118.75,340.44,-221.69,True,False
2024-07-25,Thursday,Bull Call Spread,FLAT,False,25,2041.25,176.18,1865.07,True,True
2024-07-25,Thursday,Bear Put Spread,FLAT,False,25,-1118.75,173.14,-1291.89,True,False
2024-07-25,Thursday,Iron Condor,FLAT,True,25,2032.5,352.62,1679.88,True,True
2024-07-26,Friday,Bull Call Spread,UP,True,25,1978.75,175.39,1803.36,True,True
2024-07-26,Friday,Bear Put Spread,UP,False,25,-1597.5,193.84,-1791.34,True,False
2024-07-26,Friday,Iron Condor,UP,False,25,0.0,0.0,0.0,False,False
2024-07-29,Monday,Bull Call Spread,UP,True,25,-453.75,173.84,-627.59,True,False
2024-07-29,Monday,Bear Put Spread,UP,False,25,866.25,187.6,678.65,True,True
2024-07-29,Monday,Iron Condor,UP,False,25,150.0,339.98,-189.98,True,False
2024-07-30,Tuesday,Bull Call Spread,DOWN,False,25,42.5,173.18,-130.68,True,False
2024-07-30,Tuesday,Bear Put Spread,DOWN,True,25,-278.75,188.75,-467.5,True,False
2024-07-30,Tuesday,Iron Condor,DOWN,False,25,20.0,339.45,-319.45,True,False
2024-07-31,Wednesday,Bull Call Spread,FLAT,False,25,157.5,171.71,-14.21,True,False
2024-07-31,Wednesday,Bear Put Spread,FLAT,False,25,-65.0,186.31,-251.31,True,False
2024-07-31,Wednesday,Iron Condor,FLAT,True,25,88.75,339.9,-251.15,True,False
2024-08-01,Thursday,Bull Call Spread,UP,True,25,-228.75,170.35,-399.1,True,False
2024-08-01,Thursday,Bear Put Spread,UP,False,25,1270.0,184.9,1085.1,True,True
2024-08-01,Thursday,Iron Condor,UP,False,25,1936.25,348.38,1587.87,True,True
2024-08-02,Friday,Bull Call Spread,FLAT,False,25,-383.75,177.12,-560.87,True,False
2024-08-02,Friday,Bear Put Spread,FLAT,False,25,1012.5,186.71,825.79,True,True
2024-08-02,Friday,Iron Condor,FLAT,True,25,82.5,339.89,-257.39,True,False
2024-08-05,Monday,Bull Call Spread,DOWN,False,25,-283.75,174.92,-458.67,True,False
2024-08-05,Monday,Bear Put Spread,DOWN,True,25,1792.5,188.86,1603.64,True,True
2024-08-05,Monday,Iron Condor,DOWN,False,25,-798.75,344.93,-1143.68,True,False
2024-08-06,Tuesday,Bull Call Spread,DOWN,False,25,-825.0,177.74,-1002.74,True,False
2024-08-06,Tuesday,Bear Put Spread,DOWN,True,25,536.25,190.8,345.45,True,True
2024-08-06,Tuesday,Iron Condor,DOWN,False,25,0.0,0.0,0.0,False,False
2024-08-07,Wednesday,Bull Call Spread,DOWN,False,25,81.25,174.16,-92.91,True,False
2024-08-07,Wednesday,Bear Put Spread,DOWN,True,25,-571.25,186.68,-757.93,True,False
2024-08-07,Wednesday,Iron Condor,DOWN,False,25,193.75,343.37,-149.62,True,False
2024-08-08,Thursday,Bull Call Spread,UP,True,25,-1373.75,175.24,-1548.99,True,False
2024-08-08,Thursday,Bear Put Spread,UP,False,25,2210.0,178.35,2031.65,True,True
2024-08-08,Thursday,Iron Condor,UP,False,25,1861.25,353.26,1507.99,True,True
2024-08-09,Friday,Bull Call Spread,DOWN,False,25,23.75,175.91,-152.16,True,False
2024-08-09,Friday,Bear Put Spread,DOWN,True,25,-865.0,196.77,-1061.77,True,False
2024-08-09,Friday,Iron Condor,DOWN,False,25,-50.0,340.32,-390.32,True,False
2024-08-12,Monday,Bull Call Spread,FLAT,False,25,-30.0,176.24,-206.24,True,False
2024-08-12,Monday,Bear Put Spread,FLAT,False,25,397.5,186.49,211.01,True,True
2024-08-12,Monday,Iron Condor,FLAT,True,25,66.25,340.13,-273.88,True,False
2024-08-13,Tuesday,Bull Call Spread,FLAT,False,25,-707.5,172.53,-880.03,True,False
2024-08-13,Tuesday,Bear Put Spread,FLAT,False,25,1011.25,188.57,822.68,True,True
2024-08-13,Tuesday,Iron Condor,FLAT,True,25,-0.0,339.33,-339.33,True,False
2024-08-14,Wednesday,Bull Call Spread,DOWN,False,25,-1477.5,175.23,-1652.73,True,False
2024-08-14,Wednesday,Bear Put Spread,DOWN,True,25,-698.75,176.31,-875.06,True,False
2024-08-14,Wednesday,Iron Condor,DOWN,False,25,2778.75,350.74,2428.01,True,True
2024-08-16,Friday,Bull Call Spread,FLAT,False,25,932.5,185.76,746.74,True,True
2024-08-16,Friday,Bear Put Spread,FLAT,False,25,-1368.75,182.61,-1551.36,True,False
2024-08-16,Friday,Iron Condor,FLAT,True,25,-118.75,339.86,-458.61,True,False
2024-08-19,Monday,Bull Call Spread,UP,True,25,-385.0,175.52,-560.52,True,False
2024-08-19,Monday,Bear Put Spread,UP,False,25,565.0,182.74,382.26,True,True
2024-08-19,Monday,Iron Condor,UP,False,25,202.5,340.92,-138.42,True,False
2024-08-20,Tuesday,Bull Call Spread,FLAT,False,25,118.75,170.88,-52.13,True,False
2024-08-20,Tuesday,Bear Put Spread,FLAT,False,25,-635.0,192.75,-827.75,True,False
2024-08-20,Tuesday,Iron Condor,FLAT,True,25,295.0,341.06,-46.06,True,False
2024-08-21,Wednesday,Bull Call Spread,UP,True,25,-0.0,169.96,-169.96,True,False
2024-08-21,Wednesday,Bear Put Spread,UP,False,25,-1440.0,191.07,-1631.07,True,False
2024-08-21,Wednesday,Iron Condor,UP,False,25,306.25,341.2,-34.95,True,False
2024-08-22,Thursday,Bull Call Spread,UP,True,25,-828.75,172.04,-1000.79,True,False
2024-08-22,Thursday,Bear Put Spread,UP,False,25,-413.75,173.75,-587.5,True,False
2024-08-22,Thursday,Iron Condor,UP,False,25,1906.25,346.12,1560.13,True,True
2024-08-23,Friday,Bull Call Spread,FLAT,False,25,-138.75,172.73,-311.48,True,False
2024-08-23,Friday,Bear Put Spread,FLAT,False,25,196.25,196.77,-0.52,True,False
2024-08-23,Friday,Iron Condor,FLAT,True,25,-40.0,339.66,-379.66,True,False
2024-08-26,Monday,Bull Call Spread,FLAT,False,25,640.0,174.1,465.9,True,True
2024-08-26,Monday,Bear Put Spread,FLAT,False,25,173.75,188.58,-14.83,True,False
2024-08-26,Monday,Iron Condor,FLAT,True,25,-12.5,339.46,-351.96,True,False
2024-08-27,Tuesday,Bull Call Spread,UP,True,25,-390.0,176.12,-566.12,True,False
2024-08-27,Tuesday,Bear Put Spread,UP,False,25,655.0,176.48,478.52,True,True
2024-08-27,Tuesday,Iron Condor,UP,False,25,212.5,354.93,-142.43,True,False
2024-08-28,Wednesday,Bull Call Spread,FLAT,False,25,338.75,175.05,163.7,True,True
2024-08-28,Wednesday,Bear Put Spread,FLAT,False,25,-415.0,174.98,-589.98,True,False
2024-08-28,Wednesday,Iron Condor,FLAT,True,25,422.5,344.52,77.98,True,True
2024-08-29,Thursday,Bull Call Spread,FLAT,False,25,-6.25,170.48,-176.73,True,False
2024-08-29,Thursday,Bear Put Spread,FLAT,False,25,-2446.25,178.79,-2625.04,True,False
2024-08-29,Thursday,Iron Condor,FLAT,True,25,1247.5,345.47,902.03,True,True
2024-08-30,Friday,Bull Call Spread,UP,True,25,341.25,177.74,163.51,True,True
2024-08-30,Friday,Bear Put Spread,UP,False,25,-147.5,183.85,-331.35,True,False
2024-08-30,Friday,Iron Condor,UP,False,25,-140.0,343.3,-483.3,True,False
2024-09-02,Monday,Bull Call Spread,FLAT,False,25,-437.5,175.76,-613.26,True,False
2024-09-02,Monday,Bear Put Spread,FLAT,False,25,1186.25,179.83,1006.42,True,True
2024-09-02,Monday,Iron Condor,FLAT,True,25,-108.75,341.12,-449.87,True,False
2024-09-03,Tuesday,Bull Call Spread,DOWN,False,25,-42.5,174.13,-216.63,True,False
2024-09-03,Tuesday,Bear Put Spread,DOWN,True,25,-832.5,181.72,-1014.22,True,False
2024-09-03,Tuesday,Iron Condor,DOWN,False,25,116.25,340.87,-224.62,True,False
2024-09-04,Wednesday,Bull Call Spread,FLAT,False,25,-22.5,169.71,-192.21,True,False
2024-09-04,Wednesday,Bear Put Spread,FLAT,False,25,-1988.75,204.18,-2192.93,True,False
2024-09-04,Wednesday,Iron Condor,FLAT,True,25,547.5,344.38,203.12,True,True
2024-09-05,Thursday,Bull Call Spread,FLAT,False,25,-402.5,170.51,-573.01,True,False
2024-09-05,Thursday,Bear Put Spread,FLAT,False,25,1210.0,181.53,1028.47,True,True
2024-09-05,Thursday,Iron Condor,FLAT,True,25,1251.25,345.18,906.07,True,True
2024-09-06,Friday,Bull Call Spread,DOWN,False,25,-842.5,178.74,-1021.24,True,False
2024-09-06,Friday,Bear Put Spread,DOWN,True,25,936.25,184.68,751.57,True,True
2024-09-06,Friday,Iron Condor,DOWN,False,25,0.0,0.0,0.0,False,False
2024-09-09,Monday,Bull Call Spread,DOWN,False,25,65.0,183.54,-118.54,True,False
2024-09-09,Monday,Bear Put Spread,DOWN,True,25,-627.5,182.58,-810.08,True,False
2024-09-09,Monday,Iron Condor,DOWN,False,25,0.0,0.0,0.0,False,False
2024-09-10,Tuesday,Bull Call Spread,UP,True,25,193.75,175.07,18.68,True,True
2024-09-10,Tuesday,Bear Put Spread,UP,False,25,-523.75,181.69,-705.44,True,False
2024-09-10,Tuesday,Iron Condor,UP,False,25,171.25,340.17,-168.92,True,False
2024-09-11,Wednesday,Bull Call Spread,FLAT,False,25,-743.75,174.59,-918.34,True,False
2024-09-11,Wednesday,Bear Put Spread,FLAT,False,25,1333.75,175.65,1158.1,True,True
2024-09-11,Wednesday,Iron Condor,FLAT,True,25,1175.0,345.85,829.15,True,True
2024-09-12,Thursday,Bull Call Spread,DOWN,False,25,3641.25,169.98,3471.27,True,True
2024-09-12,Thursday,Bear Put Spread,DOWN,True,25,-3350.0,187.52,-3537.52,True,False
2024-09-12,Thursday,Iron Condor,DOWN,False,25,3336.25,378.3,2957.95,True,True
2024-09-13,Friday,Bull Call Spread,UP,True,25,-161.25,179.99,-341.24,True,False
2024-09-13,Friday,Bear Put Spread,UP,False,25,-476.25,185.07,-661.32,True,False
2024-09-13,Friday,Iron Condor,UP,False,25,-226.25,343.45,-569.7,True,False
2024-09-16,Monday,Bull Call Spread,FLAT,False,25,-80.0,171.68,-251.68,True,False
2024-09-16,Monday,Bear Put Spread,FLAT,False,25,248.75,197.25,51.5,True,True
2024-09-16,Monday,Iron Condor,FLAT,True,25,-7.5,341.65,-349.15,True,False
2024-09-17,Tuesday,Bull Call Spread,FLAT,False,25,-2.5,172.83,-175.33,True,False
2024-09-17,Tuesday,Bear Put Spread,FLAT,False,25,-697.5,186.47,-883.97,True,False
2024-09-17,Tuesday,Iron Condor,FLAT,True,25,-42.5,340.26,-382.76,True,False
2024-09-18,Wednesday,Bull Call Spread,FLAT,False,25,52.5,171.86,-119.36,True,False
2024-09-18,Wednesday,Bear Put Spread,FLAT,False,25,32.5,184.8,-152.3,True,False
2024-09-18,Wednesday,Iron Condor,FLAT,True,25,-66.25,340.31,-406.56,True,False
2024-09-19,Thursday,Bull Call Spread,FLAT,False,25,-278.75,170.73,-449.48,True,False
2024-09-19,Thursday,Bear Put Spread,FLAT,False,25,21.25,191.19,-169.94,True,False
2024-09-19,Thursday,Iron Condor,FLAT,True,25,1822.5,351.26,1471.24,True,True
2024-09-20,Friday,Bull Call Spread,FLAT,False,25,676.25,181.52,494.73,True,True
2024-09-20,Friday,Bear Put Spread,FLAT,False,25,-478.75,183.46,-662.21,True,False
2024-09-20,Friday,Iron Condor,FLAT,True,25,5.0,341.59,-336.59,True,False
2024-09-23,Monday,Bull Call Spread,UP,True,25,47.5,179.13,-131.63,True,False
2024-09-23,Monday,Bear Put Spread,UP,False,25,-377.5,182.63,-560.13,True,False
2024-09-23,Monday,Iron Condor,UP,False,25,131.25,340.75,-209.5,True,False
2024-09-24,Tuesday,Bull Call Spread,UP,True,25,182.5,178.95,3.55,True,True
2024-09-24,Tuesday,Bear Put Spread,UP,False,25,-580.0,179.64,-759.64,True,False
2024-09-24,Tuesday,Iron Condor,UP,False,25,0.0,0.0,0.0,False,False
2024-09-25,Wednesday,Bull Call Spread,FLAT,False,25,26.25,170.82,-144.57,True,False
2024-09-25,Wednesday,Bear Put Spread,FLAT,False,25,-10.0,190.9,-200.9,True,False
2024-09-25,Wednesday,Iron Condor,FLAT,True,25,7.5,339.24,-331.74,True,False
2024-09-26,Thursday,Bull Call Spread,FLAT,False,25,2488.75,173.07,2315.68,True,True
2024-09-26,Thursday,Bear Put Spread,FLAT,False,25,-1062.5,173.45,-1235.95,True,False
2024-09-26,Thursday,Iron Condor,FLAT,True,25,3362.5,355.7,3006.8,True,True
2024-09-27,Friday,Bull Call Spread,UP,True,25,105.0,174.92,-69.92,True,False
2024-09-27,Friday,Bear Put Spread,UP,False,25,-312.5,193.51,-506.01,True,False
2024-09-27,Friday,Iron Condor,UP,False,25,43.75,340.2,-296.45,True,False
2024-09-30,Monday,Bull Call Spread,FLAT,False,25,-341.25,171.74,-512.99,True,False
2024-09-30,Monday,Bear Put Spread,FLAT,False,25,518.75,194.64,324.11,True,True
2024-09-30,Monday,Iron Condor,FLAT,True,25,0.0,0.0,0.0,False,False
2024-10-01,Tuesday,Bull Call Spread,DOWN,False,25,-140.0,170.86,-310.86,True,False
2024-10-01,Tuesday,Bear Put Spread,DOWN,True,25,1035.0,208.54,826.46,True,True
2024-10-01,Tuesday,Iron Condor,DOWN,False,25,0.0,0.0,0.0,False,False
2024-10-03,Thursday,Bull Call Spread,FLAT,False,25,0.0,0.0,0.0,False,False
2024-10-03,Thursday,Bear Put Spread,FLAT,False,25,1550.0,197.8,1352.2,True,True
2024-10-03,Thursday,Iron Condor,FLAT,True,25,4846.25,367.13,4479.12,True,True
2024-10-04,Friday,Bull Call Spread,DOWN,False,25,-582.5,176.7,-759.2,True,False
2024-10-04,Friday,Bear Put Spread,DOWN,True,25,612.5,202.2,410.3,True,True
2024-10-04,Friday,Iron Condor,DOWN,False,25,0.0,0.0,0.0,False,False
2024-10-07,Monday,Bull Call Spread,DOWN,False,25,-80.0,172.29,-252.29,True,False
2024-10-07,Monday,Bear Put Spread,DOWN,True,25,2427.5,213.99,2213.51,True,True
2024-10-07,Monday,Iron Condor,DOWN,False,25,0.0,0.0,0.0,False,False
2024-10-08,Tuesday,Bull Call Spread,DOWN,False,25,338.75,174.4,164.35,True,True
2024-10-08,Tuesday,Bear Put Spread,DOWN,True,25,-583.75,204.12,-787.87,True,False
2024-10-08,Tuesday,Iron Condor,DOWN,False,25,0.0,0.0,0.0,False,False
2024-10-09,Wednesday,Bull Call Spread,UP,True,25,-173.75,170.57,-344.32,True,False
2024-10-09,Wednesday,Bear Put Spread,UP,False,25,268.75,209.55,59.2,True,True
2024-10-09,Wednesday,Iron Condor,UP,False,25,170.0,340.33,-170.33,True,False
2024-10-10,Thursday,Bull Call Spread,DOWN,False,25,-335.0,170.99,-505.99,True,False
2024-10-10,Thursday,Bear Put Spread,DOWN,True,25,1950.0,184.3,1765.7,True,True
2024-10-10,Thursday,Iron Condor,DOWN,False,25,2432.5,350.83,2081.67,True,True
2024-10-11,Friday,Bull Call Spread,FLAT,False,25,-840.0,174.42,-1014.42,True,False
2024-10-11,Friday,Bear Put Spread,FLAT,False,25,377.5,200.88,176.62,True,True
2024-10-11,Friday,Iron Condor,FLAT,True,25,-435.0,353.96,-788.96,True,False
2024-10-14,Monday,Bull Call Spread,DOWN,False,25,112.5,170.91,-58.41,True,False
2024-10-14,Monday,Bear Put Spread,DOWN,True,25,-292.5,208.32,-500.82,True,False
2024-10-14,Monday,Iron Condor,DOWN,False,25,863.75,352.5,511.25,True,True
2024-10-15,Tuesday,Bull Call Spread,UP,True,25,-123.75,170.15,-293.9,True,False
2024-10-15,Tuesday,Bear Put Spread,UP,False,25,477.5,204.31,273.19,True,True
2024-10-15,Tuesday,Iron Condor,UP,False,25,295.0,349.34,-54.34,True,False
2024-10-16,Wednesday,Bull Call Spread,DOWN,False,25,-71.25,169.98,-241.23,True,False
2024-10-16,Wednesday,Bear Put Spread,DOWN,True,25,25.0,202.2,-177.2,True,False
2024-10-16,Wednesday,Iron Condor,DOWN,False,25,21.25,339.3,-318.05,True,False
2024-10-17,Thursday,Bull Call Spread,FLAT,False,25,-27.5,169.55,-197.05,True,False
2024-10-17,Thursday,Bear Put Spread,FLAT,False,25,431.25,201.31,229.94,True,True
2024-10-17,Thursday,Iron Condor,FLAT,True,25,3158.75,359.83,2798.92,True,True
2024-10-18,Friday,Bull Call Spread,DOWN,False,25,1577.5,181.64,1395.86,True,True
2024-10-18,Friday,Bear Put Spread,DOWN,True,25,-551.25,184.72,-735.97,True,False
2024-10-18,Friday,Iron Condor,DOWN,False,25,117.5,340.83,-223.33,True,False
2024-10-21,Monday,Bull Call Spread,UP,True,25,-266.25,170.86,-437.11,True,False
2024-10-21,Monday,Bear Put Spread,UP,False,25,1083.75,201.56,882.19,True,True
2024-10-21,Monday,Iron Condor,UP,False,25,655.0,347.07,307.93,True,True
2024-10-22,Tuesday,Bull Call Spread,DOWN,False,25,-881.25,174.28,-1055.53,True,False
2024-10-22,Tuesday,Bear Put Spread,DOWN,True,25,1128.75,190.36,938.39,True,True
2024-10-22,Tuesday,Iron Condor,DOWN,False,25,111.25,341.78,-230.53,True,False
2024-10-23,Wednesday,Bull Call Spread,DOWN,False,25,-535.0,172.74,-707.74,True,False
2024-10-23,Wednesday,Bear Put Spread,DOWN,True,25,878.75,189.49,689.26,True,True
2024-10-23,Wednesday,Iron Condor,DOWN,False,25,177.5,340.59,-163.09,True,False
2024-10-24,Thursday,Bull Call Spread,FLAT,False,25,-977.5,172.8,-1150.3,True,False
2024-10-24,Thursday,Bear Put Spread,FLAT,False,25,460.0,178.3,281.7,True,True
2024-10-24,Thursday,Iron Condor,FLAT,True,25,2607.5,350.63,2256.87,True,True
2024-10-25,Friday,Bull Call Spread,FLAT,False,25,-827.5,177.2,-1004.7,True,False
2024-10-25,Friday,Bear Put Spread,FLAT,False,25,1453.75,192.1,1261.65,True,True
2024-10-25,Friday,Iron Condor,FLAT,True,25,171.25,340.53,-169.28,True,False
2024-10-28,Monday,Bull Call Spread,DOWN,False,25,125.0,173.47,-48.47,True,False
2024-10-28,Monday,Bear Put Spread,DOWN,True,25,1080.0,195.49,884.51,True,True
2024-10-28,Monday,Iron Condor,DOWN,False,25,593.75,345.73,248.02,True,True
2024-10-29,Tuesday,Bull Call Spread,UP,True,25,205.0,170.77,34.23,True,True
2024-10-29,Tuesday,Bear Put Spread,UP,False,25,-375.0,195.86,-570.86,True,False
2024-10-29,Tuesday,Iron Condor,UP,False,25,-5.0,340.47,-345.47,True,False
2024-10-30,Wednesday,Bull Call Spread,UP,True,25,-340.0,171.78,-511.78,True,False
2024-10-30,Wednesday,Bear Put Spread,UP,False,25,622.5,186.99,435.51,True,True
2024-10-30,Wednesday,Iron Condor,UP,False,25,-61.25,340.22,-401.47,True,False
2024-10-31,Thursday,Bull Call Spread,DOWN,False,25,-1465.0,175.37,-1640.37,True,False
2024-10-31,Thursday,Bear Put Spread,DOWN,True,25,1812.5,172.56,1639.94,True,True
2024-10-31,Thursday,Iron Condor,DOWN,False,25,2722.5,353.95,2368.55,True,True
2024-11-01,Friday,Bull Call Spread,DOWN,False,25,52.5,177.94,-125.44,True,False
2024-11-01,Friday,Bear Put Spread,DOWN,True,25,2155.0,198.63,1956.37,True,True
2024-11-01,Friday,Iron Condor,DOWN,False,25,0.0,0.0,0.0,False,False
2024-11-04,Monday,Bull Call Spread,FLAT,False,25,-933.75,181.97,-1115.72,True,False
2024-11-04,Monday,Bear Put Spread,FLAT,False,25,601.25,194.05,407.2,True,True
2024-11-04,Monday,Iron Condor,FLAT,True,25,0.0,0.0,0.0,False,False
2024-11-05,Tuesday,Bull Call Spread,DOWN,False,25,367.5,183.31,184.19,True,True
2024-11-05,Tuesday,Bear Put Spread,DOWN,True,25,-771.25,191.38,-962.63,True,False
2024-11-05,Tuesday,Iron Condor,DOWN,False,25,0.0,0.0,0.0,False,False
2024-11-06,Wednesday,Bull Call Spread,UP,True,25,608.75,173.87,434.88,True,True
2024-11-06,Wednesday,Bear Put Spread,UP,False,25,-1110.0,196.13,-1306.13,True,False
2024-11-06,Wednesday,Iron Condor,UP,False,25,0.0,0.0,0.0,False,False
2024-11-07,Thursday,Bull Call Spread,UP,True,25,-31.25,169.6,-200.85,True,False
2024-11-07,Thursday,Bear Put Spread,UP,False,25,60.0,212.95,-152.95,True,False
2024-11-07,Thursday,Iron Condor,UP,False,25,2273.75,360.48,1913.27,True,True
2024-11-08,Friday,Bull Call Spread,DOWN,False,25,-605.0,175.61,-780.61,True,False
2024-11-08,Friday,Bear Put Spread,DOWN,True,25,-252.5,199.33,-451.83,True,False
2024-11-08,Friday,Iron Condor,DOWN,False,25,0.0,0.0,0.0,False,False
2024-11-11,Monday,Bull Call Spread,DOWN,False,25,-87.5,171.43,-258.93,True,False
2024-11-11,Monday,Bear Put Spread,DOWN,True,25,637.5,210.6,426.9,True,True
2024-11-11,Monday,Iron Condor,DOWN,False,25,0.0,0.0,0.0,False,False
2024-11-12,Tuesday,Bull Call Spread,FLAT,False,25,-990.0,177.05,-1167.05,True,False
2024-11-12,Tuesday,Bear Put Spread,FLAT,False,25,1735.0,181.76,1553.24,True,True
2024-11-12,Tuesday,Iron Condor,FLAT,True,25,0.0,0.0,0.0,False,False
2024-11-13,Wednesday,Bull Call Spread,DOWN,False,25,-276.25,170.95,-447.2,True,False
2024-11-13,Wednesday,Bear Put Spread,DOWN,True,25,352.5,202.6,149.9,True,True
2024-11-13,Wednesday,Iron Condor,DOWN,False,25,0.0,0.0,0.0,False,False
2024-11-14,Thursday,Bull Call Spread,DOWN,False,25,-157.5,170.49,-327.99,True,False
2024-11-14,Thursday,Bear Put Spread,DOWN,True,25,562.5,190.25,372.25,True,True
2024-11-14,Thursday,Iron Condor,DOWN,False,25,3051.25,352.75,2698.5,True,True
2024-11-18,Monday,Bull Call Spread,FLAT,False,25,-307.5,171.96,-479.46,True,False
2024-11-18,Monday,Bear Put Spread,FLAT,False,25,436.25,205.03,231.22,True,True
2024-11-18,Monday,Iron Condor,FLAT,True,25,0.0,0.0,0.0,False,False
2024-11-19,Tuesday,Bull Call Spread,DOWN,False,25,58.75,169.98,-111.23,True,False
2024-11-19,Tuesday,Bear Put Spread,DOWN,True,25,285.0,204.27,80.73,True,True
2024-11-19,Tuesday,Iron Condor,DOWN,False,25,-11.25,339.97,-351.22,True,False
2024-11-21,Thursday,Bull Call Spread,FLAT,False,75,-5238.75,341.08,-5579.83,True,False
2024-11-21,Thursday,Bear Put Spread,FLAT,False,75,4218.75,337.25,3881.5,True,True
2024-11-21,Thursday,Iron Condor,FLAT,True,75,6273.75,694.7,5579.05,True,True
2024-11-22,Friday,Bull Call Spread,DOWN,False,75,4646.25,336.26,4309.99,True,True
2024-11-22,Friday,Bear Put Spread,DOWN,True,75,-8400.0,434.75,-8834.75,True,False
2024-11-22,Friday,Iron Condor,DOWN,False,75,0.0,0.0,0.0,False,False
2024-11-25,Monday,Bull Call Spread,UP,True,75,-123.75,334.74,-458.49,True,False
2024-11-25,Monday,Bear Put Spread,UP,False,75,2917.5,409.31,2508.19,True,True
2024-11-25,Monday,Iron Condor,UP,False,75,517.5,642.49,-124.99,True,False
2024-11-26,Tuesday,Bull Call Spread,UP,True,75,-2437.5,349.13,-2786.63,True,False
2024-11-26,Tuesday,Bear Put Spread,UP,False,75,2100.0,360.97,1739.03,True,True
2024-11-26,Tuesday,Iron Condor,UP,False,75,78.75,641.63,-562.88,True,False
2024-11-27,Wednesday,Bull Call Spread,DOWN,False,75,1140.0,330.25,809.75,True,True
2024-11-27,Wednesday,Bear Put Spread,DOWN,True,75,960.0,360.6,599.4,True,True
2024-11-27,Wednesday,Iron Condor,DOWN,False,75,888.75,648.19,240.56,True,True
2024-11-28,Thursday,Bull Call Spread,UP,True,75,-150.0,320.0,-470.0,True,False
2024-11-28,Thursday,Bear Put Spread,UP,False,75,1957.5,413.16,1544.34,True,True
2024-11-28,Thursday,Iron Condor,UP,False,75,20973.75,779.46,20194.29,True,True
2024-11-29,Friday,Bull Call Spread,DOWN,False,75,1657.5,347.93,1309.57,True,True
2024-11-29,Friday,Bear Put Spread,DOWN,True,75,-993.75,399.15,-1392.9,True,False
2024-11-29,Friday,Iron Condor,DOWN,False,75,161.25,642.45,-481.2,True,False
2024-12-02,Monday,Bull Call Spread,UP,True,75,633.75,324.9,308.85,True,True
2024-12-02,Monday,Bear Put Spread,UP,False,75,-577.5,450.89,-1028.39,True,False
2024-12-02,Monday,Iron Condor,UP,False,75,-71.25,640.65,-711.9,True,False
2024-12-03,Tuesday,Bull Call Spread,UP,True,75,2298.75,342.4,1956.35,True,True
2024-12-03,Tuesday,Bear Put Spread,UP,False,75,-2197.5,377.11,-2574.61,True,False
2024-12-03,Tuesday,Iron Condor,UP,False,75,240.0,642.3,-402.3,True,False
2024-12-04,Wednesday,Bull Call Spread,UP,True,75,-131.25,321.61,-452.86,True,False
2024-12-04,Wednesday,Bear Put Spread,UP,False,75,-382.5,434.67,-817.17,True,False
2024-12-04,Wednesday,Iron Condor,UP,False,75,60.0,640.44,-580.44,True,False
2024-12-05,Thursday,Bull Call Spread,FLAT,False,75,-180.0,320.37,-500.37,True,False
2024-12-05,Thursday,Bear Put Spread,FLAT,False,75,2358.75,438.91,1919.84,True,True
2024-12-05,Thursday,Iron Condor,FLAT,True,75,7601.25,705.32,6895.93,True,True
2024-12-06,Friday,Bull Call Spread,UP,True,75,-330.0,341.07,-671.07,True,False
2024-12-06,Friday,Bear Put Spread,UP,False,75,476.25,444.88,31.37,True,True
2024-12-06,Friday,Iron Condor,UP,False,75,0.0,0.0,0.0,False,False
2024-12-09,Monday,Bull Call Spread,FLAT,False,75,-2036.25,358.81,-2395.06,True,False
2024-12-09,Monday,Bear Put Spread,FLAT,False,75,1680.0,380.12,1299.88,True,True
2024-12-09,Monday,Iron Condor,FLAT,True,75,0.0,0.0,0.0,False,False
2024-12-10,Tuesday,Bull Call Spread,DOWN,False,75,-588.75,327.73,-916.48,True,False
2024-12-10,Tuesday,Bear Put Spread,DOWN,True,75,1496.25,437.7,1058.55,True,True
2024-12-10,Tuesday,Iron Condor,DOWN,False,75,41.25,642.04,-600.79,True,False
2024-12-11,Wednesday,Bull Call Spread,FLAT,False,75,-1338.75,336.6,-1675.35,True,False
2024-12-11,Wednesday,Bear Put Spread,FLAT,False,75,-1931.25,370.16,-2301.41,True,False
2024-12-11,Wednesday,Iron Condor,FLAT,True,75,581.25,644.1,-62.85,True,False
2024-12-12,Thursday,Bull Call Spread,FLAT,False,75,-153.75,320.36,-474.11,True,False
2024-12-12,Thursday,Bear Put Spread,FLAT,False,75,551.25,438.19,113.06,True,True
2024-12-12,Thursday,Iron Condor,FLAT,True,75,5962.5,668.58,5293.92,True,True
2024-12-13,Friday,Bull Call Spread,DOWN,False,75,960.0,359.76,600.24,True,True
2024-12-13,Friday,Bear Put Spread,DOWN,True,75,-1920.0,371.1,-2291.1,True,False
2024-12-13,Friday,Iron Condor,DOWN,False,75,2115.0,681.07,1433.93,True,True
2024-12-16,Monday,Bull Call Spread,UP,True,75,157.5,351.09,-193.59,True,False
2024-12-16,Monday,Bear Put Spread,UP,False,75,2295.0,357.7,1937.3,True,True
2024-12-16,Monday,Iron Condor,UP,False,75,907.5,644.2,263.3,True,True
2024-12-17,Tuesday,Bull Call Spread,FLAT,False,75,-791.25,326.89,-1118.14,True,False
2024-12-17,Tuesday,Bear Put Spread,FLAT,False,75,2392.5,433.51,1958.99,True,True
2024-12-17,Tuesday,Iron Condor,FLAT,True,75,705.0,648.01,56.99,True,True
2024-12-18,Wednesday,Bull Call Spread,DOWN,False,75,-551.25,326.19,-877.44,True,False
2024-12-18,Wednesday,Bear Put Spread,DOWN,True,75,3003.75,425.43,2578.32,True,True
2024-12-18,Wednesday,Iron Condor,DOWN,False,75,-150.0,643.85,-793.85,True,False
2024-12-19,Thursday,Bull Call Spread,DOWN,False,75,-142.5,323.07,-465.57,True,False
2024-12-19,Thursday,Bear Put Spread,DOWN,True,75,4132.5,403.64,3728.86,True,True
2024-12-19,Thursday,Iron Condor,DOWN,False,75,6011.25,676.01,5335.24,True,True
2024-12-20,Friday,Bull Call Spread,FLAT,False,75,-2940.0,377.64,-3317.64,True,False
2024-12-20,Friday,Bear Put Spread,FLAT,False,75,3645.0,378.59,3266.41,True,True
2024-12-20,Friday,Iron Condor,FLAT,True,75,-285.0,645.75,-930.75,True,False
2024-12-23,Monday,Bull Call Spread,DOWN,False,75,-750.0,364.42,-1114.42,True,False
2024-12-23,Monday,Bear Put Spread,DOWN,True,75,-2741.25,367.11,-3108.36,True,False
2024-12-23,Monday,Iron Condor,DOWN,False,75,465.0,661.44,-196.44,True,False
2024-12-24,Tuesday,Bull Call Spread,FLAT,False,75,-101.25,326.89,-428.14,True,False
2024-12-24,Tuesday,Bear Put Spread,FLAT,False,75,1331.25,375.06,956.19,True,True
2024-12-24,Tuesday,Iron Condor,FLAT,True,75,363.75,646.59,-282.84,True,False
2024-12-26,Thursday,Bull Call Spread,FLAT,False,75,-787.5,322.22,-1109.72,True,False
2024-12-26,Thursday,Bear Put Spread,FLAT,False,75,-442.5,372.92,-815.42,True,False
2024-12-26,Thursday,Iron Condor,FLAT,True,75,5745.0,665.19,5079.81,True,True
2024-12-27,Friday,Bull Call Spread,DOWN,False,75,-517.5,336.8,-854.3,True,False
2024-12-27,Friday,Bear Put Spread,DOWN,True,75,165.0,412.0,-247.0,True,False
2024-12-27,Friday,Iron Condor,DOWN,False,75,0.0,0.0,0.0,False,False
2024-12-30,Monday,Bull Call Spread,FLAT,False,75,-1935.0,343.93,-2278.93,True,False
2024-12-30,Monday,Bear Put Spread,FLAT,False,75,1192.5,369.18,823.32,True,True
2024-12-30,Monday,Iron Condor,FLAT,True,75,0.0,0.0,0.0,False,False
2024-12-31,Tuesday,Bull Call Spread,DOWN,False,75,371.25,323.16,48.09,True,True
2024-12-31,Tuesday,Bear Put Spread,DOWN,True,75,-2373.75,460.02,-2833.77,True,False
2024-12-31,Tuesday,Iron Condor,DOWN,False,75,0.0,0.0,0.0,False,False
2025-01-01,Wednesday,Bull Call Spread,FLAT,False,75,97.5,323.93,-226.43,True,False
2025-01-01,Wednesday,Bear Put Spread,FLAT,False,75,-1781.25,427.93,-2209.18,True,False
2025-01-01,Wednesday,Iron Condor,FLAT,True,75,176.25,641.08,-464.83,True,False
2025-01-02,Thursday,Bull Call Spread,UP,True,75,8917.5,323.9,8593.6,True,True
2025-01-02,Thursday,Bear Put Spread,UP,False,75,-6592.5,394.27,-6986.77,True,False
2025-01-02,Thursday,Iron Condor,UP,False,75,9532.5,736.34,8796.16,True,True
2025-01-03,Friday,Bull Call Spread,UP,True,75,-2100.0,335.36,-2435.36,True,False
2025-01-03,Friday,Bear Put Spread,UP,False,75,693.75,434.02,259.73,True,True
2025-01-03,Friday,Iron Condor,UP,False,75,0.0,0.0,0.0,False,False
2025-01-06,Monday,Bull Call Spread,DOWN,False,75,-1305.0,331.8,-1636.8,True,False
2025-01-06,Monday,Bear Put Spread,DOWN,True,75,753.75,415.98,337.77,True,True
2025-01-06,Monday,Iron Condor,DOWN,False,75,0.0,0.0,0.0,False,False
2025-01-07,Tuesday,Bull Call Spread,DOWN,False,75,-1545.0,336.91,-1881.91,True,False
2025-01-07,Tuesday,Bear Put Spread,DOWN,True,75,-708.75,423.66,-1132.41,True,False
2025-01-07,Tuesday,Iron Condor,DOWN,False,75,945.0,646.82,298.18,True,True
2025-01-08,Wednesday,Bull Call Spread,UP,True,75,-866.25,327.66,-1193.91,True,False
2025-01-08,Wednesday,Bear Put Spread,UP,False,75,1875.0,398.7,1476.3,True,True
2025-01-08,Wednesday,Iron Condor,UP,False,75,521.25,645.36,-124.11,True,False
2025-01-09,Thursday,Bull Call Spread,FLAT,False,75,-750.0,323.06,-1073.06,True,False
2025-01-09,Thursday,Bear Put Spread,FLAT,False,75,3517.5,373.95,3143.55,True,True
2025-01-09,Thursday,Iron Condor,FLAT,True,75,6622.5,674.61,5947.89,True,True
2025-01-10,Friday,Bull Call Spread,DOWN,False,75,-2295.0,347.13,-2642.13,True,False
2025-01-10,Friday,Bear Put Spread,DOWN,True,75,2130.0,399.04,1730.96,True,True
2025-01-10,Friday,Iron Condor,DOWN,False,75,33.75,640.79,-607.04,True,False
2025-01-13,Monday,Bull Call Spread,DOWN,False,75,-1601.25,340.28,-1941.53,True,False
2025-01-13,Monday,Bear Put Spread,DOWN,True,75,2148.75,391.85,1756.9,True,True
2025-01-13,Monday,Iron Condor,DOWN,False,75,0.0,0.0,0.0,False,False
2025-01-14,Tuesday,Bull Call Spread,DOWN,False,75,-270.0,334.79,-604.79,True,False
2025-01-14,Tuesday,Bear Put Spread,DOWN,True,75,577.5,373.61,203.89,True,True
2025-01-14,Tuesday,Iron Condor,DOWN,False,75,1601.25,660.3,940.95,True,True
2025-01-15,Wednesday,Bull Call Spread,FLAT,False,75,-1162.5,326.89,-1489.39,True,False
2025-01-15,Wednesday,Bear Put Spread,FLAT,False,75,2013.75,356.98,1656.77,True,True
2025-01-15,Wednesday,Iron Condor,FLAT,True,75,2505.0,667.3,1837.7,True,True
2025-01-16,Thursday,Bull Call Spread,FLAT,False,75,-1646.25,325.74,-1971.99,True,False
2025-01-16,Thursday,Bear Put Spread,FLAT,False,75,1620.0,340.07,1279.93,True,True
2025-01-16,Thursday,Iron Condor,FLAT,True,75,5625.0,662.28,4962.72,True,True
2025-01-17,Friday,Bull Call Spread,FLAT,False,75,3.75,353.63,-349.88,True,False
2025-01-17,Friday,Bear Put Spread,FLAT,False,75,2992.5,385.6,2606.9,True,True
2025-01-17,Friday,Iron Condor,FLAT,True,75,247.5,643.19,-395.69,True,False
2025-01-20,Monday,Bull Call Spread,DOWN,False,75,551.25,329.21,222.04,True,True
2025-01-20,Monday,Bear Put Spread,DOWN,True,75,1170.0,419.58,750.42,True,True
2025-01-20,Monday,Iron Condor,DOWN,False,75,-138.75,641.14,-779.89,True,False
2025-01-21,Tuesday,Bull Call Spread,UP,True,75,-2010.0,333.14,-2343.14,True,False
2025-01-21,Tuesday,Bear Put Spread,UP,False,75,4518.75,384.58,4134.17,True,True
2025-01-21,Tuesday,Iron Condor,UP,False,75,333.75,641.33,-307.58,True,False
2025-01-22,Wednesday,Bull Call Spread,DOWN,False,75,-401.25,323.57,-724.82,True,False
2025-01-22,Wednesday,Bear Put Spread,DOWN,True,75,2313.75,437.42,1876.33,True,True
2025-01-22,Wednesday,Iron Condor,DOWN,False,75,2216.25,661.85,1554.4,True,True
2025-01-23,Thursday,Bull Call Spread,FLAT,False,75,-446.25,323.07,-769.32,True,False
2025-01-23,Thursday,Bear Put Spread,FLAT,False,75,-1042.5,357.93,-1400.43,True,False
2025-01-23,Thursday,Iron Condor,FLAT,True,75,6870.0,663.72,6206.28,True,True
2025-01-24,Friday,Bull Call Spread,UP,True,75,-2531.25,349.76,-2881.01,True,False
2025-01-24,Friday,Bear Put Spread,UP,False,75,2433.75,397.8,2035.95,True,True
2025-01-24,Friday,Iron Condor,UP,False,75,142.5,642.88,-500.38,True,False
2025-01-27,Monday,Bull Call Spread,DOWN,False,75,-757.5,344.43,-1101.93,True,False
2025-01-27,Monday,Bear Put Spread,DOWN,True,75,-63.75,390.13,-453.88,True,False
2025-01-27,Monday,Iron Condor,DOWN,False,75,123.75,641.42,-517.67,True,False
2025-01-28,Tuesday,Bull Call Spread,DOWN,False,75,-2928.75,339.46,-3268.21,True,False
2025-01-28,Tuesday,Bear Put Spread,DOWN,True,75,596.25,406.65,189.6,True,True
2025-01-28,Tuesday,Iron Condor,DOWN,False,75,138.75,640.59,-501.84,True,False
2025-01-29,Wednesday,Bull Call Spread,FLAT,False,75,1965.0,330.08,1634.92,True,True
2025-01-29,Wednesday,Bear Put Spread,FLAT,False,75,-1466.25,392.45,-1858.7,True,False
2025-01-29,Wednesday,Iron Condor,FLAT,True,75,0.0,669.3,-669.3,True,False
2025-01-30,Thursday,Bull Call Spread,UP,True,75,-1500.0,329.36,-1829.36,True,False
2025-01-30,Thursday,Bear Put Spread,UP,False,75,-228.75,388.53,-617.28,True,False
2025-01-30,Thursday,Iron Condor,UP,False,75,2250.0,663.58,1586.42,True,True
2025-01-31,Friday,Bull Call Spread,UP,True,75,885.0,366.17,518.83,True,True
2025-01-31,Friday,Bear Put Spread,UP,False,75,-2696.25,470.43,-3166.68,True,False
2025-01-31,Friday,Iron Condor,UP,False,75,0.0,0.0,0.0,False,False
2025-02-03,Monday,Bull Call Spread,UP,True,75,-847.5,329.21,-1176.71,True,False
2025-02-03,Monday,Bear Put Spread,UP,False,75,2051.25,437.73,1613.52,True,True
2025-02-03,Monday,Iron Condor,UP,False,75,0.0,0.0,0.0,False,False
2025-02-04,Tuesday,Bull Call Spread,FLAT,False,75,1916.25,323.67,1592.58,True,True
2025-02-04,Tuesday,Bear Put Spread,FLAT,False,75,-7593.75,409.5,-8003.25,True,False
2025-02-04,Tuesday,Iron Condor,FLAT,True,75,-33.75,644.51,-678.26,True,False
2025-02-05,Wednesday,Bull Call Spread,UP,True,75,-1143.75,333.0,-1476.75,True,False
2025-02-05,Wednesday,Bear Put Spread,UP,False,75,3768.75,346.03,3422.72,True,True
2025-02-05,Wednesday,Iron Condor,UP,False,75,270.0,643.23,-373.23,True,False
2025-02-06,Thursday,Bull Call Spread,FLAT,False,75,-345.0,320.65,-665.65,True,False
2025-02-06,Thursday,Bear Put Spread,FLAT,False,75,330.0,410.57,-80.57,True,False
2025-02-06,Thursday,Iron Condor,FLAT,True,75,6847.5,673.96,6173.54,True,True
2025-02-07,Friday,Bull Call Spread,DOWN,False,75,-1316.25,348.18,-1664.43,True,False
2025-02-07,Friday,Bear Put Spread,DOWN,True,75,1470.0,406.34,1063.66,True,True
2025-02-07,Friday,Iron Condor,DOWN,False,75,0.0,0.0,0.0,False,False
2025-02-10,Monday,Bull Call Spread,DOWN,False,75,-1458.75,338.22,-1796.97,True,False
2025-02-10,Monday,Bear Put Spread,DOWN,True,75,356.25,392.02,-35.77,True,False
2025-02-10,Monday,Iron Condor,DOWN,False,75,0.0,0.0,0.0,False,False
2025-02-11,Tuesday,Bull Call Spread,DOWN,False,75,-2460.0,338.85,-2798.85,True,False
2025-02-11,Tuesday,Bear Put Spread,DOWN,True,75,4177.5,375.72,3801.78,True,True
2025-02-11,Tuesday,Iron Condor,DOWN,False,75,0.0,0.0,0.0,False,False
2025-02-12,Wednesday,Bull Call Spread,DOWN,False,75,-585.0,325.46,-910.46,True,False
2025-02-12,Wednesday,Bear Put Spread,DOWN,True,75,1953.75,409.79,1543.96,True,True
2025-02-12,Wednesday,Iron Condor,DOWN,False,75,131.25,640.39,-509.14,True,False
2025-02-13,Thursday,Bull Call Spread,FLAT,False,75,-180.0,320.77,-500.77,True,False
2025-02-13,Thursday,Bear Put Spread,FLAT,False,75,1065.0,396.88,668.12,True,True
2025-02-13,Thursday,Iron Condor,FLAT,True,75,7353.75,672.21,6681.54,True,True
2025-02-14,Friday,Bull Call Spread,UP,True,75,-1016.25,333.04,-1349.29,True,False
2025-02-14,Friday,Bear Put Spread,UP,False,75,90.0,427.84,-337.84,True,False
2025-02-14,Friday,Iron Condor,UP,False,75,0.0,0.0,0.0,False,False
2025-02-17,Monday,Bull Call Spread,DOWN,False,75,1245.0,344.17,900.83,True,True
2025-02-17,Monday,Bear Put Spread,DOWN,True,75,-1065.0,385.62,-1450.62,True,False
2025-02-17,Monday,Iron Condor,DOWN,False,75,112.5,641.58,-529.08,True,False
2025-02-18,Tuesday,Bull Call Spread,UP,True,75,-1125.0,350.76,-1475.76,True,False
2025-02-18,Tuesday,Bear Put Spread,UP,False,75,1470.0,367.41,1102.59,True,True
2025-02-18,Tuesday,Iron Condor,UP,False,75,498.75,643.17,-144.42,True,False
2025-02-19,Wednesday,Bull Call Spread,FLAT,False,75,-138.75,327.64,-466.39,True,False
2025-02-19,Wednesday,Bear Put Spread,FLAT,False,75,-1425.0,387.89,-1812.89,True,False
2025-02-19,Wednesday,Iron Condor,FLAT,True,75,896.25,643.7,252.55,True,True
2025-02-20,Thursday,Bull Call Spread,FLAT,False,75,-2441.25,331.93,-2773.18,True,False
2025-02-20,Thursday,Bear Put Spread,FLAT,False,75,-4072.5,340.25,-4412.75,True,False
2025-02-20,Thursday,Iron Condor,FLAT,True,75,5636.25,668.18,4968.07,True,True
2025-02-21,Friday,Bull Call Spread,FLAT,False,75,-3457.5,359.13,-3816.63,True,False
2025-02-21,Friday,Bear Put Spread,FLAT,False,75,-1533.75,368.88,-1902.63,True,False
2025-02-21,Friday,Iron Condor,FLAT,True,75,-3.75,641.06,-644.81,True,False
2025-02-24,Monday,Bull Call Spread,DOWN,False,75,-1027.5,326.87,-1354.37,True,False
2025-02-24,Monday,Bear Put Spread,DOWN,True,75,3408.75,403.47,3005.28,True,True
2025-02-24,Monday,Iron Condor,DOWN,False,75,1128.75,664.12,464.63,True,True
2025-02-25,Tuesday,Bull Call Spread,DOWN,False,75,-2148.75,341.58,-2490.33,True,False
2025-02-25,Tuesday,Bear Put Spread,DOWN,True,75,-1113.75,344.6,-1458.35,True,False
2025-02-25,Tuesday,Iron Condor,DOWN,False,75,2981.25,676.49,2304.76,True,True
2025-02-27,Thursday,Bull Call Spread,FLAT,False,75,-315.0,321.5,-636.5,True,False
2025-02-27,Thursday,Bear Put Spread,FLAT,False,75,4072.5,348.13,3724.37,True,True
2025-02-27,Thursday,Iron Condor,FLAT,True,75,6255.0,660.57,5594.43,True,True
2025-02-28,Friday,Bull Call Spread,FLAT,False,75,-1335.0,335.08,-1670.08,True,False
2025-02-28,Friday,Bear Put Spread,FLAT,False,75,3390.0,380.63,3009.37,True,True
2025-02-28,Friday,Iron Condor,FLAT,True,75,0.0,0.0,0.0,False,False
2025-03-03,Monday,Bull Call Spread,DOWN,False,75,-813.75,327.63,-1141.38,True,False
2025-03-03,Monday,Bear Put Spread,DOWN,True,75,4072.5,407.82,3664.68,True,True
2025-03-03,Monday,Iron Condor,DOWN,False,75,71.25,640.18,-568.93,True,False
2025-03-04,Tuesday,Bull Call Spread,DOWN,False,75,1241.25,338.45,902.8,True,True
2025-03-04,Tuesday,Bear Put Spread,DOWN,True,75,-1728.75,354.26,-2083.01,True,False
2025-03-04,Tuesday,Iron Condor,DOWN,False,75,333.75,643.27,-309.52,True,False
2025-03-05,Wednesday,Bull Call Spread,UP,True,75,2332.5,321.82,2010.68,True,True
2025-03-05,Wednesday,Bear Put Spread,UP,False,75,-3723.75,407.91,-4131.66,True,False
2025-03-05,Wednesday,Iron Condor,UP,False,75,2295.0,655.3,1639.7,True,True
2025-03-06,Thursday,Bull Call Spread,UP,True,75,-243.75,320.47,-564.22,True,False
2025-03-06,Thursday,Bear Put Spread,UP,False,75,-2501.25,373.17,-2874.42,True,False
2025-03-06,Thursday,Iron Condor,UP,False,75,6262.5,662.79,5599.71,True,True
2025-03-07,Friday,Bull Call Spread,UP,True,75,367.5,352.16,15.34,True,True
2025-03-07,Friday,Bear Put Spread,UP,False,75,-1057.5,373.77,-1431.27,True,False
2025-03-07,Friday,Iron Condor,UP,False,75,123.75,642.44,-518.69,True,False
2025-03-10,Monday,Bull Call Spread,FLAT,False,75,-603.75,324.51,-928.26,True,False
2025-03-10,Monday,Bear Put Spread,FLAT,False,75,1582.5,422.15,1160.35,True,True
2025-03-10,Monday,Iron Condor,FLAT,True,75,356.25,645.4,-289.15,True,False
2025-03-11,Tuesday,Bull Call Spread,DOWN,False,75,667.5,324.02,343.48,True,True
2025-03-11,Tuesday,Bear Put Spread,DOWN,True,75,-2036.25,407.14,-2443.39,True,False
2025-03-11,Tuesday,Iron Condor,DOWN,False,75,1515.0,654.41,860.59,True,True
2025-03-12,Wednesday,Bull Call Spread,UP,True,75,-1818.75,333.74,-2152.49,True,False
2025-03-12,Wednesday,Bear Put Spread,UP,False,75,2325.0,353.33,1971.67,True,True
2025-03-12,Wednesday,Iron Condor,UP,False,75,195.0,640.89,-445.89,True,False
2025-03-13,Thursday,Bull Call Spread,FLAT,False,75,-506.25,321.36,-827.61,True,False
2025-03-13,Thursday,Bear Put Spread,FLAT,False,75,2771.25,366.37,2404.88,True,True
2025-03-13,Thursday,Iron Condor,FLAT,True,75,8141.25,673.03,7468.22,True,True
2025-03-17,Monday,Bull Call Spread,DOWN,False,75,2527.5,331.99,2195.51,True,True
2025-03-17,Monday,Bear Put Spread,DOWN,True,75,-3363.75,381.38,-3745.13,True,False
2025-03-17,Monday,Iron Condor,DOWN,False,75,427.5,644.76,-217.26,True,False
2025-03-18,Tuesday,Bull Call Spread,UP,True,75,1987.5,321.47,1666.03,True,True
2025-03-18,Tuesday,Bear Put Spread,UP,False,75,-4451.25,407.79,-4859.04,True,False
2025-03-18,Tuesday,Iron Condor,UP,False,75,-112.5,652.65,-765.15,True,False
2025-03-19,Wednesday,Bull Call Spread,UP,True,75,75.0,320.77,-245.77,True,False
2025-03-19,Wednesday,Bear Put Spread,UP,False,75,-1230.0,409.89,-1639.89,True,False
2025-03-19,Wednesday,Iron Condor,UP,False,75,187.5,642.87,-455.37,True,False
2025-03-20,Thursday,Bull Call Spread,FLAT,False,75,-236.25,321.47,-557.72,True,False
2025-03-20,Thursday,Bear Put Spread,FLAT,False,75,-8212.5,365.28,-8577.78,True,False
2025-03-20,Thursday,Iron Condor,FLAT,True,75,8448.75,686.75,7762.0,True,True
2025-03-21,Friday,Bull Call Spread,UP,True,75,2160.0,329.08,1830.92,True,True
2025-03-21,Friday,Bear Put Spread,UP,False,75,-3648.75,403.74,-4052.49,True,False
2025-03-21,Friday,Iron Condor,UP,False,75,1132.5,656.87,475.63,True,True
2025-03-24,Monday,Bull Call Spread,UP,True,75,2940.0,328.37,2611.63,True,True
2025-03-24,Monday,Bear Put Spread,UP,False,75,-3018.75,391.01,-3409.76,True,False
2025-03-24,Monday,Iron Condor,UP,False,75,37.5,640.25,-602.75,True,False
2025-03-25,Tuesday,Bull Call Spread,UP,True,75,-930.0,334.02,-1264.02,True,False
2025-03-25,Tuesday,Bear Put Spread,UP,False,75,3247.5,389.09,2858.41,True,True
2025-03-25,Tuesday,Iron Condor,UP,False,75,7.5,641.78,-634.28,True,False
2025-03-26,Wednesday,Bull Call Spread,DOWN,False,75,-787.5,324.72,-1112.22,True,False
2025-03-26,Wednesday,Bear Put Spread,DOWN,True,75,2081.25,399.9,1681.35,True,True
2025-03-26,Wednesday,Iron Condor,DOWN,False,75,821.25,645.08,176.17,True,True
2025-03-27,Thursday,Bull Call Spread,DOWN,False,75,-183.75,322.3,-506.05,True,False
2025-03-27,Thursday,Bear Put Spread,DOWN,True,75,-1777.5,361.44,-2138.94,True,False
2025-03-27,Thursday,Iron Condor,DOWN,False,75,6836.25,677.02,6159.23,True,True
2025-03-28,Friday,Bull Call Spread,UP,True,75,-1833.75,340.43,-2174.18,True,False
2025-03-28,Friday,Bear Put Spread,UP,False,75,1515.0,400.78,1114.22,True,True
2025-03-28,Friday,Iron Condor,UP,False,75,0.0,0.0,0.0,False,False
2025-04-01,Tuesday,Bull Call Spread,DOWN,False,75,-446.25,329.13,-775.38,True,False
2025-04-01,Tuesday,Bear Put Spread,DOWN,True,75,6532.5,380.75,6151.75,True,True
2025-04-01,Tuesday,Iron Condor,DOWN,False,75,0.0,0.0,0.0,False,False
2025-04-02,Wednesday,Bull Call Spread,DOWN,False,75,483.75,329.16,154.59,True,True
2025-04-02,Wednesday,Bear Put Spread,DOWN,True,75,-656.25,364.94,-1021.19,True,False
2025-04-02,Wednesday,Iron Condor,DOWN,False,75,963.75,652.25,311.5,True,True
2025-04-03,Thursday,Bull Call Spread,UP,True,75,1177.5,330.24,847.26,True,True
2025-04-03,Thursday,Bear Put Spread,UP,False,75,-3180.0,332.8,-3512.8,True,False
2025-04-03,Thursday,Iron Condor,UP,False,75,4402.5,668.26,3734.24,True,True
2025-04-04,Friday,Bull Call Spread,UP,True,75,-2846.25,340.49,-3186.74,True,False
2025-04-04,Friday,Bear Put Spread,UP,False,75,-78.75,402.06,-480.81,True,False
2025-04-04,Friday,Iron Condor,UP,False,75,0.0,0.0,0.0,False,False
2025-04-07,Monday,Bull Call Spread,DOWN,False,75,1331.25,337.57,993.68,True,True
2025-04-07,Monday,Bear Put Spread,DOWN,True,75,-2820.0,423.64,-3243.64,True,False
2025-04-07,Monday,Iron Condor,DOWN,False,75,0.0,0.0,0.0,False,False
2025-04-08,Tuesday,Bull Call Spread,UP,True,75,-787.5,370.61,-1158.11,True,False
2025-04-08,Tuesday,Bear Put Spread,UP,False,75,-3255.0,384.45,-3639.45,True,False
2025-04-08,Tuesday,Iron Condor,UP,False,75,341.25,648.42,-307.17,True,False
2025-04-09,Wednesday,Bull Call Spread,UP,True,75,-3300.0,337.11,-3637.11,True,False
2025-04-09,Wednesday,Bear Put Spread,UP,False,75,3866.25,365.52,3500.73,True,True
2025-04-09,Wednesday,Iron Condor,UP,False,75,13282.5,705.06,12577.44,True,True
2025-04-11,Friday,Bull Call Spread,DOWN,False,75,-1991.25,394.02,-2385.27,True,False
2025-04-11,Friday,Bear Put Spread,DOWN,True,75,626.25,381.64,244.61,True,True
2025-04-11,Friday,Iron Condor,DOWN,False,75,0.0,0.0,0.0,False,False
2025-04-15,Tuesday,Bull Call Spread,UP,True,75,536.25,367.01,169.24,True,True
2025-04-15,Tuesday,Bear Put Spread,UP,False,75,-1826.25,384.47,-2210.72,True,False
2025-04-15,Tuesday,Iron Condor,UP,False,75,2133.75,710.95,1422.8,True,True
2025-04-16,Wednesday,Bull Call Spread,UP,True,75,1548.75,333.55,1215.2,True,True
2025-04-16,Wednesday,Bear Put Spread,UP,False,75,-1672.5,346.47,-2018.97,True,False
2025-04-16,Wednesday,Iron Condor,UP,False,75,592.5,644.67,-52.17,True,False
2025-04-17,Thursday,Bull Call Spread,UP,True,75,10908.75,321.61,10587.14,True,True
2025-04-17,Thursday,Bear Put Spread,UP,False,75,-9982.5,395.67,-10378.17,True,False
2025-04-17,Thursday,Iron Condor,UP,False,75,11343.75,780.06,10563.69,True,True
2025-04-21,Monday,Bull Call Spread,UP,True,75,3401.25,358.6,3042.65,True,True
2025-04-21,Monday,Bear Put Spread,UP,False,75,993.75,386.85,606.9,True,True
2025-04-21,Monday,Iron Condor,UP,False,75,0.0,0.0,0.0,False,False
2025-04-22,Tuesday,Bull Call Spread,UP,True,75,-206.25,338.42,-544.67,True,False
2025-04-22,Tuesday,Bear Put Spread,UP,False,75,-1061.25,360.44,-1421.69,True,False
2025-04-22,Tuesday,Iron Condor,UP,False,75,-30.0,641.79,-671.79,True,False
2025-04-23,Wednesday,Bull Call Spread,FLAT,False,75,-776.25,326.42,-1102.67,True,False
2025-04-23,Wednesday,Bear Put Spread,FLAT,False,75,-221.25,381.95,-603.2,True,False
2025-04-23,Wednesday,Iron Condor,FLAT,True,75,630.0,643.64,-13.64,True,False
2025-04-24,Thursday,Bull Call Spread,FLAT,False,75,-1106.25,323.54,-1429.79,True,False
2025-04-24,Thursday,Bear Put Spread,FLAT,False,75,3172.5,357.6,2814.9,True,True
2025-04-24,Thursday,Iron Condor,FLAT,True,75,4218.75,663.76,3554.99,True,True
2025-04-25,Friday,Bull Call Spread,DOWN,False,75,-4128.75,352.6,-4481.35,True,False
2025-04-25,Friday,Bear Put Spread,DOWN,True,75,3907.5,394.63,3512.87,True,True
2025-04-25,Friday,Iron Condor,DOWN,False,75,555.0,649.66,-94.66,True,False
2025-04-28,Monday,Bull Call Spread,DOWN,False,75,2801.25,338.58,2462.67,True,True
2025-04-28,Monday,Bear Put Spread,DOWN,True,75,933.75,403.64,530.11,True,True
2025-04-28,Monday,Iron Condor,DOWN,False,75,1788.75,678.31,1110.44,True,True
2025-04-29,Tuesday,Bull Call Spread,UP,True,75,-240.0,321.92,-561.92,True,False
2025-04-29,Tuesday,Bear Put Spread,UP,False,75,153.75,407.59,-253.84,True,False
2025-04-29,Tuesday,Iron Condor,UP,False,75,1335.0,667.63,667.37,True,True
2025-04-30,Wednesday,Bull Call Spread,FLAT,False,75,-525.0,321.85,-846.85,True,False
2025-04-30,Wednesday,Bear Put Spread,FLAT,False,75,1545.0,360.94,1184.06,True,True
2025-04-30,Wednesday,Iron Condor,FLAT,True,75,4556.25,661.86,3894.39,True,True
2025-05-02,Friday,Bull Call Spread,FLAT,False,75,-753.75,380.75,-1134.5,True,False
2025-05-02,Friday,Bear Put Spread,FLAT,False,75,1901.25,393.26,1507.99,True,True
2025-05-02,Friday,Iron Condor,FLAT,True,75,0.0,0.0,0.0,False,False
2025-05-05,Monday,Bull Call Spread,FLAT,False,75,-341.25,337.77,-679.02,True,False
2025-05-05,Monday,Bear Put Spread,FLAT,False,75,-1672.5,388.08,-2060.58,True,False
2025-05-05,Monday,Iron Condor,FLAT,True,75,0.0,0.0,0.0,False,False
2025-05-06,Tuesday,Bull Call Spread,UP,True,75,-363.75,322.66,-686.41,True,False
2025-05-06,Tuesday,Bear Put Spread,UP,False,75,1121.25,411.97,709.28,True,True
2025-05-06,Tuesday,Iron Condor,UP,False,75,1541.25,665.32,875.93,True,True
2025-05-07,Wednesday,Bull Call Spread,DOWN,False,75,1620.0,330.75,1289.25,True,True
2025-05-07,Wednesday,Bear Put Spread,DOWN,True,75,-1432.5,348.93,-1781.43,True,False
2025-05-07,Wednesday,Iron Condor,DOWN,False,75,1027.5,668.88,358.62,True,True
2025-05-08,Thursday,Bull Call Spread,UP,True,75,-288.75,321.04,-609.79,True,False
2025-05-08,Thursday,Bear Put Spread,UP,False,75,2055.0,371.78,1683.22,True,True
2025-05-08,Thursday,Iron Condor,UP,False,75,1035.0,655.98,379.02,True,True
2025-05-09,Friday,Bull Call Spread,DOWN,False,75,-5433.75,370.43,-5804.18,True,False
2025-05-09,Friday,Bear Put Spread,DOWN,True,75,1072.5,431.03,641.47,True,True
2025-05-09,Friday,Iron Condor,DOWN,False,75,0.0,0.0,0.0,False,False
2025-05-12,Monday,Bull Call Spread,UP,True,75,6330.0,337.38,5992.62,True,True
2025-05-12,Monday,Bear Put Spread,UP,False,75,-5658.75,403.68,-6062.43,True,False
2025-05-12,Monday,Iron Condor,UP,False,75,0.0,0.0,0.0,False,False
2025-05-13,Tuesday,Bull Call Spread,UP,True,75,-371.25,337.69,-708.94,True,False
2025-05-13,Tuesday,Bear Put Spread,UP,False,75,1837.5,429.22,1408.28,True,True
2025-05-13,Tuesday,Iron Condor,UP,False,75,-180.0,645.56,-825.56,True,False
2025-05-14,Wednesday,Bull Call Spread,DOWN,False,75,-202.5,335.16,-537.66,True,False
2025-05-14,Wednesday,Bear Put Spread,DOWN,True,75,1271.25,382.16,889.09,True,True
2025-05-14,Wednesday,Iron Condor,DOWN,False,75,945.0,648.91,296.09,True,True
2025-05-15,Thursday,Bull Call Spread,FLAT,False,75,9798.75,325.26,9473.49,True,True
2025-05-15,Thursday,Bear Put Spread,FLAT,False,75,-7867.5,371.94,-8239.44,True,False
2025-05-15,Thursday,Iron Condor,FLAT,True,75,9851.25,747.4,9103.85,True,True
2025-05-16,Friday,Bull Call Spread,UP,True,75,-105.0,336.25,-441.25,True,False
2025-05-16,Friday,Bear Put Spread,UP,False,75,-37.5,436.71,-474.21,True,False
2025-05-16,Friday,Iron Condor,UP,False,75,382.5,689.88,-307.38,True,False
2025-05-19,Monday,Bull Call Spread,FLAT,False,75,-1308.75,345.46,-1654.21,True,False
2025-05-19,Monday,Bear Put Spread,FLAT,False,75,873.75,397.31,476.44,True,True
2025-05-19,Monday,Iron Condor,FLAT,True,75,-213.75,643.74,-857.49,True,False
2025-05-20,Tuesday,Bull Call Spread,DOWN,False,75,-1803.75,340.44,-2144.19,True,False
2025-05-20,Tuesday,Bear Put Spread,DOWN,True,75,5358.75,389.46,4969.29,True,True
2025-05-20,Tuesday,Iron Condor,DOWN,False,75,2790.0,676.56,2113.44,True,True
2025-05-21,Wednesday,Bull Call Spread,DOWN,False,75,210.0,327.41,-117.41,True,False
2025-05-21,Wednesday,Bear Put Spread,DOWN,True,75,570.0,425.13,144.87,True,True
2025-05-21,Wednesday,Iron Condor,DOWN,False,75,-101.25,641.44,-742.69,True,False
2025-05-22,Thursday,Bull Call Spread,FLAT,False,75,-2538.75,333.08,-2871.83,True,False
2025-05-22,Thursday,Bear Put Spread,FLAT,False,75,3420.0,363.26,3056.74,True,True
2025-05-22,Thursday,Iron Condor,FLAT,True,75,5726.25,698.59,5027.66,True,True
2025-05-23,Friday,Bull Call Spread,DOWN,False,75,2808.75,379.44,2429.31,True,True
2025-05-23,Friday,Bear Put Spread,DOWN,True,75,-1627.5,373.13,-2000.63,True,False
2025-05-23,Friday,Iron Condor,DOWN,False,75,-146.25,647.76,-794.01,True,False
2025-05-26,Monday,Bull Call Spread,UP,True,75,1728.75,344.19,1384.56,True,True
2025-05-26,Monday,Bear Put Spread,UP,False,75,562.5,405.78,156.72,True,True
2025-05-26,Monday,Iron Condor,UP,False,75,-48.75,643.88,-692.63,True,False
2025-05-27,Tuesday,Bull Call Spread,UP,True,75,-1695.0,374.78,-2069.78,True,False
2025-05-27,Tuesday,Bear Put Spread,UP,False,75,2051.25,372.45,1678.8,True,True
2025-05-27,Tuesday,Iron Condor,UP,False,75,-11.25,643.14,-654.39,True,False
2025-05-28,Wednesday,Bull Call Spread,DOWN,False,75,-1875.0,343.32,-2218.32,True,False
2025-05-28,Wednesday,Bear Put Spread,DOWN,True,75,2396.25,413.07,1983.18,True,True
2025-05-28,Wednesday,Iron Condor,DOWN,False,75,127.5,640.6,-513.1,True,False
2025-05-29,Thursday,Bull Call Spread,DOWN,False,75,-3761.25,335.85,-4097.1,True,False
2025-05-29,Thursday,Bear Put Spread,DOWN,True,75,-5490.0,352.77,-5842.77,True,False
2025-05-29,Thursday,Iron Condor,DOWN,False,75,7518.75,677.73,6841.02,True,True
2025-05-30,Friday,Bull Call Spread,FLAT,False,75,-273.75,364.99,-638.74,True,False
2025-05-30,Friday,Bear Put Spread,FLAT,False,75,-161.25,394.8,-556.05,True,False
2025-05-30,Friday,Iron Condor,FLAT,True,75,0.0,0.0,0.0,False,False
2025-06-02,Monday,Bull Call Spread,DOWN,False,75,1443.75,368.14,1075.61,True,True
2025-06-02,Monday,Bear Put Spread,DOWN,True,75,-48.75,380.67,-429.42,True,False
2025-06-02,Monday,Iron Condor,DOWN,False,75,-150.0,645.01,-795.01,True,False
2025-06-03,Tuesday,Bull Call Spread,FLAT,False,75,-4200.0,372.6,-4572.6,True,False
2025-06-03,Tuesday,Bear Put Spread,FLAT,False,75,6315.0,387.13,5927.87,True,True
2025-06-03,Tuesday,Iron Condor,FLAT,True,75,41.25,647.25,-606.0,True,False
2025-06-04,Wednesday,Bull Call Spread,DOWN,False,75,-686.25,339.43,-1025.68,True,False
2025-06-04,Wednesday,Bear Put Spread,DOWN,True,75,1657.5,385.42,1272.08,True,True
2025-06-04,Wednesday,Iron Condor,DOWN,False,75,311.25,642.14,-330.89,True,False
2025-06-05,Thursday,Bull Call Spread,UP,True,75,-1683.75,328.47,-2012.22,True,False
2025-06-05,Thursday,Bear Put Spread,UP,False,75,-6416.25,351.26,-6767.51,True,False
2025-06-05,Thursday,Iron Condor,UP,False,75,6633.75,671.7,5962.05,True,True
2025-06-06,Friday,Bull Call Spread,UP,True,75,2493.75,337.15,2156.6,True,True
2025-06-06,Friday,Bear Put Spread,UP,False,75,-622.5,428.15,-1050.65,True,False
2025-06-06,Friday,Iron Condor,UP,False,75,161.25,644.58,-483.33,True,False
2025-06-09,Monday,Bull Call Spread,UP,True,75,-401.25,331.0,-732.25,True,False
2025-06-09,Monday,Bear Put Spread,UP,False,75,3142.5,414.49,2728.01,True,True
2025-06-09,Monday,Iron Condor,UP,False,75,60.0,641.4,-581.4,True,False
2025-06-10,Tuesday,Bull Call Spread,FLAT,False,75,-1102.5,333.55,-1436.05,True,False
2025-06-10,Tuesday,Bear Put Spread,FLAT,False,75,2876.25,383.83,2492.42,True,True
2025-06-10,Tuesday,Iron Condor,FLAT,True,75,41.25,640.29,-599.04,True,False
2025-06-11,Wednesday,Bull Call Spread,FLAT,False,75,866.25,323.67,542.58,True,True
2025-06-11,Wednesday,Bear Put Spread,FLAT,False,75,2220.0,377.46,1842.54,True,True
2025-06-11,Wednesday,Iron Condor,FLAT,True,75,86.25,640.49,-554.24,True,False
2025-06-12,Thursday,Bull Call Spread,FLAT,False,75,-315.0,320.69,-635.69,True,False
2025-06-12,Thursday,Bear Put Spread,FLAT,False,75,862.5,409.0,453.5,True,True
2025-06-12,Thursday,Iron Condor,FLAT,True,75,10807.5,703.88,10103.62,True,True
2025-06-13,Friday,Bull Call Spread,DOWN,False,75,922.5,332.14,590.36,True,True
2025-06-13,Friday,Bear Put Spread,DOWN,True,75,3787.5,432.54,3354.96,True,True
2025-06-13,Friday,Iron Condor,DOWN,False,75,0.0,0.0,0.0,False,False
2025-06-16,Monday,Bull Call Spread,DOWN,False,75,2100.0,359.48,1740.52,True,True
2025-06-16,Monday,Bear Put Spread,DOWN,True,75,-941.25,372.27,-1313.52,True,False
2025-06-16,Monday,Iron Condor,DOWN,False,75,0.0,0.0,0.0,False,False
2025-06-17,Tuesday,Bull Call Spread,UP,True,75,-2512.5,347.66,-2860.16,True,False
2025-06-17,Tuesday,Bear Put Spread,UP,False,75,2576.25,360.4,2215.85,True,True
2025-06-17,Tuesday,Iron Condor,UP,False,75,22.5,642.07,-619.57,True,False
2025-06-18,Wednesday,Bull Call Spread,DOWN,False,75,-588.75,330.6,-919.35,True,False
2025-06-18,Wednesday,Bear Put Spread,DOWN,True,75,3236.25,365.72,2870.53,True,True
2025-06-18,Wednesday,Iron Condor,DOWN,False,75,806.25,648.78,157.47,True,True
2025-06-19,Thursday,Bull Call Spread,FLAT,False,75,-446.25,321.74,-767.99,True,False
2025-06-19,Thursday,Bear Put Spread,FLAT,False,75,911.25,390.25,521.0,True,True
2025-06-19,Thursday,Iron Condor,FLAT,True,75,3903.75,667.64,3236.11,True,True
2025-06-20,Friday,Bull Call Spread,FLAT,False,75,3363.75,340.69,3023.06,True,True
2025-06-20,Friday,Bear Put Spread,FLAT,False,75,-2205.0,413.14,-2618.14,True,False
2025-06-20,Friday,Iron Condor,FLAT,True,75,4736.25,727.58,4008.67,True,True
2025-06-23,Monday,Bull Call Spread,UP,True,75,-911.25,335.61,-1246.86,True,False
2025-06-23,Monday,Bear Put Spread,UP,False,75,-472.5,389.48,-861.98,True,False
2025-06-23,Monday,Iron Condor,UP,False,75,-63.75,644.79,-708.54,True,False
2025-06-24,Tuesday,Bull Call Spread,FLAT,False,75,-1323.75,326.58,-1650.33,True,False
2025-06-24,Tuesday,Bear Put Spread,FLAT,False,75,183.75,382.25,-198.5,True,False
2025-06-24,Tuesday,Iron Condor,FLAT,True,75,0.0,0.0,0.0,False,False
2025-06-25,Wednesday,Bull Call Spread,DOWN,False,75,161.25,324.15,-162.9,True,False
2025-06-25,Wednesday,Bear Put Spread,DOWN,True,75,-2700.0,391.3,-3091.3,True,False
2025-06-25,Wednesday,Iron Condor,DOWN,False,75,2126.25,665.08,1461.17,True,True
2025-06-26,Thursday,Bull Call Spread,UP,True,75,3431.25,321.25,3110.0,True,True
2025-06-26,Thursday,Bear Put Spread,UP,False,75,-9318.75,375.28,-9694.03,True,False
2025-06-26,Thursday,Iron Condor,UP,False,75,9333.75,695.76,8637.99,True,True
2025-06-27,Friday,Bull Call Spread,UP,True,75,896.25,337.12,559.13,True,True
2025-06-27,Friday,Bear Put Spread,UP,False,75,-2756.25,399.48,-3155.73,True,False
2025-06-27,Friday,Iron Condor,UP,False,75,337.5,649.51,-312.01,True,False
2025-06-30,Monday,Bull Call Spread,FLAT,False,75,-2636.25,346.09,-2982.34,True,False
2025-06-30,Monday,Bear Put Spread,FLAT,False,75,2940.0,364.81,2575.19,True,True
2025-06-30,Monday,Iron Condor,FLAT,True,75,0.0,0.0,0.0,False,False
2025-07-01,Tuesday,Bull Call Spread,DOWN,False,75,-457.5,338.1,-795.6,True,False
2025-07-01,Tuesday,Bear Put Spread,DOWN,True,75,-97.5,368.29,-465.79,True,False
2025-07-01,Tuesday,Iron Condor,DOWN,False,75,1481.25,668.72,812.53,True,True
2025-07-02,Wednesday,Bull Call Spread,FLAT,False,75,-1758.75,332.57,-2091.32,True,False
2025-07-02,Wednesday,Bear Put Spread,FLAT,False,75,2516.25,350.43,2165.82,True,True
2025-07-02,Wednesday,Iron Condor,FLAT,True,75,78.75,640.78,-562.03,True,False
2025-07-03,Thursday,Bull Call Spread,DOWN,False,75,-1987.5,326.64,-2314.14,True,False
2025-07-03,Thursday,Bear Put Spread,DOWN,True,75,3810.0,344.09,3465.91,True,True
2025-07-03,Thursday,Iron Condor,DOWN,False,75,4170.0,656.94,3513.06,True,True
2025-07-04,Friday,Bull Call Spread,FLAT,False,75,-210.0,330.05,-540.05,True,False
2025-07-04,Friday,Bear Put Spread,FLAT,False,75,-675.0,431.93,-1106.93,True,False
2025-07-04,Friday,Iron Condor,FLAT,True,75,270.0,647.92,-377.92,True,False
2025-07-07,Monday,Bull Call Spread,FLAT,False,75,-540.0,327.57,-867.57,True,False
2025-07-07,Monday,Bear Put Spread,FLAT,False,75,6165.0,424.57,5740.43,True,True
2025-07-07,Monday,Iron Condor,FLAT,True,75,150.0,647.0,-497.0,True,False
2025-07-08,Tuesday,Bull Call Spread,FLAT,False,75,693.75,329.56,364.19,True,True
2025-07-08,Tuesday,Bear Put Spread,FLAT,False,75,1848.75,376.28,1472.47,True,True
2025-07-08,Tuesday,Iron Condor,FLAT,True,75,1113.75,663.07,450.68,True,True
2025-07-09,Wednesday,Bull Call Spread,UP,True,75,-1597.5,332.72,-1930.22,True,False
2025-07-09,Wednesday,Bear Put Spread,UP,False,75,922.5,348.54,573.96,True,True
2025-07-09,Wednesday,Iron Condor,UP,False,75,-480.0,648.58,-1128.58,True,False
2025-07-10,Thursday,Bull Call Spread,FLAT,False,75,-1473.75,324.12,-1797.87,True,False
2025-07-10,Thursday,Bear Put Spread,FLAT,False,75,4395.0,348.54,4046.46,True,True
2025-07-10,Thursday,Iron Condor,FLAT,True,75,6285.0,668.11,5616.89,True,True
2025-07-11,Friday,Bull Call Spread,DOWN,False,75,-675.0,327.79,-1002.79,True,False
2025-07-11,Friday,Bear Put Spread,DOWN,True,75,-3150.0,419.04,-3569.04,True,False
2025-07-11,Friday,Iron Condor,DOWN,False,75,1196.25,656.12,540.13,True,True
2025-07-14,Monday,Bull Call Spread,DOWN,False,75,-483.75,328.21,-811.96,True,False
2025-07-14,Monday,Bear Put Spread,DOWN,True,75,-213.75,401.34,-615.09,True,False
2025-07-14,Monday,Iron Condor,DOWN,False,75,457.5,659.98,-202.48,True,False
2025-07-15,Tuesday,Bull Call Spread,FLAT,False,75,810.0,336.17,473.83,True,True
2025-07-15,Tuesday,Bear Put Spread,FLAT,False,75,-3063.75,355.21,-3418.96,True,False
2025-07-15,Tuesday,Iron Condor,FLAT,True,75,1773.75,651.97,1121.78,True,True
2025-07-16,Wednesday,Bull Call Spread,UP,True,75,-828.75,331.15,-1159.9,True,False
2025-07-16,Wednesday,Bear Put Spread,UP,False,75,-2538.75,343.87,-2882.62,True,False
2025-07-16,Wednesday,Iron Condor,UP,False,75,596.25,644.81,-48.56,True,False
2025-07-17,Thursday,Bull Call Spread,FLAT,False,75,-1871.25,326.58,-2197.83,True,False
2025-07-17,Thursday,Bear Put Spread,FLAT,False,75,6611.25,332.08,6279.17,True,True
2025-07-17,Thursday,Iron Condor,FLAT,True,75,3588.75,653.89,2934.86,True,True
2025-07-18,Friday,Bull Call Spread,DOWN,False,75,-892.5,327.51,-1220.01,True,False
2025-07-18,Friday,Bear Put Spread,DOWN,True,75,660.0,409.93,250.07,True,True
2025-07-18,Friday,Iron Condor,DOWN,False,75,-41.25,640.58,-681.83,True,False
2025-07-21,Monday,Bull Call Spread,DOWN,False,75,2178.75,361.16,1817.59,True,True
2025-07-21,Monday,Bear Put Spread,DOWN,True,75,-1788.75,344.76,-2133.51,True,False
2025-07-21,Monday,Iron Condor,DOWN,False,75,101.25,640.37,-539.12,True,False
2025-07-22,Tuesday,Bull Call Spread,UP,True,75,-1327.5,331.29,-1658.79,True,False
2025-07-22,Tuesday,Bear Put Spread,UP,False,75,1702.5,357.8,1344.7,True,True
2025-07-22,Tuesday,Iron Condor,UP,False,75,1170.0,674.89,495.11,True,True
2025-07-23,Wednesday,Bull Call Spread,FLAT,False,75,1466.25,323.73,1142.52,True,True
2025-07-23,Wednesday,Bear Put Spread,FLAT,False,75,-5193.75,355.25,-5549.0,True,False
2025-07-23,Wednesday,Iron Condor,FLAT,True,75,1267.5,651.5,616.0,True,True
2025-07-24,Thursday,Bull Call Spread,UP,True,75,-787.5,321.95,-1109.45,True,False
2025-07-24,Thursday,Bear Put Spread,UP,False,75,3618.75,347.99,3270.76,True,True
2025-07-24,Thursday,Iron Condor,UP,False,75,8430.0,672.05,7757.95,True,True
2025-07-25,Friday,Bull Call Spread,DOWN,False,75,-3127.5,356.81,-3484.31,True,False
2025-07-25,Friday,Bear Put Spread,DOWN,True,75,3798.75,344.92,3453.83,True,True
2025-07-25,Friday,Iron Condor,DOWN,False,75,3048.75,677.4,2371.35,True,True
2025-07-28,Monday,Bull Call Spread,DOWN,False,75,-1597.5,352.13,-1949.63,True,False
2025-07-28,Monday,Bear Put Spread,DOWN,True,75,3022.5,345.79,2676.71,True,True
2025-07-28,Monday,Iron Condor,DOWN,False,75,1335.0,653.35,681.65,True,True
2025-07-29,Tuesday,Bull Call Spread,DOWN,False,75,4526.25,348.09,4178.16,True,True
2025-07-29,Tuesday,Bear Put Spread,DOWN,True,75,-3060.0,340.66,-3400.66,True,False
2025-07-29,Tuesday,Iron Condor,DOWN,False,75,-386.25,646.91,-1033.16,True,False
2025-07-30,Wednesday,Bull Call Spread,UP,True,75,-345.0,324.24,-669.24,True,False
2025-07-30,Wednesday,Bear Put Spread,UP,False,75,-3693.75,369.1,-4062.85,True,False
2025-07-30,Wednesday,Iron Condor,UP,False,75,1012.5,656.0,356.5,True,True
2025-07-31,Thursday,Bull Call Spread,FLAT,False,75,2328.75,334.25,1994.5,True,True
2025-07-31,Thursday,Bear Put Spread,FLAT,False,75,-2778.75,333.17,-3111.92,True,False
2025-07-31,Thursday,Iron Condor,FLAT,True,75,3663.75,666.77,2996.98,True,True
2025-08-01,Friday,Bull Call Spread,UP,True,75,-1455.0,335.3,-1790.3,True,False
2025-08-01,Friday,Bear Put Spread,UP,False,75,4256.25,401.8,3854.45,True,True
2025-08-01,Friday,Iron Condor,UP,False,75,810.0,661.18,148.82,True,True
2025-08-04,Monday,Bull Call Spread,DOWN,False,75,2850.0,336.52,2513.48,True,True
2025-08-04,Monday,Bear Put Spread,DOWN,True,75,900.0,377.98,522.02,True,True
2025-08-04,Monday,Iron Condor,DOWN,False,75,-127.5,646.62,-774.12,True,False
2025-08-05,Tuesday,Bull Call Spread,UP,True,75,-1387.5,343.53,-1731.03,True,False
2025-08-05,Tuesday,Bear Put Spread,UP,False,75,1582.5,352.93,1229.57,True,True
2025-08-05,Tuesday,Iron Condor,UP,False,75,772.5,646.16,126.34,True,True
2025-08-06,Wednesday,Bull Call Spread,DOWN,False,75,-442.5,322.04,-764.54,True,False
2025-08-06,Wednesday,Bear Put Spread,DOWN,True,75,1338.75,403.46,935.29,True,True
2025-08-06,Wednesday,Iron Condor,DOWN,False,75,258.75,641.35,-382.6,True,False
2025-08-07,Thursday,Bull Call Spread,DOWN,False,75,-525.0,330.23,-855.23,True,False
2025-08-07,Thursday,Bear Put Spread,DOWN,True,75,-3791.25,339.25,-4130.5,True,False
2025-08-07,Thursday,Iron Condor,DOWN,False,75,5355.0,664.74,4690.26,True,True
2025-08-08,Friday,Bull Call Spread,UP,True,75,-3701.25,349.88,-4051.13,True,False
2025-08-08,Friday,Bear Put Spread,UP,False,75,3907.5,356.77,3550.73,True,True
2025-08-08,Friday,Iron Condor,UP,False,75,0.0,0.0,0.0,False,False
2025-08-11,Monday,Bull Call Spread,DOWN,False,75,438.75,326.45,112.3,True,True
2025-08-11,Monday,Bear Put Spread,DOWN,True,75,-1098.75,424.33,-1523.08,True,False
2025-08-11,Monday,Iron Condor,DOWN,False,75,-228.75,642.61,-871.36,True,False
2025-08-12,Tuesday,Bull Call Spread,UP,True,75,-896.25,327.04,-1223.29,True,False
2025-08-12,Tuesday,Bear Put Spread,UP,False,75,1357.5,373.54,983.96,True,True
2025-08-12,Tuesday,Iron Condor,UP,False,75,262.5,642.25,-379.75,True,False
2025-08-13,Wednesday,Bull Call Spread,DOWN,False,75,-45.0,320.85,-365.85,True,False
2025-08-13,Wednesday,Bear Put Spread,DOWN,True,75,-243.75,405.07,-648.82,True,False
2025-08-13,Wednesday,Iron Condor,DOWN,False,75,1758.75,660.58,1098.17,True,True
2025-08-14,Thursday,Bull Call Spread,FLAT,False,75,-191.25,320.3,-511.55,True,False
2025-08-14,Thursday,Bear Put Spread,FLAT,False,75,1297.5,372.2,925.3,True,True
2025-08-14,Thursday,Iron Condor,FLAT,True,75,5280.0,656.72,4623.28,True,True
2025-08-18,Monday,Bull Call Spread,FLAT,False,75,-708.75,331.73,-1040.48,True,False
2025-08-18,Monday,Bear Put Spread,FLAT,False,75,-971.25,394.42,-1365.67,True,False
2025-08-18,Monday,Iron Condor,FLAT,True,75,-1166.25,662.85,-1829.1,True,False
2025-08-19,Tuesday,Bull Call Spread,UP,True,75,18.75,329.93,-311.18,True,False
2025-08-19,Tuesday,Bear Put Spread,UP,False,75,-3108.75,368.33,-3477.08,True,False
2025-08-19,Tuesday,Iron Condor,UP,False,75,1770.0,678.8,1091.2,True,True
2025-08-20,Wednesday,Bull Call Spread,UP,True,75,-22.5,320.53,-343.03,True,False
2025-08-20,Wednesday,Bear Put Spread,UP,False,75,476.25,409.29,66.96,True,True
2025-08-20,Wednesday,Iron Condor,UP,False,75,2148.75,657.17,1491.58,True,True
2025-08-21,Thursday,Bull Call Spread,FLAT,False,75,-3063.75,328.6,-3392.35,True,False
2025-08-21,Thursday,Bear Put Spread,FLAT,False,75,-1263.75,327.73,-1591.48,True,False
2025-08-21,Thursday,Iron Condor,FLAT,True,75,5006.25,654.66,4351.59,True,True
2025-08-22,Friday,Bull Call Spread,FLAT,False,75,-1620.0,334.51,-1954.51,True,False
2025-08-22,Friday,Bear Put Spread,FLAT,False,75,2141.25,375.69,1765.56,True,True
2025-08-22,Friday,Iron Condor,FLAT,True,75,4860.0,683.17,4176.83,True,True
2025-08-25,Monday,Bull Call Spread,DOWN,False,75,-671.25,326.34,-997.59,True,False
2025-08-25,Monday,Bear Put Spread,DOWN,True,75,-3022.5,388.64,-3411.14,True,False
2025-08-25,Monday,Iron Condor,DOWN,False,75,1076.25,696.52,379.73,True,True
2025-08-26,Tuesday,Bull Call Spread,FLAT,False,75,-2767.5,341.45,-3108.95,True,False
2025-08-26,Tuesday,Bear Put Spread,FLAT,False,75,5223.75,332.09,4891.66,True,True
2025-08-26,Tuesday,Iron Condor,FLAT,True,75,1751.25,650.88,1100.37,True,True
2025-08-28,Thursday,Bull Call Spread,DOWN,False,75,-322.5,321.16,-643.66,True,False
2025-08-28,Thursday,Bear Put Spread,DOWN,True,75,-2793.75,386.27,-3180.02,True,False
2025-08-28,Thursday,Iron Condor,DOWN,False,75,6806.25,692.64,6113.61,True,True
2025-08-29,Friday,Bull Call Spread,DOWN,False,75,-1072.5,334.16,-1406.66,True,False
2025-08-29,Friday,Bear Put Spread,DOWN,True,75,-513.75,367.41,-881.16,True,False
2025-08-29,Friday,Iron Condor,DOWN,False,75,221.25,641.54,-420.29,True,False
2025-09-01,Monday,Bull Call Spread,DOWN,False,75,2141.25,327.66,1813.59,True,True
2025-09-01,Monday,Bear Put Spread,DOWN,True,75,-4965.0,356.67,-5321.67,True,False
2025-09-01,Monday,Iron Condor,DOWN,False,75,3240.0,662.43,2577.57,True,True
2025-09-02,Tuesday,Bull Call Spread,UP,True,75,-15.0,319.7,-334.7,True,False
2025-09-02,Tuesday,Bear Put Spread,UP,False,75,1856.25,415.13,1441.12,True,True
2025-09-02,Tuesday,Iron Condor,UP,False,75,5208.75,657.07,4551.68,True,True
2025-09-03,Wednesday,Bull Call Spread,DOWN,False,75,1747.5,343.37,1404.13,True,True
2025-09-03,Wednesday,Bear Put Spread,DOWN,True,75,450.0,361.14,88.86,True,True
2025-09-03,Wednesday,Iron Condor,DOWN,False,75,866.25,666.59,199.66,True,True
2025-09-04,Thursday,Bull Call Spread,UP,True,75,-2291.25,335.89,-2627.14,True,False
2025-09-04,Thursday,Bear Put Spread,UP,False,75,2362.5,365.08,1997.42,True,True
2025-09-04,Thursday,Iron Condor,UP,False,75,127.5,663.45,-535.95,True,False
2025-09-05,Friday,Bull Call Spread,DOWN,False,75,-86.25,321.64,-407.89,True,False
2025-09-05,Friday,Bear Put Spread,DOWN,True,75,-903.75,417.86,-1321.61,True,False
2025-09-05,Friday,Iron Condor,DOWN,False,75,337.5,645.44,-307.94,True,False
2025-09-08,Monday,Bull Call Spread,FLAT,False,75,-487.5,326.81,-814.31,True,False
2025-09-08,Monday,Bear Put Spread,FLAT,False,75,52.5,351.73,-299.23,True,False
2025-09-08,Monday,Iron Condor,FLAT,True,75,517.5,645.21,-127.71,True,False
2025-09-09,Tuesday,Bull Call Spread,FLAT,False,75,-1023.75,322.78,-1346.53,True,False
2025-09-09,Tuesday,Bear Put Spread,FLAT,False,75,-157.5,343.62,-501.12,True,False
2025-09-09,Tuesday,Iron Condor,FLAT,True,75,4136.25,653.35,3482.9,True,True
2025-09-10,Wednesday,Bull Call Spread,FLAT,False,75,232.5,331.29,-98.79,True,False
2025-09-10,Wednesday,Bear Put Spread,FLAT,False,75,0.0,380.56,-380.56,True,False
2025-09-10,Wednesday,Iron Condor,FLAT,True,75,-26.25,640.18,-666.43,True,False
2025-09-11,Thursday,Bull Call Spread,FLAT,False,75,-202.5,321.74,-524.24,True,False
2025-09-11,Thursday,Bear Put Spread,FLAT,False,75,-1871.25,443.71,-2314.96,True,False
2025-09-11,Thursday,Iron Condor,FLAT,True,75,-277.5,663.23,-940.73,True,False
2025-09-12,Friday,Bull Call Spread,DOWN,False,75,-150.0,322.39,-472.39,True,False
2025-09-12,Friday,Bear Put Spread,DOWN,True,75,15.0,388.28,-373.28,True,False
2025-09-12,Friday,Iron Condor,DOWN,False,75,1327.5,651.3,676.2,True,True
2025-09-15,Monday,Bull Call Spread,UP,True,75,-135.0,320.28,-455.28,True,False
2025-09-15,Monday,Bear Put Spread,UP,False,75,-682.5,405.98,-1088.48,True,False
2025-09-15,Monday,Iron Condor,UP,False,75,1725.0,664.24,1060.76,True,True
2025-09-16,Tuesday,Bull Call Spread,FLAT,False,75,-108.75,319.98,-428.73,True,False
2025-09-16,Tuesday,Bear Put Spread,FLAT,False,75,-1695.0,381.21,-2076.21,True,False
2025-09-16,Tuesday,Iron Condor,FLAT,True,75,6682.5,663.79,6018.71,True,True
2025-09-17,Wednesday,Bull Call Spread,UP,True,75,-352.5,325.72,-678.22,True,False
2025-09-17,Wednesday,Bear Put Spread,UP,False,75,-997.5,407.81,-1405.31,True,False
2025-09-17,Wednesday,Iron Condor,UP,False,75,937.5,659.47,278.03,True,True
2025-09-18,Thursday,Bull Call Spread,FLAT,False,75,-528.75,324.59,-853.34,True,False
2025-09-18,Thursday,Bear Put Spread,FLAT,False,75,-1620.0,392.63,-2012.63,True,False
2025-09-18,Thursday,Iron Condor,FLAT,True,75,-123.75,643.08,-766.83,True,False
2025-09-19,Friday,Bull Call Spread,FLAT,False,75,-495.0,322.24,-817.24,True,False
2025-09-19,Friday,Bear Put Spread,FLAT,False,75,97.5,386.17,-288.67,True,False
2025-09-19,Friday,Iron Condor,FLAT,True,75,-1061.25,646.05,-1707.3,True,False
2025-09-22,Monday,Bull Call Spread,FLAT,False,75,-1938.75,329.86,-2268.61,True,False
2025-09-22,Monday,Bear Put Spread,FLAT,False,75,3521.25,337.08,3184.17,True,True
2025-09-22,Monday,Iron Condor,FLAT,True,75,-146.25,647.93,-794.18,True,False
2025-09-23,Tuesday,Bull Call Spread,DOWN,False,75,-1046.25,323.37,-1369.62,True,False
2025-09-23,Tuesday,Bear Put Spread,DOWN,True,75,3735.0,338.67,3396.33,True,True
2025-09-23,Tuesday,Iron Condor,DOWN,False,75,4556.25,654.4,3901.85,True,True
2025-09-24,Wednesday,Bull Call Spread,FLAT,False,75,-1646.25,335.58,-1981.83,True,False
2025-09-24,Wednesday,Bear Put Spread,FLAT,False,75,772.5,374.6,397.9,True,True
2025-09-24,Wednesday,Iron Condor,FLAT,True,75,-810.0,652.29,-1462.29,True,False
2025-09-25,Thursday,Bull Call Spread,DOWN,False,75,-705.0,325.2,-1030.2,True,False
2025-09-25,Thursday,Bear Put Spread,DOWN,True,75,896.25,398.64,497.61,True,True
2025-09-25,Thursday,Iron Condor,DOWN,False,75,-0.0,640.18,-640.18,True,False
2025-09-26,Friday,Bull Call Spread,DOWN,False,75,-3367.5,337.91,-3705.41,True,False
2025-09-26,Friday,Bear Put Spread,DOWN,True,75,4852.5,346.32,4506.18,True,True
2025-09-26,Friday,Iron Condor,DOWN,False,75,1931.25,655.31,1275.94,True,True
2025-09-29,Monday,Bull Call Spread,DOWN,False,75,-1556.25,328.23,-1884.48,True,False
2025-09-29,Monday,Bear Put Spread,DOWN,True,75,2115.0,356.4,1758.6,True,True
2025-09-29,Monday,Iron Condor,DOWN,False,75,281.25,643.1,-361.85,True,False
2025-09-30,Tuesday,Bull Call Spread,FLAT,False,75,-2760.0,329.23,-3089.23,True,False
2025-09-30,Tuesday,Bear Put Spread,FLAT,False,75,3851.25,328.21,3523.04,True,True
2025-09-30,Tuesday,Iron Condor,FLAT,True,75,4942.5,657.81,4284.69,True,True
2025-10-01,Wednesday,Bull Call Spread,DOWN,False,75,2970.0,343.14,2626.86,True,True
2025-10-01,Wednesday,Bear Put Spread,DOWN,True,75,-3862.5,361.59,-4224.09,True,False
2025-10-01,Wednesday,Iron Condor,DOWN,False,75,2557.5,679.74,1877.76,True,True
2025-10-03,Friday,Bull Call Spread,UP,True,75,956.25,329.77,626.48,True,True
2025-10-03,Friday,Bear Put Spread,UP,False,75,-1777.5,357.15,-2134.65,True,False
2025-10-03,Friday,Iron Condor,UP,False,75,-11.25,639.99,-651.24,True,False
2025-10-06,Monday,Bull Call Spread,FLAT,False,75,5276.25,325.06,4951.19,True,True
2025-10-06,Monday,Bear Put Spread,FLAT,False,75,-4496.25,344.76,-4841.01,True,False
2025-10-06,Monday,Iron Condor,FLAT,True,75,3813.75,664.99,3148.76,True,True
2025-10-07,Tuesday,Bull Call Spread,UP,True,75,-63.75,319.86,-383.61,True,False
2025-10-07,Tuesday,Bear Put Spread,UP,False,75,1653.75,380.84,1272.91,True,True
2025-10-07,Tuesday,Iron Condor,UP,False,75,4031.25,651.59,3379.66,True,True
2025-10-08,Wednesday,Bull Call Spread,FLAT,False,75,-1773.75,340.61,-2114.36,True,False
2025-10-08,Wednesday,Bear Put Spread,FLAT,False,75,3600.0,356.9,3243.1,True,True
2025-10-08,Wednesday,Iron Condor,FLAT,True,75,-1211.25,651.74,-1862.99,True,False
2025-10-09,Thursday,Bull Call Spread,DOWN,False,75,1871.25,327.85,1543.4,True,True
2025-10-09,Thursday,Bear Put Spread,DOWN,True,75,-3435.0,371.25,-3806.25,True,False
2025-10-09,Thursday,Iron Condor,DOWN,False,75,1455.0,655.35,799.65,True,True
2025-10-10,Friday,Bull Call Spread,UP,True,75,1500.0,323.7,1176.3,True,True
2025-10-10,Friday,Bear Put Spread,UP,False,75,-2846.25,376.12,-3222.37,True,False
2025-10-10,Friday,Iron Condor,UP,False,75,3101.25,658.18,2443.07,True,True
2025-10-13,Monday,Bull Call Spread,UP,True,75,-873.75,326.88,-1200.63,True,False
2025-10-13,Monday,Bear Put Spread,UP,False,75,817.5,347.92,469.58,True,True
2025-10-13,Monday,Iron Condor,UP,False,75,108.75,659.48,-550.73,True,False
2025-10-14,Tuesday,Bull Call Spread,FLAT,False,75,-472.5,321.02,-793.52,True,False
2025-10-14,Tuesday,Bear Put Spread,FLAT,False,75,-1083.75,363.97,-1447.72,True,False
2025-10-14,Tuesday,Iron Condor,FLAT,True,75,7728.75,669.54,7059.21,True,True
2025-10-15,Wednesday,Bull Call Spread,DOWN,False,75,2373.75,347.6,2026.15,True,True
2025-10-15,Wednesday,Bear Put Spread,DOWN,True,75,-3273.75,365.52,-3639.27,True,False
2025-10-15,Wednesday,Iron Condor,DOWN,False,75,1687.5,688.26,999.24,True,True
2025-10-16,Thursday,Bull Call Spread,UP,True,75,3318.75,325.96,2992.79,True,True
2025-10-16,Thursday,Bear Put Spread,UP,False,75,-4091.25,367.83,-4459.08,True,False
2025-10-16,Thursday,Iron Condor,UP,False,75,-157.5,640.67,-798.17,True,False
2025-10-17,Friday,Bull Call Spread,UP,True,75,2055.0,325.44,1729.56,True,True
2025-10-17,Friday,Bear Put Spread,UP,False,75,-3138.75,372.75,-3511.5,True,False
2025-10-17,Friday,Iron Condor,UP,False,75,1327.5,655.36,672.14,True,True
2025-10-20,Monday,Bull Call Spread,UP,True,75,-888.75,322.39,-1211.14,True,False
2025-10-20,Monday,Bear Put Spread,UP,False,75,4098.75,360.17,3738.58,True,True
2025-10-20,Monday,Iron Condor,UP,False,75,6210.0,664.36,5545.64,True,True
2025-10-21,Tuesday,Bull Call Spread,FLAT,False,75,131.25,355.66,-224.41,True,False
2025-10-21,Tuesday,Bear Put Spread,FLAT,False,75,1001.25,354.41,646.84,True,True
2025-10-21,Tuesday,Iron Condor,FLAT,True,75,1372.5,669.87,702.63,True,True
2025-10-23,Thursday,Bull Call Spread,FLAT,False,75,-2910.0,336.78,-3246.78,True,False
2025-10-23,Thursday,Bear Put Spread,FLAT,False,75,2985.0,358.78,2626.22,True,True
2025-10-23,Thursday,Iron Condor,FLAT,True,75,0.0,0.0,0.0,False,False
2025-10-24,Friday,Bull Call Spread,DOWN,False,75,-3356.25,347.26,-3703.51,True,False
2025-10-24,Friday,Bear Put Spread,DOWN,True,75,5073.75,346.59,4727.16,True,True
2025-10-24,Friday,Iron Condor,DOWN,False,75,-318.75,643.7,-962.45,True,False
2025-10-27,Monday,Bull Call Spread,DOWN,False,75,2385.0,329.43,2055.57,True,True
2025-10-27,Monday,Bear Put Spread,DOWN,True,75,-3855.0,362.12,-4217.12,True,False
2025-10-27,Monday,Iron Condor,DOWN,False,75,2887.5,666.47,2221.03,True,True
2025-10-28,Tuesday,Bull Call Spread,UP,True,75,-386.25,321.27,-707.52,True,False
2025-10-28,Tuesday,Bear Put Spread,UP,False,75,2951.25,369.78,2581.47,True,True
2025-10-28,Tuesday,Iron Condor,UP,False,75,6262.5,669.19,5593.31,True,True
2025-10-29,Wednesday,Bull Call Spread,DOWN,False,75,588.75,335.91,252.84,True,True
2025-10-29,Wednesday,Bear Put Spread,DOWN,True,75,1755.0,411.16,1343.84,True,True
2025-10-29,Wednesday,Iron Condor,DOWN,False,75,1552.5,680.05,872.45,True,True
2025-10-30,Thursday,Bull Call Spread,UP,True,75,-1758.75,343.93,-2102.68,True,False
2025-10-30,Thursday,Bear Put Spread,UP,False,75,2778.75,373.26,2405.49,True,True
2025-10-30,Thursday,Iron Condor,UP,False,75,3.75,640.88,-637.13,True,False
2025-10-31,Friday,Bull Call Spread,DOWN,False,75,-2557.5,340.23,-2897.73,True,False
2025-10-31,Friday,Bear Put Spread,DOWN,True,75,2358.75,360.04,1998.71,True,True
2025-10-31,Friday,Iron Condor,DOWN,False,75,-18.75,640.31,-659.06,True,False
2025-11-03,Monday,Bull Call Spread,DOWN,False,75,-213.75,321.35,-535.1,True,False
2025-11-03,Monday,Bear Put Spread,DOWN,True,75,-615.0,460.01,-1075.01,True,False
2025-11-03,Monday,Iron Condor,DOWN,False,75,1687.5,659.58,1027.92,True,True
2025-11-04,Tuesday,Bull Call Spread,FLAT,False,75,-2827.5,327.87,-3155.37,True,False
2025-11-04,Tuesday,Bear Put Spread,FLAT,False,75,5388.75,344.25,5044.5,True,True
2025-11-04,Tuesday,Iron Condor,FLAT,True,75,8658.75,687.15,7971.6,True,True
2025-11-06,Thursday,Bull Call Spread,DOWN,False,75,-2820.0,342.91,-3162.91,True,False
2025-11-06,Thursday,Bear Put Spread,DOWN,True,75,1518.75,373.8,1144.95,True,True
2025-11-06,Thursday,Iron Condor,DOWN,False,75,630.0,648.57,-18.57,True,False
2025-11-07,Friday,Bull Call Spread,DOWN,False,75,-161.25,325.31,-486.56,True,False
2025-11-07,Friday,Bear Put Spread,DOWN,True,75,-288.75,391.13,-679.88,True,False
2025-11-07,Friday,Iron Condor,DOWN,False,75,592.5,648.54,-56.04,True,False
2025-11-10,Monday,Bull Call Spread,FLAT,False,75,56.25,321.71,-265.46,True,False
2025-11-10,Monday,Bear Put Spread,FLAT,False,75,2565.0,387.08,2177.92,True,True
2025-11-10,Monday,Iron Condor,FLAT,True,75,2512.5,661.24,1851.26,True,True
2025-11-11,Tuesday,Bull Call Spread,UP,True,75,-18.75,319.73,-338.48,True,False
2025-11-11,Tuesday,Bear Put Spread,UP,False,75,-656.25,432.76,-1089.01,True,False
2025-11-11,Tuesday,Iron Condor,UP,False,75,4815.0,653.57,4161.43,True,True
2025-11-12,Wednesday,Bull Call Spread,UP,True,75,1290.0,347.99,942.01,True,True
2025-11-12,Wednesday,Bear Put Spread,UP,False,75,-191.25,369.45,-560.7,True,False
2025-11-12,Wednesday,Iron Condor,UP,False,75,806.25,693.19,113.06,True,True
2025-11-13,Thursday,Bull Call Spread,FLAT,False,75,-198.75,330.88,-529.63,True,False
2025-11-13,Thursday,Bear Put Spread,FLAT,False,75,-1773.75,395.12,-2168.87,True,False
2025-11-13,Thursday,Iron Condor,FLAT,True,75,-67.5,641.33,-708.83,True,False
2025-11-14,Friday,Bull Call Spread,FLAT,False,75,52.5,324.2,-271.7,True,False
2025-11-14,Friday,Bear Put Spread,FLAT,False,75,1166.25,438.91,727.34,True,True
2025-11-14,Friday,Iron Condor,FLAT,True,75,0.0,0.0,0.0,False,False
2025-11-17,Monday,Bull Call Spread,FLAT,False,75,-217.5,323.72,-541.22,True,False
2025-11-17,Monday,Bear Put Spread,FLAT,False,75,187.5,390.83,-203.33,True,False
2025-11-17,Monday,Iron Condor,FLAT,True,75,1256.25,674.96,581.29,True,True
2025-11-18,Tuesday,Bull Call Spread,FLAT,False,75,-71.25,319.84,-391.09,True,False
2025-11-18,Tuesday,Bear Put Spread,FLAT,False,75,-2587.5,421.98,-3009.48,True,False
2025-11-18,Tuesday,Iron Condor,FLAT,True,75,6487.5,665.46,5822.04,True,True
2025-11-19,Wednesday,Bull Call Spread,FLAT,False,75,1091.25,338.08,753.17,True,True
2025-11-19,Wednesday,Bear Put Spread,FLAT,False,75,-1455.0,397.73,-1852.73,True,False
2025-11-19,Wednesday,Iron Condor,FLAT,True,75,-52.5,723.71,-776.21,True,False
2025-11-20,Thursday,Bull Call Spread,UP,True,75,341.25,326.01,15.24,True,True
2025-11-20,Thursday,Bear Put Spread,UP,False,75,-4241.25,425.67,-4666.92,True,False
2025-11-20,Thursday,Iron Condor,UP,False,75,1128.75,668.13,460.62,True,True
2025-11-21,Friday,Bull Call Spread,UP,True,75,-1177.5,330.38,-1507.88,True,False
2025-11-21,Friday,Bear Put Spread,UP,False,75,-510.0,379.92,-889.92,True,False
2025-11-21,Friday,Iron Condor,UP,False,75,-993.75,653.51,-1647.26,True,False
2025-11-24,Monday,Bull Call Spread,DOWN,False,75,-2966.25,343.29,-3309.54,True,False
2025-11-24,Monday,Bear Put Spread,DOWN,True,75,3123.75,341.24,2782.51,True,True
2025-11-24,Monday,Iron Condor,DOWN,False,75,1620.0,676.03,943.97,True,True
2025-11-25,Tuesday,Bull Call Spread,DOWN,False,75,-18.75,320.03,-338.78,True,False
2025-11-25,Tuesday,Bear Put Spread,DOWN,True,75,-4275.0,422.57,-4697.57,True,False
2025-11-25,Tuesday,Iron Condor,DOWN,False,75,7020.0,673.38,6346.62,True,True
2025-11-26,Wednesday,Bull Call Spread,DOWN,False,75,3978.75,338.17,3640.58,True,True
2025-11-26,Wednesday,Bear Put Spread,DOWN,True,75,-3858.75,386.12,-4244.87,True,False
2025-11-26,Wednesday,Iron Condor,DOWN,False,75,3487.5,688.86,2798.64,True,True
2025-11-27,Thursday,Bull Call Spread,UP,True,75,-150.0,327.47,-477.47,True,False
2025-11-27,Thursday,Bear Put Spread,UP,False,75,427.5,396.64,30.86,True,True
2025-11-27,Thursday,Iron Condor,UP,False,75,258.75,659.78,-401.03,True,False
2025-11-28,Friday,Bull Call Spread,FLAT,False,75,-720.0,333.08,-1053.08,True,False
2025-11-28,Friday,Bear Put Spread,FLAT,False,75,731.25,361.7,369.55,True,True
2025-11-28,Friday,Iron Condor,FLAT,True,75,645.0,650.88,-5.88,True,False
2025-12-01,Monday,Bull Call Spread,FLAT,False,75,-11.25,320.08,-331.33,True,False
2025-12-01,Monday,Bear Put Spread,FLAT,False,75,1338.75,433.85,904.9,True,True
2025-12-01,Monday,Iron Condor,FLAT,True,75,2152.5,661.41,1491.09,True,True
2025-12-02,Tuesday,Bull Call Spread,DOWN,False,75,-105.0,320.13,-425.13,True,False
2025-12-02,Tuesday,Bear Put Spread,DOWN,True,75,-558.75,400.3,-959.05,True,False
2025-12-02,Tuesday,Iron Condor,DOWN,False,75,7503.75,668.15,6835.6,True,True
2025-12-03,Wednesday,Bull Call Spread,FLAT,False,75,-986.25,343.59,-1329.84,True,False
2025-12-03,Wednesday,Bear Put Spread,FLAT,False,75,821.25,370.94,450.31,True,True
2025-12-03,Wednesday,Iron Condor,FLAT,True,75,292.5,641.75,-349.25,True,False
2025-12-04,Thursday,Bull Call Spread,DOWN,False,75,828.75,339.52,489.23,True,True
2025-12-04,Thursday,Bear Put Spread,DOWN,True,75,-948.75,366.94,-1315.69,True,False
2025-12-04,Thursday,Iron Condor,DOWN,False,75,1087.5,665.55,421.95,True,True
2025-12-05,Friday,Bull Call Spread,UP,True,75,-30.0,320.91,-350.91,True,False
2025-12-05,Friday,Bear Put Spread,UP,False,75,-2295.0,446.08,-2741.08,True,False
2025-12-05,Friday,Iron Condor,UP,False,75,2478.75,657.82,1820.93,True,True
2025-12-08,Monday,Bull Call Spread,UP,True,75,-135.0,320.37,-455.37,True,False
2025-12-08,Monday,Bear Put Spread,UP,False,75,-900.0,399.24,-1299.24,True,False
2025-12-08,Monday,Iron Condor,UP,False,75,1676.25,656.6,1019.65,True,True
2025-12-09,Tuesday,Bull Call Spread,DOWN,False,75,-187.5,320.64,-508.14,True,False
2025-12-09,Tuesday,Bear Put Spread,DOWN,True,75,4233.75,372.13,3861.62,True,True
2025-12-09,Tuesday,Iron Condor,DOWN,False,75,5883.75,662.23,5221.52,True,True
2025-12-10,Wednesday,Bull Call Spread,FLAT,False,75,-866.25,331.74,-1197.99,True,False
2025-12-10,Wednesday,Bear Put Spread,FLAT,False,75,-427.5,395.65,-823.15,True,False
2025-12-10,Wednesday,Iron Condor,FLAT,True,75,240.0,666.01,-426.01,True,False
2025-12-11,Thursday,Bull Call Spread,DOWN,False,75,933.75,342.16,591.59,True,True
2025-12-11,Thursday,Bear Put Spread,DOWN,True,75,-1946.25,366.61,-2312.86,True,False
2025-12-11,Thursday,Iron Condor,DOWN,False,75,-1462.5,653.1,-2115.6,True,False
2025-12-12,Friday,Bull Call Spread,UP,True,75,45.0,321.01,-276.01,True,False
2025-12-12,Friday,Bear Put Spread,UP,False,75,-1582.5,415.1,-1997.6,True,False
2025-12-12,Friday,Iron Condor,UP,False,75,836.25,665.57,170.68,True,True
2025-12-15,Monday,Bull Call Spread,UP,True,75,-67.5,320.29,-387.79,True,False
2025-12-15,Monday,Bear Put Spread,UP,False,75,-1008.75,432.78,-1441.53,True,False
2025-12-15,Monday,Iron Condor,UP,False,75,1256.25,651.85,604.4,True,True
2025-12-16,Tuesday,Bull Call Spread,FLAT,False,75,-26.25,319.73,-345.98,True,False
2025-12-16,Tuesday,Bear Put Spread,FLAT,False,75,-3502.5,436.5,-3939.0,True,False
2025-12-16,Tuesday,Iron Condor,FLAT,True,75,6701.25,666.86,6034.39,True,True
2025-12-17,Wednesday,Bull Call Spread,DOWN,False,75,-378.75,332.37,-711.12,True,False
2025-12-17,Wednesday,Bear Put Spread,DOWN,True,75,5077.5,382.96,4694.54,True,True
2025-12-17,Wednesday,Iron Condor,DOWN,False,75,1286.25,661.95,624.3,True,True
2025-12-18,Thursday,Bull Call Spread,FLAT,False,75,258.75,340.74,-81.99,True,False
2025-12-18,Thursday,Bear Put Spread,FLAT,False,75,-435.0,357.23,-792.23,True,False
2025-12-18,Thursday,Iron Condor,FLAT,True,75,438.75,654.79,-216.04,True,False
2025-12-19,Friday,Bull Call Spread,FLAT,False,75,-86.25,321.84,-408.09,True,False
2025-12-19,Friday,Bear Put Spread,FLAT,False,75,146.25,413.98,-267.73,True,False
2025-12-19,Friday,Iron Condor,FLAT,True,75,577.5,673.22,-95.72,True,False
2025-12-22,Monday,Bull Call Spread,UP,True,75,-86.25,320.49,-406.74,True,False
2025-12-22,Monday,Bear Put Spread,UP,False,75,-375.0,413.82,-788.82,True,False
2025-12-22,Monday,Iron Condor,UP,False,75,1916.25,663.65,1252.6,True,True
2025-12-23,Tuesday,Bull Call Spread,UP,True,75,-22.5,319.68,-342.18,True,False
2025-12-23,Tuesday,Bear Put Spread,UP,False,75,-952.5,415.93,-1368.43,True,False
2025-12-23,Tuesday,Iron Condor,UP,False,75,5002.5,654.36,4348.14,True,True
2025-12-24,Wednesday,Bull Call Spread,FLAT,False,75,-1462.5,340.19,-1802.69,True,False
2025-12-24,Wednesday,Bear Put Spread,FLAT,False,75,746.25,353.1,393.15,True,True
2025-12-24,Wednesday,Iron Condor,FLAT,True,75,1597.5,678.83,918.67,True,True
2025-12-26,Friday,Bull Call Spread,FLAT,False,75,-86.25,320.98,-407.23,True,False
2025-12-26,Friday,Bear Put Spread,FLAT,False,75,-2756.25,401.84,-3158.09,True,False
2025-12-26,Friday,Iron Condor,FLAT,True,75,1462.5,658.83,803.67,True,True
2025-12-29,Monday,Bull Call Spread,DOWN,False,75,-131.25,320.52,-451.77,True,False
2025-12-29,Monday,Bear Put Spread,DOWN,True,75,1158.75,394.42,764.33,True,True
2025-12-29,Monday,Iron Condor,DOWN,False,75,1263.75,652.63,611.12,True,True
2025-12-30,Tuesday,Bull Call Spread,DOWN,False,65,-2132.0,302.4,-2434.4,True,False
2025-12-30,Tuesday,Bear Put Spread,DOWN,True,65,-1569.75,293.95,-1863.7,True,False
2025-12-30,Tuesday,Iron Condor,DOWN,False,65,4371.25,591.55,3779.7,True,True
2025-12-31,Wednesday,Bull Call Spread,FLAT,False,65,367.25,290.85,76.4,True,True
2025-12-31,Wednesday,Bear Put Spread,FLAT,False,65,390.0,391.86,-1.86,True,False
2025-12-31,Wednesday,Iron Condor,FLAT,True,65,1095.25,602.19,493.06,True,True
2026-01-01,Thursday,Bull Call Spread,UP,True,65,-81.25,290.3,-371.55,True,False
2026-01-01,Thursday,Bear Put Spread,UP,False,65,-861.25,403.76,-1265.01,True,False
2026-01-01,Thursday,Iron Condor,UP,False,65,373.75,604.4,-230.65,True,False
2026-01-02,Friday,Bull Call Spread,FLAT,False,65,61.75,289.8,-228.05,True,False
2026-01-02,Friday,Bear Put Spread,FLAT,False,65,513.5,401.43,112.07,True,True
2026-01-02,Friday,Iron Condor,FLAT,True,65,640.25,583.25,57.0,True,True
2026-01-05,Monday,Bull Call Spread,UP,True,65,-581.75,291.63,-873.38,True,False
2026-01-05,Monday,Bear Put Spread,UP,False,65,2184.0,322.36,1861.64,True,True
2026-01-05,Monday,Iron Condor,UP,False,65,3649.75,597.28,3052.47,True,True
2026-01-06,Tuesday,Bull Call Spread,DOWN,False,65,-55.25,289.81,-345.06,True,False
2026-01-06,Tuesday,Bear Put Spread,DOWN,True,65,1670.5,347.29,1323.21,True,True
2026-01-06,Tuesday,Iron Condor,DOWN,False,65,3649.75,591.06,3058.69,True,True
2026-01-07,Wednesday,Bull Call Spread,FLAT,False,65,-230.75,291.41,-522.16,True,False
2026-01-07,Wednesday,Bear Put Spread,FLAT,False,65,-955.5,402.7,-1358.2,True,False
2026-01-07,Wednesday,Iron Condor,FLAT,True,65,318.5,583.18,-264.68,True,False
2026-01-08,Thursday,Bull Call Spread,FLAT,False,65,-178.75,290.8,-469.55,True,False
2026-01-08,Thursday,Bear Put Spread,FLAT,False,65,-442.0,397.76,-839.76,True,False
2026-01-08,Thursday,Iron Condor,FLAT,True,65,1852.5,593.61,1258.89,True,True
2026-01-09,Friday,Bull Call Spread,DOWN,False,65,-97.5,291.11,-388.61,True,False
2026-01-09,Friday,Bear Put Spread,DOWN,True,65,1816.75,384.25,1432.5,True,True
2026-01-09,Friday,Iron Condor,DOWN,False,65,991.25,591.23,400.02,True,True
2026-01-12,Monday,Bull Call Spread,DOWN,False,65,273.0,293.0,-20.0,True,False
2026-01-12,Monday,Bear Put Spread,DOWN,True,65,-825.5,360.82,-1186.32,True,False
2026-01-12,Monday,Iron Condor,DOWN,False,65,253.5,588.23,-334.73,True,False
2026-01-13,Tuesday,Bull Call Spread,UP,True,65,-2379.0,297.12,-2676.12,True,False
2026-01-13,Tuesday,Bear Put Spread,UP,False,65,6301.75,305.31,5996.44,True,True
2026-01-13,Tuesday,Iron Condor,UP,False,65,7068.75,609.37,6459.38,True,True
2026-01-14,Wednesday,Bull Call Spread,DOWN,False,65,-84.5,296.17,-380.67,True,False
2026-01-14,Wednesday,Bear Put Spread,DOWN,True,65,-3526.25,379.29,-3905.54,True,False
2026-01-14,Wednesday,Iron Condor,DOWN,False,65,221.0,589.08,-368.08,True,False
2026-01-16,Friday,Bull Call Spread,FLAT,False,65,-162.5,299.86,-462.36,True,False
2026-01-16,Friday,Bear Put Spread,FLAT,False,65,334.75,343.18,-8.43,True,False
2026-01-16,Friday,Iron Condor,FLAT,True,65,344.5,594.38,-249.88,True,False
2026-01-19,Monday,Bull Call Spread,FLAT,False,65,-276.25,291.47,-567.72,True,False
2026-01-19,Monday,Bear Put Spread,FLAT,False,65,4299.75,364.79,3934.96,True,True
2026-01-19,Monday,Iron Condor,FLAT,True,65,955.5,594.94,360.56,True,True
2026-01-20,Tuesday,Bull Call Spread,DOWN,False,65,-32.5,289.87,-322.37,True,False
2026-01-20,Tuesday,Bear Put Spread,DOWN,True,65,211.25,368.04,-156.79,True,False
2026-01-20,Tuesday,Iron Condor,DOWN,False,65,8424.0,653.6,7770.4,True,True
2026-01-21,Wednesday,Bull Call Spread,DOWN,False,65,-435.5,306.61,-742.11,True,False
2026-01-21,Wednesday,Bear Put Spread,DOWN,True,65,2496.0,348.24,2147.76,True,True
2026-01-21,Wednesday,Iron Condor,DOWN,False,65,-1049.75,598.98,-1648.73,True,False
2026-01-22,Thursday,Bull Call Spread,UP,True,65,-565.5,308.18,-873.68,True,False
2026-01-22,Thursday,Bear Put Spread,UP,False,65,1150.5,339.13,811.37,True,True
2026-01-22,Thursday,Iron Condor,UP,False,65,744.25,593.08,151.17,True,True
2026-01-23,Friday,Bull Call Spread,FLAT,False,65,-1985.75,302.63,-2288.38,True,False
2026-01-23,Friday,Bear Put Spread,FLAT,False,65,2067.0,331.66,1735.34,True,True
2026-01-23,Friday,Iron Condor,FLAT,True,65,1989.0,592.66,1396.34,True,True
2026-01-27,Tuesday,Bull Call Spread,DOWN,False,65,-1995.5,299.61,-2295.11,True,False
2026-01-27,Tuesday,Bear Put Spread,DOWN,True,65,-2847.0,323.98,-3170.98,True,False
2026-01-27,Tuesday,Iron Condor,DOWN,False,65,6441.5,615.69,5825.81,True,True
2026-01-28,Wednesday,Bull Call Spread,FLAT,False,65,-338.0,319.24,-657.24,True,False
2026-01-28,Wednesday,Bear Put Spread,FLAT,False,65,-42.25,387.34,-429.59,True,False
2026-01-28,Wednesday,Iron Condor,FLAT,True,65,0.0,0.0,0.0,False,False
2026-01-29,Thursday,Bull Call Spread,FLAT,False,65,858.0,302.53,555.47,True,True
2026-01-29,Thursday,Bear Put Spread,FLAT,False,65,-2655.25,418.5,-3073.75,True,False
2026-01-29,Thursday,Iron Condor,FLAT,True,65,0.0,0.0,0.0,False,False
2026-01-30,Friday,Bull Call Spread,UP,True,65,-367.25,323.44,-690.69,True,False
2026-01-30,Friday,Bear Put Spread,UP,False,65,308.75,338.17,-29.42,True,False
2026-01-30,Friday,Iron Condor,UP,False,65,-0.0,585.23,-585.23,True,False
2026-02-02,Monday,Bull Call Spread,FLAT,False,65,2509.0,301.42,2207.58,True,True
2026-02-02,Monday,Bear Put Spread,FLAT,False,65,-4478.5,381.92,-4860.42,True,False
2026-02-02,Monday,Iron Condor,FLAT,True,65,29.25,583.27,-554.02,True,False
2026-02-03,Tuesday,Bull Call Spread,UP,True,65,-6428.5,332.63,-6761.13,True,False
2026-02-03,Tuesday,Bear Put Spread,UP,False,65,0.0,0.0,0.0,False,False
2026-02-03,Tuesday,Iron Condor,UP,False,65,14306.5,705.91,13600.59,True,True
2026-02-04,Wednesday,Bull Call Spread,DOWN,False,65,-474.5,328.38,-802.88,True,False
2026-02-04,Wednesday,Bear Put Spread,DOWN,True,65,211.25,349.53,-138.28,True,False
2026-02-04,Wednesday,Iron Condor,DOWN,False,65,3.25,587.83,-584.58,True,False
2026-02-05,Thursday,Bull Call Spread,UP,True,65,-874.25,298.05,-1172.3,True,False
2026-02-05,Thursday,Bear Put Spread,UP,False,65,-364.0,400.16,-764.16,True,False
2026-02-05,Thursday,Iron Condor,UP,False,65,152.75,584.24,-431.49,True,False
2026-02-06,Friday,Bull Call Spread,DOWN,False,65,578.5,317.09,261.41,True,True
2026-02-06,Friday,Bear Put Spread,DOWN,True,65,-1417.0,321.42,-1738.42,True,False
2026-02-06,Friday,Iron Condor,DOWN,False,65,669.5,596.98,72.52,True,True
2026-02-09,Monday,Bull Call Spread,UP,True,65,-243.75,298.88,-542.63,True,False
2026-02-09,Monday,Bear Put Spread,UP,False,65,-16.25,335.33,-351.58,True,False
2026-02-09,Monday,Iron Condor,UP,False,65,1667.25,606.77,1060.48,True,True
2026-02-10,Tuesday,Bull Call Spread,UP,True,65,-2060.5,298.58,-2359.08,True,False
2026-02-10,Tuesday,Bear Put Spread,UP,False,65,-4797.0,309.78,-5106.78,True,False
2026-02-10,Tuesday,Iron Condor,UP,False,65,5294.25,600.7,4693.55,True,True
2026-02-11,Wednesday,Bull Call Spread,FLAT,False,65,-130.0,294.52,-424.52,True,False
2026-02-11,Wednesday,Bear Put Spread,FLAT,False,65,1374.75,376.37,998.38,True,True
2026-02-11,Wednesday,Iron Condor,FLAT,True,65,396.5,607.45,-210.95,True,False
2026-02-12,Thursday,Bull Call Spread,FLAT,False,65,-744.25,294.89,-1039.14,True,False
2026-02-12,Thursday,Bear Put Spread,FLAT,False,65,136.5,370.68,-234.18,True,False
2026-02-12,Thursday,Iron Condor,FLAT,True,65,1569.75,600.41,969.34,True,True
2026-02-13,Friday,Bull Call Spread,DOWN,False,65,-403.0,298.97,-701.97,True,False
2026-02-13,Friday,Bear Put Spread,DOWN,True,65,2145.0,347.29,1797.71,True,True
2026-02-13,Friday,Iron Condor,DOWN,False,65,178.75,587.1,-408.35,True,False
2026-02-16,Monday,Bull Call Spread,DOWN,False,65,4069.0,300.89,3768.11,True,True
2026-02-16,Monday,Bear Put Spread,DOWN,True,65,-2489.5,333.58,-2823.08,True,False
2026-02-16,Monday,Iron Condor,DOWN,False,65,221.0,610.33,-389.33,True,False
2026-02-17,Tuesday,Bull Call Spread,UP,True,65,1157.0,305.22,851.78,True,True
2026-02-17,Tuesday,Bear Put Spread,UP,False,65,-3315.0,302.95,-3617.95,True,False
2026-02-17,Tuesday,Iron Condor,UP,False,65,4810.0,603.82,4206.18,True,True
2026-02-18,Wednesday,Bull Call Spread,UP,True,65,217.75,296.77,-79.02,True,False
2026-02-18,Wednesday,Bear Put Spread,UP,False,65,-783.25,379.22,-1162.47,True,False
2026-02-18,Wednesday,Iron Condor,UP,False,65,-52.0,580.43,-632.43,True,False
2026-02-19,Thursday,Bull Call Spread,FLAT,False,65,-3081.0,316.22,-3397.22,True,False
2026-02-19,Thursday,Bear Put Spread,FLAT,False,65,4832.75,317.16,4515.59,True,True
2026-02-19,Thursday,Iron Condor,FLAT,True,65,-789.75,582.12,-1371.87,True,False
2026-02-20,Friday,Bull Call Spread,DOWN,False,65,1654.25,310.07,1344.18,True,True
2026-02-20,Friday,Bear Put Spread,DOWN,True,65,783.25,337.38,445.87,True,True
2026-02-20,Friday,Iron Condor,DOWN,False,65,143.0,588.62,-445.62,True,False
2026-02-23,Monday,Bull Call Spread,UP,True,65,-539.5,293.98,-833.48,True,False
2026-02-23,Monday,Bear Put Spread,UP,False,65,-1504.75,359.83,-1864.58,True,False
2026-02-23,Monday,Iron Condor,UP,False,65,728.0,597.03,130.97,True,True
2026-02-24,Tuesday,Bull Call Spread,UP,True,65,-315.25,290.63,-605.88,True,False
2026-02-24,Tuesday,Bear Put Spread,UP,False,65,1215.5,363.77,851.73,True,True
2026-02-24,Tuesday,Iron Condor,UP,False,65,5586.75,626.6,4960.15,True,True
2026-02-25,Wednesday,Bull Call Spread,DOWN,False,65,-383.5,295.57,-679.07,True,False
2026-02-25,Wednesday,Bear Put Spread,DOWN,True,65,-507.0,410.56,-917.56,True,False
2026-02-25,Wednesday,Iron Condor,DOWN,False,65,-195.0,650.61,-845.61,True,False
2026-02-26,Thursday,Bull Call Spread,DOWN,False,65,22.75,304.77,-282.02,True,False
2026-02-26,Thursday,Bear Put Spread,DOWN,True,65,685.75,344.34,341.41,True,True
2026-02-26,Thursday,Iron Condor,DOWN,False,65,256.75,583.99,-327.24,True,False
2026-02-27,Friday,Bull Call Spread,FLAT,False,65,-705.25,292.98,-998.23,True,False
2026-02-27,Friday,Bear Put Spread,FLAT,False,65,-981.5,388.71,-1370.21,True,False
2026-02-27,Friday,Iron Condor,FLAT,True,65,-1124.5,584.39,-1708.89,True,False
2026-03-02,Monday,Bull Call Spread,DOWN,False,65,-331.5,291.55,-623.05,True,False
2026-03-02,Monday,Bear Put Spread,DOWN,True,65,3588.0,441.61,3146.39,True,True
2026-03-02,Monday,Iron Condor,DOWN,False,65,4465.5,622.68,3842.82,True,True
2026-03-04,Wednesday,Bull Call Spread,DOWN,False,65,0.0,0.0,0.0,False,False
2026-03-04,Wednesday,Bear Put Spread,DOWN,True,65,0.0,0.0,0.0,False,False
2026-03-04,Wednesday,Iron Condor,DOWN,False,65,0.0,0.0,0.0,False,False
2026-03-05,Thursday,Bull Call Spread,UP,True,65,-269.75,353.02,-622.77,True,False
2026-03-05,Thursday,Bear Put Spread,UP,False,65,-984.75,384.48,-1369.23,True,False
2026-03-05,Thursday,Iron Condor,UP,False,65,0.0,0.0,0.0,False,False
2026-03-06,Friday,Bull Call Spread,UP,True,65,-2746.25,333.91,-3080.16,True,False
2026-03-06,Friday,Bear Put Spread,UP,False,65,2245.75,345.78,1899.97,True,True
2026-03-06,Friday,Iron Condor,UP,False,65,0.0,0.0,0.0,False,False
2026-03-09,Monday,Bull Call Spread,DOWN,False,65,-942.5,311.81,-1254.31,True,False
2026-03-09,Monday,Bear Put Spread,DOWN,True,65,3025.75,372.12,2653.63,True,True
2026-03-09,Monday,Iron Condor,DOWN,False,65,-68.25,590.26,-658.51,True,False
2026-03-10,Tuesday,Bull Call Spread,UP,True,65,-2609.75,306.63,-2916.38,True,False
2026-03-10,Tuesday,Bear Put Spread,UP,False,65,-3896.75,328.84,-4225.59,True,False
2026-03-10,Tuesday,Iron Condor,UP,False,65,4101.5,629.28,3472.22,True,True
2026-03-11,Wednesday,Bull Call Spread,UP,True,65,-893.75,306.18,-1199.93,True,False
2026-03-11,Wednesday,Bear Put Spread,UP,False,65,2639.0,443.17,2195.83,True,True
2026-03-11,Wednesday,Iron Condor,UP,False,65,-643.5,587.26,-1230.76,True,False
2026-03-12,Thursday,Bull Call Spread,DOWN,False,65,250.25,318.65,-68.4,True,False
2026-03-12,Thursday,Bear Put Spread,DOWN,True,65,-4520.75,403.35,-4924.1,True,False
2026-03-12,Thursday,Iron Condor,DOWN,False,65,0.0,0.0,0.0,False,False
2026-03-13,Friday,Bull Call Spread,FLAT,False,65,-3425.5,322.95,-3748.45,True,False
2026-03-13,Friday,Bear Put Spread,FLAT,False,65,4147.0,377.99,3769.01,True,True
2026-03-13,Friday,Iron Condor,FLAT,True,65,-52.0,582.08,-634.08,True,False
2026-03-16,Monday,Bull Call Spread,DOWN,False,65,2385.5,317.45,2068.05,True,True
2026-03-16,Monday,Bear Put Spread,DOWN,True,65,-3129.75,374.41,-3504.16,True,False
2026-03-16,Monday,Iron Condor,DOWN,False,65,201.5,585.26,-383.76,True,False
2026-03-17,Tuesday,Bull Call Spread,UP,True,65,-1267.5,299.14,-1566.64,True,False
2026-03-17,Tuesday,Bear Put Spread,UP,False,65,-5232.5,338.91,-5571.41,True,False
2026-03-17,Tuesday,Iron Condor,UP,False,65,13204.75,632.57,12572.18,True,True
2026-03-18,Wednesday,Bull Call Spread,UP,True,65,-224.25,346.22,-570.47,True,False
2026-03-18,Wednesday,Bear Put Spread,UP,False,65,-919.75,352.72,-1272.47,True,False
2026-03-18,Wednesday,Iron Condor,UP,False,65,0.0,0.0,0.0,False,False
2026-03-19,Thursday,Bull Call Spread,UP,True,65,-425.75,309.1,-734.85,True,False
2026-03-19,Thursday,Bear Put Spread,UP,False,65,5547.75,383.53,5164.22,True,True
2026-03-19,Thursday,Iron Condor,UP,False,65,61.75,582.03,-520.28,True,False
2026-03-20,Friday,Bull Call Spread,DOWN,False,65,-425.75,318.7,-744.45,True,False
2026-03-20,Friday,Bear Put Spread,DOWN,True,65,1946.75,404.62,1542.13,True,True
2026-03-20,Friday,Iron Condor,DOWN,False,65,130.0,581.25,-451.25,True,False
2026-03-23,Monday,Bull Call Spread,FLAT,False,65,55.25,306.98,-251.73,True,False
2026-03-23,Monday,Bear Put Spread,FLAT,False,65,1508.0,410.41,1097.59,True,True
2026-03-23,Monday,Iron Condor,FLAT,True,65,0.0,0.0,0.0,False,False
2026-03-24,Tuesday,Bull Call Spread,DOWN,False,65,-1498.25,301.2,-1799.45,True,False
2026-03-24,Tuesday,Bear Put Spread,DOWN,True,65,4719.0,344.8,4374.2,True,True
2026-03-24,Tuesday,Iron Condor,DOWN,False,65,6318.0,637.01,5680.99,True,True
2026-03-25,Wednesday,Bull Call Spread,UP,True,65,2427.75,363.98,2063.77,True,True
2026-03-25,Wednesday,Bear Put Spread,UP,False,65,-2174.25,373.46,-2547.71,True,False
2026-03-25,Wednesday,Iron Condor,UP,False,65,0.0,0.0,0.0,False,False
2026-03-27,Friday,Bull Call Spread,UP,True,65,-4595.5,322.79,-4918.29,True,False
2026-03-27,Friday,Bear Put Spread,UP,False,65,7679.75,389.6,7290.15,True,True
2026-03-27,Friday,Iron Condor,UP,False,65,0.0,0.0,0.0,False,False
2026-03-30,Monday,Bull Call Spread,DOWN,False,65,-975.0,296.48,-1271.48,True,False
2026-03-30,Monday,Bear Put Spread,DOWN,True,65,5031.0,367.47,4663.53,True,True
2026-03-30,Monday,Iron Condor,DOWN,False,65,5596.5,655.34,4941.16,True,True
2026-04-01,Wednesday,Bull Call Spread,DOWN,False,65,260.0,369.8,-109.8,True,False
2026-04-01,Wednesday,Bear Put Spread,DOWN,True,65,-3513.25,384.77,-3898.02,True,False
2026-04-01,Wednesday,Iron Condor,DOWN,False,65,0.0,0.0,0.0,False,False
2026-04-02,Thursday,Bull Call Spread,FLAT,False,65,-2814.5,370.68,-3185.18,True,False
2026-04-02,Thursday,Bear Put Spread,FLAT,False,65,-2047.5,372.54,-2420.04,True,False
2026-04-02,Thursday,Iron Condor,FLAT,True,65,0.0,0.0,0.0,False,False
2026-04-06,Monday,Bull Call Spread,UP,True,65,1625.0,326.61,1298.39,True,True
2026-04-06,Monday,Bear Put Spread,UP,False,65,-542.75,378.31,-921.06,True,False
2026-04-06,Monday,Iron Condor,UP,False,65,-139.75,582.54,-722.29,True,False
2026-04-07,Tuesday,Bull Call Spread,UP,True,65,-828.75,293.3,-1122.05,True,False
2026-04-07,Tuesday,Bear Put Spread,UP,False,65,-4498.0,386.26,-4884.26,True,False
2026-04-07,Tuesday,Iron Condor,UP,False,65,7579.0,650.64,6928.36,True,True
2026-04-08,Wednesday,Bull Call Spread,UP,True,65,2002.0,318.96,1683.04,True,True
2026-04-08,Wednesday,Bear Put Spread,UP,False,65,-6240.0,452.94,-6692.94,True,False
2026-04-08,Wednesday,Iron Condor,UP,False,65,208.0,582.19,-374.19,True,False
2026-04-09,Thursday,Bull Call Spread,UP,True,65,-3721.25,343.33,-4064.58,True,False
2026-04-09,Thursday,Bear Put Spread,UP,False,65,786.5,341.84,444.66,True,True
2026-04-09,Thursday,Iron Condor,UP,False,65,-438.75,586.56,-1025.31,True,False
2026-04-10,Friday,Bull Call Spread,DOWN,False,65,666.25,325.54,340.71,True,True
2026-04-10,Friday,Bear Put Spread,DOWN,True,65,1348.75,347.21,1001.54,True,True
2026-04-10,Friday,Iron Condor,DOWN,False,65,-133.25,583.13,-716.38,True,False
2026-04-13,Monday,Bull Call Spread,UP,True,65,3084.25,311.81,2772.44,True,True
2026-04-13,Monday,Bear Put Spread,UP,False,65,-3315.0,325.64,-3640.64,True,False
2026-04-13,Monday,Iron Condor,UP,False,65,5723.25,631.73,5091.52,True,True
2026-04-15,Wednesday,Bull Call Spread,UP,True,65,195.0,346.37,-151.37,True,False
2026-04-15,Wednesday,Bear Put Spread,UP,False,65,3012.75,352.0,2660.75,True,True
2026-04-15,Wednesday,Iron Condor,UP,False,65,500.5,588.54,-88.04,True,False
2026-04-16,Thursday,Bull Call Spread,FLAT,False,65,-1150.5,333.64,-1484.14,True,False
2026-04-16,Thursday,Bear Put Spread,FLAT,False,65,-650.0,344.48,-994.48,True,False
2026-04-16,Thursday,Iron Condor,FLAT,True,65,195.0,584.55,-389.55,True,False
2026-04-17,Friday,Bull Call Spread,DOWN,False,65,1397.5,302.27,1095.23,True,True
2026-04-17,Friday,Bear Put Spread,DOWN,True,65,-3363.75,388.29,-3752.04,True,False
2026-04-17,Friday,Iron Condor,DOWN,False,65,-224.25,581.13,-805.38,True,False
2026-04-20,Monday,Bull Call Spread,UP,True,65,-1056.25,322.39,-1378.64,True,False
2026-04-20,Monday,Bear Put Spread,UP,False,65,-1108.25,327.39,-1435.64,True,False
2026-04-20,Monday,Iron Condor,UP,False,65,-282.75,581.38,-864.13,True,False
2026-04-21,Tuesday,Bull Call Spread,DOWN,False,65,4046.25,313.71,3732.54,True,True
2026-04-21,Tuesday,Bear Put Spread,DOWN,True,65,-3835.0,310.94,-4145.94,True,False
2026-04-21,Tuesday,Iron Condor,DOWN,False,65,6405.75,636.45,5769.3,True,True
2026-04-22,Wednesday,Bull Call Spread,UP,True,65,-4130.75,324.95,-4455.7,True,False
2026-04-22,Wednesday,Bear Put Spread,UP,False,65,-204.75,389.15,-593.9,True,False
2026-04-22,Wednesday,Iron Condor,UP,False,65,35.75,581.81,-546.06,True,False
2026-04-23,Thursday,Bull Call Spread,DOWN,False,65,2167.75,342.2,1825.55,True,True
2026-04-23,Thursday,Bear Put Spread,DOWN,True,65,-1404.0,335.23,-1739.23,True,False
2026-04-23,Thursday,Iron Condor,DOWN,False,65,68.25,580.81,-512.56,True,False
2026-04-24,Friday,Bull Call Spread,FLAT,False,65,-2333.5,317.08,-2650.58,True,False
2026-04-24,Friday,Bear Put Spread,FLAT,False,65,6792.5,346.07,6446.43,True,True
2026-04-24,Friday,Iron Condor,FLAT,True,65,-48.75,581.09,-629.84,True,False
2026-04-27,Monday,Bull Call Spread,DOWN,False,65,-1807.0,320.14,-2127.14,True,False
2026-04-27,Monday,Bear Put Spread,DOWN,True,65,1348.75,343.71,1005.04,True,True
2026-04-27,Monday,Iron Condor,DOWN,False,65,1248.0,624.57,623.43,True,True
2026-04-28,Tuesday,Bull Call Spread,UP,True,65,-2983.5,301.25,-3284.75,True,False
2026-04-28,Tuesday,Bear Put Spread,UP,False,65,3672.5,307.41,3365.09,True,True
2026-04-28,Tuesday,Iron Condor,UP,False,65,4338.75,605.72,3733.03,True,True
2026-04-29,Wednesday,Bull Call Spread,FLAT,False,65,97.5,331.01,-233.51,True,False
2026-04-29,Wednesday,Bear Put Spread,FLAT,False,65,-799.5,349.91,-1149.41,True,False
2026-04-29,Wednesday,Iron Condor,FLAT,True,65,-58.5,583.21,-641.71,True,False
2026-04-30,Thursday,Bull Call Spread,UP,True,65,484.25,312.9,171.35,True,True
2026-04-30,Thursday,Bear Put Spread,UP,False,65,2613.0,353.73,2259.27,True,True
2026-04-30,Thursday,Iron Condor,UP,False,65,-240.5,581.8,-822.3,True,False
2026-05-04,Monday,Bull Call Spread,FLAT,False,65,549.25,312.43,236.82,True,True
2026-05-04,Monday,Bear Put Spread,FLAT,False,65,2418.0,349.4,2068.6,True,True
2026-05-04,Monday,Iron Condor,FLAT,True,65,230.75,584.16,-353.41,True,False
2026-05-05,Tuesday,Bull Call Spread,FLAT,False,65,-416.0,291.11,-707.11,True,False
2026-05-05,Tuesday,Bear Put Spread,FLAT,False,65,-2775.5,360.59,-3136.09,True,False
2026-05-05,Tuesday,Iron Condor,FLAT,True,65,6402.5,609.73,5792.77,True,True
2026-05-06,Wednesday,Bull Call Spread,FLAT,False,65,1859.0,328.74,1530.26,True,True
2026-05-06,Wednesday,Bear Put Spread,FLAT,False,65,-3701.75,340.35,-4042.1,True,False
2026-05-06,Wednesday,Iron Condor,FLAT,True,65,-520.0,582.61,-1102.61,True,False
2026-05-07,Thursday,Bull Call Spread,UP,True,65,-58.5,303.65,-362.15,True,False
2026-05-07,Thursday,Bear Put Spread,UP,False,65,3415.75,374.2,3041.55,True,True
2026-05-07,Thursday,Iron Condor,UP,False,65,-130.0,586.56,-716.56,True,False
2026-05-08,Friday,Bull Call Spread,DOWN,False,65,-516.75,305.45,-822.2,True,False
2026-05-08,Friday,Bear Put Spread,DOWN,True,65,-1040.0,375.43,-1415.43,True,False
2026-05-08,Friday,Iron Condor,DOWN,False,65,52.0,581.03,-529.03,True,False
2026-05-11,Monday,Bull Call Spread,FLAT,False,65,-1030.25,298.53,-1328.78,True,False
2026-05-11,Monday,Bear Put Spread,FLAT,False,65,5011.5,356.54,4654.96,True,True
2026-05-11,Monday,Iron Condor,FLAT,True,65,19.5,581.22,-561.72,True,False
2026-05-12,Tuesday,Bull Call Spread,DOWN,False,65,-1436.5,293.71,-1730.21,True,False
2026-05-12,Tuesday,Bear Put Spread,DOWN,True,65,2408.25,331.04,2077.21,True,True
2026-05-12,Tuesday,Iron Condor,DOWN,False,65,7774.0,657.63,7116.37,True,True
2026-05-13,Wednesday,Bull Call Spread,DOWN,False,65,672.75,350.14,322.61,True,True
2026-05-13,Wednesday,Bear Put Spread,DOWN,True,65,-1238.25,342.46,-1580.71,True,False
2026-05-13,Wednesday,Iron Condor,DOWN,False,65,16.25,582.1,-565.85,True,False
2026-05-14,Thursday,Bull Call Spread,FLAT,False,65,1062.75,327.64,735.11,True,True
2026-05-14,Thursday,Bear Put Spread,FLAT,False,65,1329.25,348.33,980.92,True,True
2026-05-14,Thursday,Iron Condor,FLAT,True,65,32.5,582.73,-550.23,True,False
2026-05-15,Friday,Bull Call Spread,UP,True,65,-422.5,320.3,-742.8,True,False
2026-05-15,Friday,Bear Put Spread,UP,False,65,2752.75,334.81,2417.94,True,True
2026-05-15,Friday,Iron Condor,UP,False,65,-224.25,582.88,-807.13,True,False
2026-05-18,Monday,Bull Call Spread,DOWN,False,65,1319.5,304.0,1015.5,True,True
2026-05-18,Monday,Bear Put Spread,DOWN,True,65,-598.0,342.17,-940.17,True,False
2026-05-18,Monday,Iron Condor,DOWN,False,65,659.75,587.08,72.67,True,True
2026-05-19,Tuesday,Bull Call Spread,UP,True,65,-1774.5,296.82,-2071.32,True,False
2026-05-19,Tuesday,Bear Put Spread,UP,False,65,4582.5,327.91,4254.59,True,True
2026-05-19,Tuesday,Iron Condor,UP,False,65,6132.75,609.91,5522.84,True,True
2026-05-20,Wednesday,Bull Call Spread,DOWN,False,65,2011.75,320.24,1691.51,True,True
2026-05-20,Wednesday,Bear Put Spread,DOWN,True,65,-1849.25,369.49,-2218.74,True,False
2026-05-20,Wednesday,Iron Condor,DOWN,False,65,-68.25,585.39,-653.64,True,False
2026-05-21,Thursday,Bull Call Spread,UP,True,65,-2609.75,323.25,-2933.0,True,False
2026-05-21,Thursday,Bear Put Spread,UP,False,65,1368.25,350.12,1018.13,True,True
2026-05-21,Thursday,Iron Condor,UP,False,65,6.5,580.94,-574.44,True,False
2026-05-22,Friday,Bull Call Spread,DOWN,False,65,-598.0,324.68,-922.68,True,False
2026-05-22,Friday,Bear Put Spread,DOWN,True,65,-2382.25,335.29,-2717.54,True,False
2026-05-22,Friday,Iron Condor,DOWN,False,65,156.0,592.81,-436.81,True,False
2026-05-25,Monday,Bull Call Spread,FLAT,False,65,2119.0,313.79,1805.21,True,True
2026-05-25,Monday,Bear Put Spread,FLAT,False,65,-1768.0,314.79,-2082.79,True,False
2026-05-25,Monday,Iron Condor,FLAT,True,65,2892.5,613.48,2279.02,True,True
2026-05-26,Tuesday,Bull Call Spread,UP,True,65,-2824.25,302.22,-3126.47,True,False
2026-05-26,Tuesday,Bear Put Spread,UP,False,65,6545.5,308.14,6237.36,True,True
2026-05-26,Tuesday,Iron Condor,UP,False,65,8440.25,619.27,7820.98,True,True
2026-05-27,Wednesday,Bull Call Spread,DOWN,False,65,656.5,315.85,340.65,True,True
2026-05-27,Wednesday,Bear Put Spread,DOWN,True,65,0.0,352.14,-352.14,True,False
2026-05-27,Wednesday,Iron Condor,DOWN,False,65,133.25,581.69,-448.44,True,False
2026-05-29,Friday,Bull Call Spread,FLAT,False,65,-2999.75,310.9,-3310.65,True,False
2026-05-29,Friday,Bear Put Spread,FLAT,False,65,2622.75,344.86,2277.89,True,True
2026-05-29,Friday,Iron Condor,FLAT,True,65,796.25,604.47,191.78,True,True
2026-06-01,Monday,Bull Call Spread,DOWN,False,65,-2873.0,309.27,-3182.27,True,False
2026-06-01,Monday,Bear Put Spread,DOWN,True,65,4982.25,328.95,4653.3,True,True
2026-06-01,Monday,Iron Condor,DOWN,False,65,1170.0,589.43,580.57,True,True
2026-06-02,Tuesday,Bull Call Spread,DOWN,False,65,6285.5,302.83,5982.67,True,True
2026-06-02,Tuesday,Bear Put Spread,DOWN,True,65,-2944.5,305.98,-3250.48,True,False
2026-06-02,Tuesday,Iron Condor,DOWN,False,65,8885.5,624.69,8260.81,True,True
2026-06-03,Wednesday,Bull Call Spread,UP,True,65,591.5,302.04,289.46,True,True
2026-06-03,Wednesday,Bear Put Spread,UP,False,65,-2444.0,391.57,-2835.57,True,False
2026-06-03,Wednesday,Iron Condor,UP,False,65,87.75,586.74,-498.99,True,False
2026-06-04,Thursday,Bull Call Spread,DOWN,False,65,1810.25,308.54,1501.71,True,True
2026-06-04,Thursday,Bear Put Spread,DOWN,True,65,-3077.75,374.91,-3452.66,True,False
2026-06-04,Thursday,Iron Condor,DOWN,False,65,-523.25,589.75,-1113.0,True,False
2026-06-05,Friday,Bull Call Spread,FLAT,False,65,-1504.75,322.63,-1827.38,True,False
2026-06-05,Friday,Bear Put Spread,FLAT,False,65,1079.0,325.57,753.43,True,True
2026-06-05,Friday,Iron Condor,FLAT,True,65,130.0,584.97,-454.97,True,False
2026-06-08,Monday,Bull Call Spread,DOWN,False,65,-939.25,317.29,-1256.54,True,False
2026-06-08,Monday,Bear Put Spread,DOWN,True,65,65.0,322.49,-257.49,True,False
2026-06-08,Monday,Iron Condor,DOWN,False,65,250.25,580.96,-330.71,True,False
2026-06-09,Tuesday,Bull Call Spread,FLAT,False,65,-321.75,290.67,-612.42,True,False
2026-06-09,Tuesday,Bear Put Spread,FLAT,False,65,650.0,349.97,300.03,True,True
2026-06-09,Tuesday,Iron Condor,FLAT,True,65,7042.75,606.1,6436.65,True,True
2026-06-10,Wednesday,Bull Call Spread,UP,True,65,-663.0,319.31,-982.31,True,False
2026-06-10,Wednesday,Bear Put Spread,UP,False,65,1651.0,347.62,1303.38,True,True
2026-06-10,Wednesday,Iron Condor,UP,False,65,0.0,0.0,0.0,False,False
2026-06-11,Thursday,Bull Call Spread,FLAT,False,65,-819.0,317.3,-1136.3,True,False
2026-06-11,Thursday,Bear Put Spread,FLAT,False,65,195.0,343.9,-148.9,True,False
2026-06-11,Thursday,Iron Condor,FLAT,True,65,0.0,0.0,0.0,False,False
2026-06-12,Friday,Bull Call Spread,FLAT,False,65,1706.25,303.15,1403.1,True,True
2026-06-12,Friday,Bear Put Spread,FLAT,False,65,-3701.75,355.76,-4057.51,True,False
2026-06-12,Friday,Iron Condor,FLAT,True,65,-780.0,581.05,-1361.05,True,False
2026-06-15,Monday,Bull Call Spread,UP,True,65,-721.5,309.93,-1031.43,True,False
2026-06-15,Monday,Bear Put Spread,UP,False,65,1654.25,316.16,1338.09,True,True
2026-06-15,Monday,Iron Condor,UP,False,65,637.0,603.38,33.62,True,True
2026-06-16,Tuesday,Bull Call Spread,FLAT,False,65,-42.25,300.03,-342.28,True,False
2026-06-16,Tuesday,Bear Put Spread,FLAT,False,65,-4166.5,306.11,-4472.61,True,False
2026-06-16,Tuesday,Iron Condor,FLAT,True,65,5918.25,601.95,5316.3,True,True
2026-06-17,Wednesday,Bull Call Spread,FLAT,False,65,494.0,301.83,192.17,True,True
2026-06-17,Wednesday,Bear Put Spread,FLAT,False,65,-1049.75,374.18,-1423.93,True,False
2026-06-17,Wednesday,Iron Condor,FLAT,True,65,1043.25,616.71,426.54,True,True
2026-06-18,Thursday,Bull Call Spread,FLAT,False,65,357.5,310.22,47.28,True,True
2026-06-18,Thursday,Bear Put Spread,FLAT,False,65,-559.0,338.55,-897.55,True,False
2026-06-18,Thursday,Iron Condor,FLAT,True,65,984.75,609.13,375.62,True,True
2026-06-19,Friday,Bull Call Spread,FLAT,False,65,471.25,302.3,168.95,True,True
2026-06-19,Friday,Bear Put Spread,FLAT,False,65,1069.25,331.79,737.46,True,True
2026-06-19,Friday,Iron Condor,FLAT,True,65,45.5,581.08,-535.58,True,False
2026-06-22,Monday,Bull Call Spread,FLAT,False,65,-305.5,302.99,-608.49,True,False
2026-06-22,Monday,Bear Put Spread,FLAT,False,65,-510.25,313.56,-823.81,True,False
2026-06-22,Monday,Iron Condor,FLAT,True,65,1865.5,601.73,1263.77,True,True
2026-06-23,Tuesday,Bull Call Spread,FLAT,False,65,-1878.5,295.9,-2174.4,True,False
2026-06-23,Tuesday,Bear Put Spread,FLAT,False,65,7917.0,298.07,7618.93,True,True
2026-06-23,Tuesday,Iron Condor,FLAT,True,65,10195.25,627.72,9567.53,True,True
2026-06-24,Wednesday,Bull Call Spread,DOWN,False,65,2323.75,318.48,2005.27,True,True
2026-06-24,Wednesday,Bear Put Spread,DOWN,True,65,-2005.25,338.97,-2344.22,True,False
2026-06-24,Wednesday,Iron Condor,DOWN,False,65,-58.5,643.38,-701.88,True,False
2026-06-25,Thursday,Bull Call Spread,UP,True,65,-1446.25,302.56,-1748.81,True,False
2026-06-25,Thursday,Bear Put Spread,UP,False,65,1040.0,342.39,697.61,True,True
2026-06-25,Thursday,Iron Condor,UP,False,65,575.25,598.83,-23.58,True,False
2026-06-29,Monday,Bull Call Spread,FLAT,False,65,-2453.75,315.21,-2768.96,True,False
2026-06-29,Monday,Bear Put Spread,FLAT,False,65,1241.5,308.05,933.45,True,True
2026-06-29,Monday,Iron Condor,FLAT,True,65,-32.5,580.07,-612.57,True,False
2026-06-30,Tuesday,Bull Call Spread,DOWN,False,65,-2678.0,302.2,-2980.2,True,False
2026-06-30,Tuesday,Bear Put Spread,DOWN,True,65,6074.25,300.1,5774.15,True,True
2026-06-30,Tuesday,Iron Condor,DOWN,False,65,4569.5,605.88,3963.62,True,True
2026-07-01,Wednesday,Bull Call Spread,DOWN,False,65,903.5,321.82,581.68,True,True
2026-07-01,Wednesday,Bear Put Spread,DOWN,True,65,-292.5,332.79,-625.29,True,False
2026-07-01,Wednesday,Iron Condor,DOWN,False,65,-611.0,654.61,-1265.61,True,False
2026-07-02,Thursday,Bull Call Spread,UP,True,65,1231.75,303.62,928.13,True,True
2026-07-02,Thursday,Bear Put Spread,UP,False,65,42.25,342.0,-299.75,True,False
2026-07-02,Thursday,Iron Condor,UP,False,65,1283.75,602.9,680.85,True,True
2026-07-03,Friday,Bull Call Spread,UP,True,65,-1196.0,295.49,-1491.49,True,False
2026-07-03,Friday,Bear Put Spread,UP,False,65,744.25,334.26,409.99,True,True
2026-07-03,Friday,Iron Condor,UP,False,65,55.25,583.59,-528.34,True,False
2026-07-06,Monday,Bull Call Spread,UP,True,65,2291.25,299.32,1991.93,True,True
2026-07-06,Monday,Bear Put Spread,UP,False,65,-2957.5,313.39,-3270.89,True,False
2026-07-06,Monday,Iron Condor,UP,False,65,-581.75,584.0,-1165.75,True,False
2026-07-07,Tuesday,Bull Call Spread,UP,True,65,-510.25,290.85,-801.1,True,False
2026-07-07,Tuesday,Bear Put Spread,UP,False,65,3168.75,326.72,2842.03,True,True
2026-07-07,Tuesday,Iron Condor,UP,False,65,5583.5,598.98,4984.52,True,True
2026-07-08,Wednesday,Bull Call Spread,DOWN,False,65,-3077.75,313.54,-3391.29,True,False
2026-07-08,Wednesday,Bear Put Spread,DOWN,True,65,3939.0,317.78,3621.22,True,True
2026-07-08,Wednesday,Iron Condor,DOWN,False,65,-867.75,591.52,-1459.27,True,False
2026-07-09,Thursday,Bull Call Spread,DOWN,False,65,159.25,307.14,-147.89,True,False
2026-07-09,Thursday,Bear Put Spread,DOWN,True,65,-750.75,359.05,-1109.8,True,False
2026-07-09,Thursday,Iron Condor,DOWN,False,65,29.25,602.08,-572.83,True,False
2026-07-10,Friday,Bull Call Spread,UP,True,65,900.25,311.12,589.13,True,True
2026-07-10,Friday,Bear Put Spread,UP,False,65,-1280.5,326.06,-1606.56,True,False
2026-07-10,Friday,Iron Condor,UP,False,65,-74.75,582.75,-657.5,True,False
2026-07-13,Monday,Bull Call Spread,UP,True,65,2041.0,302.7,1738.3,True,True
2026-07-13,Monday,Bear Put Spread,UP,False,65,-3146.0,312.89,-3458.89,True,False
2026-07-13,Monday,Iron Condor,UP,False,65,1014.0,593.46,420.54,True,True
2026-07-14,Tuesday,Bull Call Spread,UP,True,65,-3474.25,305.64,-3779.89,True,False
2026-07-14,Tuesday,Bear Put Spread,UP,False,65,143.0,303.86,-160.86,True,False
2026-07-14,Tuesday,Iron Condor,UP,False,65,5463.25,605.24,4858.01,True,True
2026-07-15,Wednesday,Bull Call Spread,DOWN,False,65,-308.75,328.43,-637.18,True,False
2026-07-15,Wednesday,Bear Put Spread,DOWN,True,65,123.5,331.76,-208.26,True,False
2026-07-15,Wednesday,Iron Condor,DOWN,False,65,91.0,603.16,-512.16,True,False
2026-07-16,Thursday,Bull Call Spread,FLAT,False,65,-221.0,300.03,-521.03,True,False
2026-07-16,Thursday,Bear Put Spread,FLAT,False,65,-256.75,365.59,-622.34,True,False
2026-07-16,Thursday,Iron Condor,FLAT,True,65,877.5,601.71,275.79,True,True
2026-07-17,Friday,Bull Call Spread,FLAT,False,65,2164.5,296.56,1867.94,True,True
2026-07-17,Friday,Bear Put Spread,FLAT,False,65,-1550.25,357.45,-1907.7,True,False
2026-07-17,Friday,Iron Condor,FLAT,True,65,-45.5,579.75,-625.25,True,False
2026-07-20,Monday,Bull Call Spread,UP,True,65,-1329.25,304.86,-1634.11,True,False
2026-07-20,Monday,Bear Put Spread,UP,False,65,-1079.0,322.75,-1401.75,True,False
2026-07-20,Monday,Iron Condor,UP,False,65,822.25,604.82,217.43,True,True
2026-07-21,Tuesday,Bull Call Spread,FLAT,False,65,-1459.25,293.35,-1752.6,True,False
2026-07-21,Tuesday,Bear Put Spread,FLAT,False,65,3978.0,316.26,3661.74,True,True
2026-07-21,Tuesday,Iron Condor,FLAT,True,65,4966.0,599.82,4366.18,True,True
2026-07-22,Wednesday,Bull Call Spread,DOWN,False,65,-526.5,303.42,-829.92,True,False
2026-07-22,Wednesday,Bear Put Spread,DOWN,True,65,702.0,368.07,333.93,True,True
2026-07-22,Wednesday,Iron Condor,DOWN,False,65,-429.0,629.47,-1058.47,True,False
2026-07-23,Thursday,Bull Call Spread,DOWN,False,65,-916.5,325.39,-1241.89,True,False
2026-07-23,Thursday,Bear Put Spread,DOWN,True,65,-107.25,325.41,-432.66,True,False
2026-07-23,Thursday,Iron Condor,DOWN,False,65,-6.5,581.1,-587.6,True,False
2026-07-24,Friday,Bull Call Spread,FLAT,False,65,1147.25,306.17,841.08,True,True
2026-07-24,Friday,Bear Put Spread,FLAT,False,65,-198.25,328.04,-526.29,True,False
2026-07-24,Friday,Iron Condor,FLAT,True,65,263.25,581.34,-318.09,True,False
2026-07-27,Monday,Bull Call Spread,UP,True,65,887.25,303.52,583.73,True,True
2026-07-27,Monday,Bear Put Spread,UP,False,65,-4397.25,318.6,-4715.85,True,False
2026-07-27,Monday,Iron Condor,UP,False,65,282.75,582.96,-300.21,True,False
2026-07-28,Tuesday,Bull Call Spread,UP,True,65,-3464.5,300.1,-3764.6,True,False
2026-07-28,Tuesday,Bear Put Spread,UP,False,65,-1495.0,299.22,-1794.22,True,False
2026-07-28,Tuesday,Iron Condor,UP,False,65,4761.25,594.03,4167.22,True,True
2026-07-29,Wednesday,Bull Call Spread,FLAT,False,65,1296.75,309.85,986.9,True,True
2026-07-29,Wednesday,Bear Put Spread,FLAT,False,65,-191.75,332.4,-524.15,True,False
2026-07-29,Wednesday,Iron Condor,FLAT,True,65,760.5,597.26,163.24,True,True
2026-07-30,Thursday,Bull Call Spread,UP,True,65,286.0,295.44,-9.44,True,False
2026-07-30,Thursday,Bear Put Spread,UP,False,65,-1426.75,362.89,-1789.64,True,False
2026-07-30,Thursday,Iron Condor,UP,False,65,-217.75,592.84,-810.59,True,False
2026-07-31,Friday,Bull Call Spread,UP,True,65,-718.25,292.64,-1010.89,True,False
2026-07-31,Friday,Bear Put Spread,UP,False,65,234.0,368.51,-134.51,True,False
2026-07-31,Friday,Iron Condor,UP,False,65,383.5,586.69,-203.19,True,False
2026-08-03,Monday,Bull Call Spread,FLAT,False,65,-149.5,297.93,-447.43,True,False
2026-08-03,Monday,Bear Put Spread,FLAT,False,65,-659.75,312.37,-972.12,True,False
2026-08-03,Monday,Iron Condor,FLAT,True,65,500.5,589.81,-89.31,True,False
2026-08-04,Tuesday,Bull Call Spread,FLAT,False,65,-295.75,290.67,-586.42,True,False
2026-08-04,Tuesday,Bear Put Spread,FLAT,False,65,-952.25,346.56,-1298.81,True,False
2026-08-04,Tuesday,Iron Condor,FLAT,True,65,5320.25,594.79,4725.46,True,True
2026-08-05,Wednesday,Bull Call Spread,FLAT,False,65,-399.75,297.68,-697.43,True,False
2026-08-05,Wednesday,Bear Put Spread,FLAT,False,65,2135.25,360.55,1774.7,True,True
2026-08-05,Wednesday,Iron Condor,FLAT,True,65,-386.75,588.08,-974.83,True,False
2026-08-06,Thursday,Bull Call Spread,FLAT,False,65,663.0,297.6,365.4,True,True
2026-08-06,Thursday,Bear Put Spread,FLAT,False,65,490.75,360.37,130.38,True,True
2026-08-06,Thursday,Iron Condor,FLAT,True,65,-146.25,585.67,-731.92,True,False
2026-08-07,Friday,Bull Call Spread,UP,True,65,9.75,309.98,-300.23,True,False
2026-08-07,Friday,Bear Put Spread,UP,False,65,-2018.25,326.6,-2344.85,True,False
2026-08-07,Friday,Iron Condor,UP,False,65,880.75,603.48,277.27,True,True
2026-08-10,Monday,Bull Call Spread,FLAT,False,65,-461.5,296.64,-758.14,True,False
2026-08-10,Monday,Bear Put Spread,FLAT,False,65,416.0,339.58,76.42,True,True
2026-08-10,Monday,Iron Condor,FLAT,True,65,747.5,613.08,134.42,True,True
2026-08-11,Tuesday,Bull Call Spread,FLAT,False,65,-94.25,289.91,-384.16,True,False
2026-08-11,Tuesday,Bear Put Spread,FLAT,False,65,-2694.25,391.32,-3085.57,True,False
2026-08-11,Tuesday,Iron Condor,FLAT,True,65,5096.0,607.37,4488.63,True,True
2026-08-12,Wednesday,Bull Call Spread,DOWN,False,65,-1049.75,304.84,-1354.59,True,False
2026-08-12,Wednesday,Bear Put Spread,DOWN,True,65,1816.75,337.48,1479.27,True,True
2026-08-12,Wednesday,Iron Condor,DOWN,False,65,273.0,585.03,-312.03,True,False
2026-08-13,Thursday,Bull Call Spread,DOWN,False,65,-256.75,300.68,-557.43,True,False
2026-08-13,Thursday,Bear Put Spread,DOWN,True,65,-136.5,339.24,-475.74,True,False
2026-08-13,Thursday,Iron Condor,DOWN,False,65,409.5,582.62,-173.12,True,False
2026-08-14,Friday,Bull Call Spread,FLAT,False,65,1040.0,304.57,735.43,True,True
2026-08-14,Friday,Bear Put Spread,FLAT,False,65,149.5,312.89,-163.39,True,False
2026-08-14,Friday,Iron Condor,FLAT,True,65,117.0,580.81,-463.81,True,False
2026-08-17,Monday,Bull Call Spread,FLAT,False,65,-1605.5,303.42,-1908.92,True,False
2026-08-17,Monday,Bear Put Spread,FLAT,False,65,-318.5,306.22,-624.72,True,False
2026-08-17,Monday,Iron Condor,FLAT,True,65,1433.25,593.25,840.0,True,True
2026-08-18,Tuesday,Bull Call Spread,FLAT,False,65,-2707.25,297.09,-3004.34,True,False
2026-08-18,Tuesday,Bear Put Spread,FLAT,False,65,4013.75,298.23,3715.52,True,True
2026-08-18,Tuesday,Iron Condor,FLAT,True,65,4693.0,600.63,4092.37,True,True
2026-08-19,Wednesday,Bull Call Spread,DOWN,False,65,-1014.0,304.01,-1318.01,True,False
2026-08-19,Wednesday,Bear Put Spread,DOWN,True,65,273.0,342.09,-69.09,True,False
2026-08-19,Wednesday,Iron Condor,DOWN,False,65,-65.0,599.61,-664.61,True,False
2026-08-20,Thursday,Bull Call Spread,DOWN,False,65,913.25,301.07,612.18,True,True
2026-08-20,Thursday,Bear Put Spread,DOWN,True,65,-1407.25,329.58,-1736.83,True,False
2026-08-20,Thursday,Iron Condor,DOWN,False,65,396.5,592.66,-196.16,True,False
2026-08-21,Friday,Bull Call Spread,FLAT,False,65,-932.75,299.59,-1232.34,True,False
2026-08-21,Friday,Bear Put Spread,FLAT,False,65,916.5,317.32,599.18,True,True
2026-08-21,Friday,Iron Condor,FLAT,True,65,152.75,602.78,-450.03,True,False
2026-08-24,Monday,Bull Call Spread,FLAT,False,65,-2083.25,299.96,-2383.21,True,False
2026-08-24,Monday,Bear Put Spread,FLAT,False,65,1680.25,306.68,1373.57,True,True
2026-08-24,Monday,Iron Condor,FLAT,True,65,1875.25,595.0,1280.25,True,True
2026-08-25,Tuesday,Bull Call Spread,DOWN,False,65,315.25,291.55,23.7,True,True
2026-08-25,Tuesday,Bear Put Spread,DOWN,True,65,-4771.0,314.5,-5085.5,True,False
2026-08-25,Tuesday,Iron Condor,DOWN,False,65,5079.75,605.43,4474.32,True,True
2026-08-26,Wednesday,Bull Call Spread,UP,True,65,-747.5,297.52,-1045.02,True,False
2026-08-26,Wednesday,Bear Put Spread,UP,False,65,-962.0,343.31,-1305.31,True,False
2026-08-26,Wednesday,Iron Condor,UP,False,65,659.75,603.23,56.52,True,True
2026-08-27,Thursday,Bull Call Spread,FLAT,False,65,-1862.25,305.63,-2167.88,True,False
2026-08-27,Thursday,Bear Put Spread,FLAT,False,65,1716.0,319.9,1396.1,True,True
2026-08-27,Thursday,Iron Condor,FLAT,True,65,1508.0,609.17,898.83,True,True
2026-08-28,Friday,Bull Call Spread,DOWN,False,65,737.75,301.33,436.42,True,True
2026-08-28,Friday,Bear Put Spread,DOWN,True,65,-793.0,323.66,-1116.66,True,False
2026-08-28,Friday,Iron Condor,DOWN,False,65,-1257.75,596.24,-1853.99,True,False
2026-08-31,Monday,Bull Call Spread,FLAT,False,65,-412.75,292.29,-705.04,True,False
2026-08-31,Monday,Bear Put Spread,FLAT,False,65,984.75,344.68,640.07,True,True
2026-08-31,Monday,Iron Condor,FLAT,True,65,-510.25,584.66,-1094.91,True,False
2026-09-01,Tuesday,Bull Call Spread,FLAT,False,65,-978.25,292.26,-1270.51,True,False
2026-09-01,Tuesday,Bear Put Spread,FLAT,False,65,4228.25,314.91,3913.34,True,True
2026-09-01,Tuesday,Iron Condor,FLAT,True,65,4634.5,594.08,4040.42,True,True
2026-09-02,Wednesday,Bull Call Spread,DOWN,False,65,767.0,304.43,462.57,True,True
2026-09-02,Wednesday,Bear Put Spread,DOWN,True,65,724.75,328.15,396.6,True,True
2026-09-02,Wednesday,Iron Condor,DOWN,False,65,-299.0,586.39,-885.39,True,False
2026-09-03,Thursday,Bull Call Spread,FLAT,False,65,-913.25,297.79,-1211.04,True,False
2026-09-03,Thursday,Bear Put Spread,FLAT,False,65,2307.5,344.29,1963.21,True,True
2026-09-03,Thursday,Iron Condor,FLAT,True,65,2720.25,606.44,2113.81,True,True
2026-09-04,Friday,Bull Call Spread,DOWN,False,65,-175.5,291.82,-467.32,True,False
2026-09-04,Friday,Bear Put Spread,DOWN,True,65,-546.0,377.23,-923.23,True,False
2026-09-04,Friday,Iron Condor,DOWN,False,65,-250.25,594.96,-845.21,True,False
2026-09-07,Monday,Bull Call Spread,FLAT,False,65,-2317.25,298.66,-2615.91,True,False
2026-09-07,Monday,Bear Put Spread,FLAT,False,65,2960.75,313.44,2647.31,True,True
2026-09-07,Monday,Iron Condor,FLAT,True,65,2258.75,589.09,1669.66,True,True
2026-09-08,Tuesday,Bull Call Spread,DOWN,False,65,-897.0,293.02,-1190.02,True,False
2026-09-08,Tuesday,Bear Put Spread,DOWN,True,65,3402.75,311.16,3091.59,True,True
2026-09-08,Tuesday,Iron Condor,DOWN,False,65,3955.25,600.22,3355.03,True,True
2026-09-09,Wednesday,Bull Call Spread,DOWN,False,65,-611.0,295.29,-906.29,True,False
2026-09-09,Wednesday,Bear Put Spread,DOWN,True,65,-2609.75,379.75,-2989.5,True,False
2026-09-09,Wednesday,Iron Condor,DOWN,False,65,286.0,586.71,-300.71,True,False
2026-09-10,Thursday,Bull Call Spread,DOWN,False,65,-1036.75,308.19,-1344.94,True,False
2026-09-10,Thursday,Bear Put Spread,DOWN,True,65,4907.5,317.48,4590.02,True,True
2026-09-10,Thursday,Iron Condor,DOWN,False,65,-156.0,584.34,-740.34,True,False
2026-09-11,Friday,Bull Call Spread,FLAT,False,65,1043.25,295.26,747.99,True,True
2026-09-11,Friday,Bear Put Spread,FLAT,False,65,-1667.25,347.57,-2014.82,True,False
2026-09-11,Friday,Iron Condor,FLAT,True,65,1342.25,602.01,740.24,True,True
2026-09-15,Tuesday,Bull Call Spread,UP,True,65,-182.0,290.37,-472.37,True,False
2026-09-15,Tuesday,Bear Put Spread,UP,False,65,474.5,348.34,126.16,True,True
2026-09-15,Tuesday,Iron Condor,UP,False,65,10305.75,640.22,9665.53,True,True
2026-09-16,Wednesday,Bull Call Spread,DOWN,False,65,474.5,307.5,167.0,True,True
2026-09-16,Wednesday,Bear Put Spread,DOWN,True,65,-195.0,357.96,-552.96,True,False
2026-09-16,Wednesday,Iron Condor,DOWN,False,65,630.5,603.75,26.75,True,True
2026-09-17,Thursday,Bull Call Spread,FLAT,False,65,195.0,305.59,-110.59,True,False
2026-09-17,Thursday,Bear Put Spread,FLAT,False,65,-874.25,346.43,-1220.68,True,False
2026-09-17,Thursday,Iron Condor,FLAT,True,65,29.25,580.54,-551.29,True,False
2026-09-18,Friday,Bull Call Spread,FLAT,False,65,-331.5,293.14,-624.64,True,False
2026-09-18,Friday,Bear Put Spread,FLAT,False,65,282.75,351.5,-68.75,True,False
2026-09-18,Friday,Iron Condor,FLAT,True,65,13.0,599.29,-586.29,True,False
2026-09-21,Monday,Bull Call Spread,FLAT,False,65,328.25,292.17,36.08,True,True
2026-09-21,Monday,Bear Put Spread,FLAT,False,65,-1261.0,335.96,-1596.96,True,False
2026-09-21,Monday,Iron Condor,FLAT,True,65,1368.25,606.01,762.24,True,True
2026-09-22,Tuesday,Bull Call Spread,UP,True,65,-39.0,289.78,-328.78,True,False
2026-09-22,Tuesday,Bear Put Spread,UP,False,65,1472.25,340.23,1132.02,True,True
2026-09-22,Tuesday,Iron Condor,UP,False,65,5505.5,604.38,4901.12,True,True
2026-09-23,Wednesday,Bull Call Spread,DOWN,False,65,-29.25,296.44,-325.69,True,False
2026-09-23,Wednesday,Bear Put Spread,DOWN,True,65,520.0,356.84,163.16,True,True
2026-09-23,Wednesday,Iron Condor,DOWN,False,65,214.5,585.59,-371.09,True,False
2026-09-24,Thursday,Bull Call Spread,FLAT,False,65,-1176.5,294.82,-1471.32,True,False
2026-09-24,Thursday,Bear Put Spread,FLAT,False,65,1036.75,344.58,692.17,True,True
2026-09-24,Thursday,Iron Condor,FLAT,True,65,-58.5,580.24,-638.74,True,False
2026-09-25,Friday,Bull Call Spread,DOWN,False,65,737.75,298.07,439.68,True,True
2026-09-25,Friday,Bear Put Spread,DOWN,True,65,-1595.75,346.67,-1942.42,True,False
2026-09-25,Friday,Iron Condor,DOWN,False,65,1566.5,598.46,968.04,True,True
