date,strategy,arm,leg,phase,side,passive,crossed,limit_price,raw_fill_price,fill_price,taker_price,fill_bar,adverse,penalty
2021-01-06,E013_PIN_FLY,MAKER,sell_atm_ce,entry,SELL,True,False,69.0317,69.0317,66.0817,66.0817,41,True,221.25
2021-01-06,E013_PIN_FLY,MAKER,sell_atm_pe,entry,SELL,True,False,61.0317,61.0317,58.0817,58.0817,40,True,221.25
2021-01-06,E013_PIN_FLY,MAKER,buy_wing_ce,entry,BUY,True,False,14.9941,14.9941,14.9941,17.9441,41,False,0.0
2021-01-06,E013_PIN_FLY,MAKER,buy_wing_pe,entry,BUY,True,False,11.7944,11.7944,11.7944,14.7444,43,False,0.0
2021-01-06,E013_PIN_FLY,MAKER,buy_wing_ce,exit,SELL,False,True,0.05,0.05,0.05,0.05,71,False,0.0
2021-01-06,E013_PIN_FLY,MAKER,buy_wing_pe,exit,SELL,False,True,0.05,0.05,0.05,0.05,71,False,0.0
2021-01-06,E013_PIN_FLY,MAKER,sell_atm_ce,exit,BUY,True,False,3.1309,3.1309,6.0809,6.0809,69,True,221.25
2021-01-06,E013_PIN_FLY,MAKER,sell_atm_pe,exit,BUY,True,False,57.731,57.731,57.731,60.681,69,False,0.0
2021-01-21,E013_PIN_FLY,MAKER,sell_atm_ce,entry,SELL,True,False,30.8846,30.8846,30.8846,27.9346,40,False,0.0
2021-01-21,E013_PIN_FLY,MAKER,sell_atm_pe,entry,SELL,True,False,35.3846,35.3846,35.3846,32.4346,40,False,0.0
2021-03-03,E013_PIN_FLY,MAKER,sell_atm_ce,entry,SELL,True,False,85.1559,85.1559,85.1559,82.2059,40,False,0.0
2021-03-03,E013_PIN_FLY,MAKER,buy_wing_pe,entry,BUY,True,False,28.5181,28.5181,28.5181,31.4681,40,False,0.0
2021-03-09,E013_PIN_FLY,MAKER,sell_atm_ce,entry,SELL,True,False,117.2239,117.2239,114.2739,114.2739,40,True,221.25
2021-03-09,E013_PIN_FLY,MAKER,sell_atm_pe,entry,SELL,True,False,111.1239,111.1239,111.1239,108.1739,40,False,0.0
2021-03-09,E013_PIN_FLY,MAKER,buy_wing_ce,entry,BUY,True,False,54.1056,54.1056,54.1056,57.0556,40,False,0.0
2021-03-09,E013_PIN_FLY,MAKER,buy_wing_pe,entry,BUY,True,False,49.4948,49.4948,52.4448,52.4448,40,True,221.25
2021-03-09,E013_PIN_FLY,MAKER,buy_wing_pe,exit,SELL,False,True,0.05,0.05,0.05,0.05,71,False,0.0
2021-03-09,E013_PIN_FLY,MAKER,sell_atm_ce,exit,BUY,True,False,49.3352,49.3352,49.3352,52.2852,69,False,0.0
2021-03-09,E013_PIN_FLY,MAKER,sell_atm_pe,exit,BUY,True,False,27.4353,27.4353,30.3853,30.3853,69,True,221.25
2021-03-09,E013_PIN_FLY,MAKER,buy_wing_ce,exit,SELL,True,False,5.8251,5.8251,5.8251,2.8751,69,False,0.0
2021-03-17,E013_PIN_FLY,MAKER,sell_atm_pe,entry,SELL,True,False,92.6071,92.6071,92.6071,89.6571,40,False,0.0
2021-03-17,E013_PIN_FLY,MAKER,buy_wing_ce,entry,BUY,True,False,37.8049,37.8049,37.8049,40.7549,40,False,0.0
2021-03-17,E013_PIN_FLY,MAKER,buy_wing_pe,entry,BUY,True,False,34.0956,34.0956,34.0956,37.0456,42,False,0.0
2021-05-05,E013_PIN_FLY,MAKER,sell_atm_ce,entry,SELL,True,False,106.7246,106.7246,106.7246,103.7746,40,False,0.0
2021-05-05,E013_PIN_FLY,MAKER,sell_atm_pe,entry,SELL,True,False,86.3247,86.3247,86.3247,83.3747,40,False,0.0
2021-05-05,E013_PIN_FLY,MAKER,buy_wing_ce,entry,BUY,True,False,42.6655,42.6655,45.6155,45.6155,40,True,221.25
2021-05-05,E013_PIN_FLY,MAKER,buy_wing_pe,entry,BUY,True,False,31.0953,31.0953,34.0453,34.0453,43,True,221.25
2021-05-05,E013_PIN_FLY,MAKER,buy_wing_ce,exit,SELL,False,True,0.05,0.05,0.05,0.05,71,False,0.0
2021-05-05,E013_PIN_FLY,MAKER,buy_wing_pe,exit,SELL,False,True,0.05,0.05,0.05,0.05,71,False,0.0
2021-05-05,E013_PIN_FLY,MAKER,sell_atm_ce,exit,BUY,True,False,54.7622,54.7622,57.7122,57.7122,69,True,221.25
2021-05-05,E013_PIN_FLY,MAKER,sell_atm_pe,exit,BUY,True,False,15.1622,15.1622,18.1122,18.1122,69,True,221.25
2021-05-06,E013_PIN_FLY,MAKER,sell_atm_ce,entry,SELL,True,False,51.8765,51.8765,51.8765,48.9265,40,False,0.0
2021-05-06,E013_PIN_FLY,MAKER,sell_atm_pe,entry,SELL,True,False,57.1765,57.1765,54.2265,54.2265,40,True,221.25
2021-05-06,E013_PIN_FLY,MAKER,buy_wing_ce,entry,BUY,True,False,6.6445,6.6445,6.6445,9.5945,42,False,0.0
2021-05-06,E013_PIN_FLY,MAKER,buy_wing_pe,entry,BUY,True,False,7.7323,7.7323,10.6823,10.6823,43,True,221.25
2021-05-06,E013_PIN_FLY,MAKER,buy_wing_ce,exit,SELL,False,True,0.05,0.05,0.05,0.05,71,False,0.0
2021-05-06,E013_PIN_FLY,MAKER,buy_wing_pe,exit,SELL,False,True,0.05,0.05,0.05,0.05,71,False,0.0
2021-05-06,E013_PIN_FLY,MAKER,sell_atm_ce,exit,BUY,True,False,14.5126,14.5126,17.4626,17.4626,69,True,221.25
2021-05-06,E013_PIN_FLY,MAKER,sell_atm_pe,exit,BUY,True,False,26.4126,26.4126,29.3626,29.3626,69,True,221.25
2021-05-19,E013_PIN_FLY,MAKER,sell_atm_ce,entry,SELL,True,False,65.5877,65.5877,62.6377,62.6377,40,True,221.25
2021-05-19,E013_PIN_FLY,MAKER,sell_atm_pe,entry,SELL,True,False,75.0877,75.0877,75.0877,72.1377,40,False,0.0
2021-05-19,E013_PIN_FLY,MAKER,buy_wing_ce,entry,BUY,True,False,15.3065,15.3065,18.2565,18.2565,43,True,221.25
2021-05-19,E013_PIN_FLY,MAKER,buy_wing_pe,entry,BUY,True,False,18.4916,18.4916,21.4416,21.4416,41,True,221.25
2021-05-19,E013_PIN_FLY,MAKER,buy_wing_ce,exit,SELL,False,True,0.05,0.05,0.05,0.05,71,False,0.0
2021-05-19,E013_PIN_FLY,MAKER,buy_wing_pe,exit,SELL,False,True,0.05,0.05,0.05,0.05,71,False,0.0
2021-05-19,E013_PIN_FLY,MAKER,sell_atm_ce,exit,BUY,True,False,6.9447,6.9447,9.8947,9.8947,69,True,221.25
2021-05-19,E013_PIN_FLY,MAKER,sell_atm_pe,exit,BUY,True,False,48.8447,48.8447,51.7947,51.7947,69,True,221.25
2021-06-02,E013_PIN_FLY,MAKER,sell_atm_ce,entry,SELL,True,False,62.5396,62.5396,62.5396,59.5896,40,False,0.0
2021-06-02,E013_PIN_FLY,MAKER,sell_atm_pe,entry,SELL,True,False,63.7397,63.7397,63.7397,60.7897,40,False,0.0
2021-06-02,E013_PIN_FLY,MAKER,buy_wing_ce,entry,BUY,True,False,12.1713,12.1713,15.1213,15.1213,42,True,221.25
2021-06-02,E013_PIN_FLY,MAKER,buy_wing_pe,entry,BUY,True,False,12.1968,12.1968,15.1468,15.1468,41,True,221.25
2021-06-02,E013_PIN_FLY,MAKER,buy_wing_ce,exit,SELL,False,True,0.05,0.05,0.05,0.05,71,False,0.0
2021-06-02,E013_PIN_FLY,MAKER,buy_wing_pe,exit,SELL,False,True,0.05,0.05,0.05,0.05,71,False,0.0
2021-06-02,E013_PIN_FLY,MAKER,sell_atm_ce,exit,BUY,True,False,59.8827,59.8827,59.8827,62.8327,69,False,0.0
2021-06-02,E013_PIN_FLY,MAKER,sell_atm_pe,exit,BUY,True,False,2.3827,2.3827,5.3327,5.3327,69,True,221.25
2021-06-03,E013_PIN_FLY,MAKER,sell_atm_pe,entry,SELL,True,False,34.357,34.357,34.357,31.407,40,False,0.0
2021-06-09,E013_PIN_FLY,MAKER,sell_atm_ce,entry,SELL,True,False,49.7782,49.7782,49.7782,46.8282,41,False,0.0
2021-06-09,E013_PIN_FLY,MAKER,sell_atm_pe,entry,SELL,True,False,66.1782,66.1782,66.1782,63.2282,40,False,0.0
2021-06-09,E013_PIN_FLY,MAKER,buy_wing_ce,entry,BUY,True,False,6.8693,6.8693,9.8193,9.8193,43,True,221.25
2021-06-09,E013_PIN_FLY,MAKER,buy_wing_pe,entry,BUY,True,False,11.2836,11.2836,14.2336,14.2336,41,True,221.25
2021-06-09,E013_PIN_FLY,MAKER,buy_wing_ce,exit,SELL,False,True,0.05,0.05,0.05,0.05,71,False,0.0
2021-06-09,E013_PIN_FLY,MAKER,buy_wing_pe,exit,SELL,False,True,13.4876,13.4876,13.4876,13.4876,71,False,0.0
2021-06-09,E013_PIN_FLY,MAKER,sell_atm_ce,exit,BUY,True,False,0.1,0.1,0.1,1.55,69,False,0.0
2021-06-09,E013_PIN_FLY,MAKER,sell_atm_pe,exit,BUY,True,False,189.6505,189.6505,192.6005,192.6005,69,True,221.25
2021-06-30,E013_PIN_FLY,MAKER,sell_atm_ce,entry,SELL,True,False,67.8785,67.8785,67.8785,64.9285,40,False,0.0
2021-06-30,E013_PIN_FLY,MAKER,sell_atm_pe,entry,SELL,True,False,48.4786,48.4786,48.4786,45.5286,42,False,0.0
2021-06-30,E013_PIN_FLY,MAKER,buy_wing_ce,entry,BUY,True,False,12.1807,12.1807,12.1807,15.1307,42,False,0.0
2021-06-30,E013_PIN_FLY,MAKER,buy_wing_pe,entry,BUY,True,False,6.2819,6.2819,9.2319,9.2319,44,True,221.25
2021-06-30,E013_PIN_FLY,MAKER,buy_wing_ce,exit,SELL,False,True,0.05,0.05,0.05,0.05,71,False,0.0
2021-06-30,E013_PIN_FLY,MAKER,buy_wing_pe,exit,SELL,False,True,0.05,0.05,0.05,0.05,71,False,0.0
2021-06-30,E013_PIN_FLY,MAKER,sell_atm_ce,exit,BUY,True,False,1.3612,1.3612,4.3112,4.3112,69,True,221.25
2021-06-30,E013_PIN_FLY,MAKER,sell_atm_pe,exit,BUY,True,False,58.6612,58.6612,58.6612,61.6112,69,False,0.0
2021-09-08,E013_PIN_FLY,MAKER,sell_atm_pe,entry,SELL,True,False,55.0673,55.0673,55.0673,52.1173,40,False,0.0
2021-09-08,E013_PIN_FLY,MAKER,buy_wing_ce,entry,BUY,True,False,12.1484,12.1484,12.1484,15.0984,40,False,0.0
2021-09-08,E013_PIN_FLY,MAKER,buy_wing_pe,entry,BUY,True,False,8.6768,8.6768,8.6768,11.6268,43,False,0.0
2021-09-22,E013_PIN_FLY,MAKER,sell_atm_ce,entry,SELL,True,False,82.1713,82.1713,82.1713,79.2213,40,False,0.0
2021-09-22,E013_PIN_FLY,MAKER,buy_wing_ce,entry,BUY,True,False,21.4454,21.4454,21.4454,24.3954,44,False,0.0
2021-09-22,E013_PIN_FLY,MAKER,buy_wing_pe,entry,BUY,True,False,11.7163,11.7163,11.7163,14.6663,41,False,0.0
2021-09-29,E013_PIN_FLY,MAKER,sell_atm_ce,entry,SELL,True,False,71.791,71.791,71.791,68.841,40,False,0.0
2021-09-29,E013_PIN_FLY,MAKER,sell_atm_pe,entry,SELL,True,False,77.291,77.291,74.341,74.341,40,True,147.5
2021-09-29,E013_PIN_FLY,MAKER,buy_wing_ce,entry,BUY,True,False,18.9372,18.9372,18.9372,21.8872,42,False,0.0
2021-09-29,E013_PIN_FLY,MAKER,buy_wing_pe,entry,BUY,True,False,20.7637,20.7637,20.7637,23.7137,40,False,0.0
2021-09-29,E013_PIN_FLY,MAKER,buy_wing_ce,exit,SELL,False,True,0.05,0.05,0.05,0.05,71,False,0.0
2021-09-29,E013_PIN_FLY,MAKER,buy_wing_pe,exit,SELL,False,True,0.05,0.05,0.05,0.05,71,False,0.0
2021-09-29,E013_PIN_FLY,MAKER,sell_atm_ce,exit,BUY,True,False,78.3533,78.3533,81.3033,81.3033,69,True,147.5
2021-09-29,E013_PIN_FLY,MAKER,sell_atm_pe,exit,BUY,True,False,2.0534,2.0534,5.0034,5.0034,69,True,147.5
2021-09-30,E013_PIN_FLY,MAKER,sell_atm_ce,entry,SELL,True,False,58.9622,58.9622,56.0122,56.0122,43,True,147.5
2021-09-30,E013_PIN_FLY,MAKER,sell_atm_pe,entry,SELL,True,False,36.9622,36.9622,34.0122,34.0122,40,True,147.5
2021-09-30,E013_PIN_FLY,MAKER,buy_wing_ce,entry,BUY,True,False,6.2328,6.2328,9.1828,9.1828,40,True,147.5
2021-09-30,E013_PIN_FLY,MAKER,buy_wing_pe,entry,BUY,True,False,1.824,1.824,1.824,4.774,45,False,0.0
2021-09-30,E013_PIN_FLY,MAKER,buy_wing_ce,exit,SELL,False,True,0.05,0.05,0.05,0.05,71,False,0.0
2021-09-30,E013_PIN_FLY,MAKER,buy_wing_pe,exit,SELL,False,True,0.05,0.05,0.05,0.05,71,False,0.0
2021-09-30,E013_PIN_FLY,MAKER,sell_atm_ce,exit,BUY,True,False,11.3761,11.3761,11.3761,14.3261,69,False,0.0
2021-09-30,E013_PIN_FLY,MAKER,sell_atm_pe,exit,BUY,True,False,23.8761,23.8761,26.8261,26.8261,69,True,147.5
2021-10-14,E013_PIN_FLY,MAKER,sell_atm_ce,entry,SELL,True,False,38.669,38.669,38.669,35.719,41,False,0.0
2021-10-14,E013_PIN_FLY,MAKER,sell_atm_pe,entry,SELL,True,False,45.2198,45.2198,45.2198,42.2698,40,False,0.0
2021-10-14,E013_PIN_FLY,MAKER,buy_wing_ce,entry,BUY,True,False,1.2741,1.2741,1.2741,4.2241,45,False,0.0
2021-10-27,E013_PIN_FLY,MAKER,sell_atm_ce,entry,SELL,True,False,83.8545,83.8545,83.8545,80.9045,40,False,0.0
2021-10-27,E013_PIN_FLY,MAKER,sell_atm_pe,entry,SELL,True,False,69.9541,69.9541,67.0041,67.0041,40,True,147.5
2021-10-27,E013_PIN_FLY,MAKER,buy_wing_ce,entry,BUY,True,False,24.7686,24.7686,24.7686,27.7186,41,False,0.0
2021-10-27,E013_PIN_FLY,MAKER,buy_wing_pe,entry,BUY,True,False,18.3856,18.3856,18.3856,21.3356,43,False,0.0
2021-10-27,E013_PIN_FLY,MAKER,buy_wing_ce,exit,SELL,False,True,0.05,0.05,0.05,0.05,71,False,0.0
2021-10-27,E013_PIN_FLY,MAKER,sell_atm_ce,exit,BUY,True,False,6.5767,6.5767,9.5267,9.5267,69,True,147.5
2021-10-27,E013_PIN_FLY,MAKER,sell_atm_pe,exit,BUY,True,False,57.4263,57.4263,60.3763,60.3763,69,True,147.5
2021-10-27,E013_PIN_FLY,MAKER,buy_wing_pe,exit,SELL,True,False,3.2003,3.2003,3.2003,0.2503,69,False,0.0
2021-11-10,E013_PIN_FLY,MAKER,sell_atm_ce,entry,SELL,True,False,82.7121,82.7121,82.7121,79.7621,40,False,0.0
2021-11-10,E013_PIN_FLY,MAKER,buy_wing_ce,entry,BUY,True,False,23.4144,23.4144,23.4144,26.3644,42,False,0.0
2021-11-10,E013_PIN_FLY,MAKER,buy_wing_pe,entry,BUY,True,False,16.1801,16.1801,16.1801,19.1301,40,False,0.0
2021-11-24,E013_PIN_FLY,MAKER,sell_atm_ce,entry,SELL,True,False,71.0121,71.0121,71.0121,68.0621,43,False,0.0
2021-11-24,E013_PIN_FLY,MAKER,sell_atm_pe,entry,SELL,True,False,82.6117,82.6117,82.6117,79.6617,40,False,0.0
2021-11-24,E013_PIN_FLY,MAKER,buy_wing_ce,entry,BUY,True,False,19.2446,19.2446,22.1946,22.1946,40,True,147.5
2021-11-24,E013_PIN_FLY,MAKER,buy_wing_pe,entry,BUY,True,False,23.7257,23.7257,26.6757,26.6757,42,True,147.5
2021-11-24,E013_PIN_FLY,MAKER,buy_wing_ce,exit,SELL,False,True,0.05,0.05,0.05,0.05,71,False,0.0
2021-11-24,E013_PIN_FLY,MAKER,sell_atm_ce,exit,BUY,True,False,0.1,0.1,2.1935,2.1935,69,True,104.6767
2021-11-24,E013_PIN_FLY,MAKER,sell_atm_pe,exit,BUY,True,False,123.0931,123.0931,123.0931,126.0431,69,False,0.0
2021-11-24,E013_PIN_FLY,MAKER,buy_wing_pe,exit,SELL,True,False,16.1894,16.1894,13.2394,13.2394,69,True,147.5
2021-12-01,E013_PIN_FLY,MAKER,sell_atm_ce,entry,SELL,True,False,93.4741,93.4741,90.5241,90.5241,40,True,147.5
2021-12-01,E013_PIN_FLY,MAKER,sell_atm_pe,entry,SELL,True,False,101.6733,101.6733,101.6733,98.7233,40,False,0.0
2021-12-01,E013_PIN_FLY,MAKER,buy_wing_ce,entry,BUY,True,False,35.8732,35.8732,35.8732,38.8232,42,False,0.0
2021-12-01,E013_PIN_FLY,MAKER,buy_wing_pe,entry,BUY,True,False,39.5549,39.5549,42.5049,42.5049,40,True,147.5
2021-12-01,E013_PIN_FLY,MAKER,buy_wing_ce,exit,SELL,False,True,0.05,0.05,0.05,0.05,71,False,0.0
2021-12-01,E013_PIN_FLY,MAKER,buy_wing_pe,exit,SELL,False,True,0.05,0.05,0.05,0.05,71,False,0.0
2021-12-01,E013_PIN_FLY,MAKER,sell_atm_ce,exit,BUY,True,False,43.2375,43.2375,46.1875,46.1875,69,True,147.5
2021-12-01,E013_PIN_FLY,MAKER,sell_atm_pe,exit,BUY,True,False,22.2375,22.2375,25.1875,25.1875,69,True,147.5
2021-12-08,E013_PIN_FLY,MAKER,sell_atm_pe,entry,SELL,True,False,96.3455,96.3455,96.3455,93.3955,40,False,0.0
2021-12-08,E013_PIN_FLY,MAKER,buy_wing_ce,entry,BUY,True,False,24.1112,24.1112,24.1112,27.0612,40,False,0.0
2021-12-08,E013_PIN_FLY,MAKER,buy_wing_pe,entry,BUY,True,False,33.1812,33.1812,33.1812,36.1312,44,False,0.0
2021-12-22,E013_PIN_FLY,MAKER,sell_atm_ce,entry,SELL,True,False,83.6676,83.6676,83.6676,80.7176,40,False,0.0
2021-12-22,E013_PIN_FLY,MAKER,buy_wing_ce,entry,BUY,True,False,29.314,29.314,29.314,32.264,43,False,0.0
2021-12-22,E013_PIN_FLY,MAKER,buy_wing_pe,entry,BUY,True,False,37.3713,37.3713,37.3713,40.3213,40,False,0.0
2021-12-29,E013_PIN_FLY,MAKER,sell_atm_ce,entry,SELL,True,False,77.847,77.847,74.897,74.897,40,True,147.5
2021-12-29,E013_PIN_FLY,MAKER,sell_atm_pe,entry,SELL,True,False,64.8978,64.8978,64.8978,61.9478,40,False,0.0
2021-12-29,E013_PIN_FLY,MAKER,buy_wing_ce,entry,BUY,True,False,20.3802,20.3802,20.3802,23.3302,41,False,0.0
2021-12-29,E013_PIN_FLY,MAKER,buy_wing_pe,entry,BUY,True,False,14.8938,14.8938,17.8438,17.8438,42,True,147.5
2021-12-29,E013_PIN_FLY,MAKER,buy_wing_ce,exit,SELL,False,True,0.05,0.05,0.05,0.05,71,False,0.0
2021-12-29,E013_PIN_FLY,MAKER,buy_wing_pe,exit,SELL,False,True,0.05,0.05,0.05,0.05,71,False,0.0
2021-12-29,E013_PIN_FLY,MAKER,sell_atm_ce,exit,BUY,True,False,52.4773,52.4773,55.4273,55.4273,69,True,147.5
2021-12-29,E013_PIN_FLY,MAKER,sell_atm_pe,exit,BUY,True,False,6.2273,6.2273,9.1773,9.1773,69,True,147.5
2022-01-12,E013_PIN_FLY,MAKER,sell_atm_ce,entry,SELL,True,False,78.5918,78.5918,78.5918,75.6418,40,False,0.0
2022-01-12,E013_PIN_FLY,MAKER,sell_atm_pe,entry,SELL,True,False,83.4414,83.4414,83.4414,80.4914,41,False,0.0
2022-01-12,E013_PIN_FLY,MAKER,buy_wing_ce,entry,BUY,True,False,23.7627,23.7627,23.7627,26.7127,41,False,0.0
2022-01-12,E013_PIN_FLY,MAKER,buy_wing_pe,entry,BUY,True,False,25.4603,25.4603,28.4103,28.4103,42,True,147.5
2022-01-12,E013_PIN_FLY,MAKER,buy_wing_ce,exit,SELL,False,True,0.05,0.05,0.05,0.05,71,False,0.0
2022-01-12,E013_PIN_FLY,MAKER,buy_wing_pe,exit,SELL,False,True,0.05,0.05,0.05,0.05,71,False,0.0
2022-01-12,E013_PIN_FLY,MAKER,sell_atm_ce,exit,BUY,True,False,30.4026,30.4026,33.3526,33.3526,69,True,147.5
2022-01-12,E013_PIN_FLY,MAKER,sell_atm_pe,exit,BUY,True,False,21.9534,21.9534,24.9034,24.9034,69,True,147.5
2022-02-02,E013_PIN_FLY,MAKER,sell_atm_ce,entry,SELL,True,False,121.1002,121.1002,121.1002,118.1502,40,False,0.0
2022-02-02,E013_PIN_FLY,MAKER,buy_wing_ce,entry,BUY,True,False,58.3597,58.3597,58.3597,61.3097,43,False,0.0
2022-02-02,E013_PIN_FLY,MAKER,buy_wing_pe,entry,BUY,True,False,57.7129,57.7129,57.7129,60.6629,40,False,0.0
2022-02-09,E013_PIN_FLY,MAKER,sell_atm_ce,entry,SELL,True,False,94.9445,94.9445,94.9445,91.9945,40,False,0.0
2022-02-09,E013_PIN_FLY,MAKER,sell_atm_pe,entry,SELL,True,False,76.9445,76.9445,76.9445,73.9945,40,False,0.0
2022-02-09,E013_PIN_FLY,MAKER,buy_wing_ce,entry,BUY,True,False,32.9896,32.9896,35.9396,35.9396,40,True,147.5
2022-02-09,E013_PIN_FLY,MAKER,buy_wing_pe,entry,BUY,True,False,23.8278,23.8278,26.7778,26.7778,41,True,147.5
2022-02-09,E013_PIN_FLY,MAKER,buy_wing_ce,exit,SELL,False,True,0.05,0.05,0.05,0.05,71,False,0.0
2022-02-09,E013_PIN_FLY,MAKER,buy_wing_pe,exit,SELL,False,True,0.05,0.05,0.05,0.05,71,False,0.0
2022-02-09,E013_PIN_FLY,MAKER,sell_atm_ce,exit,BUY,True,False,66.9775,66.9775,66.9775,69.9275,69,False,0.0
2022-02-09,E013_PIN_FLY,MAKER,sell_atm_pe,exit,BUY,True,False,6.9267,6.9267,9.8767,9.8767,69,True,147.5
2022-02-23,E013_PIN_FLY,MAKER,sell_atm_pe,entry,SELL,True,False,119.2103,119.2103,119.2103,116.2603,40,False,0.0
2022-02-23,E013_PIN_FLY,MAKER,buy_wing_ce,entry,BUY,True,False,62.2383,62.2383,62.2383,65.1883,40,False,0.0
2022-02-23,E013_PIN_FLY,MAKER,buy_wing_pe,entry,BUY,True,False,56.6937,56.6937,56.6937,59.6437,42,False,0.0
2022-03-02,E013_PIN_FLY,MAKER,sell_atm_ce,entry,SELL,True,False,202.0659,202.0659,202.0659,199.1159,40,False,0.0
2022-03-02,E013_PIN_FLY,MAKER,sell_atm_pe,entry,SELL,True,False,193.8667,193.8667,193.8667,190.9167,40,False,0.0
2022-03-02,E013_PIN_FLY,MAKER,buy_wing_ce,entry,BUY,True,False,133.0821,133.0821,136.0321,136.0321,40,True,147.5
2022-03-02,E013_PIN_FLY,MAKER,buy_wing_pe,entry,BUY,True,False,125.1399,125.1399,128.0899,128.0899,40,True,147.5
2022-03-02,E013_PIN_FLY,MAKER,buy_wing_pe,exit,SELL,False,True,0.05,0.05,0.05,0.05,71,False,0.0
2022-03-02,E013_PIN_FLY,MAKER,sell_atm_ce,exit,BUY,True,False,78.4744,78.4744,81.4244,81.4244,69,True,147.5
2022-03-02,E013_PIN_FLY,MAKER,sell_atm_pe,exit,BUY,True,False,50.8748,50.8748,53.8248,53.8248,69,True,147.5
2022-03-02,E013_PIN_FLY,MAKER,buy_wing_ce,exit,SELL,True,False,23.1478,23.1478,23.1478,20.1978,69,False,0.0
2022-03-10,E013_PIN_FLY,MAKER,sell_atm_ce,entry,SELL,True,False,98.046,98.046,98.046,95.096,40,False,0.0
2022-03-10,E013_PIN_FLY,MAKER,sell_atm_pe,entry,SELL,True,False,74.8468,74.8468,71.8968,71.8968,40,True,147.5
2022-03-10,E013_PIN_FLY,MAKER,buy_wing_ce,entry,BUY,True,False,34.6644,34.6644,37.6144,37.6144,40,True,147.5
2022-03-10,E013_PIN_FLY,MAKER,buy_wing_pe,entry,BUY,True,False,22.9465,22.9465,22.9465,25.8965,44,False,0.0
2022-03-10,E013_PIN_FLY,MAKER,buy_wing_ce,exit,SELL,False,True,0.05,0.05,0.05,0.05,71,False,0.0
2022-03-10,E013_PIN_FLY,MAKER,sell_atm_ce,exit,BUY,True,False,5.5495,5.5495,5.5495,8.4995,69,False,0.0
2022-03-10,E013_PIN_FLY,MAKER,sell_atm_pe,exit,BUY,True,False,91.2995,91.2995,94.2495,94.2495,69,True,147.5
2022-03-10,E013_PIN_FLY,MAKER,buy_wing_pe,exit,SELL,True,False,12.4159,12.4159,12.4159,9.4659,69,False,0.0
2022-03-16,E013_PIN_FLY,MAKER,sell_atm_ce,entry,SELL,True,False,166.3726,166.3726,166.3726,163.4226,40,False,0.0
2022-03-16,E013_PIN_FLY,MAKER,sell_atm_pe,entry,SELL,True,False,152.3218,152.3218,152.3218,149.3718,45,False,0.0
2022-03-16,E013_PIN_FLY,MAKER,buy_wing_ce,entry,BUY,True,False,98.2622,98.2622,101.2122,101.2122,41,True,147.5
2022-03-16,E013_PIN_FLY,MAKER,buy_wing_pe,entry,BUY,True,False,87.0599,87.0599,90.0099,90.0099,41,True,147.5
2022-03-16,E013_PIN_FLY,MAKER,buy_wing_pe,exit,SELL,False,True,0.05,0.05,0.05,0.05,71,False,0.0
2022-03-16,E013_PIN_FLY,MAKER,sell_atm_ce,exit,BUY,True,False,72.4259,72.4259,75.3759,75.3759,69,True,147.5
2022-03-16,E013_PIN_FLY,MAKER,sell_atm_pe,exit,BUY,True,False,37.1251,37.1251,40.0751,40.0751,69,True,147.5
2022-03-16,E013_PIN_FLY,MAKER,buy_wing_ce,exit,SELL,True,False,16.8647,16.8647,16.8647,13.9147,69,False,0.0
2022-03-17,E013_PIN_FLY,MAKER,sell_atm_ce,entry,SELL,True,False,97.2232,97.2232,97.2232,94.2732,40,False,0.0
2022-03-17,E013_PIN_FLY,MAKER,buy_wing_ce,entry,BUY,True,False,36.0248,36.0248,36.0248,38.9748,43,False,0.0
2022-03-17,E013_PIN_FLY,MAKER,buy_wing_pe,entry,BUY,True,False,29.6778,29.6778,29.6778,32.6278,40,False,0.0
2022-04-27,E013_PIN_FLY,MAKER,sell_atm_ce,entry,SELL,True,False,72.8256,72.8256,72.8256,69.8756,40,False,0.0
2022-04-27,E013_PIN_FLY,MAKER,sell_atm_pe,entry,SELL,True,False,92.5248,92.5248,89.5748,89.5748,40,True,147.5
2022-04-27,E013_PIN_FLY,MAKER,buy_wing_ce,entry,BUY,True,False,21.5939,21.5939,24.5439,24.5439,42,True,147.5
2022-04-27,E013_PIN_FLY,MAKER,buy_wing_pe,entry,BUY,True,False,30.1132,30.1132,30.1132,33.0632,40,False,0.0
2022-04-27,E013_PIN_FLY,MAKER,buy_wing_ce,exit,SELL,False,True,0.05,0.05,0.05,0.05,71,False,0.0
2022-04-27,E013_PIN_FLY,MAKER,buy_wing_pe,exit,SELL,False,True,0.05,0.05,0.05,0.05,71,False,0.0
2022-04-27,E013_PIN_FLY,MAKER,sell_atm_ce,exit,BUY,True,False,42.9505,42.9505,45.9005,45.9005,69,True,147.5
2022-04-27,E013_PIN_FLY,MAKER,sell_atm_pe,exit,BUY,True,False,14.5013,14.5013,17.4513,17.4513,69,True,147.5
2022-06-01,E013_PIN_FLY,MAKER,sell_atm_ce,entry,SELL,True,False,110.3548,110.3548,110.3548,107.4048,40,False,0.0
2022-06-01,E013_PIN_FLY,MAKER,buy_wing_ce,entry,BUY,True,False,45.5697,45.5697,45.5697,48.5197,42,False,0.0
2022-06-01,E013_PIN_FLY,MAKER,buy_wing_pe,entry,BUY,True,False,33.1071,33.1071,33.1071,36.0571,40,False,0.0
2022-06-15,E013_PIN_FLY,MAKER,sell_atm_ce,entry,SELL,True,False,118.2815,118.2815,118.2815,115.3315,40,False,0.0
2022-06-15,E013_PIN_FLY,MAKER,sell_atm_pe,entry,SELL,True,False,100.5813,100.5813,100.5813,97.6313,40,False,0.0
2022-06-15,E013_PIN_FLY,MAKER,buy_wing_ce,entry,BUY,True,False,53.2791,53.2791,53.2791,56.2291,41,False,0.0
2022-06-15,E013_PIN_FLY,MAKER,buy_wing_pe,entry,BUY,True,False,42.1544,42.1544,45.1044,45.1044,40,True,147.5
2022-06-15,E013_PIN_FLY,MAKER,buy_wing_ce,exit,SELL,False,True,0.05,0.05,0.05,0.05,71,False,0.0
2022-06-15,E013_PIN_FLY,MAKER,sell_atm_ce,exit,BUY,True,False,26.5337,26.5337,29.4837,29.4837,69,True,147.5
2022-06-15,E013_PIN_FLY,MAKER,sell_atm_pe,exit,BUY,True,False,46.4341,46.4341,46.4341,49.3841,69,False,0.0
2022-06-15,E013_PIN_FLY,MAKER,buy_wing_pe,exit,SELL,True,False,4.7967,4.7967,4.7967,1.8467,69,False,0.0
2022-07-07,E013_PIN_FLY,MAKER,sell_atm_ce,entry,SELL,True,False,55.3198,55.3198,55.3198,52.3698,40,False,0.0
2022-07-07,E013_PIN_FLY,MAKER,sell_atm_pe,entry,SELL,True,False,51.1694,51.1694,51.1694,48.2194,41,False,0.0
2022-07-07,E013_PIN_FLY,MAKER,buy_wing_ce,entry,BUY,True,False,7.1689,7.1689,7.1689,10.1189,41,False,0.0
2022-07-07,E013_PIN_FLY,MAKER,buy_wing_pe,entry,BUY,True,False,5.8932,5.8932,8.8432,8.8432,44,True,147.5
2022-07-07,E013_PIN_FLY,MAKER,buy_wing_ce,exit,SELL,False,True,0.05,0.05,0.05,0.05,71,False,0.0
2022-07-07,E013_PIN_FLY,MAKER,buy_wing_pe,exit,SELL,False,True,0.05,0.05,0.05,0.05,71,False,0.0
2022-07-07,E013_PIN_FLY,MAKER,sell_atm_ce,exit,BUY,True,False,36.3287,36.3287,36.3287,39.2787,69,False,0.0
2022-07-07,E013_PIN_FLY,MAKER,sell_atm_pe,exit,BUY,True,False,8.3785,8.3785,11.3285,11.3285,69,True,147.5
2022-07-13,E013_PIN_FLY,MAKER,sell_atm_pe,entry,SELL,True,False,73.739,73.739,73.739,70.789,40,False,0.0
2022-07-13,E013_PIN_FLY,MAKER,buy_wing_ce,entry,BUY,True,False,32.7924,32.7924,32.7924,35.7424,40,False,0.0
2022-07-20,E013_PIN_FLY,MAKER,sell_atm_ce,entry,SELL,True,False,60.3468,60.3468,57.3968,57.3968,41,True,147.5
2022-07-20,E013_PIN_FLY,MAKER,sell_atm_pe,entry,SELL,True,False,82.7472,82.7472,82.7472,79.7972,40,False,0.0
2022-07-20,E013_PIN_FLY,MAKER,buy_wing_ce,entry,BUY,True,False,13.561,13.561,16.511,16.511,42,True,147.5
2022-07-20,E013_PIN_FLY,MAKER,buy_wing_pe,entry,BUY,True,False,21.8795,21.8795,24.8295,24.8295,41,True,147.5
2022-07-20,E013_PIN_FLY,MAKER,buy_wing_ce,exit,SELL,False,True,0.05,0.05,0.05,0.05,71,False,0.0
2022-07-20,E013_PIN_FLY,MAKER,buy_wing_pe,exit,SELL,False,True,0.05,0.05,0.05,0.05,71,False,0.0
2022-07-20,E013_PIN_FLY,MAKER,sell_atm_ce,exit,BUY,True,False,1.5096,1.5096,4.4596,4.4596,69,True,147.5
2022-07-20,E013_PIN_FLY,MAKER,sell_atm_pe,exit,BUY,True,False,77.16,77.16,80.11,80.11,69,True,147.5
2022-08-10,E013_PIN_FLY,MAKER,sell_atm_ce,entry,SELL,True,False,103.8546,103.8546,100.9046,100.9046,40,True,147.5
2022-08-10,E013_PIN_FLY,MAKER,sell_atm_pe,entry,SELL,True,False,93.8038,93.8038,93.8038,90.8538,40,False,0.0
2022-08-10,E013_PIN_FLY,MAKER,buy_wing_ce,entry,BUY,True,False,41.8188,41.8188,41.8188,44.7688,40,False,0.0
2022-08-10,E013_PIN_FLY,MAKER,buy_wing_pe,entry,BUY,True,False,35.7152,35.7152,38.6652,38.6652,40,True,147.5
2022-08-10,E013_PIN_FLY,MAKER,buy_wing_ce,exit,SELL,False,True,0.05,0.05,0.05,0.05,71,False,0.0
2022-08-10,E013_PIN_FLY,MAKER,buy_wing_pe,exit,SELL,False,True,0.05,0.05,0.05,0.05,71,False,0.0
2022-08-10,E013_PIN_FLY,MAKER,sell_atm_ce,exit,BUY,True,False,45.8272,45.8272,45.8272,48.7772,69,False,0.0
2022-08-10,E013_PIN_FLY,MAKER,sell_atm_pe,exit,BUY,True,False,19.2764,19.2764,22.2264,22.2264,69,True,147.5
2022-08-11,E013_PIN_FLY,MAKER,sell_atm_ce,entry,SELL,True,False,69.7132,69.7132,66.7632,66.7632,40,True,147.5
2022-08-11,E013_PIN_FLY,MAKER,sell_atm_pe,entry,SELL,True,False,46.4632,46.4632,46.4632,43.5132,45,False,0.0
2022-08-11,E013_PIN_FLY,MAKER,buy_wing_ce,entry,BUY,True,False,12.6425,12.6425,15.5925,15.5925,43,True,147.5
2022-08-11,E013_PIN_FLY,MAKER,buy_wing_pe,entry,BUY,True,False,5.7173,5.7173,8.6673,8.6673,42,True,147.5
2022-08-11,E013_PIN_FLY,MAKER,buy_wing_ce,exit,SELL,False,True,0.05,0.05,0.05,0.05,71,False,0.0
2022-08-11,E013_PIN_FLY,MAKER,buy_wing_pe,exit,SELL,False,True,0.05,0.05,0.05,0.05,71,False,0.0
2022-08-11,E013_PIN_FLY,MAKER,sell_atm_ce,exit,BUY,True,False,26.3168,26.3168,29.2668,29.2668,69,True,147.5
2022-08-11,E013_PIN_FLY,MAKER,sell_atm_pe,exit,BUY,True,False,16.516,16.516,19.466,19.466,69,True,147.5
2022-08-25,E013_PIN_FLY,MAKER,sell_atm_ce,entry,SELL,True,False,42.3692,42.3692,42.3692,39.4192,40,False,0.0
2022-08-25,E013_PIN_FLY,MAKER,sell_atm_pe,entry,SELL,True,False,46.42,46.42,46.42,43.47,40,False,0.0
2022-08-25,E013_PIN_FLY,MAKER,buy_wing_pe,entry,BUY,True,False,2.8129,2.8129,2.8129,5.7629,42,False,0.0
2022-09-07,E013_PIN_FLY,MAKER,sell_atm_ce,entry,SELL,True,False,80.4855,80.4855,80.4855,77.5355,40,False,0.0
2022-09-07,E013_PIN_FLY,MAKER,sell_atm_pe,entry,SELL,True,False,105.2863,105.2863,102.3363,102.3363,41,True,147.5
2022-09-07,E013_PIN_FLY,MAKER,buy_wing_ce,entry,BUY,True,False,27.8467,27.8467,30.7967,30.7967,41,True,147.5
2022-09-07,E013_PIN_FLY,MAKER,buy_wing_pe,entry,BUY,True,False,39.9035,39.9035,39.9035,42.8535,40,False,0.0
2022-09-07,E013_PIN_FLY,MAKER,buy_wing_ce,exit,SELL,False,True,0.05,0.05,0.05,0.05,71,False,0.0
2022-09-07,E013_PIN_FLY,MAKER,buy_wing_pe,exit,SELL,False,True,0.05,0.05,0.05,0.05,71,False,0.0
2022-09-07,E013_PIN_FLY,MAKER,sell_atm_ce,exit,BUY,True,False,15.7252,15.7252,18.6752,18.6752,69,True,147.5
2022-09-07,E013_PIN_FLY,MAKER,sell_atm_pe,exit,BUY,True,False,49.8248,49.8248,52.7748,52.7748,69,True,147.5
2022-09-08,E013_PIN_FLY,MAKER,sell_atm_ce,entry,SELL,True,False,56.9407,56.9407,56.9407,53.9907,40,False,0.0
2022-09-08,E013_PIN_FLY,MAKER,sell_atm_pe,entry,SELL,True,False,58.9915,58.9915,56.0415,56.0415,42,True,147.5
2022-09-08,E013_PIN_FLY,MAKER,buy_wing_ce,entry,BUY,True,False,8.926,8.926,11.876,11.876,42,True,147.5
2022-09-08,E013_PIN_FLY,MAKER,buy_wing_pe,entry,BUY,True,False,9.2473,9.2473,9.2473,12.1973,40,False,0.0
2022-09-08,E013_PIN_FLY,MAKER,buy_wing_ce,exit,SELL,False,True,0.05,0.05,0.05,0.05,71,False,0.0
2022-09-08,E013_PIN_FLY,MAKER,buy_wing_pe,exit,SELL,False,True,0.05,0.05,0.05,0.05,71,False,0.0
2022-09-08,E013_PIN_FLY,MAKER,sell_atm_ce,exit,BUY,True,False,51.3795,51.3795,51.3795,54.3295,69,False,0.0
2022-09-08,E013_PIN_FLY,MAKER,sell_atm_pe,exit,BUY,True,False,5.3795,5.3795,8.3295,8.3295,69,True,147.5
2022-10-06,E013_PIN_FLY,MAKER,sell_atm_ce,entry,SELL,True,False,86.6799,86.6799,83.7299,83.7299,40,True,147.5
2022-10-06,E013_PIN_FLY,MAKER,sell_atm_pe,entry,SELL,True,False,62.4299,62.4299,62.4299,59.4799,40,False,0.0
2022-10-06,E013_PIN_FLY,MAKER,buy_wing_ce,entry,BUY,True,False,25.0858,25.0858,25.0858,28.0358,40,False,0.0
2022-10-06,E013_PIN_FLY,MAKER,buy_wing_pe,entry,BUY,True,False,14.6928,14.6928,17.6428,17.6428,40,True,147.5
2022-10-06,E013_PIN_FLY,MAKER,buy_wing_ce,exit,SELL,False,True,0.05,0.05,0.05,0.05,71,False,0.0
2022-10-06,E013_PIN_FLY,MAKER,buy_wing_pe,exit,SELL,False,True,0.05,0.05,0.05,0.05,71,False,0.0
2022-10-06,E013_PIN_FLY,MAKER,sell_atm_ce,exit,BUY,True,False,28.6872,28.6872,31.6372,31.6372,69,True,147.5
2022-10-06,E013_PIN_FLY,MAKER,sell_atm_pe,exit,BUY,True,False,18.9372,18.9372,18.9372,21.8872,69,False,0.0
2022-10-19,E013_PIN_FLY,MAKER,sell_atm_ce,entry,SELL,True,False,71.1899,71.1899,71.1899,68.2399,40,False,0.0
2022-10-19,E013_PIN_FLY,MAKER,sell_atm_pe,entry,SELL,True,False,88.8403,88.8403,85.8903,85.8903,40,True,147.5
2022-10-19,E013_PIN_FLY,MAKER,buy_wing_ce,entry,BUY,True,False,20.1685,20.1685,23.1185,23.1185,41,True,147.5
2022-10-19,E013_PIN_FLY,MAKER,buy_wing_pe,entry,BUY,True,False,27.5248,27.5248,30.4748,30.4748,41,True,147.5
2022-10-19,E013_PIN_FLY,MAKER,buy_wing_ce,exit,SELL,False,True,0.05,0.05,0.05,0.05,71,False,0.0
2022-10-19,E013_PIN_FLY,MAKER,buy_wing_pe,exit,SELL,False,True,0.05,0.05,0.05,0.05,71,False,0.0
2022-10-19,E013_PIN_FLY,MAKER,sell_atm_ce,exit,BUY,True,False,6.7878,6.7878,9.7378,9.7378,69,True,147.5
2022-10-19,E013_PIN_FLY,MAKER,sell_atm_pe,exit,BUY,True,False,60.237,60.237,63.187,63.187,69,True,147.5
2022-11-02,E013_PIN_FLY,MAKER,sell_atm_ce,entry,SELL,True,False,68.3441,68.3441,68.3441,65.3941,40,False,0.0
2022-11-02,E013_PIN_FLY,MAKER,sell_atm_pe,entry,SELL,True,False,87.3949,87.3949,84.4449,84.4449,42,True,147.5
2022-11-02,E013_PIN_FLY,MAKER,buy_wing_ce,entry,BUY,True,False,18.3685,18.3685,21.3185,21.3185,42,True,147.5
2022-11-02,E013_PIN_FLY,MAKER,buy_wing_pe,entry,BUY,True,False,26.1379,26.1379,26.1379,29.0879,40,False,0.0
2022-11-02,E013_PIN_FLY,MAKER,buy_wing_ce,exit,SELL,False,True,0.05,0.05,0.05,0.05,71,False,0.0
2022-11-02,E013_PIN_FLY,MAKER,buy_wing_pe,exit,SELL,False,True,0.05,0.05,0.05,0.05,71,False,0.0
2022-11-02,E013_PIN_FLY,MAKER,sell_atm_ce,exit,BUY,True,False,12.2554,12.2554,15.2054,15.2054,69,True,147.5
2022-11-02,E013_PIN_FLY,MAKER,sell_atm_pe,exit,BUY,True,False,42.8062,42.8062,45.7562,45.7562,69,True,147.5
2022-11-16,E013_PIN_FLY,MAKER,sell_atm_pe,entry,SELL,True,False,49.7753,49.7753,49.7753,46.8253,40,False,0.0
2022-11-16,E013_PIN_FLY,MAKER,buy_wing_ce,entry,BUY,True,False,15.1365,15.1365,15.1365,18.0865,40,False,0.0
2022-11-16,E013_PIN_FLY,MAKER,buy_wing_pe,entry,BUY,True,False,7.3768,7.3768,7.3768,10.3268,45,False,0.0
2022-11-17,E013_PIN_FLY,MAKER,sell_atm_ce,entry,SELL,True,False,35.8213,35.8213,35.8213,32.8713,41,False,0.0
2022-11-17,E013_PIN_FLY,MAKER,sell_atm_pe,entry,SELL,True,False,44.6221,44.6221,44.6221,41.6721,40,False,0.0
2022-11-23,E013_PIN_FLY,MAKER,sell_atm_ce,entry,SELL,True,False,64.9681,64.9681,64.9681,62.0181,44,False,0.0
2022-11-23,E013_PIN_FLY,MAKER,buy_wing_ce,entry,BUY,True,False,10.0388,10.0388,10.0388,12.9888,43,False,0.0
2022-11-23,E013_PIN_FLY,MAKER,buy_wing_pe,entry,BUY,True,False,4.5107,4.5107,4.5107,7.4607,43,False,0.0
2022-11-30,E013_PIN_FLY,MAKER,sell_atm_ce,entry,SELL,True,False,68.051,68.051,68.051,65.101,40,False,0.0
2022-11-30,E013_PIN_FLY,MAKER,sell_atm_pe,entry,SELL,True,False,68.2502,68.2502,68.2502,65.3002,43,False,0.0
2022-11-30,E013_PIN_FLY,MAKER,buy_wing_ce,entry,BUY,True,False,15.5713,15.5713,18.5213,18.5213,42,True,147.5
2022-11-30,E013_PIN_FLY,MAKER,buy_wing_pe,entry,BUY,True,False,15.2862,15.2862,15.2862,18.2362,42,False,0.0
2022-11-30,E013_PIN_FLY,MAKER,buy_wing_ce,exit,SELL,False,True,0.05,0.05,0.05,0.05,71,False,0.0
2022-11-30,E013_PIN_FLY,MAKER,buy_wing_pe,exit,SELL,False,True,0.05,0.05,0.05,0.05,71,False,0.0
2022-11-30,E013_PIN_FLY,MAKER,sell_atm_ce,exit,BUY,True,False,36.8172,36.8172,36.8172,39.7672,69,False,0.0
2022-11-30,E013_PIN_FLY,MAKER,sell_atm_pe,exit,BUY,True,False,10.868,10.868,13.818,13.818,69,True,147.5
2022-12-01,E013_PIN_FLY,MAKER,sell_atm_ce,entry,SELL,True,False,39.9933,39.9933,39.9933,37.0433,40,False,0.0
2022-12-01,E013_PIN_FLY,MAKER,sell_atm_pe,entry,SELL,True,False,44.8937,44.8937,44.8937,41.9437,40,False,0.0
2022-12-07,E013_PIN_FLY,MAKER,sell_atm_ce,entry,SELL,True,False,70.159,70.159,70.159,67.209,40,False,0.0
2022-12-07,E013_PIN_FLY,MAKER,sell_atm_pe,entry,SELL,True,False,76.2586,76.2586,76.2586,73.3086,41,False,0.0
2022-12-07,E013_PIN_FLY,MAKER,buy_wing_ce,entry,BUY,True,False,17.8748,17.8748,17.8748,20.8248,41,False,0.0
2022-12-07,E013_PIN_FLY,MAKER,buy_wing_pe,entry,BUY,True,False,19.9316,19.9316,22.8816,22.8816,43,True,147.5
2022-12-07,E013_PIN_FLY,MAKER,buy_wing_ce,exit,SELL,False,True,0.05,0.05,0.05,0.05,71,False,0.0
2022-12-07,E013_PIN_FLY,MAKER,buy_wing_pe,exit,SELL,False,True,0.05,0.05,0.05,0.05,71,False,0.0
2022-12-07,E013_PIN_FLY,MAKER,sell_atm_ce,exit,BUY,True,False,29.8829,29.8829,32.8329,32.8329,69,True,147.5
2022-12-07,E013_PIN_FLY,MAKER,sell_atm_pe,exit,BUY,True,False,17.6329,17.6329,20.5829,20.5829,69,True,147.5
2022-12-14,E013_PIN_FLY,MAKER,sell_atm_ce,entry,SELL,True,False,82.2507,82.2507,82.2507,79.3007,41,False,0.0
2022-12-14,E013_PIN_FLY,MAKER,buy_wing_ce,entry,BUY,True,False,21.9296,21.9296,21.9296,24.8796,43,False,0.0
2022-12-14,E013_PIN_FLY,MAKER,buy_wing_pe,entry,BUY,True,False,12.8445,12.8445,12.8445,15.7945,41,False,0.0
2022-12-28,E013_PIN_FLY,MAKER,sell_atm_ce,entry,SELL,True,False,57.5437,57.5437,57.5437,54.5937,40,False,0.0
2022-12-28,E013_PIN_FLY,MAKER,sell_atm_pe,entry,SELL,True,False,72.7429,72.7429,72.7429,69.7929,41,False,0.0
2022-12-28,E013_PIN_FLY,MAKER,buy_wing_ce,entry,BUY,True,False,10.9788,10.9788,10.9788,13.9288,41,False,0.0
2022-12-28,E013_PIN_FLY,MAKER,buy_wing_pe,entry,BUY,True,False,15.9021,15.9021,15.9021,18.8521,40,False,0.0
2022-12-28,E013_PIN_FLY,MAKER,buy_wing_ce,exit,SELL,False,True,0.05,0.05,0.05,0.05,71,False,0.0
2022-12-28,E013_PIN_FLY,MAKER,buy_wing_pe,exit,SELL,False,True,0.05,0.05,0.05,0.05,71,False,0.0
2022-12-28,E013_PIN_FLY,MAKER,sell_atm_ce,exit,BUY,True,False,7.8785,7.8785,7.8785,10.8285,69,False,0.0
2022-12-28,E013_PIN_FLY,MAKER,sell_atm_pe,exit,BUY,True,False,40.3785,40.3785,43.3285,43.3285,69,True,147.5
2022-12-29,E013_PIN_FLY,MAKER,sell_atm_ce,entry,SELL,True,False,49.5218,49.5218,49.5218,46.5718,40,False,0.0
2022-12-29,E013_PIN_FLY,MAKER,sell_atm_pe,entry,SELL,True,False,30.471,30.471,30.471,27.521,41,False,0.0
2023-03-01,E013_PIN_FLY,MAKER,sell_atm_ce,entry,SELL,True,False,76.2586,76.2586,76.2586,73.3086,43,False,0.0
2023-03-01,E013_PIN_FLY,MAKER,sell_atm_pe,entry,SELL,True,False,60.659,60.659,60.659,57.709,40,False,0.0
2023-03-01,E013_PIN_FLY,MAKER,buy_wing_ce,entry,BUY,True,False,18.7328,18.7328,21.6828,21.6828,41,True,147.5
2023-03-01,E013_PIN_FLY,MAKER,buy_wing_pe,entry,BUY,True,False,12.5697,12.5697,15.5197,15.5197,42,True,147.5
2023-03-01,E013_PIN_FLY,MAKER,buy_wing_ce,exit,SELL,False,True,0.05,0.05,0.05,0.05,71,False,0.0
2023-03-01,E013_PIN_FLY,MAKER,buy_wing_pe,exit,SELL,False,True,0.05,0.05,0.05,0.05,71,False,0.0
2023-03-01,E013_PIN_FLY,MAKER,sell_atm_ce,exit,BUY,True,False,55.5963,55.5963,58.5463,58.5463,69,True,147.5
2023-03-01,E013_PIN_FLY,MAKER,sell_atm_pe,exit,BUY,True,False,4.4967,4.4967,7.4467,7.4467,69,True,147.5
2023-03-22,E013_PIN_FLY,MAKER,sell_atm_pe,entry,SELL,True,False,73.0741,73.0741,73.0741,70.1241,40,False,0.0
2023-03-22,E013_PIN_FLY,MAKER,buy_wing_ce,entry,BUY,True,False,21.4798,21.4798,21.4798,24.4298,40,False,0.0
2023-03-22,E013_PIN_FLY,MAKER,buy_wing_pe,entry,BUY,True,False,19.2215,19.2215,19.2215,22.1715,45,False,0.0
2023-04-12,E013_PIN_FLY,MAKER,sell_atm_ce,entry,SELL,True,False,62.9253,62.9253,62.9253,59.9753,42,False,0.0
2023-04-12,E013_PIN_FLY,MAKER,sell_atm_pe,entry,SELL,True,False,41.5757,41.5757,41.5757,38.6257,40,False,0.0
2023-04-12,E013_PIN_FLY,MAKER,buy_wing_ce,entry,BUY,True,False,8.6473,8.6473,11.5973,11.5973,42,True,147.5
2023-04-12,E013_PIN_FLY,MAKER,buy_wing_pe,entry,BUY,True,False,3.4357,3.4357,3.4357,6.3857,44,False,0.0
2023-04-12,E013_PIN_FLY,MAKER,buy_wing_ce,exit,SELL,False,True,0.05,0.05,0.05,0.05,71,False,0.0
2023-04-12,E013_PIN_FLY,MAKER,buy_wing_pe,exit,SELL,False,True,0.05,0.05,0.05,0.05,71,False,0.0
2023-04-12,E013_PIN_FLY,MAKER,sell_atm_ce,exit,BUY,True,False,33.5636,33.5636,33.5636,36.5136,69,False,0.0
2023-04-12,E013_PIN_FLY,MAKER,sell_atm_pe,exit,BUY,True,False,5.214,5.214,8.164,8.164,69,True,147.5
2023-04-19,E013_PIN_FLY,MAKER,sell_atm_pe,entry,SELL,True,False,43.5711,43.5711,43.5711,40.6211,40,False,0.0
2023-04-19,E013_PIN_FLY,MAKER,buy_wing_ce,entry,BUY,True,False,6.223,6.223,6.223,9.173,42,False,0.0
2023-05-03,E013_PIN_FLY,MAKER,sell_atm_ce,entry,SELL,True,False,42.9631,42.9631,42.9631,40.0131,40,False,0.0
2023-05-03,E013_PIN_FLY,MAKER,sell_atm_pe,entry,SELL,True,False,63.1623,63.1623,63.1623,60.2123,40,False,0.0
2023-05-03,E013_PIN_FLY,MAKER,buy_wing_ce,entry,BUY,True,False,4.0705,4.0705,7.0205,7.0205,45,True,147.5
2023-05-03,E013_PIN_FLY,MAKER,buy_wing_pe,entry,BUY,True,False,8.7534,8.7534,11.7034,11.7034,42,True,147.5
2023-05-03,E013_PIN_FLY,MAKER,buy_wing_ce,exit,SELL,False,True,0.05,0.05,0.05,0.05,71,False,0.0
2023-05-03,E013_PIN_FLY,MAKER,buy_wing_pe,exit,SELL,False,True,0.05,0.05,0.05,0.05,71,False,0.0
2023-05-03,E013_PIN_FLY,MAKER,sell_atm_ce,exit,BUY,True,False,6.7649,6.7649,9.7149,9.7149,69,True,147.5
2023-05-03,E013_PIN_FLY,MAKER,sell_atm_pe,exit,BUY,True,False,30.4153,30.4153,33.3653,33.3653,69,True,147.5
2023-06-01,E013_PIN_FLY,MAKER,sell_atm_ce,entry,SELL,True,False,46.4949,46.4949,46.4949,43.5449,40,False,0.0
2023-06-01,E013_PIN_FLY,MAKER,sell_atm_pe,entry,SELL,True,False,41.9949,41.9949,41.9949,39.0449,41,False,0.0
2023-06-01,E013_PIN_FLY,MAKER,buy_wing_ce,entry,BUY,True,False,2.9308,2.9308,2.9308,5.8808,43,False,0.0
2023-06-07,E013_PIN_FLY,MAKER,sell_atm_ce,entry,SELL,True,False,54.6692,54.6692,54.6692,51.7192,40,False,0.0
2023-06-07,E013_PIN_FLY,MAKER,buy_wing_pe,entry,BUY,True,False,2.842,2.842,2.842,5.792,42,False,0.0
2023-06-14,E013_PIN_FLY,MAKER,sell_atm_ce,entry,SELL,True,False,48.7218,48.7218,48.7218,45.7718,40,False,0.0
2023-06-14,E013_PIN_FLY,MAKER,buy_wing_ce,entry,BUY,True,False,5.6086,5.6086,5.6086,8.5586,44,False,0.0
2023-06-14,E013_PIN_FLY,MAKER,buy_wing_pe,entry,BUY,True,False,7.8918,7.8918,7.8918,10.8418,41,False,0.0
2023-07-05,E013_PIN_FLY,MAKER,sell_atm_ce,entry,SELL,True,False,48.6593,48.6593,48.6593,45.7093,40,False,0.0
2023-07-05,E013_PIN_FLY,MAKER,sell_atm_pe,entry,SELL,True,False,65.0593,65.0593,65.0593,62.1093,40,False,0.0
2023-07-05,E013_PIN_FLY,MAKER,buy_wing_ce,entry,BUY,True,False,6.2874,6.2874,6.2874,9.2374,42,False,0.0
2023-07-05,E013_PIN_FLY,MAKER,buy_wing_pe,entry,BUY,True,False,10.609,10.609,13.559,13.559,42,True,147.5
2023-07-05,E013_PIN_FLY,MAKER,buy_wing_ce,exit,SELL,False,True,0.05,0.05,0.05,0.05,71,False,0.0
2023-07-05,E013_PIN_FLY,MAKER,buy_wing_pe,exit,SELL,False,True,0.05,0.05,0.05,0.05,71,False,0.0
2023-07-05,E013_PIN_FLY,MAKER,sell_atm_ce,exit,BUY,True,False,3.3653,3.3653,3.3653,6.3153,69,False,0.0
2023-07-05,E013_PIN_FLY,MAKER,sell_atm_pe,exit,BUY,True,False,45.8653,45.8653,48.8153,48.8153,69,True,147.5
2023-08-16,E013_PIN_FLY,MAKER,sell_atm_ce,entry,SELL,True,False,65.0102,65.0102,62.0602,62.0602,40,True,147.5
2023-08-16,E013_PIN_FLY,MAKER,sell_atm_pe,entry,SELL,True,False,63.9102,63.9102,63.9102,60.9602,40,False,0.0
2023-08-16,E013_PIN_FLY,MAKER,buy_wing_ce,entry,BUY,True,False,13.3629,13.3629,13.3629,16.3129,43,False,0.0
2023-08-16,E013_PIN_FLY,MAKER,buy_wing_pe,entry,BUY,True,False,12.6761,12.6761,12.6761,15.6261,41,False,0.0
2023-08-16,E013_PIN_FLY,MAKER,buy_wing_ce,exit,SELL,False,True,0.05,0.05,0.05,0.05,71,False,0.0
2023-08-16,E013_PIN_FLY,MAKER,buy_wing_pe,exit,SELL,False,True,0.05,0.05,0.05,0.05,71,False,0.0
2023-08-16,E013_PIN_FLY,MAKER,sell_atm_ce,exit,BUY,True,False,38.3337,38.3337,41.2837,41.2837,69,True,147.5
2023-08-16,E013_PIN_FLY,MAKER,sell_atm_pe,exit,BUY,True,False,7.5837,7.5837,10.5337,10.5337,69,True,147.5
2023-08-30,E013_PIN_FLY,MAKER,sell_atm_pe,entry,SELL,True,False,51.7875,51.7875,51.7875,48.8375,40,False,0.0
2023-08-30,E013_PIN_FLY,MAKER,buy_wing_ce,entry,BUY,True,False,3.7737,3.7737,3.7737,6.7237,42,False,0.0
2023-09-06,E013_PIN_FLY,MAKER,sell_atm_pe,entry,SELL,True,False,54.6189,54.6189,54.6189,51.6689,40,False,0.0
2023-09-06,E013_PIN_FLY,MAKER,buy_wing_ce,entry,BUY,True,False,4.0391,4.0391,4.0391,6.9891,41,False,0.0
2023-10-11,E013_PIN_FLY,MAKER,sell_atm_pe,entry,SELL,True,False,63.7533,63.7533,63.7533,60.8033,40,False,0.0
2023-10-11,E013_PIN_FLY,MAKER,buy_wing_ce,entry,BUY,True,False,15.696,15.696,15.696,18.646,41,False,0.0
2023-10-11,E013_PIN_FLY,MAKER,buy_wing_pe,entry,BUY,True,False,13.2543,13.2543,13.2543,16.2043,44,False,0.0
2023-10-12,E013_PIN_FLY,MAKER,sell_atm_ce,entry,SELL,True,False,47.9022,47.9022,47.9022,44.9522,43,False,0.0
2023-10-12,E013_PIN_FLY,MAKER,sell_atm_pe,entry,SELL,True,False,30.5522,30.5522,30.5522,27.6022,40,False,0.0
2023-10-12,E013_PIN_FLY,MAKER,buy_wing_ce,entry,BUY,True,False,1.8298,1.8298,1.8298,4.7798,45,False,0.0
2023-11-01,E013_PIN_FLY,MAKER,sell_atm_ce,entry,SELL,True,False,64.5821,64.5821,64.5821,61.6321,40,False,0.0
2023-11-01,E013_PIN_FLY,MAKER,sell_atm_pe,entry,SELL,True,False,68.5821,68.5821,65.6321,65.6321,40,True,147.5
2023-11-01,E013_PIN_FLY,MAKER,buy_wing_ce,entry,BUY,True,False,13.8383,13.8383,16.7883,16.7883,40,True,147.5
2023-11-01,E013_PIN_FLY,MAKER,buy_wing_pe,entry,BUY,True,False,14.9347,14.9347,17.8847,17.8847,43,True,147.5
2023-11-01,E013_PIN_FLY,MAKER,buy_wing_ce,exit,SELL,False,True,0.05,0.05,0.05,0.05,71,False,0.0
2023-11-01,E013_PIN_FLY,MAKER,buy_wing_pe,exit,SELL,False,True,0.05,0.05,0.05,0.05,71,False,0.0
2023-11-01,E013_PIN_FLY,MAKER,sell_atm_ce,exit,BUY,True,False,6.3117,6.3117,9.2617,9.2617,69,True,147.5
2023-11-01,E013_PIN_FLY,MAKER,sell_atm_pe,exit,BUY,True,False,46.7617,46.7617,49.7117,49.7117,69,True,147.5
2023-11-08,E013_PIN_FLY,MAKER,sell_atm_pe,entry,SELL,True,False,70.9105,70.9105,70.9105,67.9605,40,False,0.0
2023-11-08,E013_PIN_FLY,MAKER,buy_wing_ce,entry,BUY,True,False,8.4323,8.4323,8.4323,11.3823,43,False,0.0
2023-11-08,E013_PIN_FLY,MAKER,buy_wing_pe,entry,BUY,True,False,14.0453,14.0453,14.0453,16.9953,42,False,0.0
2023-11-09,E013_PIN_FLY,MAKER,sell_atm_pe,entry,SELL,True,False,41.7435,41.7435,41.7435,38.7935,41,False,0.0
2023-11-15,E013_PIN_FLY,MAKER,sell_atm_ce,entry,SELL,True,False,50.5943,50.5943,50.5943,47.6443,40,False,0.0
2023-11-15,E013_PIN_FLY,MAKER,buy_wing_ce,entry,BUY,True,False,7.5618,7.5618,7.5618,10.5118,44,False,0.0
2023-11-15,E013_PIN_FLY,MAKER,buy_wing_pe,entry,BUY,True,False,13.1479,13.1479,13.1479,16.0979,41,False,0.0
2023-12-06,E013_PIN_FLY,MAKER,sell_atm_ce,entry,SELL,True,False,78.1134,78.1134,78.1134,75.1634,40,False,0.0
2023-12-06,E013_PIN_FLY,MAKER,sell_atm_pe,entry,SELL,True,False,82.5134,82.5134,79.5634,79.5634,40,True,147.5
2023-12-06,E013_PIN_FLY,MAKER,buy_wing_ce,entry,BUY,True,False,23.3106,23.3106,26.2606,26.2606,42,True,147.5
2023-12-06,E013_PIN_FLY,MAKER,buy_wing_pe,entry,BUY,True,False,24.8571,24.8571,24.8571,27.8071,40,False,0.0
2023-12-06,E013_PIN_FLY,MAKER,buy_wing_ce,exit,SELL,False,True,0.05,0.05,0.05,0.05,71,False,0.0
2023-12-06,E013_PIN_FLY,MAKER,buy_wing_pe,exit,SELL,False,True,0.05,0.05,0.05,0.05,71,False,0.0
2023-12-06,E013_PIN_FLY,MAKER,sell_atm_ce,exit,BUY,True,False,60.7104,60.7104,60.7104,63.6604,69,False,0.0
2023-12-06,E013_PIN_FLY,MAKER,sell_atm_pe,exit,BUY,True,False,6.9104,6.9104,9.8604,9.8604,69,True,147.5
2023-12-07,E013_PIN_FLY,MAKER,sell_atm_ce,entry,SELL,True,False,52.4924,52.4924,52.4924,49.5424,40,False,0.0
2023-12-07,E013_PIN_FLY,MAKER,buy_wing_pe,entry,BUY,True,False,4.6078,4.6078,4.6078,7.5578,41,False,0.0
2023-12-20,E013_PIN_FLY,MAKER,sell_atm_ce,entry,SELL,True,False,80.0813,80.0813,77.1313,77.1313,41,True,147.5
2023-12-20,E013_PIN_FLY,MAKER,sell_atm_pe,entry,SELL,True,False,63.8813,63.8813,63.8813,60.9313,40,False,0.0
2023-12-20,E013_PIN_FLY,MAKER,buy_wing_ce,entry,BUY,True,False,21.4289,21.4289,21.4289,24.3789,40,False,0.0
2023-12-20,E013_PIN_FLY,MAKER,buy_wing_pe,entry,BUY,True,False,14.6918,14.6918,17.6418,17.6418,41,True,147.5
2023-12-20,E013_PIN_FLY,MAKER,sell_atm_pe,exit,BUY,False,True,359.15,359.15,359.15,359.15,71,False,0.0
2023-12-20,E013_PIN_FLY,MAKER,buy_wing_ce,exit,SELL,False,True,0.05,0.05,0.05,0.05,71,False,0.0
2023-12-20,E013_PIN_FLY,MAKER,sell_atm_ce,exit,BUY,True,False,0.1,0.1,0.1,1.55,69,False,0.0
2023-12-20,E013_PIN_FLY,MAKER,buy_wing_pe,exit,SELL,True,False,124.5057,124.5057,121.5557,121.5557,69,True,147.5
2023-12-27,E013_PIN_FLY,MAKER,sell_atm_ce,entry,SELL,True,False,75.4829,75.4829,75.4829,72.5329,40,False,0.0
2023-12-27,E013_PIN_FLY,MAKER,buy_wing_ce,entry,BUY,True,False,22.1075,22.1075,22.1075,25.0575,45,False,0.0
2023-12-27,E013_PIN_FLY,MAKER,buy_wing_pe,entry,BUY,True,False,25.9689,25.9689,25.9689,28.9189,40,False,0.0
2024-02-21,E013_PIN_FLY,MAKER,sell_atm_ce,entry,SELL,True,False,106.9869,106.9869,106.9869,104.0369,40,False,0.0
2024-02-21,E013_PIN_FLY,MAKER,sell_atm_pe,entry,SELL,True,False,83.8369,83.8369,80.8869,80.8869,40,True,147.5
2024-02-21,E013_PIN_FLY,MAKER,buy_wing_ce,entry,BUY,True,False,42.2731,42.2731,45.2231,45.2231,40,True,147.5
2024-02-21,E013_PIN_FLY,MAKER,buy_wing_pe,entry,BUY,True,False,29.6557,29.6557,32.6057,32.6057,42,True,147.5
2024-02-21,E013_PIN_FLY,MAKER,buy_wing_ce,exit,SELL,False,True,0.05,0.05,0.05,0.05,71,False,0.0
2024-02-21,E013_PIN_FLY,MAKER,buy_wing_pe,exit,SELL,False,True,0.3771,0.3771,0.3771,0.3771,71,False,0.0
2024-02-21,E013_PIN_FLY,MAKER,sell_atm_ce,exit,BUY,True,False,0.1,0.1,0.1,1.8866,69,False,0.0
2024-02-21,E013_PIN_FLY,MAKER,sell_atm_pe,exit,BUY,True,False,176.2866,176.2866,179.2366,179.2366,69,True,147.5
2024-03-07,E013_PIN_FLY,MAKER,sell_atm_ce,entry,SELL,True,False,41.8405,41.8405,41.8405,38.8905,40,False,0.0
2024-03-07,E013_PIN_FLY,MAKER,sell_atm_pe,entry,SELL,True,False,61.0905,61.0905,61.0905,58.1405,40,False,0.0
2024-03-07,E013_PIN_FLY,MAKER,buy_wing_pe,entry,BUY,True,False,7.7315,7.7315,7.7315,10.6815,40,False,0.0
2024-04-09,E013_PIN_FLY,MAKER,sell_atm_ce,entry,SELL,True,False,73.2602,73.2602,70.3102,70.3102,40,True,147.5
2024-04-09,E013_PIN_FLY,MAKER,sell_atm_pe,entry,SELL,True,False,85.3102,85.3102,85.3102,82.3602,40,False,0.0
2024-04-09,E013_PIN_FLY,MAKER,buy_wing_ce,entry,BUY,True,False,20.8413,20.8413,20.8413,23.7913,40,False,0.0
2024-04-09,E013_PIN_FLY,MAKER,buy_wing_pe,entry,BUY,True,False,25.779,25.779,28.729,28.729,41,True,147.5
2024-04-09,E013_PIN_FLY,MAKER,buy_wing_ce,exit,SELL,False,True,0.05,0.05,0.05,0.05,71,False,0.0
2024-04-09,E013_PIN_FLY,MAKER,buy_wing_pe,exit,SELL,False,True,0.05,0.05,0.05,0.05,71,False,0.0
2024-04-09,E013_PIN_FLY,MAKER,sell_atm_ce,exit,BUY,True,False,7.7341,7.7341,10.6841,10.6841,69,True,147.5
2024-04-09,E013_PIN_FLY,MAKER,sell_atm_pe,exit,BUY,True,False,56.3341,56.3341,59.2841,59.2841,69,True,147.5
2024-04-10,E013_PIN_FLY,MAKER,sell_atm_ce,entry,SELL,True,False,50.3419,50.3419,50.3419,47.3919,40,False,0.0
2024-04-10,E013_PIN_FLY,MAKER,sell_atm_pe,entry,SELL,True,False,48.9419,48.9419,48.9419,45.9919,40,False,0.0
2024-04-10,E013_PIN_FLY,MAKER,buy_wing_ce,entry,BUY,True,False,4.992,4.992,4.992,7.942,42,False,0.0
2024-04-10,E013_PIN_FLY,MAKER,buy_wing_pe,entry,BUY,True,False,4.5447,4.5447,7.4947,7.4947,45,True,147.5
2024-04-10,E013_PIN_FLY,MAKER,buy_wing_ce,exit,SELL,False,True,0.05,0.05,0.05,0.05,71,False,0.0
2024-04-10,E013_PIN_FLY,MAKER,buy_wing_pe,exit,SELL,False,True,0.05,0.05,0.05,0.05,71,False,0.0
2024-04-10,E013_PIN_FLY,MAKER,sell_atm_ce,exit,BUY,True,False,47.5508,47.5508,50.5008,50.5008,69,True,147.5
2024-04-10,E013_PIN_FLY,MAKER,sell_atm_pe,exit,BUY,True,False,3.4008,3.4008,3.4008,6.3508,69,False,0.0
2024-04-24,E013_PIN_FLY,MAKER,sell_atm_ce,entry,SELL,True,False,82.1528,82.1528,82.1528,79.2028,40,False,0.0
2024-04-24,E013_PIN_FLY,MAKER,buy_wing_ce,entry,BUY,True,False,24.8219,24.8219,24.8219,27.7719,41,False,0.0
2024-04-24,E013_PIN_FLY,MAKER,buy_wing_pe,entry,BUY,True,False,22.0002,22.0002,22.0002,24.9502,40,False,0.0
2024-05-22,E013_PIN_FLY,MAKER,sell_atm_pe,entry,SELL,True,False,78.6127,78.6127,78.6127,75.6627,40,False,0.0
2024-05-22,E013_PIN_FLY,MAKER,buy_wing_ce,entry,BUY,True,False,37.2799,37.2799,37.2799,40.2299,40,False,0.0
2024-05-22,E013_PIN_FLY,MAKER,buy_wing_pe,entry,BUY,True,False,25.6619,25.6619,25.6619,28.6119,43,False,0.0
2024-05-29,E013_PIN_FLY,MAKER,sell_atm_ce,entry,SELL,True,False,90.9566,90.9566,88.0066,88.0066,41,True,73.75
2024-05-29,E013_PIN_FLY,MAKER,sell_atm_pe,entry,SELL,True,False,101.3566,101.3566,101.3566,98.4066,40,False,0.0
2024-05-29,E013_PIN_FLY,MAKER,buy_wing_ce,entry,BUY,True,False,34.0641,34.0641,37.0141,37.0141,44,True,73.75
2024-05-29,E013_PIN_FLY,MAKER,buy_wing_pe,entry,BUY,True,False,39.0366,39.0366,41.9866,41.9866,41,True,73.75
2024-05-29,E013_PIN_FLY,MAKER,buy_wing_ce,exit,SELL,False,True,0.05,0.05,0.05,0.05,71,False,0.0
2024-05-29,E013_PIN_FLY,MAKER,buy_wing_pe,exit,SELL,False,True,0.05,0.05,0.05,0.05,71,False,0.0
2024-05-29,E013_PIN_FLY,MAKER,sell_atm_ce,exit,BUY,True,False,17.9415,17.9415,20.8915,20.8915,69,True,73.75
2024-05-29,E013_PIN_FLY,MAKER,sell_atm_pe,exit,BUY,True,False,48.9915,48.9915,51.9415,51.9415,69,True,73.75
2024-06-12,E013_PIN_FLY,MAKER,sell_atm_ce,entry,SELL,True,False,108.2244,108.2244,108.2244,105.2744,40,False,0.0
2024-06-12,E013_PIN_FLY,MAKER,sell_atm_pe,entry,SELL,True,False,97.2744,97.2744,94.3244,94.3244,40,True,73.75
2024-06-12,E013_PIN_FLY,MAKER,buy_wing_ce,entry,BUY,True,False,45.3426,45.3426,48.2926,48.2926,40,True,73.75
2024-06-12,E013_PIN_FLY,MAKER,buy_wing_pe,entry,BUY,True,False,38.7271,38.7271,38.7271,41.6771,40,False,0.0
2024-06-12,E013_PIN_FLY,MAKER,buy_wing_ce,exit,SELL,False,True,0.05,0.05,0.05,0.05,71,False,0.0
2024-06-12,E013_PIN_FLY,MAKER,sell_atm_ce,exit,BUY,True,False,21.9308,21.9308,24.8808,24.8808,69,True,73.75
2024-06-12,E013_PIN_FLY,MAKER,sell_atm_pe,exit,BUY,True,False,47.9308,47.9308,50.8808,50.8808,69,True,73.75
2024-06-12,E013_PIN_FLY,MAKER,buy_wing_pe,exit,SELL,True,False,4.477,4.477,4.477,1.527,69,False,0.0
2024-07-03,E013_PIN_FLY,MAKER,sell_atm_pe,entry,SELL,True,False,98.8271,98.8271,98.8271,95.8771,40,False,0.0
2024-07-03,E013_PIN_FLY,MAKER,buy_wing_ce,entry,BUY,True,False,29.8681,29.8681,29.8681,32.8181,40,False,0.0
2024-07-03,E013_PIN_FLY,MAKER,buy_wing_pe,entry,BUY,True,False,36.405,36.405,36.405,39.355,42,False,0.0
2024-07-04,E013_PIN_FLY,MAKER,sell_atm_ce,entry,SELL,True,False,56.0143,56.0143,53.0643,53.0643,41,True,73.75
2024-07-04,E013_PIN_FLY,MAKER,sell_atm_pe,entry,SELL,True,False,58.7643,58.7643,58.7643,55.8143,40,False,0.0
2024-07-04,E013_PIN_FLY,MAKER,buy_wing_ce,entry,BUY,True,False,8.465,8.465,11.415,11.415,44,True,73.75
2024-07-04,E013_PIN_FLY,MAKER,buy_wing_pe,entry,BUY,True,False,9.0535,9.0535,12.0035,12.0035,42,True,73.75
2024-07-04,E013_PIN_FLY,MAKER,buy_wing_ce,exit,SELL,False,True,0.05,0.05,0.05,0.05,71,False,0.0
2024-07-04,E013_PIN_FLY,MAKER,buy_wing_pe,exit,SELL,False,True,0.05,0.05,0.05,0.05,71,False,0.0
2024-07-04,E013_PIN_FLY,MAKER,sell_atm_ce,exit,BUY,True,False,4.5526,4.5526,7.5026,7.5026,69,True,73.75
2024-07-04,E013_PIN_FLY,MAKER,sell_atm_pe,exit,BUY,True,False,53.6526,53.6526,53.6526,56.6026,69,False,0.0
2024-07-31,E013_PIN_FLY,MAKER,sell_atm_ce,entry,SELL,True,False,111.6211,111.6211,111.6211,108.6711,40,False,0.0
2024-07-31,E013_PIN_FLY,MAKER,buy_wing_ce,entry,BUY,True,False,46.266,46.266,46.266,49.216,43,False,0.0
2024-07-31,E013_PIN_FLY,MAKER,buy_wing_pe,entry,BUY,True,False,33.0907,33.0907,33.0907,36.0407,40,False,0.0
2024-08-01,E013_PIN_FLY,MAKER,sell_atm_ce,entry,SELL,True,False,73.0842,73.0842,73.0842,70.1342,42,False,0.0
2024-08-01,E013_PIN_FLY,MAKER,sell_atm_pe,entry,SELL,True,False,90.8342,90.8342,90.8342,87.8842,40,False,0.0
2024-08-01,E013_PIN_FLY,MAKER,buy_wing_ce,entry,BUY,True,False,21.4502,21.4502,21.4502,24.4002,40,False,0.0
2024-08-01,E013_PIN_FLY,MAKER,buy_wing_pe,entry,BUY,True,False,29.183,29.183,32.133,32.133,41,True,73.75
2024-08-01,E013_PIN_FLY,MAKER,buy_wing_ce,exit,SELL,False,True,0.05,0.05,0.05,0.05,71,False,0.0
2024-08-01,E013_PIN_FLY,MAKER,buy_wing_pe,exit,SELL,False,True,0.05,0.05,0.05,0.05,71,False,0.0
2024-08-01,E013_PIN_FLY,MAKER,sell_atm_ce,exit,BUY,True,False,22.9206,22.9206,22.9206,25.8706,69,False,0.0
2024-08-01,E013_PIN_FLY,MAKER,sell_atm_pe,exit,BUY,True,False,40.3706,40.3706,43.3206,43.3206,69,True,73.75
2024-08-07,E013_PIN_FLY,MAKER,sell_atm_ce,entry,SELL,True,False,138.9674,138.9674,138.9674,136.0174,40,False,0.0
2024-08-07,E013_PIN_FLY,MAKER,sell_atm_pe,entry,SELL,True,False,133.4674,133.4674,130.5174,130.5174,40,True,73.75
2024-08-07,E013_PIN_FLY,MAKER,buy_wing_ce,entry,BUY,True,False,73.5758,73.5758,76.5258,76.5258,40,True,73.75
2024-08-07,E013_PIN_FLY,MAKER,buy_wing_pe,entry,BUY,True,False,69.2073,69.2073,69.2073,72.1573,40,False,0.0
2024-08-07,E013_PIN_FLY,MAKER,buy_wing_ce,exit,SELL,False,True,0.05,0.05,0.05,0.05,71,False,0.0
2024-08-07,E013_PIN_FLY,MAKER,buy_wing_pe,exit,SELL,False,True,0.05,0.05,0.05,0.05,71,False,0.0
2024-08-07,E013_PIN_FLY,MAKER,sell_atm_ce,exit,BUY,True,False,56.2826,56.2826,56.2826,59.2326,69,False,0.0
2024-08-07,E013_PIN_FLY,MAKER,sell_atm_pe,exit,BUY,True,False,35.2326,35.2326,38.1826,38.1826,69,True,73.75
2024-08-13,E013_PIN_FLY,MAKER,sell_atm_ce,entry,SELL,True,False,118.7055,118.7055,118.7055,115.7555,40,False,0.0
2024-08-13,E013_PIN_FLY,MAKER,sell_atm_pe,entry,SELL,True,False,109.8055,109.8055,106.8555,106.8555,40,True,73.75
2024-08-13,E013_PIN_FLY,MAKER,buy_wing_ce,entry,BUY,True,False,54.8242,54.8242,57.7742,57.7742,40,True,73.75
2024-08-13,E013_PIN_FLY,MAKER,buy_wing_pe,entry,BUY,True,False,48.9173,48.9173,48.9173,51.8673,40,False,0.0
2024-08-13,E013_PIN_FLY,MAKER,buy_wing_ce,exit,SELL,False,True,0.05,0.05,0.05,0.05,71,False,0.0
2024-08-13,E013_PIN_FLY,MAKER,buy_wing_pe,exit,SELL,False,True,6.8683,6.8683,6.8683,6.8683,71,False,0.0
2024-08-13,E013_PIN_FLY,MAKER,sell_atm_ce,exit,BUY,True,False,3.3965,3.3965,6.3465,6.3465,69,True,73.75
2024-08-13,E013_PIN_FLY,MAKER,sell_atm_pe,exit,BUY,True,False,125.4465,125.4465,128.3965,128.3965,69,True,73.75
2024-08-14,E013_PIN_FLY,MAKER,sell_atm_ce,entry,SELL,True,False,80.2428,80.2428,80.2428,77.2928,40,False,0.0
2024-08-14,E013_PIN_FLY,MAKER,sell_atm_pe,entry,SELL,True,False,75.4928,75.4928,75.4928,72.5428,40,False,0.0
2024-08-14,E013_PIN_FLY,MAKER,buy_wing_ce,entry,BUY,True,False,23.4778,23.4778,26.4278,26.4278,40,True,73.75
2024-08-14,E013_PIN_FLY,MAKER,buy_wing_pe,entry,BUY,True,False,21.0697,21.0697,24.0197,24.0197,41,True,73.75
2024-08-14,E013_PIN_FLY,MAKER,buy_wing_ce,exit,SELL,False,True,0.05,0.05,0.05,0.05,71,False,0.0
2024-08-14,E013_PIN_FLY,MAKER,buy_wing_pe,exit,SELL,False,True,0.05,0.05,0.05,0.05,71,False,0.0
2024-08-14,E013_PIN_FLY,MAKER,sell_atm_ce,exit,BUY,True,False,22.9443,22.9443,25.8943,25.8943,69,True,73.75
2024-08-14,E013_PIN_FLY,MAKER,sell_atm_pe,exit,BUY,True,False,36.7443,36.7443,39.6943,39.6943,69,True,73.75
2024-08-21,E013_PIN_FLY,MAKER,sell_atm_pe,entry,SELL,True,False,127.7661,127.7661,127.7661,124.8161,40,False,0.0
2024-08-21,E013_PIN_FLY,MAKER,buy_wing_ce,entry,BUY,True,False,54.2703,54.2703,54.2703,57.2203,40,False,0.0
2024-08-21,E013_PIN_FLY,MAKER,buy_wing_pe,entry,BUY,True,False,61.6846,61.6846,61.6846,64.6346,43,False,0.0
2024-08-22,E013_PIN_FLY,MAKER,sell_atm_ce,entry,SELL,True,False,92.2837,92.2837,92.2837,89.3337,40,False,0.0
2024-08-22,E013_PIN_FLY,MAKER,sell_atm_pe,entry,SELL,True,False,112.9337,112.9337,112.9337,109.9837,40,False,0.0
2024-08-22,E013_PIN_FLY,MAKER,buy_wing_ce,entry,BUY,True,False,36.4395,36.4395,39.3895,39.3895,41,True,73.75
2024-08-22,E013_PIN_FLY,MAKER,buy_wing_pe,entry,BUY,True,False,47.3551,47.3551,50.3051,50.3051,40,True,73.75
2024-08-22,E013_PIN_FLY,MAKER,buy_wing_ce,exit,SELL,False,True,0.05,0.05,0.05,0.05,71,False,0.0
2024-08-22,E013_PIN_FLY,MAKER,buy_wing_pe,exit,SELL,False,True,0.05,0.05,0.05,0.05,71,False,0.0
2024-08-22,E013_PIN_FLY,MAKER,sell_atm_ce,exit,BUY,True,False,22.313,22.313,25.263,25.263,69,True,73.75
2024-08-22,E013_PIN_FLY,MAKER,sell_atm_pe,exit,BUY,True,False,62.263,62.263,62.263,65.213,69,False,0.0
2024-09-04,E013_PIN_FLY,MAKER,sell_atm_ce,entry,SELL,True,False,69.4081,69.4081,69.4081,66.4581,40,False,0.0
2024-09-04,E013_PIN_FLY,MAKER,buy_wing_ce,entry,BUY,True,False,18.3217,18.3217,18.3217,21.2717,42,False,0.0
2024-09-04,E013_PIN_FLY,MAKER,buy_wing_pe,entry,BUY,True,False,23.7013,23.7013,23.7013,26.6513,40,False,0.0
2024-09-05,E013_PIN_FLY,MAKER,sell_atm_ce,entry,SELL,True,False,129.5682,129.5682,129.5682,126.6182,40,False,0.0
2024-09-05,E013_PIN_FLY,MAKER,buy_wing_ce,entry,BUY,True,False,62.3349,62.3349,62.3349,65.2849,43,False,0.0
2024-09-05,E013_PIN_FLY,MAKER,buy_wing_pe,entry,BUY,True,False,47.201,47.201,47.201,50.151,40,False,0.0
2024-09-18,E013_PIN_FLY,MAKER,sell_atm_ce,entry,SELL,True,False,82.4106,82.4106,79.4606,79.4606,40,True,73.75
2024-09-18,E013_PIN_FLY,MAKER,sell_atm_pe,entry,SELL,True,False,105.0606,105.0606,105.0606,102.1106,40,False,0.0
2024-09-18,E013_PIN_FLY,MAKER,buy_wing_ce,entry,BUY,True,False,28.9523,28.9523,28.9523,31.9023,40,False,0.0
2024-09-18,E013_PIN_FLY,MAKER,buy_wing_pe,entry,BUY,True,False,40.1892,40.1892,40.1892,43.1392,41,False,0.0
2024-09-18,E013_PIN_FLY,MAKER,buy_wing_ce,exit,SELL,False,True,0.05,0.05,0.05,0.05,71,False,0.0
2024-09-18,E013_PIN_FLY,MAKER,buy_wing_pe,exit,SELL,False,True,2.0553,2.0553,2.0553,2.0553,71,False,0.0
2024-09-18,E013_PIN_FLY,MAKER,sell_atm_ce,exit,BUY,True,False,0.1,0.1,0.1,2.9847,71,False,0.0
2024-09-18,E013_PIN_FLY,MAKER,sell_atm_pe,exit,BUY,True,False,133.7847,133.7847,136.7347,136.7347,69,True,73.75
2024-09-25,E013_PIN_FLY,MAKER,sell_atm_pe,entry,SELL,True,False,89.7858,89.7858,89.7858,86.8358,40,False,0.0
2024-09-25,E013_PIN_FLY,MAKER,buy_wing_ce,entry,BUY,True,False,25.0974,25.0974,25.0974,28.0474,41,False,0.0
2024-09-25,E013_PIN_FLY,MAKER,buy_wing_pe,entry,BUY,True,False,29.6056,29.6056,29.6056,32.5556,41,False,0.0
2024-09-26,E013_PIN_FLY,MAKER,sell_atm_ce,entry,SELL,True,False,86.4935,86.4935,86.4935,83.5435,40,False,0.0
2024-09-26,E013_PIN_FLY,MAKER,buy_wing_ce,entry,BUY,True,False,31.5931,31.5931,31.5931,34.5431,44,False,0.0
2024-09-26,E013_PIN_FLY,MAKER,buy_wing_pe,entry,BUY,True,False,40.946,40.946,40.946,43.896,40,False,0.0
2024-10-03,E013_PIN_FLY,MAKER,sell_atm_ce,entry,SELL,True,False,180.3934,180.3934,180.3934,177.4434,40,False,0.0
2024-10-03,E013_PIN_FLY,MAKER,buy_wing_ce,entry,BUY,True,False,114.2352,114.2352,114.2352,117.1852,42,False,0.0
2024-10-03,E013_PIN_FLY,MAKER,buy_wing_pe,entry,BUY,True,False,122.9808,122.9808,122.9808,125.9308,40,False,0.0
2024-10-09,E013_PIN_FLY,MAKER,sell_atm_ce,entry,SELL,True,False,148.6868,148.6868,148.6868,145.7368,40,False,0.0
2024-10-09,E013_PIN_FLY,MAKER,sell_atm_pe,entry,SELL,True,False,149.1368,149.1368,146.1868,146.1868,40,True,73.75
2024-10-09,E013_PIN_FLY,MAKER,buy_wing_ce,entry,BUY,True,False,83.2403,83.2403,86.1903,86.1903,40,True,73.75
2024-10-09,E013_PIN_FLY,MAKER,buy_wing_pe,entry,BUY,True,False,82.7385,82.7385,85.6885,85.6885,41,True,73.75
2024-10-09,E013_PIN_FLY,MAKER,buy_wing_ce,exit,SELL,False,True,0.05,0.05,0.05,0.05,71,False,0.0
2024-10-09,E013_PIN_FLY,MAKER,sell_atm_ce,exit,BUY,True,False,9.823,9.823,12.773,12.773,69,True,73.75
2024-10-09,E013_PIN_FLY,MAKER,sell_atm_pe,exit,BUY,True,False,132.673,132.673,135.623,135.623,69,True,73.75
2024-10-09,E013_PIN_FLY,MAKER,buy_wing_pe,exit,SELL,True,False,39.5724,39.5724,39.5724,36.6224,69,False,0.0
2024-10-10,E013_PIN_FLY,MAKER,sell_atm_pe,entry,SELL,True,False,163.064,163.064,163.064,160.114,40,False,0.0
2024-10-10,E013_PIN_FLY,MAKER,buy_wing_ce,entry,BUY,True,False,88.3788,88.3788,88.3788,91.3288,40,False,0.0
2024-10-10,E013_PIN_FLY,MAKER,buy_wing_pe,entry,BUY,True,False,94.5308,94.5308,94.5308,97.4808,42,False,0.0
2024-10-16,E013_PIN_FLY,MAKER,sell_atm_ce,entry,SELL,True,False,157.6292,157.6292,157.6292,154.6792,40,False,0.0
2024-10-16,E013_PIN_FLY,MAKER,buy_wing_ce,entry,BUY,True,False,92.8018,92.8018,92.8018,95.7518,41,False,0.0
2024-10-16,E013_PIN_FLY,MAKER,buy_wing_pe,entry,BUY,True,False,100.2926,100.2926,100.2926,103.2426,40,False,0.0
2024-10-30,E013_PIN_FLY,MAKER,sell_atm_ce,entry,SELL,True,False,120.786,120.786,120.786,117.836,40,False,0.0
2024-10-30,E013_PIN_FLY,MAKER,buy_wing_ce,entry,BUY,True,False,60.019,60.019,60.019,62.969,43,False,0.0
2024-10-30,E013_PIN_FLY,MAKER,buy_wing_pe,entry,BUY,True,False,70.0232,70.0232,70.0232,72.9732,40,False,0.0
2024-11-14,E013_PIN_FLY,MAKER,sell_atm_ce,entry,SELL,True,False,149.76,149.76,149.76,146.81,40,False,0.0
2024-11-14,E013_PIN_FLY,MAKER,sell_atm_pe,entry,SELL,True,False,127.26,127.26,127.26,124.31,40,False,0.0
2024-11-14,E013_PIN_FLY,MAKER,buy_wing_ce,entry,BUY,True,False,81.3236,81.3236,84.2736,84.2736,40,True,73.75
2024-11-14,E013_PIN_FLY,MAKER,buy_wing_pe,entry,BUY,True,False,65.6382,65.6382,68.5882,68.5882,41,True,73.75
2024-11-14,E013_PIN_FLY,MAKER,buy_wing_ce,exit,SELL,False,True,3.9133,3.9133,3.9133,3.9133,71,False,0.0
2024-11-14,E013_PIN_FLY,MAKER,buy_wing_pe,exit,SELL,False,True,0.05,0.05,0.05,0.05,71,False,0.0
2024-11-14,E013_PIN_FLY,MAKER,sell_atm_ce,exit,BUY,True,False,69.1132,69.1132,69.1132,72.0632,69,False,0.0
2024-11-14,E013_PIN_FLY,MAKER,sell_atm_pe,exit,BUY,True,False,40.6632,40.6632,43.6132,43.6132,69,True,73.75
2024-12-11,E013_PIN_FLY,MAKER,sell_atm_ce,entry,SELL,True,False,190.2809,190.2809,187.3309,187.3309,40,True,221.25
2024-12-11,E013_PIN_FLY,MAKER,sell_atm_pe,entry,SELL,True,False,188.6809,188.6809,188.6809,185.7309,40,False,0.0
2024-12-11,E013_PIN_FLY,MAKER,buy_wing_ce,entry,BUY,True,False,122.1679,122.1679,122.1679,125.1179,40,False,0.0
2024-12-11,E013_PIN_FLY,MAKER,buy_wing_pe,entry,BUY,True,False,119.8798,119.8798,122.8298,122.8298,40,True,221.25
2024-12-11,E013_PIN_FLY,MAKER,buy_wing_ce,exit,SELL,False,True,0.05,0.05,0.05,0.05,71,False,0.0
2024-12-11,E013_PIN_FLY,MAKER,buy_wing_pe,exit,SELL,False,True,0.05,0.05,0.05,0.05,71,False,0.0
2024-12-11,E013_PIN_FLY,MAKER,sell_atm_ce,exit,BUY,True,False,56.8711,56.8711,59.8211,59.8211,69,True,221.25
2024-12-11,E013_PIN_FLY,MAKER,sell_atm_pe,exit,BUY,True,False,70.2211,70.2211,73.1711,73.1711,69,True,221.25
2024-12-18,E013_PIN_FLY,MAKER,sell_atm_pe,entry,SELL,True,False,185.0829,185.0829,185.0829,182.1329,40,False,0.0
2024-12-18,E013_PIN_FLY,MAKER,buy_wing_ce,entry,BUY,True,False,117.3447,117.3447,117.3447,120.2947,40,False,0.0
2024-12-18,E013_PIN_FLY,MAKER,buy_wing_pe,entry,BUY,True,False,116.3028,116.3028,116.3028,119.2528,44,False,0.0
2024-12-19,E013_PIN_FLY,MAKER,sell_atm_ce,entry,SELL,True,False,161.9048,161.9048,161.9048,158.9548,40,False,0.0
2024-12-19,E013_PIN_FLY,MAKER,sell_atm_pe,entry,SELL,True,False,140.1548,140.1548,137.2048,137.2048,40,True,221.25
2024-12-19,E013_PIN_FLY,MAKER,buy_wing_ce,entry,BUY,True,False,92.8738,92.8738,95.8238,95.8238,40,True,221.25
2024-12-19,E013_PIN_FLY,MAKER,buy_wing_pe,entry,BUY,True,False,77.0312,77.0312,77.0312,79.9812,41,False,0.0
2024-12-19,E013_PIN_FLY,MAKER,buy_wing_ce,exit,SELL,False,True,1.3175,1.3175,1.3175,1.3175,71,False,0.0
2024-12-19,E013_PIN_FLY,MAKER,buy_wing_pe,exit,SELL,False,True,1.8473,1.8473,1.8473,1.8473,71,False,0.0
2024-12-19,E013_PIN_FLY,MAKER,sell_atm_ce,exit,BUY,True,False,56.114,56.114,59.064,59.064,69,True,221.25
2024-12-19,E013_PIN_FLY,MAKER,sell_atm_pe,exit,BUY,True,False,61.464,61.464,64.414,64.414,69,True,221.25
2025-01-01,E013_PIN_FLY,MAKER,sell_atm_ce,entry,SELL,True,False,191.7837,191.7837,191.7837,188.8337,40,False,0.0
2025-01-01,E013_PIN_FLY,MAKER,sell_atm_pe,entry,SELL,True,False,179.8337,179.8337,176.8837,176.8837,40,True,221.25
2025-01-01,E013_PIN_FLY,MAKER,buy_wing_ce,entry,BUY,True,False,122.5464,122.5464,125.4964,125.4964,40,True,221.25
2025-01-01,E013_PIN_FLY,MAKER,buy_wing_pe,entry,BUY,True,False,112.5346,112.5346,112.5346,115.4846,40,False,0.0
2025-01-01,E013_PIN_FLY,MAKER,buy_wing_ce,exit,SELL,False,True,0.05,0.05,0.05,0.05,71,False,0.0
2025-01-01,E013_PIN_FLY,MAKER,buy_wing_pe,exit,SELL,False,True,0.05,0.05,0.05,0.05,71,False,0.0
2025-01-01,E013_PIN_FLY,MAKER,sell_atm_ce,exit,BUY,True,False,57.7299,57.7299,60.6799,60.6799,69,True,221.25
2025-01-01,E013_PIN_FLY,MAKER,sell_atm_pe,exit,BUY,True,False,66.5299,66.5299,69.4799,69.4799,69,True,221.25
2025-01-08,E013_PIN_FLY,MAKER,sell_atm_ce,entry,SELL,True,False,186.7949,186.7949,183.8449,183.8449,40,True,221.25
2025-01-08,E013_PIN_FLY,MAKER,sell_atm_pe,entry,SELL,True,False,175.7949,175.7949,175.7949,172.8449,40,False,0.0
2025-01-08,E013_PIN_FLY,MAKER,buy_wing_ce,entry,BUY,True,False,117.8725,117.8725,117.8725,120.8225,40,False,0.0
2025-01-08,E013_PIN_FLY,MAKER,buy_wing_pe,entry,BUY,True,False,108.655,108.655,111.605,111.605,40,True,221.25
2025-01-08,E013_PIN_FLY,MAKER,buy_wing_ce,exit,SELL,False,True,62.5248,62.5248,62.5248,62.5248,71,False,0.0
2025-01-08,E013_PIN_FLY,MAKER,buy_wing_pe,exit,SELL,False,True,0.05,0.05,0.05,0.05,71,False,0.0
2025-01-08,E013_PIN_FLY,MAKER,sell_atm_ce,exit,BUY,True,False,186.2973,186.2973,186.2973,189.2473,69,False,0.0
2025-01-08,E013_PIN_FLY,MAKER,sell_atm_pe,exit,BUY,True,False,8.3973,8.3973,11.3473,11.3473,69,True,221.25
2025-01-09,E013_PIN_FLY,MAKER,sell_atm_pe,entry,SELL,True,False,79.9487,79.9487,79.9487,76.9987,40,False,0.0
2025-01-09,E013_PIN_FLY,MAKER,buy_wing_ce,entry,BUY,True,False,33.8627,33.8627,33.8627,36.8127,40,False,0.0
2025-01-09,E013_PIN_FLY,MAKER,buy_wing_pe,entry,BUY,True,False,25.8047,25.8047,25.8047,28.7547,45,False,0.0
2025-01-15,E013_PIN_FLY,MAKER,sell_atm_ce,entry,SELL,True,False,89.0744,89.0744,86.1244,86.1244,40,True,221.25
2025-01-15,E013_PIN_FLY,MAKER,sell_atm_pe,entry,SELL,True,False,102.0744,102.0744,102.0744,99.1244,40,False,0.0
2025-01-15,E013_PIN_FLY,MAKER,buy_wing_ce,entry,BUY,True,False,32.9105,32.9105,35.8605,35.8605,41,True,221.25
2025-01-15,E013_PIN_FLY,MAKER,buy_wing_pe,entry,BUY,True,False,39.2344,39.2344,42.1844,42.1844,40,True,221.25
2025-01-15,E013_PIN_FLY,MAKER,buy_wing_ce,exit,SELL,False,True,0.05,0.05,0.05,0.05,71,False,0.0
2025-01-15,E013_PIN_FLY,MAKER,buy_wing_pe,exit,SELL,False,True,0.05,0.05,0.05,0.05,71,False,0.0
2025-01-15,E013_PIN_FLY,MAKER,sell_atm_ce,exit,BUY,True,False,14.5103,14.5103,17.4603,17.4603,69,True,221.25
2025-01-15,E013_PIN_FLY,MAKER,sell_atm_pe,exit,BUY,True,False,55.3603,55.3603,58.3103,58.3103,69,True,221.25
2025-01-16,E013_PIN_FLY,MAKER,sell_atm_ce,entry,SELL,True,False,80.4419,80.4419,77.4919,77.4919,42,True,221.25
2025-01-16,E013_PIN_FLY,MAKER,sell_atm_pe,entry,SELL,True,False,66.5919,66.5919,66.5919,63.6419,40,False,0.0
2025-01-16,E013_PIN_FLY,MAKER,buy_wing_ce,entry,BUY,True,False,22.1081,22.1081,25.0581,25.0581,40,True,221.25
2025-01-16,E013_PIN_FLY,MAKER,buy_wing_pe,entry,BUY,True,False,16.1665,16.1665,19.1165,19.1165,42,True,221.25
2025-01-16,E013_PIN_FLY,MAKER,buy_wing_ce,exit,SELL,False,True,0.05,0.05,0.05,0.05,71,False,0.0
2025-01-16,E013_PIN_FLY,MAKER,buy_wing_pe,exit,SELL,False,True,0.05,0.05,0.05,0.05,71,False,0.0
2025-01-16,E013_PIN_FLY,MAKER,sell_atm_ce,exit,BUY,True,False,29.8078,29.8078,32.7578,32.7578,69,True,221.25
2025-01-16,E013_PIN_FLY,MAKER,sell_atm_pe,exit,BUY,True,False,25.3578,25.3578,28.3078,28.3078,69,True,221.25
2025-01-22,E013_PIN_FLY,MAKER,sell_atm_ce,entry,SELL,True,False,115.9213,115.9213,112.9713,112.9713,40,True,221.25
2025-01-22,E013_PIN_FLY,MAKER,sell_atm_pe,entry,SELL,True,False,129.2713,129.2713,129.2713,126.3213,40,False,0.0
2025-01-22,E013_PIN_FLY,MAKER,buy_wing_ce,entry,BUY,True,False,55.3772,55.3772,55.3772,58.3272,40,False,0.0
2025-01-22,E013_PIN_FLY,MAKER,buy_wing_pe,entry,BUY,True,False,62.9724,62.9724,65.9224,65.9224,40,True,221.25
2025-01-22,E013_PIN_FLY,MAKER,buy_wing_ce,exit,SELL,False,True,4.735,4.735,4.735,4.735,71,False,0.0
2025-01-22,E013_PIN_FLY,MAKER,buy_wing_pe,exit,SELL,False,True,0.05,0.05,0.05,0.05,71,False,0.0
2025-01-22,E013_PIN_FLY,MAKER,sell_atm_ce,exit,BUY,True,False,115.9812,115.9812,118.9312,118.9312,69,True,221.25
2025-01-22,E013_PIN_FLY,MAKER,sell_atm_pe,exit,BUY,True,False,6.5812,6.5812,9.5312,9.5312,69,True,221.25
2025-01-23,E013_PIN_FLY,MAKER,sell_atm_ce,entry,SELL,True,False,129.6963,129.6963,129.6963,126.7463,40,False,0.0
2025-01-23,E013_PIN_FLY,MAKER,sell_atm_pe,entry,SELL,True,False,115.7463,115.7463,115.7463,112.7963,40,False,0.0
2025-01-23,E013_PIN_FLY,MAKER,buy_wing_ce,entry,BUY,True,False,63.981,63.981,66.931,66.931,40,True,221.25
2025-01-23,E013_PIN_FLY,MAKER,buy_wing_pe,entry,BUY,True,False,54.6206,54.6206,57.5706,57.5706,44,True,221.25
2025-01-23,E013_PIN_FLY,MAKER,buy_wing_ce,exit,SELL,False,True,0.05,0.05,0.05,0.05,71,False,0.0
2025-01-23,E013_PIN_FLY,MAKER,buy_wing_pe,exit,SELL,False,True,2.7207,2.7207,2.7207,2.7207,71,False,0.0
2025-01-23,E013_PIN_FLY,MAKER,sell_atm_ce,exit,BUY,True,False,31.4037,31.4037,34.3537,34.3537,69,True,221.25
2025-01-23,E013_PIN_FLY,MAKER,sell_atm_pe,exit,BUY,True,False,67.5537,67.5537,70.5037,70.5037,69,True,221.25
2025-01-29,E013_PIN_FLY,MAKER,sell_atm_ce,entry,SELL,True,False,143.7876,143.7876,143.7876,140.8376,40,False,0.0
2025-01-29,E013_PIN_FLY,MAKER,sell_atm_pe,entry,SELL,True,False,161.8876,161.8876,158.9376,158.9376,41,True,221.25
2025-01-29,E013_PIN_FLY,MAKER,buy_wing_ce,entry,BUY,True,False,80.7906,80.7906,83.7406,83.7406,41,True,221.25
2025-01-29,E013_PIN_FLY,MAKER,buy_wing_pe,entry,BUY,True,False,92.4179,92.4179,95.3679,95.3679,40,True,221.25
2025-01-29,E013_PIN_FLY,MAKER,buy_wing_ce,exit,SELL,False,True,0.05,0.05,0.05,0.05,71,False,0.0
2025-01-29,E013_PIN_FLY,MAKER,buy_wing_pe,exit,SELL,False,True,0.05,0.05,0.05,0.05,71,False,0.0
2025-01-29,E013_PIN_FLY,MAKER,sell_atm_ce,exit,BUY,True,False,45.2593,45.2593,45.2593,48.2093,69,False,0.0
2025-01-29,E013_PIN_FLY,MAKER,sell_atm_pe,exit,BUY,True,False,56.4593,56.4593,59.4093,59.4093,69,True,221.25
2025-01-30,E013_PIN_FLY,MAKER,sell_atm_ce,entry,SELL,True,False,120.6108,120.6108,120.6108,117.6608,40,False,0.0
2025-01-30,E013_PIN_FLY,MAKER,sell_atm_pe,entry,SELL,True,False,142.5608,142.5608,139.6108,139.6108,40,True,221.25
2025-01-30,E013_PIN_FLY,MAKER,buy_wing_ce,entry,BUY,True,False,60.49,60.49,63.44,63.44,40,True,221.25
2025-01-30,E013_PIN_FLY,MAKER,buy_wing_pe,entry,BUY,True,False,73.9001,73.9001,73.9001,76.8501,40,False,0.0
2025-01-30,E013_PIN_FLY,MAKER,buy_wing_ce,exit,SELL,False,True,0.05,0.05,0.05,0.05,71,False,0.0
2025-01-30,E013_PIN_FLY,MAKER,buy_wing_pe,exit,SELL,False,True,4.0905,4.0905,4.0905,4.0905,71,False,0.0
2025-01-30,E013_PIN_FLY,MAKER,sell_atm_ce,exit,BUY,True,False,13.6729,13.6729,13.6729,16.6229,69,False,0.0
2025-01-30,E013_PIN_FLY,MAKER,sell_atm_pe,exit,BUY,True,False,121.5229,121.5229,124.4729,124.4729,69,True,221.25
2025-02-05,E013_PIN_FLY,MAKER,sell_atm_pe,entry,SELL,True,False,162.1106,162.1106,162.1106,159.1606,40,False,0.0
2025-02-05,E013_PIN_FLY,MAKER,buy_wing_ce,entry,BUY,True,False,88.5383,88.5383,88.5383,91.4883,40,False,0.0
2025-02-05,E013_PIN_FLY,MAKER,buy_wing_pe,entry,BUY,True,False,93.7616,93.7616,93.7616,96.7116,41,False,0.0
2025-02-20,E013_PIN_FLY,MAKER,sell_atm_ce,entry,SELL,True,False,73.3839,73.3839,73.3839,70.4339,40,False,0.0
2025-02-20,E013_PIN_FLY,MAKER,sell_atm_pe,entry,SELL,True,False,79.9839,79.9839,79.9839,77.0339,45,False,0.0
2025-02-20,E013_PIN_FLY,MAKER,buy_wing_ce,entry,BUY,True,False,20.1712,20.1712,20.1712,23.1212,42,False,0.0
2025-02-20,E013_PIN_FLY,MAKER,buy_wing_pe,entry,BUY,True,False,22.6253,22.6253,22.6253,25.5753,40,False,0.0
2025-02-20,E013_PIN_FLY,MAKER,buy_wing_ce,exit,SELL,False,True,0.05,0.05,0.05,0.05,71,False,0.0
2025-02-20,E013_PIN_FLY,MAKER,buy_wing_pe,exit,SELL,False,True,0.05,0.05,0.05,0.05,71,False,0.0
2025-02-20,E013_PIN_FLY,MAKER,sell_atm_ce,exit,BUY,True,False,35.0712,35.0712,38.0212,38.0212,69,True,221.25
2025-02-20,E013_PIN_FLY,MAKER,sell_atm_pe,exit,BUY,True,False,23.4212,23.4212,26.3712,26.3712,69,True,221.25
2025-03-19,E013_PIN_FLY,MAKER,sell_atm_ce,entry,SELL,True,False,139.0526,139.0526,139.0526,136.1026,40,False,0.0
2025-03-19,E013_PIN_FLY,MAKER,buy_wing_ce,entry,BUY,True,False,73.4817,73.4817,73.4817,76.4317,41,False,0.0
2025-03-19,E013_PIN_FLY,MAKER,buy_wing_pe,entry,BUY,True,False,68.0993,68.0993,68.0993,71.0493,40,False,0.0
2025-03-20,E013_PIN_FLY,MAKER,sell_atm_ce,entry,SELL,True,False,105.7629,105.7629,105.7629,102.8129,40,False,0.0
2025-03-20,E013_PIN_FLY,MAKER,buy_wing_ce,entry,BUY,True,False,47.53,47.53,47.53,50.48,45,False,0.0
2025-03-20,E013_PIN_FLY,MAKER,buy_wing_pe,entry,BUY,True,False,59.1064,59.1064,59.1064,62.0564,40,False,0.0
2025-04-02,E013_PIN_FLY,MAKER,sell_atm_pe,entry,SELL,True,False,130.4901,130.4901,130.4901,127.5401,40,False,0.0
2025-04-02,E013_PIN_FLY,MAKER,buy_wing_ce,entry,BUY,True,False,56.3598,56.3598,56.3598,59.3098,40,False,0.0
2025-04-02,E013_PIN_FLY,MAKER,buy_wing_pe,entry,BUY,True,False,64.0613,64.0613,64.0613,67.0113,41,False,0.0
2025-04-09,E013_PIN_FLY,MAKER,sell_atm_ce,entry,SELL,True,False,113.4149,113.4149,113.4149,110.4649,40,False,0.0
2025-04-09,E013_PIN_FLY,MAKER,sell_atm_pe,entry,SELL,True,False,121.7149,121.7149,121.7149,118.7649,40,False,0.0
2025-04-09,E013_PIN_FLY,MAKER,buy_wing_ce,entry,BUY,True,False,52.571,52.571,55.521,55.521,40,True,221.25
2025-04-09,E013_PIN_FLY,MAKER,buy_wing_pe,entry,BUY,True,False,56.9236,56.9236,59.8736,59.8736,40,True,221.25
2025-04-09,E013_PIN_FLY,MAKER,buy_wing_ce,exit,SELL,False,True,0.05,0.05,0.05,0.05,71,False,0.0
2025-04-09,E013_PIN_FLY,MAKER,buy_wing_pe,exit,SELL,False,True,1.9737,1.9737,1.9737,1.9737,71,False,0.0
2025-04-09,E013_PIN_FLY,MAKER,sell_atm_ce,exit,BUY,True,False,24.1976,24.1976,27.1476,27.1476,69,True,221.25
2025-04-09,E013_PIN_FLY,MAKER,sell_atm_pe,exit,BUY,True,False,75.1476,75.1476,78.0976,78.0976,69,True,221.25
2025-04-16,E013_PIN_FLY,MAKER,sell_atm_ce,entry,SELL,True,False,103.3887,103.3887,103.3887,100.4387,40,False,0.0
2025-04-16,E013_PIN_FLY,MAKER,buy_wing_ce,entry,BUY,True,False,42.6245,42.6245,42.6245,45.5745,42,False,0.0
2025-04-16,E013_PIN_FLY,MAKER,buy_wing_pe,entry,BUY,True,False,41.2474,41.2474,41.2474,44.1974,40,False,0.0
2025-04-24,E013_PIN_FLY,MAKER,sell_atm_ce,entry,SELL,True,False,101.583,101.583,98.633,98.633,40,True,221.25
2025-04-24,E013_PIN_FLY,MAKER,sell_atm_pe,entry,SELL,True,False,94.383,94.383,94.383,91.433,40,False,0.0
2025-04-24,E013_PIN_FLY,MAKER,buy_wing_ce,entry,BUY,True,False,40.2364,40.2364,40.2364,43.1864,40,False,0.0
2025-04-24,E013_PIN_FLY,MAKER,buy_wing_pe,entry,BUY,True,False,35.8907,35.8907,38.8407,38.8407,41,True,221.25
2025-04-24,E013_PIN_FLY,MAKER,buy_wing_ce,exit,SELL,False,True,0.05,0.05,0.05,0.05,71,False,0.0
2025-04-24,E013_PIN_FLY,MAKER,buy_wing_pe,exit,SELL,False,True,0.05,0.05,0.05,0.05,71,False,0.0
2025-04-24,E013_PIN_FLY,MAKER,sell_atm_ce,exit,BUY,True,False,24.7469,24.7469,27.6969,27.6969,69,True,221.25
2025-04-24,E013_PIN_FLY,MAKER,sell_atm_pe,exit,BUY,True,False,53.4969,53.4969,56.4469,56.4469,69,True,221.25
2025-04-29,E013_PIN_FLY,MAKER,sell_atm_ce,entry,SELL,True,False,106.8251,106.8251,106.8251,103.8751,40,False,0.0
2025-04-29,E013_PIN_FLY,MAKER,sell_atm_pe,entry,SELL,True,False,128.0751,128.0751,128.0751,125.1251,40,False,0.0
2025-04-29,E013_PIN_FLY,MAKER,buy_wing_ce,entry,BUY,True,False,48.5198,48.5198,48.5198,51.4698,42,False,0.0
2025-04-29,E013_PIN_FLY,MAKER,buy_wing_pe,entry,BUY,True,False,60.7601,60.7601,63.7101,63.7101,40,True,221.25
2025-04-29,E013_PIN_FLY,MAKER,buy_wing_ce,exit,SELL,False,True,0.05,0.05,0.05,0.05,71,False,0.0
2025-04-29,E013_PIN_FLY,MAKER,buy_wing_pe,exit,SELL,False,True,0.05,0.05,0.05,0.05,71,False,0.0
2025-04-29,E013_PIN_FLY,MAKER,sell_atm_ce,exit,BUY,True,False,33.7183,33.7183,36.6683,36.6683,69,True,221.25
2025-04-29,E013_PIN_FLY,MAKER,sell_atm_pe,exit,BUY,True,False,43.5183,43.5183,46.4683,46.4683,69,True,221.25
2025-04-30,E013_PIN_FLY,MAKER,sell_atm_pe,entry,SELL,True,False,115.4521,115.4521,115.4521,112.5021,40,False,0.0
2025-04-30,E013_PIN_FLY,MAKER,buy_wing_ce,entry,BUY,True,False,60.4262,60.4262,60.4262,63.3762,40,False,0.0
2025-04-30,E013_PIN_FLY,MAKER,buy_wing_pe,entry,BUY,True,False,53.853,53.853,53.853,56.803,41,False,0.0
2025-05-08,E013_PIN_FLY,MAKER,sell_atm_ce,entry,SELL,True,False,52.243,52.243,52.243,49.293,40,False,0.0
2025-05-08,E013_PIN_FLY,MAKER,sell_atm_pe,entry,SELL,True,False,51.343,51.343,51.343,48.393,41,False,0.0
2025-05-08,E013_PIN_FLY,MAKER,buy_wing_ce,entry,BUY,True,False,5.9783,5.9783,8.9283,8.9283,43,True,221.25
2025-05-08,E013_PIN_FLY,MAKER,buy_wing_pe,entry,BUY,True,False,5.6146,5.6146,5.6146,8.5646,44,False,0.0
2025-05-08,E013_PIN_FLY,MAKER,buy_wing_ce,exit,SELL,False,True,0.05,0.05,0.05,0.05,71,False,0.0
2025-05-08,E013_PIN_FLY,MAKER,sell_atm_ce,exit,BUY,True,False,0.1,0.1,0.1,1.5512,69,False,0.0
2025-05-08,E013_PIN_FLY,MAKER,sell_atm_pe,exit,BUY,True,False,136.4012,136.4012,139.3512,139.3512,69,True,221.25
2025-05-08,E013_PIN_FLY,MAKER,buy_wing_pe,exit,SELL,True,False,16.1203,16.1203,16.1203,13.1703,69,False,0.0
2025-05-14,E013_PIN_FLY,MAKER,sell_atm_pe,entry,SELL,True,False,177.6658,177.6658,177.6658,174.7158,40,False,0.0
2025-05-14,E013_PIN_FLY,MAKER,buy_wing_ce,entry,BUY,True,False,115.4821,115.4821,115.4821,118.4321,40,False,0.0
2025-05-14,E013_PIN_FLY,MAKER,buy_wing_pe,entry,BUY,True,False,109.9457,109.9457,109.9457,112.8957,45,False,0.0
2025-05-22,E013_PIN_FLY,MAKER,sell_atm_ce,entry,SELL,True,False,117.3921,117.3921,117.3921,114.4421,40,False,0.0
2025-05-22,E013_PIN_FLY,MAKER,sell_atm_pe,entry,SELL,True,False,111.5421,111.5421,108.5921,108.5921,42,True,221.25
2025-05-22,E013_PIN_FLY,MAKER,buy_wing_ce,entry,BUY,True,False,54.0973,54.0973,57.0473,57.0473,41,True,221.25
2025-05-22,E013_PIN_FLY,MAKER,buy_wing_pe,entry,BUY,True,False,50.0084,50.0084,52.9584,52.9584,40,True,221.25
2025-05-22,E013_PIN_FLY,MAKER,buy_wing_ce,exit,SELL,False,True,2.636,2.636,2.636,2.636,71,False,0.0
2025-05-22,E013_PIN_FLY,MAKER,buy_wing_pe,exit,SELL,False,True,0.05,0.05,0.05,0.05,71,False,0.0
2025-05-22,E013_PIN_FLY,MAKER,sell_atm_ce,exit,BUY,True,False,85.1524,85.1524,85.1524,88.1024,69,False,0.0
2025-05-22,E013_PIN_FLY,MAKER,sell_atm_pe,exit,BUY,True,False,18.3524,18.3524,21.3024,21.3024,69,True,221.25
2025-05-28,E013_PIN_FLY,MAKER,sell_atm_ce,entry,SELL,True,False,156.6941,156.6941,156.6941,153.7441,40,False,0.0
2025-05-28,E013_PIN_FLY,MAKER,sell_atm_pe,entry,SELL,True,False,164.5941,164.5941,164.5941,161.6441,40,False,0.0
2025-05-28,E013_PIN_FLY,MAKER,buy_wing_ce,entry,BUY,True,False,91.5131,91.5131,94.4631,94.4631,40,True,221.25
2025-05-28,E013_PIN_FLY,MAKER,buy_wing_pe,entry,BUY,True,False,96.2011,96.2011,99.1511,99.1511,40,True,221.25
2025-05-28,E013_PIN_FLY,MAKER,buy_wing_ce,exit,SELL,False,True,0.05,0.05,0.05,0.05,71,False,0.0
2025-05-28,E013_PIN_FLY,MAKER,buy_wing_pe,exit,SELL,False,True,0.05,0.05,0.05,0.05,71,False,0.0
2025-05-28,E013_PIN_FLY,MAKER,sell_atm_ce,exit,BUY,True,False,41.3784,41.3784,44.3284,44.3284,69,True,221.25
2025-05-28,E013_PIN_FLY,MAKER,sell_atm_pe,exit,BUY,True,False,67.3284,67.3284,70.2784,70.2784,69,True,221.25
2025-05-29,E013_PIN_FLY,MAKER,sell_atm_ce,entry,SELL,True,False,108.4932,108.4932,105.5432,105.5432,40,True,221.25
2025-05-29,E013_PIN_FLY,MAKER,sell_atm_pe,entry,SELL,True,False,116.8432,116.8432,116.8432,113.8932,40,False,0.0
2025-05-29,E013_PIN_FLY,MAKER,buy_wing_ce,entry,BUY,True,False,48.3112,48.3112,48.3112,51.2612,40,False,0.0
2025-05-29,E013_PIN_FLY,MAKER,buy_wing_pe,entry,BUY,True,False,52.6585,52.6585,55.6085,55.6085,40,True,221.25
2025-05-29,E013_PIN_FLY,MAKER,buy_wing_pe,exit,SELL,False,True,0.05,0.05,0.05,0.05,71,False,0.0
2025-05-29,E013_PIN_FLY,MAKER,sell_atm_ce,exit,BUY,True,False,47.1775,47.1775,47.1775,50.1275,69,False,0.0
2025-05-29,E013_PIN_FLY,MAKER,sell_atm_pe,exit,BUY,True,False,39.8275,39.8275,42.7775,42.7775,69,True,221.25
2025-05-29,E013_PIN_FLY,MAKER,buy_wing_ce,exit,SELL,True,False,6.9804,6.9804,4.0304,4.0304,69,True,221.25
2025-06-04,E013_PIN_FLY,MAKER,sell_atm_ce,entry,SELL,True,False,127.4676,127.4676,127.4676,124.5176,41,False,0.0
2025-06-04,E013_PIN_FLY,MAKER,sell_atm_pe,entry,SELL,True,False,134.5176,134.5176,134.5176,131.5676,40,False,0.0
2025-06-04,E013_PIN_FLY,MAKER,buy_wing_ce,entry,BUY,True,False,64.7543,64.7543,64.7543,67.7043,40,False,0.0
2025-06-04,E013_PIN_FLY,MAKER,buy_wing_pe,entry,BUY,True,False,68.5854,68.5854,71.5354,71.5354,41,True,221.25
2025-06-04,E013_PIN_FLY,MAKER,buy_wing_ce,exit,SELL,False,True,0.05,0.05,0.05,0.05,71,False,0.0
2025-06-04,E013_PIN_FLY,MAKER,buy_wing_pe,exit,SELL,False,True,0.05,0.05,0.05,0.05,71,False,0.0
2025-06-04,E013_PIN_FLY,MAKER,sell_atm_ce,exit,BUY,True,False,59.1433,59.1433,62.0933,62.0933,69,True,221.25
2025-06-04,E013_PIN_FLY,MAKER,sell_atm_pe,exit,BUY,True,False,30.2433,30.2433,33.1933,33.1933,69,True,221.25
2025-06-11,E013_PIN_FLY,MAKER,sell_atm_ce,entry,SELL,True,False,111.4564,111.4564,108.5064,108.5064,40,True,221.25
2025-06-11,E013_PIN_FLY,MAKER,sell_atm_pe,entry,SELL,True,False,116.5064,116.5064,116.5064,113.5564,40,False,0.0
2025-06-11,E013_PIN_FLY,MAKER,buy_wing_ce,entry,BUY,True,False,50.4136,50.4136,50.4136,53.3636,40,False,0.0
2025-06-11,E013_PIN_FLY,MAKER,buy_wing_pe,entry,BUY,True,False,52.8362,52.8362,55.7862,55.7862,41,True,221.25
2025-06-11,E013_PIN_FLY,MAKER,buy_wing_ce,exit,SELL,False,True,0.05,0.05,0.05,0.05,71,False,0.0
2025-06-11,E013_PIN_FLY,MAKER,buy_wing_pe,exit,SELL,False,True,0.05,0.05,0.05,0.05,71,False,0.0
2025-06-11,E013_PIN_FLY,MAKER,sell_atm_ce,exit,BUY,True,False,15.8095,15.8095,18.7595,18.7595,69,True,221.25
2025-06-11,E013_PIN_FLY,MAKER,sell_atm_pe,exit,BUY,True,False,70.9095,70.9095,73.8595,73.8595,69,True,221.25
2025-06-19,E013_PIN_FLY,MAKER,sell_atm_pe,entry,SELL,True,False,73.8245,73.8245,73.8245,70.8745,40,False,0.0
2025-06-19,E013_PIN_FLY,MAKER,buy_wing_ce,entry,BUY,True,False,21.7285,21.7285,21.7285,24.6785,40,False,0.0
2025-06-19,E013_PIN_FLY,MAKER,buy_wing_pe,entry,BUY,True,False,19.763,19.763,19.763,22.713,45,False,0.0
2025-06-25,E013_PIN_FLY,MAKER,sell_atm_ce,entry,SELL,True,False,130.1698,130.1698,130.1698,127.2198,40,False,0.0
2025-06-25,E013_PIN_FLY,MAKER,sell_atm_pe,entry,SELL,True,False,123.5198,123.5198,120.5698,120.5698,40,True,221.25
2025-06-25,E013_PIN_FLY,MAKER,buy_wing_ce,entry,BUY,True,False,65.4,65.4,68.35,68.35,41,True,221.25
2025-06-25,E013_PIN_FLY,MAKER,buy_wing_pe,entry,BUY,True,False,60.5238,60.5238,60.5238,63.4738,40,False,0.0
2025-06-25,E013_PIN_FLY,MAKER,buy_wing_ce,exit,SELL,False,True,0.05,0.05,0.05,0.05,71,False,0.0
2025-06-25,E013_PIN_FLY,MAKER,buy_wing_pe,exit,SELL,False,True,0.05,0.05,0.05,0.05,71,False,0.0
2025-06-25,E013_PIN_FLY,MAKER,sell_atm_ce,exit,BUY,True,False,62.0154,62.0154,64.9654,64.9654,69,True,221.25
2025-06-25,E013_PIN_FLY,MAKER,sell_atm_pe,exit,BUY,True,False,26.2154,26.2154,29.1654,29.1654,69,True,221.25
2025-07-09,E013_PIN_FLY,MAKER,sell_atm_ce,entry,SELL,True,False,102.3927,102.3927,102.3927,99.4427,40,False,0.0
2025-07-09,E013_PIN_FLY,MAKER,sell_atm_pe,entry,SELL,True,False,115.5427,115.5427,115.5427,112.5927,42,False,0.0
2025-07-09,E013_PIN_FLY,MAKER,buy_wing_ce,entry,BUY,True,False,43.7688,43.7688,46.7188,46.7188,41,True,221.25
2025-07-09,E013_PIN_FLY,MAKER,buy_wing_pe,entry,BUY,True,False,50.8237,50.8237,50.8237,53.7737,40,False,0.0
2025-07-09,E013_PIN_FLY,MAKER,buy_wing_ce,exit,SELL,False,True,0.05,0.05,0.05,0.05,71,False,0.0
2025-07-09,E013_PIN_FLY,MAKER,buy_wing_pe,exit,SELL,False,True,0.05,0.05,0.05,0.05,71,False,0.0
2025-07-09,E013_PIN_FLY,MAKER,sell_atm_ce,exit,BUY,True,False,6.9956,6.9956,9.9456,9.9456,69,True,221.25
2025-07-09,E013_PIN_FLY,MAKER,sell_atm_pe,exit,BUY,True,False,95.1956,95.1956,98.1456,98.1456,69,True,221.25
2025-07-23,E013_PIN_FLY,MAKER,sell_atm_ce,entry,SELL,True,False,86.7194,86.7194,86.7194,83.7694,40,False,0.0
2025-07-23,E013_PIN_FLY,MAKER,buy_wing_ce,entry,BUY,True,False,26.3024,26.3024,26.3024,29.2524,42,False,0.0
2025-07-23,E013_PIN_FLY,MAKER,buy_wing_pe,entry,BUY,True,False,18.3746,18.3746,18.3746,21.3246,40,False,0.0
2025-08-07,E013_PIN_FLY,MAKER,sell_atm_ce,entry,SELL,True,False,107.315,107.315,107.315,104.365,40,False,0.0
2025-08-07,E013_PIN_FLY,MAKER,sell_atm_pe,entry,SELL,True,False,125.365,125.365,122.415,122.415,41,True,221.25
2025-08-07,E013_PIN_FLY,MAKER,buy_wing_ce,entry,BUY,True,False,48.5448,48.5448,51.4948,51.4948,41,True,221.25
2025-08-07,E013_PIN_FLY,MAKER,buy_wing_pe,entry,BUY,True,False,58.7975,58.7975,58.7975,61.7475,40,False,0.0
2025-08-07,E013_PIN_FLY,MAKER,buy_wing_pe,exit,SELL,False,True,0.05,0.05,0.05,0.05,71,False,0.0
2025-08-07,E013_PIN_FLY,MAKER,sell_atm_ce,exit,BUY,True,False,100.8991,100.8991,100.8991,103.8491,69,False,0.0
2025-08-07,E013_PIN_FLY,MAKER,sell_atm_pe,exit,BUY,True,False,13.7991,13.7991,16.7491,16.7491,69,True,221.25
2025-08-07,E013_PIN_FLY,MAKER,buy_wing_ce,exit,SELL,True,False,23.1059,23.1059,20.1559,20.1559,69,True,221.25
2025-08-13,E013_PIN_FLY,MAKER,sell_atm_ce,entry,SELL,True,False,109.2076,109.2076,106.2576,106.2576,41,True,221.25
2025-08-13,E013_PIN_FLY,MAKER,sell_atm_pe,entry,SELL,True,False,95.1576,95.1576,95.1576,92.2076,40,False,0.0
2025-08-13,E013_PIN_FLY,MAKER,buy_wing_ce,entry,BUY,True,False,45.6956,45.6956,45.6956,48.6456,40,False,0.0
2025-08-13,E013_PIN_FLY,MAKER,buy_wing_pe,entry,BUY,True,False,37.426,37.426,40.376,40.376,41,True,221.25
2025-08-13,E013_PIN_FLY,MAKER,buy_wing_ce,exit,SELL,False,True,0.05,0.05,0.05,0.05,71,False,0.0
2025-08-13,E013_PIN_FLY,MAKER,buy_wing_pe,exit,SELL,False,True,0.05,0.05,0.05,0.05,71,False,0.0
2025-08-13,E013_PIN_FLY,MAKER,sell_atm_ce,exit,BUY,True,False,59.7192,59.7192,62.6692,62.6692,69,True,221.25
2025-08-13,E013_PIN_FLY,MAKER,sell_atm_pe,exit,BUY,True,False,15.5192,15.5192,18.4692,18.4692,69,True,221.25
2025-08-14,E013_PIN_FLY,MAKER,sell_atm_ce,entry,SELL,True,False,109.8218,109.8218,109.8218,106.8718,40,False,0.0
2025-08-14,E013_PIN_FLY,MAKER,sell_atm_pe,entry,SELL,True,False,111.8718,111.8718,108.9218,108.9218,40,True,221.25
2025-08-14,E013_PIN_FLY,MAKER,buy_wing_ce,entry,BUY,True,False,48.6038,48.6038,51.5538,51.5538,40,True,221.25
2025-08-14,E013_PIN_FLY,MAKER,buy_wing_pe,entry,BUY,True,False,49.2286,49.2286,49.2286,52.1786,40,False,0.0
2025-08-14,E013_PIN_FLY,MAKER,buy_wing_ce,exit,SELL,False,True,0.05,0.05,0.05,0.05,71,False,0.0
2025-08-14,E013_PIN_FLY,MAKER,buy_wing_pe,exit,SELL,False,True,0.05,0.05,0.05,0.05,71,False,0.0
2025-08-14,E013_PIN_FLY,MAKER,sell_atm_ce,exit,BUY,True,False,41.4129,41.4129,44.3629,44.3629,69,True,221.25
2025-08-14,E013_PIN_FLY,MAKER,sell_atm_pe,exit,BUY,True,False,43.9629,43.9629,46.9129,46.9129,69,True,221.25
2025-08-20,E013_PIN_FLY,MAKER,sell_atm_ce,entry,SELL,True,False,82.5796,82.5796,82.5796,79.6296,40,False,0.0
2025-08-20,E013_PIN_FLY,MAKER,buy_wing_ce,entry,BUY,True,False,27.3277,27.3277,27.3277,30.2777,42,False,0.0
2025-08-20,E013_PIN_FLY,MAKER,buy_wing_pe,entry,BUY,True,False,31.4123,31.4123,31.4123,34.3623,40,False,0.0
2025-08-21,E013_PIN_FLY,MAKER,sell_atm_ce,entry,SELL,True,False,114.3766,114.3766,114.3766,111.4266,40,False,0.0
2025-08-21,E013_PIN_FLY,MAKER,buy_wing_ce,entry,BUY,True,False,50.2775,50.2775,50.2775,53.2275,43,False,0.0
2025-08-21,E013_PIN_FLY,MAKER,buy_wing_pe,entry,BUY,True,False,41.9247,41.9247,41.9247,44.8747,40,False,0.0
2025-09-08,E013_PIN_FLY,MAKER,sell_atm_ce,entry,SELL,True,False,152.7078,152.7078,152.7078,149.7578,40,False,0.0
2025-09-08,E013_PIN_FLY,MAKER,buy_wing_ce,entry,BUY,True,False,88.9747,88.9747,88.9747,91.9247,43,False,0.0
2025-09-08,E013_PIN_FLY,MAKER,buy_wing_pe,entry,BUY,True,False,101.2268,101.2268,101.2268,104.1768,40,False,0.0
2025-09-09,E013_PIN_FLY,MAKER,sell_atm_ce,entry,SELL,True,False,52.5011,52.5011,49.5511,49.5511,40,True,221.25
2025-09-09,E013_PIN_FLY,MAKER,sell_atm_pe,entry,SELL,True,False,49.2011,49.2011,49.2011,46.2511,40,False,0.0
2025-09-09,E013_PIN_FLY,MAKER,buy_wing_ce,entry,BUY,True,False,5.7834,5.7834,8.7334,8.7334,44,True,221.25
2025-09-09,E013_PIN_FLY,MAKER,buy_wing_pe,entry,BUY,True,False,4.8957,4.8957,4.8957,7.8457,42,False,0.0
2025-09-09,E013_PIN_FLY,MAKER,buy_wing_ce,exit,SELL,False,True,0.05,0.05,0.05,0.05,71,False,0.0
2025-09-09,E013_PIN_FLY,MAKER,buy_wing_pe,exit,SELL,False,True,0.05,0.05,0.05,0.05,71,False,0.0
2025-09-09,E013_PIN_FLY,MAKER,sell_atm_ce,exit,BUY,True,False,23.9578,23.9578,26.9078,26.9078,69,True,221.25
2025-09-09,E013_PIN_FLY,MAKER,sell_atm_pe,exit,BUY,True,False,13.8078,13.8078,13.8078,16.7578,69,False,0.0
2025-09-15,E013_PIN_FLY,MAKER,sell_atm_pe,entry,SELL,True,False,145.8651,145.8651,145.8651,142.9151,40,False,0.0
2025-09-15,E013_PIN_FLY,MAKER,buy_wing_ce,entry,BUY,True,False,88.8127,88.8127,88.8127,91.7627,40,False,0.0
2025-09-15,E013_PIN_FLY,MAKER,buy_wing_pe,entry,BUY,True,False,80.9618,80.9618,80.9618,83.9118,43,False,0.0
2025-09-16,E013_PIN_FLY,MAKER,sell_atm_ce,entry,SELL,True,False,106.1992,106.1992,106.1992,103.2492,40,False,0.0
2025-09-16,E013_PIN_FLY,MAKER,buy_wing_ce,entry,BUY,True,False,45.7309,45.7309,45.7309,48.6809,41,False,0.0
2025-09-16,E013_PIN_FLY,MAKER,buy_wing_pe,entry,BUY,True,False,47.3435,47.3435,47.3435,50.2935,40,False,0.0
2025-09-22,E013_PIN_FLY,MAKER,sell_atm_ce,entry,SELL,True,False,135.0055,135.0055,135.0055,132.0555,40,False,0.0
2025-09-22,E013_PIN_FLY,MAKER,buy_wing_ce,entry,BUY,True,False,71.6453,71.6453,71.6453,74.5953,43,False,0.0
2025-09-22,E013_PIN_FLY,MAKER,buy_wing_pe,entry,BUY,True,False,76.2786,76.2786,76.2786,79.2286,40,False,0.0
2025-10-13,E013_PIN_FLY,MAKER,sell_atm_ce,entry,SELL,True,False,98.0566,98.0566,98.0566,95.1066,40,False,0.0
2025-10-13,E013_PIN_FLY,MAKER,buy_wing_ce,entry,BUY,True,False,40.6934,40.6934,40.6934,43.6434,42,False,0.0
2025-10-13,E013_PIN_FLY,MAKER,buy_wing_pe,entry,BUY,True,False,49.9486,49.9486,49.9486,52.8986,40,False,0.0
2025-11-03,E013_PIN_FLY,MAKER,sell_atm_ce,entry,SELL,True,False,109.992,109.992,107.042,107.042,40,True,221.25
2025-11-03,E013_PIN_FLY,MAKER,sell_atm_pe,entry,SELL,True,False,96.992,96.992,96.992,94.042,40,False,0.0
2025-11-03,E013_PIN_FLY,MAKER,buy_wing_ce,entry,BUY,True,False,46.532,46.532,46.532,49.482,40,False,0.0
2025-11-03,E013_PIN_FLY,MAKER,buy_wing_pe,entry,BUY,True,False,38.7877,38.7877,41.7377,41.7377,40,True,221.25
2025-11-03,E013_PIN_FLY,MAKER,buy_wing_ce,exit,SELL,False,True,0.05,0.05,0.05,0.05,71,False,0.0
2025-11-03,E013_PIN_FLY,MAKER,buy_wing_pe,exit,SELL,False,True,0.05,0.05,0.05,0.05,71,False,0.0
2025-11-03,E013_PIN_FLY,MAKER,sell_atm_ce,exit,BUY,True,False,69.2918,69.2918,69.2918,72.2418,69,False,0.0
2025-11-03,E013_PIN_FLY,MAKER,sell_atm_pe,exit,BUY,True,False,10.2918,10.2918,13.2418,13.2418,69,True,221.25
2025-11-04,E013_PIN_FLY,MAKER,sell_atm_ce,entry,SELL,True,False,177.4375,177.4375,174.4875,174.4875,40,True,221.25
2025-11-04,E013_PIN_FLY,MAKER,sell_atm_pe,entry,SELL,True,False,155.0875,155.0875,155.0875,152.1375,40,False,0.0
2025-11-04,E013_PIN_FLY,MAKER,buy_wing_ce,entry,BUY,True,False,107.5712,107.5712,107.5712,110.5212,40,False,0.0
2025-11-04,E013_PIN_FLY,MAKER,buy_wing_pe,entry,BUY,True,False,90.6629,90.6629,93.6129,93.6129,40,True,221.25
2025-11-04,E013_PIN_FLY,MAKER,buy_wing_ce,exit,SELL,False,True,0.1271,0.1271,0.1271,0.1271,71,False,0.0
2025-11-04,E013_PIN_FLY,MAKER,buy_wing_pe,exit,SELL,False,True,9.6227,9.6227,9.6227,9.6227,71,False,0.0
2025-11-04,E013_PIN_FLY,MAKER,sell_atm_ce,exit,BUY,True,False,45.6764,45.6764,48.6264,48.6264,69,True,221.25
2025-11-04,E013_PIN_FLY,MAKER,sell_atm_pe,exit,BUY,True,False,88.3764,88.3764,91.3264,91.3264,69,True,221.25
2025-11-10,E013_PIN_FLY,MAKER,sell_atm_ce,entry,SELL,True,False,137.1324,137.1324,134.1824,134.1824,40,True,221.25
2025-11-10,E013_PIN_FLY,MAKER,sell_atm_pe,entry,SELL,True,False,153.6324,153.6324,153.6324,150.6824,40,False,0.0
2025-11-10,E013_PIN_FLY,MAKER,buy_wing_ce,entry,BUY,True,False,74.5354,74.5354,77.4854,77.4854,42,True,221.25
2025-11-10,E013_PIN_FLY,MAKER,buy_wing_pe,entry,BUY,True,False,84.9415,84.9415,87.8915,87.8915,40,True,221.25
2025-11-10,E013_PIN_FLY,MAKER,buy_wing_ce,exit,SELL,False,True,0.05,0.05,0.05,0.05,71,False,0.0
2025-11-10,E013_PIN_FLY,MAKER,buy_wing_pe,exit,SELL,False,True,0.05,0.05,0.05,0.05,71,False,0.0
2025-11-10,E013_PIN_FLY,MAKER,sell_atm_ce,exit,BUY,True,False,26.5963,26.5963,29.5463,29.5463,69,True,221.25
2025-11-10,E013_PIN_FLY,MAKER,sell_atm_pe,exit,BUY,True,False,70.6963,70.6963,70.6963,73.6463,69,False,0.0
2025-11-17,E013_PIN_FLY,MAKER,sell_atm_ce,entry,SELL,True,False,177.6598,177.6598,177.6598,174.7098,40,False,0.0
2025-11-17,E013_PIN_FLY,MAKER,buy_wing_ce,entry,BUY,True,False,112.5597,112.5597,112.5597,115.5097,42,False,0.0
2025-11-17,E013_PIN_FLY,MAKER,buy_wing_pe,entry,BUY,True,False,128.433,128.433,128.433,131.383,40,False,0.0
2025-11-18,E013_PIN_FLY,MAKER,sell_atm_pe,entry,SELL,True,False,89.4222,89.4222,89.4222,86.4722,40,False,0.0
2025-11-18,E013_PIN_FLY,MAKER,buy_wing_ce,entry,BUY,True,False,30.6814,30.6814,30.6814,33.6314,40,False,0.0
2025-11-18,E013_PIN_FLY,MAKER,buy_wing_pe,entry,BUY,True,False,30.7752,30.7752,30.7752,33.7252,43,False,0.0
2025-11-24,E013_PIN_FLY,MAKER,sell_atm_ce,entry,SELL,True,False,105.0163,105.0163,105.0163,102.0663,40,False,0.0
2025-11-24,E013_PIN_FLY,MAKER,sell_atm_pe,entry,SELL,True,False,126.6163,126.6163,126.6163,123.6663,40,False,0.0
2025-11-24,E013_PIN_FLY,MAKER,buy_wing_ce,entry,BUY,True,False,47.0167,47.0167,47.0167,49.9667,41,False,0.0
2025-11-24,E013_PIN_FLY,MAKER,buy_wing_pe,entry,BUY,True,False,59.4091,59.4091,62.3591,62.3591,40,True,221.25
2025-11-24,E013_PIN_FLY,MAKER,buy_wing_ce,exit,SELL,False,True,0.05,0.05,0.05,0.05,71,False,0.0
2025-11-24,E013_PIN_FLY,MAKER,sell_atm_ce,exit,BUY,True,False,12.8981,12.8981,15.8481,15.8481,69,True,221.25
2025-11-24,E013_PIN_FLY,MAKER,sell_atm_pe,exit,BUY,True,False,73.8481,73.8481,73.8481,76.7981,69,False,0.0
2025-11-24,E013_PIN_FLY,MAKER,buy_wing_pe,exit,SELL,True,False,9.7992,9.7992,9.7992,6.8492,69,False,0.0
2025-12-02,E013_PIN_FLY,MAKER,sell_atm_ce,entry,SELL,True,False,174.9753,174.9753,174.9753,172.0253,40,False,0.0
2025-12-02,E013_PIN_FLY,MAKER,sell_atm_pe,entry,SELL,True,False,151.2253,151.2253,148.2753,148.2753,40,True,221.25
2025-12-02,E013_PIN_FLY,MAKER,buy_wing_ce,entry,BUY,True,False,105.0362,105.0362,107.9862,107.9862,41,True,221.25
2025-12-02,E013_PIN_FLY,MAKER,buy_wing_pe,entry,BUY,True,False,87.2858,87.2858,87.2858,90.2358,40,False,0.0
2025-12-02,E013_PIN_FLY,MAKER,buy_wing_ce,exit,SELL,False,True,1.7801,1.7801,1.7801,1.7801,71,False,0.0
2025-12-02,E013_PIN_FLY,MAKER,buy_wing_pe,exit,SELL,False,True,3.943,3.943,3.943,3.943,71,False,0.0
2025-12-02,E013_PIN_FLY,MAKER,sell_atm_ce,exit,BUY,True,False,45.1499,45.1499,48.0999,48.0999,69,True,221.25
2025-12-02,E013_PIN_FLY,MAKER,sell_atm_pe,exit,BUY,True,False,86.0499,86.0499,88.9999,88.9999,69,True,221.25
2025-12-08,E013_PIN_FLY,MAKER,sell_atm_ce,entry,SELL,True,False,213.5249,213.5249,213.5249,210.5749,40,False,0.0
2025-12-08,E013_PIN_FLY,MAKER,sell_atm_pe,entry,SELL,True,False,198.0749,198.0749,198.0749,195.1249,40,False,0.0
2025-12-08,E013_PIN_FLY,MAKER,buy_wing_ce,entry,BUY,True,False,143.1134,143.1134,146.0634,146.0634,41,True,221.25
2025-12-08,E013_PIN_FLY,MAKER,buy_wing_pe,entry,BUY,True,False,130.0951,130.0951,133.0451,133.0451,40,True,221.25
2025-12-08,E013_PIN_FLY,MAKER,buy_wing_ce,exit,SELL,False,True,0.05,0.05,0.05,0.05,71,False,0.0
2025-12-08,E013_PIN_FLY,MAKER,buy_wing_pe,exit,SELL,False,True,0.05,0.05,0.05,0.05,71,False,0.0
2025-12-08,E013_PIN_FLY,MAKER,sell_atm_ce,exit,BUY,True,False,39.1364,39.1364,42.0864,42.0864,69,True,221.25
2025-12-08,E013_PIN_FLY,MAKER,sell_atm_pe,exit,BUY,True,False,99.5364,99.5364,102.4864,102.4864,69,True,221.25
2025-12-15,E013_PIN_FLY,MAKER,sell_atm_ce,entry,SELL,True,False,172.6068,172.6068,172.6068,169.6568,40,False,0.0
2025-12-15,E013_PIN_FLY,MAKER,sell_atm_pe,entry,SELL,True,False,196.7568,196.7568,193.8068,193.8068,40,True,221.25
2025-12-15,E013_PIN_FLY,MAKER,buy_wing_ce,entry,BUY,True,False,107.9767,107.9767,110.9267,110.9267,40,True,221.25
2025-12-15,E013_PIN_FLY,MAKER,buy_wing_pe,entry,BUY,True,False,124.9405,124.9405,124.9405,127.8905,40,False,0.0
2025-12-15,E013_PIN_FLY,MAKER,buy_wing_ce,exit,SELL,False,True,0.05,0.05,0.05,0.05,71,False,0.0
2025-12-15,E013_PIN_FLY,MAKER,buy_wing_pe,exit,SELL,False,True,0.05,0.05,0.05,0.05,71,False,0.0
2025-12-15,E013_PIN_FLY,MAKER,sell_atm_ce,exit,BUY,True,False,51.6837,51.6837,54.6337,54.6337,69,True,221.25
2025-12-15,E013_PIN_FLY,MAKER,sell_atm_pe,exit,BUY,True,False,65.1837,65.1837,68.1337,68.1337,69,True,221.25
2025-12-16,E013_PIN_FLY,MAKER,sell_atm_pe,entry,SELL,True,False,129.2685,129.2685,129.2685,126.3185,40,False,0.0
2025-12-16,E013_PIN_FLY,MAKER,buy_wing_ce,entry,BUY,True,False,70.0292,70.0292,70.0292,72.9792,40,False,0.0
2025-12-16,E013_PIN_FLY,MAKER,buy_wing_pe,entry,BUY,True,False,65.529,65.529,65.529,68.479,43,False,0.0
2025-12-22,E013_PIN_FLY,MAKER,sell_atm_ce,entry,SELL,True,False,171.1369,171.1369,171.1369,168.1869,40,False,0.0
2025-12-22,E013_PIN_FLY,MAKER,sell_atm_pe,entry,SELL,True,False,183.8369,183.8369,183.8369,180.8869,41,False,0.0
2025-12-22,E013_PIN_FLY,MAKER,buy_wing_ce,entry,BUY,True,False,105.4726,105.4726,108.4226,108.4226,41,True,221.25
2025-12-22,E013_PIN_FLY,MAKER,buy_wing_pe,entry,BUY,True,False,113.8398,113.8398,113.8398,116.7898,40,False,0.0
2025-12-22,E013_PIN_FLY,MAKER,buy_wing_ce,exit,SELL,False,True,0.05,0.05,0.05,0.05,71,False,0.0
2025-12-22,E013_PIN_FLY,MAKER,buy_wing_pe,exit,SELL,False,True,0.05,0.05,0.05,0.05,71,False,0.0
2025-12-22,E013_PIN_FLY,MAKER,sell_atm_ce,exit,BUY,True,False,62.5209,62.5209,65.4709,65.4709,69,True,221.25
2025-12-22,E013_PIN_FLY,MAKER,sell_atm_pe,exit,BUY,True,False,49.7709,49.7709,52.7209,52.7209,69,True,221.25
2025-12-23,E013_PIN_FLY,MAKER,sell_atm_ce,entry,SELL,True,False,132.475,132.475,132.475,129.525,40,False,0.0
2025-12-23,E013_PIN_FLY,MAKER,buy_wing_ce,entry,BUY,True,False,66.021,66.021,66.021,68.971,44,False,0.0
2025-12-23,E013_PIN_FLY,MAKER,buy_wing_pe,entry,BUY,True,False,54.716,54.716,54.716,57.666,40,False,0.0
2025-12-29,E013_PIN_FLY,MAKER,sell_atm_ce,entry,SELL,True,False,145.2815,145.2815,145.2815,142.3315,40,False,0.0
2025-12-29,E013_PIN_FLY,MAKER,buy_wing_ce,entry,BUY,True,False,78.816,78.816,78.816,81.766,41,False,0.0
2025-12-29,E013_PIN_FLY,MAKER,buy_wing_pe,entry,BUY,True,False,71.5848,71.5848,71.5848,74.5348,40,False,0.0
2025-12-30,E013_PIN_FLY,MAKER,sell_atm_ce,entry,SELL,True,False,102.8195,102.8195,102.8195,99.8695,40,False,0.0
2025-12-30,E013_PIN_FLY,MAKER,sell_atm_pe,entry,SELL,True,False,109.2195,109.2195,109.2195,106.2695,40,False,0.0
2025-12-30,E013_PIN_FLY,MAKER,buy_wing_ce,entry,BUY,True,False,43.2282,43.2282,46.1782,46.1782,42,True,191.75
2025-12-30,E013_PIN_FLY,MAKER,buy_wing_pe,entry,BUY,True,False,46.3435,46.3435,49.2935,49.2935,40,True,191.75
2025-12-30,E013_PIN_FLY,MAKER,buy_wing_ce,exit,SELL,False,True,0.4914,0.4914,0.4914,0.4914,71,False,0.0
2025-12-30,E013_PIN_FLY,MAKER,buy_wing_pe,exit,SELL,False,True,0.05,0.05,0.05,0.05,71,False,0.0
2025-12-30,E013_PIN_FLY,MAKER,sell_atm_ce,exit,BUY,True,False,62.5763,62.5763,65.5263,65.5263,69,True,191.75
2025-12-30,E013_PIN_FLY,MAKER,sell_atm_pe,exit,BUY,True,False,24.3763,24.3763,27.3263,27.3263,69,True,191.75
2026-01-05,E013_PIN_FLY,MAKER,sell_atm_ce,entry,SELL,True,False,189.9797,189.9797,189.9797,187.0297,40,False,0.0
2026-01-05,E013_PIN_FLY,MAKER,buy_wing_ce,entry,BUY,True,False,123.6469,123.6469,123.6469,126.5969,41,False,0.0
2026-01-05,E013_PIN_FLY,MAKER,buy_wing_pe,entry,BUY,True,False,135.4414,135.4414,135.4414,138.3914,40,False,0.0
2026-01-12,E013_PIN_FLY,MAKER,sell_atm_ce,entry,SELL,True,False,186.6741,186.6741,183.7241,183.7241,40,True,191.75
2026-01-12,E013_PIN_FLY,MAKER,sell_atm_pe,entry,SELL,True,False,189.7241,189.7241,189.7241,186.7741,40,False,0.0
2026-01-12,E013_PIN_FLY,MAKER,buy_wing_ce,entry,BUY,True,False,119.1801,119.1801,119.1801,122.1301,40,False,0.0
2026-01-12,E013_PIN_FLY,MAKER,buy_wing_pe,entry,BUY,True,False,120.428,120.428,123.378,123.378,40,True,191.75
2026-01-12,E013_PIN_FLY,MAKER,buy_wing_ce,exit,SELL,False,True,0.05,0.05,0.05,0.05,71,False,0.0
2026-01-12,E013_PIN_FLY,MAKER,buy_wing_pe,exit,SELL,False,True,0.05,0.05,0.05,0.05,71,False,0.0
2026-01-12,E013_PIN_FLY,MAKER,sell_atm_ce,exit,BUY,True,False,130.0245,130.0245,132.9745,132.9745,69,True,191.75
2026-01-12,E013_PIN_FLY,MAKER,sell_atm_pe,exit,BUY,True,False,19.5745,19.5745,22.5245,22.5245,69,True,191.75
2026-01-13,E013_PIN_FLY,MAKER,sell_atm_ce,entry,SELL,True,False,145.4778,145.4778,145.4778,142.5278,40,False,0.0
2026-01-13,E013_PIN_FLY,MAKER,sell_atm_pe,entry,SELL,True,False,136.6778,136.6778,133.7278,133.7278,41,True,191.75
2026-01-13,E013_PIN_FLY,MAKER,buy_wing_ce,entry,BUY,True,False,79.1235,79.1235,82.0735,82.0735,41,True,191.75
2026-01-13,E013_PIN_FLY,MAKER,buy_wing_pe,entry,BUY,True,False,72.5008,72.5008,72.5008,75.4508,40,False,0.0
2026-01-13,E013_PIN_FLY,MAKER,buy_wing_pe,exit,SELL,False,True,0.05,0.05,0.05,0.05,71,False,0.0
2026-01-13,E013_PIN_FLY,MAKER,sell_atm_ce,exit,BUY,True,False,58.918,58.918,58.918,61.868,69,False,0.0
2026-01-13,E013_PIN_FLY,MAKER,sell_atm_pe,exit,BUY,True,False,50.968,50.968,53.918,53.918,69,True,191.75
2026-01-13,E013_PIN_FLY,MAKER,buy_wing_ce,exit,SELL,True,False,13.1627,13.1627,10.2127,10.2127,69,True,191.75
2026-01-19,E013_PIN_FLY,MAKER,sell_atm_ce,entry,SELL,True,False,108.2359,108.2359,105.2859,105.2859,43,True,191.75
2026-01-19,E013_PIN_FLY,MAKER,sell_atm_pe,entry,SELL,True,False,132.4859,132.4859,132.4859,129.5359,40,False,0.0
2026-01-19,E013_PIN_FLY,MAKER,buy_wing_ce,entry,BUY,True,False,50.0563,50.0563,50.0563,53.0063,40,False,0.0
2026-01-19,E013_PIN_FLY,MAKER,buy_wing_pe,entry,BUY,True,False,64.3348,64.3348,67.2848,67.2848,41,True,191.75
2026-01-19,E013_PIN_FLY,MAKER,buy_wing_ce,exit,SELL,False,True,0.05,0.05,0.05,0.05,71,False,0.0
2026-01-19,E013_PIN_FLY,MAKER,buy_wing_pe,exit,SELL,False,True,0.05,0.05,0.05,0.05,71,False,0.0
2026-01-19,E013_PIN_FLY,MAKER,sell_atm_ce,exit,BUY,True,False,88.8783,88.8783,91.8283,91.8283,69,True,191.75
2026-01-19,E013_PIN_FLY,MAKER,sell_atm_pe,exit,BUY,True,False,9.9283,9.9283,12.8783,12.8783,69,True,191.75
2026-01-20,E013_PIN_FLY,MAKER,sell_atm_ce,entry,SELL,True,False,104.1518,104.1518,104.1518,101.2018,40,False,0.0
2026-01-20,E013_PIN_FLY,MAKER,sell_atm_pe,entry,SELL,True,False,127.0018,127.0018,124.0518,124.0518,40,True,191.75
2026-01-20,E013_PIN_FLY,MAKER,buy_wing_ce,entry,BUY,True,False,46.4478,46.4478,49.3978,49.3978,40,True,191.75
2026-01-20,E013_PIN_FLY,MAKER,buy_wing_pe,entry,BUY,True,False,59.5583,59.5583,59.5583,62.5083,40,False,0.0
2026-01-20,E013_PIN_FLY,MAKER,sell_atm_pe,exit,BUY,False,True,234.4758,234.4758,234.4758,234.4758,71,False,0.0
2026-01-20,E013_PIN_FLY,MAKER,buy_wing_ce,exit,SELL,False,True,0.05,0.05,0.05,0.05,71,False,0.0
2026-01-20,E013_PIN_FLY,MAKER,sell_atm_ce,exit,BUY,True,False,4.9218,4.9218,7.8718,7.8718,69,True,191.75
2026-01-20,E013_PIN_FLY,MAKER,buy_wing_pe,exit,SELL,True,False,41.4876,41.4876,38.5376,38.5376,69,True,191.75
2026-02-10,E013_PIN_FLY,MAKER,sell_atm_ce,entry,SELL,True,False,83.6486,83.6486,80.6986,80.6986,41,True,191.75
2026-02-10,E013_PIN_FLY,MAKER,sell_atm_pe,entry,SELL,True,False,77.5986,77.5986,77.5986,74.6486,40,False,0.0
2026-02-10,E013_PIN_FLY,MAKER,buy_wing_ce,entry,BUY,True,False,25.8561,25.8561,25.8561,28.8061,45,False,0.0
2026-02-10,E013_PIN_FLY,MAKER,buy_wing_pe,entry,BUY,True,False,22.7924,22.7924,25.7424,25.7424,41,True,191.75
2026-02-10,E013_PIN_FLY,MAKER,buy_wing_ce,exit,SELL,False,True,0.05,0.05,0.05,0.05,71,False,0.0
2026-02-10,E013_PIN_FLY,MAKER,buy_wing_pe,exit,SELL,False,True,0.05,0.05,0.05,0.05,71,False,0.0
2026-02-10,E013_PIN_FLY,MAKER,sell_atm_ce,exit,BUY,True,False,26.3698,26.3698,26.3698,29.3198,69,False,0.0
2026-02-10,E013_PIN_FLY,MAKER,sell_atm_pe,exit,BUY,True,False,34.9198,34.9198,37.8698,37.8698,69,True,191.75
2026-02-23,E013_PIN_FLY,MAKER,sell_atm_ce,entry,SELL,True,False,129.8181,129.8181,129.8181,126.8681,40,False,0.0
2026-02-23,E013_PIN_FLY,MAKER,buy_wing_ce,entry,BUY,True,False,65.325,65.325,65.325,68.275,43,False,0.0
2026-02-23,E013_PIN_FLY,MAKER,buy_wing_pe,entry,BUY,True,False,61.6205,61.6205,61.6205,64.5705,40,False,0.0
2026-03-09,E013_PIN_FLY,MAKER,sell_atm_ce,entry,SELL,True,False,207.1728,207.1728,207.1728,204.2228,40,False,0.0
2026-03-09,E013_PIN_FLY,MAKER,sell_atm_pe,entry,SELL,True,False,213.0228,213.0228,213.0228,210.0728,40,False,0.0
2026-03-09,E013_PIN_FLY,MAKER,buy_wing_ce,entry,BUY,True,False,139.0832,139.0832,142.0332,142.0332,40,True,191.75
2026-03-09,E013_PIN_FLY,MAKER,buy_wing_pe,entry,BUY,True,False,142.3533,142.3533,145.3033,145.3033,40,True,191.75
2026-03-09,E013_PIN_FLY,MAKER,buy_wing_pe,exit,SELL,False,True,0.05,0.05,0.05,0.05,71,False,0.0
2026-03-09,E013_PIN_FLY,MAKER,sell_atm_ce,exit,BUY,True,False,175.4609,175.4609,178.4109,178.4109,69,True,191.75
2026-03-09,E013_PIN_FLY,MAKER,sell_atm_pe,exit,BUY,True,False,14.4609,14.4609,17.4109,17.4109,69,True,191.75
2026-03-09,E013_PIN_FLY,MAKER,buy_wing_ce,exit,SELL,True,False,75.5321,75.5321,75.5321,72.5821,69,False,0.0
2026-03-10,E013_PIN_FLY,MAKER,sell_atm_ce,entry,SELL,True,False,167.3357,167.3357,167.3357,164.3857,40,False,0.0
2026-03-10,E013_PIN_FLY,MAKER,sell_atm_pe,entry,SELL,True,False,157.3357,157.3357,154.3857,154.3857,40,True,191.75
2026-03-10,E013_PIN_FLY,MAKER,buy_wing_ce,entry,BUY,True,False,99.4573,99.4573,99.4573,102.4073,41,False,0.0
2026-03-10,E013_PIN_FLY,MAKER,buy_wing_pe,entry,BUY,True,False,91.4268,91.4268,91.4268,94.3768,40,False,0.0
2026-03-10,E013_PIN_FLY,MAKER,buy_wing_ce,exit,SELL,False,True,24.354,24.354,24.354,24.354,71,False,0.0
2026-03-10,E013_PIN_FLY,MAKER,buy_wing_pe,exit,SELL,False,True,0.05,0.05,0.05,0.05,71,False,0.0
2026-03-10,E013_PIN_FLY,MAKER,sell_atm_ce,exit,BUY,True,False,133.9263,133.9263,133.9263,136.8763,69,False,0.0
2026-03-10,E013_PIN_FLY,MAKER,sell_atm_pe,exit,BUY,True,False,22.4763,22.4763,25.4263,25.4263,69,True,191.75
2026-03-30,E013_PIN_FLY,MAKER,sell_atm_ce,entry,SELL,True,False,213.9451,213.9451,213.9451,210.9951,40,False,0.0
2026-03-30,E013_PIN_FLY,MAKER,sell_atm_pe,entry,SELL,True,False,197.2951,197.2951,197.2951,194.3451,43,False,0.0
2026-03-30,E013_PIN_FLY,MAKER,buy_wing_ce,entry,BUY,True,False,143.4892,143.4892,146.4392,146.4392,43,True,191.75
2026-03-30,E013_PIN_FLY,MAKER,buy_wing_pe,entry,BUY,True,False,129.3769,129.3769,129.3769,132.3269,40,False,0.0
2026-03-30,E013_PIN_FLY,MAKER,buy_wing_ce,exit,SELL,False,True,0.05,0.05,0.05,0.05,71,False,0.0
2026-03-30,E013_PIN_FLY,MAKER,sell_atm_ce,exit,BUY,True,False,15.9015,15.9015,18.8515,18.8515,69,True,191.75
2026-03-30,E013_PIN_FLY,MAKER,sell_atm_pe,exit,BUY,True,False,165.9515,165.9515,168.9015,168.9015,69,True,191.75
2026-03-30,E013_PIN_FLY,MAKER,buy_wing_pe,exit,SELL,True,False,68.668,68.668,68.668,65.718,69,False,0.0
2026-04-06,E013_PIN_FLY,MAKER,sell_atm_ce,entry,SELL,True,False,258.7591,258.7591,258.7591,255.8091,40,False,0.0
2026-04-06,E013_PIN_FLY,MAKER,sell_atm_pe,entry,SELL,True,False,259.3591,259.3591,259.3591,256.4091,40,False,0.0
2026-04-06,E013_PIN_FLY,MAKER,buy_wing_ce,entry,BUY,True,False,188.6628,188.6628,191.6128,191.6128,40,True,191.75
2026-04-06,E013_PIN_FLY,MAKER,buy_wing_pe,entry,BUY,True,False,187.492,187.492,190.442,190.442,40,True,191.75
2026-04-06,E013_PIN_FLY,MAKER,buy_wing_pe,exit,SELL,False,True,0.05,0.05,0.05,0.05,71,False,0.0
2026-04-06,E013_PIN_FLY,MAKER,sell_atm_ce,exit,BUY,True,False,275.7664,275.7664,275.7664,278.7164,69,False,0.0
2026-04-06,E013_PIN_FLY,MAKER,sell_atm_pe,exit,BUY,True,False,8.6164,8.6164,11.5664,11.5664,69,True,191.75
2026-04-06,E013_PIN_FLY,MAKER,buy_wing_ce,exit,SELL,True,False,156.6031,156.6031,153.6531,153.6531,69,True,191.75
2026-04-20,E013_PIN_FLY,MAKER,sell_atm_ce,entry,SELL,True,False,189.152,189.152,189.152,186.202,40,False,0.0
2026-04-20,E013_PIN_FLY,MAKER,sell_atm_pe,entry,SELL,True,False,173.402,173.402,173.402,170.452,40,False,0.0
2026-04-20,E013_PIN_FLY,MAKER,buy_wing_ce,entry,BUY,True,False,119.5909,119.5909,122.5409,122.5409,40,True,191.75
2026-04-20,E013_PIN_FLY,MAKER,buy_wing_pe,entry,BUY,True,False,106.906,106.906,109.856,109.856,41,True,191.75
2026-04-20,E013_PIN_FLY,MAKER,buy_wing_ce,exit,SELL,False,True,0.05,0.05,0.05,0.05,71,False,0.0
2026-04-20,E013_PIN_FLY,MAKER,buy_wing_pe,exit,SELL,False,True,0.05,0.05,0.05,0.05,71,False,0.0
2026-04-20,E013_PIN_FLY,MAKER,sell_atm_ce,exit,BUY,True,False,38.3912,38.3912,41.3412,41.3412,69,True,191.75
2026-04-20,E013_PIN_FLY,MAKER,sell_atm_pe,exit,BUY,True,False,80.4912,80.4912,80.4912,83.4412,69,False,0.0
2026-04-27,E013_PIN_FLY,MAKER,sell_atm_ce,entry,SELL,True,False,159.4788,159.4788,159.4788,156.5288,40,False,0.0
2026-04-27,E013_PIN_FLY,MAKER,buy_wing_ce,entry,BUY,True,False,95.877,95.877,95.877,98.827,41,False,0.0
2026-04-27,E013_PIN_FLY,MAKER,buy_wing_pe,entry,BUY,True,False,112.9048,112.9048,112.9048,115.8548,40,False,0.0
2026-05-04,E013_PIN_FLY,MAKER,sell_atm_ce,entry,SELL,True,False,186.6791,186.6791,186.6791,183.7291,40,False,0.0
2026-05-04,E013_PIN_FLY,MAKER,sell_atm_pe,entry,SELL,True,False,178.0291,178.0291,175.0791,175.0791,41,True,191.75
2026-05-04,E013_PIN_FLY,MAKER,buy_wing_ce,entry,BUY,True,False,118.0018,118.0018,120.9518,120.9518,41,True,191.75
2026-05-04,E013_PIN_FLY,MAKER,buy_wing_pe,entry,BUY,True,False,110.5286,110.5286,110.5286,113.4786,40,False,0.0
2026-05-04,E013_PIN_FLY,MAKER,buy_wing_ce,exit,SELL,False,True,0.05,0.05,0.05,0.05,71,False,0.0
2026-05-04,E013_PIN_FLY,MAKER,buy_wing_pe,exit,SELL,False,True,0.05,0.05,0.05,0.05,71,False,0.0
2026-05-04,E013_PIN_FLY,MAKER,sell_atm_ce,exit,BUY,True,False,51.6672,51.6672,54.6172,54.6172,69,True,191.75
2026-05-04,E013_PIN_FLY,MAKER,sell_atm_pe,exit,BUY,True,False,62.4172,62.4172,65.3672,65.3672,69,True,191.75
2026-05-11,E013_PIN_FLY,MAKER,sell_atm_ce,entry,SELL,True,False,185.4635,185.4635,182.5135,182.5135,40,True,191.75
2026-05-11,E013_PIN_FLY,MAKER,sell_atm_pe,entry,SELL,True,False,160.7635,160.7635,160.7635,157.8135,40,False,0.0
2026-05-11,E013_PIN_FLY,MAKER,buy_wing_ce,entry,BUY,True,False,115.0339,115.0339,115.0339,117.9839,40,False,0.0
2026-05-11,E013_PIN_FLY,MAKER,buy_wing_pe,entry,BUY,True,False,96.0642,96.0642,99.0142,99.0142,40,True,191.75
2026-05-11,E013_PIN_FLY,MAKER,buy_wing_ce,exit,SELL,False,True,0.05,0.05,0.05,0.05,71,False,0.0
2026-05-11,E013_PIN_FLY,MAKER,sell_atm_ce,exit,BUY,True,False,43.1184,43.1184,46.0684,46.0684,69,True,191.75
2026-05-11,E013_PIN_FLY,MAKER,sell_atm_pe,exit,BUY,True,False,67.2184,67.2184,67.2184,70.1684,69,False,0.0
2026-05-11,E013_PIN_FLY,MAKER,buy_wing_pe,exit,SELL,True,False,15.372,15.372,15.372,12.422,69,False,0.0
2026-05-19,E013_PIN_FLY,MAKER,sell_atm_ce,entry,SELL,True,False,76.7804,76.7804,76.7804,73.8304,40,False,0.0
2026-05-19,E013_PIN_FLY,MAKER,sell_atm_pe,entry,SELL,True,False,89.6804,89.6804,89.6804,86.7304,40,False,0.0
2026-05-19,E013_PIN_FLY,MAKER,buy_wing_ce,entry,BUY,True,False,23.4938,23.4938,26.4438,26.4438,40,True,191.75
2026-05-19,E013_PIN_FLY,MAKER,buy_wing_pe,entry,BUY,True,False,29.0824,29.0824,32.0324,32.0324,40,True,191.75
2026-05-19,E013_PIN_FLY,MAKER,buy_wing_ce,exit,SELL,False,True,0.05,0.05,0.05,0.05,71,False,0.0
2026-05-19,E013_PIN_FLY,MAKER,sell_atm_ce,exit,BUY,True,False,3.728,3.728,6.678,6.678,69,True,191.75
2026-05-19,E013_PIN_FLY,MAKER,sell_atm_pe,exit,BUY,True,False,97.978,97.978,97.978,100.928,69,False,0.0
2026-05-19,E013_PIN_FLY,MAKER,buy_wing_pe,exit,SELL,True,False,13.6094,13.6094,13.6094,10.6594,69,False,0.0
2026-05-25,E013_PIN_FLY,MAKER,sell_atm_ce,entry,SELL,True,False,140.3769,140.3769,140.3769,137.4269,40,False,0.0
2026-05-25,E013_PIN_FLY,MAKER,sell_atm_pe,entry,SELL,True,False,129.0269,129.0269,129.0269,126.0769,42,False,0.0
2026-05-25,E013_PIN_FLY,MAKER,buy_wing_ce,entry,BUY,True,False,74.1069,74.1069,77.0569,77.0569,41,True,191.75
2026-05-25,E013_PIN_FLY,MAKER,buy_wing_pe,entry,BUY,True,False,65.939,65.939,68.889,68.889,40,True,191.75
2026-05-25,E013_PIN_FLY,MAKER,buy_wing_ce,exit,SELL,False,True,0.05,0.05,0.05,0.05,71,False,0.0
2026-05-25,E013_PIN_FLY,MAKER,buy_wing_pe,exit,SELL,False,True,0.05,0.05,0.05,0.05,71,False,0.0
2026-05-25,E013_PIN_FLY,MAKER,sell_atm_ce,exit,BUY,True,False,97.1107,97.1107,100.0607,100.0607,69,True,191.75
2026-05-25,E013_PIN_FLY,MAKER,sell_atm_pe,exit,BUY,True,False,12.1107,12.1107,15.0607,15.0607,69,True,191.75
2026-06-08,E013_PIN_FLY,MAKER,sell_atm_ce,entry,SELL,True,False,141.4337,141.4337,138.4837,138.4837,41,True,191.75
2026-06-08,E013_PIN_FLY,MAKER,sell_atm_pe,entry,SELL,True,False,119.5337,119.5337,119.5337,116.5837,40,False,0.0
2026-06-08,E013_PIN_FLY,MAKER,buy_wing_ce,entry,BUY,True,False,73.6339,73.6339,73.6339,76.5839,40,False,0.0
2026-06-08,E013_PIN_FLY,MAKER,buy_wing_pe,entry,BUY,True,False,58.8218,58.8218,61.7718,61.7718,41,True,191.75
2026-06-08,E013_PIN_FLY,MAKER,buy_wing_ce,exit,SELL,False,True,0.05,0.05,0.05,0.05,71,False,0.0
2026-06-08,E013_PIN_FLY,MAKER,sell_atm_ce,exit,BUY,True,False,30.7981,30.7981,33.7481,33.7481,69,True,191.75
2026-06-08,E013_PIN_FLY,MAKER,sell_atm_pe,exit,BUY,True,False,51.7981,51.7981,54.7481,54.7481,69,True,191.75
2026-06-08,E013_PIN_FLY,MAKER,buy_wing_pe,exit,SELL,True,False,6.9517,6.9517,6.9517,4.0017,69,False,0.0
2026-06-15,E013_PIN_FLY,MAKER,sell_atm_ce,entry,SELL,True,False,154.1651,154.1651,151.2151,151.2151,40,True,191.75
2026-06-15,E013_PIN_FLY,MAKER,sell_atm_pe,entry,SELL,True,False,147.4651,147.4651,144.5151,144.5151,41,True,191.75
2026-06-15,E013_PIN_FLY,MAKER,buy_wing_ce,entry,BUY,True,False,87.4868,87.4868,90.4368,90.4368,41,True,191.75
2026-06-15,E013_PIN_FLY,MAKER,buy_wing_pe,entry,BUY,True,False,82.008,82.008,84.958,84.958,40,True,191.75
2026-06-15,E013_PIN_FLY,MAKER,buy_wing_ce,exit,SELL,False,True,0.05,0.05,0.05,0.05,71,False,0.0
2026-06-15,E013_PIN_FLY,MAKER,sell_atm_ce,exit,BUY,True,False,44.867,44.867,47.817,47.817,69,True,191.75
2026-06-15,E013_PIN_FLY,MAKER,sell_atm_pe,exit,BUY,True,False,49.617,49.617,49.617,52.567,69,False,0.0
2026-06-15,E013_PIN_FLY,MAKER,buy_wing_pe,exit,SELL,True,False,8.3451,8.3451,8.3451,5.3951,69,False,0.0
2026-06-16,E013_PIN_FLY,MAKER,sell_atm_ce,entry,SELL,True,False,85.8747,85.8747,85.8747,82.9247,40,False,0.0
2026-06-16,E013_PIN_FLY,MAKER,buy_wing_ce,entry,BUY,True,False,24.5149,24.5149,24.5149,27.4649,41,False,0.0
2026-06-16,E013_PIN_FLY,MAKER,buy_wing_pe,entry,BUY,True,False,14.5997,14.5997,14.5997,17.5497,40,False,0.0
2026-06-22,E013_PIN_FLY,MAKER,sell_atm_pe,entry,SELL,True,False,95.5842,95.5842,95.5842,92.6342,40,False,0.0
2026-06-22,E013_PIN_FLY,MAKER,buy_wing_ce,entry,BUY,True,False,52.6889,52.6889,52.6889,55.6389,40,False,0.0
2026-06-22,E013_PIN_FLY,MAKER,buy_wing_pe,entry,BUY,True,False,38.8986,38.8986,38.8986,41.8486,42,False,0.0
2026-07-06,E013_PIN_FLY,MAKER,sell_atm_pe,entry,SELL,True,False,155.714,155.714,155.714,152.764,40,False,0.0
2026-07-06,E013_PIN_FLY,MAKER,buy_wing_ce,entry,BUY,True,False,90.3682,90.3682,90.3682,93.3182,40,False,0.0
2026-07-06,E013_PIN_FLY,MAKER,buy_wing_pe,entry,BUY,True,False,88.9287,88.9287,88.9287,91.8787,42,False,0.0
2026-07-20,E013_PIN_FLY,MAKER,sell_atm_ce,entry,SELL,True,False,131.8445,131.8445,131.8445,128.8945,40,False,0.0
2026-07-20,E013_PIN_FLY,MAKER,sell_atm_pe,entry,SELL,True,False,155.9945,155.9945,153.0445,153.0445,40,True,191.75
2026-07-20,E013_PIN_FLY,MAKER,buy_wing_ce,entry,BUY,True,False,70.6577,70.6577,73.6077,73.6077,40,True,191.75
2026-07-20,E013_PIN_FLY,MAKER,buy_wing_pe,entry,BUY,True,False,86.1297,86.1297,89.0797,89.0797,43,True,191.75
2026-07-20,E013_PIN_FLY,MAKER,buy_wing_ce,exit,SELL,False,True,0.05,0.05,0.05,0.05,71,False,0.0
2026-07-20,E013_PIN_FLY,MAKER,buy_wing_pe,exit,SELL,False,True,0.05,0.05,0.05,0.05,71,False,0.0
2026-07-20,E013_PIN_FLY,MAKER,sell_atm_ce,exit,BUY,True,False,61.8816,61.8816,64.8316,64.8316,69,True,191.75
2026-07-20,E013_PIN_FLY,MAKER,sell_atm_pe,exit,BUY,True,False,31.1816,31.1816,34.1316,34.1316,69,True,191.75
2026-07-27,E013_PIN_FLY,MAKER,sell_atm_pe,entry,SELL,True,False,104.595,104.595,104.595,101.645,40,False,0.0
2026-07-27,E013_PIN_FLY,MAKER,buy_wing_ce,entry,BUY,True,False,52.3539,52.3539,52.3539,55.3039,40,False,0.0
2026-07-27,E013_PIN_FLY,MAKER,buy_wing_pe,entry,BUY,True,False,44.8891,44.8891,44.8891,47.8391,42,False,0.0
2026-07-28,E013_PIN_FLY,MAKER,sell_atm_ce,entry,SELL,True,False,59.6681,59.6681,59.6681,56.7181,40,False,0.0
2026-07-28,E013_PIN_FLY,MAKER,sell_atm_pe,entry,SELL,True,False,42.4181,42.4181,42.4181,39.4681,40,False,0.0
2026-07-28,E013_PIN_FLY,MAKER,buy_wing_ce,entry,BUY,True,False,7.4512,7.4512,7.4512,10.4012,42,False,0.0
2026-08-03,E013_PIN_FLY,MAKER,sell_atm_pe,entry,SELL,True,False,158.2304,158.2304,158.2304,155.2804,40,False,0.0
2026-08-03,E013_PIN_FLY,MAKER,buy_wing_ce,entry,BUY,True,False,86.9257,86.9257,86.9257,89.8757,40,False,0.0
2026-08-03,E013_PIN_FLY,MAKER,buy_wing_pe,entry,BUY,True,False,90.4478,90.4478,90.4478,93.3978,41,False,0.0
2026-08-10,E013_PIN_FLY,MAKER,sell_atm_ce,entry,SELL,True,False,109.0377,109.0377,109.0377,106.0877,40,False,0.0
2026-08-10,E013_PIN_FLY,MAKER,sell_atm_pe,entry,SELL,True,False,99.6377,99.6377,96.6877,96.6877,40,True,191.75
2026-08-10,E013_PIN_FLY,MAKER,buy_wing_ce,entry,BUY,True,False,46.2706,46.2706,49.2206,49.2206,40,True,191.75
2026-08-10,E013_PIN_FLY,MAKER,buy_wing_pe,entry,BUY,True,False,40.4716,40.4716,40.4716,43.4216,40,False,0.0
2026-08-10,E013_PIN_FLY,MAKER,buy_wing_ce,exit,SELL,False,True,0.05,0.05,0.05,0.05,71,False,0.0
2026-08-10,E013_PIN_FLY,MAKER,buy_wing_pe,exit,SELL,False,True,0.05,0.05,0.05,0.05,71,False,0.0
2026-08-10,E013_PIN_FLY,MAKER,sell_atm_ce,exit,BUY,True,False,18.3802,18.3802,21.3302,21.3302,69,True,191.75
2026-08-10,E013_PIN_FLY,MAKER,sell_atm_pe,exit,BUY,True,False,50.5302,50.5302,50.5302,53.4802,69,False,0.0
2026-09-01,E013_PIN_FLY,MAKER,sell_atm_ce,entry,SELL,True,False,94.47,94.47,91.52,91.52,40,True,191.75
2026-09-01,E013_PIN_FLY,MAKER,sell_atm_pe,entry,SELL,True,False,84.62,84.62,84.62,81.67,40,False,0.0
2026-09-01,E013_PIN_FLY,MAKER,buy_wing_ce,entry,BUY,True,False,33.8925,33.8925,36.8425,36.8425,42,True,191.75
2026-09-01,E013_PIN_FLY,MAKER,buy_wing_pe,entry,BUY,True,False,28.5659,28.5659,28.5659,31.5159,41,False,0.0
2026-09-01,E013_PIN_FLY,MAKER,buy_wing_ce,exit,SELL,False,True,0.05,0.05,0.05,0.05,71,False,0.0
2026-09-01,E013_PIN_FLY,MAKER,buy_wing_pe,exit,SELL,False,True,8.8033,8.8033,8.8033,8.8033,71,False,0.0
2026-09-01,E013_PIN_FLY,MAKER,sell_atm_ce,exit,BUY,True,False,2.2068,2.2068,5.1568,5.1568,69,True,191.75
2026-09-01,E013_PIN_FLY,MAKER,sell_atm_pe,exit,BUY,True,False,121.7068,121.7068,121.7068,124.6568,69,False,0.0
2026-09-07,E013_PIN_FLY,MAKER,sell_atm_ce,entry,SELL,True,False,147.7977,147.7977,147.7977,144.8477,40,False,0.0
2026-09-07,E013_PIN_FLY,MAKER,sell_atm_pe,entry,SELL,True,False,135.6977,135.6977,135.6977,132.7477,40,False,0.0
2026-09-07,E013_PIN_FLY,MAKER,buy_wing_ce,entry,BUY,True,False,80.8805,80.8805,83.8305,83.8305,40,True,191.75
2026-09-07,E013_PIN_FLY,MAKER,buy_wing_pe,entry,BUY,True,False,71.9704,71.9704,74.9204,74.9204,40,True,191.75
2026-09-07,E013_PIN_FLY,MAKER,buy_wing_ce,exit,SELL,False,True,0.05,0.05,0.05,0.05,71,False,0.0
2026-09-07,E013_PIN_FLY,MAKER,buy_wing_pe,exit,SELL,False,True,0.05,0.05,0.05,0.05,71,False,0.0
2026-09-07,E013_PIN_FLY,MAKER,sell_atm_ce,exit,BUY,True,False,43.931,43.931,46.881,46.881,69,True,191.75
2026-09-07,E013_PIN_FLY,MAKER,sell_atm_pe,exit,BUY,True,False,44.531,44.531,47.481,47.481,69,True,191.75
2026-09-21,E013_PIN_FLY,MAKER,sell_atm_ce,entry,SELL,True,False,134.2846,134.2846,134.2846,131.3346,40,False,0.0
2026-09-21,E013_PIN_FLY,MAKER,sell_atm_pe,entry,SELL,True,False,119.3846,119.3846,119.3846,116.4346,40,False,0.0
2026-09-21,E013_PIN_FLY,MAKER,buy_wing_ce,entry,BUY,True,False,68.0304,68.0304,70.9804,70.9804,41,True,191.75
2026-09-21,E013_PIN_FLY,MAKER,buy_wing_pe,entry,BUY,True,False,57.8844,57.8844,60.8344,60.8344,41,True,191.75
2026-09-21,E013_PIN_FLY,MAKER,buy_wing_ce,exit,SELL,False,True,0.05,0.05,0.05,0.05,71,False,0.0
2026-09-21,E013_PIN_FLY,MAKER,buy_wing_pe,exit,SELL,False,True,0.05,0.05,0.05,0.05,71,False,0.0
2026-09-21,E013_PIN_FLY,MAKER,sell_atm_ce,exit,BUY,True,False,67.4611,67.4611,70.4111,70.4111,69,True,191.75
2026-09-21,E013_PIN_FLY,MAKER,sell_atm_pe,exit,BUY,True,False,19.9611,19.9611,22.9111,22.9111,69,True,191.75
2021-01-06,E013_PIN_FLY,HYBRID,sell_atm_ce,entry,SELL,True,False,69.0317,69.0317,66.0817,66.0817,41,True,221.25
2021-01-06,E013_PIN_FLY,HYBRID,sell_atm_pe,entry,SELL,True,False,61.0317,61.0317,58.0817,58.0817,40,True,221.25
2021-01-06,E013_PIN_FLY,HYBRID,buy_wing_ce,entry,BUY,True,False,14.9941,14.9941,14.9941,17.9441,41,False,0.0
2021-01-06,E013_PIN_FLY,HYBRID,buy_wing_pe,entry,BUY,True,False,11.7944,11.7944,11.7944,14.7444,43,False,0.0
2021-01-06,E013_PIN_FLY,HYBRID,buy_wing_ce,exit,SELL,False,True,0.05,0.05,0.05,0.05,71,False,0.0
2021-01-06,E013_PIN_FLY,HYBRID,buy_wing_pe,exit,SELL,False,True,0.05,0.05,0.05,0.05,71,False,0.0
2021-01-06,E013_PIN_FLY,HYBRID,sell_atm_ce,exit,BUY,True,False,3.1309,3.1309,6.0809,6.0809,69,True,221.25
2021-01-06,E013_PIN_FLY,HYBRID,sell_atm_pe,exit,BUY,True,False,57.731,57.731,57.731,60.681,69,False,0.0
2021-01-21,E013_PIN_FLY,HYBRID,sell_atm_ce,entry,SELL,True,False,30.8846,30.8846,30.8846,27.9346,40,False,0.0
2021-01-21,E013_PIN_FLY,HYBRID,sell_atm_pe,entry,SELL,True,False,35.3846,35.3846,32.4346,32.4346,40,True,221.25
2021-01-21,E013_PIN_FLY,HYBRID,buy_wing_ce,entry,BUY,False,True,1.7608,1.7608,1.7608,1.7608,46,False,0.0
2021-01-21,E013_PIN_FLY,HYBRID,buy_wing_pe,entry,BUY,False,True,2.3498,2.3498,2.3498,2.3498,46,False,0.0
2021-01-21,E013_PIN_FLY,HYBRID,buy_wing_ce,exit,SELL,False,True,0.05,0.05,0.05,0.05,71,False,0.0
2021-01-21,E013_PIN_FLY,HYBRID,sell_atm_ce,exit,BUY,True,False,0.1,0.1,0.1,1.55,69,False,0.0
2021-01-21,E013_PIN_FLY,HYBRID,sell_atm_pe,exit,BUY,True,False,100.8557,100.8557,100.8557,103.8057,69,False,0.0
2021-01-21,E013_PIN_FLY,HYBRID,buy_wing_pe,exit,SELL,True,False,2.3711,2.3711,0.05,0.05,69,True,174.0862
2021-03-03,E013_PIN_FLY,HYBRID,sell_atm_ce,entry,SELL,True,False,85.1559,85.1559,82.2059,82.2059,40,True,221.25
2021-03-03,E013_PIN_FLY,HYBRID,buy_wing_pe,entry,BUY,True,False,28.5181,28.5181,31.4681,31.4681,40,True,221.25
2021-03-03,E013_PIN_FLY,HYBRID,sell_atm_pe,entry,SELL,False,True,64.5791,64.5791,64.5791,64.5791,46,False,0.0
2021-03-03,E013_PIN_FLY,HYBRID,buy_wing_ce,entry,BUY,False,True,30.3065,30.3065,30.3065,30.3065,46,False,0.0
2021-03-03,E013_PIN_FLY,HYBRID,sell_atm_ce,exit,BUY,False,True,149.6,149.6,149.6,149.6,71,False,0.0
2021-03-03,E013_PIN_FLY,HYBRID,buy_wing_pe,exit,SELL,False,True,0.05,0.05,0.05,0.05,71,False,0.0
2021-03-03,E013_PIN_FLY,HYBRID,sell_atm_pe,exit,BUY,True,False,1.5761,1.5761,4.5261,4.5261,69,True,221.25
2021-03-03,E013_PIN_FLY,HYBRID,buy_wing_ce,exit,SELL,True,False,12.0083,12.0083,12.0083,9.0583,69,False,0.0
2021-03-09,E013_PIN_FLY,HYBRID,sell_atm_ce,entry,SELL,True,False,117.2239,117.2239,114.2739,114.2739,40,True,221.25
2021-03-09,E013_PIN_FLY,HYBRID,sell_atm_pe,entry,SELL,True,False,111.1239,111.1239,111.1239,108.1739,40,False,0.0
2021-03-09,E013_PIN_FLY,HYBRID,buy_wing_ce,entry,BUY,True,False,54.1056,54.1056,54.1056,57.0556,40,False,0.0
2021-03-09,E013_PIN_FLY,HYBRID,buy_wing_pe,entry,BUY,True,False,49.4948,49.4948,52.4448,52.4448,40,True,221.25
2021-03-09,E013_PIN_FLY,HYBRID,buy_wing_pe,exit,SELL,False,True,0.05,0.05,0.05,0.05,71,False,0.0
2021-03-09,E013_PIN_FLY,HYBRID,sell_atm_ce,exit,BUY,True,False,49.3352,49.3352,49.3352,52.2852,69,False,0.0
2021-03-09,E013_PIN_FLY,HYBRID,sell_atm_pe,exit,BUY,True,False,27.4353,27.4353,30.3853,30.3853,69,True,221.25
2021-03-09,E013_PIN_FLY,HYBRID,buy_wing_ce,exit,SELL,True,False,5.8251,5.8251,5.8251,2.8751,69,False,0.0
2021-03-17,E013_PIN_FLY,HYBRID,sell_atm_pe,entry,SELL,True,False,92.6071,92.6071,92.6071,89.6571,40,False,0.0
2021-03-17,E013_PIN_FLY,HYBRID,buy_wing_ce,entry,BUY,True,False,37.8049,37.8049,37.8049,40.7549,40,False,0.0
2021-03-17,E013_PIN_FLY,HYBRID,buy_wing_pe,entry,BUY,True,False,34.0956,34.0956,34.0956,37.0456,42,False,0.0
2021-03-17,E013_PIN_FLY,HYBRID,sell_atm_ce,entry,SELL,False,True,72.1523,72.1523,72.1523,72.1523,46,False,0.0
2021-03-17,E013_PIN_FLY,HYBRID,buy_wing_ce,exit,SELL,False,True,0.05,0.05,0.05,0.05,71,False,0.0
2021-03-17,E013_PIN_FLY,HYBRID,sell_atm_ce,exit,BUY,True,False,10.1617,10.1617,13.1117,13.1117,69,True,221.25
2021-03-17,E013_PIN_FLY,HYBRID,sell_atm_pe,exit,BUY,True,False,66.6617,66.6617,66.6617,69.6117,69,False,0.0
2021-03-17,E013_PIN_FLY,HYBRID,buy_wing_pe,exit,SELL,True,False,6.3465,6.3465,3.3965,3.3965,69,True,221.25
2021-05-05,E013_PIN_FLY,HYBRID,sell_atm_ce,entry,SELL,True,False,106.7246,106.7246,106.7246,103.7746,40,False,0.0
2021-05-05,E013_PIN_FLY,HYBRID,sell_atm_pe,entry,SELL,True,False,86.3247,86.3247,86.3247,83.3747,40,False,0.0
2021-05-05,E013_PIN_FLY,HYBRID,buy_wing_ce,entry,BUY,True,False,42.6655,42.6655,45.6155,45.6155,40,True,221.25
2021-05-05,E013_PIN_FLY,HYBRID,buy_wing_pe,entry,BUY,True,False,31.0953,31.0953,34.0453,34.0453,43,True,221.25
2021-05-05,E013_PIN_FLY,HYBRID,buy_wing_ce,exit,SELL,False,True,0.05,0.05,0.05,0.05,71,False,0.0
2021-05-05,E013_PIN_FLY,HYBRID,buy_wing_pe,exit,SELL,False,True,0.05,0.05,0.05,0.05,71,False,0.0
2021-05-05,E013_PIN_FLY,HYBRID,sell_atm_ce,exit,BUY,True,False,54.7622,54.7622,57.7122,57.7122,69,True,221.25
2021-05-05,E013_PIN_FLY,HYBRID,sell_atm_pe,exit,BUY,True,False,15.1622,15.1622,18.1122,18.1122,69,True,221.25
2021-05-06,E013_PIN_FLY,HYBRID,sell_atm_ce,entry,SELL,True,False,51.8765,51.8765,51.8765,48.9265,40,False,0.0
2021-05-06,E013_PIN_FLY,HYBRID,sell_atm_pe,entry,SELL,True,False,57.1765,57.1765,54.2265,54.2265,40,True,221.25
2021-05-06,E013_PIN_FLY,HYBRID,buy_wing_ce,entry,BUY,True,False,6.6445,6.6445,6.6445,9.5945,42,False,0.0
2021-05-06,E013_PIN_FLY,HYBRID,buy_wing_pe,entry,BUY,True,False,7.7323,7.7323,10.6823,10.6823,43,True,221.25
2021-05-06,E013_PIN_FLY,HYBRID,buy_wing_ce,exit,SELL,False,True,0.05,0.05,0.05,0.05,71,False,0.0
2021-05-06,E013_PIN_FLY,HYBRID,buy_wing_pe,exit,SELL,False,True,0.05,0.05,0.05,0.05,71,False,0.0
2021-05-06,E013_PIN_FLY,HYBRID,sell_atm_ce,exit,BUY,True,False,14.5126,14.5126,17.4626,17.4626,69,True,221.25
2021-05-06,E013_PIN_FLY,HYBRID,sell_atm_pe,exit,BUY,True,False,26.4126,26.4126,29.3626,29.3626,69,True,221.25
2021-05-19,E013_PIN_FLY,HYBRID,sell_atm_ce,entry,SELL,True,False,65.5877,65.5877,62.6377,62.6377,40,True,221.25
2021-05-19,E013_PIN_FLY,HYBRID,sell_atm_pe,entry,SELL,True,False,75.0877,75.0877,75.0877,72.1377,40,False,0.0
2021-05-19,E013_PIN_FLY,HYBRID,buy_wing_ce,entry,BUY,True,False,15.3065,15.3065,18.2565,18.2565,43,True,221.25
2021-05-19,E013_PIN_FLY,HYBRID,buy_wing_pe,entry,BUY,True,False,18.4916,18.4916,21.4416,21.4416,41,True,221.25
2021-05-19,E013_PIN_FLY,HYBRID,buy_wing_ce,exit,SELL,False,True,0.05,0.05,0.05,0.05,71,False,0.0
2021-05-19,E013_PIN_FLY,HYBRID,buy_wing_pe,exit,SELL,False,True,0.05,0.05,0.05,0.05,71,False,0.0
2021-05-19,E013_PIN_FLY,HYBRID,sell_atm_ce,exit,BUY,True,False,6.9447,6.9447,9.8947,9.8947,69,True,221.25
2021-05-19,E013_PIN_FLY,HYBRID,sell_atm_pe,exit,BUY,True,False,48.8447,48.8447,51.7947,51.7947,69,True,221.25
2021-06-02,E013_PIN_FLY,HYBRID,sell_atm_ce,entry,SELL,True,False,62.5396,62.5396,62.5396,59.5896,40,False,0.0
2021-06-02,E013_PIN_FLY,HYBRID,sell_atm_pe,entry,SELL,True,False,63.7397,63.7397,63.7397,60.7897,40,False,0.0
2021-06-02,E013_PIN_FLY,HYBRID,buy_wing_ce,entry,BUY,True,False,12.1713,12.1713,15.1213,15.1213,42,True,221.25
2021-06-02,E013_PIN_FLY,HYBRID,buy_wing_pe,entry,BUY,True,False,12.1968,12.1968,15.1468,15.1468,41,True,221.25
2021-06-02,E013_PIN_FLY,HYBRID,buy_wing_ce,exit,SELL,False,True,0.05,0.05,0.05,0.05,71,False,0.0
2021-06-02,E013_PIN_FLY,HYBRID,buy_wing_pe,exit,SELL,False,True,0.05,0.05,0.05,0.05,71,False,0.0
2021-06-02,E013_PIN_FLY,HYBRID,sell_atm_ce,exit,BUY,True,False,59.8827,59.8827,59.8827,62.8327,69,False,0.0
2021-06-02,E013_PIN_FLY,HYBRID,sell_atm_pe,exit,BUY,True,False,2.3827,2.3827,5.3327,5.3327,69,True,221.25
2021-06-03,E013_PIN_FLY,HYBRID,sell_atm_pe,entry,SELL,True,False,34.357,34.357,31.407,31.407,40,True,221.25
2021-06-03,E013_PIN_FLY,HYBRID,sell_atm_ce,entry,SELL,False,True,23.5217,23.5217,23.5217,23.5217,46,False,0.0
2021-06-03,E013_PIN_FLY,HYBRID,buy_wing_ce,entry,BUY,False,True,1.9794,1.9794,1.9794,1.9794,46,False,0.0
2021-06-03,E013_PIN_FLY,HYBRID,buy_wing_pe,entry,BUY,False,True,2.4945,2.4945,2.4945,2.4945,46,False,0.0
2021-06-03,E013_PIN_FLY,HYBRID,sell_atm_ce,exit,BUY,False,True,47.2894,47.2894,47.2894,47.2894,71,False,0.0
2021-06-03,E013_PIN_FLY,HYBRID,buy_wing_ce,exit,SELL,False,True,0.05,0.05,0.05,0.05,71,False,0.0
2021-06-03,E013_PIN_FLY,HYBRID,buy_wing_pe,exit,SELL,False,True,0.05,0.05,0.05,0.05,71,False,0.0
2021-06-03,E013_PIN_FLY,HYBRID,sell_atm_pe,exit,BUY,True,False,6.2756,6.2756,9.2256,9.2256,69,True,221.25
2021-06-09,E013_PIN_FLY,HYBRID,sell_atm_ce,entry,SELL,True,False,49.7782,49.7782,49.7782,46.8282,41,False,0.0
2021-06-09,E013_PIN_FLY,HYBRID,sell_atm_pe,entry,SELL,True,False,66.1782,66.1782,66.1782,63.2282,40,False,0.0
2021-06-09,E013_PIN_FLY,HYBRID,buy_wing_ce,entry,BUY,True,False,6.8693,6.8693,9.8193,9.8193,43,True,221.25
2021-06-09,E013_PIN_FLY,HYBRID,buy_wing_pe,entry,BUY,True,False,11.2836,11.2836,14.2336,14.2336,41,True,221.25
2021-06-09,E013_PIN_FLY,HYBRID,buy_wing_ce,exit,SELL,False,True,0.05,0.05,0.05,0.05,71,False,0.0
2021-06-09,E013_PIN_FLY,HYBRID,buy_wing_pe,exit,SELL,False,True,13.4876,13.4876,13.4876,13.4876,71,False,0.0
2021-06-09,E013_PIN_FLY,HYBRID,sell_atm_ce,exit,BUY,True,False,0.1,0.1,0.1,1.55,69,False,0.0
2021-06-09,E013_PIN_FLY,HYBRID,sell_atm_pe,exit,BUY,True,False,189.6505,189.6505,192.6005,192.6005,69,True,221.25
2021-06-30,E013_PIN_FLY,HYBRID,sell_atm_ce,entry,SELL,True,False,67.8785,67.8785,67.8785,64.9285,40,False,0.0
2021-06-30,E013_PIN_FLY,HYBRID,sell_atm_pe,entry,SELL,True,False,48.4786,48.4786,48.4786,45.5286,42,False,0.0
2021-06-30,E013_PIN_FLY,HYBRID,buy_wing_ce,entry,BUY,True,False,12.1807,12.1807,12.1807,15.1307,42,False,0.0
2021-06-30,E013_PIN_FLY,HYBRID,buy_wing_pe,entry,BUY,True,False,6.2819,6.2819,9.2319,9.2319,44,True,221.25
2021-06-30,E013_PIN_FLY,HYBRID,buy_wing_ce,exit,SELL,False,True,0.05,0.05,0.05,0.05,71,False,0.0
2021-06-30,E013_PIN_FLY,HYBRID,buy_wing_pe,exit,SELL,False,True,0.05,0.05,0.05,0.05,71,False,0.0
2021-06-30,E013_PIN_FLY,HYBRID,sell_atm_ce,exit,BUY,True,False,1.3612,1.3612,4.3112,4.3112,69,True,221.25
2021-06-30,E013_PIN_FLY,HYBRID,sell_atm_pe,exit,BUY,True,False,58.6612,58.6612,58.6612,61.6112,69,False,0.0
2021-09-08,E013_PIN_FLY,HYBRID,sell_atm_pe,entry,SELL,True,False,55.0673,55.0673,55.0673,52.1173,40,False,0.0
2021-09-08,E013_PIN_FLY,HYBRID,buy_wing_ce,entry,BUY,True,False,12.1484,12.1484,15.0984,15.0984,40,True,147.5
2021-09-08,E013_PIN_FLY,HYBRID,buy_wing_pe,entry,BUY,True,False,8.6768,8.6768,8.6768,11.6268,43,False,0.0
2021-09-08,E013_PIN_FLY,HYBRID,sell_atm_ce,entry,SELL,False,True,36.4483,36.4483,36.4483,36.4483,46,False,0.0
2021-09-08,E013_PIN_FLY,HYBRID,buy_wing_ce,exit,SELL,False,True,0.05,0.05,0.05,0.05,71,False,0.0
2021-09-08,E013_PIN_FLY,HYBRID,buy_wing_pe,exit,SELL,False,True,0.05,0.05,0.05,0.05,71,False,0.0
2021-09-08,E013_PIN_FLY,HYBRID,sell_atm_ce,exit,BUY,True,False,32.5781,32.5781,32.5781,35.5281,69,False,0.0
2021-09-08,E013_PIN_FLY,HYBRID,sell_atm_pe,exit,BUY,True,False,9.1781,9.1781,12.1281,12.1281,69,True,147.5
2021-09-22,E013_PIN_FLY,HYBRID,sell_atm_ce,entry,SELL,True,False,82.1713,82.1713,79.2213,79.2213,40,True,147.5
2021-09-22,E013_PIN_FLY,HYBRID,buy_wing_ce,entry,BUY,True,False,21.4454,21.4454,24.3954,24.3954,44,True,147.5
2021-09-22,E013_PIN_FLY,HYBRID,buy_wing_pe,entry,BUY,True,False,11.7163,11.7163,14.6663,14.6663,41,True,147.5
2021-09-22,E013_PIN_FLY,HYBRID,sell_atm_pe,entry,SELL,False,True,39.2492,39.2492,39.2492,39.2492,46,False,0.0
2021-09-22,E013_PIN_FLY,HYBRID,buy_wing_ce,exit,SELL,False,True,0.05,0.05,0.05,0.05,71,False,0.0
2021-09-22,E013_PIN_FLY,HYBRID,buy_wing_pe,exit,SELL,False,True,0.05,0.05,0.05,0.05,71,False,0.0
2021-09-22,E013_PIN_FLY,HYBRID,sell_atm_ce,exit,BUY,True,False,39.1109,39.1109,42.0609,42.0609,69,True,147.5
2021-09-22,E013_PIN_FLY,HYBRID,sell_atm_pe,exit,BUY,True,False,10.2109,10.2109,10.2109,13.1609,69,False,0.0
2021-09-29,E013_PIN_FLY,HYBRID,sell_atm_ce,entry,SELL,True,False,71.791,71.791,71.791,68.841,40,False,0.0
2021-09-29,E013_PIN_FLY,HYBRID,sell_atm_pe,entry,SELL,True,False,77.291,77.291,74.341,74.341,40,True,147.5
2021-09-29,E013_PIN_FLY,HYBRID,buy_wing_ce,entry,BUY,True,False,18.9372,18.9372,18.9372,21.8872,42,False,0.0
2021-09-29,E013_PIN_FLY,HYBRID,buy_wing_pe,entry,BUY,True,False,20.7637,20.7637,20.7637,23.7137,40,False,0.0
2021-09-29,E013_PIN_FLY,HYBRID,buy_wing_ce,exit,SELL,False,True,0.05,0.05,0.05,0.05,71,False,0.0
2021-09-29,E013_PIN_FLY,HYBRID,buy_wing_pe,exit,SELL,False,True,0.05,0.05,0.05,0.05,71,False,0.0
2021-09-29,E013_PIN_FLY,HYBRID,sell_atm_ce,exit,BUY,True,False,78.3533,78.3533,81.3033,81.3033,69,True,147.5
2021-09-29,E013_PIN_FLY,HYBRID,sell_atm_pe,exit,BUY,True,False,2.0534,2.0534,5.0034,5.0034,69,True,147.5
2021-09-30,E013_PIN_FLY,HYBRID,sell_atm_ce,entry,SELL,True,False,58.9622,58.9622,56.0122,56.0122,43,True,147.5
2021-09-30,E013_PIN_FLY,HYBRID,sell_atm_pe,entry,SELL,True,False,36.9622,36.9622,34.0122,34.0122,40,True,147.5
2021-09-30,E013_PIN_FLY,HYBRID,buy_wing_ce,entry,BUY,True,False,6.2328,6.2328,9.1828,9.1828,40,True,147.5
2021-09-30,E013_PIN_FLY,HYBRID,buy_wing_pe,entry,BUY,True,False,1.824,1.824,1.824,4.774,45,False,0.0
2021-09-30,E013_PIN_FLY,HYBRID,buy_wing_ce,exit,SELL,False,True,0.05,0.05,0.05,0.05,71,False,0.0
2021-09-30,E013_PIN_FLY,HYBRID,buy_wing_pe,exit,SELL,False,True,0.05,0.05,0.05,0.05,71,False,0.0
2021-09-30,E013_PIN_FLY,HYBRID,sell_atm_ce,exit,BUY,True,False,11.3761,11.3761,11.3761,14.3261,69,False,0.0
2021-09-30,E013_PIN_FLY,HYBRID,sell_atm_pe,exit,BUY,True,False,23.8761,23.8761,26.8261,26.8261,69,True,147.5
2021-10-14,E013_PIN_FLY,HYBRID,sell_atm_ce,entry,SELL,True,False,38.669,38.669,38.669,35.719,41,False,0.0
2021-10-14,E013_PIN_FLY,HYBRID,sell_atm_pe,entry,SELL,True,False,45.2198,45.2198,45.2198,42.2698,40,False,0.0
2021-10-14,E013_PIN_FLY,HYBRID,buy_wing_ce,entry,BUY,True,False,1.2741,1.2741,1.2741,4.2241,45,False,0.0
2021-10-14,E013_PIN_FLY,HYBRID,buy_wing_pe,entry,BUY,False,True,5.204,5.204,5.204,5.204,46,False,0.0
2021-10-14,E013_PIN_FLY,HYBRID,buy_wing_ce,exit,SELL,False,True,0.05,0.05,0.05,0.05,71,False,0.0
2021-10-14,E013_PIN_FLY,HYBRID,buy_wing_pe,exit,SELL,False,True,0.05,0.05,0.05,0.05,71,False,0.0
2021-10-14,E013_PIN_FLY,HYBRID,sell_atm_ce,exit,BUY,True,False,34.3008,34.3008,34.3008,37.2508,69,False,0.0
2021-10-14,E013_PIN_FLY,HYBRID,sell_atm_pe,exit,BUY,True,False,4.0,4.0,6.95,6.95,69,True,147.5
2021-10-27,E013_PIN_FLY,HYBRID,sell_atm_ce,entry,SELL,True,False,83.8545,83.8545,83.8545,80.9045,40,False,0.0
2021-10-27,E013_PIN_FLY,HYBRID,sell_atm_pe,entry,SELL,True,False,69.9541,69.9541,67.0041,67.0041,40,True,147.5
2021-10-27,E013_PIN_FLY,HYBRID,buy_wing_ce,entry,BUY,True,False,24.7686,24.7686,24.7686,27.7186,41,False,0.0
2021-10-27,E013_PIN_FLY,HYBRID,buy_wing_pe,entry,BUY,True,False,18.3856,18.3856,18.3856,21.3356,43,False,0.0
2021-10-27,E013_PIN_FLY,HYBRID,buy_wing_ce,exit,SELL,False,True,0.05,0.05,0.05,0.05,71,False,0.0
2021-10-27,E013_PIN_FLY,HYBRID,sell_atm_ce,exit,BUY,True,False,6.5767,6.5767,9.5267,9.5267,69,True,147.5
2021-10-27,E013_PIN_FLY,HYBRID,sell_atm_pe,exit,BUY,True,False,57.4263,57.4263,60.3763,60.3763,69,True,147.5
2021-10-27,E013_PIN_FLY,HYBRID,buy_wing_pe,exit,SELL,True,False,3.2003,3.2003,3.2003,0.2503,69,False,0.0
2021-11-10,E013_PIN_FLY,HYBRID,sell_atm_ce,entry,SELL,True,False,82.7121,82.7121,82.7121,79.7621,40,False,0.0
2021-11-10,E013_PIN_FLY,HYBRID,buy_wing_ce,entry,BUY,True,False,23.4144,23.4144,26.3644,26.3644,42,True,147.5
2021-11-10,E013_PIN_FLY,HYBRID,buy_wing_pe,entry,BUY,True,False,16.1801,16.1801,16.1801,19.1301,40,False,0.0
2021-11-10,E013_PIN_FLY,HYBRID,sell_atm_pe,entry,SELL,False,True,54.4799,54.4799,54.4799,54.4799,46,False,0.0
2021-11-10,E013_PIN_FLY,HYBRID,buy_wing_ce,exit,SELL,False,True,0.05,0.05,0.05,0.05,71,False,0.0
2021-11-10,E013_PIN_FLY,HYBRID,buy_wing_pe,exit,SELL,False,True,0.05,0.05,0.05,0.05,71,False,0.0
2021-11-10,E013_PIN_FLY,HYBRID,sell_atm_ce,exit,BUY,True,False,65.5504,65.5504,68.5004,68.5004,69,True,147.5
2021-11-10,E013_PIN_FLY,HYBRID,sell_atm_pe,exit,BUY,True,False,3.9996,3.9996,6.9496,6.9496,69,True,147.5
2021-11-24,E013_PIN_FLY,HYBRID,sell_atm_ce,entry,SELL,True,False,71.0121,71.0121,71.0121,68.0621,43,False,0.0
2021-11-24,E013_PIN_FLY,HYBRID,sell_atm_pe,entry,SELL,True,False,82.6117,82.6117,82.6117,79.6617,40,False,0.0
2021-11-24,E013_PIN_FLY,HYBRID,buy_wing_ce,entry,BUY,True,False,19.2446,19.2446,22.1946,22.1946,40,True,147.5
2021-11-24,E013_PIN_FLY,HYBRID,buy_wing_pe,entry,BUY,True,False,23.7257,23.7257,26.6757,26.6757,42,True,147.5
2021-11-24,E013_PIN_FLY,HYBRID,buy_wing_ce,exit,SELL,False,True,0.05,0.05,0.05,0.05,71,False,0.0
2021-11-24,E013_PIN_FLY,HYBRID,sell_atm_ce,exit,BUY,True,False,0.1,0.1,2.1935,2.1935,69,True,104.6767
2021-11-24,E013_PIN_FLY,HYBRID,sell_atm_pe,exit,BUY,True,False,123.0931,123.0931,123.0931,126.0431,69,False,0.0
2021-11-24,E013_PIN_FLY,HYBRID,buy_wing_pe,exit,SELL,True,False,16.1894,16.1894,13.2394,13.2394,69,True,147.5
2021-12-01,E013_PIN_FLY,HYBRID,sell_atm_ce,entry,SELL,True,False,93.4741,93.4741,90.5241,90.5241,40,True,147.5
2021-12-01,E013_PIN_FLY,HYBRID,sell_atm_pe,entry,SELL,True,False,101.6733,101.6733,101.6733,98.7233,40,False,0.0
2021-12-01,E013_PIN_FLY,HYBRID,buy_wing_ce,entry,BUY,True,False,35.8732,35.8732,35.8732,38.8232,42,False,0.0
2021-12-01,E013_PIN_FLY,HYBRID,buy_wing_pe,entry,BUY,True,False,39.5549,39.5549,42.5049,42.5049,40,True,147.5
2021-12-01,E013_PIN_FLY,HYBRID,buy_wing_ce,exit,SELL,False,True,0.05,0.05,0.05,0.05,71,False,0.0
2021-12-01,E013_PIN_FLY,HYBRID,buy_wing_pe,exit,SELL,False,True,0.05,0.05,0.05,0.05,71,False,0.0
2021-12-01,E013_PIN_FLY,HYBRID,sell_atm_ce,exit,BUY,True,False,43.2375,43.2375,46.1875,46.1875,69,True,147.5
2021-12-01,E013_PIN_FLY,HYBRID,sell_atm_pe,exit,BUY,True,False,22.2375,22.2375,25.1875,25.1875,69,True,147.5
2021-12-08,E013_PIN_FLY,HYBRID,sell_atm_pe,entry,SELL,True,False,96.3455,96.3455,93.3955,93.3955,40,True,147.5
2021-12-08,E013_PIN_FLY,HYBRID,buy_wing_ce,entry,BUY,True,False,24.1112,24.1112,27.0612,27.0612,40,True,147.5
2021-12-08,E013_PIN_FLY,HYBRID,buy_wing_pe,entry,BUY,True,False,33.1812,33.1812,36.1312,36.1312,44,True,147.5
2021-12-08,E013_PIN_FLY,HYBRID,sell_atm_ce,entry,SELL,False,True,62.1775,62.1775,62.1775,62.1775,46,False,0.0
2021-12-08,E013_PIN_FLY,HYBRID,buy_wing_ce,exit,SELL,False,True,0.05,0.05,0.05,0.05,71,False,0.0
2021-12-08,E013_PIN_FLY,HYBRID,buy_wing_pe,exit,SELL,False,True,0.05,0.05,0.05,0.05,71,False,0.0
2021-12-08,E013_PIN_FLY,HYBRID,sell_atm_ce,exit,BUY,True,False,30.5113,30.5113,33.4613,33.4613,69,True,147.5
2021-12-08,E013_PIN_FLY,HYBRID,sell_atm_pe,exit,BUY,True,False,25.0113,25.0113,27.9613,27.9613,69,True,147.5
2021-12-22,E013_PIN_FLY,HYBRID,sell_atm_ce,entry,SELL,True,False,83.6676,83.6676,80.7176,80.7176,40,True,147.5
2021-12-22,E013_PIN_FLY,HYBRID,buy_wing_ce,entry,BUY,True,False,29.314,29.314,29.314,32.264,43,False,0.0
2021-12-22,E013_PIN_FLY,HYBRID,buy_wing_pe,entry,BUY,True,False,37.3713,37.3713,40.3213,40.3213,40,True,147.5
2021-12-22,E013_PIN_FLY,HYBRID,sell_atm_pe,entry,SELL,False,True,77.3272,77.3272,77.3272,77.3272,46,False,0.0
2021-12-22,E013_PIN_FLY,HYBRID,buy_wing_ce,exit,SELL,False,True,0.05,0.05,0.05,0.05,71,False,0.0
2021-12-22,E013_PIN_FLY,HYBRID,buy_wing_pe,exit,SELL,False,True,0.05,0.05,0.05,0.05,71,False,0.0
2021-12-22,E013_PIN_FLY,HYBRID,sell_atm_ce,exit,BUY,True,False,51.9879,51.9879,54.9379,54.9379,69,True,147.5
2021-12-22,E013_PIN_FLY,HYBRID,sell_atm_pe,exit,BUY,True,False,14.5875,14.5875,17.5375,17.5375,69,True,147.5
2021-12-29,E013_PIN_FLY,HYBRID,sell_atm_ce,entry,SELL,True,False,77.847,77.847,74.897,74.897,40,True,147.5
2021-12-29,E013_PIN_FLY,HYBRID,sell_atm_pe,entry,SELL,True,False,64.8978,64.8978,64.8978,61.9478,40,False,0.0
2021-12-29,E013_PIN_FLY,HYBRID,buy_wing_ce,entry,BUY,True,False,20.3802,20.3802,20.3802,23.3302,41,False,0.0
2021-12-29,E013_PIN_FLY,HYBRID,buy_wing_pe,entry,BUY,True,False,14.8938,14.8938,17.8438,17.8438,42,True,147.5
2021-12-29,E013_PIN_FLY,HYBRID,buy_wing_ce,exit,SELL,False,True,0.05,0.05,0.05,0.05,71,False,0.0
2021-12-29,E013_PIN_FLY,HYBRID,buy_wing_pe,exit,SELL,False,True,0.05,0.05,0.05,0.05,71,False,0.0
2021-12-29,E013_PIN_FLY,HYBRID,sell_atm_ce,exit,BUY,True,False,52.4773,52.4773,55.4273,55.4273,69,True,147.5
2021-12-29,E013_PIN_FLY,HYBRID,sell_atm_pe,exit,BUY,True,False,6.2273,6.2273,9.1773,9.1773,69,True,147.5
2022-01-12,E013_PIN_FLY,HYBRID,sell_atm_ce,entry,SELL,True,False,78.5918,78.5918,78.5918,75.6418,40,False,0.0
2022-01-12,E013_PIN_FLY,HYBRID,sell_atm_pe,entry,SELL,True,False,83.4414,83.4414,83.4414,80.4914,41,False,0.0
2022-01-12,E013_PIN_FLY,HYBRID,buy_wing_ce,entry,BUY,True,False,23.7627,23.7627,23.7627,26.7127,41,False,0.0
2022-01-12,E013_PIN_FLY,HYBRID,buy_wing_pe,entry,BUY,True,False,25.4603,25.4603,28.4103,28.4103,42,True,147.5
2022-01-12,E013_PIN_FLY,HYBRID,buy_wing_ce,exit,SELL,False,True,0.05,0.05,0.05,0.05,71,False,0.0
2022-01-12,E013_PIN_FLY,HYBRID,buy_wing_pe,exit,SELL,False,True,0.05,0.05,0.05,0.05,71,False,0.0
2022-01-12,E013_PIN_FLY,HYBRID,sell_atm_ce,exit,BUY,True,False,30.4026,30.4026,33.3526,33.3526,69,True,147.5
2022-01-12,E013_PIN_FLY,HYBRID,sell_atm_pe,exit,BUY,True,False,21.9534,21.9534,24.9034,24.9034,69,True,147.5
2022-02-02,E013_PIN_FLY,HYBRID,sell_atm_ce,entry,SELL,True,False,121.1002,121.1002,118.1502,118.1502,40,True,147.5
2022-02-02,E013_PIN_FLY,HYBRID,buy_wing_ce,entry,BUY,True,False,58.3597,58.3597,61.3097,61.3097,43,True,147.5
2022-02-02,E013_PIN_FLY,HYBRID,buy_wing_pe,entry,BUY,True,False,57.7129,57.7129,60.6629,60.6629,40,True,147.5
2022-02-02,E013_PIN_FLY,HYBRID,sell_atm_pe,entry,SELL,False,True,106.967,106.967,106.967,106.967,46,False,0.0
2022-02-02,E013_PIN_FLY,HYBRID,buy_wing_ce,exit,SELL,False,True,0.05,0.05,0.05,0.05,71,False,0.0
2022-02-02,E013_PIN_FLY,HYBRID,buy_wing_pe,exit,SELL,False,True,0.05,0.05,0.05,0.05,71,False,0.0
2022-02-02,E013_PIN_FLY,HYBRID,sell_atm_ce,exit,BUY,True,False,49.4663,49.4663,52.4163,52.4163,69,True,147.5
2022-02-02,E013_PIN_FLY,HYBRID,sell_atm_pe,exit,BUY,True,False,31.5171,31.5171,34.4671,34.4671,69,True,147.5
2022-02-09,E013_PIN_FLY,HYBRID,sell_atm_ce,entry,SELL,True,False,94.9445,94.9445,94.9445,91.9945,40,False,0.0
2022-02-09,E013_PIN_FLY,HYBRID,sell_atm_pe,entry,SELL,True,False,76.9445,76.9445,76.9445,73.9945,40,False,0.0
2022-02-09,E013_PIN_FLY,HYBRID,buy_wing_ce,entry,BUY,True,False,32.9896,32.9896,35.9396,35.9396,40,True,147.5
2022-02-09,E013_PIN_FLY,HYBRID,buy_wing_pe,entry,BUY,True,False,23.8278,23.8278,26.7778,26.7778,41,True,147.5
2022-02-09,E013_PIN_FLY,HYBRID,buy_wing_ce,exit,SELL,False,True,0.05,0.05,0.05,0.05,71,False,0.0
2022-02-09,E013_PIN_FLY,HYBRID,buy_wing_pe,exit,SELL,False,True,0.05,0.05,0.05,0.05,71,False,0.0
2022-02-09,E013_PIN_FLY,HYBRID,sell_atm_ce,exit,BUY,True,False,66.9775,66.9775,66.9775,69.9275,69,False,0.0
2022-02-09,E013_PIN_FLY,HYBRID,sell_atm_pe,exit,BUY,True,False,6.9267,6.9267,9.8767,9.8767,69,True,147.5
2022-02-23,E013_PIN_FLY,HYBRID,sell_atm_pe,entry,SELL,True,False,119.2103,119.2103,119.2103,116.2603,40,False,0.0
2022-02-23,E013_PIN_FLY,HYBRID,buy_wing_ce,entry,BUY,True,False,62.2383,62.2383,65.1883,65.1883,40,True,147.5
2022-02-23,E013_PIN_FLY,HYBRID,buy_wing_pe,entry,BUY,True,False,56.6937,56.6937,59.6437,59.6437,42,True,147.5
2022-02-23,E013_PIN_FLY,HYBRID,sell_atm_ce,entry,SELL,False,True,105.9857,105.9857,105.9857,105.9857,46,False,0.0
2022-02-23,E013_PIN_FLY,HYBRID,buy_wing_ce,exit,SELL,False,True,0.05,0.05,0.05,0.05,71,False,0.0
2022-02-23,E013_PIN_FLY,HYBRID,sell_atm_ce,exit,BUY,True,False,37.6858,37.6858,40.6358,40.6358,69,True,147.5
2022-02-23,E013_PIN_FLY,HYBRID,sell_atm_pe,exit,BUY,True,False,43.1858,43.1858,43.1858,46.1358,69,False,0.0
2022-02-23,E013_PIN_FLY,HYBRID,buy_wing_pe,exit,SELL,True,False,5.4125,5.4125,2.4625,2.4625,69,True,147.5
2022-03-02,E013_PIN_FLY,HYBRID,sell_atm_ce,entry,SELL,True,False,202.0659,202.0659,202.0659,199.1159,40,False,0.0
2022-03-02,E013_PIN_FLY,HYBRID,sell_atm_pe,entry,SELL,True,False,193.8667,193.8667,193.8667,190.9167,40,False,0.0
2022-03-02,E013_PIN_FLY,HYBRID,buy_wing_ce,entry,BUY,True,False,133.0821,133.0821,136.0321,136.0321,40,True,147.5
2022-03-02,E013_PIN_FLY,HYBRID,buy_wing_pe,entry,BUY,True,False,125.1399,125.1399,128.0899,128.0899,40,True,147.5
2022-03-02,E013_PIN_FLY,HYBRID,buy_wing_pe,exit,SELL,False,True,0.05,0.05,0.05,0.05,71,False,0.0
2022-03-02,E013_PIN_FLY,HYBRID,sell_atm_ce,exit,BUY,True,False,78.4744,78.4744,81.4244,81.4244,69,True,147.5
2022-03-02,E013_PIN_FLY,HYBRID,sell_atm_pe,exit,BUY,True,False,50.8748,50.8748,53.8248,53.8248,69,True,147.5
2022-03-02,E013_PIN_FLY,HYBRID,buy_wing_ce,exit,SELL,True,False,23.1478,23.1478,23.1478,20.1978,69,False,0.0
2022-03-10,E013_PIN_FLY,HYBRID,sell_atm_ce,entry,SELL,True,False,98.046,98.046,98.046,95.096,40,False,0.0
2022-03-10,E013_PIN_FLY,HYBRID,sell_atm_pe,entry,SELL,True,False,74.8468,74.8468,71.8968,71.8968,40,True,147.5
2022-03-10,E013_PIN_FLY,HYBRID,buy_wing_ce,entry,BUY,True,False,34.6644,34.6644,37.6144,37.6144,40,True,147.5
2022-03-10,E013_PIN_FLY,HYBRID,buy_wing_pe,entry,BUY,True,False,22.9465,22.9465,22.9465,25.8965,44,False,0.0
2022-03-10,E013_PIN_FLY,HYBRID,buy_wing_ce,exit,SELL,False,True,0.05,0.05,0.05,0.05,71,False,0.0
2022-03-10,E013_PIN_FLY,HYBRID,sell_atm_ce,exit,BUY,True,False,5.5495,5.5495,5.5495,8.4995,69,False,0.0
2022-03-10,E013_PIN_FLY,HYBRID,sell_atm_pe,exit,BUY,True,False,91.2995,91.2995,94.2495,94.2495,69,True,147.5
2022-03-10,E013_PIN_FLY,HYBRID,buy_wing_pe,exit,SELL,True,False,12.4159,12.4159,12.4159,9.4659,69,False,0.0
2022-03-16,E013_PIN_FLY,HYBRID,sell_atm_ce,entry,SELL,True,False,166.3726,166.3726,166.3726,163.4226,40,False,0.0
2022-03-16,E013_PIN_FLY,HYBRID,sell_atm_pe,entry,SELL,True,False,152.3218,152.3218,152.3218,149.3718,45,False,0.0
2022-03-16,E013_PIN_FLY,HYBRID,buy_wing_ce,entry,BUY,True,False,98.2622,98.2622,101.2122,101.2122,41,True,147.5
2022-03-16,E013_PIN_FLY,HYBRID,buy_wing_pe,entry,BUY,True,False,87.0599,87.0599,90.0099,90.0099,41,True,147.5
2022-03-16,E013_PIN_FLY,HYBRID,buy_wing_pe,exit,SELL,False,True,0.05,0.05,0.05,0.05,71,False,0.0
2022-03-16,E013_PIN_FLY,HYBRID,sell_atm_ce,exit,BUY,True,False,72.4259,72.4259,75.3759,75.3759,69,True,147.5
2022-03-16,E013_PIN_FLY,HYBRID,sell_atm_pe,exit,BUY,True,False,37.1251,37.1251,40.0751,40.0751,69,True,147.5
2022-03-16,E013_PIN_FLY,HYBRID,buy_wing_ce,exit,SELL,True,False,16.8647,16.8647,16.8647,13.9147,69,False,0.0
2022-03-17,E013_PIN_FLY,HYBRID,sell_atm_ce,entry,SELL,True,False,97.2232,97.2232,97.2232,94.2732,40,False,0.0
2022-03-17,E013_PIN_FLY,HYBRID,buy_wing_ce,entry,BUY,True,False,36.0248,36.0248,38.9748,38.9748,43,True,147.5
2022-03-17,E013_PIN_FLY,HYBRID,buy_wing_pe,entry,BUY,True,False,29.6778,29.6778,29.6778,32.6278,40,False,0.0
2022-03-17,E013_PIN_FLY,HYBRID,sell_atm_pe,entry,SELL,False,True,82.6493,82.6493,82.6493,82.6493,46,False,0.0
2022-03-17,E013_PIN_FLY,HYBRID,buy_wing_ce,exit,SELL,False,True,0.05,0.05,0.05,0.05,71,False,0.0
2022-03-17,E013_PIN_FLY,HYBRID,buy_wing_pe,exit,SELL,False,True,0.05,0.05,0.05,0.05,71,False,0.0
2022-03-17,E013_PIN_FLY,HYBRID,sell_atm_ce,exit,BUY,True,False,47.4631,47.4631,50.4131,50.4131,69,True,147.5
2022-03-17,E013_PIN_FLY,HYBRID,sell_atm_pe,exit,BUY,True,False,24.5627,24.5627,24.5627,27.5127,69,False,0.0
2022-04-27,E013_PIN_FLY,HYBRID,sell_atm_ce,entry,SELL,True,False,72.8256,72.8256,72.8256,69.8756,40,False,0.0
2022-04-27,E013_PIN_FLY,HYBRID,sell_atm_pe,entry,SELL,True,False,92.5248,92.5248,89.5748,89.5748,40,True,147.5
2022-04-27,E013_PIN_FLY,HYBRID,buy_wing_ce,entry,BUY,True,False,21.5939,21.5939,24.5439,24.5439,42,True,147.5
2022-04-27,E013_PIN_FLY,HYBRID,buy_wing_pe,entry,BUY,True,False,30.1132,30.1132,30.1132,33.0632,40,False,0.0
2022-04-27,E013_PIN_FLY,HYBRID,buy_wing_ce,exit,SELL,False,True,0.05,0.05,0.05,0.05,71,False,0.0
2022-04-27,E013_PIN_FLY,HYBRID,buy_wing_pe,exit,SELL,False,True,0.05,0.05,0.05,0.05,71,False,0.0
2022-04-27,E013_PIN_FLY,HYBRID,sell_atm_ce,exit,BUY,True,False,42.9505,42.9505,45.9005,45.9005,69,True,147.5
2022-04-27,E013_PIN_FLY,HYBRID,sell_atm_pe,exit,BUY,True,False,14.5013,14.5013,17.4513,17.4513,69,True,147.5
2022-06-01,E013_PIN_FLY,HYBRID,sell_atm_ce,entry,SELL,True,False,110.3548,110.3548,107.4048,107.4048,40,True,147.5
2022-06-01,E013_PIN_FLY,HYBRID,buy_wing_ce,entry,BUY,True,False,45.5697,45.5697,48.5197,48.5197,42,True,147.5
2022-06-01,E013_PIN_FLY,HYBRID,buy_wing_pe,entry,BUY,True,False,33.1071,33.1071,36.0571,36.0571,40,True,147.5
2022-06-01,E013_PIN_FLY,HYBRID,sell_atm_pe,entry,SELL,False,True,73.4391,73.4391,73.4391,73.4391,46,False,0.0
2022-06-01,E013_PIN_FLY,HYBRID,buy_wing_ce,exit,SELL,False,True,0.05,0.05,0.05,0.05,71,False,0.0
2022-06-01,E013_PIN_FLY,HYBRID,buy_wing_pe,exit,SELL,False,True,0.05,0.05,0.05,0.05,71,False,0.0
2022-06-01,E013_PIN_FLY,HYBRID,sell_atm_ce,exit,BUY,True,False,4.3175,4.3175,4.3175,7.2675,69,False,0.0
2022-06-01,E013_PIN_FLY,HYBRID,sell_atm_pe,exit,BUY,True,False,96.8175,96.8175,99.7675,99.7675,69,True,147.5
2022-06-15,E013_PIN_FLY,HYBRID,sell_atm_ce,entry,SELL,True,False,118.2815,118.2815,118.2815,115.3315,40,False,0.0
2022-06-15,E013_PIN_FLY,HYBRID,sell_atm_pe,entry,SELL,True,False,100.5813,100.5813,100.5813,97.6313,40,False,0.0
2022-06-15,E013_PIN_FLY,HYBRID,buy_wing_ce,entry,BUY,True,False,53.2791,53.2791,53.2791,56.2291,41,False,0.0
2022-06-15,E013_PIN_FLY,HYBRID,buy_wing_pe,entry,BUY,True,False,42.1544,42.1544,45.1044,45.1044,40,True,147.5
2022-06-15,E013_PIN_FLY,HYBRID,buy_wing_ce,exit,SELL,False,True,0.05,0.05,0.05,0.05,71,False,0.0
2022-06-15,E013_PIN_FLY,HYBRID,sell_atm_ce,exit,BUY,True,False,26.5337,26.5337,29.4837,29.4837,69,True,147.5
2022-06-15,E013_PIN_FLY,HYBRID,sell_atm_pe,exit,BUY,True,False,46.4341,46.4341,46.4341,49.3841,69,False,0.0
2022-06-15,E013_PIN_FLY,HYBRID,buy_wing_pe,exit,SELL,True,False,4.7967,4.7967,4.7967,1.8467,69,False,0.0
2022-07-07,E013_PIN_FLY,HYBRID,sell_atm_ce,entry,SELL,True,False,55.3198,55.3198,55.3198,52.3698,40,False,0.0
2022-07-07,E013_PIN_FLY,HYBRID,sell_atm_pe,entry,SELL,True,False,51.1694,51.1694,51.1694,48.2194,41,False,0.0
2022-07-07,E013_PIN_FLY,HYBRID,buy_wing_ce,entry,BUY,True,False,7.1689,7.1689,7.1689,10.1189,41,False,0.0
2022-07-07,E013_PIN_FLY,HYBRID,buy_wing_pe,entry,BUY,True,False,5.8932,5.8932,8.8432,8.8432,44,True,147.5
2022-07-07,E013_PIN_FLY,HYBRID,buy_wing_ce,exit,SELL,False,True,0.05,0.05,0.05,0.05,71,False,0.0
2022-07-07,E013_PIN_FLY,HYBRID,buy_wing_pe,exit,SELL,False,True,0.05,0.05,0.05,0.05,71,False,0.0
2022-07-07,E013_PIN_FLY,HYBRID,sell_atm_ce,exit,BUY,True,False,36.3287,36.3287,36.3287,39.2787,69,False,0.0
2022-07-07,E013_PIN_FLY,HYBRID,sell_atm_pe,exit,BUY,True,False,8.3785,8.3785,11.3285,11.3285,69,True,147.5
2022-07-13,E013_PIN_FLY,HYBRID,sell_atm_pe,entry,SELL,True,False,73.739,73.739,73.739,70.789,40,False,0.0
2022-07-13,E013_PIN_FLY,HYBRID,buy_wing_ce,entry,BUY,True,False,32.7924,32.7924,35.7424,35.7424,40,True,147.5
2022-07-13,E013_PIN_FLY,HYBRID,sell_atm_ce,entry,SELL,False,True,57.3543,57.3543,57.3543,57.3543,46,False,0.0
2022-07-13,E013_PIN_FLY,HYBRID,buy_wing_pe,entry,BUY,False,True,31.3702,31.3702,31.3702,31.3702,46,False,0.0
2022-07-13,E013_PIN_FLY,HYBRID,buy_wing_ce,exit,SELL,False,True,0.05,0.05,0.05,0.05,71,False,0.0
2022-07-13,E013_PIN_FLY,HYBRID,sell_atm_ce,exit,BUY,True,False,6.2044,6.2044,9.1544,9.1544,69,True,147.5
2022-07-13,E013_PIN_FLY,HYBRID,sell_atm_pe,exit,BUY,True,False,67.7044,67.7044,70.6544,70.6544,69,True,147.5
2022-07-13,E013_PIN_FLY,HYBRID,buy_wing_pe,exit,SELL,True,False,5.0545,5.0545,5.0545,2.1045,69,False,0.0
2022-07-20,E013_PIN_FLY,HYBRID,sell_atm_ce,entry,SELL,True,False,60.3468,60.3468,57.3968,57.3968,41,True,147.5
2022-07-20,E013_PIN_FLY,HYBRID,sell_atm_pe,entry,SELL,True,False,82.7472,82.7472,82.7472,79.7972,40,False,0.0
2022-07-20,E013_PIN_FLY,HYBRID,buy_wing_ce,entry,BUY,True,False,13.561,13.561,16.511,16.511,42,True,147.5
2022-07-20,E013_PIN_FLY,HYBRID,buy_wing_pe,entry,BUY,True,False,21.8795,21.8795,24.8295,24.8295,41,True,147.5
2022-07-20,E013_PIN_FLY,HYBRID,buy_wing_ce,exit,SELL,False,True,0.05,0.05,0.05,0.05,71,False,0.0
2022-07-20,E013_PIN_FLY,HYBRID,buy_wing_pe,exit,SELL,False,True,0.05,0.05,0.05,0.05,71,False,0.0
2022-07-20,E013_PIN_FLY,HYBRID,sell_atm_ce,exit,BUY,True,False,1.5096,1.5096,4.4596,4.4596,69,True,147.5
2022-07-20,E013_PIN_FLY,HYBRID,sell_atm_pe,exit,BUY,True,False,77.16,77.16,80.11,80.11,69,True,147.5
2022-08-10,E013_PIN_FLY,HYBRID,sell_atm_ce,entry,SELL,True,False,103.8546,103.8546,100.9046,100.9046,40,True,147.5
2022-08-10,E013_PIN_FLY,HYBRID,sell_atm_pe,entry,SELL,True,False,93.8038,93.8038,93.8038,90.8538,40,False,0.0
2022-08-10,E013_PIN_FLY,HYBRID,buy_wing_ce,entry,BUY,True,False,41.8188,41.8188,41.8188,44.7688,40,False,0.0
2022-08-10,E013_PIN_FLY,HYBRID,buy_wing_pe,entry,BUY,True,False,35.7152,35.7152,38.6652,38.6652,40,True,147.5
2022-08-10,E013_PIN_FLY,HYBRID,buy_wing_ce,exit,SELL,False,True,0.05,0.05,0.05,0.05,71,False,0.0
2022-08-10,E013_PIN_FLY,HYBRID,buy_wing_pe,exit,SELL,False,True,0.05,0.05,0.05,0.05,71,False,0.0
2022-08-10,E013_PIN_FLY,HYBRID,sell_atm_ce,exit,BUY,True,False,45.8272,45.8272,45.8272,48.7772,69,False,0.0
2022-08-10,E013_PIN_FLY,HYBRID,sell_atm_pe,exit,BUY,True,False,19.2764,19.2764,22.2264,22.2264,69,True,147.5
2022-08-11,E013_PIN_FLY,HYBRID,sell_atm_ce,entry,SELL,True,False,69.7132,69.7132,66.7632,66.7632,40,True,147.5
2022-08-11,E013_PIN_FLY,HYBRID,sell_atm_pe,entry,SELL,True,False,46.4632,46.4632,46.4632,43.5132,45,False,0.0
2022-08-11,E013_PIN_FLY,HYBRID,buy_wing_ce,entry,BUY,True,False,12.6425,12.6425,15.5925,15.5925,43,True,147.5
2022-08-11,E013_PIN_FLY,HYBRID,buy_wing_pe,entry,BUY,True,False,5.7173,5.7173,8.6673,8.6673,42,True,147.5
2022-08-11,E013_PIN_FLY,HYBRID,buy_wing_ce,exit,SELL,False,True,0.05,0.05,0.05,0.05,71,False,0.0
2022-08-11,E013_PIN_FLY,HYBRID,buy_wing_pe,exit,SELL,False,True,0.05,0.05,0.05,0.05,71,False,0.0
2022-08-11,E013_PIN_FLY,HYBRID,sell_atm_ce,exit,BUY,True,False,26.3168,26.3168,29.2668,29.2668,69,True,147.5
2022-08-11,E013_PIN_FLY,HYBRID,sell_atm_pe,exit,BUY,True,False,16.516,16.516,19.466,19.466,69,True,147.5
2022-08-25,E013_PIN_FLY,HYBRID,sell_atm_ce,entry,SELL,True,False,42.3692,42.3692,42.3692,39.4192,40,False,0.0
2022-08-25,E013_PIN_FLY,HYBRID,sell_atm_pe,entry,SELL,True,False,46.42,46.42,46.42,43.47,40,False,0.0
2022-08-25,E013_PIN_FLY,HYBRID,buy_wing_pe,entry,BUY,True,False,2.8129,2.8129,5.7629,5.7629,42,True,147.5
2022-08-25,E013_PIN_FLY,HYBRID,buy_wing_ce,entry,BUY,False,True,5.0386,5.0386,5.0386,5.0386,46,False,0.0
2022-08-25,E013_PIN_FLY,HYBRID,buy_wing_ce,exit,SELL,False,True,0.05,0.05,0.05,0.05,71,False,0.0
2022-08-25,E013_PIN_FLY,HYBRID,sell_atm_ce,exit,BUY,True,False,0.1,0.1,0.1,1.55,69,False,0.0
2022-08-25,E013_PIN_FLY,HYBRID,sell_atm_pe,exit,BUY,True,False,128.5154,128.5154,131.4654,131.4654,69,True,147.5
2022-08-25,E013_PIN_FLY,HYBRID,buy_wing_pe,exit,SELL,True,False,10.4298,10.4298,10.4298,7.4798,69,False,0.0
2022-09-07,E013_PIN_FLY,HYBRID,sell_atm_ce,entry,SELL,True,False,80.4855,80.4855,80.4855,77.5355,40,False,0.0
2022-09-07,E013_PIN_FLY,HYBRID,sell_atm_pe,entry,SELL,True,False,105.2863,105.2863,102.3363,102.3363,41,True,147.5
2022-09-07,E013_PIN_FLY,HYBRID,buy_wing_ce,entry,BUY,True,False,27.8467,27.8467,30.7967,30.7967,41,True,147.5
2022-09-07,E013_PIN_FLY,HYBRID,buy_wing_pe,entry,BUY,True,False,39.9035,39.9035,39.9035,42.8535,40,False,0.0
2022-09-07,E013_PIN_FLY,HYBRID,buy_wing_ce,exit,SELL,False,True,0.05,0.05,0.05,0.05,71,False,0.0
2022-09-07,E013_PIN_FLY,HYBRID,buy_wing_pe,exit,SELL,False,True,0.05,0.05,0.05,0.05,71,False,0.0
2022-09-07,E013_PIN_FLY,HYBRID,sell_atm_ce,exit,BUY,True,False,15.7252,15.7252,18.6752,18.6752,69,True,147.5
2022-09-07,E013_PIN_FLY,HYBRID,sell_atm_pe,exit,BUY,True,False,49.8248,49.8248,52.7748,52.7748,69,True,147.5
2022-09-08,E013_PIN_FLY,HYBRID,sell_atm_ce,entry,SELL,True,False,56.9407,56.9407,56.9407,53.9907,40,False,0.0
2022-09-08,E013_PIN_FLY,HYBRID,sell_atm_pe,entry,SELL,True,False,58.9915,58.9915,56.0415,56.0415,42,True,147.5
2022-09-08,E013_PIN_FLY,HYBRID,buy_wing_ce,entry,BUY,True,False,8.926,8.926,11.876,11.876,42,True,147.5
2022-09-08,E013_PIN_FLY,HYBRID,buy_wing_pe,entry,BUY,True,False,9.2473,9.2473,9.2473,12.1973,40,False,0.0
2022-09-08,E013_PIN_FLY,HYBRID,buy_wing_ce,exit,SELL,False,True,0.05,0.05,0.05,0.05,71,False,0.0
2022-09-08,E013_PIN_FLY,HYBRID,buy_wing_pe,exit,SELL,False,True,0.05,0.05,0.05,0.05,71,False,0.0
2022-09-08,E013_PIN_FLY,HYBRID,sell_atm_ce,exit,BUY,True,False,51.3795,51.3795,51.3795,54.3295,69,False,0.0
2022-09-08,E013_PIN_FLY,HYBRID,sell_atm_pe,exit,BUY,True,False,5.3795,5.3795,8.3295,8.3295,69,True,147.5
2022-10-06,E013_PIN_FLY,HYBRID,sell_atm_ce,entry,SELL,True,False,86.6799,86.6799,83.7299,83.7299,40,True,147.5
2022-10-06,E013_PIN_FLY,HYBRID,sell_atm_pe,entry,SELL,True,False,62.4299,62.4299,62.4299,59.4799,40,False,0.0
2022-10-06,E013_PIN_FLY,HYBRID,buy_wing_ce,entry,BUY,True,False,25.0858,25.0858,25.0858,28.0358,40,False,0.0
2022-10-06,E013_PIN_FLY,HYBRID,buy_wing_pe,entry,BUY,True,False,14.6928,14.6928,17.6428,17.6428,40,True,147.5
2022-10-06,E013_PIN_FLY,HYBRID,buy_wing_ce,exit,SELL,False,True,0.05,0.05,0.05,0.05,71,False,0.0
2022-10-06,E013_PIN_FLY,HYBRID,buy_wing_pe,exit,SELL,False,True,0.05,0.05,0.05,0.05,71,False,0.0
2022-10-06,E013_PIN_FLY,HYBRID,sell_atm_ce,exit,BUY,True,False,28.6872,28.6872,31.6372,31.6372,69,True,147.5
2022-10-06,E013_PIN_FLY,HYBRID,sell_atm_pe,exit,BUY,True,False,18.9372,18.9372,18.9372,21.8872,69,False,0.0
2022-10-19,E013_PIN_FLY,HYBRID,sell_atm_ce,entry,SELL,True,False,71.1899,71.1899,71.1899,68.2399,40,False,0.0
2022-10-19,E013_PIN_FLY,HYBRID,sell_atm_pe,entry,SELL,True,False,88.8403,88.8403,85.8903,85.8903,40,True,147.5
2022-10-19,E013_PIN_FLY,HYBRID,buy_wing_ce,entry,BUY,True,False,20.1685,20.1685,23.1185,23.1185,41,True,147.5
2022-10-19,E013_PIN_FLY,HYBRID,buy_wing_pe,entry,BUY,True,False,27.5248,27.5248,30.4748,30.4748,41,True,147.5
2022-10-19,E013_PIN_FLY,HYBRID,buy_wing_ce,exit,SELL,False,True,0.05,0.05,0.05,0.05,71,False,0.0
2022-10-19,E013_PIN_FLY,HYBRID,buy_wing_pe,exit,SELL,False,True,0.05,0.05,0.05,0.05,71,False,0.0
2022-10-19,E013_PIN_FLY,HYBRID,sell_atm_ce,exit,BUY,True,False,6.7878,6.7878,9.7378,9.7378,69,True,147.5
2022-10-19,E013_PIN_FLY,HYBRID,sell_atm_pe,exit,BUY,True,False,60.237,60.237,63.187,63.187,69,True,147.5
2022-11-02,E013_PIN_FLY,HYBRID,sell_atm_ce,entry,SELL,True,False,68.3441,68.3441,68.3441,65.3941,40,False,0.0
2022-11-02,E013_PIN_FLY,HYBRID,sell_atm_pe,entry,SELL,True,False,87.3949,87.3949,84.4449,84.4449,42,True,147.5
2022-11-02,E013_PIN_FLY,HYBRID,buy_wing_ce,entry,BUY,True,False,18.3685,18.3685,21.3185,21.3185,42,True,147.5
2022-11-02,E013_PIN_FLY,HYBRID,buy_wing_pe,entry,BUY,True,False,26.1379,26.1379,26.1379,29.0879,40,False,0.0
2022-11-02,E013_PIN_FLY,HYBRID,buy_wing_ce,exit,SELL,False,True,0.05,0.05,0.05,0.05,71,False,0.0
2022-11-02,E013_PIN_FLY,HYBRID,buy_wing_pe,exit,SELL,False,True,0.05,0.05,0.05,0.05,71,False,0.0
2022-11-02,E013_PIN_FLY,HYBRID,sell_atm_ce,exit,BUY,True,False,12.2554,12.2554,15.2054,15.2054,69,True,147.5
2022-11-02,E013_PIN_FLY,HYBRID,sell_atm_pe,exit,BUY,True,False,42.8062,42.8062,45.7562,45.7562,69,True,147.5
2022-11-16,E013_PIN_FLY,HYBRID,sell_atm_pe,entry,SELL,True,False,49.7753,49.7753,49.7753,46.8253,40,False,0.0
2022-11-16,E013_PIN_FLY,HYBRID,buy_wing_ce,entry,BUY,True,False,15.1365,15.1365,18.0865,18.0865,40,True,147.5
2022-11-16,E013_PIN_FLY,HYBRID,buy_wing_pe,entry,BUY,True,False,7.3768,7.3768,7.3768,10.3268,45,False,0.0
2022-11-16,E013_PIN_FLY,HYBRID,sell_atm_ce,entry,SELL,False,True,59.7406,59.7406,59.7406,59.7406,46,False,0.0
2022-11-16,E013_PIN_FLY,HYBRID,buy_wing_ce,exit,SELL,False,True,0.05,0.05,0.05,0.05,71,False,0.0
2022-11-16,E013_PIN_FLY,HYBRID,buy_wing_pe,exit,SELL,False,True,0.05,0.05,0.05,0.05,71,False,0.0
2022-11-16,E013_PIN_FLY,HYBRID,sell_atm_ce,exit,BUY,True,False,18.8825,18.8825,18.8825,21.8325,69,False,0.0
2022-11-16,E013_PIN_FLY,HYBRID,sell_atm_pe,exit,BUY,True,False,19.1325,19.1325,22.0825,22.0825,69,True,147.5
2022-11-17,E013_PIN_FLY,HYBRID,sell_atm_ce,entry,SELL,True,False,35.8213,35.8213,35.8213,32.8713,41,False,0.0
2022-11-17,E013_PIN_FLY,HYBRID,sell_atm_pe,entry,SELL,True,False,44.6221,44.6221,44.6221,41.6721,40,False,0.0
2022-11-17,E013_PIN_FLY,HYBRID,buy_wing_ce,entry,BUY,False,True,2.7588,2.7588,2.7588,2.7588,46,False,0.0
2022-11-17,E013_PIN_FLY,HYBRID,buy_wing_pe,entry,BUY,False,True,3.4281,3.4281,3.4281,3.4281,46,False,0.0
2022-11-17,E013_PIN_FLY,HYBRID,buy_wing_ce,exit,SELL,False,True,0.05,0.05,0.05,0.05,71,False,0.0
2022-11-17,E013_PIN_FLY,HYBRID,buy_wing_pe,exit,SELL,False,True,0.05,0.05,0.05,0.05,71,False,0.0
2022-11-17,E013_PIN_FLY,HYBRID,sell_atm_ce,exit,BUY,True,False,4.4638,4.4638,7.4138,7.4138,70,True,147.5
2022-11-17,E013_PIN_FLY,HYBRID,sell_atm_pe,exit,BUY,True,False,30.413,30.413,30.413,33.363,69,False,0.0
2022-11-23,E013_PIN_FLY,HYBRID,sell_atm_ce,entry,SELL,True,False,64.9681,64.9681,64.9681,62.0181,44,False,0.0
2022-11-23,E013_PIN_FLY,HYBRID,buy_wing_ce,entry,BUY,True,False,10.0388,10.0388,10.0388,12.9888,43,False,0.0
2022-11-23,E013_PIN_FLY,HYBRID,buy_wing_pe,entry,BUY,True,False,4.5107,4.5107,7.4607,7.4607,43,True,147.5
2022-11-23,E013_PIN_FLY,HYBRID,sell_atm_pe,entry,SELL,False,True,33.6175,33.6175,33.6175,33.6175,46,False,0.0
2022-11-23,E013_PIN_FLY,HYBRID,sell_atm_pe,exit,BUY,False,True,3.0661,3.0661,3.0661,3.0661,71,False,0.0
2022-11-23,E013_PIN_FLY,HYBRID,buy_wing_ce,exit,SELL,False,True,0.05,0.05,0.05,0.05,71,False,0.0
2022-11-23,E013_PIN_FLY,HYBRID,buy_wing_pe,exit,SELL,False,True,0.05,0.05,0.05,0.05,71,False,0.0
2022-11-23,E013_PIN_FLY,HYBRID,sell_atm_ce,exit,BUY,True,False,60.4845,60.4845,63.4345,63.4345,69,True,147.5
2022-11-30,E013_PIN_FLY,HYBRID,sell_atm_ce,entry,SELL,True,False,68.051,68.051,68.051,65.101,40,False,0.0
2022-11-30,E013_PIN_FLY,HYBRID,sell_atm_pe,entry,SELL,True,False,68.2502,68.2502,68.2502,65.3002,43,False,0.0
2022-11-30,E013_PIN_FLY,HYBRID,buy_wing_ce,entry,BUY,True,False,15.5713,15.5713,18.5213,18.5213,42,True,147.5
2022-11-30,E013_PIN_FLY,HYBRID,buy_wing_pe,entry,BUY,True,False,15.2862,15.2862,15.2862,18.2362,42,False,0.0
2022-11-30,E013_PIN_FLY,HYBRID,buy_wing_ce,exit,SELL,False,True,0.05,0.05,0.05,0.05,71,False,0.0
2022-11-30,E013_PIN_FLY,HYBRID,buy_wing_pe,exit,SELL,False,True,0.05,0.05,0.05,0.05,71,False,0.0
2022-11-30,E013_PIN_FLY,HYBRID,sell_atm_ce,exit,BUY,True,False,36.8172,36.8172,36.8172,39.7672,69,False,0.0
2022-11-30,E013_PIN_FLY,HYBRID,sell_atm_pe,exit,BUY,True,False,10.868,10.868,13.818,13.818,69,True,147.5
2022-12-01,E013_PIN_FLY,HYBRID,sell_atm_ce,entry,SELL,True,False,39.9933,39.9933,39.9933,37.0433,40,False,0.0
2022-12-01,E013_PIN_FLY,HYBRID,sell_atm_pe,entry,SELL,True,False,44.8937,44.8937,41.9437,41.9437,40,True,147.5
2022-12-01,E013_PIN_FLY,HYBRID,buy_wing_ce,entry,BUY,False,True,3.3019,3.3019,3.3019,3.3019,46,False,0.0
2022-12-01,E013_PIN_FLY,HYBRID,buy_wing_pe,entry,BUY,False,True,3.9272,3.9272,3.9272,3.9272,46,False,0.0
2022-12-01,E013_PIN_FLY,HYBRID,buy_wing_ce,exit,SELL,False,True,0.05,0.05,0.05,0.05,71,False,0.0
2022-12-01,E013_PIN_FLY,HYBRID,buy_wing_pe,exit,SELL,False,True,0.05,0.05,0.05,0.05,71,False,0.0
2022-12-01,E013_PIN_FLY,HYBRID,sell_atm_ce,exit,BUY,True,False,7.5487,7.5487,10.4987,10.4987,69,True,147.5
2022-12-01,E013_PIN_FLY,HYBRID,sell_atm_pe,exit,BUY,True,False,25.6991,25.6991,25.6991,28.6491,69,False,0.0
2022-12-07,E013_PIN_FLY,HYBRID,sell_atm_ce,entry,SELL,True,False,70.159,70.159,70.159,67.209,40,False,0.0
2022-12-07,E013_PIN_FLY,HYBRID,sell_atm_pe,entry,SELL,True,False,76.2586,76.2586,76.2586,73.3086,41,False,0.0
2022-12-07,E013_PIN_FLY,HYBRID,buy_wing_ce,entry,BUY,True,False,17.8748,17.8748,17.8748,20.8248,41,False,0.0
2022-12-07,E013_PIN_FLY,HYBRID,buy_wing_pe,entry,BUY,True,False,19.9316,19.9316,22.8816,22.8816,43,True,147.5
2022-12-07,E013_PIN_FLY,HYBRID,buy_wing_ce,exit,SELL,False,True,0.05,0.05,0.05,0.05,71,False,0.0
2022-12-07,E013_PIN_FLY,HYBRID,buy_wing_pe,exit,SELL,False,True,0.05,0.05,0.05,0.05,71,False,0.0
2022-12-07,E013_PIN_FLY,HYBRID,sell_atm_ce,exit,BUY,True,False,29.8829,29.8829,32.8329,32.8329,69,True,147.5
2022-12-07,E013_PIN_FLY,HYBRID,sell_atm_pe,exit,BUY,True,False,17.6329,17.6329,20.5829,20.5829,69,True,147.5
2022-12-14,E013_PIN_FLY,HYBRID,sell_atm_ce,entry,SELL,True,False,82.2507,82.2507,82.2507,79.3007,41,False,0.0
2022-12-14,E013_PIN_FLY,HYBRID,buy_wing_ce,entry,BUY,True,False,21.9296,21.9296,24.8796,24.8796,43,True,147.5
2022-12-14,E013_PIN_FLY,HYBRID,buy_wing_pe,entry,BUY,True,False,12.8445,12.8445,15.7945,15.7945,41,True,147.5
2022-12-14,E013_PIN_FLY,HYBRID,sell_atm_pe,entry,SELL,False,True,47.328,47.328,47.328,47.328,46,False,0.0
2022-12-14,E013_PIN_FLY,HYBRID,buy_wing_ce,exit,SELL,False,True,0.05,0.05,0.05,0.05,71,False,0.0
2022-12-14,E013_PIN_FLY,HYBRID,buy_wing_pe,exit,SELL,False,True,0.05,0.05,0.05,0.05,71,False,0.0
2022-12-14,E013_PIN_FLY,HYBRID,sell_atm_ce,exit,BUY,True,False,32.514,32.514,35.464,35.464,69,True,147.5
2022-12-14,E013_PIN_FLY,HYBRID,sell_atm_pe,exit,BUY,True,False,14.3148,14.3148,17.2648,17.2648,69,True,147.5
2022-12-28,E013_PIN_FLY,HYBRID,sell_atm_ce,entry,SELL,True,False,57.5437,57.5437,57.5437,54.5937,40,False,0.0
2022-12-28,E013_PIN_FLY,HYBRID,sell_atm_pe,entry,SELL,True,False,72.7429,72.7429,72.7429,69.7929,41,False,0.0
2022-12-28,E013_PIN_FLY,HYBRID,buy_wing_ce,entry,BUY,True,False,10.9788,10.9788,10.9788,13.9288,41,False,0.0
2022-12-28,E013_PIN_FLY,HYBRID,buy_wing_pe,entry,BUY,True,False,15.9021,15.9021,15.9021,18.8521,40,False,0.0
2022-12-28,E013_PIN_FLY,HYBRID,buy_wing_ce,exit,SELL,False,True,0.05,0.05,0.05,0.05,71,False,0.0
2022-12-28,E013_PIN_FLY,HYBRID,buy_wing_pe,exit,SELL,False,True,0.05,0.05,0.05,0.05,71,False,0.0
2022-12-28,E013_PIN_FLY,HYBRID,sell_atm_ce,exit,BUY,True,False,7.8785,7.8785,7.8785,10.8285,69,False,0.0
2022-12-28,E013_PIN_FLY,HYBRID,sell_atm_pe,exit,BUY,True,False,40.3785,40.3785,43.3285,43.3285,69,True,147.5
2022-12-29,E013_PIN_FLY,HYBRID,sell_atm_ce,entry,SELL,True,False,49.5218,49.5218,49.5218,46.5718,40,False,0.0
2022-12-29,E013_PIN_FLY,HYBRID,sell_atm_pe,entry,SELL,True,False,30.471,30.471,30.471,27.521,41,False,0.0
2022-12-29,E013_PIN_FLY,HYBRID,buy_wing_ce,entry,BUY,False,True,6.2013,6.2013,6.2013,6.2013,46,False,0.0
2022-12-29,E013_PIN_FLY,HYBRID,buy_wing_pe,entry,BUY,False,True,1.8273,1.8273,1.8273,1.8273,46,False,0.0
2022-12-29,E013_PIN_FLY,HYBRID,sell_atm_ce,exit,BUY,False,True,197.1504,197.1504,197.1504,197.1504,71,False,0.0
2022-12-29,E013_PIN_FLY,HYBRID,buy_wing_pe,exit,SELL,False,True,0.05,0.05,0.05,0.05,71,False,0.0
2022-12-29,E013_PIN_FLY,HYBRID,sell_atm_pe,exit,BUY,True,False,0.1,0.1,0.1,1.55,69,False,0.0
2022-12-29,E013_PIN_FLY,HYBRID,buy_wing_ce,exit,SELL,True,False,12.3011,12.3011,9.3511,9.3511,69,True,147.5
2023-03-01,E013_PIN_FLY,HYBRID,sell_atm_ce,entry,SELL,True,False,76.2586,76.2586,76.2586,73.3086,43,False,0.0
2023-03-01,E013_PIN_FLY,HYBRID,sell_atm_pe,entry,SELL,True,False,60.659,60.659,60.659,57.709,40,False,0.0
2023-03-01,E013_PIN_FLY,HYBRID,buy_wing_ce,entry,BUY,True,False,18.7328,18.7328,21.6828,21.6828,41,True,147.5
2023-03-01,E013_PIN_FLY,HYBRID,buy_wing_pe,entry,BUY,True,False,12.5697,12.5697,15.5197,15.5197,42,True,147.5
2023-03-01,E013_PIN_FLY,HYBRID,buy_wing_ce,exit,SELL,False,True,0.05,0.05,0.05,0.05,71,False,0.0
2023-03-01,E013_PIN_FLY,HYBRID,buy_wing_pe,exit,SELL,False,True,0.05,0.05,0.05,0.05,71,False,0.0
2023-03-01,E013_PIN_FLY,HYBRID,sell_atm_ce,exit,BUY,True,False,55.5963,55.5963,58.5463,58.5463,69,True,147.5
2023-03-01,E013_PIN_FLY,HYBRID,sell_atm_pe,exit,BUY,True,False,4.4967,4.4967,7.4467,7.4467,69,True,147.5
2023-03-22,E013_PIN_FLY,HYBRID,sell_atm_pe,entry,SELL,True,False,73.0741,73.0741,70.1241,70.1241,40,True,147.5
2023-03-22,E013_PIN_FLY,HYBRID,buy_wing_ce,entry,BUY,True,False,21.4798,21.4798,24.4298,24.4298,40,True,147.5
2023-03-22,E013_PIN_FLY,HYBRID,buy_wing_pe,entry,BUY,True,False,19.2215,19.2215,22.1715,22.1715,45,True,147.5
2023-03-22,E013_PIN_FLY,HYBRID,sell_atm_ce,entry,SELL,False,True,62.0967,62.0967,62.0967,62.0967,46,False,0.0
2023-03-22,E013_PIN_FLY,HYBRID,buy_wing_ce,exit,SELL,False,True,0.05,0.05,0.05,0.05,71,False,0.0
2023-03-22,E013_PIN_FLY,HYBRID,buy_wing_pe,exit,SELL,False,True,0.05,0.05,0.05,0.05,71,False,0.0
2023-03-22,E013_PIN_FLY,HYBRID,sell_atm_ce,exit,BUY,True,False,19.754,19.754,22.704,22.704,69,True,147.5
2023-03-22,E013_PIN_FLY,HYBRID,sell_atm_pe,exit,BUY,True,False,28.6544,28.6544,31.6044,31.6044,69,True,147.5
2023-04-12,E013_PIN_FLY,HYBRID,sell_atm_ce,entry,SELL,True,False,62.9253,62.9253,62.9253,59.9753,42,False,0.0
2023-04-12,E013_PIN_FLY,HYBRID,sell_atm_pe,entry,SELL,True,False,41.5757,41.5757,41.5757,38.6257,40,False,0.0
2023-04-12,E013_PIN_FLY,HYBRID,buy_wing_ce,entry,BUY,True,False,8.6473,8.6473,11.5973,11.5973,42,True,147.5
2023-04-12,E013_PIN_FLY,HYBRID,buy_wing_pe,entry,BUY,True,False,3.4357,3.4357,3.4357,6.3857,44,False,0.0
2023-04-12,E013_PIN_FLY,HYBRID,buy_wing_ce,exit,SELL,False,True,0.05,0.05,0.05,0.05,71,False,0.0
2023-04-12,E013_PIN_FLY,HYBRID,buy_wing_pe,exit,SELL,False,True,0.05,0.05,0.05,0.05,71,False,0.0
2023-04-12,E013_PIN_FLY,HYBRID,sell_atm_ce,exit,BUY,True,False,33.5636,33.5636,33.5636,36.5136,69,False,0.0
2023-04-12,E013_PIN_FLY,HYBRID,sell_atm_pe,exit,BUY,True,False,5.214,5.214,8.164,8.164,69,True,147.5
2023-04-19,E013_PIN_FLY,HYBRID,sell_atm_pe,entry,SELL,True,False,43.5711,43.5711,40.6211,40.6211,40,True,147.5
2023-04-19,E013_PIN_FLY,HYBRID,buy_wing_ce,entry,BUY,True,False,6.223,6.223,9.173,9.173,42,True,147.5
2023-04-19,E013_PIN_FLY,HYBRID,sell_atm_ce,entry,SELL,False,True,39.9544,39.9544,39.9544,39.9544,46,False,0.0
2023-04-19,E013_PIN_FLY,HYBRID,buy_wing_pe,entry,BUY,False,True,5.8484,5.8484,5.8484,5.8484,46,False,0.0
2023-04-19,E013_PIN_FLY,HYBRID,sell_atm_ce,exit,BUY,False,True,2.6867,2.6867,2.6867,2.6867,71,False,0.0
2023-04-19,E013_PIN_FLY,HYBRID,buy_wing_ce,exit,SELL,False,True,0.05,0.05,0.05,0.05,71,False,0.0
2023-04-19,E013_PIN_FLY,HYBRID,buy_wing_pe,exit,SELL,False,True,0.05,0.05,0.05,0.05,71,False,0.0
2023-04-19,E013_PIN_FLY,HYBRID,sell_atm_pe,exit,BUY,True,False,54.3279,54.3279,57.2779,57.2779,69,True,147.5
2023-05-03,E013_PIN_FLY,HYBRID,sell_atm_ce,entry,SELL,True,False,42.9631,42.9631,42.9631,40.0131,40,False,0.0
2023-05-03,E013_PIN_FLY,HYBRID,sell_atm_pe,entry,SELL,True,False,63.1623,63.1623,63.1623,60.2123,40,False,0.0
2023-05-03,E013_PIN_FLY,HYBRID,buy_wing_ce,entry,BUY,True,False,4.0705,4.0705,7.0205,7.0205,45,True,147.5
2023-05-03,E013_PIN_FLY,HYBRID,buy_wing_pe,entry,BUY,True,False,8.7534,8.7534,11.7034,11.7034,42,True,147.5
2023-05-03,E013_PIN_FLY,HYBRID,buy_wing_ce,exit,SELL,False,True,0.05,0.05,0.05,0.05,71,False,0.0
2023-05-03,E013_PIN_FLY,HYBRID,buy_wing_pe,exit,SELL,False,True,0.05,0.05,0.05,0.05,71,False,0.0
2023-05-03,E013_PIN_FLY,HYBRID,sell_atm_ce,exit,BUY,True,False,6.7649,6.7649,9.7149,9.7149,69,True,147.5
2023-05-03,E013_PIN_FLY,HYBRID,sell_atm_pe,exit,BUY,True,False,30.4153,30.4153,33.3653,33.3653,69,True,147.5
2023-06-01,E013_PIN_FLY,HYBRID,sell_atm_ce,entry,SELL,True,False,46.4949,46.4949,46.4949,43.5449,40,False,0.0
2023-06-01,E013_PIN_FLY,HYBRID,sell_atm_pe,entry,SELL,True,False,41.9949,41.9949,39.0449,39.0449,41,True,147.5
2023-06-01,E013_PIN_FLY,HYBRID,buy_wing_ce,entry,BUY,True,False,2.9308,2.9308,5.8808,5.8808,43,True,147.5
2023-06-01,E013_PIN_FLY,HYBRID,buy_wing_pe,entry,BUY,False,True,4.3002,4.3002,4.3002,4.3002,46,False,0.0
2023-06-01,E013_PIN_FLY,HYBRID,buy_wing_ce,exit,SELL,False,True,0.05,0.05,0.05,0.05,71,False,0.0
2023-06-01,E013_PIN_FLY,HYBRID,buy_wing_pe,exit,SELL,False,True,0.05,0.05,0.05,0.05,71,False,0.0
2023-06-01,E013_PIN_FLY,HYBRID,sell_atm_ce,exit,BUY,True,False,5.7318,5.7318,8.6818,8.6818,69,True,147.5
2023-06-01,E013_PIN_FLY,HYBRID,sell_atm_pe,exit,BUY,True,False,32.0318,32.0318,32.0318,34.9818,69,False,0.0
2023-06-07,E013_PIN_FLY,HYBRID,sell_atm_ce,entry,SELL,True,False,54.6692,54.6692,51.7192,51.7192,40,True,147.5
2023-06-07,E013_PIN_FLY,HYBRID,buy_wing_pe,entry,BUY,True,False,2.842,2.842,5.792,5.792,42,True,147.5
2023-06-07,E013_PIN_FLY,HYBRID,sell_atm_pe,entry,SELL,False,True,27.1636,27.1636,27.1636,27.1636,46,False,0.0
2023-06-07,E013_PIN_FLY,HYBRID,buy_wing_ce,entry,BUY,False,True,8.279,8.279,8.279,8.279,46,False,0.0
2023-06-07,E013_PIN_FLY,HYBRID,buy_wing_ce,exit,SELL,False,True,0.05,0.05,0.05,0.05,71,False,0.0
2023-06-07,E013_PIN_FLY,HYBRID,buy_wing_pe,exit,SELL,False,True,0.05,0.05,0.05,0.05,71,False,0.0
2023-06-07,E013_PIN_FLY,HYBRID,sell_atm_ce,exit,BUY,True,False,63.8941,63.8941,63.8941,66.8441,69,False,0.0
2023-06-07,E013_PIN_FLY,HYBRID,sell_atm_pe,exit,BUY,True,False,0.1,0.1,0.1,2.4441,70,False,0.0
2023-06-14,E013_PIN_FLY,HYBRID,sell_atm_ce,entry,SELL,True,False,48.7218,48.7218,48.7218,45.7718,40,False,0.0
2023-06-14,E013_PIN_FLY,HYBRID,buy_wing_ce,entry,BUY,True,False,5.6086,5.6086,8.5586,8.5586,44,True,147.5
2023-06-14,E013_PIN_FLY,HYBRID,buy_wing_pe,entry,BUY,True,False,7.8918,7.8918,10.8418,10.8418,41,True,147.5
2023-06-14,E013_PIN_FLY,HYBRID,sell_atm_pe,entry,SELL,False,True,47.994,47.994,47.994,47.994,46,False,0.0
2023-06-14,E013_PIN_FLY,HYBRID,buy_wing_ce,exit,SELL,False,True,0.05,0.05,0.05,0.05,71,False,0.0
2023-06-14,E013_PIN_FLY,HYBRID,buy_wing_pe,exit,SELL,False,True,0.05,0.05,0.05,0.05,71,False,0.0
2023-06-14,E013_PIN_FLY,HYBRID,sell_atm_ce,exit,BUY,True,False,20.6229,20.6229,23.5729,23.5729,69,True,147.5
2023-06-14,E013_PIN_FLY,HYBRID,sell_atm_pe,exit,BUY,True,False,12.9229,12.9229,15.8729,15.8729,69,True,147.5
2023-07-05,E013_PIN_FLY,HYBRID,sell_atm_ce,entry,SELL,True,False,48.6593,48.6593,48.6593,45.7093,40,False,0.0
2023-07-05,E013_PIN_FLY,HYBRID,sell_atm_pe,entry,SELL,True,False,65.0593,65.0593,65.0593,62.1093,40,False,0.0
2023-07-05,E013_PIN_FLY,HYBRID,buy_wing_ce,entry,BUY,True,False,6.2874,6.2874,6.2874,9.2374,42,False,0.0
2023-07-05,E013_PIN_FLY,HYBRID,buy_wing_pe,entry,BUY,True,False,10.609,10.609,13.559,13.559,42,True,147.5
2023-07-05,E013_PIN_FLY,HYBRID,buy_wing_ce,exit,SELL,False,True,0.05,0.05,0.05,0.05,71,False,0.0
2023-07-05,E013_PIN_FLY,HYBRID,buy_wing_pe,exit,SELL,False,True,0.05,0.05,0.05,0.05,71,False,0.0
2023-07-05,E013_PIN_FLY,HYBRID,sell_atm_ce,exit,BUY,True,False,3.3653,3.3653,3.3653,6.3153,69,False,0.0
2023-07-05,E013_PIN_FLY,HYBRID,sell_atm_pe,exit,BUY,True,False,45.8653,45.8653,48.8153,48.8153,69,True,147.5
2023-08-16,E013_PIN_FLY,HYBRID,sell_atm_ce,entry,SELL,True,False,65.0102,65.0102,62.0602,62.0602,40,True,147.5
2023-08-16,E013_PIN_FLY,HYBRID,sell_atm_pe,entry,SELL,True,False,63.9102,63.9102,63.9102,60.9602,40,False,0.0
2023-08-16,E013_PIN_FLY,HYBRID,buy_wing_ce,entry,BUY,True,False,13.3629,13.3629,13.3629,16.3129,43,False,0.0
2023-08-16,E013_PIN_FLY,HYBRID,buy_wing_pe,entry,BUY,True,False,12.6761,12.6761,12.6761,15.6261,41,False,0.0
2023-08-16,E013_PIN_FLY,HYBRID,buy_wing_ce,exit,SELL,False,True,0.05,0.05,0.05,0.05,71,False,0.0
2023-08-16,E013_PIN_FLY,HYBRID,buy_wing_pe,exit,SELL,False,True,0.05,0.05,0.05,0.05,71,False,0.0
2023-08-16,E013_PIN_FLY,HYBRID,sell_atm_ce,exit,BUY,True,False,38.3337,38.3337,41.2837,41.2837,69,True,147.5
2023-08-16,E013_PIN_FLY,HYBRID,sell_atm_pe,exit,BUY,True,False,7.5837,7.5837,10.5337,10.5337,69,True,147.5
2023-08-30,E013_PIN_FLY,HYBRID,sell_atm_pe,entry,SELL,True,False,51.7875,51.7875,48.8375,48.8375,40,True,147.5
2023-08-30,E013_PIN_FLY,HYBRID,buy_wing_ce,entry,BUY,True,False,3.7737,3.7737,3.7737,6.7237,42,False,0.0
2023-08-30,E013_PIN_FLY,HYBRID,sell_atm_ce,entry,SELL,False,True,32.6871,32.6871,32.6871,32.6871,46,False,0.0
2023-08-30,E013_PIN_FLY,HYBRID,buy_wing_pe,entry,BUY,False,True,6.8985,6.8985,6.8985,6.8985,46,False,0.0
2023-08-30,E013_PIN_FLY,HYBRID,buy_wing_ce,exit,SELL,False,True,0.05,0.05,0.05,0.05,71,False,0.0
2023-08-30,E013_PIN_FLY,HYBRID,buy_wing_pe,exit,SELL,False,True,0.05,0.05,0.05,0.05,71,False,0.0
2023-08-30,E013_PIN_FLY,HYBRID,sell_atm_ce,exit,BUY,True,False,0.1,0.1,1.9405,1.9405,69,True,92.0228
2023-08-30,E013_PIN_FLY,HYBRID,sell_atm_pe,exit,BUY,True,False,76.5905,76.5905,76.5905,79.5405,69,False,0.0
2023-09-06,E013_PIN_FLY,HYBRID,sell_atm_pe,entry,SELL,True,False,54.6189,54.6189,51.6689,51.6689,40,True,147.5
2023-09-06,E013_PIN_FLY,HYBRID,buy_wing_ce,entry,BUY,True,False,4.0391,4.0391,6.9891,6.9891,41,True,147.5
2023-09-06,E013_PIN_FLY,HYBRID,sell_atm_ce,entry,SELL,False,True,24.3736,24.3736,24.3736,24.3736,46,False,0.0
2023-09-06,E013_PIN_FLY,HYBRID,buy_wing_pe,entry,BUY,False,True,10.6726,10.6726,10.6726,10.6726,46,False,0.0
2023-09-06,E013_PIN_FLY,HYBRID,buy_wing_ce,exit,SELL,False,True,0.05,0.05,0.05,0.05,71,False,0.0
2023-09-06,E013_PIN_FLY,HYBRID,buy_wing_pe,exit,SELL,False,True,0.05,0.05,0.05,0.05,71,False,0.0
2023-09-06,E013_PIN_FLY,HYBRID,sell_atm_ce,exit,BUY,True,False,12.8691,12.8691,12.8691,15.8191,69,False,0.0
2023-09-06,E013_PIN_FLY,HYBRID,sell_atm_pe,exit,BUY,True,False,17.8691,17.8691,20.8191,20.8191,69,True,147.5
2023-10-11,E013_PIN_FLY,HYBRID,sell_atm_pe,entry,SELL,True,False,63.7533,63.7533,60.8033,60.8033,40,True,147.5
2023-10-11,E013_PIN_FLY,HYBRID,buy_wing_ce,entry,BUY,True,False,15.696,15.696,15.696,18.646,41,False,0.0
2023-10-11,E013_PIN_FLY,HYBRID,buy_wing_pe,entry,BUY,True,False,13.2543,13.2543,16.2043,16.2043,44,True,147.5
2023-10-11,E013_PIN_FLY,HYBRID,sell_atm_ce,entry,SELL,False,True,56.4242,56.4242,56.4242,56.4242,46,False,0.0
2023-10-11,E013_PIN_FLY,HYBRID,buy_wing_ce,exit,SELL,False,True,0.05,0.05,0.05,0.05,71,False,0.0
2023-10-11,E013_PIN_FLY,HYBRID,buy_wing_pe,exit,SELL,False,True,0.05,0.05,0.05,0.05,71,False,0.0
2023-10-11,E013_PIN_FLY,HYBRID,sell_atm_ce,exit,BUY,True,False,34.4446,34.4446,37.3946,37.3946,69,True,147.5
2023-10-11,E013_PIN_FLY,HYBRID,sell_atm_pe,exit,BUY,True,False,11.3446,11.3446,14.2946,14.2946,69,True,147.5
2023-10-12,E013_PIN_FLY,HYBRID,sell_atm_ce,entry,SELL,True,False,47.9022,47.9022,47.9022,44.9522,43,False,0.0
2023-10-12,E013_PIN_FLY,HYBRID,sell_atm_pe,entry,SELL,True,False,30.5522,30.5522,27.6022,27.6022,40,True,147.5
2023-10-12,E013_PIN_FLY,HYBRID,buy_wing_ce,entry,BUY,True,False,1.8298,1.8298,4.7798,4.7798,45,True,147.5
2023-10-12,E013_PIN_FLY,HYBRID,buy_wing_pe,entry,BUY,False,True,2.4303,2.4303,2.4303,2.4303,46,False,0.0
2023-10-12,E013_PIN_FLY,HYBRID,buy_wing_ce,exit,SELL,False,True,0.05,0.05,0.05,0.05,71,False,0.0
2023-10-12,E013_PIN_FLY,HYBRID,buy_wing_pe,exit,SELL,False,True,0.05,0.05,0.05,0.05,71,False,0.0
2023-10-12,E013_PIN_FLY,HYBRID,sell_atm_ce,exit,BUY,True,False,10.7547,10.7547,10.7547,13.7047,69,False,0.0
2023-10-12,E013_PIN_FLY,HYBRID,sell_atm_pe,exit,BUY,True,False,16.6547,16.6547,19.6047,19.6047,69,True,147.5
2023-11-01,E013_PIN_FLY,HYBRID,sell_atm_ce,entry,SELL,True,False,64.5821,64.5821,64.5821,61.6321,40,False,0.0
2023-11-01,E013_PIN_FLY,HYBRID,sell_atm_pe,entry,SELL,True,False,68.5821,68.5821,65.6321,65.6321,40,True,147.5
2023-11-01,E013_PIN_FLY,HYBRID,buy_wing_ce,entry,BUY,True,False,13.8383,13.8383,16.7883,16.7883,40,True,147.5
2023-11-01,E013_PIN_FLY,HYBRID,buy_wing_pe,entry,BUY,True,False,14.9347,14.9347,17.8847,17.8847,43,True,147.5
2023-11-01,E013_PIN_FLY,HYBRID,buy_wing_ce,exit,SELL,False,True,0.05,0.05,0.05,0.05,71,False,0.0
2023-11-01,E013_PIN_FLY,HYBRID,buy_wing_pe,exit,SELL,False,True,0.05,0.05,0.05,0.05,71,False,0.0
2023-11-01,E013_PIN_FLY,HYBRID,sell_atm_ce,exit,BUY,True,False,6.3117,6.3117,9.2617,9.2617,69,True,147.5
2023-11-01,E013_PIN_FLY,HYBRID,sell_atm_pe,exit,BUY,True,False,46.7617,46.7617,49.7117,49.7117,69,True,147.5
2023-11-08,E013_PIN_FLY,HYBRID,sell_atm_pe,entry,SELL,True,False,70.9105,70.9105,70.9105,67.9605,40,False,0.0
2023-11-08,E013_PIN_FLY,HYBRID,buy_wing_ce,entry,BUY,True,False,8.4323,8.4323,8.4323,11.3823,43,False,0.0
2023-11-08,E013_PIN_FLY,HYBRID,buy_wing_pe,entry,BUY,True,False,14.0453,14.0453,16.9953,16.9953,42,True,147.5
2023-11-08,E013_PIN_FLY,HYBRID,sell_atm_ce,entry,SELL,False,True,46.0508,46.0508,46.0508,46.0508,46,False,0.0
2023-11-08,E013_PIN_FLY,HYBRID,buy_wing_ce,exit,SELL,False,True,0.05,0.05,0.05,0.05,71,False,0.0
2023-11-08,E013_PIN_FLY,HYBRID,buy_wing_pe,exit,SELL,False,True,0.05,0.05,0.05,0.05,71,False,0.0
2023-11-08,E013_PIN_FLY,HYBRID,sell_atm_ce,exit,BUY,True,False,11.871,11.871,14.821,14.821,69,True,147.5
2023-11-08,E013_PIN_FLY,HYBRID,sell_atm_pe,exit,BUY,True,False,28.521,28.521,31.471,31.471,69,True,147.5
2023-11-09,E013_PIN_FLY,HYBRID,sell_atm_pe,entry,SELL,True,False,41.7435,41.7435,38.7935,38.7935,41,True,147.5
2023-11-09,E013_PIN_FLY,HYBRID,sell_atm_ce,entry,SELL,False,True,24.8811,24.8811,24.8811,24.8811,46,False,0.0
2023-11-09,E013_PIN_FLY,HYBRID,buy_wing_ce,entry,BUY,False,True,2.3218,2.3218,2.3218,2.3218,46,False,0.0
2023-11-09,E013_PIN_FLY,HYBRID,buy_wing_pe,entry,BUY,False,True,3.5311,3.5311,3.5311,3.5311,46,False,0.0
2023-11-09,E013_PIN_FLY,HYBRID,buy_wing_ce,exit,SELL,False,True,0.05,0.05,0.05,0.05,71,False,0.0
2023-11-09,E013_PIN_FLY,HYBRID,buy_wing_pe,exit,SELL,False,True,0.05,0.05,0.05,0.05,71,False,0.0
2023-11-09,E013_PIN_FLY,HYBRID,sell_atm_ce,exit,BUY,True,False,0.1,0.1,0.1,2.9078,71,False,0.0
2023-11-09,E013_PIN_FLY,HYBRID,sell_atm_pe,exit,BUY,True,False,52.4578,52.4578,52.4578,55.4078,69,False,0.0
2023-11-15,E013_PIN_FLY,HYBRID,sell_atm_ce,entry,SELL,True,False,50.5943,50.5943,50.5943,47.6443,40,False,0.0
2023-11-15,E013_PIN_FLY,HYBRID,buy_wing_ce,entry,BUY,True,False,7.5618,7.5618,10.5118,10.5118,44,True,147.5
2023-11-15,E013_PIN_FLY,HYBRID,buy_wing_pe,entry,BUY,True,False,13.1479,13.1479,16.0979,16.0979,41,True,147.5
2023-11-15,E013_PIN_FLY,HYBRID,sell_atm_pe,entry,SELL,False,True,59.1295,59.1295,59.1295,59.1295,46,False,0.0
2023-11-15,E013_PIN_FLY,HYBRID,buy_wing_ce,exit,SELL,False,True,0.05,0.05,0.05,0.05,71,False,0.0
2023-11-15,E013_PIN_FLY,HYBRID,buy_wing_pe,exit,SELL,False,True,0.05,0.05,0.05,0.05,71,False,0.0
2023-11-15,E013_PIN_FLY,HYBRID,sell_atm_ce,exit,BUY,True,False,16.0461,16.0461,16.0461,18.9961,69,False,0.0
2023-11-15,E013_PIN_FLY,HYBRID,sell_atm_pe,exit,BUY,True,False,19.7961,19.7961,22.7461,22.7461,69,True,147.5
2023-12-06,E013_PIN_FLY,HYBRID,sell_atm_ce,entry,SELL,True,False,78.1134,78.1134,78.1134,75.1634,40,False,0.0
2023-12-06,E013_PIN_FLY,HYBRID,sell_atm_pe,entry,SELL,True,False,82.5134,82.5134,79.5634,79.5634,40,True,147.5
2023-12-06,E013_PIN_FLY,HYBRID,buy_wing_ce,entry,BUY,True,False,23.3106,23.3106,26.2606,26.2606,42,True,147.5
2023-12-06,E013_PIN_FLY,HYBRID,buy_wing_pe,entry,BUY,True,False,24.8571,24.8571,24.8571,27.8071,40,False,0.0
2023-12-06,E013_PIN_FLY,HYBRID,buy_wing_ce,exit,SELL,False,True,0.05,0.05,0.05,0.05,71,False,0.0
2023-12-06,E013_PIN_FLY,HYBRID,buy_wing_pe,exit,SELL,False,True,0.05,0.05,0.05,0.05,71,False,0.0
2023-12-06,E013_PIN_FLY,HYBRID,sell_atm_ce,exit,BUY,True,False,60.7104,60.7104,60.7104,63.6604,69,False,0.0
2023-12-06,E013_PIN_FLY,HYBRID,sell_atm_pe,exit,BUY,True,False,6.9104,6.9104,9.8604,9.8604,69,True,147.5
2023-12-07,E013_PIN_FLY,HYBRID,sell_atm_ce,entry,SELL,True,False,52.4924,52.4924,49.5424,49.5424,40,True,147.5
2023-12-07,E013_PIN_FLY,HYBRID,buy_wing_pe,entry,BUY,True,False,4.6078,4.6078,7.5578,7.5578,41,True,147.5
2023-12-07,E013_PIN_FLY,HYBRID,sell_atm_pe,entry,SELL,False,True,38.2265,38.2265,38.2265,38.2265,46,False,0.0
2023-12-07,E013_PIN_FLY,HYBRID,buy_wing_ce,entry,BUY,False,True,7.0503,7.0503,7.0503,7.0503,46,False,0.0
2023-12-07,E013_PIN_FLY,HYBRID,buy_wing_ce,exit,SELL,False,True,0.05,0.05,0.05,0.05,71,False,0.0
2023-12-07,E013_PIN_FLY,HYBRID,buy_wing_pe,exit,SELL,False,True,0.05,0.05,0.05,0.05,71,False,0.0
2023-12-07,E013_PIN_FLY,HYBRID,sell_atm_ce,exit,BUY,True,False,13.7804,13.7804,16.7304,16.7304,69,True,147.5
2023-12-07,E013_PIN_FLY,HYBRID,sell_atm_pe,exit,BUY,True,False,23.5804,23.5804,26.5304,26.5304,69,True,147.5
2023-12-20,E013_PIN_FLY,HYBRID,sell_atm_ce,entry,SELL,True,False,80.0813,80.0813,77.1313,77.1313,41,True,147.5
2023-12-20,E013_PIN_FLY,HYBRID,sell_atm_pe,entry,SELL,True,False,63.8813,63.8813,63.8813,60.9313,40,False,0.0
2023-12-20,E013_PIN_FLY,HYBRID,buy_wing_ce,entry,BUY,True,False,21.4289,21.4289,21.4289,24.3789,40,False,0.0
2023-12-20,E013_PIN_FLY,HYBRID,buy_wing_pe,entry,BUY,True,False,14.6918,14.6918,17.6418,17.6418,41,True,147.5
2023-12-20,E013_PIN_FLY,HYBRID,sell_atm_pe,exit,BUY,False,True,359.15,359.15,359.15,359.15,71,False,0.0
2023-12-20,E013_PIN_FLY,HYBRID,buy_wing_ce,exit,SELL,False,True,0.05,0.05,0.05,0.05,71,False,0.0
2023-12-20,E013_PIN_FLY,HYBRID,sell_atm_ce,exit,BUY,True,False,0.1,0.1,0.1,1.55,69,False,0.0
2023-12-20,E013_PIN_FLY,HYBRID,buy_wing_pe,exit,SELL,True,False,124.5057,124.5057,121.5557,121.5557,69,True,147.5
2023-12-27,E013_PIN_FLY,HYBRID,sell_atm_ce,entry,SELL,True,False,75.4829,75.4829,75.4829,72.5329,40,False,0.0
2023-12-27,E013_PIN_FLY,HYBRID,buy_wing_ce,entry,BUY,True,False,22.1075,22.1075,25.0575,25.0575,45,True,147.5
2023-12-27,E013_PIN_FLY,HYBRID,buy_wing_pe,entry,BUY,True,False,25.9689,25.9689,28.9189,28.9189,40,True,147.5
2023-12-27,E013_PIN_FLY,HYBRID,sell_atm_pe,entry,SELL,False,True,77.378,77.378,77.378,77.378,46,False,0.0
2023-12-27,E013_PIN_FLY,HYBRID,buy_wing_pe,exit,SELL,False,True,0.05,0.05,0.05,0.05,71,False,0.0
2023-12-27,E013_PIN_FLY,HYBRID,sell_atm_ce,exit,BUY,True,False,45.4706,45.4706,45.4706,48.4206,69,False,0.0
2023-12-27,E013_PIN_FLY,HYBRID,sell_atm_pe,exit,BUY,True,False,12.2706,12.2706,15.2206,15.2206,69,True,147.5
2023-12-27,E013_PIN_FLY,HYBRID,buy_wing_ce,exit,SELL,True,False,2.6685,2.6685,0.05,0.05,69,True,130.925
2024-02-21,E013_PIN_FLY,HYBRID,sell_atm_ce,entry,SELL,True,False,106.9869,106.9869,106.9869,104.0369,40,False,0.0
2024-02-21,E013_PIN_FLY,HYBRID,sell_atm_pe,entry,SELL,True,False,83.8369,83.8369,80.8869,80.8869,40,True,147.5
2024-02-21,E013_PIN_FLY,HYBRID,buy_wing_ce,entry,BUY,True,False,42.2731,42.2731,45.2231,45.2231,40,True,147.5
2024-02-21,E013_PIN_FLY,HYBRID,buy_wing_pe,entry,BUY,True,False,29.6557,29.6557,32.6057,32.6057,42,True,147.5
2024-02-21,E013_PIN_FLY,HYBRID,buy_wing_ce,exit,SELL,False,True,0.05,0.05,0.05,0.05,71,False,0.0
2024-02-21,E013_PIN_FLY,HYBRID,buy_wing_pe,exit,SELL,False,True,0.3771,0.3771,0.3771,0.3771,71,False,0.0
2024-02-21,E013_PIN_FLY,HYBRID,sell_atm_ce,exit,BUY,True,False,0.1,0.1,0.1,1.8866,69,False,0.0
2024-02-21,E013_PIN_FLY,HYBRID,sell_atm_pe,exit,BUY,True,False,176.2866,176.2866,179.2366,179.2366,69,True,147.5
2024-03-07,E013_PIN_FLY,HYBRID,sell_atm_ce,entry,SELL,True,False,41.8405,41.8405,38.8905,38.8905,40,True,147.5
2024-03-07,E013_PIN_FLY,HYBRID,sell_atm_pe,entry,SELL,True,False,61.0905,61.0905,61.0905,58.1405,40,False,0.0
2024-03-07,E013_PIN_FLY,HYBRID,buy_wing_pe,entry,BUY,True,False,7.7315,7.7315,10.6815,10.6815,40,True,147.5
2024-03-07,E013_PIN_FLY,HYBRID,buy_wing_ce,entry,BUY,False,True,7.5723,7.5723,7.5723,7.5723,46,False,0.0
2024-03-07,E013_PIN_FLY,HYBRID,buy_wing_ce,exit,SELL,False,True,0.05,0.05,0.05,0.05,71,False,0.0
2024-03-07,E013_PIN_FLY,HYBRID,buy_wing_pe,exit,SELL,False,True,0.05,0.05,0.05,0.05,71,False,0.0
2024-03-07,E013_PIN_FLY,HYBRID,sell_atm_ce,exit,BUY,True,False,18.9215,18.9215,21.8715,21.8715,69,True,147.5
2024-03-07,E013_PIN_FLY,HYBRID,sell_atm_pe,exit,BUY,True,False,18.0715,18.0715,18.0715,21.0215,69,False,0.0
2024-04-09,E013_PIN_FLY,HYBRID,sell_atm_ce,entry,SELL,True,False,73.2602,73.2602,70.3102,70.3102,40,True,147.5
2024-04-09,E013_PIN_FLY,HYBRID,sell_atm_pe,entry,SELL,True,False,85.3102,85.3102,85.3102,82.3602,40,False,0.0
2024-04-09,E013_PIN_FLY,HYBRID,buy_wing_ce,entry,BUY,True,False,20.8413,20.8413,20.8413,23.7913,40,False,0.0
2024-04-09,E013_PIN_FLY,HYBRID,buy_wing_pe,entry,BUY,True,False,25.779,25.779,28.729,28.729,41,True,147.5
2024-04-09,E013_PIN_FLY,HYBRID,buy_wing_ce,exit,SELL,False,True,0.05,0.05,0.05,0.05,71,False,0.0
2024-04-09,E013_PIN_FLY,HYBRID,buy_wing_pe,exit,SELL,False,True,0.05,0.05,0.05,0.05,71,False,0.0
2024-04-09,E013_PIN_FLY,HYBRID,sell_atm_ce,exit,BUY,True,False,7.7341,7.7341,10.6841,10.6841,69,True,147.5
2024-04-09,E013_PIN_FLY,HYBRID,sell_atm_pe,exit,BUY,True,False,56.3341,56.3341,59.2841,59.2841,69,True,147.5
2024-04-10,E013_PIN_FLY,HYBRID,sell_atm_ce,entry,SELL,True,False,50.3419,50.3419,50.3419,47.3919,40,False,0.0
2024-04-10,E013_PIN_FLY,HYBRID,sell_atm_pe,entry,SELL,True,False,48.9419,48.9419,48.9419,45.9919,40,False,0.0
2024-04-10,E013_PIN_FLY,HYBRID,buy_wing_ce,entry,BUY,True,False,4.992,4.992,4.992,7.942,42,False,0.0
2024-04-10,E013_PIN_FLY,HYBRID,buy_wing_pe,entry,BUY,True,False,4.5447,4.5447,7.4947,7.4947,45,True,147.5
2024-04-10,E013_PIN_FLY,HYBRID,buy_wing_ce,exit,SELL,False,True,0.05,0.05,0.05,0.05,71,False,0.0
2024-04-10,E013_PIN_FLY,HYBRID,buy_wing_pe,exit,SELL,False,True,0.05,0.05,0.05,0.05,71,False,0.0
2024-04-10,E013_PIN_FLY,HYBRID,sell_atm_ce,exit,BUY,True,False,47.5508,47.5508,50.5008,50.5008,69,True,147.5
2024-04-10,E013_PIN_FLY,HYBRID,sell_atm_pe,exit,BUY,True,False,3.4008,3.4008,3.4008,6.3508,69,False,0.0
2024-04-24,E013_PIN_FLY,HYBRID,sell_atm_ce,entry,SELL,True,False,82.1528,82.1528,82.1528,79.2028,40,False,0.0
2024-04-24,E013_PIN_FLY,HYBRID,buy_wing_ce,entry,BUY,True,False,24.8219,24.8219,27.7719,27.7719,41,True,147.5
2024-04-24,E013_PIN_FLY,HYBRID,buy_wing_pe,entry,BUY,True,False,22.0002,22.0002,24.9502,24.9502,40,True,147.5
2024-04-24,E013_PIN_FLY,HYBRID,sell_atm_pe,entry,SELL,False,True,70.0002,70.0002,70.0002,70.0002,46,False,0.0
2024-04-24,E013_PIN_FLY,HYBRID,buy_wing_ce,exit,SELL,False,True,0.05,0.05,0.05,0.05,71,False,0.0
2024-04-24,E013_PIN_FLY,HYBRID,buy_wing_pe,exit,SELL,False,True,0.05,0.05,0.05,0.05,71,False,0.0
2024-04-24,E013_PIN_FLY,HYBRID,sell_atm_ce,exit,BUY,True,False,10.6499,10.6499,13.5999,13.5999,69,True,147.5
2024-04-24,E013_PIN_FLY,HYBRID,sell_atm_pe,exit,BUY,True,False,48.2999,48.2999,51.2499,51.2499,69,True,147.5
2024-05-22,E013_PIN_FLY,HYBRID,sell_atm_pe,entry,SELL,True,False,78.6127,78.6127,78.6127,75.6627,40,False,0.0
2024-05-22,E013_PIN_FLY,HYBRID,buy_wing_ce,entry,BUY,True,False,37.2799,37.2799,40.2299,40.2299,40,True,73.75
2024-05-22,E013_PIN_FLY,HYBRID,buy_wing_pe,entry,BUY,True,False,25.6619,25.6619,28.6119,28.6119,43,True,73.75
2024-05-22,E013_PIN_FLY,HYBRID,sell_atm_ce,entry,SELL,False,True,91.0757,91.0757,91.0757,91.0757,46,False,0.0
2024-05-22,E013_PIN_FLY,HYBRID,buy_wing_ce,exit,SELL,False,True,0.05,0.05,0.05,0.05,71,False,0.0
2024-05-22,E013_PIN_FLY,HYBRID,buy_wing_pe,exit,SELL,False,True,0.05,0.05,0.05,0.05,71,False,0.0
2024-05-22,E013_PIN_FLY,HYBRID,sell_atm_ce,exit,BUY,True,False,30.0279,30.0279,30.0279,32.9779,69,False,0.0
2024-05-22,E013_PIN_FLY,HYBRID,sell_atm_pe,exit,BUY,True,False,27.6779,27.6779,30.6279,30.6279,69,True,73.75
2024-05-29,E013_PIN_FLY,HYBRID,sell_atm_ce,entry,SELL,True,False,90.9566,90.9566,88.0066,88.0066,41,True,73.75
2024-05-29,E013_PIN_FLY,HYBRID,sell_atm_pe,entry,SELL,True,False,101.3566,101.3566,101.3566,98.4066,40,False,0.0
2024-05-29,E013_PIN_FLY,HYBRID,buy_wing_ce,entry,BUY,True,False,34.0641,34.0641,37.0141,37.0141,44,True,73.75
2024-05-29,E013_PIN_FLY,HYBRID,buy_wing_pe,entry,BUY,True,False,39.0366,39.0366,41.9866,41.9866,41,True,73.75
2024-05-29,E013_PIN_FLY,HYBRID,buy_wing_ce,exit,SELL,False,True,0.05,0.05,0.05,0.05,71,False,0.0
2024-05-29,E013_PIN_FLY,HYBRID,buy_wing_pe,exit,SELL,False,True,0.05,0.05,0.05,0.05,71,False,0.0
2024-05-29,E013_PIN_FLY,HYBRID,sell_atm_ce,exit,BUY,True,False,17.9415,17.9415,20.8915,20.8915,69,True,73.75
2024-05-29,E013_PIN_FLY,HYBRID,sell_atm_pe,exit,BUY,True,False,48.9915,48.9915,51.9415,51.9415,69,True,73.75
2024-06-12,E013_PIN_FLY,HYBRID,sell_atm_ce,entry,SELL,True,False,108.2244,108.2244,108.2244,105.2744,40,False,0.0
2024-06-12,E013_PIN_FLY,HYBRID,sell_atm_pe,entry,SELL,True,False,97.2744,97.2744,94.3244,94.3244,40,True,73.75
2024-06-12,E013_PIN_FLY,HYBRID,buy_wing_ce,entry,BUY,True,False,45.3426,45.3426,48.2926,48.2926,40,True,73.75
2024-06-12,E013_PIN_FLY,HYBRID,buy_wing_pe,entry,BUY,True,False,38.7271,38.7271,38.7271,41.6771,40,False,0.0
2024-06-12,E013_PIN_FLY,HYBRID,buy_wing_ce,exit,SELL,False,True,0.05,0.05,0.05,0.05,71,False,0.0
2024-06-12,E013_PIN_FLY,HYBRID,sell_atm_ce,exit,BUY,True,False,21.9308,21.9308,24.8808,24.8808,69,True,73.75
2024-06-12,E013_PIN_FLY,HYBRID,sell_atm_pe,exit,BUY,True,False,47.9308,47.9308,50.8808,50.8808,69,True,73.75
2024-06-12,E013_PIN_FLY,HYBRID,buy_wing_pe,exit,SELL,True,False,4.477,4.477,4.477,1.527,69,False,0.0
2024-07-03,E013_PIN_FLY,HYBRID,sell_atm_pe,entry,SELL,True,False,98.8271,98.8271,95.8771,95.8771,40,True,73.75
2024-07-03,E013_PIN_FLY,HYBRID,buy_wing_ce,entry,BUY,True,False,29.8681,29.8681,32.8181,32.8181,40,True,73.75
2024-07-03,E013_PIN_FLY,HYBRID,buy_wing_pe,entry,BUY,True,False,36.405,36.405,39.355,39.355,42,True,73.75
2024-07-03,E013_PIN_FLY,HYBRID,sell_atm_ce,entry,SELL,False,True,71.1467,71.1467,71.1467,71.1467,46,False,0.0
2024-07-03,E013_PIN_FLY,HYBRID,buy_wing_ce,exit,SELL,False,True,0.05,0.05,0.05,0.05,71,False,0.0
2024-07-03,E013_PIN_FLY,HYBRID,buy_wing_pe,exit,SELL,False,True,0.05,0.05,0.05,0.05,71,False,0.0
2024-07-03,E013_PIN_FLY,HYBRID,sell_atm_ce,exit,BUY,True,False,10.3659,10.3659,10.3659,13.3159,69,False,0.0
2024-07-03,E013_PIN_FLY,HYBRID,sell_atm_pe,exit,BUY,True,False,62.2159,62.2159,65.1659,65.1659,69,True,73.75
2024-07-04,E013_PIN_FLY,HYBRID,sell_atm_ce,entry,SELL,True,False,56.0143,56.0143,53.0643,53.0643,41,True,73.75
2024-07-04,E013_PIN_FLY,HYBRID,sell_atm_pe,entry,SELL,True,False,58.7643,58.7643,58.7643,55.8143,40,False,0.0
2024-07-04,E013_PIN_FLY,HYBRID,buy_wing_ce,entry,BUY,True,False,8.465,8.465,11.415,11.415,44,True,73.75
2024-07-04,E013_PIN_FLY,HYBRID,buy_wing_pe,entry,BUY,True,False,9.0535,9.0535,12.0035,12.0035,42,True,73.75
2024-07-04,E013_PIN_FLY,HYBRID,buy_wing_ce,exit,SELL,False,True,0.05,0.05,0.05,0.05,71,False,0.0
2024-07-04,E013_PIN_FLY,HYBRID,buy_wing_pe,exit,SELL,False,True,0.05,0.05,0.05,0.05,71,False,0.0
2024-07-04,E013_PIN_FLY,HYBRID,sell_atm_ce,exit,BUY,True,False,4.5526,4.5526,7.5026,7.5026,69,True,73.75
2024-07-04,E013_PIN_FLY,HYBRID,sell_atm_pe,exit,BUY,True,False,53.6526,53.6526,53.6526,56.6026,69,False,0.0
2024-07-31,E013_PIN_FLY,HYBRID,sell_atm_ce,entry,SELL,True,False,111.6211,111.6211,108.6711,108.6711,40,True,73.75
2024-07-31,E013_PIN_FLY,HYBRID,buy_wing_ce,entry,BUY,True,False,46.266,46.266,46.266,49.216,43,False,0.0
2024-07-31,E013_PIN_FLY,HYBRID,buy_wing_pe,entry,BUY,True,False,33.0907,33.0907,36.0407,36.0407,40,True,73.75
2024-07-31,E013_PIN_FLY,HYBRID,sell_atm_pe,entry,SELL,False,True,80.8733,80.8733,80.8733,80.8733,46,False,0.0
2024-07-31,E013_PIN_FLY,HYBRID,buy_wing_ce,exit,SELL,False,True,0.05,0.05,0.05,0.05,71,False,0.0
2024-07-31,E013_PIN_FLY,HYBRID,buy_wing_pe,exit,SELL,False,True,0.05,0.05,0.05,0.05,71,False,0.0
2024-07-31,E013_PIN_FLY,HYBRID,sell_atm_ce,exit,BUY,True,False,63.6858,63.6858,66.6358,66.6358,69,True,73.75
2024-07-31,E013_PIN_FLY,HYBRID,sell_atm_pe,exit,BUY,True,False,12.8358,12.8358,15.7858,15.7858,69,True,73.75
2024-08-01,E013_PIN_FLY,HYBRID,sell_atm_ce,entry,SELL,True,False,73.0842,73.0842,73.0842,70.1342,42,False,0.0
2024-08-01,E013_PIN_FLY,HYBRID,sell_atm_pe,entry,SELL,True,False,90.8342,90.8342,90.8342,87.8842,40,False,0.0
2024-08-01,E013_PIN_FLY,HYBRID,buy_wing_ce,entry,BUY,True,False,21.4502,21.4502,21.4502,24.4002,40,False,0.0
2024-08-01,E013_PIN_FLY,HYBRID,buy_wing_pe,entry,BUY,True,False,29.183,29.183,32.133,32.133,41,True,73.75
2024-08-01,E013_PIN_FLY,HYBRID,buy_wing_ce,exit,SELL,False,True,0.05,0.05,0.05,0.05,71,False,0.0
2024-08-01,E013_PIN_FLY,HYBRID,buy_wing_pe,exit,SELL,False,True,0.05,0.05,0.05,0.05,71,False,0.0
2024-08-01,E013_PIN_FLY,HYBRID,sell_atm_ce,exit,BUY,True,False,22.9206,22.9206,22.9206,25.8706,69,False,0.0
2024-08-01,E013_PIN_FLY,HYBRID,sell_atm_pe,exit,BUY,True,False,40.3706,40.3706,43.3206,43.3206,69,True,73.75
2024-08-07,E013_PIN_FLY,HYBRID,sell_atm_ce,entry,SELL,True,False,138.9674,138.9674,138.9674,136.0174,40,False,0.0
2024-08-07,E013_PIN_FLY,HYBRID,sell_atm_pe,entry,SELL,True,False,133.4674,133.4674,130.5174,130.5174,40,True,73.75
2024-08-07,E013_PIN_FLY,HYBRID,buy_wing_ce,entry,BUY,True,False,73.5758,73.5758,76.5258,76.5258,40,True,73.75
2024-08-07,E013_PIN_FLY,HYBRID,buy_wing_pe,entry,BUY,True,False,69.2073,69.2073,69.2073,72.1573,40,False,0.0
2024-08-07,E013_PIN_FLY,HYBRID,buy_wing_ce,exit,SELL,False,True,0.05,0.05,0.05,0.05,71,False,0.0
2024-08-07,E013_PIN_FLY,HYBRID,buy_wing_pe,exit,SELL,False,True,0.05,0.05,0.05,0.05,71,False,0.0
2024-08-07,E013_PIN_FLY,HYBRID,sell_atm_ce,exit,BUY,True,False,56.2826,56.2826,56.2826,59.2326,69,False,0.0
2024-08-07,E013_PIN_FLY,HYBRID,sell_atm_pe,exit,BUY,True,False,35.2326,35.2326,38.1826,38.1826,69,True,73.75
2024-08-13,E013_PIN_FLY,HYBRID,sell_atm_ce,entry,SELL,True,False,118.7055,118.7055,118.7055,115.7555,40,False,0.0
2024-08-13,E013_PIN_FLY,HYBRID,sell_atm_pe,entry,SELL,True,False,109.8055,109.8055,106.8555,106.8555,40,True,73.75
2024-08-13,E013_PIN_FLY,HYBRID,buy_wing_ce,entry,BUY,True,False,54.8242,54.8242,57.7742,57.7742,40,True,73.75
2024-08-13,E013_PIN_FLY,HYBRID,buy_wing_pe,entry,BUY,True,False,48.9173,48.9173,48.9173,51.8673,40,False,0.0
2024-08-13,E013_PIN_FLY,HYBRID,buy_wing_ce,exit,SELL,False,True,0.05,0.05,0.05,0.05,71,False,0.0
2024-08-13,E013_PIN_FLY,HYBRID,buy_wing_pe,exit,SELL,False,True,6.8683,6.8683,6.8683,6.8683,71,False,0.0
2024-08-13,E013_PIN_FLY,HYBRID,sell_atm_ce,exit,BUY,True,False,3.3965,3.3965,6.3465,6.3465,69,True,73.75
2024-08-13,E013_PIN_FLY,HYBRID,sell_atm_pe,exit,BUY,True,False,125.4465,125.4465,128.3965,128.3965,69,True,73.75
2024-08-14,E013_PIN_FLY,HYBRID,sell_atm_ce,entry,SELL,True,False,80.2428,80.2428,80.2428,77.2928,40,False,0.0
2024-08-14,E013_PIN_FLY,HYBRID,sell_atm_pe,entry,SELL,True,False,75.4928,75.4928,75.4928,72.5428,40,False,0.0
2024-08-14,E013_PIN_FLY,HYBRID,buy_wing_ce,entry,BUY,True,False,23.4778,23.4778,26.4278,26.4278,40,True,73.75
2024-08-14,E013_PIN_FLY,HYBRID,buy_wing_pe,entry,BUY,True,False,21.0697,21.0697,24.0197,24.0197,41,True,73.75
2024-08-14,E013_PIN_FLY,HYBRID,buy_wing_ce,exit,SELL,False,True,0.05,0.05,0.05,0.05,71,False,0.0
2024-08-14,E013_PIN_FLY,HYBRID,buy_wing_pe,exit,SELL,False,True,0.05,0.05,0.05,0.05,71,False,0.0
2024-08-14,E013_PIN_FLY,HYBRID,sell_atm_ce,exit,BUY,True,False,22.9443,22.9443,25.8943,25.8943,69,True,73.75
2024-08-14,E013_PIN_FLY,HYBRID,sell_atm_pe,exit,BUY,True,False,36.7443,36.7443,39.6943,39.6943,69,True,73.75
2024-08-21,E013_PIN_FLY,HYBRID,sell_atm_pe,entry,SELL,True,False,127.7661,127.7661,127.7661,124.8161,40,False,0.0
2024-08-21,E013_PIN_FLY,HYBRID,buy_wing_ce,entry,BUY,True,False,54.2703,54.2703,57.2203,57.2203,40,True,73.75
2024-08-21,E013_PIN_FLY,HYBRID,buy_wing_pe,entry,BUY,True,False,61.6846,61.6846,64.6346,64.6346,43,True,73.75
2024-08-21,E013_PIN_FLY,HYBRID,sell_atm_ce,entry,SELL,False,True,94.2924,94.2924,94.2924,94.2924,46,False,0.0
2024-08-21,E013_PIN_FLY,HYBRID,buy_wing_ce,exit,SELL,False,True,0.05,0.05,0.05,0.05,71,False,0.0
2024-08-21,E013_PIN_FLY,HYBRID,buy_wing_pe,exit,SELL,False,True,0.05,0.05,0.05,0.05,71,False,0.0
2024-08-21,E013_PIN_FLY,HYBRID,sell_atm_ce,exit,BUY,True,False,40.5836,40.5836,43.5336,43.5336,69,True,73.75
2024-08-21,E013_PIN_FLY,HYBRID,sell_atm_pe,exit,BUY,True,False,39.0336,39.0336,41.9836,41.9836,69,True,73.75
2024-08-22,E013_PIN_FLY,HYBRID,sell_atm_ce,entry,SELL,True,False,92.2837,92.2837,92.2837,89.3337,40,False,0.0
2024-08-22,E013_PIN_FLY,HYBRID,sell_atm_pe,entry,SELL,True,False,112.9337,112.9337,112.9337,109.9837,40,False,0.0
2024-08-22,E013_PIN_FLY,HYBRID,buy_wing_ce,entry,BUY,True,False,36.4395,36.4395,39.3895,39.3895,41,True,73.75
2024-08-22,E013_PIN_FLY,HYBRID,buy_wing_pe,entry,BUY,True,False,47.3551,47.3551,50.3051,50.3051,40,True,73.75
2024-08-22,E013_PIN_FLY,HYBRID,buy_wing_ce,exit,SELL,False,True,0.05,0.05,0.05,0.05,71,False,0.0
2024-08-22,E013_PIN_FLY,HYBRID,buy_wing_pe,exit,SELL,False,True,0.05,0.05,0.05,0.05,71,False,0.0
2024-08-22,E013_PIN_FLY,HYBRID,sell_atm_ce,exit,BUY,True,False,22.313,22.313,25.263,25.263,69,True,73.75
2024-08-22,E013_PIN_FLY,HYBRID,sell_atm_pe,exit,BUY,True,False,62.263,62.263,62.263,65.213,69,False,0.0
2024-09-04,E013_PIN_FLY,HYBRID,sell_atm_ce,entry,SELL,True,False,69.4081,69.4081,69.4081,66.4581,40,False,0.0
2024-09-04,E013_PIN_FLY,HYBRID,buy_wing_ce,entry,BUY,True,False,18.3217,18.3217,21.2717,21.2717,42,True,73.75
2024-09-04,E013_PIN_FLY,HYBRID,buy_wing_pe,entry,BUY,True,False,23.7013,23.7013,23.7013,26.6513,40,False,0.0
2024-09-04,E013_PIN_FLY,HYBRID,sell_atm_pe,entry,SELL,False,True,72.6293,72.6293,72.6293,72.6293,46,False,0.0
2024-09-04,E013_PIN_FLY,HYBRID,buy_wing_ce,exit,SELL,False,True,0.05,0.05,0.05,0.05,71,False,0.0
2024-09-04,E013_PIN_FLY,HYBRID,buy_wing_pe,exit,SELL,False,True,0.05,0.05,0.05,0.05,71,False,0.0
2024-09-04,E013_PIN_FLY,HYBRID,sell_atm_ce,exit,BUY,True,False,35.4427,35.4427,38.3927,38.3927,69,True,73.75
2024-09-04,E013_PIN_FLY,HYBRID,sell_atm_pe,exit,BUY,True,False,15.4927,15.4927,18.4427,18.4427,69,True,73.75
2024-09-05,E013_PIN_FLY,HYBRID,sell_atm_ce,entry,SELL,True,False,129.5682,129.5682,129.5682,126.6182,40,False,0.0
2024-09-05,E013_PIN_FLY,HYBRID,buy_wing_ce,entry,BUY,True,False,62.3349,62.3349,62.3349,65.2849,43,False,0.0
2024-09-05,E013_PIN_FLY,HYBRID,buy_wing_pe,entry,BUY,True,False,47.201,47.201,50.151,50.151,40,True,73.75
2024-09-05,E013_PIN_FLY,HYBRID,sell_atm_pe,entry,SELL,False,True,87.5381,87.5381,87.5381,87.5381,46,False,0.0
2024-09-05,E013_PIN_FLY,HYBRID,buy_wing_ce,exit,SELL,False,True,0.05,0.05,0.05,0.05,71,False,0.0
2024-09-05,E013_PIN_FLY,HYBRID,buy_wing_pe,exit,SELL,False,True,0.05,0.05,0.05,0.05,71,False,0.0
2024-09-05,E013_PIN_FLY,HYBRID,sell_atm_ce,exit,BUY,True,False,44.2863,44.2863,44.2863,47.2363,69,False,0.0
2024-09-05,E013_PIN_FLY,HYBRID,sell_atm_pe,exit,BUY,True,False,46.1363,46.1363,49.0863,49.0863,69,True,73.75
2024-09-18,E013_PIN_FLY,HYBRID,sell_atm_ce,entry,SELL,True,False,82.4106,82.4106,79.4606,79.4606,40,True,73.75
2024-09-18,E013_PIN_FLY,HYBRID,sell_atm_pe,entry,SELL,True,False,105.0606,105.0606,105.0606,102.1106,40,False,0.0
2024-09-18,E013_PIN_FLY,HYBRID,buy_wing_ce,entry,BUY,True,False,28.9523,28.9523,28.9523,31.9023,40,False,0.0
2024-09-18,E013_PIN_FLY,HYBRID,buy_wing_pe,entry,BUY,True,False,40.1892,40.1892,40.1892,43.1392,41,False,0.0
2024-09-18,E013_PIN_FLY,HYBRID,buy_wing_ce,exit,SELL,False,True,0.05,0.05,0.05,0.05,71,False,0.0
2024-09-18,E013_PIN_FLY,HYBRID,buy_wing_pe,exit,SELL,False,True,2.0553,2.0553,2.0553,2.0553,71,False,0.0
2024-09-18,E013_PIN_FLY,HYBRID,sell_atm_ce,exit,BUY,True,False,0.1,0.1,0.1,2.9847,71,False,0.0
2024-09-18,E013_PIN_FLY,HYBRID,sell_atm_pe,exit,BUY,True,False,133.7847,133.7847,136.7347,136.7347,69,True,73.75
2024-09-25,E013_PIN_FLY,HYBRID,sell_atm_pe,entry,SELL,True,False,89.7858,89.7858,86.8358,86.8358,40,True,73.75
2024-09-25,E013_PIN_FLY,HYBRID,buy_wing_ce,entry,BUY,True,False,25.0974,25.0974,28.0474,28.0474,41,True,73.75
2024-09-25,E013_PIN_FLY,HYBRID,buy_wing_pe,entry,BUY,True,False,29.6056,29.6056,32.5556,32.5556,41,True,73.75
2024-09-25,E013_PIN_FLY,HYBRID,sell_atm_ce,entry,SELL,False,True,67.9576,67.9576,67.9576,67.9576,46,False,0.0
2024-09-25,E013_PIN_FLY,HYBRID,buy_wing_pe,exit,SELL,False,True,0.05,0.05,0.05,0.05,71,False,0.0
2024-09-25,E013_PIN_FLY,HYBRID,sell_atm_ce,exit,BUY,True,False,43.8023,43.8023,43.8023,46.7523,69,False,0.0
2024-09-25,E013_PIN_FLY,HYBRID,sell_atm_pe,exit,BUY,True,False,15.1023,15.1023,18.0523,18.0523,69,True,73.75
2024-09-25,E013_PIN_FLY,HYBRID,buy_wing_ce,exit,SELL,True,False,2.8172,2.8172,2.8172,0.05,69,False,0.0
2024-09-26,E013_PIN_FLY,HYBRID,sell_atm_ce,entry,SELL,True,False,86.4935,86.4935,86.4935,83.5435,40,False,0.0
2024-09-26,E013_PIN_FLY,HYBRID,buy_wing_ce,entry,BUY,True,False,31.5931,31.5931,34.5431,34.5431,44,True,73.75
2024-09-26,E013_PIN_FLY,HYBRID,buy_wing_pe,entry,BUY,True,False,40.946,40.946,43.896,43.896,40,True,73.75
2024-09-26,E013_PIN_FLY,HYBRID,sell_atm_pe,entry,SELL,False,True,88.6448,88.6448,88.6448,88.6448,46,False,0.0
2024-09-26,E013_PIN_FLY,HYBRID,buy_wing_pe,exit,SELL,False,True,0.05,0.05,0.05,0.05,71,False,0.0
2024-09-26,E013_PIN_FLY,HYBRID,sell_atm_ce,exit,BUY,True,False,117.1549,117.1549,120.1049,120.1049,69,True,73.75
2024-09-26,E013_PIN_FLY,HYBRID,sell_atm_pe,exit,BUY,True,False,4.0549,4.0549,7.0049,7.0049,69,True,73.75
2024-09-26,E013_PIN_FLY,HYBRID,buy_wing_ce,exit,SELL,True,False,23.9574,23.9574,23.9574,21.0074,69,False,0.0
2024-10-03,E013_PIN_FLY,HYBRID,sell_atm_ce,entry,SELL,True,False,180.3934,180.3934,180.3934,177.4434,40,False,0.0
2024-10-03,E013_PIN_FLY,HYBRID,buy_wing_ce,entry,BUY,True,False,114.2352,114.2352,117.1852,117.1852,42,True,73.75
2024-10-03,E013_PIN_FLY,HYBRID,buy_wing_pe,entry,BUY,True,False,122.9808,122.9808,122.9808,125.9308,40,False,0.0
2024-10-03,E013_PIN_FLY,HYBRID,sell_atm_pe,entry,SELL,False,True,182.6097,182.6097,182.6097,182.6097,46,False,0.0
2024-10-03,E013_PIN_FLY,HYBRID,buy_wing_ce,exit,SELL,False,True,0.05,0.05,0.05,0.05,71,False,0.0
2024-10-03,E013_PIN_FLY,HYBRID,buy_wing_pe,exit,SELL,False,True,23.238,23.238,23.238,23.238,71,False,0.0
2024-10-03,E013_PIN_FLY,HYBRID,sell_atm_ce,exit,BUY,True,False,12.9169,12.9169,15.8669,15.8669,69,True,73.75
2024-10-03,E013_PIN_FLY,HYBRID,sell_atm_pe,exit,BUY,True,False,166.1669,166.1669,169.1169,169.1169,69,True,73.75
2024-10-09,E013_PIN_FLY,HYBRID,sell_atm_ce,entry,SELL,True,False,148.6868,148.6868,148.6868,145.7368,40,False,0.0
2024-10-09,E013_PIN_FLY,HYBRID,sell_atm_pe,entry,SELL,True,False,149.1368,149.1368,146.1868,146.1868,40,True,73.75
2024-10-09,E013_PIN_FLY,HYBRID,buy_wing_ce,entry,BUY,True,False,83.2403,83.2403,86.1903,86.1903,40,True,73.75
2024-10-09,E013_PIN_FLY,HYBRID,buy_wing_pe,entry,BUY,True,False,82.7385,82.7385,85.6885,85.6885,41,True,73.75
2024-10-09,E013_PIN_FLY,HYBRID,buy_wing_ce,exit,SELL,False,True,0.05,0.05,0.05,0.05,71,False,0.0
2024-10-09,E013_PIN_FLY,HYBRID,sell_atm_ce,exit,BUY,True,False,9.823,9.823,12.773,12.773,69,True,73.75
2024-10-09,E013_PIN_FLY,HYBRID,sell_atm_pe,exit,BUY,True,False,132.673,132.673,135.623,135.623,69,True,73.75
2024-10-09,E013_PIN_FLY,HYBRID,buy_wing_pe,exit,SELL,True,False,39.5724,39.5724,39.5724,36.6224,69,False,0.0
2024-10-10,E013_PIN_FLY,HYBRID,sell_atm_pe,entry,SELL,True,False,163.064,163.064,160.114,160.114,40,True,73.75
2024-10-10,E013_PIN_FLY,HYBRID,buy_wing_ce,entry,BUY,True,False,88.3788,88.3788,91.3288,91.3288,40,True,73.75
2024-10-10,E013_PIN_FLY,HYBRID,buy_wing_pe,entry,BUY,True,False,94.5308,94.5308,97.4808,97.4808,42,True,73.75
2024-10-10,E013_PIN_FLY,HYBRID,sell_atm_ce,entry,SELL,False,True,129.6098,129.6098,129.6098,129.6098,46,False,0.0
2024-10-10,E013_PIN_FLY,HYBRID,buy_wing_ce,exit,SELL,False,True,0.05,0.05,0.05,0.05,71,False,0.0
2024-10-10,E013_PIN_FLY,HYBRID,buy_wing_pe,exit,SELL,False,True,8.4822,8.4822,8.4822,8.4822,71,False,0.0
2024-10-10,E013_PIN_FLY,HYBRID,sell_atm_ce,exit,BUY,True,False,36.3935,36.3935,39.3435,39.3435,69,True,73.75
2024-10-10,E013_PIN_FLY,HYBRID,sell_atm_pe,exit,BUY,True,False,95.6435,95.6435,98.5935,98.5935,69,True,73.75
2024-10-16,E013_PIN_FLY,HYBRID,sell_atm_ce,entry,SELL,True,False,157.6292,157.6292,154.6792,154.6792,40,True,73.75
2024-10-16,E013_PIN_FLY,HYBRID,buy_wing_ce,entry,BUY,True,False,92.8018,92.8018,95.7518,95.7518,41,True,73.75
2024-10-16,E013_PIN_FLY,HYBRID,buy_wing_pe,entry,BUY,True,False,100.2926,100.2926,103.2426,103.2426,40,True,73.75
2024-10-16,E013_PIN_FLY,HYBRID,sell_atm_pe,entry,SELL,False,True,138.1275,138.1275,138.1275,138.1275,46,False,0.0
2024-10-16,E013_PIN_FLY,HYBRID,buy_wing_ce,exit,SELL,False,True,0.05,0.05,0.05,0.05,71,False,0.0
2024-10-16,E013_PIN_FLY,HYBRID,buy_wing_pe,exit,SELL,False,True,0.05,0.05,0.05,0.05,71,False,0.0
2024-10-16,E013_PIN_FLY,HYBRID,sell_atm_ce,exit,BUY,True,False,82.9071,82.9071,85.8571,85.8571,69,True,73.75
2024-10-16,E013_PIN_FLY,HYBRID,sell_atm_pe,exit,BUY,True,False,33.0071,33.0071,35.9571,35.9571,69,True,73.75
2024-10-30,E013_PIN_FLY,HYBRID,sell_atm_ce,entry,SELL,True,False,120.786,120.786,120.786,117.836,40,False,0.0
2024-10-30,E013_PIN_FLY,HYBRID,buy_wing_ce,entry,BUY,True,False,60.019,60.019,60.019,62.969,43,False,0.0
2024-10-30,E013_PIN_FLY,HYBRID,buy_wing_pe,entry,BUY,True,False,70.0232,70.0232,72.9732,72.9732,40,True,73.75
2024-10-30,E013_PIN_FLY,HYBRID,sell_atm_pe,entry,SELL,False,True,105.8569,105.8569,105.8569,105.8569,46,False,0.0
2024-10-30,E013_PIN_FLY,HYBRID,buy_wing_ce,exit,SELL,False,True,0.05,0.05,0.05,0.05,71,False,0.0
2024-10-30,E013_PIN_FLY,HYBRID,buy_wing_pe,exit,SELL,False,True,5.718,5.718,5.718,5.718,71,False,0.0
2024-10-30,E013_PIN_FLY,HYBRID,sell_atm_ce,exit,BUY,True,False,10.4479,10.4479,13.3979,13.3979,69,True,73.75
2024-10-30,E013_PIN_FLY,HYBRID,sell_atm_pe,exit,BUY,True,False,104.9479,104.9479,104.9479,107.8979,69,False,0.0
2024-11-14,E013_PIN_FLY,HYBRID,sell_atm_ce,entry,SELL,True,False,149.76,149.76,149.76,146.81,40,False,0.0
2024-11-14,E013_PIN_FLY,HYBRID,sell_atm_pe,entry,SELL,True,False,127.26,127.26,127.26,124.31,40,False,0.0
2024-11-14,E013_PIN_FLY,HYBRID,buy_wing_ce,entry,BUY,True,False,81.3236,81.3236,84.2736,84.2736,40,True,73.75
2024-11-14,E013_PIN_FLY,HYBRID,buy_wing_pe,entry,BUY,True,False,65.6382,65.6382,68.5882,68.5882,41,True,73.75
2024-11-14,E013_PIN_FLY,HYBRID,buy_wing_ce,exit,SELL,False,True,3.9133,3.9133,3.9133,3.9133,71,False,0.0
2024-11-14,E013_PIN_FLY,HYBRID,buy_wing_pe,exit,SELL,False,True,0.05,0.05,0.05,0.05,71,False,0.0
2024-11-14,E013_PIN_FLY,HYBRID,sell_atm_ce,exit,BUY,True,False,69.1132,69.1132,69.1132,72.0632,69,False,0.0
2024-11-14,E013_PIN_FLY,HYBRID,sell_atm_pe,exit,BUY,True,False,40.6632,40.6632,43.6132,43.6132,69,True,73.75
2024-12-11,E013_PIN_FLY,HYBRID,sell_atm_ce,entry,SELL,True,False,190.2809,190.2809,187.3309,187.3309,40,True,221.25
2024-12-11,E013_PIN_FLY,HYBRID,sell_atm_pe,entry,SELL,True,False,188.6809,188.6809,188.6809,185.7309,40,False,0.0
2024-12-11,E013_PIN_FLY,HYBRID,buy_wing_ce,entry,BUY,True,False,122.1679,122.1679,122.1679,125.1179,40,False,0.0
2024-12-11,E013_PIN_FLY,HYBRID,buy_wing_pe,entry,BUY,True,False,119.8798,119.8798,122.8298,122.8298,40,True,221.25
2024-12-11,E013_PIN_FLY,HYBRID,buy_wing_ce,exit,SELL,False,True,0.05,0.05,0.05,0.05,71,False,0.0
2024-12-11,E013_PIN_FLY,HYBRID,buy_wing_pe,exit,SELL,False,True,0.05,0.05,0.05,0.05,71,False,0.0
2024-12-11,E013_PIN_FLY,HYBRID,sell_atm_ce,exit,BUY,True,False,56.8711,56.8711,59.8211,59.8211,69,True,221.25
2024-12-11,E013_PIN_FLY,HYBRID,sell_atm_pe,exit,BUY,True,False,70.2211,70.2211,73.1711,73.1711,69,True,221.25
2024-12-18,E013_PIN_FLY,HYBRID,sell_atm_pe,entry,SELL,True,False,185.0829,185.0829,185.0829,182.1329,40,False,0.0
2024-12-18,E013_PIN_FLY,HYBRID,buy_wing_ce,entry,BUY,True,False,117.3447,117.3447,120.2947,120.2947,40,True,221.25
2024-12-18,E013_PIN_FLY,HYBRID,buy_wing_pe,entry,BUY,True,False,116.3028,116.3028,119.2528,119.2528,44,True,221.25
2024-12-18,E013_PIN_FLY,HYBRID,sell_atm_ce,entry,SELL,False,True,173.3701,173.3701,173.3701,173.3701,46,False,0.0
2024-12-18,E013_PIN_FLY,HYBRID,buy_wing_ce,exit,SELL,False,True,0.05,0.05,0.05,0.05,71,False,0.0
2024-12-18,E013_PIN_FLY,HYBRID,buy_wing_pe,exit,SELL,False,True,0.05,0.05,0.05,0.05,71,False,0.0
2024-12-18,E013_PIN_FLY,HYBRID,sell_atm_ce,exit,BUY,True,False,50.7803,50.7803,53.7303,53.7303,69,True,221.25
2024-12-18,E013_PIN_FLY,HYBRID,sell_atm_pe,exit,BUY,True,False,74.1803,74.1803,77.1303,77.1303,69,True,221.25
2024-12-19,E013_PIN_FLY,HYBRID,sell_atm_ce,entry,SELL,True,False,161.9048,161.9048,161.9048,158.9548,40,False,0.0
2024-12-19,E013_PIN_FLY,HYBRID,sell_atm_pe,entry,SELL,True,False,140.1548,140.1548,137.2048,137.2048,40,True,221.25
2024-12-19,E013_PIN_FLY,HYBRID,buy_wing_ce,entry,BUY,True,False,92.8738,92.8738,95.8238,95.8238,40,True,221.25
2024-12-19,E013_PIN_FLY,HYBRID,buy_wing_pe,entry,BUY,True,False,77.0312,77.0312,77.0312,79.9812,41,False,0.0
2024-12-19,E013_PIN_FLY,HYBRID,buy_wing_ce,exit,SELL,False,True,1.3175,1.3175,1.3175,1.3175,71,False,0.0
2024-12-19,E013_PIN_FLY,HYBRID,buy_wing_pe,exit,SELL,False,True,1.8473,1.8473,1.8473,1.8473,71,False,0.0
2024-12-19,E013_PIN_FLY,HYBRID,sell_atm_ce,exit,BUY,True,False,56.114,56.114,59.064,59.064,69,True,221.25
2024-12-19,E013_PIN_FLY,HYBRID,sell_atm_pe,exit,BUY,True,False,61.464,61.464,64.414,64.414,69,True,221.25
2025-01-01,E013_PIN_FLY,HYBRID,sell_atm_ce,entry,SELL,True,False,191.7837,191.7837,191.7837,188.8337,40,False,0.0
2025-01-01,E013_PIN_FLY,HYBRID,sell_atm_pe,entry,SELL,True,False,179.8337,179.8337,176.8837,176.8837,40,True,221.25
2025-01-01,E013_PIN_FLY,HYBRID,buy_wing_ce,entry,BUY,True,False,122.5464,122.5464,125.4964,125.4964,40,True,221.25
2025-01-01,E013_PIN_FLY,HYBRID,buy_wing_pe,entry,BUY,True,False,112.5346,112.5346,112.5346,115.4846,40,False,0.0
2025-01-01,E013_PIN_FLY,HYBRID,buy_wing_ce,exit,SELL,False,True,0.05,0.05,0.05,0.05,71,False,0.0
2025-01-01,E013_PIN_FLY,HYBRID,buy_wing_pe,exit,SELL,False,True,0.05,0.05,0.05,0.05,71,False,0.0
2025-01-01,E013_PIN_FLY,HYBRID,sell_atm_ce,exit,BUY,True,False,57.7299,57.7299,60.6799,60.6799,69,True,221.25
2025-01-01,E013_PIN_FLY,HYBRID,sell_atm_pe,exit,BUY,True,False,66.5299,66.5299,69.4799,69.4799,69,True,221.25
2025-01-08,E013_PIN_FLY,HYBRID,sell_atm_ce,entry,SELL,True,False,186.7949,186.7949,183.8449,183.8449,40,True,221.25
2025-01-08,E013_PIN_FLY,HYBRID,sell_atm_pe,entry,SELL,True,False,175.7949,175.7949,175.7949,172.8449,40,False,0.0
2025-01-08,E013_PIN_FLY,HYBRID,buy_wing_ce,entry,BUY,True,False,117.8725,117.8725,117.8725,120.8225,40,False,0.0
2025-01-08,E013_PIN_FLY,HYBRID,buy_wing_pe,entry,BUY,True,False,108.655,108.655,111.605,111.605,40,True,221.25
2025-01-08,E013_PIN_FLY,HYBRID,buy_wing_ce,exit,SELL,False,True,62.5248,62.5248,62.5248,62.5248,71,False,0.0
2025-01-08,E013_PIN_FLY,HYBRID,buy_wing_pe,exit,SELL,False,True,0.05,0.05,0.05,0.05,71,False,0.0
2025-01-08,E013_PIN_FLY,HYBRID,sell_atm_ce,exit,BUY,True,False,186.2973,186.2973,186.2973,189.2473,69,False,0.0
2025-01-08,E013_PIN_FLY,HYBRID,sell_atm_pe,exit,BUY,True,False,8.3973,8.3973,11.3473,11.3473,69,True,221.25
2025-01-09,E013_PIN_FLY,HYBRID,sell_atm_pe,entry,SELL,True,False,79.9487,79.9487,79.9487,76.9987,40,False,0.0
2025-01-09,E013_PIN_FLY,HYBRID,buy_wing_ce,entry,BUY,True,False,33.8627,33.8627,36.8127,36.8127,40,True,221.25
2025-01-09,E013_PIN_FLY,HYBRID,buy_wing_pe,entry,BUY,True,False,25.8047,25.8047,28.7547,28.7547,45,True,221.25
2025-01-09,E013_PIN_FLY,HYBRID,sell_atm_ce,entry,SELL,False,True,70.3789,70.3789,70.3789,70.3789,46,False,0.0
2025-01-09,E013_PIN_FLY,HYBRID,buy_wing_ce,exit,SELL,False,True,0.05,0.05,0.05,0.05,71,False,0.0
2025-01-09,E013_PIN_FLY,HYBRID,buy_wing_pe,exit,SELL,False,True,0.05,0.05,0.05,0.05,71,False,0.0
2025-01-09,E013_PIN_FLY,HYBRID,sell_atm_ce,exit,BUY,True,False,17.8849,17.8849,20.8349,20.8349,69,True,221.25
2025-01-09,E013_PIN_FLY,HYBRID,sell_atm_pe,exit,BUY,True,False,54.7349,54.7349,57.6849,57.6849,69,True,221.25
2025-01-15,E013_PIN_FLY,HYBRID,sell_atm_ce,entry,SELL,True,False,89.0744,89.0744,86.1244,86.1244,40,True,221.25
2025-01-15,E013_PIN_FLY,HYBRID,sell_atm_pe,entry,SELL,True,False,102.0744,102.0744,102.0744,99.1244,40,False,0.0
2025-01-15,E013_PIN_FLY,HYBRID,buy_wing_ce,entry,BUY,True,False,32.9105,32.9105,35.8605,35.8605,41,True,221.25
2025-01-15,E013_PIN_FLY,HYBRID,buy_wing_pe,entry,BUY,True,False,39.2344,39.2344,42.1844,42.1844,40,True,221.25
2025-01-15,E013_PIN_FLY,HYBRID,buy_wing_ce,exit,SELL,False,True,0.05,0.05,0.05,0.05,71,False,0.0
2025-01-15,E013_PIN_FLY,HYBRID,buy_wing_pe,exit,SELL,False,True,0.05,0.05,0.05,0.05,71,False,0.0
2025-01-15,E013_PIN_FLY,HYBRID,sell_atm_ce,exit,BUY,True,False,14.5103,14.5103,17.4603,17.4603,69,True,221.25
2025-01-15,E013_PIN_FLY,HYBRID,sell_atm_pe,exit,BUY,True,False,55.3603,55.3603,58.3103,58.3103,69,True,221.25
2025-01-16,E013_PIN_FLY,HYBRID,sell_atm_ce,entry,SELL,True,False,80.4419,80.4419,77.4919,77.4919,42,True,221.25
2025-01-16,E013_PIN_FLY,HYBRID,sell_atm_pe,entry,SELL,True,False,66.5919,66.5919,66.5919,63.6419,40,False,0.0
2025-01-16,E013_PIN_FLY,HYBRID,buy_wing_ce,entry,BUY,True,False,22.1081,22.1081,25.0581,25.0581,40,True,221.25
2025-01-16,E013_PIN_FLY,HYBRID,buy_wing_pe,entry,BUY,True,False,16.1665,16.1665,19.1165,19.1165,42,True,221.25
2025-01-16,E013_PIN_FLY,HYBRID,buy_wing_ce,exit,SELL,False,True,0.05,0.05,0.05,0.05,71,False,0.0
2025-01-16,E013_PIN_FLY,HYBRID,buy_wing_pe,exit,SELL,False,True,0.05,0.05,0.05,0.05,71,False,0.0
2025-01-16,E013_PIN_FLY,HYBRID,sell_atm_ce,exit,BUY,True,False,29.8078,29.8078,32.7578,32.7578,69,True,221.25
2025-01-16,E013_PIN_FLY,HYBRID,sell_atm_pe,exit,BUY,True,False,25.3578,25.3578,28.3078,28.3078,69,True,221.25
2025-01-22,E013_PIN_FLY,HYBRID,sell_atm_ce,entry,SELL,True,False,115.9213,115.9213,112.9713,112.9713,40,True,221.25
2025-01-22,E013_PIN_FLY,HYBRID,sell_atm_pe,entry,SELL,True,False,129.2713,129.2713,129.2713,126.3213,40,False,0.0
2025-01-22,E013_PIN_FLY,HYBRID,buy_wing_ce,entry,BUY,True,False,55.3772,55.3772,55.3772,58.3272,40,False,0.0
2025-01-22,E013_PIN_FLY,HYBRID,buy_wing_pe,entry,BUY,True,False,62.9724,62.9724,65.9224,65.9224,40,True,221.25
2025-01-22,E013_PIN_FLY,HYBRID,buy_wing_ce,exit,SELL,False,True,4.735,4.735,4.735,4.735,71,False,0.0
2025-01-22,E013_PIN_FLY,HYBRID,buy_wing_pe,exit,SELL,False,True,0.05,0.05,0.05,0.05,71,False,0.0
2025-01-22,E013_PIN_FLY,HYBRID,sell_atm_ce,exit,BUY,True,False,115.9812,115.9812,118.9312,118.9312,69,True,221.25
2025-01-22,E013_PIN_FLY,HYBRID,sell_atm_pe,exit,BUY,True,False,6.5812,6.5812,9.5312,9.5312,69,True,221.25
2025-01-23,E013_PIN_FLY,HYBRID,sell_atm_ce,entry,SELL,True,False,129.6963,129.6963,129.6963,126.7463,40,False,0.0
2025-01-23,E013_PIN_FLY,HYBRID,sell_atm_pe,entry,SELL,True,False,115.7463,115.7463,115.7463,112.7963,40,False,0.0
2025-01-23,E013_PIN_FLY,HYBRID,buy_wing_ce,entry,BUY,True,False,63.981,63.981,66.931,66.931,40,True,221.25
2025-01-23,E013_PIN_FLY,HYBRID,buy_wing_pe,entry,BUY,True,False,54.6206,54.6206,57.5706,57.5706,44,True,221.25
2025-01-23,E013_PIN_FLY,HYBRID,buy_wing_ce,exit,SELL,False,True,0.05,0.05,0.05,0.05,71,False,0.0
2025-01-23,E013_PIN_FLY,HYBRID,buy_wing_pe,exit,SELL,False,True,2.7207,2.7207,2.7207,2.7207,71,False,0.0
2025-01-23,E013_PIN_FLY,HYBRID,sell_atm_ce,exit,BUY,True,False,31.4037,31.4037,34.3537,34.3537,69,True,221.25
2025-01-23,E013_PIN_FLY,HYBRID,sell_atm_pe,exit,BUY,True,False,67.5537,67.5537,70.5037,70.5037,69,True,221.25
2025-01-29,E013_PIN_FLY,HYBRID,sell_atm_ce,entry,SELL,True,False,143.7876,143.7876,143.7876,140.8376,40,False,0.0
2025-01-29,E013_PIN_FLY,HYBRID,sell_atm_pe,entry,SELL,True,False,161.8876,161.8876,158.9376,158.9376,41,True,221.25
2025-01-29,E013_PIN_FLY,HYBRID,buy_wing_ce,entry,BUY,True,False,80.7906,80.7906,83.7406,83.7406,41,True,221.25
2025-01-29,E013_PIN_FLY,HYBRID,buy_wing_pe,entry,BUY,True,False,92.4179,92.4179,95.3679,95.3679,40,True,221.25
2025-01-29,E013_PIN_FLY,HYBRID,buy_wing_ce,exit,SELL,False,True,0.05,0.05,0.05,0.05,71,False,0.0
2025-01-29,E013_PIN_FLY,HYBRID,buy_wing_pe,exit,SELL,False,True,0.05,0.05,0.05,0.05,71,False,0.0
2025-01-29,E013_PIN_FLY,HYBRID,sell_atm_ce,exit,BUY,True,False,45.2593,45.2593,45.2593,48.2093,69,False,0.0
2025-01-29,E013_PIN_FLY,HYBRID,sell_atm_pe,exit,BUY,True,False,56.4593,56.4593,59.4093,59.4093,69,True,221.25
2025-01-30,E013_PIN_FLY,HYBRID,sell_atm_ce,entry,SELL,True,False,120.6108,120.6108,120.6108,117.6608,40,False,0.0
2025-01-30,E013_PIN_FLY,HYBRID,sell_atm_pe,entry,SELL,True,False,142.5608,142.5608,139.6108,139.6108,40,True,221.25
2025-01-30,E013_PIN_FLY,HYBRID,buy_wing_ce,entry,BUY,True,False,60.49,60.49,63.44,63.44,40,True,221.25
2025-01-30,E013_PIN_FLY,HYBRID,buy_wing_pe,entry,BUY,True,False,73.9001,73.9001,73.9001,76.8501,40,False,0.0
2025-01-30,E013_PIN_FLY,HYBRID,buy_wing_ce,exit,SELL,False,True,0.05,0.05,0.05,0.05,71,False,0.0
2025-01-30,E013_PIN_FLY,HYBRID,buy_wing_pe,exit,SELL,False,True,4.0905,4.0905,4.0905,4.0905,71,False,0.0
2025-01-30,E013_PIN_FLY,HYBRID,sell_atm_ce,exit,BUY,True,False,13.6729,13.6729,13.6729,16.6229,69,False,0.0
2025-01-30,E013_PIN_FLY,HYBRID,sell_atm_pe,exit,BUY,True,False,121.5229,121.5229,124.4729,124.4729,69,True,221.25
2025-02-05,E013_PIN_FLY,HYBRID,sell_atm_pe,entry,SELL,True,False,162.1106,162.1106,162.1106,159.1606,40,False,0.0
2025-02-05,E013_PIN_FLY,HYBRID,buy_wing_ce,entry,BUY,True,False,88.5383,88.5383,91.4883,91.4883,40,True,221.25
2025-02-05,E013_PIN_FLY,HYBRID,buy_wing_pe,entry,BUY,True,False,93.7616,93.7616,93.7616,96.7116,41,False,0.0
2025-02-05,E013_PIN_FLY,HYBRID,sell_atm_ce,entry,SELL,False,True,129.3199,129.3199,129.3199,129.3199,46,False,0.0
2025-02-05,E013_PIN_FLY,HYBRID,buy_wing_ce,exit,SELL,False,True,0.05,0.05,0.05,0.05,71,False,0.0
2025-02-05,E013_PIN_FLY,HYBRID,sell_atm_ce,exit,BUY,True,False,43.0821,43.0821,46.0321,46.0321,69,True,221.25
2025-02-05,E013_PIN_FLY,HYBRID,sell_atm_pe,exit,BUY,True,False,62.8321,62.8321,65.7821,65.7821,69,True,221.25
2025-02-05,E013_PIN_FLY,HYBRID,buy_wing_pe,exit,SELL,True,False,13.3488,13.3488,13.3488,10.3988,69,False,0.0
2025-02-20,E013_PIN_FLY,HYBRID,sell_atm_ce,entry,SELL,True,False,73.3839,73.3839,73.3839,70.4339,40,False,0.0
2025-02-20,E013_PIN_FLY,HYBRID,sell_atm_pe,entry,SELL,True,False,79.9839,79.9839,79.9839,77.0339,45,False,0.0
2025-02-20,E013_PIN_FLY,HYBRID,buy_wing_ce,entry,BUY,True,False,20.1712,20.1712,20.1712,23.1212,42,False,0.0
2025-02-20,E013_PIN_FLY,HYBRID,buy_wing_pe,entry,BUY,True,False,22.6253,22.6253,22.6253,25.5753,40,False,0.0
2025-02-20,E013_PIN_FLY,HYBRID,buy_wing_ce,exit,SELL,False,True,0.05,0.05,0.05,0.05,71,False,0.0
2025-02-20,E013_PIN_FLY,HYBRID,buy_wing_pe,exit,SELL,False,True,0.05,0.05,0.05,0.05,71,False,0.0
2025-02-20,E013_PIN_FLY,HYBRID,sell_atm_ce,exit,BUY,True,False,35.0712,35.0712,38.0212,38.0212,69,True,221.25
2025-02-20,E013_PIN_FLY,HYBRID,sell_atm_pe,exit,BUY,True,False,23.4212,23.4212,26.3712,26.3712,69,True,221.25
2025-03-19,E013_PIN_FLY,HYBRID,sell_atm_ce,entry,SELL,True,False,139.0526,139.0526,139.0526,136.1026,40,False,0.0
2025-03-19,E013_PIN_FLY,HYBRID,buy_wing_ce,entry,BUY,True,False,73.4817,73.4817,73.4817,76.4317,41,False,0.0
2025-03-19,E013_PIN_FLY,HYBRID,buy_wing_pe,entry,BUY,True,False,68.0993,68.0993,71.0493,71.0493,40,True,221.25
2025-03-19,E013_PIN_FLY,HYBRID,sell_atm_pe,entry,SELL,False,True,109.7862,109.7862,109.7862,109.7862,46,False,0.0
2025-03-19,E013_PIN_FLY,HYBRID,buy_wing_ce,exit,SELL,False,True,0.05,0.05,0.05,0.05,71,False,0.0
2025-03-19,E013_PIN_FLY,HYBRID,buy_wing_pe,exit,SELL,False,True,0.05,0.05,0.05,0.05,71,False,0.0
2025-03-19,E013_PIN_FLY,HYBRID,sell_atm_ce,exit,BUY,True,False,61.9215,61.9215,64.8715,64.8715,69,True,221.25
2025-03-19,E013_PIN_FLY,HYBRID,sell_atm_pe,exit,BUY,True,False,30.9215,30.9215,33.8715,33.8715,69,True,221.25
2025-03-20,E013_PIN_FLY,HYBRID,sell_atm_ce,entry,SELL,True,False,105.7629,105.7629,102.8129,102.8129,40,True,221.25
2025-03-20,E013_PIN_FLY,HYBRID,buy_wing_ce,entry,BUY,True,False,47.53,47.53,47.53,50.48,45,False,0.0
2025-03-20,E013_PIN_FLY,HYBRID,buy_wing_pe,entry,BUY,True,False,59.1064,59.1064,62.0564,62.0564,40,True,221.25
2025-03-20,E013_PIN_FLY,HYBRID,sell_atm_pe,entry,SELL,False,True,101.5966,101.5966,101.5966,101.5966,46,False,0.0
2025-03-20,E013_PIN_FLY,HYBRID,buy_wing_ce,exit,SELL,False,True,7.043,7.043,7.043,7.043,71,False,0.0
2025-03-20,E013_PIN_FLY,HYBRID,buy_wing_pe,exit,SELL,False,True,0.05,0.05,0.05,0.05,71,False,0.0
2025-03-20,E013_PIN_FLY,HYBRID,sell_atm_ce,exit,BUY,True,False,115.0731,115.0731,115.0731,118.0231,69,False,0.0
2025-03-20,E013_PIN_FLY,HYBRID,sell_atm_pe,exit,BUY,True,False,10.0231,10.0231,12.9731,12.9731,69,True,221.25
2025-04-02,E013_PIN_FLY,HYBRID,sell_atm_pe,entry,SELL,True,False,130.4901,130.4901,130.4901,127.5401,40,False,0.0
2025-04-02,E013_PIN_FLY,HYBRID,buy_wing_ce,entry,BUY,True,False,56.3598,56.3598,56.3598,59.3098,40,False,0.0
2025-04-02,E013_PIN_FLY,HYBRID,buy_wing_pe,entry,BUY,True,False,64.0613,64.0613,64.0613,67.0113,41,False,0.0
2025-04-02,E013_PIN_FLY,HYBRID,sell_atm_ce,entry,SELL,False,True,95.9922,95.9922,95.9922,95.9922,46,False,0.0
2025-04-02,E013_PIN_FLY,HYBRID,buy_wing_pe,exit,SELL,False,True,0.05,0.05,0.05,0.05,71,False,0.0
2025-04-02,E013_PIN_FLY,HYBRID,sell_atm_ce,exit,BUY,True,False,44.5088,44.5088,47.4588,47.4588,69,True,221.25
2025-04-02,E013_PIN_FLY,HYBRID,sell_atm_pe,exit,BUY,True,False,37.0588,37.0588,40.0088,40.0088,69,True,221.25
2025-04-02,E013_PIN_FLY,HYBRID,buy_wing_ce,exit,SELL,True,False,5.8246,5.8246,5.8246,2.8746,69,False,0.0
2025-04-09,E013_PIN_FLY,HYBRID,sell_atm_ce,entry,SELL,True,False,113.4149,113.4149,113.4149,110.4649,40,False,0.0
2025-04-09,E013_PIN_FLY,HYBRID,sell_atm_pe,entry,SELL,True,False,121.7149,121.7149,121.7149,118.7649,40,False,0.0
2025-04-09,E013_PIN_FLY,HYBRID,buy_wing_ce,entry,BUY,True,False,52.571,52.571,55.521,55.521,40,True,221.25
2025-04-09,E013_PIN_FLY,HYBRID,buy_wing_pe,entry,BUY,True,False,56.9236,56.9236,59.8736,59.8736,40,True,221.25
2025-04-09,E013_PIN_FLY,HYBRID,buy_wing_ce,exit,SELL,False,True,0.05,0.05,0.05,0.05,71,False,0.0
2025-04-09,E013_PIN_FLY,HYBRID,buy_wing_pe,exit,SELL,False,True,1.9737,1.9737,1.9737,1.9737,71,False,0.0
2025-04-09,E013_PIN_FLY,HYBRID,sell_atm_ce,exit,BUY,True,False,24.1976,24.1976,27.1476,27.1476,69,True,221.25
2025-04-09,E013_PIN_FLY,HYBRID,sell_atm_pe,exit,BUY,True,False,75.1476,75.1476,78.0976,78.0976,69,True,221.25
2025-04-16,E013_PIN_FLY,HYBRID,sell_atm_ce,entry,SELL,True,False,103.3887,103.3887,100.4387,100.4387,40,True,221.25
2025-04-16,E013_PIN_FLY,HYBRID,buy_wing_ce,entry,BUY,True,False,42.6245,42.6245,45.5745,45.5745,42,True,221.25
2025-04-16,E013_PIN_FLY,HYBRID,buy_wing_pe,entry,BUY,True,False,41.2474,41.2474,44.1974,44.1974,40,True,221.25
2025-04-16,E013_PIN_FLY,HYBRID,sell_atm_pe,entry,SELL,False,True,91.6873,91.6873,91.6873,91.6873,46,False,0.0
2025-04-16,E013_PIN_FLY,HYBRID,buy_wing_ce,exit,SELL,False,True,0.05,0.05,0.05,0.05,71,False,0.0
2025-04-16,E013_PIN_FLY,HYBRID,buy_wing_pe,exit,SELL,False,True,0.05,0.05,0.05,0.05,71,False,0.0
2025-04-16,E013_PIN_FLY,HYBRID,sell_atm_ce,exit,BUY,True,False,88.4396,88.4396,91.3896,91.3896,69,True,221.25
2025-04-16,E013_PIN_FLY,HYBRID,sell_atm_pe,exit,BUY,True,False,6.8396,6.8396,9.7896,9.7896,69,True,221.25
2025-04-24,E013_PIN_FLY,HYBRID,sell_atm_ce,entry,SELL,True,False,101.583,101.583,98.633,98.633,40,True,221.25
2025-04-24,E013_PIN_FLY,HYBRID,sell_atm_pe,entry,SELL,True,False,94.383,94.383,94.383,91.433,40,False,0.0
2025-04-24,E013_PIN_FLY,HYBRID,buy_wing_ce,entry,BUY,True,False,40.2364,40.2364,40.2364,43.1864,40,False,0.0
2025-04-24,E013_PIN_FLY,HYBRID,buy_wing_pe,entry,BUY,True,False,35.8907,35.8907,38.8407,38.8407,41,True,221.25
2025-04-24,E013_PIN_FLY,HYBRID,buy_wing_ce,exit,SELL,False,True,0.05,0.05,0.05,0.05,71,False,0.0
2025-04-24,E013_PIN_FLY,HYBRID,buy_wing_pe,exit,SELL,False,True,0.05,0.05,0.05,0.05,71,False,0.0
2025-04-24,E013_PIN_FLY,HYBRID,sell_atm_ce,exit,BUY,True,False,24.7469,24.7469,27.6969,27.6969,69,True,221.25
2025-04-24,E013_PIN_FLY,HYBRID,sell_atm_pe,exit,BUY,True,False,53.4969,53.4969,56.4469,56.4469,69,True,221.25
2025-04-29,E013_PIN_FLY,HYBRID,sell_atm_ce,entry,SELL,True,False,106.8251,106.8251,106.8251,103.8751,40,False,0.0
2025-04-29,E013_PIN_FLY,HYBRID,sell_atm_pe,entry,SELL,True,False,128.0751,128.0751,128.0751,125.1251,40,False,0.0
2025-04-29,E013_PIN_FLY,HYBRID,buy_wing_ce,entry,BUY,True,False,48.5198,48.5198,48.5198,51.4698,42,False,0.0
2025-04-29,E013_PIN_FLY,HYBRID,buy_wing_pe,entry,BUY,True,False,60.7601,60.7601,63.7101,63.7101,40,True,221.25
2025-04-29,E013_PIN_FLY,HYBRID,buy_wing_ce,exit,SELL,False,True,0.05,0.05,0.05,0.05,71,False,0.0
2025-04-29,E013_PIN_FLY,HYBRID,buy_wing_pe,exit,SELL,False,True,0.05,0.05,0.05,0.05,71,False,0.0
2025-04-29,E013_PIN_FLY,HYBRID,sell_atm_ce,exit,BUY,True,False,33.7183,33.7183,36.6683,36.6683,69,True,221.25
2025-04-29,E013_PIN_FLY,HYBRID,sell_atm_pe,exit,BUY,True,False,43.5183,43.5183,46.4683,46.4683,69,True,221.25
2025-04-30,E013_PIN_FLY,HYBRID,sell_atm_pe,entry,SELL,True,False,115.4521,115.4521,115.4521,112.5021,40,False,0.0
2025-04-30,E013_PIN_FLY,HYBRID,buy_wing_ce,entry,BUY,True,False,60.4262,60.4262,63.3762,63.3762,40,True,221.25
2025-04-30,E013_PIN_FLY,HYBRID,buy_wing_pe,entry,BUY,True,False,53.853,53.853,53.853,56.803,41,False,0.0
2025-04-30,E013_PIN_FLY,HYBRID,sell_atm_ce,entry,SELL,False,True,97.8584,97.8584,97.8584,97.8584,46,False,0.0
2025-04-30,E013_PIN_FLY,HYBRID,buy_wing_pe,exit,SELL,False,True,0.05,0.05,0.05,0.05,71,False,0.0
2025-04-30,E013_PIN_FLY,HYBRID,sell_atm_ce,exit,BUY,True,False,56.3108,56.3108,56.3108,59.2608,69,False,0.0
2025-04-30,E013_PIN_FLY,HYBRID,sell_atm_pe,exit,BUY,True,False,37.7608,37.7608,40.7108,40.7108,69,True,221.25
2025-04-30,E013_PIN_FLY,HYBRID,buy_wing_ce,exit,SELL,True,False,9.8636,9.8636,9.8636,6.9136,69,False,0.0
2025-05-08,E013_PIN_FLY,HYBRID,sell_atm_ce,entry,SELL,True,False,52.243,52.243,52.243,49.293,40,False,0.0
2025-05-08,E013_PIN_FLY,HYBRID,sell_atm_pe,entry,SELL,True,False,51.343,51.343,51.343,48.393,41,False,0.0
2025-05-08,E013_PIN_FLY,HYBRID,buy_wing_ce,entry,BUY,True,False,5.9783,5.9783,8.9283,8.9283,43,True,221.25
2025-05-08,E013_PIN_FLY,HYBRID,buy_wing_pe,entry,BUY,True,False,5.6146,5.6146,5.6146,8.5646,44,False,0.0
2025-05-08,E013_PIN_FLY,HYBRID,buy_wing_ce,exit,SELL,False,True,0.05,0.05,0.05,0.05,71,False,0.0
2025-05-08,E013_PIN_FLY,HYBRID,sell_atm_ce,exit,BUY,True,False,0.1,0.1,0.1,1.5512,69,False,0.0
2025-05-08,E013_PIN_FLY,HYBRID,sell_atm_pe,exit,BUY,True,False,136.4012,136.4012,139.3512,139.3512,69,True,221.25
2025-05-08,E013_PIN_FLY,HYBRID,buy_wing_pe,exit,SELL,True,False,16.1203,16.1203,16.1203,13.1703,69,False,0.0
2025-05-14,E013_PIN_FLY,HYBRID,sell_atm_pe,entry,SELL,True,False,177.6658,177.6658,177.6658,174.7158,40,False,0.0
2025-05-14,E013_PIN_FLY,HYBRID,buy_wing_ce,entry,BUY,True,False,115.4821,115.4821,115.4821,118.4321,40,False,0.0
2025-05-14,E013_PIN_FLY,HYBRID,buy_wing_pe,entry,BUY,True,False,109.9457,109.9457,112.8957,112.8957,45,True,221.25
2025-05-14,E013_PIN_FLY,HYBRID,sell_atm_ce,entry,SELL,False,True,145.0055,145.0055,145.0055,145.0055,46,False,0.0
2025-05-14,E013_PIN_FLY,HYBRID,buy_wing_ce,exit,SELL,False,True,0.05,0.05,0.05,0.05,71,False,0.0
2025-05-14,E013_PIN_FLY,HYBRID,buy_wing_pe,exit,SELL,False,True,0.05,0.05,0.05,0.05,71,False,0.0
2025-05-14,E013_PIN_FLY,HYBRID,sell_atm_ce,exit,BUY,True,False,52.2786,52.2786,55.2286,55.2286,69,True,221.25
2025-05-14,E013_PIN_FLY,HYBRID,sell_atm_pe,exit,BUY,True,False,69.0286,69.0286,71.9786,71.9786,69,True,221.25
2025-05-22,E013_PIN_FLY,HYBRID,sell_atm_ce,entry,SELL,True,False,117.3921,117.3921,117.3921,114.4421,40,False,0.0
2025-05-22,E013_PIN_FLY,HYBRID,sell_atm_pe,entry,SELL,True,False,111.5421,111.5421,108.5921,108.5921,42,True,221.25
2025-05-22,E013_PIN_FLY,HYBRID,buy_wing_ce,entry,BUY,True,False,54.0973,54.0973,57.0473,57.0473,41,True,221.25
2025-05-22,E013_PIN_FLY,HYBRID,buy_wing_pe,entry,BUY,True,False,50.0084,50.0084,52.9584,52.9584,40,True,221.25
2025-05-22,E013_PIN_FLY,HYBRID,buy_wing_ce,exit,SELL,False,True,2.636,2.636,2.636,2.636,71,False,0.0
2025-05-22,E013_PIN_FLY,HYBRID,buy_wing_pe,exit,SELL,False,True,0.05,0.05,0.05,0.05,71,False,0.0
2025-05-22,E013_PIN_FLY,HYBRID,sell_atm_ce,exit,BUY,True,False,85.1524,85.1524,85.1524,88.1024,69,False,0.0
2025-05-22,E013_PIN_FLY,HYBRID,sell_atm_pe,exit,BUY,True,False,18.3524,18.3524,21.3024,21.3024,69,True,221.25
2025-05-28,E013_PIN_FLY,HYBRID,sell_atm_ce,entry,SELL,True,False,156.6941,156.6941,156.6941,153.7441,40,False,0.0
2025-05-28,E013_PIN_FLY,HYBRID,sell_atm_pe,entry,SELL,True,False,164.5941,164.5941,164.5941,161.6441,40,False,0.0
2025-05-28,E013_PIN_FLY,HYBRID,buy_wing_ce,entry,BUY,True,False,91.5131,91.5131,94.4631,94.4631,40,True,221.25
2025-05-28,E013_PIN_FLY,HYBRID,buy_wing_pe,entry,BUY,True,False,96.2011,96.2011,99.1511,99.1511,40,True,221.25
2025-05-28,E013_PIN_FLY,HYBRID,buy_wing_ce,exit,SELL,False,True,0.05,0.05,0.05,0.05,71,False,0.0
2025-05-28,E013_PIN_FLY,HYBRID,buy_wing_pe,exit,SELL,False,True,0.05,0.05,0.05,0.05,71,False,0.0
2025-05-28,E013_PIN_FLY,HYBRID,sell_atm_ce,exit,BUY,True,False,41.3784,41.3784,44.3284,44.3284,69,True,221.25
2025-05-28,E013_PIN_FLY,HYBRID,sell_atm_pe,exit,BUY,True,False,67.3284,67.3284,70.2784,70.2784,69,True,221.25
2025-05-29,E013_PIN_FLY,HYBRID,sell_atm_ce,entry,SELL,True,False,108.4932,108.4932,105.5432,105.5432,40,True,221.25
2025-05-29,E013_PIN_FLY,HYBRID,sell_atm_pe,entry,SELL,True,False,116.8432,116.8432,116.8432,113.8932,40,False,0.0
2025-05-29,E013_PIN_FLY,HYBRID,buy_wing_ce,entry,BUY,True,False,48.3112,48.3112,48.3112,51.2612,40,False,0.0
2025-05-29,E013_PIN_FLY,HYBRID,buy_wing_pe,entry,BUY,True,False,52.6585,52.6585,55.6085,55.6085,40,True,221.25
2025-05-29,E013_PIN_FLY,HYBRID,buy_wing_pe,exit,SELL,False,True,0.05,0.05,0.05,0.05,71,False,0.0
2025-05-29,E013_PIN_FLY,HYBRID,sell_atm_ce,exit,BUY,True,False,47.1775,47.1775,47.1775,50.1275,69,False,0.0
2025-05-29,E013_PIN_FLY,HYBRID,sell_atm_pe,exit,BUY,True,False,39.8275,39.8275,42.7775,42.7775,69,True,221.25
2025-05-29,E013_PIN_FLY,HYBRID,buy_wing_ce,exit,SELL,True,False,6.9804,6.9804,4.0304,4.0304,69,True,221.25
2025-06-04,E013_PIN_FLY,HYBRID,sell_atm_ce,entry,SELL,True,False,127.4676,127.4676,127.4676,124.5176,41,False,0.0
2025-06-04,E013_PIN_FLY,HYBRID,sell_atm_pe,entry,SELL,True,False,134.5176,134.5176,134.5176,131.5676,40,False,0.0
2025-06-04,E013_PIN_FLY,HYBRID,buy_wing_ce,entry,BUY,True,False,64.7543,64.7543,64.7543,67.7043,40,False,0.0
2025-06-04,E013_PIN_FLY,HYBRID,buy_wing_pe,entry,BUY,True,False,68.5854,68.5854,71.5354,71.5354,41,True,221.25
2025-06-04,E013_PIN_FLY,HYBRID,buy_wing_ce,exit,SELL,False,True,0.05,0.05,0.05,0.05,71,False,0.0
2025-06-04,E013_PIN_FLY,HYBRID,buy_wing_pe,exit,SELL,False,True,0.05,0.05,0.05,0.05,71,False,0.0
2025-06-04,E013_PIN_FLY,HYBRID,sell_atm_ce,exit,BUY,True,False,59.1433,59.1433,62.0933,62.0933,69,True,221.25
2025-06-04,E013_PIN_FLY,HYBRID,sell_atm_pe,exit,BUY,True,False,30.2433,30.2433,33.1933,33.1933,69,True,221.25
2025-06-11,E013_PIN_FLY,HYBRID,sell_atm_ce,entry,SELL,True,False,111.4564,111.4564,108.5064,108.5064,40,True,221.25
2025-06-11,E013_PIN_FLY,HYBRID,sell_atm_pe,entry,SELL,True,False,116.5064,116.5064,116.5064,113.5564,40,False,0.0
2025-06-11,E013_PIN_FLY,HYBRID,buy_wing_ce,entry,BUY,True,False,50.4136,50.4136,50.4136,53.3636,40,False,0.0
2025-06-11,E013_PIN_FLY,HYBRID,buy_wing_pe,entry,BUY,True,False,52.8362,52.8362,55.7862,55.7862,41,True,221.25
2025-06-11,E013_PIN_FLY,HYBRID,buy_wing_ce,exit,SELL,False,True,0.05,0.05,0.05,0.05,71,False,0.0
2025-06-11,E013_PIN_FLY,HYBRID,buy_wing_pe,exit,SELL,False,True,0.05,0.05,0.05,0.05,71,False,0.0
2025-06-11,E013_PIN_FLY,HYBRID,sell_atm_ce,exit,BUY,True,False,15.8095,15.8095,18.7595,18.7595,69,True,221.25
2025-06-11,E013_PIN_FLY,HYBRID,sell_atm_pe,exit,BUY,True,False,70.9095,70.9095,73.8595,73.8595,69,True,221.25
2025-06-19,E013_PIN_FLY,HYBRID,sell_atm_pe,entry,SELL,True,False,73.8245,73.8245,73.8245,70.8745,40,False,0.0
2025-06-19,E013_PIN_FLY,HYBRID,buy_wing_ce,entry,BUY,True,False,21.7285,21.7285,24.6785,24.6785,40,True,221.25
2025-06-19,E013_PIN_FLY,HYBRID,buy_wing_pe,entry,BUY,True,False,19.763,19.763,22.713,22.713,45,True,221.25
2025-06-19,E013_PIN_FLY,HYBRID,sell_atm_ce,entry,SELL,False,True,59.6545,59.6545,59.6545,59.6545,46,False,0.0
2025-06-19,E013_PIN_FLY,HYBRID,buy_wing_ce,exit,SELL,False,True,0.05,0.05,0.05,0.05,71,False,0.0
2025-06-19,E013_PIN_FLY,HYBRID,buy_wing_pe,exit,SELL,False,True,0.05,0.05,0.05,0.05,71,False,0.0
2025-06-19,E013_PIN_FLY,HYBRID,sell_atm_ce,exit,BUY,True,False,34.0701,34.0701,37.0201,37.0201,69,True,221.25
2025-06-19,E013_PIN_FLY,HYBRID,sell_atm_pe,exit,BUY,True,False,23.5701,23.5701,23.5701,26.5201,69,False,0.0
2025-06-25,E013_PIN_FLY,HYBRID,sell_atm_ce,entry,SELL,True,False,130.1698,130.1698,130.1698,127.2198,40,False,0.0
2025-06-25,E013_PIN_FLY,HYBRID,sell_atm_pe,entry,SELL,True,False,123.5198,123.5198,120.5698,120.5698,40,True,221.25
2025-06-25,E013_PIN_FLY,HYBRID,buy_wing_ce,entry,BUY,True,False,65.4,65.4,68.35,68.35,41,True,221.25
2025-06-25,E013_PIN_FLY,HYBRID,buy_wing_pe,entry,BUY,True,False,60.5238,60.5238,60.5238,63.4738,40,False,0.0
2025-06-25,E013_PIN_FLY,HYBRID,buy_wing_ce,exit,SELL,False,True,0.05,0.05,0.05,0.05,71,False,0.0
2025-06-25,E013_PIN_FLY,HYBRID,buy_wing_pe,exit,SELL,False,True,0.05,0.05,0.05,0.05,71,False,0.0
2025-06-25,E013_PIN_FLY,HYBRID,sell_atm_ce,exit,BUY,True,False,62.0154,62.0154,64.9654,64.9654,69,True,221.25
2025-06-25,E013_PIN_FLY,HYBRID,sell_atm_pe,exit,BUY,True,False,26.2154,26.2154,29.1654,29.1654,69,True,221.25
2025-07-09,E013_PIN_FLY,HYBRID,sell_atm_ce,entry,SELL,True,False,102.3927,102.3927,102.3927,99.4427,40,False,0.0
2025-07-09,E013_PIN_FLY,HYBRID,sell_atm_pe,entry,SELL,True,False,115.5427,115.5427,115.5427,112.5927,42,False,0.0
2025-07-09,E013_PIN_FLY,HYBRID,buy_wing_ce,entry,BUY,True,False,43.7688,43.7688,46.7188,46.7188,41,True,221.25
2025-07-09,E013_PIN_FLY,HYBRID,buy_wing_pe,entry,BUY,True,False,50.8237,50.8237,50.8237,53.7737,40,False,0.0
2025-07-09,E013_PIN_FLY,HYBRID,buy_wing_ce,exit,SELL,False,True,0.05,0.05,0.05,0.05,71,False,0.0
2025-07-09,E013_PIN_FLY,HYBRID,buy_wing_pe,exit,SELL,False,True,0.05,0.05,0.05,0.05,71,False,0.0
2025-07-09,E013_PIN_FLY,HYBRID,sell_atm_ce,exit,BUY,True,False,6.9956,6.9956,9.9456,9.9456,69,True,221.25
2025-07-09,E013_PIN_FLY,HYBRID,sell_atm_pe,exit,BUY,True,False,95.1956,95.1956,98.1456,98.1456,69,True,221.25
2025-07-23,E013_PIN_FLY,HYBRID,sell_atm_ce,entry,SELL,True,False,86.7194,86.7194,86.7194,83.7694,40,False,0.0
2025-07-23,E013_PIN_FLY,HYBRID,buy_wing_ce,entry,BUY,True,False,26.3024,26.3024,29.2524,29.2524,42,True,221.25
2025-07-23,E013_PIN_FLY,HYBRID,buy_wing_pe,entry,BUY,True,False,18.3746,18.3746,18.3746,21.3246,40,False,0.0
2025-07-23,E013_PIN_FLY,HYBRID,sell_atm_pe,entry,SELL,False,True,54.3305,54.3305,54.3305,54.3305,46,False,0.0
2025-07-23,E013_PIN_FLY,HYBRID,buy_wing_ce,exit,SELL,False,True,0.05,0.05,0.05,0.05,71,False,0.0
2025-07-23,E013_PIN_FLY,HYBRID,buy_wing_pe,exit,SELL,False,True,0.05,0.05,0.05,0.05,71,False,0.0
2025-07-23,E013_PIN_FLY,HYBRID,sell_atm_ce,exit,BUY,True,False,67.132,67.132,67.132,70.082,69,False,0.0
2025-07-23,E013_PIN_FLY,HYBRID,sell_atm_pe,exit,BUY,True,False,4.582,4.582,7.532,7.532,69,True,221.25
2025-08-07,E013_PIN_FLY,HYBRID,sell_atm_ce,entry,SELL,True,False,107.315,107.315,107.315,104.365,40,False,0.0
2025-08-07,E013_PIN_FLY,HYBRID,sell_atm_pe,entry,SELL,True,False,125.365,125.365,122.415,122.415,41,True,221.25
2025-08-07,E013_PIN_FLY,HYBRID,buy_wing_ce,entry,BUY,True,False,48.5448,48.5448,51.4948,51.4948,41,True,221.25
2025-08-07,E013_PIN_FLY,HYBRID,buy_wing_pe,entry,BUY,True,False,58.7975,58.7975,58.7975,61.7475,40,False,0.0
2025-08-07,E013_PIN_FLY,HYBRID,buy_wing_pe,exit,SELL,False,True,0.05,0.05,0.05,0.05,71,False,0.0
2025-08-07,E013_PIN_FLY,HYBRID,sell_atm_ce,exit,BUY,True,False,100.8991,100.8991,100.8991,103.8491,69,False,0.0
2025-08-07,E013_PIN_FLY,HYBRID,sell_atm_pe,exit,BUY,True,False,13.7991,13.7991,16.7491,16.7491,69,True,221.25
2025-08-07,E013_PIN_FLY,HYBRID,buy_wing_ce,exit,SELL,True,False,23.1059,23.1059,20.1559,20.1559,69,True,221.25
2025-08-13,E013_PIN_FLY,HYBRID,sell_atm_ce,entry,SELL,True,False,109.2076,109.2076,106.2576,106.2576,41,True,221.25
2025-08-13,E013_PIN_FLY,HYBRID,sell_atm_pe,entry,SELL,True,False,95.1576,95.1576,95.1576,92.2076,40,False,0.0
2025-08-13,E013_PIN_FLY,HYBRID,buy_wing_ce,entry,BUY,True,False,45.6956,45.6956,45.6956,48.6456,40,False,0.0
2025-08-13,E013_PIN_FLY,HYBRID,buy_wing_pe,entry,BUY,True,False,37.426,37.426,40.376,40.376,41,True,221.25
2025-08-13,E013_PIN_FLY,HYBRID,buy_wing_ce,exit,SELL,False,True,0.05,0.05,0.05,0.05,71,False,0.0
2025-08-13,E013_PIN_FLY,HYBRID,buy_wing_pe,exit,SELL,False,True,0.05,0.05,0.05,0.05,71,False,0.0
2025-08-13,E013_PIN_FLY,HYBRID,sell_atm_ce,exit,BUY,True,False,59.7192,59.7192,62.6692,62.6692,69,True,221.25
2025-08-13,E013_PIN_FLY,HYBRID,sell_atm_pe,exit,BUY,True,False,15.5192,15.5192,18.4692,18.4692,69,True,221.25
2025-08-14,E013_PIN_FLY,HYBRID,sell_atm_ce,entry,SELL,True,False,109.8218,109.8218,109.8218,106.8718,40,False,0.0
2025-08-14,E013_PIN_FLY,HYBRID,sell_atm_pe,entry,SELL,True,False,111.8718,111.8718,108.9218,108.9218,40,True,221.25
2025-08-14,E013_PIN_FLY,HYBRID,buy_wing_ce,entry,BUY,True,False,48.6038,48.6038,51.5538,51.5538,40,True,221.25
2025-08-14,E013_PIN_FLY,HYBRID,buy_wing_pe,entry,BUY,True,False,49.2286,49.2286,49.2286,52.1786,40,False,0.0
2025-08-14,E013_PIN_FLY,HYBRID,buy_wing_ce,exit,SELL,False,True,0.05,0.05,0.05,0.05,71,False,0.0
2025-08-14,E013_PIN_FLY,HYBRID,buy_wing_pe,exit,SELL,False,True,0.05,0.05,0.05,0.05,71,False,0.0
2025-08-14,E013_PIN_FLY,HYBRID,sell_atm_ce,exit,BUY,True,False,41.4129,41.4129,44.3629,44.3629,69,True,221.25
2025-08-14,E013_PIN_FLY,HYBRID,sell_atm_pe,exit,BUY,True,False,43.9629,43.9629,46.9129,46.9129,69,True,221.25
2025-08-20,E013_PIN_FLY,HYBRID,sell_atm_ce,entry,SELL,True,False,82.5796,82.5796,82.5796,79.6296,40,False,0.0
2025-08-20,E013_PIN_FLY,HYBRID,buy_wing_ce,entry,BUY,True,False,27.3277,27.3277,30.2777,30.2777,42,True,221.25
2025-08-20,E013_PIN_FLY,HYBRID,buy_wing_pe,entry,BUY,True,False,31.4123,31.4123,34.3623,34.3623,40,True,221.25
2025-08-20,E013_PIN_FLY,HYBRID,sell_atm_pe,entry,SELL,False,True,71.8519,71.8519,71.8519,71.8519,46,False,0.0
2025-08-20,E013_PIN_FLY,HYBRID,buy_wing_ce,exit,SELL,False,True,0.05,0.05,0.05,0.05,71,False,0.0
2025-08-20,E013_PIN_FLY,HYBRID,buy_wing_pe,exit,SELL,False,True,0.05,0.05,0.05,0.05,71,False,0.0
2025-08-20,E013_PIN_FLY,HYBRID,sell_atm_ce,exit,BUY,True,False,41.8203,41.8203,44.7703,44.7703,69,True,221.25
2025-08-20,E013_PIN_FLY,HYBRID,sell_atm_pe,exit,BUY,True,False,17.5203,17.5203,20.4703,20.4703,69,True,221.25
2025-08-21,E013_PIN_FLY,HYBRID,sell_atm_ce,entry,SELL,True,False,114.3766,114.3766,114.3766,111.4266,40,False,0.0
2025-08-21,E013_PIN_FLY,HYBRID,buy_wing_ce,entry,BUY,True,False,50.2775,50.2775,53.2275,53.2275,43,True,221.25
2025-08-21,E013_PIN_FLY,HYBRID,buy_wing_pe,entry,BUY,True,False,41.9247,41.9247,44.8747,44.8747,40,True,221.25
2025-08-21,E013_PIN_FLY,HYBRID,sell_atm_pe,entry,SELL,False,True,85.693,85.693,85.693,85.693,46,False,0.0
2025-08-21,E013_PIN_FLY,HYBRID,buy_wing_ce,exit,SELL,False,True,0.05,0.05,0.05,0.05,71,False,0.0
2025-08-21,E013_PIN_FLY,HYBRID,buy_wing_pe,exit,SELL,False,True,0.05,0.05,0.05,0.05,71,False,0.0
2025-08-21,E013_PIN_FLY,HYBRID,sell_atm_ce,exit,BUY,True,False,43.185,43.185,46.135,46.135,69,True,221.25
2025-08-21,E013_PIN_FLY,HYBRID,sell_atm_pe,exit,BUY,True,False,39.435,39.435,42.385,42.385,69,True,221.25
2025-09-08,E013_PIN_FLY,HYBRID,sell_atm_ce,entry,SELL,True,False,152.7078,152.7078,152.7078,149.7578,40,False,0.0
2025-09-08,E013_PIN_FLY,HYBRID,buy_wing_ce,entry,BUY,True,False,88.9747,88.9747,91.9247,91.9247,43,True,221.25
2025-09-08,E013_PIN_FLY,HYBRID,buy_wing_pe,entry,BUY,True,False,101.2268,101.2268,104.1768,104.1768,40,True,221.25
2025-09-08,E013_PIN_FLY,HYBRID,sell_atm_pe,entry,SELL,False,True,138.3876,138.3876,138.3876,138.3876,46,False,0.0
2025-09-08,E013_PIN_FLY,HYBRID,buy_wing_ce,exit,SELL,False,True,0.05,0.05,0.05,0.05,71,False,0.0
2025-09-08,E013_PIN_FLY,HYBRID,sell_atm_ce,exit,BUY,True,False,32.1676,32.1676,35.1176,35.1176,69,True,221.25
2025-09-08,E013_PIN_FLY,HYBRID,sell_atm_pe,exit,BUY,True,False,74.9176,74.9176,77.8676,77.8676,69,True,221.25
2025-09-08,E013_PIN_FLY,HYBRID,buy_wing_pe,exit,SELL,True,False,16.5515,16.5515,16.5515,13.6015,69,False,0.0
2025-09-09,E013_PIN_FLY,HYBRID,sell_atm_ce,entry,SELL,True,False,52.5011,52.5011,49.5511,49.5511,40,True,221.25
2025-09-09,E013_PIN_FLY,HYBRID,sell_atm_pe,entry,SELL,True,False,49.2011,49.2011,49.2011,46.2511,40,False,0.0
2025-09-09,E013_PIN_FLY,HYBRID,buy_wing_ce,entry,BUY,True,False,5.7834,5.7834,8.7334,8.7334,44,True,221.25
2025-09-09,E013_PIN_FLY,HYBRID,buy_wing_pe,entry,BUY,True,False,4.8957,4.8957,4.8957,7.8457,42,False,0.0
2025-09-09,E013_PIN_FLY,HYBRID,buy_wing_ce,exit,SELL,False,True,0.05,0.05,0.05,0.05,71,False,0.0
2025-09-09,E013_PIN_FLY,HYBRID,buy_wing_pe,exit,SELL,False,True,0.05,0.05,0.05,0.05,71,False,0.0
2025-09-09,E013_PIN_FLY,HYBRID,sell_atm_ce,exit,BUY,True,False,23.9578,23.9578,26.9078,26.9078,69,True,221.25
2025-09-09,E013_PIN_FLY,HYBRID,sell_atm_pe,exit,BUY,True,False,13.8078,13.8078,13.8078,16.7578,69,False,0.0
2025-09-15,E013_PIN_FLY,HYBRID,sell_atm_pe,entry,SELL,True,False,145.8651,145.8651,142.9151,142.9151,40,True,221.25
2025-09-15,E013_PIN_FLY,HYBRID,buy_wing_ce,entry,BUY,True,False,88.8127,88.8127,91.7627,91.7627,40,True,221.25
2025-09-15,E013_PIN_FLY,HYBRID,buy_wing_pe,entry,BUY,True,False,80.9618,80.9618,83.9118,83.9118,43,True,221.25
2025-09-15,E013_PIN_FLY,HYBRID,sell_atm_ce,entry,SELL,False,True,132.8847,132.8847,132.8847,132.8847,46,False,0.0
2025-09-15,E013_PIN_FLY,HYBRID,buy_wing_ce,exit,SELL,False,True,0.05,0.05,0.05,0.05,71,False,0.0
2025-09-15,E013_PIN_FLY,HYBRID,buy_wing_pe,exit,SELL,False,True,0.05,0.05,0.05,0.05,71,False,0.0
2025-09-15,E013_PIN_FLY,HYBRID,sell_atm_ce,exit,BUY,True,False,39.5357,39.5357,42.4857,42.4857,69,True,221.25
2025-09-15,E013_PIN_FLY,HYBRID,sell_atm_pe,exit,BUY,True,False,55.7857,55.7857,58.7357,58.7357,69,True,221.25
2025-09-16,E013_PIN_FLY,HYBRID,sell_atm_ce,entry,SELL,True,False,106.1992,106.1992,106.1992,103.2492,40,False,0.0
2025-09-16,E013_PIN_FLY,HYBRID,buy_wing_ce,entry,BUY,True,False,45.7309,45.7309,48.6809,48.6809,41,True,221.25
2025-09-16,E013_PIN_FLY,HYBRID,buy_wing_pe,entry,BUY,True,False,47.3435,47.3435,50.2935,50.2935,40,True,221.25
2025-09-16,E013_PIN_FLY,HYBRID,sell_atm_pe,entry,SELL,False,True,97.8233,97.8233,97.8233,97.8233,46,False,0.0
2025-09-16,E013_PIN_FLY,HYBRID,buy_wing_pe,exit,SELL,False,True,0.05,0.05,0.05,0.05,71,False,0.0
2025-09-16,E013_PIN_FLY,HYBRID,sell_atm_ce,exit,BUY,True,False,42.4914,42.4914,42.4914,45.4414,69,False,0.0
2025-09-16,E013_PIN_FLY,HYBRID,sell_atm_pe,exit,BUY,True,False,40.6414,40.6414,43.5914,43.5914,69,True,221.25
2025-09-16,E013_PIN_FLY,HYBRID,buy_wing_ce,exit,SELL,True,False,5.6834,5.6834,5.6834,2.7334,69,False,0.0
2025-09-22,E013_PIN_FLY,HYBRID,sell_atm_ce,entry,SELL,True,False,135.0055,135.0055,135.0055,132.0555,40,False,0.0
2025-09-22,E013_PIN_FLY,HYBRID,buy_wing_ce,entry,BUY,True,False,71.6453,71.6453,74.5953,74.5953,43,True,221.25
2025-09-22,E013_PIN_FLY,HYBRID,buy_wing_pe,entry,BUY,True,False,76.2786,76.2786,79.2286,79.2286,40,True,221.25
2025-09-22,E013_PIN_FLY,HYBRID,sell_atm_pe,entry,SELL,False,True,117.3995,117.3995,117.3995,117.3995,46,False,0.0
2025-09-22,E013_PIN_FLY,HYBRID,buy_wing_ce,exit,SELL,False,True,0.05,0.05,0.05,0.05,71,False,0.0
2025-09-22,E013_PIN_FLY,HYBRID,buy_wing_pe,exit,SELL,False,True,0.096,0.096,0.096,0.096,71,False,0.0
2025-09-22,E013_PIN_FLY,HYBRID,sell_atm_ce,exit,BUY,True,False,8.9989,8.9989,11.9489,11.9489,69,True,221.25
2025-09-22,E013_PIN_FLY,HYBRID,sell_atm_pe,exit,BUY,True,False,114.4989,114.4989,114.4989,117.4489,69,False,0.0
2025-10-13,E013_PIN_FLY,HYBRID,sell_atm_ce,entry,SELL,True,False,98.0566,98.0566,95.1066,95.1066,40,True,221.25
2025-10-13,E013_PIN_FLY,HYBRID,buy_wing_ce,entry,BUY,True,False,40.6934,40.6934,40.6934,43.6434,42,False,0.0
2025-10-13,E013_PIN_FLY,HYBRID,buy_wing_pe,entry,BUY,True,False,49.9486,49.9486,52.8986,52.8986,40,True,221.25
2025-10-13,E013_PIN_FLY,HYBRID,sell_atm_pe,entry,SELL,False,True,107.9992,107.9992,107.9992,107.9992,46,False,0.0
2025-10-13,E013_PIN_FLY,HYBRID,buy_wing_ce,exit,SELL,False,True,0.05,0.05,0.05,0.05,71,False,0.0
2025-10-13,E013_PIN_FLY,HYBRID,buy_wing_pe,exit,SELL,False,True,0.05,0.05,0.05,0.05,71,False,0.0
2025-10-13,E013_PIN_FLY,HYBRID,sell_atm_ce,exit,BUY,True,False,62.8805,62.8805,65.8305,65.8305,69,True,221.25
2025-10-13,E013_PIN_FLY,HYBRID,sell_atm_pe,exit,BUY,True,False,13.6805,13.6805,16.6305,16.6305,69,True,221.25
2025-11-03,E013_PIN_FLY,HYBRID,sell_atm_ce,entry,SELL,True,False,109.992,109.992,107.042,107.042,40,True,221.25
2025-11-03,E013_PIN_FLY,HYBRID,sell_atm_pe,entry,SELL,True,False,96.992,96.992,96.992,94.042,40,False,0.0
2025-11-03,E013_PIN_FLY,HYBRID,buy_wing_ce,entry,BUY,True,False,46.532,46.532,46.532,49.482,40,False,0.0
2025-11-03,E013_PIN_FLY,HYBRID,buy_wing_pe,entry,BUY,True,False,38.7877,38.7877,41.7377,41.7377,40,True,221.25
2025-11-03,E013_PIN_FLY,HYBRID,buy_wing_ce,exit,SELL,False,True,0.05,0.05,0.05,0.05,71,False,0.0
2025-11-03,E013_PIN_FLY,HYBRID,buy_wing_pe,exit,SELL,False,True,0.05,0.05,0.05,0.05,71,False,0.0
2025-11-03,E013_PIN_FLY,HYBRID,sell_atm_ce,exit,BUY,True,False,69.2918,69.2918,69.2918,72.2418,69,False,0.0
2025-11-03,E013_PIN_FLY,HYBRID,sell_atm_pe,exit,BUY,True,False,10.2918,10.2918,13.2418,13.2418,69,True,221.25
2025-11-04,E013_PIN_FLY,HYBRID,sell_atm_ce,entry,SELL,True,False,177.4375,177.4375,174.4875,174.4875,40,True,221.25
2025-11-04,E013_PIN_FLY,HYBRID,sell_atm_pe,entry,SELL,True,False,155.0875,155.0875,155.0875,152.1375,40,False,0.0
2025-11-04,E013_PIN_FLY,HYBRID,buy_wing_ce,entry,BUY,True,False,107.5712,107.5712,107.5712,110.5212,40,False,0.0
2025-11-04,E013_PIN_FLY,HYBRID,buy_wing_pe,entry,BUY,True,False,90.6629,90.6629,93.6129,93.6129,40,True,221.25
2025-11-04,E013_PIN_FLY,HYBRID,buy_wing_ce,exit,SELL,False,True,0.1271,0.1271,0.1271,0.1271,71,False,0.0
2025-11-04,E013_PIN_FLY,HYBRID,buy_wing_pe,exit,SELL,False,True,9.6227,9.6227,9.6227,9.6227,71,False,0.0
2025-11-04,E013_PIN_FLY,HYBRID,sell_atm_ce,exit,BUY,True,False,45.6764,45.6764,48.6264,48.6264,69,True,221.25
2025-11-04,E013_PIN_FLY,HYBRID,sell_atm_pe,exit,BUY,True,False,88.3764,88.3764,91.3264,91.3264,69,True,221.25
2025-11-10,E013_PIN_FLY,HYBRID,sell_atm_ce,entry,SELL,True,False,137.1324,137.1324,134.1824,134.1824,40,True,221.25
2025-11-10,E013_PIN_FLY,HYBRID,sell_atm_pe,entry,SELL,True,False,153.6324,153.6324,153.6324,150.6824,40,False,0.0
2025-11-10,E013_PIN_FLY,HYBRID,buy_wing_ce,entry,BUY,True,False,74.5354,74.5354,77.4854,77.4854,42,True,221.25
2025-11-10,E013_PIN_FLY,HYBRID,buy_wing_pe,entry,BUY,True,False,84.9415,84.9415,87.8915,87.8915,40,True,221.25
2025-11-10,E013_PIN_FLY,HYBRID,buy_wing_ce,exit,SELL,False,True,0.05,0.05,0.05,0.05,71,False,0.0
2025-11-10,E013_PIN_FLY,HYBRID,buy_wing_pe,exit,SELL,False,True,0.05,0.05,0.05,0.05,71,False,0.0
2025-11-10,E013_PIN_FLY,HYBRID,sell_atm_ce,exit,BUY,True,False,26.5963,26.5963,29.5463,29.5463,69,True,221.25
2025-11-10,E013_PIN_FLY,HYBRID,sell_atm_pe,exit,BUY,True,False,70.6963,70.6963,70.6963,73.6463,69,False,0.0
2025-11-17,E013_PIN_FLY,HYBRID,sell_atm_ce,entry,SELL,True,False,177.6598,177.6598,177.6598,174.7098,40,False,0.0
2025-11-17,E013_PIN_FLY,HYBRID,buy_wing_ce,entry,BUY,True,False,112.5597,112.5597,115.5097,115.5097,42,True,221.25
2025-11-17,E013_PIN_FLY,HYBRID,buy_wing_pe,entry,BUY,True,False,128.433,128.433,131.383,131.383,40,True,221.25
2025-11-17,E013_PIN_FLY,HYBRID,sell_atm_pe,entry,SELL,False,True,173.3921,173.3921,173.3921,173.3921,46,False,0.0
2025-11-17,E013_PIN_FLY,HYBRID,buy_wing_ce,exit,SELL,False,True,0.05,0.05,0.05,0.05,71,False,0.0
2025-11-17,E013_PIN_FLY,HYBRID,buy_wing_pe,exit,SELL,False,True,0.05,0.05,0.05,0.05,71,False,0.0
2025-11-17,E013_PIN_FLY,HYBRID,sell_atm_ce,exit,BUY,True,False,56.6188,56.6188,59.5688,59.5688,69,True,221.25
2025-11-17,E013_PIN_FLY,HYBRID,sell_atm_pe,exit,BUY,True,False,62.6688,62.6688,65.6188,65.6188,69,True,221.25
2025-11-18,E013_PIN_FLY,HYBRID,sell_atm_pe,entry,SELL,True,False,89.4222,89.4222,89.4222,86.4722,40,False,0.0
2025-11-18,E013_PIN_FLY,HYBRID,buy_wing_ce,entry,BUY,True,False,30.6814,30.6814,33.6314,33.6314,40,True,221.25
2025-11-18,E013_PIN_FLY,HYBRID,buy_wing_pe,entry,BUY,True,False,30.7752,30.7752,33.7252,33.7252,43,True,221.25
2025-11-18,E013_PIN_FLY,HYBRID,sell_atm_ce,entry,SELL,False,True,82.9844,82.9844,82.9844,82.9844,46,False,0.0
2025-11-18,E013_PIN_FLY,HYBRID,buy_wing_ce,exit,SELL,False,True,0.05,0.05,0.05,0.05,71,False,0.0
2025-11-18,E013_PIN_FLY,HYBRID,buy_wing_pe,exit,SELL,False,True,0.05,0.05,0.05,0.05,71,False,0.0
2025-11-18,E013_PIN_FLY,HYBRID,sell_atm_ce,exit,BUY,True,False,30.1594,30.1594,33.1094,33.1094,69,True,221.25
2025-11-18,E013_PIN_FLY,HYBRID,sell_atm_pe,exit,BUY,True,False,37.7594,37.7594,37.7594,40.7094,69,False,0.0
2025-11-24,E013_PIN_FLY,HYBRID,sell_atm_ce,entry,SELL,True,False,105.0163,105.0163,105.0163,102.0663,40,False,0.0
2025-11-24,E013_PIN_FLY,HYBRID,sell_atm_pe,entry,SELL,True,False,126.6163,126.6163,126.6163,123.6663,40,False,0.0
2025-11-24,E013_PIN_FLY,HYBRID,buy_wing_ce,entry,BUY,True,False,47.0167,47.0167,47.0167,49.9667,41,False,0.0
2025-11-24,E013_PIN_FLY,HYBRID,buy_wing_pe,entry,BUY,True,False,59.4091,59.4091,62.3591,62.3591,40,True,221.25
2025-11-24,E013_PIN_FLY,HYBRID,buy_wing_ce,exit,SELL,False,True,0.05,0.05,0.05,0.05,71,False,0.0
2025-11-24,E013_PIN_FLY,HYBRID,sell_atm_ce,exit,BUY,True,False,12.8981,12.8981,15.8481,15.8481,69,True,221.25
2025-11-24,E013_PIN_FLY,HYBRID,sell_atm_pe,exit,BUY,True,False,73.8481,73.8481,73.8481,76.7981,69,False,0.0
2025-11-24,E013_PIN_FLY,HYBRID,buy_wing_pe,exit,SELL,True,False,9.7992,9.7992,9.7992,6.8492,69,False,0.0
2025-12-02,E013_PIN_FLY,HYBRID,sell_atm_ce,entry,SELL,True,False,174.9753,174.9753,174.9753,172.0253,40,False,0.0
2025-12-02,E013_PIN_FLY,HYBRID,sell_atm_pe,entry,SELL,True,False,151.2253,151.2253,148.2753,148.2753,40,True,221.25
2025-12-02,E013_PIN_FLY,HYBRID,buy_wing_ce,entry,BUY,True,False,105.0362,105.0362,107.9862,107.9862,41,True,221.25
2025-12-02,E013_PIN_FLY,HYBRID,buy_wing_pe,entry,BUY,True,False,87.2858,87.2858,87.2858,90.2358,40,False,0.0
2025-12-02,E013_PIN_FLY,HYBRID,buy_wing_ce,exit,SELL,False,True,1.7801,1.7801,1.7801,1.7801,71,False,0.0
2025-12-02,E013_PIN_FLY,HYBRID,buy_wing_pe,exit,SELL,False,True,3.943,3.943,3.943,3.943,71,False,0.0
2025-12-02,E013_PIN_FLY,HYBRID,sell_atm_ce,exit,BUY,True,False,45.1499,45.1499,48.0999,48.0999,69,True,221.25
2025-12-02,E013_PIN_FLY,HYBRID,sell_atm_pe,exit,BUY,True,False,86.0499,86.0499,88.9999,88.9999,69,True,221.25
2025-12-08,E013_PIN_FLY,HYBRID,sell_atm_ce,entry,SELL,True,False,213.5249,213.5249,213.5249,210.5749,40,False,0.0
2025-12-08,E013_PIN_FLY,HYBRID,sell_atm_pe,entry,SELL,True,False,198.0749,198.0749,198.0749,195.1249,40,False,0.0
2025-12-08,E013_PIN_FLY,HYBRID,buy_wing_ce,entry,BUY,True,False,143.1134,143.1134,146.0634,146.0634,41,True,221.25
2025-12-08,E013_PIN_FLY,HYBRID,buy_wing_pe,entry,BUY,True,False,130.0951,130.0951,133.0451,133.0451,40,True,221.25
2025-12-08,E013_PIN_FLY,HYBRID,buy_wing_ce,exit,SELL,False,True,0.05,0.05,0.05,0.05,71,False,0.0
2025-12-08,E013_PIN_FLY,HYBRID,buy_wing_pe,exit,SELL,False,True,0.05,0.05,0.05,0.05,71,False,0.0
2025-12-08,E013_PIN_FLY,HYBRID,sell_atm_ce,exit,BUY,True,False,39.1364,39.1364,42.0864,42.0864,69,True,221.25
2025-12-08,E013_PIN_FLY,HYBRID,sell_atm_pe,exit,BUY,True,False,99.5364,99.5364,102.4864,102.4864,69,True,221.25
2025-12-15,E013_PIN_FLY,HYBRID,sell_atm_ce,entry,SELL,True,False,172.6068,172.6068,172.6068,169.6568,40,False,0.0
2025-12-15,E013_PIN_FLY,HYBRID,sell_atm_pe,entry,SELL,True,False,196.7568,196.7568,193.8068,193.8068,40,True,221.25
2025-12-15,E013_PIN_FLY,HYBRID,buy_wing_ce,entry,BUY,True,False,107.9767,107.9767,110.9267,110.9267,40,True,221.25
2025-12-15,E013_PIN_FLY,HYBRID,buy_wing_pe,entry,BUY,True,False,124.9405,124.9405,124.9405,127.8905,40,False,0.0
2025-12-15,E013_PIN_FLY,HYBRID,buy_wing_ce,exit,SELL,False,True,0.05,0.05,0.05,0.05,71,False,0.0
2025-12-15,E013_PIN_FLY,HYBRID,buy_wing_pe,exit,SELL,False,True,0.05,0.05,0.05,0.05,71,False,0.0
2025-12-15,E013_PIN_FLY,HYBRID,sell_atm_ce,exit,BUY,True,False,51.6837,51.6837,54.6337,54.6337,69,True,221.25
2025-12-15,E013_PIN_FLY,HYBRID,sell_atm_pe,exit,BUY,True,False,65.1837,65.1837,68.1337,68.1337,69,True,221.25
2025-12-16,E013_PIN_FLY,HYBRID,sell_atm_pe,entry,SELL,True,False,129.2685,129.2685,129.2685,126.3185,40,False,0.0
2025-12-16,E013_PIN_FLY,HYBRID,buy_wing_ce,entry,BUY,True,False,70.0292,70.0292,72.9792,72.9792,40,True,221.25
2025-12-16,E013_PIN_FLY,HYBRID,buy_wing_pe,entry,BUY,True,False,65.529,65.529,68.479,68.479,43,True,221.25
2025-12-16,E013_PIN_FLY,HYBRID,sell_atm_ce,entry,SELL,False,True,109.4699,109.4699,109.4699,109.4699,46,False,0.0
2025-12-16,E013_PIN_FLY,HYBRID,buy_wing_ce,exit,SELL,False,True,0.05,0.05,0.05,0.05,71,False,0.0
2025-12-16,E013_PIN_FLY,HYBRID,buy_wing_pe,exit,SELL,False,True,3.4257,3.4257,3.4257,3.4257,71,False,0.0
2025-12-16,E013_PIN_FLY,HYBRID,sell_atm_ce,exit,BUY,True,False,43.5634,43.5634,46.5134,46.5134,69,True,221.25
2025-12-16,E013_PIN_FLY,HYBRID,sell_atm_pe,exit,BUY,True,False,59.7634,59.7634,59.7634,62.7134,69,False,0.0
2025-12-22,E013_PIN_FLY,HYBRID,sell_atm_ce,entry,SELL,True,False,171.1369,171.1369,171.1369,168.1869,40,False,0.0
2025-12-22,E013_PIN_FLY,HYBRID,sell_atm_pe,entry,SELL,True,False,183.8369,183.8369,183.8369,180.8869,41,False,0.0
2025-12-22,E013_PIN_FLY,HYBRID,buy_wing_ce,entry,BUY,True,False,105.4726,105.4726,108.4226,108.4226,41,True,221.25
2025-12-22,E013_PIN_FLY,HYBRID,buy_wing_pe,entry,BUY,True,False,113.8398,113.8398,113.8398,116.7898,40,False,0.0
2025-12-22,E013_PIN_FLY,HYBRID,buy_wing_ce,exit,SELL,False,True,0.05,0.05,0.05,0.05,71,False,0.0
2025-12-22,E013_PIN_FLY,HYBRID,buy_wing_pe,exit,SELL,False,True,0.05,0.05,0.05,0.05,71,False,0.0
2025-12-22,E013_PIN_FLY,HYBRID,sell_atm_ce,exit,BUY,True,False,62.5209,62.5209,65.4709,65.4709,69,True,221.25
2025-12-22,E013_PIN_FLY,HYBRID,sell_atm_pe,exit,BUY,True,False,49.7709,49.7709,52.7209,52.7209,69,True,221.25
2025-12-23,E013_PIN_FLY,HYBRID,sell_atm_ce,entry,SELL,True,False,132.475,132.475,129.525,129.525,40,True,221.25
2025-12-23,E013_PIN_FLY,HYBRID,buy_wing_ce,entry,BUY,True,False,66.021,66.021,68.971,68.971,44,True,221.25
2025-12-23,E013_PIN_FLY,HYBRID,buy_wing_pe,entry,BUY,True,False,54.716,54.716,57.666,57.666,40,True,221.25
2025-12-23,E013_PIN_FLY,HYBRID,sell_atm_pe,entry,SELL,False,True,91.6855,91.6855,91.6855,91.6855,46,False,0.0
2025-12-23,E013_PIN_FLY,HYBRID,buy_wing_ce,exit,SELL,False,True,1.572,1.572,1.572,1.572,71,False,0.0
2025-12-23,E013_PIN_FLY,HYBRID,buy_wing_pe,exit,SELL,False,True,0.05,0.05,0.05,0.05,71,False,0.0
2025-12-23,E013_PIN_FLY,HYBRID,sell_atm_ce,exit,BUY,True,False,69.8924,69.8924,72.8424,72.8424,69,True,221.25
2025-12-23,E013_PIN_FLY,HYBRID,sell_atm_pe,exit,BUY,True,False,30.7924,30.7924,33.7424,33.7424,69,True,221.25
2025-12-29,E013_PIN_FLY,HYBRID,sell_atm_ce,entry,SELL,True,False,145.2815,145.2815,145.2815,142.3315,40,False,0.0
2025-12-29,E013_PIN_FLY,HYBRID,buy_wing_ce,entry,BUY,True,False,78.816,78.816,81.766,81.766,41,True,221.25
2025-12-29,E013_PIN_FLY,HYBRID,buy_wing_pe,entry,BUY,True,False,71.5848,71.5848,74.5348,74.5348,40,True,221.25
2025-12-29,E013_PIN_FLY,HYBRID,sell_atm_pe,entry,SELL,False,True,114.0514,114.0514,114.0514,114.0514,46,False,0.0
2025-12-29,E013_PIN_FLY,HYBRID,buy_wing_ce,exit,SELL,False,True,0.05,0.05,0.05,0.05,71,False,0.0
2025-12-29,E013_PIN_FLY,HYBRID,buy_wing_pe,exit,SELL,False,True,0.05,0.05,0.05,0.05,71,False,0.0
2025-12-29,E013_PIN_FLY,HYBRID,sell_atm_ce,exit,BUY,True,False,36.3309,36.3309,39.2809,39.2809,69,True,221.25
2025-12-29,E013_PIN_FLY,HYBRID,sell_atm_pe,exit,BUY,True,False,52.1309,52.1309,55.0809,55.0809,69,True,221.25
2025-12-30,E013_PIN_FLY,HYBRID,sell_atm_ce,entry,SELL,True,False,102.8195,102.8195,102.8195,99.8695,40,False,0.0
2025-12-30,E013_PIN_FLY,HYBRID,sell_atm_pe,entry,SELL,True,False,109.2195,109.2195,109.2195,106.2695,40,False,0.0
2025-12-30,E013_PIN_FLY,HYBRID,buy_wing_ce,entry,BUY,True,False,43.2282,43.2282,46.1782,46.1782,42,True,191.75
2025-12-30,E013_PIN_FLY,HYBRID,buy_wing_pe,entry,BUY,True,False,46.3435,46.3435,49.2935,49.2935,40,True,191.75
2025-12-30,E013_PIN_FLY,HYBRID,buy_wing_ce,exit,SELL,False,True,0.4914,0.4914,0.4914,0.4914,71,False,0.0
2025-12-30,E013_PIN_FLY,HYBRID,buy_wing_pe,exit,SELL,False,True,0.05,0.05,0.05,0.05,71,False,0.0
2025-12-30,E013_PIN_FLY,HYBRID,sell_atm_ce,exit,BUY,True,False,62.5763,62.5763,65.5263,65.5263,69,True,191.75
2025-12-30,E013_PIN_FLY,HYBRID,sell_atm_pe,exit,BUY,True,False,24.3763,24.3763,27.3263,27.3263,69,True,191.75
2026-01-05,E013_PIN_FLY,HYBRID,sell_atm_ce,entry,SELL,True,False,189.9797,189.9797,189.9797,187.0297,40,False,0.0
2026-01-05,E013_PIN_FLY,HYBRID,buy_wing_ce,entry,BUY,True,False,123.6469,123.6469,126.5969,126.5969,41,True,191.75
2026-01-05,E013_PIN_FLY,HYBRID,buy_wing_pe,entry,BUY,True,False,135.4414,135.4414,138.3914,138.3914,40,True,191.75
2026-01-05,E013_PIN_FLY,HYBRID,sell_atm_pe,entry,SELL,False,True,185.7061,185.7061,185.7061,185.7061,46,False,0.0
2026-01-05,E013_PIN_FLY,HYBRID,buy_wing_ce,exit,SELL,False,True,0.05,0.05,0.05,0.05,71,False,0.0
2026-01-05,E013_PIN_FLY,HYBRID,buy_wing_pe,exit,SELL,False,True,2.8279,2.8279,2.8279,2.8279,71,False,0.0
2026-01-05,E013_PIN_FLY,HYBRID,sell_atm_ce,exit,BUY,True,False,33.662,33.662,36.612,36.612,69,True,191.75
2026-01-05,E013_PIN_FLY,HYBRID,sell_atm_pe,exit,BUY,True,False,103.562,103.562,103.562,106.512,69,False,0.0
2026-01-12,E013_PIN_FLY,HYBRID,sell_atm_ce,entry,SELL,True,False,186.6741,186.6741,183.7241,183.7241,40,True,191.75
2026-01-12,E013_PIN_FLY,HYBRID,sell_atm_pe,entry,SELL,True,False,189.7241,189.7241,189.7241,186.7741,40,False,0.0
2026-01-12,E013_PIN_FLY,HYBRID,buy_wing_ce,entry,BUY,True,False,119.1801,119.1801,119.1801,122.1301,40,False,0.0
2026-01-12,E013_PIN_FLY,HYBRID,buy_wing_pe,entry,BUY,True,False,120.428,120.428,123.378,123.378,40,True,191.75
2026-01-12,E013_PIN_FLY,HYBRID,buy_wing_ce,exit,SELL,False,True,0.05,0.05,0.05,0.05,71,False,0.0
2026-01-12,E013_PIN_FLY,HYBRID,buy_wing_pe,exit,SELL,False,True,0.05,0.05,0.05,0.05,71,False,0.0
2026-01-12,E013_PIN_FLY,HYBRID,sell_atm_ce,exit,BUY,True,False,130.0245,130.0245,132.9745,132.9745,69,True,191.75
2026-01-12,E013_PIN_FLY,HYBRID,sell_atm_pe,exit,BUY,True,False,19.5745,19.5745,22.5245,22.5245,69,True,191.75
2026-01-13,E013_PIN_FLY,HYBRID,sell_atm_ce,entry,SELL,True,False,145.4778,145.4778,145.4778,142.5278,40,False,0.0
2026-01-13,E013_PIN_FLY,HYBRID,sell_atm_pe,entry,SELL,True,False,136.6778,136.6778,133.7278,133.7278,41,True,191.75
2026-01-13,E013_PIN_FLY,HYBRID,buy_wing_ce,entry,BUY,True,False,79.1235,79.1235,82.0735,82.0735,41,True,191.75
2026-01-13,E013_PIN_FLY,HYBRID,buy_wing_pe,entry,BUY,True,False,72.5008,72.5008,72.5008,75.4508,40,False,0.0
2026-01-13,E013_PIN_FLY,HYBRID,buy_wing_pe,exit,SELL,False,True,0.05,0.05,0.05,0.05,71,False,0.0
2026-01-13,E013_PIN_FLY,HYBRID,sell_atm_ce,exit,BUY,True,False,58.918,58.918,58.918,61.868,69,False,0.0
2026-01-13,E013_PIN_FLY,HYBRID,sell_atm_pe,exit,BUY,True,False,50.968,50.968,53.918,53.918,69,True,191.75
2026-01-13,E013_PIN_FLY,HYBRID,buy_wing_ce,exit,SELL,True,False,13.1627,13.1627,10.2127,10.2127,69,True,191.75
2026-01-19,E013_PIN_FLY,HYBRID,sell_atm_ce,entry,SELL,True,False,108.2359,108.2359,105.2859,105.2859,43,True,191.75
2026-01-19,E013_PIN_FLY,HYBRID,sell_atm_pe,entry,SELL,True,False,132.4859,132.4859,132.4859,129.5359,40,False,0.0
2026-01-19,E013_PIN_FLY,HYBRID,buy_wing_ce,entry,BUY,True,False,50.0563,50.0563,50.0563,53.0063,40,False,0.0
2026-01-19,E013_PIN_FLY,HYBRID,buy_wing_pe,entry,BUY,True,False,64.3348,64.3348,67.2848,67.2848,41,True,191.75
2026-01-19,E013_PIN_FLY,HYBRID,buy_wing_ce,exit,SELL,False,True,0.05,0.05,0.05,0.05,71,False,0.0
2026-01-19,E013_PIN_FLY,HYBRID,buy_wing_pe,exit,SELL,False,True,0.05,0.05,0.05,0.05,71,False,0.0
2026-01-19,E013_PIN_FLY,HYBRID,sell_atm_ce,exit,BUY,True,False,88.8783,88.8783,91.8283,91.8283,69,True,191.75
2026-01-19,E013_PIN_FLY,HYBRID,sell_atm_pe,exit,BUY,True,False,9.9283,9.9283,12.8783,12.8783,69,True,191.75
2026-01-20,E013_PIN_FLY,HYBRID,sell_atm_ce,entry,SELL,True,False,104.1518,104.1518,104.1518,101.2018,40,False,0.0
2026-01-20,E013_PIN_FLY,HYBRID,sell_atm_pe,entry,SELL,True,False,127.0018,127.0018,124.0518,124.0518,40,True,191.75
2026-01-20,E013_PIN_FLY,HYBRID,buy_wing_ce,entry,BUY,True,False,46.4478,46.4478,49.3978,49.3978,40,True,191.75
2026-01-20,E013_PIN_FLY,HYBRID,buy_wing_pe,entry,BUY,True,False,59.5583,59.5583,59.5583,62.5083,40,False,0.0
2026-01-20,E013_PIN_FLY,HYBRID,sell_atm_pe,exit,BUY,False,True,234.4758,234.4758,234.4758,234.4758,71,False,0.0
2026-01-20,E013_PIN_FLY,HYBRID,buy_wing_ce,exit,SELL,False,True,0.05,0.05,0.05,0.05,71,False,0.0
2026-01-20,E013_PIN_FLY,HYBRID,sell_atm_ce,exit,BUY,True,False,4.9218,4.9218,7.8718,7.8718,69,True,191.75
2026-01-20,E013_PIN_FLY,HYBRID,buy_wing_pe,exit,SELL,True,False,41.4876,41.4876,38.5376,38.5376,69,True,191.75
2026-02-10,E013_PIN_FLY,HYBRID,sell_atm_ce,entry,SELL,True,False,83.6486,83.6486,80.6986,80.6986,41,True,191.75
2026-02-10,E013_PIN_FLY,HYBRID,sell_atm_pe,entry,SELL,True,False,77.5986,77.5986,77.5986,74.6486,40,False,0.0
2026-02-10,E013_PIN_FLY,HYBRID,buy_wing_ce,entry,BUY,True,False,25.8561,25.8561,25.8561,28.8061,45,False,0.0
2026-02-10,E013_PIN_FLY,HYBRID,buy_wing_pe,entry,BUY,True,False,22.7924,22.7924,25.7424,25.7424,41,True,191.75
2026-02-10,E013_PIN_FLY,HYBRID,buy_wing_ce,exit,SELL,False,True,0.05,0.05,0.05,0.05,71,False,0.0
2026-02-10,E013_PIN_FLY,HYBRID,buy_wing_pe,exit,SELL,False,True,0.05,0.05,0.05,0.05,71,False,0.0
2026-02-10,E013_PIN_FLY,HYBRID,sell_atm_ce,exit,BUY,True,False,26.3698,26.3698,26.3698,29.3198,69,False,0.0
2026-02-10,E013_PIN_FLY,HYBRID,sell_atm_pe,exit,BUY,True,False,34.9198,34.9198,37.8698,37.8698,69,True,191.75
2026-02-23,E013_PIN_FLY,HYBRID,sell_atm_ce,entry,SELL,True,False,129.8181,129.8181,126.8681,126.8681,40,True,191.75
2026-02-23,E013_PIN_FLY,HYBRID,buy_wing_ce,entry,BUY,True,False,65.325,65.325,68.275,68.275,43,True,191.75
2026-02-23,E013_PIN_FLY,HYBRID,buy_wing_pe,entry,BUY,True,False,61.6205,61.6205,64.5705,64.5705,40,True,191.75
2026-02-23,E013_PIN_FLY,HYBRID,sell_atm_pe,entry,SELL,False,True,117.1731,117.1731,117.1731,117.1731,46,False,0.0
2026-02-23,E013_PIN_FLY,HYBRID,buy_wing_pe,exit,SELL,False,True,0.05,0.05,0.05,0.05,71,False,0.0
2026-02-23,E013_PIN_FLY,HYBRID,sell_atm_ce,exit,BUY,True,False,52.8108,52.8108,55.7608,55.7608,69,True,191.75
2026-02-23,E013_PIN_FLY,HYBRID,sell_atm_pe,exit,BUY,True,False,28.6608,28.6608,31.6108,31.6108,69,True,191.75
2026-02-23,E013_PIN_FLY,HYBRID,buy_wing_ce,exit,SELL,True,False,7.0169,7.0169,7.0169,4.0669,69,False,0.0
2026-03-09,E013_PIN_FLY,HYBRID,sell_atm_ce,entry,SELL,True,False,207.1728,207.1728,207.1728,204.2228,40,False,0.0
2026-03-09,E013_PIN_FLY,HYBRID,sell_atm_pe,entry,SELL,True,False,213.0228,213.0228,213.0228,210.0728,40,False,0.0
2026-03-09,E013_PIN_FLY,HYBRID,buy_wing_ce,entry,BUY,True,False,139.0832,139.0832,142.0332,142.0332,40,True,191.75
2026-03-09,E013_PIN_FLY,HYBRID,buy_wing_pe,entry,BUY,True,False,142.3533,142.3533,145.3033,145.3033,40,True,191.75
2026-03-09,E013_PIN_FLY,HYBRID,buy_wing_pe,exit,SELL,False,True,0.05,0.05,0.05,0.05,71,False,0.0
2026-03-09,E013_PIN_FLY,HYBRID,sell_atm_ce,exit,BUY,True,False,175.4609,175.4609,178.4109,178.4109,69,True,191.75
2026-03-09,E013_PIN_FLY,HYBRID,sell_atm_pe,exit,BUY,True,False,14.4609,14.4609,17.4109,17.4109,69,True,191.75
2026-03-09,E013_PIN_FLY,HYBRID,buy_wing_ce,exit,SELL,True,False,75.5321,75.5321,75.5321,72.5821,69,False,0.0
2026-03-10,E013_PIN_FLY,HYBRID,sell_atm_ce,entry,SELL,True,False,167.3357,167.3357,167.3357,164.3857,40,False,0.0
2026-03-10,E013_PIN_FLY,HYBRID,sell_atm_pe,entry,SELL,True,False,157.3357,157.3357,154.3857,154.3857,40,True,191.75
2026-03-10,E013_PIN_FLY,HYBRID,buy_wing_ce,entry,BUY,True,False,99.4573,99.4573,99.4573,102.4073,41,False,0.0
2026-03-10,E013_PIN_FLY,HYBRID,buy_wing_pe,entry,BUY,True,False,91.4268,91.4268,91.4268,94.3768,40,False,0.0
2026-03-10,E013_PIN_FLY,HYBRID,buy_wing_ce,exit,SELL,False,True,24.354,24.354,24.354,24.354,71,False,0.0
2026-03-10,E013_PIN_FLY,HYBRID,buy_wing_pe,exit,SELL,False,True,0.05,0.05,0.05,0.05,71,False,0.0
2026-03-10,E013_PIN_FLY,HYBRID,sell_atm_ce,exit,BUY,True,False,133.9263,133.9263,133.9263,136.8763,69,False,0.0
2026-03-10,E013_PIN_FLY,HYBRID,sell_atm_pe,exit,BUY,True,False,22.4763,22.4763,25.4263,25.4263,69,True,191.75
2026-03-30,E013_PIN_FLY,HYBRID,sell_atm_ce,entry,SELL,True,False,213.9451,213.9451,213.9451,210.9951,40,False,0.0
2026-03-30,E013_PIN_FLY,HYBRID,sell_atm_pe,entry,SELL,True,False,197.2951,197.2951,197.2951,194.3451,43,False,0.0
2026-03-30,E013_PIN_FLY,HYBRID,buy_wing_ce,entry,BUY,True,False,143.4892,143.4892,146.4392,146.4392,43,True,191.75
2026-03-30,E013_PIN_FLY,HYBRID,buy_wing_pe,entry,BUY,True,False,129.3769,129.3769,129.3769,132.3269,40,False,0.0
2026-03-30,E013_PIN_FLY,HYBRID,buy_wing_ce,exit,SELL,False,True,0.05,0.05,0.05,0.05,71,False,0.0
2026-03-30,E013_PIN_FLY,HYBRID,sell_atm_ce,exit,BUY,True,False,15.9015,15.9015,18.8515,18.8515,69,True,191.75
2026-03-30,E013_PIN_FLY,HYBRID,sell_atm_pe,exit,BUY,True,False,165.9515,165.9515,168.9015,168.9015,69,True,191.75
2026-03-30,E013_PIN_FLY,HYBRID,buy_wing_pe,exit,SELL,True,False,68.668,68.668,68.668,65.718,69,False,0.0
2026-04-06,E013_PIN_FLY,HYBRID,sell_atm_ce,entry,SELL,True,False,258.7591,258.7591,258.7591,255.8091,40,False,0.0
2026-04-06,E013_PIN_FLY,HYBRID,sell_atm_pe,entry,SELL,True,False,259.3591,259.3591,259.3591,256.4091,40,False,0.0
2026-04-06,E013_PIN_FLY,HYBRID,buy_wing_ce,entry,BUY,True,False,188.6628,188.6628,191.6128,191.6128,40,True,191.75
2026-04-06,E013_PIN_FLY,HYBRID,buy_wing_pe,entry,BUY,True,False,187.492,187.492,190.442,190.442,40,True,191.75
2026-04-06,E013_PIN_FLY,HYBRID,buy_wing_pe,exit,SELL,False,True,0.05,0.05,0.05,0.05,71,False,0.0
2026-04-06,E013_PIN_FLY,HYBRID,sell_atm_ce,exit,BUY,True,False,275.7664,275.7664,275.7664,278.7164,69,False,0.0
2026-04-06,E013_PIN_FLY,HYBRID,sell_atm_pe,exit,BUY,True,False,8.6164,8.6164,11.5664,11.5664,69,True,191.75
2026-04-06,E013_PIN_FLY,HYBRID,buy_wing_ce,exit,SELL,True,False,156.6031,156.6031,153.6531,153.6531,69,True,191.75
2026-04-20,E013_PIN_FLY,HYBRID,sell_atm_ce,entry,SELL,True,False,189.152,189.152,189.152,186.202,40,False,0.0
2026-04-20,E013_PIN_FLY,HYBRID,sell_atm_pe,entry,SELL,True,False,173.402,173.402,173.402,170.452,40,False,0.0
2026-04-20,E013_PIN_FLY,HYBRID,buy_wing_ce,entry,BUY,True,False,119.5909,119.5909,122.5409,122.5409,40,True,191.75
2026-04-20,E013_PIN_FLY,HYBRID,buy_wing_pe,entry,BUY,True,False,106.906,106.906,109.856,109.856,41,True,191.75
2026-04-20,E013_PIN_FLY,HYBRID,buy_wing_ce,exit,SELL,False,True,0.05,0.05,0.05,0.05,71,False,0.0
2026-04-20,E013_PIN_FLY,HYBRID,buy_wing_pe,exit,SELL,False,True,0.05,0.05,0.05,0.05,71,False,0.0
2026-04-20,E013_PIN_FLY,HYBRID,sell_atm_ce,exit,BUY,True,False,38.3912,38.3912,41.3412,41.3412,69,True,191.75
2026-04-20,E013_PIN_FLY,HYBRID,sell_atm_pe,exit,BUY,True,False,80.4912,80.4912,80.4912,83.4412,69,False,0.0
2026-04-27,E013_PIN_FLY,HYBRID,sell_atm_ce,entry,SELL,True,False,159.4788,159.4788,159.4788,156.5288,40,False,0.0
2026-04-27,E013_PIN_FLY,HYBRID,buy_wing_ce,entry,BUY,True,False,95.877,95.877,98.827,98.827,41,True,191.75
2026-04-27,E013_PIN_FLY,HYBRID,buy_wing_pe,entry,BUY,True,False,112.9048,112.9048,115.8548,115.8548,40,True,191.75
2026-04-27,E013_PIN_FLY,HYBRID,sell_atm_pe,entry,SELL,False,True,160.4368,160.4368,160.4368,160.4368,46,False,0.0
2026-04-27,E013_PIN_FLY,HYBRID,buy_wing_ce,exit,SELL,False,True,0.05,0.05,0.05,0.05,71,False,0.0
2026-04-27,E013_PIN_FLY,HYBRID,buy_wing_pe,exit,SELL,False,True,0.05,0.05,0.05,0.05,71,False,0.0
2026-04-27,E013_PIN_FLY,HYBRID,sell_atm_ce,exit,BUY,True,False,65.7211,65.7211,68.6711,68.6711,69,True,191.75
2026-04-27,E013_PIN_FLY,HYBRID,sell_atm_pe,exit,BUY,True,False,43.7711,43.7711,46.7211,46.7211,69,True,191.75
2026-05-04,E013_PIN_FLY,HYBRID,sell_atm_ce,entry,SELL,True,False,186.6791,186.6791,186.6791,183.7291,40,False,0.0
2026-05-04,E013_PIN_FLY,HYBRID,sell_atm_pe,entry,SELL,True,False,178.0291,178.0291,175.0791,175.0791,41,True,191.75
2026-05-04,E013_PIN_FLY,HYBRID,buy_wing_ce,entry,BUY,True,False,118.0018,118.0018,120.9518,120.9518,41,True,191.75
2026-05-04,E013_PIN_FLY,HYBRID,buy_wing_pe,entry,BUY,True,False,110.5286,110.5286,110.5286,113.4786,40,False,0.0
2026-05-04,E013_PIN_FLY,HYBRID,buy_wing_ce,exit,SELL,False,True,0.05,0.05,0.05,0.05,71,False,0.0
2026-05-04,E013_PIN_FLY,HYBRID,buy_wing_pe,exit,SELL,False,True,0.05,0.05,0.05,0.05,71,False,0.0
2026-05-04,E013_PIN_FLY,HYBRID,sell_atm_ce,exit,BUY,True,False,51.6672,51.6672,54.6172,54.6172,69,True,191.75
2026-05-04,E013_PIN_FLY,HYBRID,sell_atm_pe,exit,BUY,True,False,62.4172,62.4172,65.3672,65.3672,69,True,191.75
2026-05-11,E013_PIN_FLY,HYBRID,sell_atm_ce,entry,SELL,True,False,185.4635,185.4635,182.5135,182.5135,40,True,191.75
2026-05-11,E013_PIN_FLY,HYBRID,sell_atm_pe,entry,SELL,True,False,160.7635,160.7635,160.7635,157.8135,40,False,0.0
2026-05-11,E013_PIN_FLY,HYBRID,buy_wing_ce,entry,BUY,True,False,115.0339,115.0339,115.0339,117.9839,40,False,0.0
2026-05-11,E013_PIN_FLY,HYBRID,buy_wing_pe,entry,BUY,True,False,96.0642,96.0642,99.0142,99.0142,40,True,191.75
2026-05-11,E013_PIN_FLY,HYBRID,buy_wing_ce,exit,SELL,False,True,0.05,0.05,0.05,0.05,71,False,0.0
2026-05-11,E013_PIN_FLY,HYBRID,sell_atm_ce,exit,BUY,True,False,43.1184,43.1184,46.0684,46.0684,69,True,191.75
2026-05-11,E013_PIN_FLY,HYBRID,sell_atm_pe,exit,BUY,True,False,67.2184,67.2184,67.2184,70.1684,69,False,0.0
2026-05-11,E013_PIN_FLY,HYBRID,buy_wing_pe,exit,SELL,True,False,15.372,15.372,15.372,12.422,69,False,0.0
2026-05-19,E013_PIN_FLY,HYBRID,sell_atm_ce,entry,SELL,True,False,76.7804,76.7804,76.7804,73.8304,40,False,0.0
2026-05-19,E013_PIN_FLY,HYBRID,sell_atm_pe,entry,SELL,True,False,89.6804,89.6804,89.6804,86.7304,40,False,0.0
2026-05-19,E013_PIN_FLY,HYBRID,buy_wing_ce,entry,BUY,True,False,23.4938,23.4938,26.4438,26.4438,40,True,191.75
2026-05-19,E013_PIN_FLY,HYBRID,buy_wing_pe,entry,BUY,True,False,29.0824,29.0824,32.0324,32.0324,40,True,191.75
2026-05-19,E013_PIN_FLY,HYBRID,buy_wing_ce,exit,SELL,False,True,0.05,0.05,0.05,0.05,71,False,0.0
2026-05-19,E013_PIN_FLY,HYBRID,sell_atm_ce,exit,BUY,True,False,3.728,3.728,6.678,6.678,69,True,191.75
2026-05-19,E013_PIN_FLY,HYBRID,sell_atm_pe,exit,BUY,True,False,97.978,97.978,97.978,100.928,69,False,0.0
2026-05-19,E013_PIN_FLY,HYBRID,buy_wing_pe,exit,SELL,True,False,13.6094,13.6094,13.6094,10.6594,69,False,0.0
2026-05-25,E013_PIN_FLY,HYBRID,sell_atm_ce,entry,SELL,True,False,140.3769,140.3769,140.3769,137.4269,40,False,0.0
2026-05-25,E013_PIN_FLY,HYBRID,sell_atm_pe,entry,SELL,True,False,129.0269,129.0269,129.0269,126.0769,42,False,0.0
2026-05-25,E013_PIN_FLY,HYBRID,buy_wing_ce,entry,BUY,True,False,74.1069,74.1069,77.0569,77.0569,41,True,191.75
2026-05-25,E013_PIN_FLY,HYBRID,buy_wing_pe,entry,BUY,True,False,65.939,65.939,68.889,68.889,40,True,191.75
2026-05-25,E013_PIN_FLY,HYBRID,buy_wing_ce,exit,SELL,False,True,0.05,0.05,0.05,0.05,71,False,0.0
2026-05-25,E013_PIN_FLY,HYBRID,buy_wing_pe,exit,SELL,False,True,0.05,0.05,0.05,0.05,71,False,0.0
2026-05-25,E013_PIN_FLY,HYBRID,sell_atm_ce,exit,BUY,True,False,97.1107,97.1107,100.0607,100.0607,69,True,191.75
2026-05-25,E013_PIN_FLY,HYBRID,sell_atm_pe,exit,BUY,True,False,12.1107,12.1107,15.0607,15.0607,69,True,191.75
2026-06-08,E013_PIN_FLY,HYBRID,sell_atm_ce,entry,SELL,True,False,141.4337,141.4337,138.4837,138.4837,41,True,191.75
2026-06-08,E013_PIN_FLY,HYBRID,sell_atm_pe,entry,SELL,True,False,119.5337,119.5337,119.5337,116.5837,40,False,0.0
2026-06-08,E013_PIN_FLY,HYBRID,buy_wing_ce,entry,BUY,True,False,73.6339,73.6339,73.6339,76.5839,40,False,0.0
2026-06-08,E013_PIN_FLY,HYBRID,buy_wing_pe,entry,BUY,True,False,58.8218,58.8218,61.7718,61.7718,41,True,191.75
2026-06-08,E013_PIN_FLY,HYBRID,buy_wing_ce,exit,SELL,False,True,0.05,0.05,0.05,0.05,71,False,0.0
2026-06-08,E013_PIN_FLY,HYBRID,sell_atm_ce,exit,BUY,True,False,30.7981,30.7981,33.7481,33.7481,69,True,191.75
2026-06-08,E013_PIN_FLY,HYBRID,sell_atm_pe,exit,BUY,True,False,51.7981,51.7981,54.7481,54.7481,69,True,191.75
2026-06-08,E013_PIN_FLY,HYBRID,buy_wing_pe,exit,SELL,True,False,6.9517,6.9517,6.9517,4.0017,69,False,0.0
2026-06-15,E013_PIN_FLY,HYBRID,sell_atm_ce,entry,SELL,True,False,154.1651,154.1651,151.2151,151.2151,40,True,191.75
2026-06-15,E013_PIN_FLY,HYBRID,sell_atm_pe,entry,SELL,True,False,147.4651,147.4651,144.5151,144.5151,41,True,191.75
2026-06-15,E013_PIN_FLY,HYBRID,buy_wing_ce,entry,BUY,True,False,87.4868,87.4868,90.4368,90.4368,41,True,191.75
2026-06-15,E013_PIN_FLY,HYBRID,buy_wing_pe,entry,BUY,True,False,82.008,82.008,84.958,84.958,40,True,191.75
2026-06-15,E013_PIN_FLY,HYBRID,buy_wing_ce,exit,SELL,False,True,0.05,0.05,0.05,0.05,71,False,0.0
2026-06-15,E013_PIN_FLY,HYBRID,sell_atm_ce,exit,BUY,True,False,44.867,44.867,47.817,47.817,69,True,191.75
2026-06-15,E013_PIN_FLY,HYBRID,sell_atm_pe,exit,BUY,True,False,49.617,49.617,49.617,52.567,69,False,0.0
2026-06-15,E013_PIN_FLY,HYBRID,buy_wing_pe,exit,SELL,True,False,8.3451,8.3451,8.3451,5.3951,69,False,0.0
2026-06-16,E013_PIN_FLY,HYBRID,sell_atm_ce,entry,SELL,True,False,85.8747,85.8747,85.8747,82.9247,40,False,0.0
2026-06-16,E013_PIN_FLY,HYBRID,buy_wing_ce,entry,BUY,True,False,24.5149,24.5149,24.5149,27.4649,41,False,0.0
2026-06-16,E013_PIN_FLY,HYBRID,buy_wing_pe,entry,BUY,True,False,14.5997,14.5997,14.5997,17.5497,40,False,0.0
2026-06-16,E013_PIN_FLY,HYBRID,sell_atm_pe,entry,SELL,False,True,50.2436,50.2436,50.2436,50.2436,46,False,0.0
2026-06-16,E013_PIN_FLY,HYBRID,buy_wing_ce,exit,SELL,False,True,0.8005,0.8005,0.8005,0.8005,71,False,0.0
2026-06-16,E013_PIN_FLY,HYBRID,buy_wing_pe,exit,SELL,False,True,0.05,0.05,0.05,0.05,71,False,0.0
2026-06-16,E013_PIN_FLY,HYBRID,sell_atm_ce,exit,BUY,True,False,90.6317,90.6317,90.6317,93.5817,69,False,0.0
2026-06-16,E013_PIN_FLY,HYBRID,sell_atm_pe,exit,BUY,True,False,2.5817,2.5817,5.5317,5.5317,69,True,191.75
2026-06-22,E013_PIN_FLY,HYBRID,sell_atm_pe,entry,SELL,True,False,95.5842,95.5842,95.5842,92.6342,40,False,0.0
2026-06-22,E013_PIN_FLY,HYBRID,buy_wing_ce,entry,BUY,True,False,52.6889,52.6889,55.6389,55.6389,40,True,191.75
2026-06-22,E013_PIN_FLY,HYBRID,buy_wing_pe,entry,BUY,True,False,38.8986,38.8986,41.8486,41.8486,42,True,191.75
2026-06-22,E013_PIN_FLY,HYBRID,sell_atm_ce,entry,SELL,False,True,101.5652,101.5652,101.5652,101.5652,46,False,0.0
2026-06-22,E013_PIN_FLY,HYBRID,buy_wing_ce,exit,SELL,False,True,0.05,0.05,0.05,0.05,71,False,0.0
2026-06-22,E013_PIN_FLY,HYBRID,buy_wing_pe,exit,SELL,False,True,0.05,0.05,0.05,0.05,71,False,0.0
2026-06-22,E013_PIN_FLY,HYBRID,sell_atm_ce,exit,BUY,True,False,51.5824,51.5824,54.5324,54.5324,69,True,191.75
2026-06-22,E013_PIN_FLY,HYBRID,sell_atm_pe,exit,BUY,True,False,19.0324,19.0324,21.9824,21.9824,69,True,191.75
2026-07-06,E013_PIN_FLY,HYBRID,sell_atm_pe,entry,SELL,True,False,155.714,155.714,155.714,152.764,40,False,0.0
2026-07-06,E013_PIN_FLY,HYBRID,buy_wing_ce,entry,BUY,True,False,90.3682,90.3682,93.3182,93.3182,40,True,191.75
2026-07-06,E013_PIN_FLY,HYBRID,buy_wing_pe,entry,BUY,True,False,88.9287,88.9287,88.9287,91.8787,42,False,0.0
2026-07-06,E013_PIN_FLY,HYBRID,sell_atm_ce,entry,SELL,False,True,133.8,133.8,133.8,133.8,46,False,0.0
2026-07-06,E013_PIN_FLY,HYBRID,buy_wing_ce,exit,SELL,False,True,0.05,0.05,0.05,0.05,71,False,0.0
2026-07-06,E013_PIN_FLY,HYBRID,buy_wing_pe,exit,SELL,False,True,0.05,0.05,0.05,0.05,71,False,0.0
2026-07-06,E013_PIN_FLY,HYBRID,sell_atm_ce,exit,BUY,True,False,29.4264,29.4264,32.3764,32.3764,69,True,191.75
2026-07-06,E013_PIN_FLY,HYBRID,sell_atm_pe,exit,BUY,True,False,74.8264,74.8264,77.7764,77.7764,69,True,191.75
2026-07-20,E013_PIN_FLY,HYBRID,sell_atm_ce,entry,SELL,True,False,131.8445,131.8445,131.8445,128.8945,40,False,0.0
2026-07-20,E013_PIN_FLY,HYBRID,sell_atm_pe,entry,SELL,True,False,155.9945,155.9945,153.0445,153.0445,40,True,191.75
2026-07-20,E013_PIN_FLY,HYBRID,buy_wing_ce,entry,BUY,True,False,70.6577,70.6577,73.6077,73.6077,40,True,191.75
2026-07-20,E013_PIN_FLY,HYBRID,buy_wing_pe,entry,BUY,True,False,86.1297,86.1297,89.0797,89.0797,43,True,191.75
2026-07-20,E013_PIN_FLY,HYBRID,buy_wing_ce,exit,SELL,False,True,0.05,0.05,0.05,0.05,71,False,0.0
2026-07-20,E013_PIN_FLY,HYBRID,buy_wing_pe,exit,SELL,False,True,0.05,0.05,0.05,0.05,71,False,0.0
2026-07-20,E013_PIN_FLY,HYBRID,sell_atm_ce,exit,BUY,True,False,61.8816,61.8816,64.8316,64.8316,69,True,191.75
2026-07-20,E013_PIN_FLY,HYBRID,sell_atm_pe,exit,BUY,True,False,31.1816,31.1816,34.1316,34.1316,69,True,191.75
2026-07-27,E013_PIN_FLY,HYBRID,sell_atm_pe,entry,SELL,True,False,104.595,104.595,104.595,101.645,40,False,0.0
2026-07-27,E013_PIN_FLY,HYBRID,buy_wing_ce,entry,BUY,True,False,52.3539,52.3539,55.3039,55.3039,40,True,191.75
2026-07-27,E013_PIN_FLY,HYBRID,buy_wing_pe,entry,BUY,True,False,44.8891,44.8891,47.8391,47.8391,42,True,191.75
2026-07-27,E013_PIN_FLY,HYBRID,sell_atm_ce,entry,SELL,False,True,104.5673,104.5673,104.5673,104.5673,46,False,0.0
2026-07-27,E013_PIN_FLY,HYBRID,buy_wing_ce,exit,SELL,False,True,0.05,0.05,0.05,0.05,71,False,0.0
2026-07-27,E013_PIN_FLY,HYBRID,buy_wing_pe,exit,SELL,False,True,0.05,0.05,0.05,0.05,71,False,0.0
2026-07-27,E013_PIN_FLY,HYBRID,sell_atm_ce,exit,BUY,True,False,57.0265,57.0265,59.9765,59.9765,69,True,191.75
2026-07-27,E013_PIN_FLY,HYBRID,sell_atm_pe,exit,BUY,True,False,17.8765,17.8765,20.8265,20.8265,69,True,191.75
2026-07-28,E013_PIN_FLY,HYBRID,sell_atm_ce,entry,SELL,True,False,59.6681,59.6681,59.6681,56.7181,40,False,0.0
2026-07-28,E013_PIN_FLY,HYBRID,sell_atm_pe,entry,SELL,True,False,42.4181,42.4181,39.4681,39.4681,40,True,191.75
2026-07-28,E013_PIN_FLY,HYBRID,buy_wing_ce,entry,BUY,True,False,7.4512,7.4512,10.4012,10.4012,42,True,191.75
2026-07-28,E013_PIN_FLY,HYBRID,buy_wing_pe,entry,BUY,False,True,5.7593,5.7593,5.7593,5.7593,46,False,0.0
2026-07-28,E013_PIN_FLY,HYBRID,buy_wing_ce,exit,SELL,False,True,0.05,0.05,0.05,0.05,71,False,0.0
2026-07-28,E013_PIN_FLY,HYBRID,buy_wing_pe,exit,SELL,False,True,0.05,0.05,0.05,0.05,71,False,0.0
2026-07-28,E013_PIN_FLY,HYBRID,sell_atm_ce,exit,BUY,True,False,10.2616,10.2616,13.2116,13.2116,69,True,191.75
2026-07-28,E013_PIN_FLY,HYBRID,sell_atm_pe,exit,BUY,True,False,29.3116,29.3116,32.2616,32.2616,69,True,191.75
2026-08-03,E013_PIN_FLY,HYBRID,sell_atm_pe,entry,SELL,True,False,158.2304,158.2304,158.2304,155.2804,40,False,0.0
2026-08-03,E013_PIN_FLY,HYBRID,buy_wing_ce,entry,BUY,True,False,86.9257,86.9257,89.8757,89.8757,40,True,191.75
2026-08-03,E013_PIN_FLY,HYBRID,buy_wing_pe,entry,BUY,True,False,90.4478,90.4478,90.4478,93.3978,41,False,0.0
2026-08-03,E013_PIN_FLY,HYBRID,sell_atm_ce,entry,SELL,False,True,125.9249,125.9249,125.9249,125.9249,46,False,0.0
2026-08-03,E013_PIN_FLY,HYBRID,buy_wing_ce,exit,SELL,False,True,0.05,0.05,0.05,0.05,71,False,0.0
2026-08-03,E013_PIN_FLY,HYBRID,buy_wing_pe,exit,SELL,False,True,0.05,0.05,0.05,0.05,71,False,0.0
2026-08-03,E013_PIN_FLY,HYBRID,sell_atm_ce,exit,BUY,True,False,46.1489,46.1489,49.0989,49.0989,69,True,191.75
2026-08-03,E013_PIN_FLY,HYBRID,sell_atm_pe,exit,BUY,True,False,51.1489,51.1489,54.0989,54.0989,69,True,191.75
2026-08-10,E013_PIN_FLY,HYBRID,sell_atm_ce,entry,SELL,True,False,109.0377,109.0377,109.0377,106.0877,40,False,0.0
2026-08-10,E013_PIN_FLY,HYBRID,sell_atm_pe,entry,SELL,True,False,99.6377,99.6377,96.6877,96.6877,40,True,191.75
2026-08-10,E013_PIN_FLY,HYBRID,buy_wing_ce,entry,BUY,True,False,46.2706,46.2706,49.2206,49.2206,40,True,191.75
2026-08-10,E013_PIN_FLY,HYBRID,buy_wing_pe,entry,BUY,True,False,40.4716,40.4716,40.4716,43.4216,40,False,0.0
2026-08-10,E013_PIN_FLY,HYBRID,buy_wing_ce,exit,SELL,False,True,0.05,0.05,0.05,0.05,71,False,0.0
2026-08-10,E013_PIN_FLY,HYBRID,buy_wing_pe,exit,SELL,False,True,0.05,0.05,0.05,0.05,71,False,0.0
2026-08-10,E013_PIN_FLY,HYBRID,sell_atm_ce,exit,BUY,True,False,18.3802,18.3802,21.3302,21.3302,69,True,191.75
2026-08-10,E013_PIN_FLY,HYBRID,sell_atm_pe,exit,BUY,True,False,50.5302,50.5302,50.5302,53.4802,69,False,0.0
2026-09-01,E013_PIN_FLY,HYBRID,sell_atm_ce,entry,SELL,True,False,94.47,94.47,91.52,91.52,40,True,191.75
2026-09-01,E013_PIN_FLY,HYBRID,sell_atm_pe,entry,SELL,True,False,84.62,84.62,84.62,81.67,40,False,0.0
2026-09-01,E013_PIN_FLY,HYBRID,buy_wing_ce,entry,BUY,True,False,33.8925,33.8925,36.8425,36.8425,42,True,191.75
2026-09-01,E013_PIN_FLY,HYBRID,buy_wing_pe,entry,BUY,True,False,28.5659,28.5659,28.5659,31.5159,41,False,0.0
2026-09-01,E013_PIN_FLY,HYBRID,buy_wing_ce,exit,SELL,False,True,0.05,0.05,0.05,0.05,71,False,0.0
2026-09-01,E013_PIN_FLY,HYBRID,buy_wing_pe,exit,SELL,False,True,8.8033,8.8033,8.8033,8.8033,71,False,0.0
2026-09-01,E013_PIN_FLY,HYBRID,sell_atm_ce,exit,BUY,True,False,2.2068,2.2068,5.1568,5.1568,69,True,191.75
2026-09-01,E013_PIN_FLY,HYBRID,sell_atm_pe,exit,BUY,True,False,121.7068,121.7068,121.7068,124.6568,69,False,0.0
2026-09-07,E013_PIN_FLY,HYBRID,sell_atm_ce,entry,SELL,True,False,147.7977,147.7977,147.7977,144.8477,40,False,0.0
2026-09-07,E013_PIN_FLY,HYBRID,sell_atm_pe,entry,SELL,True,False,135.6977,135.6977,135.6977,132.7477,40,False,0.0
2026-09-07,E013_PIN_FLY,HYBRID,buy_wing_ce,entry,BUY,True,False,80.8805,80.8805,83.8305,83.8305,40,True,191.75
2026-09-07,E013_PIN_FLY,HYBRID,buy_wing_pe,entry,BUY,True,False,71.9704,71.9704,74.9204,74.9204,40,True,191.75
2026-09-07,E013_PIN_FLY,HYBRID,buy_wing_ce,exit,SELL,False,True,0.05,0.05,0.05,0.05,71,False,0.0
2026-09-07,E013_PIN_FLY,HYBRID,buy_wing_pe,exit,SELL,False,True,0.05,0.05,0.05,0.05,71,False,0.0
2026-09-07,E013_PIN_FLY,HYBRID,sell_atm_ce,exit,BUY,True,False,43.931,43.931,46.881,46.881,69,True,191.75
2026-09-07,E013_PIN_FLY,HYBRID,sell_atm_pe,exit,BUY,True,False,44.531,44.531,47.481,47.481,69,True,191.75
2026-09-21,E013_PIN_FLY,HYBRID,sell_atm_ce,entry,SELL,True,False,134.2846,134.2846,134.2846,131.3346,40,False,0.0
2026-09-21,E013_PIN_FLY,HYBRID,sell_atm_pe,entry,SELL,True,False,119.3846,119.3846,119.3846,116.4346,40,False,0.0
2026-09-21,E013_PIN_FLY,HYBRID,buy_wing_ce,entry,BUY,True,False,68.0304,68.0304,70.9804,70.9804,41,True,191.75
2026-09-21,E013_PIN_FLY,HYBRID,buy_wing_pe,entry,BUY,True,False,57.8844,57.8844,60.8344,60.8344,41,True,191.75
2026-09-21,E013_PIN_FLY,HYBRID,buy_wing_ce,exit,SELL,False,True,0.05,0.05,0.05,0.05,71,False,0.0
2026-09-21,E013_PIN_FLY,HYBRID,buy_wing_pe,exit,SELL,False,True,0.05,0.05,0.05,0.05,71,False,0.0
2026-09-21,E013_PIN_FLY,HYBRID,sell_atm_ce,exit,BUY,True,False,67.4611,67.4611,70.4111,70.4111,69,True,191.75
2026-09-21,E013_PIN_FLY,HYBRID,sell_atm_pe,exit,BUY,True,False,19.9611,19.9611,22.9111,22.9111,69,True,191.75
2021-03-01,E011_VRP_STRADDLE,MAKER,CE,entry,SELL,True,False,209.291,209.291,209.291,206.341,1,False,0.0
2021-03-01,E011_VRP_STRADDLE,MAKER,PE,entry,SELL,True,False,208.091,208.091,205.141,205.141,1,True,221.25
2021-03-01,E011_VRP_STRADDLE,MAKER,CE,exit,BUY,False,True,224.2149,224.2149,224.2149,224.2149,71,False,0.0
2021-03-01,E011_VRP_STRADDLE,MAKER,PE,exit,BUY,True,False,176.8881,176.8881,179.8381,179.8381,69,True,221.25
2021-03-02,E011_VRP_STRADDLE,MAKER,CE,entry,SELL,True,False,146.8259,146.8259,146.8259,143.8759,1,False,0.0
2021-03-08,E011_VRP_STRADDLE,MAKER,CE,entry,SELL,True,False,179.5153,179.5153,179.5153,176.5653,1,False,0.0
2021-03-08,E011_VRP_STRADDLE,MAKER,PE,entry,SELL,True,False,187.1154,187.1154,187.1154,184.1654,1,False,0.0
2021-03-08,E011_VRP_STRADDLE,MAKER,PE,exit,BUY,False,True,211.4727,211.4727,211.4727,211.4727,71,False,0.0
2021-03-08,E011_VRP_STRADDLE,MAKER,CE,exit,BUY,True,False,135.4767,135.4767,138.4267,138.4267,69,True,221.25
2021-03-09,E011_VRP_STRADDLE,MAKER,CE,entry,SELL,True,False,126.1152,126.1152,126.1152,123.1652,1,False,0.0
2021-03-09,E011_VRP_STRADDLE,MAKER,PE,entry,SELL,True,False,138.8153,138.8153,135.8653,135.8653,5,True,221.25
2021-03-09,E011_VRP_STRADDLE,MAKER,CE,exit,BUY,False,True,103.1552,103.1552,103.1552,103.1552,71,False,0.0
2021-03-09,E011_VRP_STRADDLE,MAKER,PE,exit,BUY,True,False,139.1695,139.1695,142.1195,142.1195,69,True,221.25
2021-03-16,E011_VRP_STRADDLE,MAKER,CE,entry,SELL,True,False,123.6097,123.6097,123.6097,120.6597,1,False,0.0
2021-03-16,E011_VRP_STRADDLE,MAKER,PE,entry,SELL,True,False,145.3098,145.3098,142.3598,142.3598,1,True,221.25
2021-03-16,E011_VRP_STRADDLE,MAKER,CE,exit,BUY,True,False,84.0504,84.0504,87.0004,87.0004,69,True,221.25
2021-03-16,E011_VRP_STRADDLE,MAKER,PE,exit,BUY,True,False,138.8504,138.8504,138.8504,141.8004,69,False,0.0
2021-03-17,E011_VRP_STRADDLE,MAKER,CE,entry,SELL,True,False,107.3098,107.3098,107.3098,104.3598,1,False,0.0
2021-03-18,E011_VRP_STRADDLE,MAKER,CE,entry,SELL,True,False,73.4433,73.4433,70.4933,70.4933,1,True,221.25
2021-03-18,E011_VRP_STRADDLE,MAKER,PE,entry,SELL,True,False,85.4433,85.4433,85.4433,82.4933,1,False,0.0
2021-03-18,E011_VRP_STRADDLE,MAKER,CE,exit,BUY,True,False,0.1,0.1,0.1,1.55,69,False,0.0
2021-03-18,E011_VRP_STRADDLE,MAKER,PE,exit,BUY,True,False,323.6501,323.6501,326.6001,326.6001,69,True,221.25
2021-03-19,E011_VRP_STRADDLE,MAKER,CE,entry,SELL,True,False,40.6304,40.6304,40.6304,37.6804,1,False,0.0
2021-03-19,E011_VRP_STRADDLE,MAKER,PE,entry,SELL,True,False,17.6304,17.6304,17.6304,14.6804,2,False,0.0
2021-03-19,E011_VRP_STRADDLE,MAKER,CE,exit,BUY,True,False,361.8499,361.8499,364.7999,364.7999,69,True,221.25
2021-03-19,E011_VRP_STRADDLE,MAKER,PE,exit,BUY,True,False,0.1,0.1,0.1,1.55,69,False,0.0
2021-04-05,E011_VRP_STRADDLE,MAKER,CE,entry,SELL,True,False,50.9327,50.9327,50.9327,47.9827,2,False,0.0
2021-04-05,E011_VRP_STRADDLE,MAKER,PE,entry,SELL,True,False,38.7327,38.7327,38.7327,35.7827,1,False,0.0
2021-04-05,E011_VRP_STRADDLE,MAKER,CE,exit,BUY,True,False,5.7025,5.7025,5.7025,8.6525,69,False,0.0
2021-04-05,E011_VRP_STRADDLE,MAKER,PE,exit,BUY,True,False,101.0025,101.0025,101.0025,103.9525,69,False,0.0
2021-04-13,E011_VRP_STRADDLE,MAKER,CE,entry,SELL,True,False,147.4052,147.4052,144.4552,144.4552,1,True,221.25
2021-04-13,E011_VRP_STRADDLE,MAKER,PE,entry,SELL,True,False,129.3052,129.3052,129.3052,126.3552,1,False,0.0
2021-04-13,E011_VRP_STRADDLE,MAKER,CE,exit,BUY,True,False,223.0832,223.0832,223.0832,226.0332,69,False,0.0
2021-04-13,E011_VRP_STRADDLE,MAKER,PE,exit,BUY,True,False,45.8832,45.8832,48.8332,48.8332,69,True,221.25
2021-04-29,E011_VRP_STRADDLE,MAKER,CE,entry,SELL,True,False,65.4591,65.4591,65.4591,62.5091,1,False,0.0
2021-04-29,E011_VRP_STRADDLE,MAKER,PE,entry,SELL,True,False,82.8591,82.8591,79.9091,79.9091,1,True,221.25
2021-04-29,E011_VRP_STRADDLE,MAKER,CE,exit,BUY,True,False,0.1,0.1,1.5912,1.5912,69,True,111.8405
2021-04-29,E011_VRP_STRADDLE,MAKER,PE,exit,BUY,True,False,140.0412,140.0412,140.0412,142.9912,69,False,0.0
2021-05-04,E011_VRP_STRADDLE,MAKER,CE,entry,SELL,True,False,132.7101,132.7101,132.7101,129.7601,1,False,0.0
2021-05-04,E011_VRP_STRADDLE,MAKER,PE,entry,SELL,True,False,136.1101,136.1101,133.1601,133.1601,1,True,221.25
2021-05-04,E011_VRP_STRADDLE,MAKER,CE,exit,BUY,False,True,39.4822,39.4822,39.4822,39.4822,71,False,0.0
2021-05-04,E011_VRP_STRADDLE,MAKER,PE,exit,BUY,True,False,265.3972,265.3972,268.3472,268.3472,69,True,221.25
2021-05-05,E011_VRP_STRADDLE,MAKER,CE,entry,SELL,True,False,99.081,99.081,96.131,96.131,1,True,221.25
2021-05-05,E011_VRP_STRADDLE,MAKER,PE,entry,SELL,True,False,123.881,123.881,123.881,120.931,1,False,0.0
2021-05-05,E011_VRP_STRADDLE,MAKER,CE,exit,BUY,False,True,91.8083,91.8083,91.8083,91.8083,71,False,0.0
2021-05-05,E011_VRP_STRADDLE,MAKER,PE,exit,BUY,True,False,84.9202,84.9202,87.8702,87.8702,69,True,221.25
2021-05-06,E011_VRP_STRADDLE,MAKER,CE,entry,SELL,True,False,74.7119,74.7119,71.7619,71.7619,1,True,221.25
2021-05-06,E011_VRP_STRADDLE,MAKER,PE,entry,SELL,True,False,77.7119,77.7119,77.7119,74.7619,1,False,0.0
2021-05-06,E011_VRP_STRADDLE,MAKER,CE,exit,BUY,True,False,45.3424,45.3424,48.2924,48.2924,69,True,221.25
2021-05-06,E011_VRP_STRADDLE,MAKER,PE,exit,BUY,True,False,7.2424,7.2424,10.1924,10.1924,69,True,221.25
2021-05-07,E011_VRP_STRADDLE,MAKER,CE,entry,SELL,True,False,15.0588,15.0588,12.1088,12.1088,2,True,221.25
2021-05-07,E011_VRP_STRADDLE,MAKER,PE,entry,SELL,True,False,20.9588,20.9588,20.9588,18.0088,1,False,0.0
2021-05-07,E011_VRP_STRADDLE,MAKER,CE,exit,BUY,True,False,7.6207,7.6207,10.5707,10.5707,69,True,221.25
2021-05-07,E011_VRP_STRADDLE,MAKER,PE,exit,BUY,True,False,18.9207,18.9207,18.9207,21.8707,69,False,0.0
2021-05-20,E011_VRP_STRADDLE,MAKER,CE,entry,SELL,True,False,64.6842,64.6842,64.6842,61.7342,1,False,0.0
2021-05-20,E011_VRP_STRADDLE,MAKER,PE,entry,SELL,True,False,61.5842,61.5842,58.6342,58.6342,1,True,221.25
2021-05-20,E011_VRP_STRADDLE,MAKER,CE,exit,BUY,True,False,0.1,0.1,0.1,1.55,69,False,0.0
2021-05-20,E011_VRP_STRADDLE,MAKER,PE,exit,BUY,True,False,144.7622,144.7622,147.7122,147.7122,69,True,221.25
2021-05-21,E011_VRP_STRADDLE,MAKER,CE,entry,SELL,True,False,30.8733,30.8733,27.9233,27.9233,2,True,221.25
2021-05-21,E011_VRP_STRADDLE,MAKER,PE,entry,SELL,True,False,19.6733,19.6733,19.6733,16.7233,1,False,0.0
2021-05-21,E011_VRP_STRADDLE,MAKER,CE,exit,BUY,True,False,166.3556,166.3556,166.3556,169.3056,69,False,0.0
2021-05-21,E011_VRP_STRADDLE,MAKER,PE,exit,BUY,True,False,0.1,0.1,0.1,1.55,69,False,0.0
2021-06-17,E011_VRP_STRADDLE,MAKER,CE,entry,SELL,True,False,47.1927,47.1927,44.2427,44.2427,1,True,221.25
2021-06-17,E011_VRP_STRADDLE,MAKER,PE,entry,SELL,True,False,65.5927,65.5927,65.5927,62.6427,1,False,0.0
2021-06-17,E011_VRP_STRADDLE,MAKER,CE,exit,BUY,False,True,14.8519,14.8519,14.8519,14.8519,71,False,0.0
2021-06-17,E011_VRP_STRADDLE,MAKER,PE,exit,BUY,True,False,34.922,34.922,37.872,37.872,69,True,221.25
2021-07-09,E011_VRP_STRADDLE,MAKER,PE,entry,SELL,True,False,29.4346,29.4346,29.4346,26.4846,1,False,0.0
2021-07-16,E011_VRP_STRADDLE,MAKER,CE,entry,SELL,True,False,8.4615,8.4615,8.4615,5.5115,2,False,0.0
2021-07-16,E011_VRP_STRADDLE,MAKER,PE,entry,SELL,True,False,18.6616,18.6616,18.6616,15.7116,1,False,0.0
2021-07-16,E011_VRP_STRADDLE,MAKER,CE,exit,BUY,False,True,1.55,1.55,1.55,1.55,71,False,0.0
2021-07-16,E011_VRP_STRADDLE,MAKER,PE,exit,BUY,True,False,26.6818,26.6818,29.6318,29.6318,69,True,147.5
2021-09-01,E011_VRP_STRADDLE,MAKER,CE,entry,SELL,True,False,76.1356,76.1356,73.1856,73.1856,1,True,147.5
2021-09-01,E011_VRP_STRADDLE,MAKER,PE,entry,SELL,True,False,68.4356,68.4356,68.4356,65.4856,1,False,0.0
2021-09-01,E011_VRP_STRADDLE,MAKER,CE,exit,BUY,True,False,28.4008,28.4008,31.3508,31.3508,70,True,147.5
2021-09-01,E011_VRP_STRADDLE,MAKER,PE,exit,BUY,True,False,81.7008,81.7008,81.7008,84.6508,69,False,0.0
2021-09-07,E011_VRP_STRADDLE,MAKER,CE,entry,SELL,True,False,79.6315,79.6315,76.6815,76.6815,1,True,147.5
2021-09-07,E011_VRP_STRADDLE,MAKER,PE,entry,SELL,True,False,103.3316,103.3316,103.3316,100.3816,1,False,0.0
2021-09-07,E011_VRP_STRADDLE,MAKER,CE,exit,BUY,True,False,64.5109,64.5109,67.4609,67.4609,69,True,147.5
2021-09-07,E011_VRP_STRADDLE,MAKER,PE,exit,BUY,True,False,82.911,82.911,82.911,85.861,69,False,0.0
2021-09-08,E011_VRP_STRADDLE,MAKER,PE,entry,SELL,True,False,79.7783,79.7783,79.7783,76.8283,1,False,0.0
2021-09-14,E011_VRP_STRADDLE,MAKER,CE,entry,SELL,True,False,87.2739,87.2739,87.2739,84.3239,1,False,0.0
2021-09-14,E011_VRP_STRADDLE,MAKER,PE,entry,SELL,True,False,74.0739,74.0739,71.1239,71.1239,1,True,147.5
2021-09-14,E011_VRP_STRADDLE,MAKER,CE,exit,BUY,True,False,54.9554,54.9554,57.9054,57.9054,70,True,147.5
2021-09-14,E011_VRP_STRADDLE,MAKER,PE,exit,BUY,True,False,75.0554,75.0554,75.0554,78.0054,69,False,0.0
2021-09-17,E011_VRP_STRADDLE,MAKER,CE,entry,SELL,True,False,7.8062,7.8062,4.8562,4.8562,1,True,147.5
2021-09-17,E011_VRP_STRADDLE,MAKER,PE,entry,SELL,True,False,32.7063,32.7063,32.7063,29.7563,1,False,0.0
2021-09-17,E011_VRP_STRADDLE,MAKER,CE,exit,BUY,True,False,0.1,0.1,0.1,1.55,69,False,0.0
2021-09-17,E011_VRP_STRADDLE,MAKER,PE,exit,BUY,True,False,135.7503,135.7503,135.7503,138.7003,69,False,0.0
2021-09-21,E011_VRP_STRADDLE,MAKER,CE,entry,SELL,True,False,110.3595,110.3595,110.3595,107.4095,2,False,0.0
2021-09-21,E011_VRP_STRADDLE,MAKER,PE,entry,SELL,True,False,122.3595,122.3595,122.3595,119.4095,1,False,0.0
2021-09-21,E011_VRP_STRADDLE,MAKER,CE,exit,BUY,True,False,148.7677,148.7677,151.7177,151.7177,71,True,147.5
2021-09-21,E011_VRP_STRADDLE,MAKER,PE,exit,BUY,True,False,55.0677,55.0677,58.0177,58.0177,69,True,147.5
2021-09-22,E011_VRP_STRADDLE,MAKER,CE,entry,SELL,True,False,74.9626,74.9626,74.9626,72.0126,1,False,0.0
2021-09-22,E011_VRP_STRADDLE,MAKER,PE,entry,SELL,True,False,84.6627,84.6627,81.7127,81.7127,1,True,147.5
2021-09-22,E011_VRP_STRADDLE,MAKER,CE,exit,BUY,True,False,46.461,46.461,49.411,49.411,69,True,147.5
2021-09-22,E011_VRP_STRADDLE,MAKER,PE,exit,BUY,True,False,67.561,67.561,67.561,70.511,69,False,0.0
2021-09-23,E011_VRP_STRADDLE,MAKER,CE,entry,SELL,True,False,68.8779,68.8779,68.8779,65.9279,1,False,0.0
2021-09-24,E011_VRP_STRADDLE,MAKER,CE,entry,SELL,True,False,7.7084,7.7084,7.7084,4.7584,1,False,0.0
2021-09-24,E011_VRP_STRADDLE,MAKER,PE,entry,SELL,True,False,24.2084,24.2084,21.2584,21.2584,1,True,147.5
2021-09-24,E011_VRP_STRADDLE,MAKER,CE,exit,BUY,True,False,0.1,0.1,0.1,1.55,69,False,0.0
2021-09-24,E011_VRP_STRADDLE,MAKER,PE,exit,BUY,True,False,85.8556,85.8556,88.8056,88.8056,69,True,147.5
2021-09-28,E011_VRP_STRADDLE,MAKER,CE,entry,SELL,True,False,98.0392,98.0392,98.0392,95.0892,1,False,0.0
2021-09-28,E011_VRP_STRADDLE,MAKER,PE,entry,SELL,True,False,105.0392,105.0392,102.0892,102.0892,1,True,147.5
2021-09-28,E011_VRP_STRADDLE,MAKER,CE,exit,BUY,True,False,33.8453,33.8453,33.8453,36.7953,69,False,0.0
2021-09-28,E011_VRP_STRADDLE,MAKER,PE,exit,BUY,True,False,158.8453,158.8453,161.7953,161.7953,69,True,147.5
2021-09-30,E011_VRP_STRADDLE,MAKER,CE,entry,SELL,True,False,60.4313,60.4313,60.4313,57.4813,1,False,0.0
2021-09-30,E011_VRP_STRADDLE,MAKER,PE,entry,SELL,True,False,72.2313,72.2313,69.2813,69.2813,1,True,147.5
2021-09-30,E011_VRP_STRADDLE,MAKER,CE,exit,BUY,True,False,0.9857,0.9857,0.9857,3.9357,69,False,0.0
2021-09-30,E011_VRP_STRADDLE,MAKER,PE,exit,BUY,True,False,63.4857,63.4857,66.4357,66.4357,69,True,147.5
2021-10-07,E011_VRP_STRADDLE,MAKER,CE,entry,SELL,True,False,58.2627,58.2627,55.3127,55.3127,2,True,147.5
2021-10-07,E011_VRP_STRADDLE,MAKER,PE,entry,SELL,True,False,68.0127,68.0127,68.0127,65.0627,1,False,0.0
2021-10-07,E011_VRP_STRADDLE,MAKER,CE,exit,BUY,True,False,21.9798,21.9798,21.9798,24.9298,69,False,0.0
2021-10-07,E011_VRP_STRADDLE,MAKER,PE,exit,BUY,True,False,13.3802,13.3802,16.3302,16.3302,69,True,147.5
2021-10-13,E011_VRP_STRADDLE,MAKER,CE,entry,SELL,True,False,90.0094,90.0094,90.0094,87.0594,1,False,0.0
2021-10-14,E011_VRP_STRADDLE,MAKER,CE,entry,SELL,True,False,51.2142,51.2142,51.2142,48.2642,1,False,0.0
2021-10-14,E011_VRP_STRADDLE,MAKER,PE,entry,SELL,True,False,66.6146,66.6146,63.6646,63.6646,1,True,147.5
2021-10-14,E011_VRP_STRADDLE,MAKER,CE,exit,BUY,True,False,35.1987,35.1987,35.1987,38.1487,69,False,0.0
2021-10-14,E011_VRP_STRADDLE,MAKER,PE,exit,BUY,True,False,4.8979,4.8979,7.8479,7.8479,69,True,147.5
2021-10-19,E011_VRP_STRADDLE,MAKER,CE,entry,SELL,True,False,110.7344,110.7344,107.7844,107.7844,1,True,147.5
2021-10-19,E011_VRP_STRADDLE,MAKER,PE,entry,SELL,True,False,97.9844,97.9844,97.9844,95.0344,1,False,0.0
2021-10-19,E011_VRP_STRADDLE,MAKER,CE,exit,BUY,True,False,55.8149,55.8149,58.7649,58.7649,69,True,147.5
2021-10-19,E011_VRP_STRADDLE,MAKER,PE,exit,BUY,True,False,120.3149,120.3149,120.3149,123.2649,69,False,0.0
2021-10-20,E011_VRP_STRADDLE,MAKER,CE,entry,SELL,True,False,105.4088,105.4088,102.4588,102.4588,1,True,147.5
2021-10-20,E011_VRP_STRADDLE,MAKER,PE,entry,SELL,True,False,87.108,87.108,87.108,84.158,1,False,0.0
2021-10-20,E011_VRP_STRADDLE,MAKER,CE,exit,BUY,True,False,19.5504,19.5504,22.5004,22.5004,69,True,147.5
2021-10-20,E011_VRP_STRADDLE,MAKER,PE,exit,BUY,True,False,158.9508,158.9508,161.9008,161.9008,69,True,147.5
2021-10-21,E011_VRP_STRADDLE,MAKER,CE,entry,SELL,True,False,63.1563,63.1563,63.1563,60.2063,1,False,0.0
2021-10-21,E011_VRP_STRADDLE,MAKER,PE,entry,SELL,True,False,73.6563,73.6563,70.7063,70.7063,1,True,147.5
2021-10-21,E011_VRP_STRADDLE,MAKER,CE,exit,BUY,True,False,0.1,0.1,0.1,1.55,69,False,0.0
2021-10-21,E011_VRP_STRADDLE,MAKER,PE,exit,BUY,True,False,173.753,173.753,173.753,176.703,69,False,0.0
2021-10-22,E011_VRP_STRADDLE,MAKER,CE,entry,SELL,True,False,20.7495,20.7495,17.7995,17.7995,1,True,147.5
2021-10-22,E011_VRP_STRADDLE,MAKER,PE,entry,SELL,True,False,19.1987,19.1987,19.1987,16.2487,1,False,0.0
2021-10-22,E011_VRP_STRADDLE,MAKER,CE,exit,BUY,True,False,0.1,0.1,0.1,1.55,69,False,0.0
2021-10-22,E011_VRP_STRADDLE,MAKER,PE,exit,BUY,True,False,146.8516,146.8516,146.8516,149.8016,69,False,0.0
2021-10-26,E011_VRP_STRADDLE,MAKER,CE,entry,SELL,True,False,123.3271,123.3271,120.3771,120.3771,1,True,147.5
2021-10-26,E011_VRP_STRADDLE,MAKER,PE,entry,SELL,True,False,119.6767,119.6767,119.6767,116.7267,1,False,0.0
2021-10-26,E011_VRP_STRADDLE,MAKER,CE,exit,BUY,True,False,121.754,121.754,121.754,124.704,69,False,0.0
2021-10-26,E011_VRP_STRADDLE,MAKER,PE,exit,BUY,True,False,79.004,79.004,81.954,81.954,70,True,147.5
2021-11-12,E011_VRP_STRADDLE,MAKER,CE,entry,SELL,True,False,10.4441,10.4441,7.4941,7.4941,2,True,147.5
2021-11-12,E011_VRP_STRADDLE,MAKER,PE,entry,SELL,True,False,29.4441,29.4441,29.4441,26.4941,1,False,0.0
2021-11-12,E011_VRP_STRADDLE,MAKER,CE,exit,BUY,True,False,102.6705,102.6705,102.6705,105.6205,70,False,0.0
2021-11-12,E011_VRP_STRADDLE,MAKER,PE,exit,BUY,True,False,0.1,0.1,0.1,1.55,69,False,0.0
2021-12-03,E011_VRP_STRADDLE,MAKER,PE,entry,SELL,True,False,43.5922,43.5922,43.5922,40.6422,1,False,0.0
2021-12-16,E011_VRP_STRADDLE,MAKER,CE,entry,SELL,True,False,72.64,72.64,72.64,69.69,1,False,0.0
2021-12-16,E011_VRP_STRADDLE,MAKER,PE,entry,SELL,True,False,79.3392,79.3392,76.3892,76.3892,1,True,147.5
2021-12-16,E011_VRP_STRADDLE,MAKER,CE,exit,BUY,True,False,0.1,0.1,0.1,1.9162,70,False,0.0
2021-12-16,E011_VRP_STRADDLE,MAKER,PE,exit,BUY,True,False,115.8158,115.8158,115.8158,118.7658,69,False,0.0
2021-12-17,E011_VRP_STRADDLE,MAKER,PE,entry,SELL,True,False,30.7102,30.7102,30.7102,27.7602,1,False,0.0
2021-12-21,E011_VRP_STRADDLE,MAKER,CE,entry,SELL,True,False,125.0415,125.0415,125.0415,122.0915,1,False,0.0
2021-12-21,E011_VRP_STRADDLE,MAKER,PE,entry,SELL,True,False,147.6919,147.6919,144.7419,144.7419,3,True,147.5
2021-12-21,E011_VRP_STRADDLE,MAKER,CE,exit,BUY,True,False,105.3536,105.3536,105.3536,108.3036,69,False,0.0
2021-12-21,E011_VRP_STRADDLE,MAKER,PE,exit,BUY,True,False,116.9044,116.9044,119.8544,119.8544,69,True,147.5
2021-12-22,E011_VRP_STRADDLE,MAKER,CE,entry,SELL,True,False,105.6127,105.6127,102.6627,102.6627,1,True,147.5
2021-12-22,E011_VRP_STRADDLE,MAKER,PE,entry,SELL,True,False,106.4135,106.4135,106.4135,103.4635,1,False,0.0
2021-12-22,E011_VRP_STRADDLE,MAKER,CE,exit,BUY,False,True,102.6743,102.6743,102.6743,102.6743,71,False,0.0
2021-12-22,E011_VRP_STRADDLE,MAKER,PE,exit,BUY,True,False,58.6816,58.6816,58.6816,61.6316,69,False,0.0
2022-01-04,E011_VRP_STRADDLE,MAKER,CE,entry,SELL,True,False,99.311,99.311,99.311,96.361,1,False,0.0
2022-01-04,E011_VRP_STRADDLE,MAKER,PE,entry,SELL,True,False,117.1118,117.1118,114.1618,114.1618,1,True,147.5
2022-01-04,E011_VRP_STRADDLE,MAKER,CE,exit,BUY,True,False,139.1086,139.1086,142.0586,142.0586,69,True,147.5
2022-01-04,E011_VRP_STRADDLE,MAKER,PE,exit,BUY,True,False,50.3586,50.3586,50.3586,53.3086,69,False,0.0
2022-01-07,E011_VRP_STRADDLE,MAKER,CE,entry,SELL,True,False,17.2985,17.2985,17.2985,14.3485,1,False,0.0
2022-01-11,E011_VRP_STRADDLE,MAKER,CE,entry,SELL,True,False,122.4232,122.4232,119.4732,119.4732,1,True,147.5
2022-01-11,E011_VRP_STRADDLE,MAKER,PE,entry,SELL,True,False,100.9232,100.9232,100.9232,97.9732,1,False,0.0
2022-01-11,E011_VRP_STRADDLE,MAKER,CE,exit,BUY,True,False,110.4921,110.4921,110.4921,113.4421,69,False,0.0
2022-01-11,E011_VRP_STRADDLE,MAKER,PE,exit,BUY,True,False,72.7421,72.7421,75.6921,75.6921,69,True,147.5
2022-01-12,E011_VRP_STRADDLE,MAKER,CE,entry,SELL,True,False,99.3177,99.3177,99.3177,96.3677,2,False,0.0
2022-01-12,E011_VRP_STRADDLE,MAKER,PE,entry,SELL,True,False,87.1185,87.1185,84.1685,84.1685,1,True,147.5
2022-01-12,E011_VRP_STRADDLE,MAKER,CE,exit,BUY,False,True,105.2596,105.2596,105.2596,105.2596,71,False,0.0
2022-01-12,E011_VRP_STRADDLE,MAKER,PE,exit,BUY,True,False,41.1352,41.1352,41.1352,44.0852,69,False,0.0
2022-01-13,E011_VRP_STRADDLE,MAKER,CE,entry,SELL,True,False,54.7246,54.7246,51.7746,51.7746,1,True,147.5
2022-01-13,E011_VRP_STRADDLE,MAKER,PE,entry,SELL,True,False,67.2246,67.2246,67.2246,64.2746,1,False,0.0
2022-01-13,E011_VRP_STRADDLE,MAKER,CE,exit,BUY,False,True,25.5845,25.5845,25.5845,25.5845,71,False,0.0
2022-01-13,E011_VRP_STRADDLE,MAKER,PE,exit,BUY,True,False,36.7552,36.7552,39.7052,39.7052,69,True,147.5
2022-01-14,E011_VRP_STRADDLE,MAKER,CE,entry,SELL,True,False,16.9164,16.9164,16.9164,13.9664,1,False,0.0
2022-01-18,E011_VRP_STRADDLE,MAKER,PE,entry,SELL,True,False,102.7434,102.7434,102.7434,99.7934,1,False,0.0
2022-01-19,E011_VRP_STRADDLE,MAKER,CE,entry,SELL,True,False,100.1765,100.1765,100.1765,97.2265,1,False,0.0
2022-01-19,E011_VRP_STRADDLE,MAKER,PE,entry,SELL,True,False,96.5769,96.5769,96.5769,93.6269,1,False,0.0
2022-01-19,E011_VRP_STRADDLE,MAKER,CE,exit,BUY,False,True,30.9715,30.9715,30.9715,30.9715,71,False,0.0
2022-01-19,E011_VRP_STRADDLE,MAKER,PE,exit,BUY,True,False,142.0518,142.0518,142.0518,145.0018,69,False,0.0
2022-01-21,E011_VRP_STRADDLE,MAKER,CE,entry,SELL,True,False,35.88,35.88,32.93,32.93,1,True,147.5
2022-01-21,E011_VRP_STRADDLE,MAKER,PE,entry,SELL,True,False,19.13,19.13,19.13,16.18,1,False,0.0
2022-01-21,E011_VRP_STRADDLE,MAKER,CE,exit,BUY,False,True,65.75,65.75,65.75,65.75,71,False,0.0
2022-01-21,E011_VRP_STRADDLE,MAKER,PE,exit,BUY,True,False,59.1202,59.1202,62.0702,62.0702,69,True,147.5
2022-01-25,E011_VRP_STRADDLE,MAKER,CE,entry,SELL,True,False,160.135,160.135,157.185,157.185,1,True,147.5
2022-01-25,E011_VRP_STRADDLE,MAKER,PE,entry,SELL,True,False,153.1858,153.1858,153.1858,150.2358,1,False,0.0
2022-01-25,E011_VRP_STRADDLE,MAKER,CE,exit,BUY,False,True,452.1047,452.1047,452.1047,452.1047,71,False,0.0
2022-01-25,E011_VRP_STRADDLE,MAKER,PE,exit,BUY,True,False,16.3959,16.3959,19.3459,19.3459,69,True,147.5
2022-01-31,E011_VRP_STRADDLE,MAKER,CE,entry,SELL,True,False,259.17,259.17,256.22,256.22,1,True,147.5
2022-01-31,E011_VRP_STRADDLE,MAKER,PE,entry,SELL,True,False,247.92,247.92,247.92,244.97,1,False,0.0
2022-01-31,E011_VRP_STRADDLE,MAKER,CE,exit,BUY,True,False,276.2724,276.2724,279.2224,279.2224,69,True,147.5
2022-01-31,E011_VRP_STRADDLE,MAKER,PE,exit,BUY,True,False,191.2216,191.2216,191.2216,194.1716,69,False,0.0
2022-02-01,E011_VRP_STRADDLE,MAKER,CE,entry,SELL,True,False,238.272,238.272,238.272,235.322,1,False,0.0
2022-02-01,E011_VRP_STRADDLE,MAKER,PE,entry,SELL,True,False,240.272,240.272,237.322,237.322,1,True,147.5
2022-02-01,E011_VRP_STRADDLE,MAKER,CE,exit,BUY,True,False,225.3925,225.3925,225.3925,228.3425,69,False,0.0
2022-02-01,E011_VRP_STRADDLE,MAKER,PE,exit,BUY,True,False,171.9433,171.9433,174.8933,174.8933,69,True,147.5
2022-02-15,E011_VRP_STRADDLE,MAKER,CE,entry,SELL,True,False,169.1657,169.1657,169.1657,166.2157,1,False,0.0
2022-02-15,E011_VRP_STRADDLE,MAKER,PE,entry,SELL,True,False,186.0153,186.0153,183.0653,183.0653,1,True,147.5
2022-02-15,E011_VRP_STRADDLE,MAKER,CE,exit,BUY,False,True,386.3897,386.3897,386.3897,386.3897,71,False,0.0
2022-02-15,E011_VRP_STRADDLE,MAKER,PE,exit,BUY,True,False,40.405,40.405,43.355,43.355,69,True,147.5
2022-02-22,E011_VRP_STRADDLE,MAKER,CE,entry,SELL,True,False,159.5056,159.5056,159.5056,156.5556,1,False,0.0
2022-02-22,E011_VRP_STRADDLE,MAKER,PE,entry,SELL,True,False,139.8552,139.8552,136.9052,136.9052,1,True,147.5
2022-02-22,E011_VRP_STRADDLE,MAKER,CE,exit,BUY,True,False,255.2085,255.2085,255.2085,258.1585,69,False,0.0
2022-02-22,E011_VRP_STRADDLE,MAKER,PE,exit,BUY,True,False,45.0581,45.0581,48.0081,48.0081,69,True,147.5
2022-02-23,E011_VRP_STRADDLE,MAKER,CE,entry,SELL,True,False,135.0907,135.0907,132.1407,132.1407,1,True,147.5
2022-02-23,E011_VRP_STRADDLE,MAKER,PE,entry,SELL,True,False,149.0907,149.0907,149.0907,146.1407,1,False,0.0
2022-02-23,E011_VRP_STRADDLE,MAKER,CE,exit,BUY,True,False,76.9317,76.9317,79.8817,79.8817,69,True,147.5
2022-02-23,E011_VRP_STRADDLE,MAKER,PE,exit,BUY,True,False,132.4317,132.4317,132.4317,135.3817,69,False,0.0
2022-02-28,E011_VRP_STRADDLE,MAKER,PE,entry,SELL,True,False,233.5416,233.5416,233.5416,230.5916,1,False,0.0
2022-03-02,E011_VRP_STRADDLE,MAKER,CE,entry,SELL,True,False,224.7695,224.7695,221.8195,221.8195,1,True,147.5
2022-03-02,E011_VRP_STRADDLE,MAKER,PE,entry,SELL,True,False,211.4199,211.4199,211.4199,208.4699,1,False,0.0
2022-03-02,E011_VRP_STRADDLE,MAKER,CE,exit,BUY,False,True,183.97,183.97,183.97,183.97,71,False,0.0
2022-03-02,E011_VRP_STRADDLE,MAKER,PE,exit,BUY,True,False,217.5072,217.5072,220.4572,220.4572,69,True,147.5
2022-03-04,E011_VRP_STRADDLE,MAKER,CE,entry,SELL,True,False,141.7695,141.7695,138.8195,138.8195,1,True,147.5
2022-03-04,E011_VRP_STRADDLE,MAKER,PE,entry,SELL,True,False,138.7695,138.7695,138.7695,135.8195,3,False,0.0
2022-03-04,E011_VRP_STRADDLE,MAKER,CE,exit,BUY,True,False,56.6048,56.6048,59.5548,59.5548,69,True,147.5
2022-03-04,E011_VRP_STRADDLE,MAKER,PE,exit,BUY,True,False,28.3548,28.3548,28.3548,31.3048,69,False,0.0
2022-03-07,E011_VRP_STRADDLE,MAKER,CE,entry,SELL,True,False,245.295,245.295,245.295,242.345,1,False,0.0
2022-03-07,E011_VRP_STRADDLE,MAKER,PE,entry,SELL,True,False,236.9952,236.9952,234.0452,234.0452,1,True,147.5
2022-03-07,E011_VRP_STRADDLE,MAKER,CE,exit,BUY,True,False,211.818,211.818,211.818,214.768,69,False,0.0
2022-03-07,E011_VRP_STRADDLE,MAKER,PE,exit,BUY,True,False,226.7682,226.7682,229.7182,229.7182,69,True,147.5
2022-03-08,E011_VRP_STRADDLE,MAKER,CE,entry,SELL,True,False,236.8465,236.8465,236.8465,233.8965,1,False,0.0
2022-03-08,E011_VRP_STRADDLE,MAKER,PE,entry,SELL,True,False,230.3465,230.3465,227.3965,227.3965,1,True,147.5
2022-03-08,E011_VRP_STRADDLE,MAKER,CE,exit,BUY,True,False,316.4841,316.4841,319.4341,319.4341,69,True,147.5
2022-03-08,E011_VRP_STRADDLE,MAKER,PE,exit,BUY,True,False,106.3845,106.3845,106.3845,109.3345,69,False,0.0
2022-03-09,E011_VRP_STRADDLE,MAKER,CE,entry,SELL,True,False,186.7267,186.7267,183.7767,183.7767,1,True,147.5
2022-03-09,E011_VRP_STRADDLE,MAKER,PE,entry,SELL,True,False,184.1271,184.1271,184.1271,181.1771,1,False,0.0
2022-03-09,E011_VRP_STRADDLE,MAKER,PE,exit,BUY,False,True,35.6511,35.6511,35.6511,35.6511,71,False,0.0
2022-03-09,E011_VRP_STRADDLE,MAKER,CE,exit,BUY,True,False,352.3854,352.3854,355.3354,355.3354,69,True,147.5
2022-03-10,E011_VRP_STRADDLE,MAKER,CE,entry,SELL,True,False,110.3117,110.3117,110.3117,107.3617,1,False,0.0
2022-03-10,E011_VRP_STRADDLE,MAKER,PE,entry,SELL,True,False,132.6125,132.6125,129.6625,129.6625,1,True,147.5
2022-03-10,E011_VRP_STRADDLE,MAKER,CE,exit,BUY,True,False,1.3122,1.3122,1.3122,4.2622,69,False,0.0
2022-03-10,E011_VRP_STRADDLE,MAKER,PE,exit,BUY,True,False,137.0622,137.0622,140.0122,140.0122,69,True,147.5
2022-03-15,E011_VRP_STRADDLE,MAKER,CE,entry,SELL,True,False,200.5812,200.5812,197.6312,197.6312,1,True,147.5
2022-03-15,E011_VRP_STRADDLE,MAKER,PE,entry,SELL,True,False,207.3312,207.3312,207.3312,204.3812,1,False,0.0
2022-03-15,E011_VRP_STRADDLE,MAKER,CE,exit,BUY,True,False,84.8251,84.8251,84.8251,87.7751,69,False,0.0
2022-03-15,E011_VRP_STRADDLE,MAKER,PE,exit,BUY,True,False,286.3251,286.3251,289.2751,289.2751,69,True,147.5
2022-03-16,E011_VRP_STRADDLE,MAKER,CE,entry,SELL,True,False,179.9662,179.9662,177.0162,177.0162,1,True,147.5
2022-03-16,E011_VRP_STRADDLE,MAKER,PE,entry,SELL,True,False,187.1654,187.1654,187.1654,184.2154,1,False,0.0
2022-03-16,E011_VRP_STRADDLE,MAKER,CE,exit,BUY,False,True,176.0711,176.0711,176.0711,176.0711,71,False,0.0
2022-03-16,E011_VRP_STRADDLE,MAKER,PE,exit,BUY,True,False,116.4397,116.4397,116.4397,119.3897,69,False,0.0
2022-03-17,E011_VRP_STRADDLE,MAKER,CE,entry,SELL,True,False,137.9207,137.9207,137.9207,134.9707,1,False,0.0
2022-03-17,E011_VRP_STRADDLE,MAKER,PE,entry,SELL,True,False,118.6199,118.6199,115.6699,115.6699,1,True,147.5
2022-03-17,E011_VRP_STRADDLE,MAKER,PE,exit,BUY,False,True,5.4717,5.4717,5.4717,5.4717,71,False,0.0
2022-03-17,E011_VRP_STRADDLE,MAKER,CE,exit,BUY,True,False,126.2268,126.2268,129.1768,129.1768,69,True,147.5
2022-04-08,E011_VRP_STRADDLE,MAKER,PE,entry,SELL,True,False,56.9695,56.9695,56.9695,54.0195,1,False,0.0
2022-05-20,E011_VRP_STRADDLE,MAKER,CE,entry,SELL,True,False,39.6966,39.6966,39.6966,36.7466,1,False,0.0
2022-05-26,E011_VRP_STRADDLE,MAKER,CE,entry,SELL,True,False,88.5313,88.5313,88.5313,85.5813,1,False,0.0
2022-05-26,E011_VRP_STRADDLE,MAKER,PE,entry,SELL,True,False,101.4317,101.4317,98.4817,98.4817,1,True,147.5
2022-05-26,E011_VRP_STRADDLE,MAKER,CE,exit,BUY,True,False,84.8909,84.8909,87.8409,87.8409,69,True,147.5
2022-05-26,E011_VRP_STRADDLE,MAKER,PE,exit,BUY,True,False,3.0911,3.0911,6.0411,6.0411,71,True,147.5
2022-06-14,E011_VRP_STRADDLE,MAKER,CE,entry,SELL,True,False,144.0046,144.0046,144.0046,141.0546,1,False,0.0
2022-06-14,E011_VRP_STRADDLE,MAKER,PE,entry,SELL,True,False,156.2546,156.2546,153.3046,153.3046,1,True,147.5
2022-06-14,E011_VRP_STRADDLE,MAKER,CE,exit,BUY,False,True,110.7206,110.7206,110.7206,110.7206,71,False,0.0
2022-06-14,E011_VRP_STRADDLE,MAKER,PE,exit,BUY,True,False,149.6654,149.6654,152.6154,152.6154,69,True,147.5
2022-06-15,E011_VRP_STRADDLE,MAKER,CE,entry,SELL,True,False,136.2961,136.2961,136.2961,133.3461,1,False,0.0
2022-06-15,E011_VRP_STRADDLE,MAKER,PE,entry,SELL,True,False,115.2463,115.2463,112.2963,112.2963,1,True,147.5
2022-06-15,E011_VRP_STRADDLE,MAKER,PE,exit,BUY,False,True,94.0778,94.0778,94.0778,94.0778,71,False,0.0
2022-06-15,E011_VRP_STRADDLE,MAKER,CE,exit,BUY,True,False,106.1208,106.1208,109.0708,109.0708,69,True,147.5
2022-06-16,E011_VRP_STRADDLE,MAKER,CE,entry,SELL,True,False,110.0791,110.0791,107.1291,107.1291,1,True,147.5
2022-06-16,E011_VRP_STRADDLE,MAKER,PE,entry,SELL,True,False,116.3291,116.3291,116.3291,113.3791,1,False,0.0
2022-06-16,E011_VRP_STRADDLE,MAKER,CE,exit,BUY,True,False,0.1,0.1,0.1,1.55,69,False,0.0
2022-06-16,E011_VRP_STRADDLE,MAKER,PE,exit,BUY,True,False,467.3,467.3,467.3,470.25,69,False,0.0
2022-07-07,E011_VRP_STRADDLE,MAKER,CE,entry,SELL,True,False,82.003,82.003,82.003,79.053,1,False,0.0
2022-07-07,E011_VRP_STRADDLE,MAKER,PE,entry,SELL,True,False,67.8028,67.8028,64.8528,64.8528,1,True,147.5
2022-07-07,E011_VRP_STRADDLE,MAKER,CE,exit,BUY,True,False,37.6295,37.6295,37.6295,40.5795,69,False,0.0
2022-07-07,E011_VRP_STRADDLE,MAKER,PE,exit,BUY,True,False,9.6793,9.6793,12.6293,12.6293,69,True,147.5
2022-07-14,E011_VRP_STRADDLE,MAKER,CE,entry,SELL,True,False,69.1975,69.1975,69.1975,66.2475,1,False,0.0
2022-07-14,E011_VRP_STRADDLE,MAKER,PE,entry,SELL,True,False,93.4973,93.4973,90.5473,90.5473,1,True,147.5
2022-07-14,E011_VRP_STRADDLE,MAKER,CE,exit,BUY,True,False,0.1,0.1,1.6192,1.6192,69,True,75.9616
2022-07-14,E011_VRP_STRADDLE,MAKER,PE,exit,BUY,True,False,150.219,150.219,153.169,153.169,69,True,147.5
2022-07-28,E011_VRP_STRADDLE,MAKER,CE,entry,SELL,True,False,69.5404,69.5404,69.5404,66.5904,2,False,0.0
2022-07-28,E011_VRP_STRADDLE,MAKER,PE,entry,SELL,True,False,93.64,93.64,93.64,90.69,1,False,0.0
2022-07-28,E011_VRP_STRADDLE,MAKER,CE,exit,BUY,False,True,137.8043,137.8043,137.8043,137.8043,71,False,0.0
2022-07-28,E011_VRP_STRADDLE,MAKER,PE,exit,BUY,True,False,1.4501,1.4501,4.4001,4.4001,69,True,147.5
2022-08-11,E011_VRP_STRADDLE,MAKER,CE,entry,SELL,True,False,75.7118,75.7118,75.7118,72.7618,1,False,0.0
2022-08-11,E011_VRP_STRADDLE,MAKER,PE,entry,SELL,True,False,85.7118,85.7118,82.7618,82.7618,1,True,147.5
2022-08-11,E011_VRP_STRADDLE,MAKER,CE,exit,BUY,True,False,7.7488,7.7488,10.6988,10.6988,69,True,147.5
2022-08-11,E011_VRP_STRADDLE,MAKER,PE,exit,BUY,True,False,47.948,47.948,47.948,50.898,69,False,0.0
2022-08-19,E011_VRP_STRADDLE,MAKER,CE,entry,SELL,True,False,31.8902,31.8902,31.8902,28.9402,1,False,0.0
2022-08-19,E011_VRP_STRADDLE,MAKER,PE,entry,SELL,True,False,16.3902,16.3902,13.4402,13.4402,1,True,147.5
2022-08-19,E011_VRP_STRADDLE,MAKER,CE,exit,BUY,True,False,0.1,0.1,0.1,1.55,69,False,0.0
2022-08-19,E011_VRP_STRADDLE,MAKER,PE,exit,BUY,True,False,172.6018,172.6018,175.5518,175.5518,69,True,147.5
2022-09-02,E011_VRP_STRADDLE,MAKER,CE,entry,SELL,True,False,25.0015,25.0015,25.0015,22.0515,1,False,0.0
2022-09-02,E011_VRP_STRADDLE,MAKER,PE,entry,SELL,True,False,39.2515,39.2515,36.3015,36.3015,1,True,147.5
2022-09-02,E011_VRP_STRADDLE,MAKER,CE,exit,BUY,True,False,5.6721,5.6721,5.6721,8.6221,69,False,0.0
2022-09-02,E011_VRP_STRADDLE,MAKER,PE,exit,BUY,True,False,60.3225,60.3225,63.2725,63.2725,69,True,147.5
2022-09-07,E011_VRP_STRADDLE,MAKER,CE,entry,SELL,True,False,109.8835,109.8835,109.8835,106.9335,1,False,0.0
2022-09-07,E011_VRP_STRADDLE,MAKER,PE,entry,SELL,True,False,102.0339,102.0339,99.0839,99.0839,1,True,147.5
2022-09-07,E011_VRP_STRADDLE,MAKER,CE,exit,BUY,True,False,113.2886,113.2886,116.2386,116.2386,69,True,147.5
2022-09-07,E011_VRP_STRADDLE,MAKER,PE,exit,BUY,True,False,47.3882,47.3882,47.3882,50.3382,69,False,0.0
2022-09-08,E011_VRP_STRADDLE,MAKER,CE,entry,SELL,True,False,73.4731,73.4731,73.4731,70.5231,1,False,0.0
2022-09-15,E011_VRP_STRADDLE,MAKER,CE,entry,SELL,True,False,75.898,75.898,75.898,72.948,1,False,0.0
2022-09-15,E011_VRP_STRADDLE,MAKER,PE,entry,SELL,True,False,92.148,92.148,89.198,89.198,1,True,147.5
2022-09-15,E011_VRP_STRADDLE,MAKER,CE,exit,BUY,True,False,0.1,0.1,0.1,1.55,69,False,0.0
2022-09-15,E011_VRP_STRADDLE,MAKER,PE,exit,BUY,True,False,185.9755,185.9755,185.9755,188.9255,69,False,0.0
2022-09-20,E011_VRP_STRADDLE,MAKER,CE,entry,SELL,True,False,147.6915,147.6915,147.6915,144.7415,1,False,0.0
2022-09-20,E011_VRP_STRADDLE,MAKER,PE,entry,SELL,True,False,142.0411,142.0411,139.0911,139.0911,1,True,147.5
2022-09-20,E011_VRP_STRADDLE,MAKER,CE,exit,BUY,True,False,153.2684,153.2684,156.2184,156.2184,69,True,147.5
2022-09-20,E011_VRP_STRADDLE,MAKER,PE,exit,BUY,True,False,89.2176,89.2176,89.2176,92.1676,69,False,0.0
2022-09-21,E011_VRP_STRADDLE,MAKER,CE,entry,SELL,True,False,107.7822,107.7822,104.8322,104.8322,1,True,147.5
2022-09-21,E011_VRP_STRADDLE,MAKER,PE,entry,SELL,True,False,115.4326,115.4326,112.4826,112.4826,5,True,147.5
2022-09-21,E011_VRP_STRADDLE,MAKER,CE,exit,BUY,True,False,51.3421,51.3421,54.2921,54.2921,69,True,147.5
2022-09-21,E011_VRP_STRADDLE,MAKER,PE,exit,BUY,True,False,116.5921,116.5921,116.5921,119.5421,69,False,0.0
2022-09-22,E011_VRP_STRADDLE,MAKER,CE,entry,SELL,True,False,109.0483,109.0483,109.0483,106.0983,1,False,0.0
2022-09-27,E011_VRP_STRADDLE,MAKER,CE,entry,SELL,True,False,139.2811,139.2811,139.2811,136.3311,1,False,0.0
2022-09-27,E011_VRP_STRADDLE,MAKER,PE,entry,SELL,True,False,157.6815,157.6815,154.7315,154.7315,4,True,147.5
2022-09-27,E011_VRP_STRADDLE,MAKER,CE,exit,BUY,True,False,57.4582,57.4582,57.4582,60.4082,69,False,0.0
2022-09-27,E011_VRP_STRADDLE,MAKER,PE,exit,BUY,True,False,216.009,216.009,218.959,218.959,69,True,147.5
2022-10-13,E011_VRP_STRADDLE,MAKER,CE,entry,SELL,True,False,80.2317,80.2317,80.2317,77.2817,1,False,0.0
2022-10-13,E011_VRP_STRADDLE,MAKER,PE,entry,SELL,True,False,94.2317,94.2317,91.2817,91.2817,1,True,147.5
2022-10-13,E011_VRP_STRADDLE,MAKER,CE,exit,BUY,True,False,4.3795,4.3795,7.3295,7.3295,69,True,147.5
2022-10-13,E011_VRP_STRADDLE,MAKER,PE,exit,BUY,True,False,67.5299,67.5299,70.4799,70.4799,69,True,147.5
2022-11-03,E011_VRP_STRADDLE,MAKER,CE,entry,SELL,True,False,96.3873,96.3873,93.4373,93.4373,1,True,147.5
2022-11-03,E011_VRP_STRADDLE,MAKER,PE,entry,SELL,True,False,75.9381,75.9381,75.9381,72.9881,1,False,0.0
2022-11-03,E011_VRP_STRADDLE,MAKER,CE,exit,BUY,False,True,54.3164,54.3164,54.3164,54.3164,71,False,0.0
2022-11-03,E011_VRP_STRADDLE,MAKER,PE,exit,BUY,True,False,9.4228,9.4228,12.3728,12.3728,69,True,147.5
2022-11-04,E011_VRP_STRADDLE,MAKER,PE,entry,SELL,True,False,29.2663,29.2663,29.2663,26.3163,1,False,0.0
2022-11-11,E011_VRP_STRADDLE,MAKER,CE,entry,SELL,True,False,49.2499,49.2499,49.2499,46.2999,1,False,0.0
2022-11-18,E011_VRP_STRADDLE,MAKER,PE,entry,SELL,True,False,19.6809,19.6809,19.6809,16.7309,1,False,0.0
2022-12-02,E011_VRP_STRADDLE,MAKER,PE,entry,SELL,True,False,61.7456,61.7456,61.7456,58.7956,1,False,0.0
2022-12-09,E011_VRP_STRADDLE,MAKER,PE,entry,SELL,True,False,45.6895,45.6895,45.6895,42.7395,2,False,0.0
2023-01-06,E011_VRP_STRADDLE,MAKER,CE,entry,SELL,True,False,21.9128,21.9128,21.9128,18.9628,1,False,0.0
2023-01-06,E011_VRP_STRADDLE,MAKER,PE,entry,SELL,True,False,42.5124,42.5124,39.5624,39.5624,1,True,147.5
2023-01-06,E011_VRP_STRADDLE,MAKER,CE,exit,BUY,False,True,1.55,1.55,1.55,1.55,71,False,0.0
2023-01-06,E011_VRP_STRADDLE,MAKER,PE,exit,BUY,True,False,132.7911,132.7911,135.7411,135.7411,69,True,147.5
2023-01-13,E011_VRP_STRADDLE,MAKER,CE,entry,SELL,True,False,31.0278,31.0278,28.0778,28.0778,1,True,147.5
2023-01-13,E011_VRP_STRADDLE,MAKER,PE,entry,SELL,True,False,14.727,14.727,14.727,11.777,1,False,0.0
2023-01-13,E011_VRP_STRADDLE,MAKER,CE,exit,BUY,True,False,150.9024,150.9024,153.8524,153.8524,70,True,147.5
2023-01-13,E011_VRP_STRADDLE,MAKER,PE,exit,BUY,True,False,0.1,0.1,0.1,1.55,69,False,0.0
2023-01-30,E011_VRP_STRADDLE,MAKER,CE,entry,SELL,True,False,187.9183,187.9183,187.9183,184.9683,1,False,0.0
2023-01-31,E011_VRP_STRADDLE,MAKER,CE,entry,SELL,True,False,167.3062,167.3062,167.3062,164.3562,1,False,0.0
2023-01-31,E011_VRP_STRADDLE,MAKER,PE,entry,SELL,True,False,152.5054,152.5054,149.5554,149.5554,1,True,147.5
2023-01-31,E011_VRP_STRADDLE,MAKER,CE,exit,BUY,True,False,164.5334,164.5334,164.5334,167.4834,69,False,0.0
2023-01-31,E011_VRP_STRADDLE,MAKER,PE,exit,BUY,True,False,102.133,102.133,105.083,105.083,69,True,147.5
2023-02-01,E011_VRP_STRADDLE,MAKER,CE,entry,SELL,True,False,159.902,159.902,159.902,156.952,1,False,0.0
2023-02-01,E011_VRP_STRADDLE,MAKER,PE,entry,SELL,True,False,144.2516,144.2516,141.3016,141.3016,1,True,147.5
2023-02-01,E011_VRP_STRADDLE,MAKER,CE,exit,BUY,False,True,61.5808,61.5808,61.5808,61.5808,71,False,0.0
2023-02-01,E011_VRP_STRADDLE,MAKER,PE,exit,BUY,True,False,321.9106,321.9106,324.8606,324.8606,69,True,147.5
2023-02-02,E011_VRP_STRADDLE,MAKER,CE,entry,SELL,True,False,106.4285,106.4285,103.4785,103.4785,1,True,147.5
2023-02-02,E011_VRP_STRADDLE,MAKER,PE,entry,SELL,True,False,81.9793,81.9793,81.9793,79.0293,1,False,0.0
2023-02-02,E011_VRP_STRADDLE,MAKER,CE,exit,BUY,True,False,137.1925,137.1925,137.1925,140.1425,69,False,0.0
2023-02-02,E011_VRP_STRADDLE,MAKER,PE,exit,BUY,True,False,0.1,0.1,2.1933,2.1933,69,True,104.6672
2023-02-03,E011_VRP_STRADDLE,MAKER,PE,entry,SELL,True,False,47.5219,47.5219,47.5219,44.5719,1,False,0.0
2023-02-10,E011_VRP_STRADDLE,MAKER,CE,entry,SELL,True,False,30.1866,30.1866,30.1866,27.2366,2,False,0.0
2023-02-10,E011_VRP_STRADDLE,MAKER,PE,entry,SELL,True,False,34.7862,34.7862,34.7862,31.8362,1,False,0.0
2023-02-10,E011_VRP_STRADDLE,MAKER,CE,exit,BUY,False,True,13.3008,13.3008,13.3008,13.3008,71,False,0.0
2023-02-10,E011_VRP_STRADDLE,MAKER,PE,exit,BUY,True,False,33.217,33.217,36.167,36.167,69,True,147.5
2023-03-03,E011_VRP_STRADDLE,MAKER,CE,entry,SELL,True,False,42.7458,42.7458,42.7458,39.7958,1,False,0.0
2023-03-10,E011_VRP_STRADDLE,MAKER,CE,entry,SELL,True,False,24.4205,24.4205,24.4205,21.4705,2,False,0.0
2023-03-10,E011_VRP_STRADDLE,MAKER,PE,entry,SELL,True,False,26.7701,26.7701,23.8201,23.8201,1,True,147.5
2023-03-10,E011_VRP_STRADDLE,MAKER,CE,exit,BUY,False,True,11.4004,11.4004,11.4004,11.4004,71,False,0.0
2023-03-10,E011_VRP_STRADDLE,MAKER,PE,exit,BUY,True,False,31.5971,31.5971,34.5471,34.5471,69,True,147.5
2023-03-15,E011_VRP_STRADDLE,MAKER,PE,entry,SELL,True,False,98.1871,98.1871,98.1871,95.2371,1,False,0.0
2023-03-17,E011_VRP_STRADDLE,MAKER,CE,entry,SELL,True,False,38.5734,38.5734,38.5734,35.6234,1,False,0.0
2023-03-17,E011_VRP_STRADDLE,MAKER,PE,entry,SELL,True,False,37.3234,37.3234,34.3734,34.3734,1,True,147.5
2023-03-17,E011_VRP_STRADDLE,MAKER,CE,exit,BUY,True,False,25.2246,25.2246,25.2246,28.1746,69,False,0.0
2023-03-17,E011_VRP_STRADDLE,MAKER,PE,exit,BUY,True,False,34.6738,34.6738,37.6238,37.6238,69,True,147.5
2023-04-10,E011_VRP_STRADDLE,MAKER,CE,entry,SELL,True,False,20.3672,20.3672,20.3672,17.4172,5,False,0.0
2023-04-10,E011_VRP_STRADDLE,MAKER,PE,entry,SELL,True,False,33.918,33.918,33.918,30.968,1,False,0.0
2023-04-10,E011_VRP_STRADDLE,MAKER,CE,exit,BUY,True,False,10.4339,10.4339,13.3839,13.3839,69,True,147.5
2023-04-10,E011_VRP_STRADDLE,MAKER,PE,exit,BUY,True,False,33.4339,33.4339,33.4339,36.3839,69,False,0.0
2023-04-17,E011_VRP_STRADDLE,MAKER,CE,entry,SELL,True,False,51.3149,51.3149,51.3149,48.3649,1,False,0.0
2023-04-17,E011_VRP_STRADDLE,MAKER,PE,entry,SELL,True,False,28.1645,28.1645,28.1645,25.2145,2,False,0.0
2023-04-17,E011_VRP_STRADDLE,MAKER,CE,exit,BUY,False,True,62.8008,62.8008,62.8008,62.8008,71,False,0.0
2023-04-17,E011_VRP_STRADDLE,MAKER,PE,exit,BUY,True,False,15.5267,15.5267,18.4767,18.4767,69,True,147.5
2023-04-21,E011_VRP_STRADDLE,MAKER,CE,entry,SELL,True,False,12.2203,12.2203,9.2703,9.2703,1,True,147.5
2023-04-21,E011_VRP_STRADDLE,MAKER,PE,entry,SELL,True,False,18.0211,18.0211,18.0211,15.0711,1,False,0.0
2023-04-21,E011_VRP_STRADDLE,MAKER,CE,exit,BUY,False,True,1.55,1.55,1.55,1.55,71,False,0.0
2023-04-21,E011_VRP_STRADDLE,MAKER,PE,exit,BUY,True,False,24.3272,24.3272,27.2772,27.2772,69,True,147.5
2023-05-04,E011_VRP_STRADDLE,MAKER,CE,entry,SELL,True,False,53.9542,53.9542,51.0042,51.0042,1,True,147.5
2023-05-04,E011_VRP_STRADDLE,MAKER,PE,entry,SELL,True,False,54.6534,54.6534,54.6534,51.7034,1,False,0.0
2023-05-04,E011_VRP_STRADDLE,MAKER,CE,exit,BUY,False,True,164.6504,164.6504,164.6504,164.6504,71,False,0.0
2023-05-04,E011_VRP_STRADDLE,MAKER,PE,exit,BUY,True,False,0.1,0.1,0.1,1.55,69,False,0.0
2023-05-05,E011_VRP_STRADDLE,MAKER,CE,entry,SELL,True,False,28.5756,28.5756,28.5756,25.6256,1,False,0.0
2023-05-12,E011_VRP_STRADDLE,MAKER,PE,entry,SELL,True,False,26.0637,26.0637,26.0637,23.1137,1,False,0.0
2023-05-19,E011_VRP_STRADDLE,MAKER,PE,entry,SELL,True,False,35.2544,35.2544,35.2544,32.3044,1,False,0.0
2023-06-01,E011_VRP_STRADDLE,MAKER,CE,entry,SELL,True,False,67.0583,67.0583,64.1083,64.1083,5,True,147.5
2023-06-01,E011_VRP_STRADDLE,MAKER,PE,entry,SELL,True,False,57.0583,57.0583,54.1083,54.1083,1,True,147.5
2023-06-01,E011_VRP_STRADDLE,MAKER,CE,exit,BUY,True,False,6.7622,6.7622,9.7122,9.7122,69,True,147.5
2023-06-01,E011_VRP_STRADDLE,MAKER,PE,exit,BUY,True,False,33.0622,33.0622,33.0622,36.0122,69,False,0.0
2023-06-02,E011_VRP_STRADDLE,MAKER,PE,entry,SELL,True,False,17.5631,17.5631,17.5631,14.6131,2,False,0.0
2023-06-08,E011_VRP_STRADDLE,MAKER,CE,entry,SELL,True,False,48.5711,48.5711,48.5711,45.6211,2,False,0.0
2023-06-08,E011_VRP_STRADDLE,MAKER,PE,entry,SELL,True,False,53.3211,53.3211,53.3211,50.3711,1,False,0.0
2023-06-08,E011_VRP_STRADDLE,MAKER,CE,exit,BUY,True,False,0.1,0.1,0.1,1.55,69,False,0.0
2023-06-08,E011_VRP_STRADDLE,MAKER,PE,exit,BUY,True,False,109.6677,109.6677,109.6677,112.6177,69,False,0.0
2023-06-09,E011_VRP_STRADDLE,MAKER,CE,entry,SELL,True,False,41.3663,41.3663,41.3663,38.4163,1,False,0.0
2023-06-09,E011_VRP_STRADDLE,MAKER,PE,entry,SELL,True,False,26.2663,26.2663,23.3163,23.3163,2,True,147.5
2023-06-09,E011_VRP_STRADDLE,MAKER,CE,exit,BUY,False,True,1.55,1.55,1.55,1.55,71,False,0.0
2023-06-09,E011_VRP_STRADDLE,MAKER,PE,exit,BUY,True,False,79.9544,79.9544,82.9044,82.9044,69,True,147.5
2023-06-16,E011_VRP_STRADDLE,MAKER,CE,entry,SELL,True,False,31.3618,31.3618,31.3618,28.4118,3,False,0.0
2023-06-16,E011_VRP_STRADDLE,MAKER,PE,entry,SELL,True,False,35.2618,35.2618,35.2618,32.3118,1,False,0.0
2023-06-16,E011_VRP_STRADDLE,MAKER,PE,exit,BUY,False,True,1.55,1.55,1.55,1.55,71,False,0.0
2023-06-16,E011_VRP_STRADDLE,MAKER,CE,exit,BUY,True,False,102.495,102.495,105.445,105.445,69,True,147.5
2023-06-23,E011_VRP_STRADDLE,MAKER,PE,entry,SELL,True,False,37.2898,37.2898,37.2898,34.3398,1,False,0.0
2023-07-06,E011_VRP_STRADDLE,MAKER,CE,entry,SELL,True,False,54.7175,54.7175,51.7675,51.7675,1,True,147.5
2023-07-06,E011_VRP_STRADDLE,MAKER,PE,entry,SELL,True,False,53.8175,53.8175,53.8175,50.8675,1,False,0.0
2023-07-06,E011_VRP_STRADDLE,MAKER,CE,exit,BUY,True,False,88.4904,88.4904,88.4904,91.4404,69,False,0.0
2023-07-06,E011_VRP_STRADDLE,MAKER,PE,exit,BUY,True,False,0.1,0.1,1.6904,1.6904,69,True,79.5198
2023-07-07,E011_VRP_STRADDLE,MAKER,CE,entry,SELL,True,False,27.995,27.995,27.995,25.045,1,False,0.0
2023-07-14,E011_VRP_STRADDLE,MAKER,PE,entry,SELL,True,False,26.1288,26.1288,26.1288,23.1788,1,False,0.0
2023-08-03,E011_VRP_STRADDLE,MAKER,CE,entry,SELL,True,False,61.3219,61.3219,58.3719,58.3719,1,True,147.5
2023-08-03,E011_VRP_STRADDLE,MAKER,PE,entry,SELL,True,False,73.8719,73.8719,73.8719,70.9219,4,False,0.0
2023-08-03,E011_VRP_STRADDLE,MAKER,CE,exit,BUY,True,False,0.1,0.1,0.1,1.55,69,False,0.0
2023-08-03,E011_VRP_STRADDLE,MAKER,PE,exit,BUY,True,False,152.166,152.166,155.116,155.116,69,True,147.5
2023-08-04,E011_VRP_STRADDLE,MAKER,PE,entry,SELL,True,False,49.4587,49.4587,49.4587,46.5087,1,False,0.0
2023-08-11,E011_VRP_STRADDLE,MAKER,PE,entry,SELL,True,False,34.8331,34.8331,34.8331,31.8831,1,False,0.0
2023-08-18,E011_VRP_STRADDLE,MAKER,CE,entry,SELL,True,False,19.1381,19.1381,16.1881,16.1881,1,True,147.5
2023-08-18,E011_VRP_STRADDLE,MAKER,PE,entry,SELL,True,False,12.2881,12.2881,12.2881,9.3381,1,False,0.0
2023-08-18,E011_VRP_STRADDLE,MAKER,PE,exit,BUY,False,True,1.55,1.55,1.55,1.55,71,False,0.0
2023-08-18,E011_VRP_STRADDLE,MAKER,CE,exit,BUY,True,False,37.389,37.389,40.339,40.339,69,True,147.5
2023-09-13,E011_VRP_STRADDLE,MAKER,CE,entry,SELL,True,False,64.6791,64.6791,64.6791,61.7291,1,False,0.0
2023-09-13,E011_VRP_STRADDLE,MAKER,PE,entry,SELL,True,False,80.0791,80.0791,77.1291,77.1291,3,True,147.5
2023-09-13,E011_VRP_STRADDLE,MAKER,CE,exit,BUY,True,False,106.1616,106.1616,109.1116,109.1116,69,True,147.5
2023-09-13,E011_VRP_STRADDLE,MAKER,PE,exit,BUY,True,False,18.3116,18.3116,18.3116,21.2616,69,False,0.0
2023-09-14,E011_VRP_STRADDLE,MAKER,CE,entry,SELL,True,False,51.4378,51.4378,48.4878,48.4878,1,True,147.5
2023-09-14,E011_VRP_STRADDLE,MAKER,PE,entry,SELL,True,False,69.9378,69.9378,69.9378,66.9878,1,False,0.0
2023-09-14,E011_VRP_STRADDLE,MAKER,CE,exit,BUY,True,False,1.1034,1.1034,4.0534,4.0534,71,True,147.5
2023-09-14,E011_VRP_STRADDLE,MAKER,PE,exit,BUY,True,False,54.8034,54.8034,54.8034,57.7534,69,False,0.0
2023-09-15,E011_VRP_STRADDLE,MAKER,CE,entry,SELL,True,False,28.226,28.226,28.226,25.276,1,False,0.0
2023-09-15,E011_VRP_STRADDLE,MAKER,PE,entry,SELL,True,False,22.426,22.426,19.476,19.476,3,True,147.5
2023-09-15,E011_VRP_STRADDLE,MAKER,CE,exit,BUY,True,False,50.4995,50.4995,53.4495,53.4495,71,True,147.5
2023-09-15,E011_VRP_STRADDLE,MAKER,PE,exit,BUY,True,False,3.4495,3.4495,3.4495,6.3995,69,False,0.0
2023-09-21,E011_VRP_STRADDLE,MAKER,CE,entry,SELL,True,False,64.9281,64.9281,64.9281,61.9781,4,False,0.0
2023-09-21,E011_VRP_STRADDLE,MAKER,PE,entry,SELL,True,False,43.0281,43.0281,43.0281,40.0781,1,False,0.0
2023-09-21,E011_VRP_STRADDLE,MAKER,CE,exit,BUY,False,True,1.6949,1.6949,1.6949,1.6949,71,False,0.0
2023-09-21,E011_VRP_STRADDLE,MAKER,PE,exit,BUY,True,False,71.6672,71.6672,71.6672,74.6172,69,False,0.0
2023-09-22,E011_VRP_STRADDLE,MAKER,CE,entry,SELL,True,False,19.0763,19.0763,19.0763,16.1263,1,False,0.0
2023-09-22,E011_VRP_STRADDLE,MAKER,PE,entry,SELL,True,False,42.7763,42.7763,39.8263,39.8263,1,True,147.5
2023-09-22,E011_VRP_STRADDLE,MAKER,CE,exit,BUY,False,True,1.55,1.55,1.55,1.55,71,False,0.0
2023-09-22,E011_VRP_STRADDLE,MAKER,PE,exit,BUY,True,False,118.8417,118.8417,118.8417,121.7917,69,False,0.0
2023-10-11,E011_VRP_STRADDLE,MAKER,CE,entry,SELL,True,False,71.9687,71.9687,71.9687,69.0187,1,False,0.0
2023-10-12,E011_VRP_STRADDLE,MAKER,CE,entry,SELL,True,False,42.9766,42.9766,42.9766,40.0266,1,False,0.0
2023-10-12,E011_VRP_STRADDLE,MAKER,PE,entry,SELL,True,False,66.8266,66.8266,63.8766,63.8766,1,True,147.5
2023-10-12,E011_VRP_STRADDLE,MAKER,CE,exit,BUY,False,True,1.7707,1.7707,1.7707,1.7707,71,False,0.0
2023-10-12,E011_VRP_STRADDLE,MAKER,PE,exit,BUY,True,False,55.9615,55.9615,55.9615,58.9115,70,False,0.0
2023-10-13,E011_VRP_STRADDLE,MAKER,CE,entry,SELL,True,False,35.8501,35.8501,32.9001,32.9001,1,True,147.5
2023-10-13,E011_VRP_STRADDLE,MAKER,PE,entry,SELL,True,False,21.2501,21.2501,21.2501,18.3001,6,False,0.0
2023-10-13,E011_VRP_STRADDLE,MAKER,PE,exit,BUY,False,True,1.55,1.55,1.55,1.55,71,False,0.0
2023-10-13,E011_VRP_STRADDLE,MAKER,CE,exit,BUY,True,False,64.2844,64.2844,67.2344,67.2344,69,True,147.5
2023-10-17,E011_VRP_STRADDLE,MAKER,CE,entry,SELL,True,False,93.2519,93.2519,93.2519,90.3019,1,False,0.0
2023-10-17,E011_VRP_STRADDLE,MAKER,PE,entry,SELL,True,False,77.8519,77.8519,74.9019,74.9019,1,True,147.5
2023-10-17,E011_VRP_STRADDLE,MAKER,CE,exit,BUY,False,True,75.9825,75.9825,75.9825,75.9825,71,False,0.0
2023-10-17,E011_VRP_STRADDLE,MAKER,PE,exit,BUY,True,False,70.4976,70.4976,73.4476,73.4476,69,True,147.5
2023-10-18,E011_VRP_STRADDLE,MAKER,CE,entry,SELL,True,False,60.7366,60.7366,60.7366,57.7866,1,False,0.0
2023-10-18,E011_VRP_STRADDLE,MAKER,PE,entry,SELL,True,False,74.4366,74.4366,74.4366,71.4866,1,False,0.0
2023-10-18,E011_VRP_STRADDLE,MAKER,CE,exit,BUY,True,False,9.6956,9.6956,12.6456,12.6456,69,True,147.5
2023-10-18,E011_VRP_STRADDLE,MAKER,PE,exit,BUY,True,False,125.4956,125.4956,125.4956,128.4456,69,False,0.0
2023-10-19,E011_VRP_STRADDLE,MAKER,CE,entry,SELL,True,False,46.378,46.378,43.428,43.428,1,True,147.5
2023-10-19,E011_VRP_STRADDLE,MAKER,PE,entry,SELL,True,False,57.378,57.378,54.428,54.428,3,True,147.5
2023-10-19,E011_VRP_STRADDLE,MAKER,CE,exit,BUY,True,False,89.9658,89.9658,92.9158,92.9158,69,True,147.5
2023-10-19,E011_VRP_STRADDLE,MAKER,PE,exit,BUY,True,False,0.1,0.1,1.6158,1.6158,69,True,75.7914
2023-10-20,E011_VRP_STRADDLE,MAKER,CE,entry,SELL,True,False,23.2535,23.2535,23.2535,20.3035,1,False,0.0
2023-11-09,E011_VRP_STRADDLE,MAKER,CE,entry,SELL,True,False,61.0749,61.0749,61.0749,58.1249,1,False,0.0
2023-11-10,E011_VRP_STRADDLE,MAKER,PE,entry,SELL,True,False,50.886,50.886,50.886,47.936,1,False,0.0
2023-11-17,E011_VRP_STRADDLE,MAKER,CE,entry,SELL,True,False,14.6421,14.6421,11.6921,11.6921,1,True,147.5
2023-11-17,E011_VRP_STRADDLE,MAKER,PE,entry,SELL,True,False,25.3921,25.3921,25.3921,22.4421,1,False,0.0
2023-11-17,E011_VRP_STRADDLE,MAKER,CE,exit,BUY,True,False,6.1328,6.1328,6.1328,9.0828,69,False,0.0
2023-11-17,E011_VRP_STRADDLE,MAKER,PE,exit,BUY,True,False,25.6828,25.6828,28.6328,28.6328,69,True,147.5
2023-11-24,E011_VRP_STRADDLE,MAKER,CE,entry,SELL,True,False,33.6262,33.6262,30.6762,30.6762,1,True,147.5
2023-11-24,E011_VRP_STRADDLE,MAKER,PE,entry,SELL,True,False,17.5762,17.5762,14.6262,14.6262,6,True,147.5
2023-11-24,E011_VRP_STRADDLE,MAKER,CE,exit,BUY,True,False,15.9116,15.9116,15.9116,18.8616,69,False,0.0
2023-11-24,E011_VRP_STRADDLE,MAKER,PE,exit,BUY,True,False,21.1616,21.1616,24.1116,24.1116,69,True,147.5
2023-12-04,E011_VRP_STRADDLE,MAKER,CE,entry,SELL,True,False,115.0609,115.0609,112.1109,112.1109,1,True,147.5
2023-12-04,E011_VRP_STRADDLE,MAKER,PE,entry,SELL,True,False,136.4609,136.4609,136.4609,133.5109,1,False,0.0
2023-12-04,E011_VRP_STRADDLE,MAKER,CE,exit,BUY,True,False,190.748,190.748,190.748,193.698,69,False,0.0
2023-12-04,E011_VRP_STRADDLE,MAKER,PE,exit,BUY,True,False,59.298,59.298,59.298,62.248,69,False,0.0
2023-12-05,E011_VRP_STRADDLE,MAKER,CE,entry,SELL,True,False,121.8842,121.8842,118.9342,118.9342,1,True,147.5
2023-12-05,E011_VRP_STRADDLE,MAKER,PE,entry,SELL,True,False,97.4842,97.4842,97.4842,94.5342,1,False,0.0
2023-12-05,E011_VRP_STRADDLE,MAKER,CE,exit,BUY,True,False,173.2484,173.2484,173.2484,176.1984,69,False,0.0
2023-12-05,E011_VRP_STRADDLE,MAKER,PE,exit,BUY,True,False,36.4484,36.4484,39.3984,39.3984,69,True,147.5
2023-12-06,E011_VRP_STRADDLE,MAKER,CE,entry,SELL,True,False,84.6461,84.6461,84.6461,81.6961,1,False,0.0
2023-12-06,E011_VRP_STRADDLE,MAKER,PE,entry,SELL,True,False,101.1961,101.1961,98.2461,98.2461,1,True,147.5
2023-12-06,E011_VRP_STRADDLE,MAKER,CE,exit,BUY,True,False,67.9543,67.9543,67.9543,70.9043,69,False,0.0
2023-12-06,E011_VRP_STRADDLE,MAKER,PE,exit,BUY,True,False,64.1543,64.1543,67.1043,67.1043,69,True,147.5
2023-12-07,E011_VRP_STRADDLE,MAKER,CE,entry,SELL,True,False,78.9264,78.9264,78.9264,75.9764,1,False,0.0
2023-12-07,E011_VRP_STRADDLE,MAKER,PE,entry,SELL,True,False,62.7764,62.7764,62.7764,59.8264,2,False,0.0
2023-12-07,E011_VRP_STRADDLE,MAKER,CE,exit,BUY,True,False,45.5847,45.5847,48.5347,48.5347,69,True,147.5
2023-12-07,E011_VRP_STRADDLE,MAKER,PE,exit,BUY,True,False,5.3847,5.3847,8.3347,8.3347,69,True,147.5
2023-12-08,E011_VRP_STRADDLE,MAKER,CE,entry,SELL,True,False,74.3944,74.3944,74.3944,71.4444,2,False,0.0
2023-12-14,E011_VRP_STRADDLE,MAKER,CE,entry,SELL,True,False,78.0639,78.0639,75.1139,75.1139,1,True,147.5
2023-12-14,E011_VRP_STRADDLE,MAKER,PE,entry,SELL,True,False,69.2639,69.2639,69.2639,66.3139,1,False,0.0
2023-12-14,E011_VRP_STRADDLE,MAKER,CE,exit,BUY,True,False,72.2481,72.2481,72.2481,75.1981,69,False,0.0
2023-12-14,E011_VRP_STRADDLE,MAKER,PE,exit,BUY,True,False,1.1481,1.1481,4.0981,4.0981,70,True,147.5
2023-12-15,E011_VRP_STRADDLE,MAKER,PE,entry,SELL,True,False,81.1977,81.1977,81.1977,78.2477,4,False,0.0
2023-12-22,E011_VRP_STRADDLE,MAKER,CE,entry,SELL,True,False,48.3996,48.3996,45.4496,45.4496,6,True,147.5
2023-12-22,E011_VRP_STRADDLE,MAKER,PE,entry,SELL,True,False,57.6496,57.6496,54.6996,54.6996,1,True,147.5
2023-12-22,E011_VRP_STRADDLE,MAKER,PE,exit,BUY,False,True,1.55,1.55,1.55,1.55,71,False,0.0
2023-12-22,E011_VRP_STRADDLE,MAKER,CE,exit,BUY,True,False,81.3491,81.3491,81.3491,84.2991,69,False,0.0
2024-01-05,E011_VRP_STRADDLE,MAKER,PE,entry,SELL,True,False,79.2435,79.2435,79.2435,76.2935,2,False,0.0
2024-01-12,E011_VRP_STRADDLE,MAKER,CE,entry,SELL,True,False,21.1232,21.1232,18.1732,18.1732,5,True,147.5
2024-01-12,E011_VRP_STRADDLE,MAKER,PE,entry,SELL,True,False,36.8232,36.8232,36.8232,33.8732,1,False,0.0
2024-01-12,E011_VRP_STRADDLE,MAKER,CE,exit,BUY,True,False,153.1646,153.1646,156.1146,156.1146,69,True,147.5
2024-01-12,E011_VRP_STRADDLE,MAKER,PE,exit,BUY,True,False,0.1,0.1,0.1,1.5646,69,False,0.0
2024-01-19,E011_VRP_STRADDLE,MAKER,CE,entry,SELL,True,False,45.3109,45.3109,42.3609,42.3609,3,True,147.5
2024-01-19,E011_VRP_STRADDLE,MAKER,PE,entry,SELL,True,False,49.7609,49.7609,49.7609,46.8109,3,False,0.0
2024-01-19,E011_VRP_STRADDLE,MAKER,CE,exit,BUY,True,False,21.9466,21.9466,21.9466,24.8966,69,False,0.0
2024-01-19,E011_VRP_STRADDLE,MAKER,PE,exit,BUY,True,False,59.3966,59.3966,62.3466,62.3466,69,True,147.5
2024-01-31,E011_VRP_STRADDLE,MAKER,CE,entry,SELL,True,False,143.9027,143.9027,140.9527,140.9527,1,True,147.5
2024-01-31,E011_VRP_STRADDLE,MAKER,PE,entry,SELL,True,False,165.9527,165.9527,165.9527,163.0027,1,False,0.0
2024-01-31,E011_VRP_STRADDLE,MAKER,CE,exit,BUY,False,True,261.6328,261.6328,261.6328,261.6328,71,False,0.0
2024-01-31,E011_VRP_STRADDLE,MAKER,PE,exit,BUY,True,False,42.994,42.994,45.944,45.944,69,True,147.5
2024-02-01,E011_VRP_STRADDLE,MAKER,CE,entry,SELL,True,False,140.3375,140.3375,140.3375,137.3875,1,False,0.0
2024-02-01,E011_VRP_STRADDLE,MAKER,PE,entry,SELL,True,False,125.0875,125.0875,122.1375,122.1375,3,True,147.5
2024-02-01,E011_VRP_STRADDLE,MAKER,CE,exit,BUY,True,False,50.6017,50.6017,50.6017,53.5517,69,False,0.0
2024-02-01,E011_VRP_STRADDLE,MAKER,PE,exit,BUY,True,False,28.5517,28.5517,31.5017,31.5017,69,True,147.5
2024-02-02,E011_VRP_STRADDLE,MAKER,CE,entry,SELL,True,False,36.908,36.908,36.908,33.958,1,False,0.0
2024-02-09,E011_VRP_STRADDLE,MAKER,CE,entry,SELL,True,False,41.7283,41.7283,41.7283,38.7783,1,False,0.0
2024-02-16,E011_VRP_STRADDLE,MAKER,CE,entry,SELL,True,False,50.9723,50.9723,50.9723,48.0223,5,False,0.0
2024-02-16,E011_VRP_STRADDLE,MAKER,PE,entry,SELL,True,False,46.0723,46.0723,43.1223,43.1223,2,True,147.5
2024-02-16,E011_VRP_STRADDLE,MAKER,CE,exit,BUY,True,False,65.1445,65.1445,68.0945,68.0945,70,True,147.5
2024-02-16,E011_VRP_STRADDLE,MAKER,PE,exit,BUY,True,False,20.2445,20.2445,20.2445,23.1945,69,False,0.0
2024-03-11,E011_VRP_STRADDLE,MAKER,PE,entry,SELL,True,False,29.8575,29.8575,29.8575,26.9075,1,False,0.0
2024-03-14,E011_VRP_STRADDLE,MAKER,CE,entry,SELL,True,False,93.4898,93.4898,93.4898,90.5398,1,False,0.0
2024-03-15,E011_VRP_STRADDLE,MAKER,CE,entry,SELL,True,False,47.6679,47.6679,44.7179,44.7179,1,True,147.5
2024-03-15,E011_VRP_STRADDLE,MAKER,PE,entry,SELL,True,False,58.1679,58.1679,58.1679,55.2179,1,False,0.0
2024-03-15,E011_VRP_STRADDLE,MAKER,CE,exit,BUY,True,False,21.2091,21.2091,24.1591,24.1591,69,True,147.5
2024-03-15,E011_VRP_STRADDLE,MAKER,PE,exit,BUY,True,False,73.0591,73.0591,73.0591,76.0091,69,False,0.0
2024-03-22,E011_VRP_STRADDLE,MAKER,PE,entry,SELL,True,False,40.3562,40.3562,40.3562,37.4062,1,False,0.0
2024-04-05,E011_VRP_STRADDLE,MAKER,CE,entry,SELL,True,False,57.5927,57.5927,54.6427,54.6427,2,True,147.5
2024-04-05,E011_VRP_STRADDLE,MAKER,PE,entry,SELL,True,False,43.2927,43.2927,40.3427,40.3427,1,True,147.5
2024-04-05,E011_VRP_STRADDLE,MAKER,CE,exit,BUY,True,False,73.3162,73.3162,73.3162,76.2662,69,False,0.0
2024-04-05,E011_VRP_STRADDLE,MAKER,PE,exit,BUY,True,False,18.3162,18.3162,21.2662,21.2662,69,True,147.5
2024-04-12,E011_VRP_STRADDLE,MAKER,CE,entry,SELL,True,False,26.8568,26.8568,23.9068,23.9068,2,True,147.5
2024-04-12,E011_VRP_STRADDLE,MAKER,PE,entry,SELL,True,False,22.6568,22.6568,19.7068,19.7068,5,True,147.5
2024-04-12,E011_VRP_STRADDLE,MAKER,CE,exit,BUY,True,False,0.1,0.1,0.1,1.55,69,False,0.0
2024-04-12,E011_VRP_STRADDLE,MAKER,PE,exit,BUY,True,False,152.7629,152.7629,152.7629,155.7129,69,False,0.0
2024-04-19,E011_VRP_STRADDLE,MAKER,CE,entry,SELL,True,False,34.9874,34.9874,34.9874,32.0374,1,False,0.0
2024-04-19,E011_VRP_STRADDLE,MAKER,PE,entry,SELL,True,False,23.5874,23.5874,20.6374,20.6374,1,True,147.5
2024-04-19,E011_VRP_STRADDLE,MAKER,CE,exit,BUY,True,False,343.95,343.95,343.95,346.9,69,False,0.0
2024-04-19,E011_VRP_STRADDLE,MAKER,PE,exit,BUY,True,False,0.1,0.1,0.1,1.55,69,False,0.0
2024-05-03,E011_VRP_STRADDLE,MAKER,CE,entry,SELL,True,False,57.2401,57.2401,57.2401,54.2901,1,False,0.0
2024-05-10,E011_VRP_STRADDLE,MAKER,CE,entry,SELL,True,False,77.1221,77.1221,77.1221,74.1721,1,False,0.0
2024-05-17,E011_VRP_STRADDLE,MAKER,PE,entry,SELL,True,False,30.5124,30.5124,30.5124,27.5624,1,False,0.0
2024-06-03,E011_VRP_STRADDLE,MAKER,CE,entry,SELL,True,False,429.4951,429.4951,426.5451,426.5451,1,True,73.75
2024-06-03,E011_VRP_STRADDLE,MAKER,PE,entry,SELL,True,False,433.8951,433.8951,433.8951,430.9451,1,False,0.0
2024-06-03,E011_VRP_STRADDLE,MAKER,CE,exit,BUY,True,False,444.7611,444.7611,444.7611,447.7111,69,False,0.0
2024-06-03,E011_VRP_STRADDLE,MAKER,PE,exit,BUY,True,False,350.4111,350.4111,353.3611,353.3611,70,True,73.75
2024-06-04,E011_VRP_STRADDLE,MAKER,CE,entry,SELL,True,False,339.303,339.303,339.303,336.353,1,False,0.0
2024-06-04,E011_VRP_STRADDLE,MAKER,PE,entry,SELL,True,False,338.903,338.903,335.953,335.953,1,True,73.75
2024-06-04,E011_VRP_STRADDLE,MAKER,CE,exit,BUY,True,False,17.9263,17.9263,17.9263,20.8763,69,False,0.0
2024-06-04,E011_VRP_STRADDLE,MAKER,PE,exit,BUY,True,False,1067.0763,1067.0763,1070.0263,1070.0263,69,True,73.75
2024-06-05,E011_VRP_STRADDLE,MAKER,CE,entry,SELL,True,False,310.766,310.766,310.766,307.816,2,False,0.0
2024-06-05,E011_VRP_STRADDLE,MAKER,PE,entry,SELL,True,False,291.366,291.366,291.366,288.416,1,False,0.0
2024-06-05,E011_VRP_STRADDLE,MAKER,CE,exit,BUY,True,False,696.4649,696.4649,696.4649,699.4149,69,False,0.0
2024-06-05,E011_VRP_STRADDLE,MAKER,PE,exit,BUY,True,False,31.4149,31.4149,34.3649,34.3649,69,True,73.75
2024-07-04,E011_VRP_STRADDLE,MAKER,CE,entry,SELL,True,False,78.5835,78.5835,75.6335,75.6335,1,True,73.75
2024-07-04,E011_VRP_STRADDLE,MAKER,PE,entry,SELL,True,False,82.5335,82.5335,82.5335,79.5835,1,False,0.0
2024-07-04,E011_VRP_STRADDLE,MAKER,CE,exit,BUY,True,False,5.6789,5.6789,8.6289,8.6289,69,True,73.75
2024-07-04,E011_VRP_STRADDLE,MAKER,PE,exit,BUY,True,False,54.7789,54.7789,54.7789,57.7289,69,False,0.0
2024-07-05,E011_VRP_STRADDLE,MAKER,CE,entry,SELL,True,False,27.804,27.804,27.804,24.854,5,False,0.0
2024-07-05,E011_VRP_STRADDLE,MAKER,PE,entry,SELL,True,False,25.354,25.354,22.404,22.404,1,True,73.75
2024-07-05,E011_VRP_STRADDLE,MAKER,CE,exit,BUY,False,True,143.55,143.55,143.55,143.55,71,False,0.0
2024-07-05,E011_VRP_STRADDLE,MAKER,PE,exit,BUY,True,False,12.4423,12.4423,15.3923,15.3923,69,True,73.75
2024-07-09,E011_VRP_STRADDLE,MAKER,CE,entry,SELL,True,False,159.7032,159.7032,159.7032,156.7532,1,False,0.0
2024-07-09,E011_VRP_STRADDLE,MAKER,PE,entry,SELL,True,False,141.7532,141.7532,138.8032,138.8032,1,True,73.75
2024-07-09,E011_VRP_STRADDLE,MAKER,CE,exit,BUY,False,True,171.1861,171.1861,171.1861,171.1861,71,False,0.0
2024-07-09,E011_VRP_STRADDLE,MAKER,PE,exit,BUY,True,False,92.9135,92.9135,92.9135,95.8635,69,False,0.0
2024-07-10,E011_VRP_STRADDLE,MAKER,CE,entry,SELL,True,False,131.4132,131.4132,128.4632,128.4632,1,True,73.75
2024-07-10,E011_VRP_STRADDLE,MAKER,PE,entry,SELL,True,False,136.1132,136.1132,136.1132,133.1632,1,False,0.0
2024-07-10,E011_VRP_STRADDLE,MAKER,CE,exit,BUY,False,True,66.1683,66.1683,66.1683,66.1683,71,False,0.0
2024-07-10,E011_VRP_STRADDLE,MAKER,PE,exit,BUY,True,False,158.1847,158.1847,161.1347,161.1347,69,True,73.75
2024-07-11,E011_VRP_STRADDLE,MAKER,CE,entry,SELL,True,False,108.4523,108.4523,108.4523,105.5023,1,False,0.0
2024-07-11,E011_VRP_STRADDLE,MAKER,PE,entry,SELL,True,False,102.4523,102.4523,102.4523,99.5023,1,False,0.0
2024-07-11,E011_VRP_STRADDLE,MAKER,CE,exit,BUY,True,False,21.8417,21.8417,21.8417,24.7917,69,False,0.0
2024-07-11,E011_VRP_STRADDLE,MAKER,PE,exit,BUY,True,False,40.4917,40.4917,43.4417,43.4417,69,True,73.75
2024-07-12,E011_VRP_STRADDLE,MAKER,CE,entry,SELL,True,False,46.386,46.386,46.386,43.436,1,False,0.0
2024-07-18,E011_VRP_STRADDLE,MAKER,CE,entry,SELL,True,False,143.6213,143.6213,140.6713,140.6713,5,True,73.75
2024-07-18,E011_VRP_STRADDLE,MAKER,PE,entry,SELL,True,False,126.3213,126.3213,123.3713,123.3713,1,True,73.75
2024-07-18,E011_VRP_STRADDLE,MAKER,CE,exit,BUY,True,False,269.0103,269.0103,269.0103,271.9603,69,False,0.0
2024-07-18,E011_VRP_STRADDLE,MAKER,PE,exit,BUY,True,False,18.9603,18.9603,21.9103,21.9103,70,True,73.75
2024-07-23,E011_VRP_STRADDLE,MAKER,CE,entry,SELL,True,False,217.0874,217.0874,214.1374,214.1374,1,True,73.75
2024-07-23,E011_VRP_STRADDLE,MAKER,PE,entry,SELL,True,False,219.5374,219.5374,219.5374,216.5874,1,False,0.0
2024-07-23,E011_VRP_STRADDLE,MAKER,CE,exit,BUY,True,False,149.1831,149.1831,152.1331,152.1331,69,True,73.75
2024-07-23,E011_VRP_STRADDLE,MAKER,PE,exit,BUY,True,False,213.3831,213.3831,213.3831,216.3331,69,False,0.0
2024-08-01,E011_VRP_STRADDLE,MAKER,CE,entry,SELL,True,False,116.5946,116.5946,116.5946,113.6446,1,False,0.0
2024-08-01,E011_VRP_STRADDLE,MAKER,PE,entry,SELL,True,False,113.6946,113.6946,110.7446,110.7446,3,True,73.75
2024-08-01,E011_VRP_STRADDLE,MAKER,CE,exit,BUY,True,False,9.4534,9.4534,9.4534,12.4034,69,False,0.0
2024-08-01,E011_VRP_STRADDLE,MAKER,PE,exit,BUY,True,False,76.9034,76.9034,79.8534,79.8534,69,True,73.75
2024-08-02,E011_VRP_STRADDLE,MAKER,PE,entry,SELL,True,False,84.73,84.73,84.73,81.78,4,False,0.0
2024-08-06,E011_VRP_STRADDLE,MAKER,CE,entry,SELL,True,False,201.56,201.56,201.56,198.61,1,False,0.0
2024-08-06,E011_VRP_STRADDLE,MAKER,PE,entry,SELL,True,False,214.06,214.06,211.11,211.11,1,True,73.75
2024-08-06,E011_VRP_STRADDLE,MAKER,CE,exit,BUY,True,False,51.6222,51.6222,54.5722,54.5722,69,True,73.75
2024-08-06,E011_VRP_STRADDLE,MAKER,PE,exit,BUY,True,False,387.9222,387.9222,387.9222,390.8722,69,False,0.0
2024-08-22,E011_VRP_STRADDLE,MAKER,CE,entry,SELL,True,False,132.5359,132.5359,129.5859,129.5859,3,True,73.75
2024-08-22,E011_VRP_STRADDLE,MAKER,PE,entry,SELL,True,False,156.1359,156.1359,156.1359,153.1859,1,False,0.0
2024-08-22,E011_VRP_STRADDLE,MAKER,CE,exit,BUY,True,False,25.0031,25.0031,27.9531,27.9531,69,True,73.75
2024-08-22,E011_VRP_STRADDLE,MAKER,PE,exit,BUY,True,False,64.9531,64.9531,64.9531,67.9031,69,False,0.0
2024-08-30,E011_VRP_STRADDLE,MAKER,CE,entry,SELL,True,False,33.4931,33.4931,33.4931,30.5431,2,False,0.0
2024-08-30,E011_VRP_STRADDLE,MAKER,PE,entry,SELL,True,False,43.8931,43.8931,43.8931,40.9431,1,False,0.0
2024-08-30,E011_VRP_STRADDLE,MAKER,CE,exit,BUY,True,False,23.1063,23.1063,23.1063,26.0563,69,False,0.0
2024-08-30,E011_VRP_STRADDLE,MAKER,PE,exit,BUY,True,False,38.4063,38.4063,41.3563,41.3563,70,True,73.75
2024-09-05,E011_VRP_STRADDLE,MAKER,CE,entry,SELL,True,False,161.2617,161.2617,161.2617,158.3117,1,False,0.0
2024-09-05,E011_VRP_STRADDLE,MAKER,PE,entry,SELL,True,False,170.1117,170.1117,167.1617,167.1617,1,True,73.75
2024-09-05,E011_VRP_STRADDLE,MAKER,CE,exit,BUY,True,False,13.3344,13.3344,16.2844,16.2844,69,True,73.75
2024-09-05,E011_VRP_STRADDLE,MAKER,PE,exit,BUY,True,False,115.1844,115.1844,118.1344,118.1344,69,True,73.75
2024-09-06,E011_VRP_STRADDLE,MAKER,CE,entry,SELL,True,False,47.5342,47.5342,44.5842,44.5842,1,True,73.75
2024-09-06,E011_VRP_STRADDLE,MAKER,PE,entry,SELL,True,False,58.4342,58.4342,55.4842,55.4842,4,True,73.75
2024-09-06,E011_VRP_STRADDLE,MAKER,CE,exit,BUY,False,True,1.55,1.55,1.55,1.55,71,False,0.0
2024-09-06,E011_VRP_STRADDLE,MAKER,PE,exit,BUY,True,False,280.4231,280.4231,283.3731,283.3731,69,True,73.75
2024-09-13,E011_VRP_STRADDLE,MAKER,PE,entry,SELL,True,False,105.712,105.712,105.712,102.762,2,False,0.0
2024-09-19,E011_VRP_STRADDLE,MAKER,CE,entry,SELL,True,False,121.0369,121.0369,118.0869,118.0869,1,True,73.75
2024-09-19,E011_VRP_STRADDLE,MAKER,PE,entry,SELL,True,False,117.3869,117.3869,117.3869,114.4369,1,False,0.0
2024-09-19,E011_VRP_STRADDLE,MAKER,CE,exit,BUY,True,False,1.3929,1.3929,4.3429,4.3429,69,True,73.75
2024-09-19,E011_VRP_STRADDLE,MAKER,PE,exit,BUY,True,False,133.2929,133.2929,136.2429,136.2429,69,True,73.75
2024-09-20,E011_VRP_STRADDLE,MAKER,PE,entry,SELL,True,False,148.7151,148.7151,148.7151,145.7651,4,False,0.0
2024-09-26,E011_VRP_STRADDLE,MAKER,CE,entry,SELL,True,False,125.9856,125.9856,125.9856,123.0356,1,False,0.0
2024-10-03,E011_VRP_STRADDLE,MAKER,CE,entry,SELL,True,False,206.9367,206.9367,203.9867,203.9867,1,True,73.75
2024-10-03,E011_VRP_STRADDLE,MAKER,PE,entry,SELL,True,False,226.9367,226.9367,226.9367,223.9867,1,False,0.0
2024-10-03,E011_VRP_STRADDLE,MAKER,CE,exit,BUY,True,False,49.352,49.352,52.302,52.302,70,True,73.75
2024-10-03,E011_VRP_STRADDLE,MAKER,PE,exit,BUY,True,False,352.602,352.602,355.552,355.552,69,True,73.75
2024-10-04,E011_VRP_STRADDLE,MAKER,CE,entry,SELL,True,False,180.9242,180.9242,180.9242,177.9742,4,False,0.0
2024-10-04,E011_VRP_STRADDLE,MAKER,PE,entry,SELL,True,False,162.3742,162.3742,159.4242,159.4242,3,True,73.75
2024-10-04,E011_VRP_STRADDLE,MAKER,CE,exit,BUY,True,False,78.5682,78.5682,78.5682,81.5182,69,False,0.0
2024-10-04,E011_VRP_STRADDLE,MAKER,PE,exit,BUY,True,False,234.3682,234.3682,237.3182,237.3182,69,True,73.75
2024-10-08,E011_VRP_STRADDLE,MAKER,CE,entry,SELL,True,False,247.2039,247.2039,244.2539,244.2539,1,True,73.75
2024-10-08,E011_VRP_STRADDLE,MAKER,PE,entry,SELL,True,False,267.1039,267.1039,267.1039,264.1539,4,False,0.0
2024-10-08,E011_VRP_STRADDLE,MAKER,CE,exit,BUY,False,True,335.2217,335.2217,335.2217,335.2217,71,False,0.0
2024-10-08,E011_VRP_STRADDLE,MAKER,PE,exit,BUY,True,False,139.6986,139.6986,139.6986,142.6486,69,False,0.0
2024-10-10,E011_VRP_STRADDLE,MAKER,CE,entry,SELL,True,False,223.5115,223.5115,223.5115,220.5615,2,False,0.0
2024-10-10,E011_VRP_STRADDLE,MAKER,PE,entry,SELL,True,False,222.3115,222.3115,222.3115,219.3615,1,False,0.0
2024-10-10,E011_VRP_STRADDLE,MAKER,CE,exit,BUY,True,False,40.5944,40.5944,43.5444,43.5444,69,True,73.75
2024-10-10,E011_VRP_STRADDLE,MAKER,PE,exit,BUY,True,False,99.8444,99.8444,102.7944,102.7944,69,True,73.75
2024-10-11,E011_VRP_STRADDLE,MAKER,CE,entry,SELL,True,False,53.0701,53.0701,50.1201,50.1201,1,True,73.75
2024-10-11,E011_VRP_STRADDLE,MAKER,PE,entry,SELL,True,False,49.8701,49.8701,49.8701,46.9201,1,False,0.0
2024-10-11,E011_VRP_STRADDLE,MAKER,CE,exit,BUY,True,False,45.9557,45.9557,45.9557,48.9057,69,False,0.0
2024-10-11,E011_VRP_STRADDLE,MAKER,PE,exit,BUY,True,False,36.9057,36.9057,39.8557,39.8557,69,True,73.75
2024-10-17,E011_VRP_STRADDLE,MAKER,CE,entry,SELL,True,False,186.3579,186.3579,186.3579,183.4079,1,False,0.0
2024-10-17,E011_VRP_STRADDLE,MAKER,PE,entry,SELL,True,False,179.3079,179.3079,179.3079,176.3579,1,False,0.0
2024-10-17,E011_VRP_STRADDLE,MAKER,CE,exit,BUY,True,False,2.5882,2.5882,5.5382,5.5382,70,True,73.75
2024-10-17,E011_VRP_STRADDLE,MAKER,PE,exit,BUY,True,False,210.2382,210.2382,213.1882,213.1882,69,True,73.75
2024-10-18,E011_VRP_STRADDLE,MAKER,CE,entry,SELL,True,False,200.2263,200.2263,200.2263,197.2763,5,False,0.0
2024-11-08,E011_VRP_STRADDLE,MAKER,CE,entry,SELL,True,False,190.6635,190.6635,190.6635,187.7135,2,False,0.0
2024-11-14,E011_VRP_STRADDLE,MAKER,CE,entry,SELL,True,False,198.074,198.074,198.074,195.124,1,False,0.0
2024-11-14,E011_VRP_STRADDLE,MAKER,PE,entry,SELL,True,False,193.174,193.174,190.224,190.224,1,True,73.75
2024-11-14,E011_VRP_STRADDLE,MAKER,CE,exit,BUY,True,False,28.7467,28.7467,28.7467,31.6967,69,False,0.0
2024-11-14,E011_VRP_STRADDLE,MAKER,PE,exit,BUY,True,False,100.2967,100.2967,103.2467,103.2467,69,True,73.75
2024-11-18,E011_VRP_STRADDLE,MAKER,PE,entry,SELL,True,False,122.1236,122.1236,122.1236,119.1736,1,False,0.0
2024-11-29,E011_VRP_STRADDLE,MAKER,CE,entry,SELL,True,False,207.5033,207.5033,207.5033,204.5533,2,False,0.0
2024-12-05,E011_VRP_STRADDLE,MAKER,CE,entry,SELL,True,False,201.8722,201.8722,198.9222,198.9222,1,True,221.25
2024-12-05,E011_VRP_STRADDLE,MAKER,PE,entry,SELL,True,False,204.1722,204.1722,204.1722,201.2222,1,False,0.0
2024-12-05,E011_VRP_STRADDLE,MAKER,CE,exit,BUY,True,False,71.9538,71.9538,71.9538,74.9038,69,False,0.0
2024-12-05,E011_VRP_STRADDLE,MAKER,PE,exit,BUY,True,False,49.6538,49.6538,52.6038,52.6038,69,True,221.25
2024-12-13,E011_VRP_STRADDLE,MAKER,PE,entry,SELL,True,False,211.9353,211.9353,211.9353,208.9853,3,False,0.0
2024-12-19,E011_VRP_STRADDLE,MAKER,CE,entry,SELL,True,False,222.0722,222.0722,222.0722,219.1222,1,False,0.0
2024-12-19,E011_VRP_STRADDLE,MAKER,PE,entry,SELL,True,False,202.5722,202.5722,199.6222,199.6222,1,True,221.25
2024-12-19,E011_VRP_STRADDLE,MAKER,CE,exit,BUY,True,False,87.736,87.736,90.686,90.686,69,True,221.25
2024-12-19,E011_VRP_STRADDLE,MAKER,PE,exit,BUY,True,False,43.086,43.086,46.036,46.036,69,True,221.25
2024-12-20,E011_VRP_STRADDLE,MAKER,CE,entry,SELL,True,False,185.3559,185.3559,182.4059,182.4059,4,True,221.25
2024-12-20,E011_VRP_STRADDLE,MAKER,PE,entry,SELL,True,False,209.8559,209.8559,209.8559,206.9059,6,False,0.0
2024-12-20,E011_VRP_STRADDLE,MAKER,PE,exit,BUY,False,True,412.2,412.2,412.2,412.2,71,False,0.0
2024-12-20,E011_VRP_STRADDLE,MAKER,CE,exit,BUY,True,False,53.0435,53.0435,53.0435,55.9935,69,False,0.0
2024-12-27,E011_VRP_STRADDLE,MAKER,CE,entry,SELL,True,False,87.8377,87.8377,87.8377,84.8877,1,False,0.0
2025-01-02,E011_VRP_STRADDLE,MAKER,CE,entry,SELL,True,False,205.2882,205.2882,202.3382,202.3382,4,True,221.25
2025-01-02,E011_VRP_STRADDLE,MAKER,PE,entry,SELL,True,False,217.0882,217.0882,214.1382,214.1382,1,True,221.25
2025-01-02,E011_VRP_STRADDLE,MAKER,CE,exit,BUY,True,False,407.0055,407.0055,407.0055,409.9555,69,False,0.0
2025-01-02,E011_VRP_STRADDLE,MAKER,PE,exit,BUY,True,False,0.1,0.1,1.8055,1.8055,70,True,127.911
2025-01-03,E011_VRP_STRADDLE,MAKER,PE,entry,SELL,True,False,117.1732,117.1732,117.1732,114.2232,2,False,0.0
2025-01-10,E011_VRP_STRADDLE,MAKER,PE,entry,SELL,True,False,134.7481,134.7481,134.7481,131.7981,2,False,0.0
2025-01-17,E011_VRP_STRADDLE,MAKER,CE,entry,SELL,True,False,38.0068,38.0068,38.0068,35.0568,1,False,0.0
2025-01-24,E011_VRP_STRADDLE,MAKER,PE,entry,SELL,True,False,110.5282,110.5282,110.5282,107.5782,2,False,0.0
2025-01-31,E011_VRP_STRADDLE,MAKER,CE,entry,SELL,True,False,156.9122,156.9122,156.9122,153.9622,5,False,0.0
2025-02-14,E011_VRP_STRADDLE,MAKER,PE,entry,SELL,True,False,186.5213,186.5213,186.5213,183.5713,2,False,0.0
2025-02-28,E011_VRP_STRADDLE,MAKER,CE,entry,SELL,True,False,85.6873,85.6873,82.7373,82.7373,1,True,221.25
2025-02-28,E011_VRP_STRADDLE,MAKER,PE,entry,SELL,True,False,65.6373,65.6373,62.6873,62.6873,3,True,221.25
2025-02-28,E011_VRP_STRADDLE,MAKER,CE,exit,BUY,True,False,16.5924,16.5924,19.5424,19.5424,69,True,221.25
2025-02-28,E011_VRP_STRADDLE,MAKER,PE,exit,BUY,True,False,146.8424,146.8424,146.8424,149.7924,69,False,0.0
2025-03-07,E011_VRP_STRADDLE,MAKER,PE,entry,SELL,True,False,98.2984,98.2984,98.2984,95.3484,1,False,0.0
2025-03-17,E011_VRP_STRADDLE,MAKER,CE,entry,SELL,True,False,105.454,105.454,105.454,102.504,2,False,0.0
2025-03-21,E011_VRP_STRADDLE,MAKER,CE,entry,SELL,True,False,75.2924,75.2924,72.3424,72.3424,3,True,221.25
2025-03-21,E011_VRP_STRADDLE,MAKER,PE,entry,SELL,True,False,80.2924,80.2924,80.2924,77.3424,1,False,0.0
2025-03-21,E011_VRP_STRADDLE,MAKER,CE,exit,BUY,True,False,157.8647,157.8647,157.8647,160.8147,69,False,0.0
2025-03-21,E011_VRP_STRADDLE,MAKER,PE,exit,BUY,True,False,16.1147,16.1147,19.0647,19.0647,69,True,221.25
2025-03-28,E011_VRP_STRADDLE,MAKER,PE,entry,SELL,True,False,100.5041,100.5041,100.5041,97.5541,1,False,0.0
2025-04-04,E011_VRP_STRADDLE,MAKER,CE,entry,SELL,True,False,47.1037,47.1037,44.1537,44.1537,3,True,221.25
2025-04-04,E011_VRP_STRADDLE,MAKER,PE,entry,SELL,True,False,52.4537,52.4537,52.4537,49.5037,1,False,0.0
2025-04-04,E011_VRP_STRADDLE,MAKER,CE,exit,BUY,False,True,1.55,1.55,1.55,1.55,71,False,0.0
2025-04-04,E011_VRP_STRADDLE,MAKER,PE,exit,BUY,True,False,233.9942,233.9942,236.9442,236.9442,69,True,221.25
2025-04-11,E011_VRP_STRADDLE,MAKER,CE,entry,SELL,True,False,60.697,60.697,60.697,57.747,1,False,0.0
2025-04-21,E011_VRP_STRADDLE,MAKER,CE,entry,SELL,True,False,104.2269,104.2269,101.2769,101.2769,4,True,221.25
2025-04-21,E011_VRP_STRADDLE,MAKER,PE,entry,SELL,True,False,94.8269,94.8269,91.8769,91.8769,1,True,221.25
2025-04-21,E011_VRP_STRADDLE,MAKER,PE,exit,BUY,False,True,1.55,1.55,1.55,1.55,71,False,0.0
2025-04-21,E011_VRP_STRADDLE,MAKER,CE,exit,BUY,True,False,213.9481,213.9481,213.9481,216.8981,69,False,0.0
2025-04-25,E011_VRP_STRADDLE,MAKER,PE,entry,SELL,True,False,65.3777,65.3777,65.3777,62.4277,1,False,0.0
2025-05-02,E011_VRP_STRADDLE,MAKER,CE,entry,SELL,True,False,73.1904,73.1904,70.2404,70.2404,2,True,221.25
2025-05-02,E011_VRP_STRADDLE,MAKER,PE,entry,SELL,True,False,62.8904,62.8904,62.8904,59.9404,1,False,0.0
2025-05-02,E011_VRP_STRADDLE,MAKER,CE,exit,BUY,True,False,43.2181,43.2181,43.2181,46.1681,69,False,0.0
2025-05-02,E011_VRP_STRADDLE,MAKER,PE,exit,BUY,True,False,69.2681,69.2681,72.2181,72.2181,69,True,221.25
2025-05-16,E011_VRP_STRADDLE,MAKER,CE,entry,SELL,True,False,68.2418,68.2418,68.2418,65.2918,1,False,0.0
2025-05-23,E011_VRP_STRADDLE,MAKER,CE,entry,SELL,True,False,63.0913,63.0913,63.0913,60.1413,1,False,0.0
2025-06-06,E011_VRP_STRADDLE,MAKER,PE,entry,SELL,True,False,55.4787,55.4787,55.4787,52.5287,2,False,0.0
2025-06-13,E011_VRP_STRADDLE,MAKER,CE,entry,SELL,True,False,129.477,129.477,129.477,126.527,2,False,0.0
2025-06-20,E011_VRP_STRADDLE,MAKER,CE,entry,SELL,True,False,105.735,105.735,105.735,102.785,6,False,0.0
2025-06-20,E011_VRP_STRADDLE,MAKER,PE,entry,SELL,True,False,94.585,94.585,91.635,91.635,1,True,221.25
2025-06-20,E011_VRP_STRADDLE,MAKER,CE,exit,BUY,True,False,214.9353,214.9353,214.9353,217.8853,69,False,0.0
2025-06-20,E011_VRP_STRADDLE,MAKER,PE,exit,BUY,True,False,18.8853,18.8853,21.8353,21.8353,69,True,221.25
2025-06-27,E011_VRP_STRADDLE,MAKER,PE,entry,SELL,True,False,102.8116,102.8116,102.8116,99.8616,2,False,0.0
2025-07-04,E011_VRP_STRADDLE,MAKER,CE,entry,SELL,True,False,53.6168,53.6168,50.6668,50.6668,1,True,221.25
2025-07-04,E011_VRP_STRADDLE,MAKER,PE,entry,SELL,True,False,41.6668,41.6668,41.6668,38.7168,1,False,0.0
2025-07-04,E011_VRP_STRADDLE,MAKER,CE,exit,BUY,False,True,64.3,64.3,64.3,64.3,71,False,0.0
2025-07-04,E011_VRP_STRADDLE,MAKER,PE,exit,BUY,True,False,16.7024,16.7024,19.6524,19.6524,69,True,221.25
2025-07-25,E011_VRP_STRADDLE,MAKER,CE,entry,SELL,True,False,61.4235,61.4235,61.4235,58.4735,2,False,0.0
2025-07-25,E011_VRP_STRADDLE,MAKER,PE,entry,SELL,True,False,76.3735,76.3735,76.3735,73.4235,1,False,0.0
2025-07-25,E011_VRP_STRADDLE,MAKER,CE,exit,BUY,True,False,15.5634,15.5634,15.5634,18.5134,69,False,0.0
2025-07-25,E011_VRP_STRADDLE,MAKER,PE,exit,BUY,True,False,131.6134,131.6134,134.5634,134.5634,69,True,221.25
2025-08-07,E011_VRP_STRADDLE,MAKER,CE,entry,SELL,True,False,173.8441,173.8441,170.8941,170.8941,1,True,221.25
2025-08-07,E011_VRP_STRADDLE,MAKER,PE,entry,SELL,True,False,154.6441,154.6441,154.6441,151.6941,1,False,0.0
2025-08-07,E011_VRP_STRADDLE,MAKER,CE,exit,BUY,True,False,68.9858,68.9858,68.9858,71.9358,69,False,0.0
2025-08-07,E011_VRP_STRADDLE,MAKER,PE,exit,BUY,True,False,31.8858,31.8858,34.8358,34.8358,69,True,221.25
2025-08-08,E011_VRP_STRADDLE,MAKER,CE,entry,SELL,True,False,45.4736,45.4736,45.4736,42.5236,1,False,0.0
2025-08-08,E011_VRP_STRADDLE,MAKER,PE,entry,SELL,True,False,22.1236,22.1236,19.1736,19.1736,1,True,221.25
2025-08-08,E011_VRP_STRADDLE,MAKER,PE,exit,BUY,False,True,202.3,202.3,202.3,202.3,71,False,0.0
2025-08-08,E011_VRP_STRADDLE,MAKER,CE,exit,BUY,True,False,0.1,0.1,1.8597,1.8597,70,True,131.9751
2025-08-14,E011_VRP_STRADDLE,MAKER,CE,entry,SELL,True,False,151.2557,151.2557,151.2557,148.3057,5,False,0.0
2025-08-14,E011_VRP_STRADDLE,MAKER,PE,entry,SELL,True,False,161.1057,161.1057,161.1057,158.1557,1,False,0.0
2025-08-14,E011_VRP_STRADDLE,MAKER,CE,exit,BUY,True,False,44.5492,44.5492,47.4992,47.4992,69,True,221.25
2025-08-14,E011_VRP_STRADDLE,MAKER,PE,exit,BUY,True,False,47.0992,47.0992,50.0492,50.0492,69,True,221.25
2025-08-18,E011_VRP_STRADDLE,MAKER,CE,entry,SELL,True,False,80.5734,80.5734,80.5734,77.6234,3,False,0.0
2025-08-21,E011_VRP_STRADDLE,MAKER,CE,entry,SELL,True,False,163.7108,163.7108,163.7108,160.7608,1,False,0.0
2025-08-21,E011_VRP_STRADDLE,MAKER,PE,entry,SELL,True,False,139.0108,139.0108,139.0108,136.0608,1,False,0.0
2025-08-21,E011_VRP_STRADDLE,MAKER,CE,exit,BUY,True,False,76.0889,76.0889,79.0389,79.0389,69,True,221.25
2025-08-21,E011_VRP_STRADDLE,MAKER,PE,exit,BUY,True,False,22.3389,22.3389,25.2889,25.2889,69,True,221.25
2025-08-29,E011_VRP_STRADDLE,MAKER,CE,entry,SELL,True,False,130.8494,130.8494,130.8494,127.8994,1,False,0.0
2025-09-03,E011_VRP_STRADDLE,MAKER,CE,entry,SELL,True,False,178.5183,178.5183,178.5183,175.5683,2,False,0.0
2025-09-10,E011_VRP_STRADDLE,MAKER,CE,entry,SELL,True,False,51.0745,51.0745,51.0745,48.1245,1,False,0.0
2025-09-16,E011_VRP_STRADDLE,MAKER,CE,entry,SELL,True,False,155.3112,155.3112,155.3112,152.3612,1,False,0.0
2025-09-24,E011_VRP_STRADDLE,MAKER,PE,entry,SELL,True,False,43.2114,43.2114,43.2114,40.2614,1,False,0.0
2025-10-08,E011_VRP_STRADDLE,MAKER,CE,entry,SELL,True,False,116.3591,116.3591,116.3591,113.4091,3,False,0.0
2025-10-23,E011_VRP_STRADDLE,MAKER,CE,entry,SELL,True,False,108.7831,108.7831,108.7831,105.8331,2,False,0.0
2025-10-29,E011_VRP_STRADDLE,MAKER,CE,entry,SELL,True,False,79.2793,79.2793,79.2793,76.3293,2,False,0.0
2025-11-04,E011_VRP_STRADDLE,MAKER,CE,entry,SELL,True,False,237.3198,237.3198,237.3198,234.3698,1,False,0.0
2025-11-04,E011_VRP_STRADDLE,MAKER,PE,entry,SELL,True,False,232.7198,232.7198,229.7698,229.7698,1,True,221.25
2025-11-04,E011_VRP_STRADDLE,MAKER,CE,exit,BUY,True,False,19.985,19.985,22.935,22.935,69,True,221.25
2025-11-04,E011_VRP_STRADDLE,MAKER,PE,exit,BUY,True,False,162.685,162.685,165.635,165.635,69,True,221.25
2025-11-06,E011_VRP_STRADDLE,MAKER,CE,entry,SELL,True,False,58.1191,58.1191,58.1191,55.1691,1,False,0.0
2025-11-06,E011_VRP_STRADDLE,MAKER,PE,entry,SELL,True,False,44.0191,44.0191,44.0191,41.0691,2,False,0.0
2025-11-06,E011_VRP_STRADDLE,MAKER,PE,exit,BUY,False,True,150.9,150.9,150.9,150.9,71,False,0.0
2025-11-06,E011_VRP_STRADDLE,MAKER,CE,exit,BUY,True,False,9.1998,9.1998,12.1498,12.1498,69,True,221.25
2025-11-19,E011_VRP_STRADDLE,MAKER,CE,entry,SELL,True,False,193.4004,193.4004,193.4004,190.4504,2,False,0.0
2025-11-26,E011_VRP_STRADDLE,MAKER,CE,entry,SELL,True,False,192.9468,192.9468,192.9468,189.9968,5,False,0.0
2025-12-02,E011_VRP_STRADDLE,MAKER,CE,entry,SELL,True,False,226.1971,226.1971,226.1971,223.2471,1,False,0.0
2025-12-02,E011_VRP_STRADDLE,MAKER,PE,entry,SELL,True,False,234.6471,234.6471,231.6971,231.6971,2,True,221.25
2025-12-02,E011_VRP_STRADDLE,MAKER,CE,exit,BUY,True,False,19.3627,19.3627,22.3127,22.3127,69,True,221.25
2025-12-02,E011_VRP_STRADDLE,MAKER,PE,exit,BUY,True,False,160.2627,160.2627,163.2127,163.2127,69,True,221.25
2025-12-03,E011_VRP_STRADDLE,MAKER,PE,entry,SELL,True,False,196.6059,196.6059,196.6059,193.6559,2,False,0.0
2025-12-17,E011_VRP_STRADDLE,MAKER,CE,entry,SELL,True,False,200.328,200.328,200.328,197.378,4,False,0.0
2026-01-21,E011_VRP_STRADDLE,MAKER,PE,entry,SELL,True,False,172.7697,172.7697,172.7697,169.8197,1,False,0.0
2026-03-04,E011_VRP_STRADDLE,MAKER,PE,entry,SELL,True,False,195.342,195.342,195.342,192.392,2,False,0.0
2026-03-10,E011_VRP_STRADDLE,MAKER,CE,entry,SELL,True,False,229.2105,229.2105,226.2605,226.2605,1,True,191.75
2026-03-10,E011_VRP_STRADDLE,MAKER,PE,entry,SELL,True,False,228.5105,228.5105,228.5105,225.5605,1,False,0.0
2026-03-10,E011_VRP_STRADDLE,MAKER,CE,exit,BUY,True,False,137.6418,137.6418,137.6418,140.5918,69,False,0.0
2026-03-10,E011_VRP_STRADDLE,MAKER,PE,exit,BUY,True,False,26.1918,26.1918,29.1418,29.1418,69,True,191.75
2026-03-11,E011_VRP_STRADDLE,MAKER,PE,entry,SELL,True,False,81.0299,81.0299,81.0299,78.0799,1,False,0.0
2026-03-18,E011_VRP_STRADDLE,MAKER,PE,entry,SELL,True,False,67.6412,67.6412,67.6412,64.6912,1,False,0.0
2026-03-24,E011_VRP_STRADDLE,MAKER,CE,entry,SELL,True,False,221.4458,221.4458,218.4958,218.4958,1,True,191.75
2026-03-24,E011_VRP_STRADDLE,MAKER,PE,entry,SELL,True,False,231.6458,231.6458,231.6458,228.6958,1,False,0.0
2026-03-24,E011_VRP_STRADDLE,MAKER,CE,exit,BUY,True,False,140.7337,140.7337,140.7337,143.6837,69,False,0.0
2026-03-24,E011_VRP_STRADDLE,MAKER,PE,exit,BUY,True,False,24.3837,24.3837,27.3337,27.3337,69,True,191.75
2026-03-25,E011_VRP_STRADDLE,MAKER,CE,entry,SELL,True,False,79.9722,79.9722,79.9722,77.0222,1,False,0.0
2026-04-01,E011_VRP_STRADDLE,MAKER,CE,entry,SELL,True,False,112.0579,112.0579,112.0579,109.1079,2,False,0.0
2026-04-01,E011_VRP_STRADDLE,MAKER,PE,entry,SELL,True,False,123.4579,123.4579,120.5079,120.5079,3,True,191.75
2026-04-01,E011_VRP_STRADDLE,MAKER,CE,exit,BUY,False,True,1.55,1.55,1.55,1.55,71,False,0.0
2026-04-01,E011_VRP_STRADDLE,MAKER,PE,exit,BUY,True,False,270.6572,270.6572,273.6072,273.6072,69,True,191.75
2026-04-07,E011_VRP_STRADDLE,MAKER,CE,entry,SELL,True,False,208.7569,208.7569,205.8069,205.8069,1,True,191.75
2026-04-07,E011_VRP_STRADDLE,MAKER,PE,entry,SELL,True,False,185.0069,185.0069,185.0069,182.0569,1,False,0.0
2026-04-07,E011_VRP_STRADDLE,MAKER,CE,exit,BUY,True,False,345.7964,345.7964,345.7964,348.7464,69,False,0.0
2026-04-07,E011_VRP_STRADDLE,MAKER,PE,exit,BUY,True,False,0.1,0.1,2.0464,2.0464,70,True,126.5174
2026-04-08,E011_VRP_STRADDLE,MAKER,CE,entry,SELL,True,False,170.741,170.741,170.741,167.791,6,False,0.0
2026-05-06,E011_VRP_STRADDLE,MAKER,PE,entry,SELL,True,False,175.2098,175.2098,175.2098,172.2598,5,False,0.0
2026-05-13,E011_VRP_STRADDLE,MAKER,CE,entry,SELL,True,False,85.8511,85.8511,85.8511,82.9011,1,False,0.0
2026-05-13,E011_VRP_STRADDLE,MAKER,PE,entry,SELL,True,False,80.4011,80.4011,77.4511,77.4511,2,True,191.75
2026-05-13,E011_VRP_STRADDLE,MAKER,PE,exit,BUY,False,True,1.55,1.55,1.55,1.55,71,False,0.0
2026-05-13,E011_VRP_STRADDLE,MAKER,CE,exit,BUY,True,False,115.0442,115.0442,115.0442,117.9942,69,False,0.0
2026-05-27,E011_VRP_STRADDLE,MAKER,CE,entry,SELL,True,False,34.1943,34.1943,34.1943,31.2443,1,False,0.0
2026-05-27,E011_VRP_STRADDLE,MAKER,PE,entry,SELL,True,False,58.1943,58.1943,55.2443,55.2443,2,True,191.75
2026-05-27,E011_VRP_STRADDLE,MAKER,CE,exit,BUY,True,False,15.0712,15.0712,15.0712,18.0212,69,False,0.0
2026-05-27,E011_VRP_STRADDLE,MAKER,PE,exit,BUY,True,False,68.5212,68.5212,71.4712,71.4712,70,True,191.75
2026-06-03,E011_VRP_STRADDLE,MAKER,PE,entry,SELL,True,False,64.9419,64.9419,64.9419,61.9919,2,False,0.0
2026-06-10,E011_VRP_STRADDLE,MAKER,CE,entry,SELL,True,False,140.097,140.097,140.097,137.147,6,False,0.0
2026-07-08,E011_VRP_STRADDLE,MAKER,PE,entry,SELL,True,False,74.1011,74.1011,74.1011,71.1511,1,False,0.0
2026-07-15,E011_VRP_STRADDLE,MAKER,CE,entry,SELL,True,False,28.532,28.532,28.532,25.582,1,False,0.0
2026-07-22,E011_VRP_STRADDLE,MAKER,PE,entry,SELL,True,False,57.7256,57.7256,57.7256,54.7756,2,False,0.0
2026-08-03,E011_VRP_STRADDLE,MAKER,CE,entry,SELL,True,False,155.5529,155.5529,152.6029,152.6029,1,True,191.75
2026-08-03,E011_VRP_STRADDLE,MAKER,PE,entry,SELL,True,False,175.4029,175.4029,175.4029,172.4529,1,False,0.0
2026-08-03,E011_VRP_STRADDLE,MAKER,PE,exit,BUY,False,True,132.9897,132.9897,132.9897,132.9897,71,False,0.0
2026-08-03,E011_VRP_STRADDLE,MAKER,CE,exit,BUY,True,False,166.4331,166.4331,169.3831,169.3831,69,True,191.75
2026-08-07,E011_VRP_STRADDLE,MAKER,CE,entry,SELL,True,False,177.0421,177.0421,177.0421,174.0921,1,False,0.0
2026-08-07,E011_VRP_STRADDLE,MAKER,PE,entry,SELL,True,False,183.7921,183.7921,180.8421,180.8421,1,True,191.75
2026-08-07,E011_VRP_STRADDLE,MAKER,CE,exit,BUY,False,True,140.5237,140.5237,140.5237,140.5237,71,False,0.0
2026-08-07,E011_VRP_STRADDLE,MAKER,PE,exit,BUY,True,False,190.8624,190.8624,193.8124,193.8124,69,True,191.75
2026-08-11,E011_VRP_STRADDLE,MAKER,PE,entry,SELL,True,False,109.5331,109.5331,109.5331,106.5831,1,False,0.0
2026-08-12,E011_VRP_STRADDLE,MAKER,CE,entry,SELL,True,False,170.8905,170.8905,170.8905,167.9405,2,False,0.0
2026-08-19,E011_VRP_STRADDLE,MAKER,PE,entry,SELL,True,False,24.8909,24.8909,24.8909,21.9409,1,False,0.0
2026-08-26,E011_VRP_STRADDLE,MAKER,CE,entry,SELL,True,False,80.1317,80.1317,80.1317,77.1817,1,False,0.0
2026-09-01,E011_VRP_STRADDLE,MAKER,CE,entry,SELL,True,False,121.9185,121.9185,118.9685,118.9685,1,True,191.75
2026-09-01,E011_VRP_STRADDLE,MAKER,PE,entry,SELL,True,False,129.3685,129.3685,129.3685,126.4185,1,False,0.0
2026-09-01,E011_VRP_STRADDLE,MAKER,CE,exit,BUY,True,False,11.399,11.399,14.349,14.349,69,True,191.75
2026-09-01,E011_VRP_STRADDLE,MAKER,PE,exit,BUY,True,False,80.899,80.899,80.899,83.849,69,False,0.0
2026-09-02,E011_VRP_STRADDLE,MAKER,CE,entry,SELL,True,False,41.7051,41.7051,38.7551,38.7551,2,True,191.75
2026-09-02,E011_VRP_STRADDLE,MAKER,PE,entry,SELL,True,False,17.3551,17.3551,17.3551,14.4051,1,False,0.0
2026-09-02,E011_VRP_STRADDLE,MAKER,PE,exit,BUY,False,True,1.55,1.55,1.55,1.55,71,False,0.0
2026-09-02,E011_VRP_STRADDLE,MAKER,CE,exit,BUY,True,False,74.2839,74.2839,74.2839,77.2339,69,False,0.0
2026-09-09,E011_VRP_STRADDLE,MAKER,CE,entry,SELL,True,False,63.4433,63.4433,63.4433,60.4933,2,False,0.0
2026-09-16,E011_VRP_STRADDLE,MAKER,PE,entry,SELL,True,False,101.0784,101.0784,101.0784,98.1284,2,False,0.0
2026-09-23,E011_VRP_STRADDLE,MAKER,PE,entry,SELL,True,False,125.0349,125.0349,125.0349,122.0849,2,False,0.0
