date,strategy,arm,filled,legs_filled,entry_bar,gross_pnl,friction,net_pnl,adverse_events,adverse_penalty,win
2021-01-06,E013_PIN_FLY,TAKER,True,4,40.0,3437.0412975380023,648.3372476907847,2788.7040498472174,0,0.0,True
2021-01-21,E013_PIN_FLY,TAKER,True,4,40.0,-6389.727582347421,643.5526943343153,-7033.280276681737,0,0.0,False
2021-03-03,E013_PIN_FLY,TAKER,True,4,40.0,-1977.8592590439098,651.4833960520173,-2629.342655095927,0,0.0,False
2021-03-09,E013_PIN_FLY,TAKER,True,4,40.0,754.3430730663326,655.7085912037228,98.63448186260985,0,0.0,True
2021-03-17,E013_PIN_FLY,TAKER,True,4,40.0,-1723.3158179003472,652.8935621479882,-2376.2093800483353,0,0.0,False
2021-05-05,E013_PIN_FLY,TAKER,True,4,40.0,3116.6164422915526,653.0611944072919,2463.555247884261,0,0.0,True
2021-05-06,E013_PIN_FLY,TAKER,True,4,40.0,4150.942061252978,646.7614682423387,3504.1805930106398,0,0.0,True
2021-05-19,E013_PIN_FLY,TAKER,True,4,40.0,2570.330805101666,649.1331565443195,1921.1976485573466,0,0.0,True
2021-06-02,E013_PIN_FLY,TAKER,True,4,40.0,1702.5277506513844,648.0534496701232,1054.4743009812612,0,0.0,True
2021-06-03,E013_PIN_FLY,TAKER,True,4,40.0,1391.1633554709736,643.8260477644155,747.337307706558,0,0.0,True
2021-06-09,E013_PIN_FLY,TAKER,True,4,40.0,-4020.6805638908345,647.2792276354891,-4667.959791526324,0,0.0,False
2021-06-30,E013_PIN_FLY,TAKER,True,4,40.0,465.3190320002142,647.3092777896006,-181.99024578938645,0,0.0,False
2021-09-08,E013_PIN_FLY,TAKER,True,4,40.0,2149.4107215108434,494.67672381333796,1654.7339976975054,0,0.0,True
2021-09-22,E013_PIN_FLY,TAKER,True,4,40.0,3827.0867639897465,495.63712956684566,3331.449634422901,0,0.0,True
2021-09-29,E013_PIN_FLY,TAKER,True,4,40.0,2554.024996398044,496.10910303156624,2057.915893366478,0,0.0,True
2021-09-30,E013_PIN_FLY,TAKER,True,4,40.0,2594.126379023715,493.4512194462491,2100.675159577466,0,0.0,True
2021-10-14,E013_PIN_FLY,TAKER,True,4,40.0,1646.9361987560458,492.8494437567753,1154.0867549992704,0,0.0,True
2021-10-27,E013_PIN_FLY,TAKER,True,4,40.0,1610.5814184259896,496.34542544576635,1114.2359929802233,0,0.0,True
2021-11-10,E013_PIN_FLY,TAKER,True,4,40.0,2066.869339114659,496.0986690387512,1570.7706700759077,0,0.0,True
2021-11-24,E013_PIN_FLY,TAKER,True,4,40.0,-2175.45992809602,496.3361896057586,-2671.7961177017787,0,0.0,False
2021-12-01,E013_PIN_FLY,TAKER,True,4,40.0,4047.3202807303974,498.4123660110234,3548.907914719374,0,0.0,True
2021-12-08,E013_PIN_FLY,TAKER,True,4,40.0,3848.914452331087,497.2845657225591,3351.629886608528,0,0.0,True
2021-12-22,E013_PIN_FLY,TAKER,True,4,40.0,3105.7451408791585,497.87673937488825,2607.8684015042704,0,0.0,True
2021-12-29,E013_PIN_FLY,TAKER,True,4,40.0,3751.939346170898,495.79224451044666,3256.147101660451,0,0.0,True
2022-01-12,E013_PIN_FLY,TAKER,True,4,40.0,3965.6830953538583,496.75666121805926,3468.926434135799,0,0.0,True
2022-02-02,E013_PIN_FLY,TAKER,True,4,40.0,3841.688196723778,500.78504034181213,3340.9031563819663,0,0.0,True
2022-02-09,E013_PIN_FLY,TAKER,True,4,40.0,2263.976115866618,497.2494511221875,1766.7266647444303,0,0.0,True
2022-02-23,E013_PIN_FLY,TAKER,True,4,40.0,1107.4330389203046,500.9460533157946,606.48698560451,0,0.0,True
2022-03-02,E013_PIN_FLY,TAKER,True,4,40.0,1548.9679238113185,508.45163367004807,1040.5162901412705,0,0.0,True
2022-03-10,E013_PIN_FLY,TAKER,True,4,40.0,2817.7452640178776,497.2996413732658,2320.445622644612,0,0.0,True
2022-03-16,E013_PIN_FLY,TAKER,True,4,40.0,2347.6307301966153,504.58971763302833,1843.041012563587,0,0.0,True
2022-03-17,E013_PIN_FLY,TAKER,True,4,40.0,2941.826949044029,497.8122791195812,2444.014669924448,0,0.0,True
2022-04-27,E013_PIN_FLY,TAKER,True,4,40.0,4010.0426225066126,496.92251641382006,3513.1201060927924,0,0.0,True
2022-06-01,E013_PIN_FLY,TAKER,True,4,40.0,3971.807156238304,498.6055228402499,3473.201633398054,0,0.0,True
2022-06-15,E013_PIN_FLY,TAKER,True,4,40.0,2897.70218561776,499.59813964411205,2398.1040459736478,0,0.0,True
2022-07-07,E013_PIN_FLY,TAKER,True,4,40.0,2575.3604542762523,493.97946422766887,2081.3809900485835,0,0.0,True
2022-07-13,E013_PIN_FLY,TAKER,True,4,40.0,920.8581218013815,497.1163968889053,423.7417249124762,0,0.0,True
2022-07-20,E013_PIN_FLY,TAKER,True,4,40.0,905.0273599865284,495.80970017312626,409.2176598134021,0,0.0,True
2022-08-10,E013_PIN_FLY,TAKER,True,4,40.0,3692.6325488393304,498.5379154700986,3194.094633369232,0,0.0,True
2022-08-11,E013_PIN_FLY,TAKER,True,4,40.0,3087.619379826012,494.4638207658676,2593.1555590601442,0,0.0,True
2022-08-25,E013_PIN_FLY,TAKER,True,4,40.0,-3583.80428587176,493.0944571369975,-4076.8987430087573,0,0.0,False
2022-09-07,E013_PIN_FLY,TAKER,True,4,40.0,3626.0195934473,497.94359476381186,3128.0759986834883,0,0.0,True
2022-09-08,E013_PIN_FLY,TAKER,True,4,40.0,2071.6593644357026,494.4516051615503,1577.2077592741523,0,0.0,True
2022-10-06,E013_PIN_FLY,TAKER,True,4,40.0,3804.793735953671,496.1104858733877,3308.683250080283,0,0.0,True
2022-10-19,E013_PIN_FLY,TAKER,True,4,40.0,3163.6816468029338,496.6565089385545,2667.0251378643793,0,0.0,True
2022-11-02,E013_PIN_FLY,TAKER,True,4,40.0,3889.0186951598494,496.4419489604459,3392.5767461994033,0,0.0,True
2022-11-16,E013_PIN_FLY,TAKER,True,4,40.0,3696.016237525304,494.81505036715805,3201.201187158146,0,0.0,True
2022-11-17,E013_PIN_FLY,TAKER,True,4,40.0,-222.69985469701658,492.6771692873529,-715.3770239843695,0,0.0,False
2022-11-23,E013_PIN_FLY,TAKER,True,4,40.0,3215.206876825695,494.11929142453505,2721.08758540116,0,0.0,True
2022-11-30,E013_PIN_FLY,TAKER,True,4,40.0,-721.0845952852451,495.4700634448491,-1216.5546587300942,0,0.0,False
2022-12-01,E013_PIN_FLY,TAKER,True,4,40.0,1598.1542963575318,492.89935400804933,1105.2549423494825,0,0.0,True
2022-12-07,E013_PIN_FLY,TAKER,True,4,40.0,2763.6496378176635,495.9758773270223,2267.673760490641,0,0.0,True
2022-12-14,E013_PIN_FLY,TAKER,True,4,40.0,3786.3440916802065,495.7550736818486,3290.589017998358,0,0.0,True
2022-12-28,E013_PIN_FLY,TAKER,True,4,40.0,3450.9404742374804,495.1693325291232,2955.7711417083574,0,0.0,True
2022-12-29,E013_PIN_FLY,TAKER,True,4,40.0,-3877.454736244019,492.65463539136107,-4370.10937163538,0,0.0,False
2023-03-01,E013_PIN_FLY,TAKER,True,4,40.0,2598.864531464251,495.50087605828605,2103.363655405965,0,0.0,True
2023-03-22,E013_PIN_FLY,TAKER,True,4,40.0,3978.8972583438976,496.1774479645892,3482.7198103793085,0,0.0,True
2023-04-12,E013_PIN_FLY,TAKER,True,4,40.0,1218.0036489570884,493.8800534170523,724.1235955400361,0,0.0,True
2023-04-19,E013_PIN_FLY,TAKER,True,4,40.0,3011.876264746634,493.6271462346498,2518.2491185119843,0,0.0,True
2023-05-03,E013_PIN_FLY,TAKER,True,4,40.0,3575.476104648857,493.9612676601054,3081.5148369887515,0,0.0,True
2023-06-01,E013_PIN_FLY,TAKER,True,4,40.0,929.3833626569982,493.0794913445205,436.3038713124777,0,0.0,True
2023-06-07,E013_PIN_FLY,TAKER,True,4,40.0,277.85600355193105,493.48942097054896,-215.6334174186179,0,0.0,False
2023-06-14,E013_PIN_FLY,TAKER,True,4,40.0,3525.8913533767804,494.0246764999537,3031.8666768768267,0,0.0,True
2023-07-05,E013_PIN_FLY,TAKER,True,4,40.0,3589.2410974022728,494.3409326452742,3094.9001647569985,0,0.0,True
2023-08-16,E013_PIN_FLY,TAKER,True,4,40.0,1766.246099721192,495.10101524989585,1271.145084471296,0,0.0,True
2023-08-30,E013_PIN_FLY,TAKER,True,4,40.0,-1126.680873775023,493.5237478593437,-1620.2046216343667,0,0.0,False
2023-09-06,E013_PIN_FLY,TAKER,True,4,40.0,957.1216234293772,493.65939357696516,463.46222985241207,0,0.0,True
2023-10-11,E013_PIN_FLY,TAKER,True,4,40.0,3840.5163673301095,495.3253305975468,3345.1910367325627,0,0.0,True
2023-10-12,E013_PIN_FLY,TAKER,True,4,40.0,2544.9712833448707,492.5777178098377,2052.393565535033,0,0.0,True
2023-11-01,E013_PIN_FLY,TAKER,True,4,40.0,1951.2578978997763,495.31321256691007,1455.9446853328661,0,0.0,True
2023-11-08,E013_PIN_FLY,TAKER,True,4,40.0,3817.1187537420874,494.81854527966664,3322.300208462421,0,0.0,True
2023-11-09,E013_PIN_FLY,TAKER,True,4,40.0,668.2557873481269,492.54184557660693,175.71394177151996,0,0.0,True
2023-11-15,E013_PIN_FLY,TAKER,True,4,40.0,3275.5420912787445,494.671927479196,2780.8701637995487,0,0.0,True
2023-12-06,E013_PIN_FLY,TAKER,True,4,40.0,3217.4063112784143,496.68634229900016,2720.7199689794143,0,0.0,True
2023-12-07,E013_PIN_FLY,TAKER,True,4,40.0,2912.20595356377,493.6992368061878,2418.506716757582,0,0.0,True
2023-12-20,E013_PIN_FLY,TAKER,True,4,40.0,-2397.9042845795448,495.8531318749052,-2893.75741645445,0,0.0,False
2023-12-27,E013_PIN_FLY,TAKER,True,4,40.0,-468.1224711217883,496.68078854631676,-964.803259668105,0,0.0,False
2024-02-21,E013_PIN_FLY,TAKER,True,4,40.0,498.97976086754716,498.19618938659227,0.7835714809548904,0,0.0,True
2024-03-07,E013_PIN_FLY,TAKER,True,4,40.0,2958.518825011687,493.80155276001113,2464.717272251676,0,0.0,True
2024-04-09,E013_PIN_FLY,TAKER,True,4,40.0,2354.1916780300025,496.5835159364066,1857.6081620935959,0,0.0,True
2024-04-10,E013_PIN_FLY,TAKER,True,4,40.0,1491.6405789356893,493.61919072418203,998.0213882115072,0,0.0,True
2024-04-24,E013_PIN_FLY,TAKER,True,4,40.0,2823.6464732220875,496.5952790183208,2327.0511942037665,0,0.0,True
2024-05-22,E013_PIN_FLY,TAKER,True,4,40.0,1512.0808349332617,343.219385626216,1168.8614493070456,0,0.0,True
2024-05-29,E013_PIN_FLY,TAKER,True,4,40.0,1727.3393129144065,343.53533128975374,1383.8039816246528,0,0.0,True
2024-06-12,E013_PIN_FLY,TAKER,True,4,40.0,1010.279846102456,343.864972265734,666.4148738367219,0,0.0,True
2024-07-03,E013_PIN_FLY,TAKER,True,4,40.0,2086.770402669775,343.3251073579215,1743.4452953118537,0,0.0,True
2024-07-04,E013_PIN_FLY,TAKER,True,4,40.0,1008.2090531164083,341.5969626002351,666.6120905161732,0,0.0,True
2024-07-31,E013_PIN_FLY,TAKER,True,4,40.0,1614.3079780724365,343.72355582733036,1270.5844222451062,0,0.0,True
2024-08-01,E013_PIN_FLY,TAKER,True,4,40.0,1543.3552593557326,342.8254575119715,1200.529801843761,0,0.0,True
2024-08-07,E013_PIN_FLY,TAKER,True,4,40.0,1462.947853900803,345.5383688998851,1117.4094850009178,0,0.0,True
2024-08-13,E013_PIN_FLY,TAKER,True,4,40.0,4.715847131887131,344.4402731396494,-339.72442600776225,0,0.0,False
2024-08-14,E013_PIN_FLY,TAKER,True,4,40.0,1565.0607298836198,342.62088928115946,1222.4398406024604,0,0.0,True
2024-08-21,E013_PIN_FLY,TAKER,True,4,40.0,2023.7820208796904,344.7895539630729,1678.9924669166176,0,0.0,True
2024-08-22,E013_PIN_FLY,TAKER,True,4,40.0,1347.011389578034,343.85793317069397,1003.15345640734,0,0.0,True
2024-09-04,E013_PIN_FLY,TAKER,True,4,40.0,1099.5051730831426,342.53540290447484,756.9697701786678,0,0.0,True
2024-09-05,E013_PIN_FLY,TAKER,True,4,40.0,1473.2888076758227,344.60590982919456,1128.682897846628,0,0.0,True
2024-09-18,E013_PIN_FLY,TAKER,True,4,40.0,-39.36614826453069,343.4142813726091,-382.7804296371398,0,0.0,False
2024-09-25,E013_PIN_FLY,TAKER,True,4,40.0,-152.03727142454886,342.95803804785976,-494.9953094724086,0,0.0,False
2024-09-26,E013_PIN_FLY,TAKER,True,4,40.0,326.549336937823,343.5184229745036,-16.969086036680608,0,0.0,False
2024-10-03,E013_PIN_FLY,TAKER,True,4,40.0,317.0855634027789,348.0746712475564,-30.989107844777493,0,0.0,False
2024-10-09,E013_PIN_FLY,TAKER,True,4,40.0,-317.9571289686314,346.17308914609106,-664.1302181147225,0,0.0,False
2024-10-10,E013_PIN_FLY,TAKER,True,4,40.0,1106.974707548818,346.63069914561964,760.3440084031984,0,0.0,True
2024-10-16,E013_PIN_FLY,TAKER,True,4,40.0,1900.918556536713,346.90396159292794,1554.014594943785,0,0.0,True
2024-10-30,E013_PIN_FLY,TAKER,True,4,40.0,339.02925750292707,345.185552279276,-6.156294776348943,0,0.0,False
2024-11-14,E013_PIN_FLY,TAKER,True,4,40.0,1239.35926704616,345.6529978480013,893.7062691981588,0,0.0,True
2024-12-11,E013_PIN_FLY,TAKER,True,4,40.0,5517.8581133086755,667.0046422727869,4850.853471035889,0,0.0,True
2024-12-18,E013_PIN_FLY,TAKER,True,4,40.0,5533.766276696311,666.3411879527143,4867.425088743597,0,0.0,True
2024-12-19,E013_PIN_FLY,TAKER,True,4,40.0,3884.426332076311,661.2369644119466,3223.1893676643645,0,0.0,True
2025-01-01,E013_PIN_FLY,TAKER,True,4,40.0,5530.687838852213,666.4538094642112,4864.2340293880015,0,0.0,True
2025-01-08,E013_PIN_FLY,TAKER,True,4,40.0,-824.0646933757707,665.7767322003365,-1489.8414255761072,0,0.0,False
2025-01-09,E013_PIN_FLY,TAKER,True,4,40.0,4373.424824098082,651.7485598592382,3721.676264238844,0,0.0,True
2025-01-15,E013_PIN_FLY,TAKER,True,4,40.0,5341.884862497708,652.9186593792019,4688.966203118506,0,0.0,True
2025-01-16,E013_PIN_FLY,TAKER,True,4,40.0,4755.659274721934,649.6100349355231,4106.049239786411,0,0.0,True
2025-01-22,E013_PIN_FLY,TAKER,True,4,40.0,958.1824806873847,656.971949142488,301.21053154489664,0,0.0,True
2025-01-23,E013_PIN_FLY,TAKER,True,4,40.0,3664.2862784126323,656.9906954820186,3007.295582930614,0,0.0,True
2025-01-29,E013_PIN_FLY,TAKER,True,4,40.0,5933.4210673491725,661.5081455262094,5271.912921822963,0,0.0,True
2025-01-30,E013_PIN_FLY,TAKER,True,4,40.0,3566.5626110378143,658.3203708336569,2908.2422402041575,0,0.0,True
2025-02-05,E013_PIN_FLY,TAKER,True,4,40.0,4663.1818498697785,662.2428465786236,4000.939003291155,0,0.0,True
2025-02-20,E013_PIN_FLY,TAKER,True,4,40.0,4644.070034824917,650.0850858815921,3993.9849489433245,0,0.0,True
2025-03-19,E013_PIN_FLY,TAKER,True,4,40.0,6072.306964491812,658.9153934908004,5413.3915710010115,0,0.0,True
2025-03-20,E013_PIN_FLY,TAKER,True,4,40.0,2484.7726596939383,655.9731858587601,1828.799473835178,0,0.0,True
2025-04-02,E013_PIN_FLY,TAKER,True,4,40.0,5399.667961029301,657.1472619381714,4742.52069909113,0,0.0,True
2025-04-09,E013_PIN_FLY,TAKER,True,4,40.0,3732.5082617845364,656.2172411585273,3076.2910206260094,0,0.0,True
2025-04-16,E013_PIN_FLY,TAKER,True,4,40.0,3043.3364531085076,653.9783064332473,2389.3581466752603,0,0.0,True
2025-04-24,E013_PIN_FLY,TAKER,True,4,40.0,4679.282191440492,653.2799505167671,4026.002240923725,0,0.0,True
2025-04-29,E013_PIN_FLY,TAKER,True,4,40.0,5923.460641625739,656.2000191875527,5267.260622438187,0,0.0,True
2025-04-30,E013_PIN_FLY,TAKER,True,4,40.0,4369.062493889556,656.624058961561,3712.4384349279953,0,0.0,True
2025-05-08,E013_PIN_FLY,TAKER,True,4,40.0,-313.4192189008071,646.3514550355994,-959.7706739364065,0,0.0,False
2025-05-14,E013_PIN_FLY,TAKER,True,4,40.0,5486.4777814462195,665.6898733077539,4820.787908138465,0,0.0,True
2025-05-22,E013_PIN_FLY,TAKER,True,4,40.0,3476.1408421371507,655.7525650437756,2820.388277093375,0,0.0,True
2025-05-28,E013_PIN_FLY,TAKER,True,4,40.0,4765.7849092248725,662.679120669573,4103.1057885553,0,0.0,True
2025-05-29,E013_PIN_FLY,TAKER,True,4,40.0,1739.8603768979092,655.4827369662501,1084.3776399316591,0,0.0,True
2025-06-04,E013_PIN_FLY,TAKER,True,4,40.0,6020.110167864911,658.2313967174235,5361.878771147488,0,0.0,True
2025-06-11,E013_PIN_FLY,TAKER,True,4,40.0,4475.632695856971,655.6797101848936,3819.9529856720774,0,0.0,True
2025-06-19,E013_PIN_FLY,TAKER,True,4,40.0,4771.616671495398,649.948669242122,4121.6680022532755,0,0.0,True
2025-06-25,E013_PIN_FLY,TAKER,True,4,40.0,4894.974995072322,657.6092249180181,4237.365770154303,0,0.0,True
2025-07-09,E013_PIN_FLY,TAKER,True,4,40.0,3369.6428453542485,654.9276500291332,2714.715195325115,0,0.0,True
2025-07-23,E013_PIN_FLY,TAKER,True,4,40.0,1956.0753067928495,650.274153073462,1305.8011537193875,0,0.0,True
2025-08-07,E013_PIN_FLY,TAKER,True,4,40.0,208.39405231924957,656.0335025142932,-447.63945019504365,0,0.0,False
2025-08-13,E013_PIN_FLY,TAKER,True,4,40.0,6141.49110416379,653.9098900370996,5487.581214126691,0,0.0,True
2025-08-14,E013_PIN_FLY,TAKER,True,4,40.0,4374.50074224819,655.2095157996075,3719.291226448583,0,0.0,True
2025-08-20,E013_PIN_FLY,TAKER,True,4,40.0,6233.781023803273,651.6631894012165,5582.117834402056,0,0.0,True
2025-08-21,E013_PIN_FLY,TAKER,True,4,40.0,4435.689496829415,654.7152471454406,3780.974249683974,0,0.0,True
2025-09-08,E013_PIN_FLY,TAKER,True,4,40.0,3507.313925313003,662.8799243693018,2844.434000943701,0,0.0,True
2025-09-09,E013_PIN_FLY,TAKER,True,4,40.0,4030.321365162353,646.2101609924209,3384.1112041699316,0,0.0,True
2025-09-15,E013_PIN_FLY,TAKER,True,4,40.0,6391.459090206493,661.2272626220202,5730.231827584473,0,0.0,True
2025-09-16,E013_PIN_FLY,TAKER,True,4,40.0,3967.2950937889836,654.7936297741226,3312.501464014861,0,0.0,True
2025-09-22,E013_PIN_FLY,TAKER,True,4,40.0,1612.7528874615564,659.4408206818596,953.3120667796968,0,0.0,True
2025-10-13,E013_PIN_FLY,TAKER,True,4,40.0,6711.920872063273,654.5809969833713,6057.339875079902,0,0.0,True
2025-11-03,E013_PIN_FLY,TAKER,True,4,40.0,3736.668189175648,654.1062956696596,3082.5618935059883,0,0.0,True
2025-11-04,E013_PIN_FLY,TAKER,True,4,40.0,3271.7028637221065,663.5218796131124,2608.180984108994,0,0.0,True
2025-11-10,E013_PIN_FLY,TAKER,True,4,40.0,3090.8262772918924,660.3898595268249,2430.4364177650677,0,0.0,True
2025-11-17,E013_PIN_FLY,TAKER,True,4,40.0,6867.3913308350475,666.9227241417321,6200.468606693315,0,0.0,True
2025-11-18,E013_PIN_FLY,TAKER,True,4,40.0,3545.7400594644996,651.9208320364609,2893.8192274280386,0,0.0,True
2025-11-24,E013_PIN_FLY,TAKER,True,4,40.0,-1250.6759574372418,655.9549426595634,-1906.6309000968051,0,0.0,False
2025-12-02,E013_PIN_FLY,TAKER,True,4,40.0,3676.620254690606,663.0475505442973,3013.5727041463088,0,0.0,True
2025-12-08,E013_PIN_FLY,TAKER,True,4,40.0,6366.784707506273,669.4524842719215,5697.332223234351,0,0.0,True
2025-12-15,E013_PIN_FLY,TAKER,True,4,40.0,6747.8364626029015,666.2847719678778,6081.551690635024,0,0.0,True
2025-12-16,E013_PIN_FLY,TAKER,True,4,40.0,3700.1294079110776,658.415270358135,3041.7141375529427,0,0.0,True
2025-12-22,E013_PIN_FLY,TAKER,True,4,40.0,6646.855049297581,665.2055413881242,5981.649507909457,0,0.0,True
2025-12-23,E013_PIN_FLY,TAKER,True,4,40.0,3987.5780609090007,657.1712509807269,3330.406809928274,0,0.0,True
2025-12-29,E013_PIN_FLY,TAKER,True,4,40.0,7189.115860835911,659.643469165719,6529.472391670192,0,0.0,True
2025-12-30,E013_PIN_FLY,TAKER,True,4,40.0,3414.922950117745,592.3940298367756,2822.5289202809695,0,0.0,True
2026-01-05,E013_PIN_FLY,TAKER,True,4,40.0,2255.5143848927146,604.407364076687,1651.1070208160277,0,0.0,True
2026-01-12,E013_PIN_FLY,TAKER,True,4,40.0,3373.9380535601176,603.0773806398153,2770.8606729203025,0,0.0,True
2026-01-13,E013_PIN_FLY,TAKER,True,4,40.0,3232.6272076678606,596.9516180963249,2635.675589571536,0,0.0,True
2026-01-19,E013_PIN_FLY,TAKER,True,4,40.0,4999.952414392734,594.258421955388,4405.6939924373455,0,0.0,True
2026-01-20,E013_PIN_FLY,TAKER,True,4,40.0,-1643.8390502748161,593.6364775786341,-2237.4755278534503,0,0.0,False
2026-02-10,E013_PIN_FLY,TAKER,True,4,40.0,4047.4894969948764,589.0925713085556,3458.3969256863206,0,0.0,True
2026-02-23,E013_PIN_FLY,TAKER,True,4,40.0,3857.941484634738,595.1758521939062,3262.7656324408317,0,0.0,True
2026-03-09,E013_PIN_FLY,TAKER,True,4,40.0,-747.8981108366061,605.9242168053543,-1353.8223276419603,0,0.0,False
2026-03-10,E013_PIN_FLY,TAKER,True,4,40.0,1794.5912782933156,599.7151436149964,1194.8761346783192,0,0.0,True
2026-03-30,E013_PIN_FLY,TAKER,True,4,40.0,24.549137324293042,605.3421161635821,-580.792978839289,0,0.0,False
2026-04-06,E013_PIN_FLY,TAKER,True,4,40.0,-898.7268238749093,612.2891791613858,-1511.0160030362952,0,0.0,False
2026-04-20,E013_PIN_FLY,TAKER,True,4,40.0,3896.6066846248505,602.1775042460756,3294.4291803787746,0,0.0,True
2026-04-27,E013_PIN_FLY,TAKER,True,4,40.0,6120.854310915035,600.9589925399523,5519.895318375083,0,0.0,True
2026-05-04,E013_PIN_FLY,TAKER,True,4,40.0,6022.762408192714,602.3175303757537,5420.444877816961,0,0.0,True
2026-05-11,E013_PIN_FLY,TAKER,True,4,40.0,2383.6970668021677,601.116252446438,1782.5808143557297,0,0.0,True
2026-05-19,E013_PIN_FLY,TAKER,True,4,40.0,-389.57889911612006,589.4314457599971,-979.0103448761172,0,0.0,False
2026-05-25,E013_PIN_FLY,TAKER,True,4,40.0,2506.2547807774963,596.1227521500311,1910.1320286274652,0,0.0,True
2026-06-08,E013_PIN_FLY,TAKER,True,4,40.0,3681.8744214729445,595.5743842679329,3086.3000372050114,0,0.0,True
2026-06-15,E013_PIN_FLY,TAKER,True,4,40.0,4398.267462623773,598.2174620882163,3800.050000535557,0,0.0,True
2026-06-16,E013_PIN_FLY,TAKER,True,4,40.0,1112.921531378206,588.2444617098106,524.6770696683955,0,0.0,True
2026-06-22,E013_PIN_FLY,TAKER,True,4,40.0,6175.362975404786,592.5454484915957,5582.817526913191,0,0.0,True
2026-07-06,E013_PIN_FLY,TAKER,True,4,40.0,6104.579684854563,598.9063262463432,5505.67335860822,0,0.0,True
2026-07-20,E013_PIN_FLY,TAKER,True,4,40.0,5301.904492157973,597.321039295996,4704.583452861977,0,0.0,True
2026-07-27,E013_PIN_FLY,TAKER,True,4,40.0,5097.406152450103,592.9758487698502,4504.430303680253,0,0.0,True
2026-07-28,E013_PIN_FLY,TAKER,True,4,40.0,3144.899478287195,585.2470984555446,2559.6523798316503,0,0.0,True
2026-08-03,E013_PIN_FLY,TAKER,True,4,40.0,5771.390948428054,598.7719562747388,5172.618992153315,0,0.0,True
2026-08-10,E013_PIN_FLY,TAKER,True,4,40.0,4856.085825123393,592.1753995171574,4263.910425606236,0,0.0,True
2026-09-01,E013_PIN_FLY,TAKER,True,4,40.0,286.8231013572904,590.2523558748776,-303.4292545175872,0,0.0,False
2026-09-07,E013_PIN_FLY,TAKER,True,4,40.0,6190.095535820468,597.0387041101764,5593.056831710292,0,0.0,True
2026-09-21,E013_PIN_FLY,TAKER,True,4,40.0,5630.768448764806,595.0999928928601,5035.668455871945,0,0.0,True
2021-01-06,E013_PIN_FLY,MAKER,True,4,43.0,2524.715508332966,198.11224769078478,2326.603260642181,3,663.75,True
2021-01-21,E013_PIN_FLY,MAKER,False,2,,0.0,0.0,0.0,0,0.0,False
2021-03-03,E013_PIN_FLY,MAKER,False,2,,0.0,0.0,0.0,0,0.0,False
2021-03-09,E013_PIN_FLY,MAKER,True,4,40.0,3375.165212653481,205.70484120372276,3169.460371449758,3,663.75,True
2021-03-17,E013_PIN_FLY,MAKER,False,3,,0.0,0.0,0.0,0,0.0,False
2021-05-05,E013_PIN_FLY,MAKER,True,4,43.0,2824.801214417392,203.27869440729182,2621.5225200101004,4,885.0,True
2021-05-06,E013_PIN_FLY,MAKER,True,4,43.0,3153.823000788822,196.75771824233874,2957.065282546483,4,885.0,True
2021-05-19,E013_PIN_FLY,MAKER,True,4,43.0,2732.8388449418394,199.12940654431952,2533.70943839752,5,1106.25,True
2021-06-02,E013_PIN_FLY,MAKER,True,4,42.0,2317.1821471657745,198.27094967012317,2118.9111974956513,3,663.75,True
2021-06-03,E013_PIN_FLY,MAKER,False,1,,0.0,0.0,0.0,0,0.0,False
2021-06-09,E013_PIN_FLY,MAKER,True,4,43.0,-6544.4611101306455,197.4967276354891,-6741.957837766135,3,663.75,False
2021-06-30,E013_PIN_FLY,MAKER,True,4,44.0,2405.4004933032948,197.52677778960071,2207.873715513694,2,442.5,True
2021-09-08,E013_PIN_FLY,MAKER,False,3,,0.0,0.0,0.0,0,0.0,False
2021-09-22,E013_PIN_FLY,MAKER,False,3,,0.0,0.0,0.0,0,0.0,False
2021-09-29,E013_PIN_FLY,MAKER,True,4,42.0,1011.2178287212805,196.10660303156624,815.1112256897143,3,442.5,True
2021-09-30,E013_PIN_FLY,MAKER,True,4,45.0,2045.7643946580333,193.3012194462491,1852.4631752117843,4,590.0,True
2021-10-14,E013_PIN_FLY,MAKER,False,3,,0.0,0.0,0.0,0,0.0,False
2021-10-27,E013_PIN_FLY,MAKER,True,4,43.0,2052.5831103978294,196.34292544576635,1856.240184952063,3,442.5,True
2021-11-10,E013_PIN_FLY,MAKER,False,3,,0.0,0.0,0.0,0,0.0,False
2021-11-24,E013_PIN_FLY,MAKER,True,4,43.0,-362.1880947740053,196.48118960575857,-558.6692843797639,4,547.1767,False
2021-12-01,E013_PIN_FLY,MAKER,True,4,42.0,2127.2153963540404,198.40986601102338,1928.805530343017,4,590.0,True
2021-12-08,E013_PIN_FLY,MAKER,False,3,,0.0,0.0,0.0,0,0.0,False
2021-12-22,E013_PIN_FLY,MAKER,False,3,,0.0,0.0,0.0,0,0.0,False
2021-12-29,E013_PIN_FLY,MAKER,True,4,42.0,1853.309576902393,195.78974451044667,1657.5198323919462,4,590.0,True
2022-01-12,E013_PIN_FLY,MAKER,True,4,42.0,2585.212021188895,196.90166121805925,2388.3103599708356,3,442.5,True
2022-02-02,E013_PIN_FLY,MAKER,False,3,,0.0,0.0,0.0,0,0.0,False
2022-02-09,E013_PIN_FLY,MAKER,True,4,41.0,1620.8652252556567,197.3944511221875,1423.4707741334691,3,442.5,True
2022-02-23,E013_PIN_FLY,MAKER,False,3,,0.0,0.0,0.0,0,0.0,False
2022-03-02,E013_PIN_FLY,MAKER,True,4,40.0,987.9697711483632,208.59663367004805,779.3731374783151,4,590.0,True
2022-03-10,E013_PIN_FLY,MAKER,True,4,44.0,1102.445204265477,197.2971413732658,905.1480628922113,3,442.5,True
2022-03-16,E013_PIN_FLY,MAKER,True,4,45.0,1446.8037854762933,204.7347176330283,1242.069067843265,4,590.0,True
2022-03-17,E013_PIN_FLY,MAKER,False,3,,0.0,0.0,0.0,0,0.0,False
2022-04-27,E013_PIN_FLY,MAKER,True,4,42.0,2224.5733316502537,196.92001641382006,2027.6533152364336,4,590.0,True
2022-06-01,E013_PIN_FLY,MAKER,False,3,,0.0,0.0,0.0,0,0.0,False
2022-06-15,E013_PIN_FLY,MAKER,True,4,41.0,2470.4155976737093,199.74313964411203,2270.6724580295972,2,295.0,True
2022-07-07,E013_PIN_FLY,MAKER,True,4,44.0,2146.0001462376867,194.12446422766885,1951.875682010018,2,295.0,True
2022-07-13,E013_PIN_FLY,MAKER,False,2,,0.0,0.0,0.0,0,0.0,False
2022-07-20,E013_PIN_FLY,MAKER,True,4,42.0,716.6985408250548,195.80720017312626,520.8913406519285,5,737.5,True
2022-08-10,E013_PIN_FLY,MAKER,True,4,40.0,2313.5324781783856,198.5354154700986,2114.997062708287,3,442.5,True
2022-08-11,E013_PIN_FLY,MAKER,True,4,45.0,2016.6940097889233,194.46132076586758,1822.2326890230556,5,737.5,True
2022-08-25,E013_PIN_FLY,MAKER,False,3,,0.0,0.0,0.0,0,0.0,False
2022-09-07,E013_PIN_FLY,MAKER,True,4,41.0,2038.5856924344125,197.9410947638118,1840.6445976706007,4,590.0,True
2022-09-08,E013_PIN_FLY,MAKER,True,4,42.0,1612.4877141465372,194.44910516155028,1418.038608984987,3,442.5,True
2022-10-06,E013_PIN_FLY,MAKER,True,4,40.0,2647.8340060988876,196.1079858733877,2451.7260202254997,3,442.5,True
2022-10-19,E013_PIN_FLY,MAKER,True,4,41.0,1533.1103240837956,196.6540089385545,1336.4563151452412,5,737.5,True
2022-11-02,E013_PIN_FLY,MAKER,True,4,42.0,2223.5451741103134,196.43944896044593,2027.1057251498673,4,590.0,True
2022-11-16,E013_PIN_FLY,MAKER,False,3,,0.0,0.0,0.0,0,0.0,False
2022-11-17,E013_PIN_FLY,MAKER,False,2,,0.0,0.0,0.0,0,0.0,False
2022-11-23,E013_PIN_FLY,MAKER,False,3,,0.0,0.0,0.0,0,0.0,False
2022-11-30,E013_PIN_FLY,MAKER,True,4,43.0,2597.924051474588,195.61506344484906,2402.308988029739,2,295.0,True
2022-12-01,E013_PIN_FLY,MAKER,False,2,,0.0,0.0,0.0,0,0.0,False
2022-12-07,E013_PIN_FLY,MAKER,True,4,43.0,2617.270403682355,196.1208773270223,2421.149526355333,3,442.5,True
2022-12-14,E013_PIN_FLY,MAKER,False,3,,0.0,0.0,0.0,0,0.0,False
2022-12-28,E013_PIN_FLY,MAKER,True,4,41.0,2614.9392358782106,195.3143325291232,2419.6249033490876,1,147.5,True
2022-12-29,E013_PIN_FLY,MAKER,False,2,,0.0,0.0,0.0,0,0.0,False
2023-03-01,E013_PIN_FLY,MAKER,True,4,43.0,1691.1019900111341,195.64587605828604,1495.4561139528482,4,590.0,True
2023-03-22,E013_PIN_FLY,MAKER,False,3,,0.0,0.0,0.0,0,0.0,False
2023-04-12,E013_PIN_FLY,MAKER,True,4,44.0,2392.0191546783785,194.02505341705228,2197.9941012613263,2,295.0,True
2023-04-19,E013_PIN_FLY,MAKER,False,2,,0.0,0.0,0.0,0,0.0,False
2023-05-03,E013_PIN_FLY,MAKER,True,4,45.0,2221.0613335849876,194.1062676601054,2026.955065924882,4,590.0,True
2023-06-01,E013_PIN_FLY,MAKER,False,3,,0.0,0.0,0.0,0,0.0,False
2023-06-07,E013_PIN_FLY,MAKER,False,2,,0.0,0.0,0.0,0,0.0,False
2023-06-14,E013_PIN_FLY,MAKER,False,3,,0.0,0.0,0.0,0,0.0,False
2023-07-05,E013_PIN_FLY,MAKER,True,4,42.0,2089.5863095962527,194.4859326452742,1895.1003769509784,2,295.0,True
2023-08-16,E013_PIN_FLY,MAKER,True,4,43.0,2410.6902321955067,195.09851524989585,2215.5917169456106,3,442.5,True
2023-08-30,E013_PIN_FLY,MAKER,False,2,,0.0,0.0,0.0,0,0.0,False
2023-09-06,E013_PIN_FLY,MAKER,False,2,,0.0,0.0,0.0,0,0.0,False
2023-10-11,E013_PIN_FLY,MAKER,False,3,,0.0,0.0,0.0,0,0.0,False
2023-10-12,E013_PIN_FLY,MAKER,False,3,,0.0,0.0,0.0,0,0.0,False
2023-11-01,E013_PIN_FLY,MAKER,True,4,43.0,1833.396621254783,195.31071256691007,1638.085908687873,5,737.5,True
2023-11-08,E013_PIN_FLY,MAKER,False,3,,0.0,0.0,0.0,0,0.0,False
2023-11-09,E013_PIN_FLY,MAKER,False,1,,0.0,0.0,0.0,0,0.0,False
2023-11-15,E013_PIN_FLY,MAKER,False,3,,0.0,0.0,0.0,0,0.0,False
2023-12-06,E013_PIN_FLY,MAKER,True,4,42.0,1804.4200618471314,196.68384229900016,1607.7362195481312,3,442.5,True
2023-12-07,E013_PIN_FLY,MAKER,False,2,,0.0,0.0,0.0,0,0.0,False
2023-12-20,E013_PIN_FLY,MAKER,True,4,41.0,-6785.1200878322015,195.85063187490522,-6980.970719707107,3,442.5,False
2023-12-27,E013_PIN_FLY,MAKER,False,3,,0.0,0.0,0.0,0,0.0,False
2024-02-21,E013_PIN_FLY,MAKER,True,4,42.0,-3443.2273978973444,198.1936893865922,-3641.4210872839367,4,590.0,False
2024-03-07,E013_PIN_FLY,MAKER,False,3,,0.0,0.0,0.0,0,0.0,False
2024-04-09,E013_PIN_FLY,MAKER,True,4,41.0,1809.0933630909149,196.58101593640663,1612.5123471545082,4,590.0,True
2024-04-10,E013_PIN_FLY,MAKER,True,4,45.0,1649.7748022500405,193.76419072418201,1456.0106115258584,2,295.0,True
2024-04-24,E013_PIN_FLY,MAKER,False,3,,0.0,0.0,0.0,0,0.0,False
2024-05-22,E013_PIN_FLY,MAKER,False,3,,0.0,0.0,0.0,0,0.0,False
2024-05-29,E013_PIN_FLY,MAKER,True,4,44.0,940.7374936530641,193.53408128975371,747.2034123633105,5,368.75,True
2024-06-12,E013_PIN_FLY,MAKER,True,4,40.0,1107.361764347886,193.863722265734,913.4980420821521,4,295.0,True
2024-07-03,E013_PIN_FLY,MAKER,False,3,,0.0,0.0,0.0,0,0.0,False
2024-07-04,E013_PIN_FLY,MAKER,True,4,44.0,683.8700689084933,191.59571260023506,492.27435630825823,4,295.0,True
2024-07-31,E013_PIN_FLY,MAKER,False,3,,0.0,0.0,0.0,0,0.0,False
2024-08-01,E013_PIN_FLY,MAKER,True,4,42.0,1104.84606374956,192.89795751197147,911.9481062375885,2,147.5,True
2024-08-07,E013_PIN_FLY,MAKER,True,4,40.0,734.6584613845198,195.53711889988506,539.1213424846347,3,221.25,True
2024-08-13,E013_PIN_FLY,MAKER,True,4,40.0,-223.88373535448636,194.43902313964935,-418.3227584941357,4,295.0,False
2024-08-14,E013_PIN_FLY,MAKER,True,4,41.0,994.9875980745901,192.69338928115945,802.2942087934307,4,295.0,True
2024-08-21,E013_PIN_FLY,MAKER,False,3,,0.0,0.0,0.0,0,0.0,False
2024-08-22,E013_PIN_FLY,MAKER,True,4,41.0,702.416975369606,193.93043317069396,508.48654219891205,3,221.25,True
2024-09-04,E013_PIN_FLY,MAKER,False,3,,0.0,0.0,0.0,0,0.0,False
2024-09-05,E013_PIN_FLY,MAKER,False,3,,0.0,0.0,0.0,0,0.0,False
2024-09-18,E013_PIN_FLY,MAKER,True,4,41.0,-483.73853821902173,193.4130313726091,-677.1515695916308,2,147.5,False
2024-09-25,E013_PIN_FLY,MAKER,False,3,,0.0,0.0,0.0,0,0.0,False
2024-09-26,E013_PIN_FLY,MAKER,False,3,,0.0,0.0,0.0,0,0.0,False
2024-10-03,E013_PIN_FLY,MAKER,False,3,,0.0,0.0,0.0,0,0.0,False
2024-10-09,E013_PIN_FLY,MAKER,True,4,41.0,355.5281416085377,196.1718391460911,159.3563024624466,5,368.75,True
2024-10-10,E013_PIN_FLY,MAKER,False,3,,0.0,0.0,0.0,0,0.0,False
2024-10-16,E013_PIN_FLY,MAKER,False,3,,0.0,0.0,0.0,0,0.0,False
2024-10-30,E013_PIN_FLY,MAKER,False,3,,0.0,0.0,0.0,0,0.0,False
2024-11-14,E013_PIN_FLY,MAKER,True,4,41.0,384.8766248598031,195.72549784800128,189.1511270118018,3,221.25,True
2024-12-11,E013_PIN_FLY,MAKER,True,4,40.0,-140.84685600560078,217.00089227278687,-357.84774827838766,4,885.0,False
2024-12-18,E013_PIN_FLY,MAKER,False,3,,0.0,0.0,0.0,0,0.0,False
2024-12-19,E013_PIN_FLY,MAKER,True,4,41.0,445.5993601960554,211.23321441194662,234.36614578410877,4,885.0,True
2025-01-01,E013_PIN_FLY,MAKER,True,4,40.0,43.2480879104769,216.45005946421128,-173.20197155373438,4,885.0,False
2025-01-08,E013_PIN_FLY,MAKER,True,4,40.0,-368.0539476471222,215.77298220033657,-583.8269298474588,3,663.75,False
2025-01-09,E013_PIN_FLY,MAKER,False,3,,0.0,0.0,0.0,0,0.0,False
2025-01-15,E013_PIN_FLY,MAKER,True,4,41.0,2586.2414906863123,202.91490937920202,2383.3265813071102,5,1106.25,True
2025-01-16,E013_PIN_FLY,MAKER,True,4,42.0,2920.7802709712814,199.60628493552315,2721.1739860357584,5,1106.25,True
2025-01-22,E013_PIN_FLY,MAKER,True,4,40.0,-205.06267953826227,206.968199142488,-412.0308786807503,4,885.0,False
2025-01-23,E013_PIN_FLY,MAKER,True,4,44.0,1414.0713843411077,207.2081954820187,1206.863188859089,4,885.0,True
2025-01-29,E013_PIN_FLY,MAKER,True,4,41.0,1428.6153108193048,211.50439552620952,1217.1109152930953,4,885.0,True
2025-01-30,E013_PIN_FLY,MAKER,True,4,40.0,-834.2913382377055,208.31662083365694,-1042.6079590713625,3,663.75,False
2025-02-05,E013_PIN_FLY,MAKER,False,3,,0.0,0.0,0.0,0,0.0,False
2025-02-20,E013_PIN_FLY,MAKER,True,4,45.0,3470.9198451437305,200.30258588159222,3270.6172592621383,2,442.5,True
2025-03-19,E013_PIN_FLY,MAKER,False,3,,0.0,0.0,0.0,0,0.0,False
2025-03-20,E013_PIN_FLY,MAKER,False,3,,0.0,0.0,0.0,0,0.0,False
2025-04-02,E013_PIN_FLY,MAKER,False,3,,0.0,0.0,0.0,0,0.0,False
2025-04-09,E013_PIN_FLY,MAKER,True,4,40.0,1238.5439210562618,206.4347411585273,1032.1091798977345,4,885.0,True
2025-04-16,E013_PIN_FLY,MAKER,False,3,,0.0,0.0,0.0,0,0.0,False
2025-04-24,E013_PIN_FLY,MAKER,True,4,41.0,2242.139165744561,203.27620051676718,2038.862965227794,4,885.0,True
2025-04-29,E013_PIN_FLY,MAKER,True,4,42.0,2972.5272257392953,206.41751918755273,2766.1097065517424,3,663.75,True
2025-04-30,E013_PIN_FLY,MAKER,False,3,,0.0,0.0,0.0,0,0.0,False
2025-05-08,E013_PIN_FLY,MAKER,True,4,44.0,-2567.831907377206,196.56895503559952,-2764.4008624128055,2,442.5,False
2025-05-14,E013_PIN_FLY,MAKER,False,3,,0.0,0.0,0.0,0,0.0,False
2025-05-22,E013_PIN_FLY,MAKER,True,4,42.0,915.7213805121646,205.74881504377566,709.9725654683889,4,885.0,True
2025-05-28,E013_PIN_FLY,MAKER,True,4,40.0,987.5506151032805,212.896620669573,774.6539944337076,4,885.0,True
2025-05-29,E013_PIN_FLY,MAKER,True,4,40.0,2444.4080994465075,205.4789869662501,2238.9291124802576,4,885.0,True
2025-06-04,E013_PIN_FLY,MAKER,True,4,41.0,2288.169880993235,208.44889671742362,2079.720984275811,3,663.75,True
2025-06-11,E013_PIN_FLY,MAKER,True,4,41.0,1972.0502029923855,205.67596018489365,1766.3742428074918,4,885.0,True
2025-06-19,E013_PIN_FLY,MAKER,False,3,,0.0,0.0,0.0,0,0.0,False
2025-06-25,E013_PIN_FLY,MAKER,True,4,41.0,2087.6326383645846,207.6054749180181,1880.0271634465666,4,885.0,True
2025-07-09,E013_PIN_FLY,MAKER,True,4,42.0,930.1247735987236,205.14515002913322,724.9796235695903,3,663.75,True
2025-07-23,E013_PIN_FLY,MAKER,False,3,,0.0,0.0,0.0,0,0.0,False
2025-08-07,E013_PIN_FLY,MAKER,True,4,41.0,1649.6567326494242,206.02975251429325,1443.626980135131,4,885.0,True
2025-08-13,E013_PIN_FLY,MAKER,True,4,41.0,2572.890010389301,203.90614003709965,2368.9838703522014,4,885.0,True
2025-08-14,E013_PIN_FLY,MAKER,True,4,40.0,2008.8991803970657,205.2057657996075,1803.6934145974583,4,885.0,True
2025-08-20,E013_PIN_FLY,MAKER,False,3,,0.0,0.0,0.0,0,0.0,False
2025-08-21,E013_PIN_FLY,MAKER,False,3,,0.0,0.0,0.0,0,0.0,False
2025-09-08,E013_PIN_FLY,MAKER,False,3,,0.0,0.0,0.0,0,0.0,False
2025-09-09,E013_PIN_FLY,MAKER,True,4,44.0,3338.0515431032813,196.20641099242096,3141.8451321108605,3,663.75,True
2025-09-15,E013_PIN_FLY,MAKER,False,3,,0.0,0.0,0.0,0,0.0,False
2025-09-16,E013_PIN_FLY,MAKER,False,3,,0.0,0.0,0.0,0,0.0,False
2025-09-22,E013_PIN_FLY,MAKER,False,3,,0.0,0.0,0.0,0,0.0,False
2025-10-13,E013_PIN_FLY,MAKER,False,3,,0.0,0.0,0.0,0,0.0,False
2025-11-03,E013_PIN_FLY,MAKER,True,4,40.0,2499.8003426005553,204.1025456696596,2295.6977969308955,3,663.75,True
2025-11-04,E013_PIN_FLY,MAKER,True,4,40.0,-135.9074285921679,213.51812961311248,-349.42555820528037,4,885.0,False
2025-11-10,E013_PIN_FLY,MAKER,True,4,42.0,1672.1541923293425,210.386109526825,1461.7680828025175,4,885.0,True
2025-11-17,E013_PIN_FLY,MAKER,False,3,,0.0,0.0,0.0,0,0.0,False
2025-11-18,E013_PIN_FLY,MAKER,False,3,,0.0,0.0,0.0,0,0.0,False
2025-11-24,E013_PIN_FLY,MAKER,True,4,41.0,3180.7367037813137,206.17244265956344,2974.5642611217504,2,442.5,True
2025-12-02,E013_PIN_FLY,MAKER,True,4,41.0,-254.84540776964332,213.0438005442973,-467.8892083139406,4,885.0,False
2025-12-08,E013_PIN_FLY,MAKER,True,4,41.0,-898.6096646990063,219.66998427192163,-1118.279648970928,4,885.0,False
2025-12-15,E013_PIN_FLY,MAKER,True,4,40.0,590.9322102092137,216.28102196787773,374.651188241336,4,885.0,True
2025-12-16,E013_PIN_FLY,MAKER,False,3,,0.0,0.0,0.0,0,0.0,False
2025-12-22,E013_PIN_FLY,MAKER,True,4,41.0,1096.4813515755286,215.42304138812426,881.0583101874043,3,663.75,True
2025-12-23,E013_PIN_FLY,MAKER,False,3,,0.0,0.0,0.0,0,0.0,False
2025-12-29,E013_PIN_FLY,MAKER,False,3,,0.0,0.0,0.0,0,0.0,False
2025-12-30,E013_PIN_FLY,MAKER,True,4,42.0,1576.6450746014916,202.58252983677568,1374.062544764716,4,767.0,True
2026-01-05,E013_PIN_FLY,MAKER,False,3,,0.0,0.0,0.0,0,0.0,False
2026-01-12,E013_PIN_FLY,MAKER,True,4,40.0,-1593.0835890922299,213.07413063981534,-1806.1577197320453,4,767.0,False
2026-01-13,E013_PIN_FLY,MAKER,True,4,41.0,1433.7721169974257,206.94836809632494,1226.8237489011008,4,767.0,True
2026-01-19,E013_PIN_FLY,MAKER,True,4,43.0,1028.5619005195167,204.25517195538805,824.3067285641287,4,767.0,True
2026-01-20,E013_PIN_FLY,MAKER,True,4,40.0,-5493.319090530198,203.63322757863415,-5696.9523181088325,4,767.0,False
2026-02-10,E013_PIN_FLY,MAKER,True,4,45.0,2766.340762804851,199.08932130855572,2567.2514414962952,3,575.25,True
2026-02-23,E013_PIN_FLY,MAKER,False,3,,0.0,0.0,0.0,0,0.0,False
2026-03-09,E013_PIN_FLY,MAKER,True,4,40.0,820.2558778389775,216.11271680535435,604.1431610336232,4,767.0,True
2026-03-10,E013_PIN_FLY,MAKER,True,4,41.0,-267.23472080836837,209.71189361499637,-476.94661442336474,2,383.5,False
2026-03-30,E013_PIN_FLY,MAKER,True,4,43.0,1065.2938119509395,215.53061616358212,849.7631957873573,3,575.25,True
2026-04-06,E013_PIN_FLY,MAKER,True,4,40.0,158.189852678639,222.47767916138588,-64.28782648274688,4,767.0,False
2026-04-20,E013_PIN_FLY,MAKER,True,4,41.0,547.5935370330408,212.3660042460756,335.2275327869652,3,575.25,True
2026-04-27,E013_PIN_FLY,MAKER,False,3,,0.0,0.0,0.0,0,0.0,False
2026-05-04,E013_PIN_FLY,MAKER,True,4,41.0,675.5716836198462,212.3142803757537,463.25740324409253,4,767.0,True
2026-05-11,E013_PIN_FLY,MAKER,True,4,40.0,2038.6700125354437,211.1130024464381,1827.5570100890056,3,575.25,True
2026-05-19,E013_PIN_FLY,MAKER,True,4,40.0,1104.2152347627348,199.6199457599971,904.5952890027377,3,575.25,True
2026-05-25,E013_PIN_FLY,MAKER,True,4,42.0,548.3716054115184,206.31125215003112,342.0603532614873,4,767.0,True
2026-06-08,E013_PIN_FLY,MAKER,True,4,41.0,2672.6129572091154,205.57113426793296,2467.0418229411825,4,767.0,True
2026-06-15,E013_PIN_FLY,MAKER,True,4,41.0,2034.2651797729586,208.02246208821634,1826.2427176847423,5,958.75,True
2026-06-16,E013_PIN_FLY,MAKER,False,3,,0.0,0.0,0.0,0,0.0,False
2026-06-22,E013_PIN_FLY,MAKER,False,3,,0.0,0.0,0.0,0,0.0,False
2026-07-06,E013_PIN_FLY,MAKER,False,3,,0.0,0.0,0.0,0,0.0,False
2026-07-20,E013_PIN_FLY,MAKER,True,4,43.0,1517.0050136261416,207.31778929599608,1309.6872243301455,5,958.75,True
2026-07-27,E013_PIN_FLY,MAKER,False,3,,0.0,0.0,0.0,0,0.0,False
2026-07-28,E013_PIN_FLY,MAKER,False,3,,0.0,0.0,0.0,0,0.0,False
2026-08-03,E013_PIN_FLY,MAKER,False,3,,0.0,0.0,0.0,0,0.0,False
2026-08-10,E013_PIN_FLY,MAKER,True,4,40.0,2877.7237687152983,202.17214951715744,2675.551619198141,3,575.25,True
2026-09-01,E013_PIN_FLY,MAKER,True,4,42.0,-473.10721993658126,200.24910587487767,-673.3563258114589,3,575.25,False
2026-09-07,E013_PIN_FLY,MAKER,True,4,40.0,1981.3656016239001,207.2272041101764,1774.1383975137237,4,767.0,True
2026-09-21,E013_PIN_FLY,MAKER,True,4,41.0,1861.081049339713,205.28849289286012,1655.7925564468528,4,767.0,True
2021-01-06,E013_PIN_FLY,HYBRID,True,4,43.0,2524.715508332966,198.11224769078478,2326.603260642181,3,663.75,True
2021-01-21,E013_PIN_FLY,HYBRID,True,4,46.0,-3123.5271399480093,418.54894433431537,-3542.0760842823247,2,395.33619999999996,False
2021-03-03,E013_PIN_FLY,HYBRID,True,4,46.0,-4279.298628276314,424.8088789758259,-4704.10750725214,3,663.75,False
2021-03-09,E013_PIN_FLY,HYBRID,True,4,40.0,3375.165212653481,205.70484120372276,3169.460371449758,3,663.75,True
2021-03-17,E013_PIN_FLY,HYBRID,True,4,46.0,1239.906456092997,313.65695051143115,926.2495055815657,2,442.5,True
2021-05-05,E013_PIN_FLY,HYBRID,True,4,43.0,2824.801214417392,203.27869440729182,2621.5225200101004,4,885.0,True
2021-05-06,E013_PIN_FLY,HYBRID,True,4,43.0,3153.823000788822,196.75771824233874,2957.065282546483,4,885.0,True
2021-05-19,E013_PIN_FLY,HYBRID,True,4,43.0,2732.8388449418394,199.12940654431952,2533.70943839752,5,1106.25,True
2021-06-02,E013_PIN_FLY,HYBRID,True,4,42.0,2317.1821471657745,198.27094967012317,2118.9111974956513,3,663.75,True
2021-06-03,E013_PIN_FLY,HYBRID,True,4,46.0,-447.0178259480352,530.4196528526202,-977.4374788006553,2,442.5,False
2021-06-09,E013_PIN_FLY,HYBRID,True,4,43.0,-6544.4611101306455,197.4967276354891,-6741.957837766135,3,663.75,False
2021-06-30,E013_PIN_FLY,HYBRID,True,4,44.0,2405.4004933032948,197.52677778960071,2207.873715513694,2,442.5,True
2021-09-08,E013_PIN_FLY,HYBRID,True,4,46.0,1156.705877696536,268.3757776499614,888.3301000465746,2,295.0,True
2021-09-22,E013_PIN_FLY,HYBRID,True,4,46.0,1361.8550324815624,269.72352483802655,1092.1315076435358,4,590.0,True
2021-09-29,E013_PIN_FLY,HYBRID,True,4,42.0,1011.2178287212805,196.10660303156624,815.1112256897143,3,442.5,True
2021-09-30,E013_PIN_FLY,HYBRID,True,4,45.0,2045.7643946580333,193.3012194462491,1852.4631752117843,4,590.0,True
2021-10-14,E013_PIN_FLY,HYBRID,True,4,46.0,1812.9953039946445,267.9944437567753,1545.0008602378691,1,147.5,True
2021-10-27,E013_PIN_FLY,HYBRID,True,4,43.0,2052.5831103978294,196.34292544576635,1856.240184952063,3,442.5,True
2021-11-10,E013_PIN_FLY,HYBRID,True,4,46.0,964.8703151610789,270.65960167918195,694.210713481897,3,442.5,True
2021-11-24,E013_PIN_FLY,HYBRID,True,4,43.0,-362.1880947740053,196.48118960575857,-558.6692843797639,4,547.1767,False
2021-12-01,E013_PIN_FLY,HYBRID,True,4,42.0,2127.2153963540404,198.40986601102338,1928.805530343017,4,590.0,True
2021-12-08,E013_PIN_FLY,HYBRID,True,4,46.0,1552.8937850184363,271.5786458966203,1281.3151391218162,5,737.5,True
2021-12-22,E013_PIN_FLY,HYBRID,True,4,46.0,801.7053684825803,271.7022397137641,530.0031287688162,4,590.0,True
2021-12-29,E013_PIN_FLY,HYBRID,True,4,42.0,1853.309576902393,195.78974451044667,1657.5198323919462,4,590.0,True
2022-01-12,E013_PIN_FLY,HYBRID,True,4,42.0,2585.212021188895,196.90166121805925,2388.3103599708356,3,442.5,True
2022-02-02,E013_PIN_FLY,HYBRID,True,4,46.0,818.0625304415389,275.0558622713587,543.0066681701802,5,737.5,True
2022-02-09,E013_PIN_FLY,HYBRID,True,4,41.0,1620.8652252556567,197.3944511221875,1423.4707741334691,3,442.5,True
2022-02-23,E013_PIN_FLY,HYBRID,True,4,46.0,952.7454260764989,275.05980366157013,677.6856224149287,4,590.0,True
2022-03-02,E013_PIN_FLY,HYBRID,True,4,40.0,987.9697711483632,208.59663367004805,779.3731374783151,4,590.0,True
2022-03-10,E013_PIN_FLY,HYBRID,True,4,44.0,1102.445204265477,197.2971413732658,905.1480628922113,3,442.5,True
2022-03-16,E013_PIN_FLY,HYBRID,True,4,45.0,1446.8037854762933,204.7347176330283,1242.069067843265,4,590.0,True
2022-03-17,E013_PIN_FLY,HYBRID,True,4,46.0,1817.2007807893897,272.79362551752627,1544.4071552718633,2,295.0,True
2022-04-27,E013_PIN_FLY,HYBRID,True,4,42.0,2224.5733316502537,196.92001641382006,2027.6533152364336,4,590.0,True
2022-06-01,E013_PIN_FLY,HYBRID,True,4,46.0,-385.8982146073779,272.84219501566207,-658.74040962304,4,590.0,False
2022-06-15,E013_PIN_FLY,HYBRID,True,4,41.0,2470.4155976737093,199.74313964411203,2270.6724580295972,2,295.0,True
2022-07-07,E013_PIN_FLY,HYBRID,True,4,44.0,2146.0001462376867,194.12446422766885,1951.875682010018,2,295.0,True
2022-07-13,E013_PIN_FLY,HYBRID,True,4,46.0,-536.1853123755989,345.35466125317754,-881.5399736287764,3,442.5,False
2022-07-20,E013_PIN_FLY,HYBRID,True,4,42.0,716.6985408250548,195.80720017312626,520.8913406519285,5,737.5,True
2022-08-10,E013_PIN_FLY,HYBRID,True,4,40.0,2313.5324781783856,198.5354154700986,2114.997062708287,3,442.5,True
2022-08-11,E013_PIN_FLY,HYBRID,True,4,45.0,2016.6940097889233,194.46132076586758,1822.2326890230556,5,737.5,True
2022-08-25,E013_PIN_FLY,HYBRID,True,4,46.0,-2154.893678858159,268.2394571369975,-2423.1331359951564,2,295.0,False
2022-09-07,E013_PIN_FLY,HYBRID,True,4,41.0,2038.5856924344125,197.9410947638118,1840.6445976706007,4,590.0,True
2022-09-08,E013_PIN_FLY,HYBRID,True,4,42.0,1612.4877141465372,194.44910516155028,1418.038608984987,3,442.5,True
2022-10-06,E013_PIN_FLY,HYBRID,True,4,40.0,2647.8340060988876,196.1079858733877,2451.7260202254997,3,442.5,True
2022-10-19,E013_PIN_FLY,HYBRID,True,4,41.0,1533.1103240837956,196.6540089385545,1336.4563151452412,5,737.5,True
2022-11-02,E013_PIN_FLY,HYBRID,True,4,42.0,2223.5451741103134,196.43944896044593,2027.1057251498673,4,590.0,True
2022-11-16,E013_PIN_FLY,HYBRID,True,4,46.0,2159.3786570097204,269.2757941093847,1890.1028629003358,2,295.0,True
2022-11-17,E013_PIN_FLY,HYBRID,True,4,46.0,1826.484851517345,342.8221692873529,1483.6626822299922,1,147.5,True
2022-11-23,E013_PIN_FLY,HYBRID,True,4,46.0,734.2759457870673,268.72928229893813,465.5466634881291,2,295.0,True
2022-11-30,E013_PIN_FLY,HYBRID,True,4,43.0,2597.924051474588,195.61506344484906,2402.308988029739,2,295.0,True
2022-12-01,E013_PIN_FLY,HYBRID,True,4,46.0,1930.5115964355477,342.8968540080494,1587.6147424274984,2,295.0,True
2022-12-07,E013_PIN_FLY,HYBRID,True,4,43.0,2617.270403682355,196.1208773270223,2421.149526355333,3,442.5,True
2022-12-14,E013_PIN_FLY,HYBRID,True,4,46.0,1813.7852621194406,270.2789348543298,1543.506327265111,4,590.0,True
2022-12-28,E013_PIN_FLY,HYBRID,True,4,41.0,2614.9392358782106,195.3143325291232,2419.6249033490876,1,147.5,True
2022-12-29,E013_PIN_FLY,HYBRID,True,4,46.0,-5794.262369300574,342.79963539136105,-6137.062004691936,1,147.5,False
2023-03-01,E013_PIN_FLY,HYBRID,True,4,43.0,1691.1019900111341,195.64587605828604,1495.4561139528482,4,590.0,True
2023-03-22,E013_PIN_FLY,HYBRID,True,4,46.0,1570.5489247410742,270.411036623356,1300.1378881177181,5,737.5,True
2023-04-12,E013_PIN_FLY,HYBRID,True,4,44.0,2392.0191546783785,194.02505341705228,2197.9941012613263,2,295.0,True
2023-04-19,E013_PIN_FLY,HYBRID,True,4,46.0,284.4715301854012,342.82877346725485,-58.35724328185364,3,442.5,False
2023-05-03,E013_PIN_FLY,HYBRID,True,4,45.0,2221.0613335849876,194.1062676601054,2026.955065924882,4,590.0,True
2023-06-01,E013_PIN_FLY,HYBRID,True,4,46.0,1737.262332256285,268.0769913445205,1469.1853409117643,3,442.5,True
2023-06-07,E013_PIN_FLY,HYBRID,True,4,46.0,45.885780348280775,342.7441392407192,-296.85835889243845,2,295.0,False
2023-06-14,E013_PIN_FLY,HYBRID,True,4,46.0,1898.4750852297475,268.6357901645842,1629.8392950651632,4,590.0,True
2023-07-05,E013_PIN_FLY,HYBRID,True,4,42.0,2089.5863095962527,194.4859326452742,1895.1003769509784,2,295.0,True
2023-08-16,E013_PIN_FLY,HYBRID,True,4,43.0,2410.6902321955067,195.09851524989585,2215.5917169456106,3,442.5,True
2023-08-30,E013_PIN_FLY,HYBRID,True,4,46.0,-378.92419397038543,342.8762306322512,-721.8004246026367,2,239.52280000000002,False
2023-09-06,E013_PIN_FLY,HYBRID,True,4,46.0,1239.6264455611595,342.60212497279633,897.0243205883631,3,442.5,True
2023-10-11,E013_PIN_FLY,HYBRID,True,4,46.0,1686.9026562668205,269.6613745079852,1417.2412817588352,4,590.0,True
2023-10-12,E013_PIN_FLY,HYBRID,True,4,46.0,1901.7425095497515,267.5752178098377,1634.1672917399137,3,442.5,True
2023-11-01,E013_PIN_FLY,HYBRID,True,4,43.0,1833.396621254783,195.31071256691007,1638.085908687873,5,737.5,True
2023-11-08,E013_PIN_FLY,HYBRID,True,4,46.0,2267.080605268393,269.64806366401405,1997.432541604379,3,442.5,True
2023-11-09,E013_PIN_FLY,HYBRID,True,4,46.0,268.18903470444366,416.98372711831524,-148.7946924138716,1,147.5,False
2023-11-15,E013_PIN_FLY,HYBRID,True,4,46.0,2221.093344941505,269.28618707682494,1951.8071578646802,3,442.5,True
2023-12-06,E013_PIN_FLY,HYBRID,True,4,42.0,1804.4200618471314,196.68384229900016,1607.7362195481312,3,442.5,True
2023-12-07,E013_PIN_FLY,HYBRID,True,4,46.0,1499.9944367209127,343.1884434283711,1156.8059932925416,4,590.0,True
2023-12-20,E013_PIN_FLY,HYBRID,True,4,41.0,-6785.1200878322015,195.85063187490522,-6980.970719707107,3,442.5,False
2023-12-27,E013_PIN_FLY,HYBRID,True,4,46.0,1914.663338676337,271.4430463085248,1643.2202923678121,4,573.425,True
2024-02-21,E013_PIN_FLY,HYBRID,True,4,42.0,-3443.2273978973444,198.1936893865922,-3641.4210872839367,4,590.0,False
2024-03-07,E013_PIN_FLY,HYBRID,True,4,46.0,2094.2082922155128,268.79905276001114,1825.4092394555016,3,442.5,True
2024-04-09,E013_PIN_FLY,HYBRID,True,4,41.0,1809.0933630909149,196.58101593640663,1612.5123471545082,4,590.0,True
2024-04-10,E013_PIN_FLY,HYBRID,True,4,45.0,1649.7748022500405,193.76419072418201,1456.0106115258584,2,295.0,True
2024-04-24,E013_PIN_FLY,HYBRID,True,4,46.0,1734.0513102259501,271.4076511504916,1462.6436590754586,4,590.0,True
2024-05-22,E013_PIN_FLY,HYBRID,True,4,46.0,1007.2689246772825,230.54221073169242,776.7267139455901,3,221.25,True
2024-05-29,E013_PIN_FLY,HYBRID,True,4,44.0,940.7374936530641,193.53408128975371,747.2034123633105,5,368.75,True
2024-06-12,E013_PIN_FLY,HYBRID,True,4,40.0,1107.361764347886,193.863722265734,913.4980420821521,4,295.0,True
2024-07-03,E013_PIN_FLY,HYBRID,True,4,46.0,485.4746003131321,230.47559575801006,254.99900455512204,4,295.0,True
2024-07-04,E013_PIN_FLY,HYBRID,True,4,44.0,683.8700689084933,191.59571260023506,492.27435630825823,4,295.0,True
2024-07-31,E013_PIN_FLY,HYBRID,True,4,46.0,622.904532776938,231.03861061898425,391.8659221579538,4,295.0,True
2024-08-01,E013_PIN_FLY,HYBRID,True,4,42.0,1104.84606374956,192.89795751197147,911.9481062375885,2,147.5,True
2024-08-07,E013_PIN_FLY,HYBRID,True,4,40.0,734.6584613845198,195.53711889988506,539.1213424846347,3,221.25,True
2024-08-13,E013_PIN_FLY,HYBRID,True,4,40.0,-223.88373535448636,194.43902313964935,-418.3227584941357,4,295.0,False
2024-08-14,E013_PIN_FLY,HYBRID,True,4,41.0,994.9875980745901,192.69338928115945,802.2942087934307,4,295.0,True
2024-08-21,E013_PIN_FLY,HYBRID,True,4,46.0,369.656187179221,231.8514611192968,137.80472605992418,4,295.0,True
2024-08-22,E013_PIN_FLY,HYBRID,True,4,41.0,702.416975369606,193.93043317069396,508.48654219891205,3,221.25,True
2024-09-04,E013_PIN_FLY,HYBRID,True,4,46.0,1008.2231774225647,229.8509341895341,778.3722432330306,3,221.25,True
2024-09-05,E013_PIN_FLY,HYBRID,True,4,46.0,283.69339617775495,231.72765730380684,51.96573887394811,2,147.5,True
2024-09-18,E013_PIN_FLY,HYBRID,True,4,41.0,-483.73853821902173,193.4130313726091,-677.1515695916308,2,147.5,False
2024-09-25,E013_PIN_FLY,HYBRID,True,4,46.0,880.0770507053288,230.16983371432372,649.907216991005,4,295.0,True
2024-09-26,E013_PIN_FLY,HYBRID,True,4,46.0,-160.0795588434903,230.6784569974369,-390.7580158409272,4,295.0,False
2024-10-03,E013_PIN_FLY,HYBRID,True,4,46.0,-971.467766013684,235.37507861896063,-1206.8428446326448,3,221.25,False
2024-10-09,E013_PIN_FLY,HYBRID,True,4,41.0,355.5281416085377,196.1718391460911,159.3563024624466,5,368.75,True
2024-10-10,E013_PIN_FLY,HYBRID,True,4,46.0,-712.268671030306,233.5430946414067,-945.8117656717127,5,368.75,False
2024-10-16,E013_PIN_FLY,HYBRID,True,4,46.0,-697.5468353835913,233.6201681240019,-931.1670035075932,5,368.75,False
2024-10-30,E013_PIN_FLY,HYBRID,True,4,46.0,-473.1731509836118,231.96607374120305,-705.1392247248148,2,147.5,False
2024-11-14,E013_PIN_FLY,HYBRID,True,4,41.0,384.8766248598031,195.72549784800128,189.1511270118018,3,221.25,True
2024-12-11,E013_PIN_FLY,HYBRID,True,4,40.0,-140.84685600560078,217.00089227278687,-357.84774827838766,4,885.0,False
2024-12-18,E013_PIN_FLY,HYBRID,True,4,46.0,-889.1300138841325,328.1839728206819,-1217.3139867048144,4,885.0,False
2024-12-19,E013_PIN_FLY,HYBRID,True,4,41.0,445.5993601960554,211.23321441194662,234.36614578410877,4,885.0,True
2025-01-01,E013_PIN_FLY,HYBRID,True,4,40.0,43.2480879104769,216.45005946421128,-173.20197155373438,4,885.0,False
2025-01-08,E013_PIN_FLY,HYBRID,True,4,40.0,-368.0539476471222,215.77298220033657,-583.8269298474588,3,663.75,False
2025-01-09,E013_PIN_FLY,HYBRID,True,4,46.0,475.5301586633186,312.57457171076175,162.95558695255687,4,885.0,True
2025-01-15,E013_PIN_FLY,HYBRID,True,4,41.0,2586.2414906863123,202.91490937920202,2383.3265813071102,5,1106.25,True
2025-01-16,E013_PIN_FLY,HYBRID,True,4,42.0,2920.7802709712814,199.60628493552315,2721.1739860357584,5,1106.25,True
2025-01-22,E013_PIN_FLY,HYBRID,True,4,40.0,-205.06267953826227,206.968199142488,-412.0308786807503,4,885.0,False
2025-01-23,E013_PIN_FLY,HYBRID,True,4,44.0,1414.0713843411077,207.2081954820187,1206.863188859089,4,885.0,True
2025-01-29,E013_PIN_FLY,HYBRID,True,4,41.0,1428.6153108193048,211.50439552620952,1217.1109152930953,4,885.0,True
2025-01-30,E013_PIN_FLY,HYBRID,True,4,40.0,-834.2913382377055,208.31662083365694,-1042.6079590713625,3,663.75,False
2025-02-05,E013_PIN_FLY,HYBRID,True,4,46.0,582.4016422024015,323.15728750419913,259.24435469820236,3,663.75,True
2025-02-20,E013_PIN_FLY,HYBRID,True,4,45.0,3470.9198451437305,200.30258588159222,3270.6172592621383,2,442.5,True
2025-03-19,E013_PIN_FLY,HYBRID,True,4,46.0,424.8695770982067,319.962914657425,104.9066624407817,3,663.75,True
2025-03-20,E013_PIN_FLY,HYBRID,True,4,46.0,-1959.7611706804946,316.63071351191246,-2276.391884192407,3,663.75,False
2025-04-02,E013_PIN_FLY,HYBRID,True,4,46.0,1835.1117429099486,318.2861697777883,1516.8255731321603,2,442.5,True
2025-04-09,E013_PIN_FLY,HYBRID,True,4,40.0,1238.5439210562618,206.4347411585273,1032.1091798977345,4,885.0,True
2025-04-16,E013_PIN_FLY,HYBRID,True,4,46.0,95.62270003982121,315.7094537835996,-220.0867537437784,5,1106.25,False
2025-04-24,E013_PIN_FLY,HYBRID,True,4,41.0,2242.139165744561,203.27620051676718,2038.862965227794,4,885.0,True
2025-04-29,E013_PIN_FLY,HYBRID,True,4,42.0,2972.5272257392953,206.41751918755273,2766.1097065517424,3,663.75,True
2025-04-30,E013_PIN_FLY,HYBRID,True,4,46.0,672.9984890523456,317.29828683389684,355.70020221844874,2,442.5,True
2025-05-08,E013_PIN_FLY,HYBRID,True,4,44.0,-2567.831907377206,196.56895503559952,-2764.4008624128055,2,442.5,False
2025-05-14,E013_PIN_FLY,HYBRID,True,4,46.0,-2461.0267612770276,325.5003525529948,-2786.5271138300222,3,663.75,False
2025-05-22,E013_PIN_FLY,HYBRID,True,4,42.0,915.7213805121646,205.74881504377566,709.9725654683889,4,885.0,True
2025-05-28,E013_PIN_FLY,HYBRID,True,4,40.0,987.5506151032805,212.896620669573,774.6539944337076,4,885.0,True
2025-05-29,E013_PIN_FLY,HYBRID,True,4,40.0,2444.4080994465075,205.4789869662501,2238.9291124802576,4,885.0,True
2025-06-04,E013_PIN_FLY,HYBRID,True,4,41.0,2288.169880993235,208.44889671742362,2079.720984275811,3,663.75,True
2025-06-11,E013_PIN_FLY,HYBRID,True,4,41.0,1972.0502029923855,205.67596018489365,1766.3742428074918,4,885.0,True
2025-06-19,E013_PIN_FLY,HYBRID,True,4,46.0,1919.7826671859502,311.3109187585566,1608.4717484273935,3,663.75,True
2025-06-25,E013_PIN_FLY,HYBRID,True,4,41.0,2087.6326383645846,207.6054749180181,1880.0271634465666,4,885.0,True
2025-07-09,E013_PIN_FLY,HYBRID,True,4,42.0,930.1247735987236,205.14515002913322,724.9796235695903,3,663.75,True
2025-07-23,E013_PIN_FLY,HYBRID,True,4,46.0,1414.4165666316585,311.8787384827161,1102.5378281489425,2,442.5,True
2025-08-07,E013_PIN_FLY,HYBRID,True,4,41.0,1649.6567326494242,206.02975251429325,1443.626980135131,4,885.0,True
2025-08-13,E013_PIN_FLY,HYBRID,True,4,41.0,2572.890010389301,203.90614003709965,2368.9838703522014,4,885.0,True
2025-08-14,E013_PIN_FLY,HYBRID,True,4,40.0,2008.8991803970657,205.2057657996075,1803.6934145974583,4,885.0,True
2025-08-20,E013_PIN_FLY,HYBRID,True,4,46.0,1848.810638464338,312.88236220781647,1535.9282762565215,4,885.0,True
2025-08-21,E013_PIN_FLY,HYBRID,True,4,46.0,1016.0613421177322,316.30522699086947,699.7561151268628,4,885.0,True
2025-09-08,E013_PIN_FLY,HYBRID,True,4,46.0,-104.24554458901184,323.13215371710913,-427.377698306121,4,885.0,False
2025-09-09,E013_PIN_FLY,HYBRID,True,4,44.0,3338.0515431032813,196.20641099242096,3141.8451321108605,3,663.75,True
2025-09-15,E013_PIN_FLY,HYBRID,True,4,46.0,-74.71507721486887,321.98498401103546,-396.70006122590434,5,1106.25,False
2025-09-16,E013_PIN_FLY,HYBRID,True,4,46.0,1852.4061115872355,316.60168632757654,1535.804425259659,3,663.75,True
2025-09-22,E013_PIN_FLY,HYBRID,True,4,46.0,-2079.0603152627555,320.23037215164646,-2399.290687414402,3,663.75,False
2025-10-13,E013_PIN_FLY,HYBRID,True,4,46.0,2036.4682740976014,316.5329360187173,1719.9353380788841,4,885.0,True
2025-11-03,E013_PIN_FLY,HYBRID,True,4,40.0,2499.8003426005553,204.1025456696596,2295.6977969308955,3,663.75,True
2025-11-04,E013_PIN_FLY,HYBRID,True,4,40.0,-135.9074285921679,213.51812961311248,-349.42555820528037,4,885.0,False
2025-11-10,E013_PIN_FLY,HYBRID,True,4,42.0,1672.1541923293425,210.386109526825,1461.7680828025175,4,885.0,True
2025-11-17,E013_PIN_FLY,HYBRID,True,4,46.0,-1569.6212483132895,327.6288946400891,-1897.2501429533786,4,885.0,False
2025-11-18,E013_PIN_FLY,HYBRID,True,4,46.0,2571.088869864093,314.2304929221228,2256.85837694197,3,663.75,True
2025-11-24,E013_PIN_FLY,HYBRID,True,4,41.0,3180.7367037813137,206.17244265956344,2974.5642611217504,2,442.5,True
2025-12-02,E013_PIN_FLY,HYBRID,True,4,41.0,-254.84540776964332,213.0438005442973,-467.8892083139406,4,885.0,False
2025-12-08,E013_PIN_FLY,HYBRID,True,4,41.0,-898.6096646990063,219.66998427192163,-1118.279648970928,4,885.0,False
2025-12-15,E013_PIN_FLY,HYBRID,True,4,40.0,590.9322102092137,216.28102196787773,374.651188241336,4,885.0,True
2025-12-16,E013_PIN_FLY,HYBRID,True,4,46.0,-414.0717013972335,319.20537529670236,-733.2770766939359,3,663.75,False
2025-12-22,E013_PIN_FLY,HYBRID,True,4,41.0,1096.4813515755286,215.42304138812426,881.0583101874043,3,663.75,True
2025-12-23,E013_PIN_FLY,HYBRID,True,4,46.0,-779.1914983827401,317.8907848299799,-1097.08228321272,5,1106.25,False
2025-12-29,E013_PIN_FLY,HYBRID,True,4,46.0,657.7689615204326,320.7499617375518,337.0189997828808,4,885.0,True
2025-12-30,E013_PIN_FLY,HYBRID,True,4,42.0,1576.6450746014916,202.58252983677568,1374.062544764716,4,767.0,True
2026-01-05,E013_PIN_FLY,HYBRID,True,4,46.0,-1728.9110250074482,310.7195760643104,-2039.6306010717585,3,575.25,False
2026-01-12,E013_PIN_FLY,HYBRID,True,4,40.0,-1593.0835890922299,213.07413063981534,-1806.1577197320453,4,767.0,False
2026-01-13,E013_PIN_FLY,HYBRID,True,4,41.0,1433.7721169974257,206.94836809632494,1226.8237489011008,4,767.0,True
2026-01-19,E013_PIN_FLY,HYBRID,True,4,43.0,1028.5619005195167,204.25517195538805,824.3067285641287,4,767.0,True
2026-01-20,E013_PIN_FLY,HYBRID,True,4,40.0,-5493.319090530198,203.63322757863415,-5696.9523181088325,4,767.0,False
2026-02-10,E013_PIN_FLY,HYBRID,True,4,45.0,2766.340762804851,199.08932130855572,2567.2514414962952,3,575.25,True
2026-02-23,E013_PIN_FLY,HYBRID,True,4,46.0,2007.9179984696093,302.1626777542896,1705.7553207153196,5,958.75,True
2026-03-09,E013_PIN_FLY,HYBRID,True,4,40.0,820.2558778389775,216.11271680535435,604.1431610336232,4,767.0,True
2026-03-10,E013_PIN_FLY,HYBRID,True,4,41.0,-267.23472080836837,209.71189361499637,-476.94661442336474,2,383.5,False
2026-03-30,E013_PIN_FLY,HYBRID,True,4,43.0,1065.2938119509395,215.53061616358212,849.7631957873573,3,575.25,True
2026-04-06,E013_PIN_FLY,HYBRID,True,4,40.0,158.189852678639,222.47767916138588,-64.28782648274688,4,767.0,False
2026-04-20,E013_PIN_FLY,HYBRID,True,4,41.0,547.5935370330408,212.3660042460756,335.2275327869652,3,575.25,True
2026-04-27,E013_PIN_FLY,HYBRID,True,4,46.0,-653.7930364650947,307.0945155965684,-960.8875520616631,4,767.0,False
2026-05-04,E013_PIN_FLY,HYBRID,True,4,41.0,675.5716836198462,212.3142803757537,463.25740324409253,4,767.0,True
2026-05-11,E013_PIN_FLY,HYBRID,True,4,40.0,2038.6700125354437,211.1130024464381,1827.5570100890056,3,575.25,True
2026-05-19,E013_PIN_FLY,HYBRID,True,4,40.0,1104.2152347627348,199.6199457599971,904.5952890027377,3,575.25,True
2026-05-25,E013_PIN_FLY,HYBRID,True,4,42.0,548.3716054115184,206.31125215003112,342.0603532614873,4,767.0,True
2026-06-08,E013_PIN_FLY,HYBRID,True,4,41.0,2672.6129572091154,205.57113426793296,2467.0418229411825,4,767.0,True
2026-06-15,E013_PIN_FLY,HYBRID,True,4,41.0,2034.2651797729586,208.02246208821634,1826.2427176847423,5,958.75,True
2026-06-16,E013_PIN_FLY,HYBRID,True,4,46.0,109.90311722180832,295.14769139664105,-185.24457417483274,1,191.75,False
2026-06-22,E013_PIN_FLY,HYBRID,True,4,46.0,1511.0599975656505,299.11471317133635,1211.945284394314,4,767.0,True
2026-07-06,E013_PIN_FLY,HYBRID,True,4,46.0,-181.06240581315433,305.11841176481727,-486.1808175779716,3,575.25,False
2026-07-20,E013_PIN_FLY,HYBRID,True,4,43.0,1517.0050136261416,207.31778929599608,1309.6872243301455,5,958.75,True
2026-07-27,E013_PIN_FLY,HYBRID,True,4,46.0,1645.549451819299,299.89555011143904,1345.65390170786,4,767.0,True
2026-07-28,E013_PIN_FLY,HYBRID,True,4,46.0,2444.163893825234,292.74384845554465,2151.4200453696894,4,767.0,True
2026-08-03,E013_PIN_FLY,HYBRID,True,4,46.0,47.71649086708749,304.77009831129436,-257.0536074442069,3,575.25,False
2026-08-10,E013_PIN_FLY,HYBRID,True,4,40.0,2877.7237687152983,202.17214951715744,2675.551619198141,3,575.25,True
2026-09-01,E013_PIN_FLY,HYBRID,True,4,42.0,-473.10721993658126,200.24910587487767,-673.3563258114589,3,575.25,False
2026-09-07,E013_PIN_FLY,HYBRID,True,4,40.0,1981.3656016239001,207.2272041101764,1774.1383975137237,4,767.0,True
2026-09-21,E013_PIN_FLY,HYBRID,True,4,41.0,1861.081049339713,205.28849289286012,1655.7925564468528,4,767.0,True
2021-03-01,E011_VRP_STRADDLE,TAKER,True,2,1.0,1067.2029584253123,726.409805754556,340.7931526707563,0,0.0,True
2021-03-02,E011_VRP_STRADDLE,TAKER,True,2,1.0,889.1606342739024,804.1306338247199,85.03000044918247,0,0.0,True
2021-03-08,E011_VRP_STRADDLE,TAKER,True,2,1.0,1242.5335638660335,786.5995753764857,455.9339884895478,0,0.0,True
2021-03-09,E011_VRP_STRADDLE,TAKER,True,2,1.0,3253.1264771954648,777.1258498863349,2476.00062730913,0,0.0,True
2021-03-16,E011_VRP_STRADDLE,TAKER,True,2,1.0,2926.5002910072553,677.1400298588565,2249.360261148399,0,0.0,True
2021-03-17,E011_VRP_STRADDLE,TAKER,True,2,1.0,2889.123723051855,820.4542054270022,2068.6695176248527,0,0.0,True
2021-03-18,E011_VRP_STRADDLE,TAKER,True,2,1.0,1710.348586422925,1079.974682425401,630.3739039975242,0,0.0,True
2021-03-19,E011_VRP_STRADDLE,TAKER,True,2,1.0,-4767.629493544646,1211.4410081878984,-5979.0705017325445,0,0.0,False
2021-04-05,E011_VRP_STRADDLE,TAKER,True,2,1.0,-1799.137354471155,984.6162648991769,-2783.7536193703318,0,0.0,False
2021-04-13,E011_VRP_STRADDLE,TAKER,True,2,1.0,1119.2481156268868,909.6894496375483,209.55866598933858,0,0.0,True
2021-04-29,E011_VRP_STRADDLE,TAKER,True,2,1.0,1605.0065835209061,964.0450454591162,640.96153806179,0,0.0,True
2021-05-04,E011_VRP_STRADDLE,TAKER,True,2,1.0,588.5522598389807,933.5165209819941,-344.96426114301335,0,0.0,False
2021-05-05,E011_VRP_STRADDLE,TAKER,True,2,1.0,2396.6749368055234,883.4094475718048,1513.2654892337187,0,0.0,True
2021-05-06,E011_VRP_STRADDLE,TAKER,True,2,1.0,5569.348605805511,1166.9214364336144,4402.4271693718965,0,0.0,True
2021-05-07,E011_VRP_STRADDLE,TAKER,True,2,1.0,-2631.1278371639046,1900.217397942687,-4531.345235106592,0,0.0,False
2021-05-20,E011_VRP_STRADDLE,TAKER,True,2,1.0,2288.010281200938,1082.618023844569,1205.392257356369,0,0.0,True
2021-05-21,E011_VRP_STRADDLE,TAKER,True,2,1.0,-658.0478806085084,939.3338244089337,-1597.381705017442,0,0.0,False
2021-06-17,E011_VRP_STRADDLE,TAKER,True,2,1.0,2811.478247195787,1301.1613845121396,1510.3168626836473,0,0.0,True
2021-07-09,E011_VRP_STRADDLE,TAKER,True,2,1.0,-4762.956582420175,2344.6831582592663,-7107.639740679442,0,0.0,False
2021-07-16,E011_VRP_STRADDLE,TAKER,True,2,1.0,-1467.4773420921974,1468.9046363421903,-2936.3819784343877,0,0.0,False
2021-09-01,E011_VRP_STRADDLE,TAKER,True,2,1.0,550.8153404103559,850.4540619068238,-299.63872149646784,0,0.0,False
2021-09-07,E011_VRP_STRADDLE,TAKER,True,2,1.0,558.74332797225,663.683387508825,-104.94005953657506,0,0.0,False
2021-09-08,E011_VRP_STRADDLE,TAKER,True,2,1.0,594.491425057151,703.4289464954408,-108.93752143828976,0,0.0,False
2021-09-14,E011_VRP_STRADDLE,TAKER,True,2,1.0,1041.7481746127341,516.7216835278732,525.0264910848609,0,0.0,True
2021-09-17,E011_VRP_STRADDLE,TAKER,True,2,1.0,-1774.5088434746021,1402.1303444785701,-3176.639187953172,0,0.0,False
2021-09-21,E011_VRP_STRADDLE,TAKER,True,2,1.0,452.84810648319944,729.4060195961035,-276.5579131129041,0,0.0,False
2021-09-22,E011_VRP_STRADDLE,TAKER,True,2,1.0,969.0763874330933,667.3224412878785,301.75394614521474,0,0.0,True
2021-09-23,E011_VRP_STRADDLE,TAKER,True,2,1.0,1424.280474924613,790.5898317940417,633.6906431305712,0,0.0,True
2021-09-24,E011_VRP_STRADDLE,TAKER,True,2,1.0,-1443.0378215971486,978.8476739112009,-2421.88549550835,0,0.0,False
2021-09-28,E011_VRP_STRADDLE,TAKER,True,2,1.0,-166.30623768350233,732.56840588104,-898.8746435645423,0,0.0,False
2021-09-30,E011_VRP_STRADDLE,TAKER,True,2,1.0,2352.2318260337265,980.2410260453028,1371.9907999884238,0,0.0,True
2021-10-07,E011_VRP_STRADDLE,TAKER,True,2,1.0,3818.7126932952215,742.9609366065354,3075.7517566886863,0,0.0,True
2021-10-13,E011_VRP_STRADDLE,TAKER,True,2,1.0,1225.2938568603822,668.4773843727125,556.8164724876697,0,0.0,True
2021-10-14,E011_VRP_STRADDLE,TAKER,True,2,1.0,3318.6972980726027,847.2925031080683,2471.4047949645346,0,0.0,True
2021-10-19,E011_VRP_STRADDLE,TAKER,True,2,1.0,-818.760890446134,765.9472587581467,-1584.7081492042807,0,0.0,False
2021-10-20,E011_VRP_STRADDLE,TAKER,True,2,1.0,369.7373133841311,896.97801348555,-527.240700101419,0,0.0,False
2021-10-21,E011_VRP_STRADDLE,TAKER,True,2,1.0,310.82004114324036,751.7928281015626,-440.9727869583222,0,0.0,False
2021-10-22,E011_VRP_STRADDLE,TAKER,True,2,1.0,-4467.882287320492,1718.3946427231754,-6186.276930043667,0,0.0,False
2021-10-26,E011_VRP_STRADDLE,TAKER,True,2,1.0,-82.02869344038118,767.0185304564902,-849.0472238968714,0,0.0,False
2021-11-12,E011_VRP_STRADDLE,TAKER,True,2,1.0,-3078.63988777158,1453.274254970631,-4531.914142742211,0,0.0,False
2021-12-03,E011_VRP_STRADDLE,TAKER,True,2,1.0,-878.9094187961746,708.4305969806888,-1587.3400157768633,0,0.0,False
2021-12-16,E011_VRP_STRADDLE,TAKER,True,2,1.0,1949.448324382902,838.65464453047,1110.793679852432,0,0.0,True
2021-12-17,E011_VRP_STRADDLE,TAKER,True,2,1.0,-1011.6323852469732,732.9995148897042,-1744.6319001366774,0,0.0,False
2021-12-21,E011_VRP_STRADDLE,TAKER,True,2,1.0,241.13518711964025,709.8528625208642,-468.7176754012239,0,0.0,False
2021-12-22,E011_VRP_STRADDLE,TAKER,True,2,1.0,2093.857704525377,585.4552938419147,1508.4024106834622,0,0.0,True
2022-01-04,E011_VRP_STRADDLE,TAKER,True,2,1.0,18.676499248738764,728.76070227514,-710.0842030264013,0,0.0,False
2022-01-07,E011_VRP_STRADDLE,TAKER,True,2,1.0,-1414.5743523538276,1381.300999370118,-2795.8753517239456,0,0.0,False
2022-01-11,E011_VRP_STRADDLE,TAKER,True,2,1.0,1707.9665884837432,501.27650965534895,1206.6900788283942,0,0.0,True
2022-01-12,E011_VRP_STRADDLE,TAKER,True,2,1.0,2122.375473101294,562.5583330189885,1559.8171400823057,0,0.0,True
2022-01-13,E011_VRP_STRADDLE,TAKER,True,2,1.0,2449.8221591025303,894.1883412627213,1555.6338178398091,0,0.0,True
2022-01-14,E011_VRP_STRADDLE,TAKER,True,2,1.0,-1397.46772848219,1259.1660554755522,-2656.6337839577423,0,0.0,False
2022-01-18,E011_VRP_STRADDLE,TAKER,True,2,1.0,-368.89243484017106,730.5523127711206,-1099.4447476112916,0,0.0,False
2022-01-19,E011_VRP_STRADDLE,TAKER,True,2,1.0,743.8667011786838,723.2752711006165,20.591430078067333,0,0.0,True
2022-01-21,E011_VRP_STRADDLE,TAKER,True,2,1.0,-7457.495914354671,1713.2167585598995,-9170.712672914571,0,0.0,False
2022-01-25,E011_VRP_STRADDLE,TAKER,True,2,1.0,-318.0754215160978,717.6208517497023,-1035.6962732658,0,0.0,False
2022-01-31,E011_VRP_STRADDLE,TAKER,True,2,1.0,1554.3838373625968,528.4989606918788,1025.8848766707179,0,0.0,True
2022-02-01,E011_VRP_STRADDLE,TAKER,True,2,1.0,565.0329690871895,695.0430572692728,-130.01008818208334,0,0.0,False
2022-02-15,E011_VRP_STRADDLE,TAKER,True,2,1.0,316.48223410766605,774.3490207885444,-457.86678668087836,0,0.0,False
2022-02-22,E011_VRP_STRADDLE,TAKER,True,2,1.0,1460.0301435117126,629.4486812334999,830.5814622782127,0,0.0,True
2022-02-23,E011_VRP_STRADDLE,TAKER,True,2,1.0,2623.909635011325,654.5309513658099,1969.3786836455151,0,0.0,True
2022-02-28,E011_VRP_STRADDLE,TAKER,True,2,1.0,225.95585282184948,645.6034796211192,-419.6476267992697,0,0.0,False
2022-03-02,E011_VRP_STRADDLE,TAKER,True,2,1.0,2925.6873904464173,546.2024280425787,2379.484962403839,0,0.0,True
2022-03-04,E011_VRP_STRADDLE,TAKER,True,2,1.0,7652.366200610433,807.6080888661031,6844.75811174433,0,0.0,True
2022-03-07,E011_VRP_STRADDLE,TAKER,True,2,1.0,1985.808794130935,446.6015467595947,1539.2072473713401,0,0.0,True
2022-03-08,E011_VRP_STRADDLE,TAKER,True,2,1.0,2210.252832313201,609.9244609567533,1600.3283713564479,0,0.0,True
2022-03-09,E011_VRP_STRADDLE,TAKER,True,2,1.0,3086.654478023457,679.4424401318288,2407.2120378916284,0,0.0,True
2022-03-10,E011_VRP_STRADDLE,TAKER,True,2,1.0,4072.2912732293917,959.0940047975919,3113.1972684318,0,0.0,True
2022-03-15,E011_VRP_STRADDLE,TAKER,True,2,1.0,2164.909447802922,592.8156420825887,1572.0938057203332,0,0.0,True
2022-03-16,E011_VRP_STRADDLE,TAKER,True,2,1.0,4658.37339602306,519.9592659776117,4138.4141300454485,0,0.0,True
2022-03-17,E011_VRP_STRADDLE,TAKER,True,2,1.0,7361.497060769161,727.1810504428482,6634.316010326313,0,0.0,True
2022-04-08,E011_VRP_STRADDLE,TAKER,True,2,1.0,-265.59217139272346,1215.133312785083,-1480.7254841778065,0,0.0,False
2022-05-20,E011_VRP_STRADDLE,TAKER,True,2,1.0,-1631.4903905179017,669.1323456006372,-2300.622736118539,0,0.0,False
2022-05-26,E011_VRP_STRADDLE,TAKER,True,2,1.0,2371.9724683124314,1062.2421868200397,1309.7302814923917,0,0.0,True
2022-06-14,E011_VRP_STRADDLE,TAKER,True,2,1.0,890.7333601136324,686.3793674744725,204.35399263915997,0,0.0,True
2022-06-15,E011_VRP_STRADDLE,TAKER,True,2,1.0,3025.877465695099,524.6925437634065,2501.1849219316928,0,0.0,True
2022-06-16,E011_VRP_STRADDLE,TAKER,True,2,1.0,800.7834136181682,778.9602306740624,21.823182944105838,0,0.0,True
2022-07-07,E011_VRP_STRADDLE,TAKER,True,2,1.0,4512.657605034838,876.2426468934668,3636.414958141371,0,0.0,True
2022-07-14,E011_VRP_STRADDLE,TAKER,True,2,1.0,2644.6397376181812,802.8915394233568,1841.7481981948245,0,0.0,True
2022-07-28,E011_VRP_STRADDLE,TAKER,True,2,1.0,2726.09605181671,813.1093455550435,1912.9867062616663,0,0.0,True
2022-08-11,E011_VRP_STRADDLE,TAKER,True,2,1.0,5336.3891552483965,559.5110169139045,4776.878138334492,0,0.0,True
2022-08-19,E011_VRP_STRADDLE,TAKER,True,2,1.0,-1390.292442423547,972.698606135488,-2362.9910485590353,0,0.0,False
2022-09-02,E011_VRP_STRADDLE,TAKER,True,2,1.0,-473.16322524876693,1067.6824239384293,-1540.8456491871962,0,0.0,False
2022-09-07,E011_VRP_STRADDLE,TAKER,True,2,1.0,2282.9557445656883,563.8781088680732,1719.077635697615,0,0.0,True
2022-09-08,E011_VRP_STRADDLE,TAKER,True,2,1.0,5252.438444264603,783.9588518472128,4468.47959241739,0,0.0,True
2022-09-15,E011_VRP_STRADDLE,TAKER,True,2,1.0,1156.5467003539484,798.8360402291825,357.7106601247659,0,0.0,True
2022-09-20,E011_VRP_STRADDLE,TAKER,True,2,1.0,2042.2888778404958,505.73776861185485,1536.551109228641,0,0.0,True
2022-09-21,E011_VRP_STRADDLE,TAKER,True,2,1.0,1935.098474033024,644.1631162996863,1290.9353577333377,0,0.0,True
2022-09-22,E011_VRP_STRADDLE,TAKER,True,2,1.0,6931.987194722949,885.365717728894,6046.621476994055,0,0.0,True
2022-09-27,E011_VRP_STRADDLE,TAKER,True,2,1.0,1296.3635362782752,640.6708354975297,655.6927007807456,0,0.0,True
2022-10-13,E011_VRP_STRADDLE,TAKER,True,2,1.0,3879.7819079225,813.1501779854402,3066.63172993706,0,0.0,True
2022-11-03,E011_VRP_STRADDLE,TAKER,True,2,1.0,5199.374659519795,741.2972339429552,4458.07742557684,0,0.0,True
2022-11-04,E011_VRP_STRADDLE,TAKER,True,2,1.0,-1132.0416160638997,1042.782264841093,-2174.8238809049926,0,0.0,False
2022-11-11,E011_VRP_STRADDLE,TAKER,True,2,1.0,-593.8844478401531,889.9831003219041,-1483.8675481620571,0,0.0,False
2022-11-18,E011_VRP_STRADDLE,TAKER,True,2,1.0,-43.42701555858369,691.0189107540336,-734.4459263126173,0,0.0,False
2022-12-02,E011_VRP_STRADDLE,TAKER,True,2,1.0,3443.885775301438,645.15862198839,2798.727153313048,0,0.0,True
2022-12-09,E011_VRP_STRADDLE,TAKER,True,2,1.0,130.18127502010566,716.3129681887078,-586.1316931686022,0,0.0,False
2023-01-06,E011_VRP_STRADDLE,TAKER,True,2,1.0,-753.134254780653,918.2912739142869,-1671.4255286949399,0,0.0,False
2023-01-13,E011_VRP_STRADDLE,TAKER,True,2,1.0,-1901.5869426764011,1394.6445800632805,-3296.2315227396816,0,0.0,False
2023-01-30,E011_VRP_STRADDLE,TAKER,True,2,1.0,-2094.366492707317,736.159057623147,-2830.525550330464,0,0.0,False
2023-01-31,E011_VRP_STRADDLE,TAKER,True,2,1.0,2442.2268351615076,510.7606338857606,1931.466201275747,0,0.0,True
2023-02-01,E011_VRP_STRADDLE,TAKER,True,2,1.0,-1014.0581498268384,973.1442690622193,-1987.2024188890578,0,0.0,False
2023-02-02,E011_VRP_STRADDLE,TAKER,True,2,1.0,1414.40745097643,919.7996091067813,494.6078418696487,0,0.0,True
2023-02-03,E011_VRP_STRADDLE,TAKER,True,2,1.0,-2048.5678757560895,1327.7368589888592,-3376.3047347449487,0,0.0,False
2023-02-10,E011_VRP_STRADDLE,TAKER,True,2,1.0,1099.9307806573306,995.4303636730286,104.50041698430198,0,0.0,True
2023-03-03,E011_VRP_STRADDLE,TAKER,True,2,1.0,-205.75357194030994,751.744118275403,-957.497690215713,0,0.0,False
2023-03-10,E011_VRP_STRADDLE,TAKER,True,2,1.0,-1063.551542820256,1453.023981701142,-2516.5755245213977,0,0.0,False
2023-03-15,E011_VRP_STRADDLE,TAKER,True,2,1.0,1224.950875126562,672.4586490718176,552.4922260547445,0,0.0,True
2023-03-17,E011_VRP_STRADDLE,TAKER,True,2,1.0,-13.890645701627363,1205.0750294386162,-1218.9656751402435,0,0.0,False
2023-04-10,E011_VRP_STRADDLE,TAKER,True,2,1.0,-567.839702660036,1359.7826598321121,-1927.622362492148,0,0.0,False
2023-04-17,E011_VRP_STRADDLE,TAKER,True,2,1.0,-239.86000441117346,1206.8217650354918,-1446.6817694466654,0,0.0,False
2023-04-21,E011_VRP_STRADDLE,TAKER,True,2,1.0,-848.8786480460694,1007.5505299468243,-1856.4291779928938,0,0.0,False
2023-05-04,E011_VRP_STRADDLE,TAKER,True,2,1.0,1405.4937177858587,742.7507347579573,662.7429830279015,0,0.0,True
2023-05-05,E011_VRP_STRADDLE,TAKER,True,2,1.0,-3279.821875010095,1519.892588215996,-4799.7144632260915,0,0.0,False
2023-05-12,E011_VRP_STRADDLE,TAKER,True,2,1.0,-27.34132927426242,915.8226427723605,-943.1639720466229,0,0.0,False
2023-05-19,E011_VRP_STRADDLE,TAKER,True,2,1.0,-1226.9721737507716,1338.0240304784738,-2564.9962042292454,0,0.0,False
2023-06-01,E011_VRP_STRADDLE,TAKER,True,2,1.0,3381.1811889903634,836.2154623583236,2544.9657266320396,0,0.0,True
2023-06-02,E011_VRP_STRADDLE,TAKER,True,2,1.0,139.28338272886526,1364.4027166660571,-1225.1193339371919,0,0.0,False
2023-06-08,E011_VRP_STRADDLE,TAKER,True,2,1.0,1333.0852655270576,916.4928790296171,416.59238649744043,0,0.0,True
2023-06-09,E011_VRP_STRADDLE,TAKER,True,2,1.0,-476.34358669219705,1102.2576447834522,-1578.6012314756492,0,0.0,False
2023-06-16,E011_VRP_STRADDLE,TAKER,True,2,1.0,-273.3776289813467,1072.4311022820891,-1345.8087312634357,0,0.0,False
2023-06-23,E011_VRP_STRADDLE,TAKER,True,2,1.0,940.8741367011319,966.5372808697113,-25.66314416857938,0,0.0,False
2023-07-06,E011_VRP_STRADDLE,TAKER,True,2,1.0,1820.3557339245674,841.385112560502,978.9706213640654,0,0.0,True
2023-07-07,E011_VRP_STRADDLE,TAKER,True,2,1.0,-2099.3062700467854,1321.2787880279934,-3420.5850580747788,0,0.0,False
2023-07-14,E011_VRP_STRADDLE,TAKER,True,2,1.0,-2965.5050510392466,1681.0238714218367,-4646.528922461083,0,0.0,False
2023-08-03,E011_VRP_STRADDLE,TAKER,True,2,1.0,1296.8060890468043,866.6576874999428,430.1484015468616,0,0.0,True
2023-08-04,E011_VRP_STRADDLE,TAKER,True,2,1.0,-10.634033538528456,1232.8322529815919,-1243.4662865201203,0,0.0,False
2023-08-11,E011_VRP_STRADDLE,TAKER,True,2,1.0,-225.20619390533807,904.8620303752521,-1130.0682242805901,0,0.0,False
2023-08-18,E011_VRP_STRADDLE,TAKER,True,2,1.0,-2491.824776478021,2001.3849488522096,-4493.209725330231,0,0.0,False
2023-09-13,E011_VRP_STRADDLE,TAKER,True,2,1.0,627.1369406875656,809.4640996461682,-182.32715895860258,0,0.0,False
2023-09-14,E011_VRP_STRADDLE,TAKER,True,2,1.0,2601.625684391251,751.3772298970935,1850.2484544941576,0,0.0,True
2023-09-15,E011_VRP_STRADDLE,TAKER,True,2,1.0,-1028.9227718351613,1482.1230520355705,-2511.0458238707315,0,0.0,False
2023-09-21,E011_VRP_STRADDLE,TAKER,True,2,1.0,1489.3466258866024,927.9823812221985,561.3642446644039,0,0.0,True
2023-09-22,E011_VRP_STRADDLE,TAKER,True,2,1.0,-2153.064309390959,1256.9065594366912,-3409.97086882765,0,0.0,False
2023-10-11,E011_VRP_STRADDLE,TAKER,True,2,1.0,1627.0973468627017,582.8000698846647,1044.297276978037,0,0.0,True
2023-10-12,E011_VRP_STRADDLE,TAKER,True,2,1.0,2500.2632799249805,861.4640854641985,1638.799194460782,0,0.0,True
2023-10-13,E011_VRP_STRADDLE,TAKER,True,2,1.0,-351.61331416128803,1131.7190759651228,-1483.3323901264107,0,0.0,False
2023-10-17,E011_VRP_STRADDLE,TAKER,True,2,1.0,1164.527006106996,520.9810568012969,643.5459493056991,0,0.0,True
2023-10-18,E011_VRP_STRADDLE,TAKER,True,2,1.0,321.428411501287,766.4136947752322,-444.98528327394524,0,0.0,False
2023-10-19,E011_VRP_STRADDLE,TAKER,True,2,1.0,764.0881861793462,758.0718864654436,6.0162997139025265,0,0.0,True
2023-10-20,E011_VRP_STRADDLE,TAKER,True,2,1.0,-2337.3811651014184,2083.193364880076,-4420.574529981494,0,0.0,False
2023-11-03,E011_VRP_STRADDLE,TAKER,True,2,1.0,4687.241936944574,404.5184897717379,4282.723447172836,0,0.0,True
2023-11-09,E011_VRP_STRADDLE,TAKER,True,2,1.0,3519.1065982717882,625.7893531570377,2893.3172451147507,0,0.0,True
2023-11-10,E011_VRP_STRADDLE,TAKER,True,2,1.0,1867.524146061551,640.9417752123356,1226.5823708492153,0,0.0,True
2023-11-17,E011_VRP_STRADDLE,TAKER,True,2,1.0,-445.99736534189833,1575.7640230983357,-2021.761388440234,0,0.0,False
2023-11-24,E011_VRP_STRADDLE,TAKER,True,2,1.0,1140.28319808113,1004.0606811076115,136.2225169735185,0,0.0,True
2023-12-04,E011_VRP_STRADDLE,TAKER,True,2,1.0,511.5297539305102,575.3610561509729,-63.8313022204627,0,0.0,False
2023-12-05,E011_VRP_STRADDLE,TAKER,True,2,1.0,676.4735633924429,721.6780776822859,-45.20451428984302,0,0.0,False
2023-12-06,E011_VRP_STRADDLE,TAKER,True,2,1.0,1725.8992549406248,625.5231245454154,1100.3761303952094,0,0.0,True
2023-12-07,E011_VRP_STRADDLE,TAKER,True,2,1.0,3931.8526784611995,718.5717379406417,3213.280940520558,0,0.0,True
2023-12-08,E011_VRP_STRADDLE,TAKER,True,2,1.0,5245.722821474083,706.6013769319796,4539.121444542103,0,0.0,True
2023-12-14,E011_VRP_STRADDLE,TAKER,True,2,1.0,3034.9528981417748,818.9857470232259,2215.967151118549,0,0.0,True
2023-12-15,E011_VRP_STRADDLE,TAKER,True,2,1.0,1575.4085653325742,651.1027386056057,924.3058267269685,0,0.0,True
2023-12-22,E011_VRP_STRADDLE,TAKER,True,2,1.0,-1092.338600465675,1449.115494281422,-2541.454094747097,0,0.0,False
2024-01-05,E011_VRP_STRADDLE,TAKER,True,2,1.0,5169.686728442262,601.8342629721534,4567.852465470109,0,0.0,True
2024-01-12,E011_VRP_STRADDLE,TAKER,True,2,1.0,-587.5929269291555,885.7429839298567,-1473.335910859012,0,0.0,False
2024-01-19,E011_VRP_STRADDLE,TAKER,True,2,1.0,702.8959746711589,1245.0453554309615,-542.1493807598026,0,0.0,False
2024-01-31,E011_VRP_STRADDLE,TAKER,True,2,1.0,2547.460424049428,656.5736679797808,1890.8867560696474,0,0.0,True
2024-02-01,E011_VRP_STRADDLE,TAKER,True,2,1.0,8594.173488559176,796.2633531005142,7797.910135458662,0,0.0,True
2024-02-02,E011_VRP_STRADDLE,TAKER,True,2,1.0,-4576.072299783555,2127.6591091157516,-6703.731408899306,0,0.0,False
2024-02-09,E011_VRP_STRADDLE,TAKER,True,2,1.0,-1355.0427620738737,1443.9865511725066,-2799.0293132463803,0,0.0,False
2024-02-16,E011_VRP_STRADDLE,TAKER,True,2,1.0,2307.691257861283,780.8068690753444,1526.8843887859384,0,0.0,True
2024-03-11,E011_VRP_STRADDLE,TAKER,True,2,1.0,-760.3848853476675,880.8261567235264,-1641.2110420711938,0,0.0,False
2024-03-14,E011_VRP_STRADDLE,TAKER,True,2,1.0,2203.634387993155,823.1132831186219,1380.5211048745332,0,0.0,True
2024-03-15,E011_VRP_STRADDLE,TAKER,True,2,1.0,170.03222895245938,989.715628331995,-819.6833993795357,0,0.0,False
2024-03-22,E011_VRP_STRADDLE,TAKER,True,2,1.0,-839.2280107123811,949.407701099369,-1788.63571181175,0,0.0,False
2024-04-05,E011_VRP_STRADDLE,TAKER,True,2,1.0,1892.0547808026752,667.8120627636979,1224.2427180389773,0,0.0,True
2024-04-12,E011_VRP_STRADDLE,TAKER,True,2,1.0,-4820.659829702193,1179.76533319165,-6000.425162893843,0,0.0,False
2024-04-19,E011_VRP_STRADDLE,TAKER,True,2,1.0,-2120.215048276441,823.2251962306034,-2943.4402445070446,0,0.0,False
2024-05-03,E011_VRP_STRADDLE,TAKER,True,2,1.0,-517.0312411365776,579.958538366504,-1096.9897795030815,0,0.0,False
2024-05-10,E011_VRP_STRADDLE,TAKER,True,2,1.0,258.4189003721805,743.2932243025559,-484.87432393037545,0,0.0,False
2024-05-17,E011_VRP_STRADDLE,TAKER,True,2,1.0,-545.2771030476887,812.5359148397474,-1357.8130178874362,0,0.0,False
2024-06-03,E011_VRP_STRADDLE,TAKER,True,2,1.0,1612.883900944962,291.35097821842794,1321.5329227265343,0,0.0,True
2024-06-04,E011_VRP_STRADDLE,TAKER,True,2,1.0,-5684.42171091901,788.3003227502948,-6472.722033669305,0,0.0,False
2024-06-05,E011_VRP_STRADDLE,TAKER,True,2,1.0,1132.1476942922968,561.6108489077271,570.5368453845697,0,0.0,True
2024-07-04,E011_VRP_STRADDLE,TAKER,True,2,1.0,2464.8874246506575,535.4296657633442,1929.4577588873133,0,0.0,True
2024-07-05,E011_VRP_STRADDLE,TAKER,True,2,1.0,-1641.8218960681957,896.5525896084807,-2538.374485676676,0,0.0,False
2024-07-09,E011_VRP_STRADDLE,TAKER,True,2,1.0,1139.700789900522,332.99719020799114,806.7035996925309,0,0.0,True
2024-07-10,E011_VRP_STRADDLE,TAKER,True,2,1.0,581.9970168867294,524.3918361933365,57.60518069339287,0,0.0,True
2024-07-11,E011_VRP_STRADDLE,TAKER,True,2,1.0,3069.7894380897415,574.0792247068481,2495.7102133828935,0,0.0,True
2024-07-12,E011_VRP_STRADDLE,TAKER,True,2,1.0,-1393.5867988093344,666.3724319802843,-2059.9592307896187,0,0.0,False
2024-07-18,E011_VRP_STRADDLE,TAKER,True,2,1.0,107.21456890547688,541.7234091125058,-434.5088402070289,0,0.0,False
2024-07-23,E011_VRP_STRADDLE,TAKER,True,2,1.0,-286.07617783669775,520.083546492611,-806.1597243293088,0,0.0,False
2024-08-01,E011_VRP_STRADDLE,TAKER,True,2,1.0,3711.1148643126535,530.3151652117367,3180.7996991009168,0,0.0,True
2024-08-02,E011_VRP_STRADDLE,TAKER,True,2,1.0,860.8504794539223,575.3382752462205,285.51220420770176,0,0.0,True
2024-08-06,E011_VRP_STRADDLE,TAKER,True,2,1.0,817.9173355608755,441.6318606544555,376.28547490641995,0,0.0,True
2024-08-22,E011_VRP_STRADDLE,TAKER,True,2,1.0,5469.674382597324,381.17995011959795,5088.494432477726,0,0.0,True
2024-08-30,E011_VRP_STRADDLE,TAKER,True,2,1.0,1186.8704871076388,553.6498524700256,633.2206346376132,0,0.0,True
2024-09-05,E011_VRP_STRADDLE,TAKER,True,2,1.0,5606.244222197752,436.3384606260814,5169.90576157167,0,0.0,True
2024-09-06,E011_VRP_STRADDLE,TAKER,True,2,1.0,-563.4121649384001,597.7306315752517,-1161.1427965136518,0,0.0,False
2024-09-13,E011_VRP_STRADDLE,TAKER,True,2,1.0,4933.100847942051,252.6979274132479,4680.4029205288025,0,0.0,True
2024-09-19,E011_VRP_STRADDLE,TAKER,True,2,1.0,2444.4811207947423,611.7350547175618,1832.7460660771806,0,0.0,True
2024-09-20,E011_VRP_STRADDLE,TAKER,True,2,1.0,-449.7900179692172,705.7778312379098,-1155.567849207127,0,0.0,False
2024-09-26,E011_VRP_STRADDLE,TAKER,True,2,1.0,3824.662141187801,508.7059326806891,3315.956208507112,0,0.0,True
2024-10-03,E011_VRP_STRADDLE,TAKER,True,2,1.0,2074.522014445586,440.4720545681948,1634.0499598773913,0,0.0,True
2024-10-04,E011_VRP_STRADDLE,TAKER,True,2,1.0,4113.158375661213,567.2780962991233,3545.8802793620894,0,0.0,True
2024-10-08,E011_VRP_STRADDLE,TAKER,True,2,1.0,1705.151125103228,390.90477024388235,1314.2463548593455,0,0.0,True
2024-10-10,E011_VRP_STRADDLE,TAKER,True,2,1.0,8649.81314732998,338.6405447607592,8311.17260256922,0,0.0,True
2024-10-11,E011_VRP_STRADDLE,TAKER,True,2,1.0,1479.764067748867,600.0513191101797,879.7127486386873,0,0.0,True
2024-10-17,E011_VRP_STRADDLE,TAKER,True,2,1.0,4673.908073678391,525.8955628495551,4148.012510828836,0,0.0,True
2024-10-18,E011_VRP_STRADDLE,TAKER,True,2,1.0,4574.173639979515,390.11684794017555,4184.05679203934,0,0.0,True
2024-11-08,E011_VRP_STRADDLE,TAKER,True,2,1.0,8258.517009668069,333.47977069077433,7925.037238977295,0,0.0,True
2024-11-14,E011_VRP_STRADDLE,TAKER,True,2,1.0,7114.575827400638,385.3565151718599,6729.219312228779,0,0.0,True
2024-11-18,E011_VRP_STRADDLE,TAKER,True,2,1.0,1777.1084229196877,769.6457731515397,1007.4626497681479,0,0.0,True
2024-11-29,E011_VRP_STRADDLE,TAKER,True,2,1.0,17447.377127473235,807.2313101127072,16640.145817360528,0,0.0,True
2024-12-05,E011_VRP_STRADDLE,TAKER,True,2,1.0,6815.998207943336,1601.3864008621908,5214.611807081144,0,0.0,True
2024-12-06,E011_VRP_STRADDLE,TAKER,True,2,1.0,26044.28558539247,589.2496590754505,25455.03592631702,0,0.0,True
2024-12-13,E011_VRP_STRADDLE,TAKER,True,2,1.0,9612.952616218121,1157.0294041847303,8455.92321203339,0,0.0,True
2024-12-19,E011_VRP_STRADDLE,TAKER,True,2,1.0,24183.255662699008,723.5921289141772,23459.66353378483,0,0.0,True
2024-12-20,E011_VRP_STRADDLE,TAKER,True,2,1.0,3922.8500434616008,1127.0256150599512,2795.8244284016496,0,0.0,True
2024-12-27,E011_VRP_STRADDLE,TAKER,True,2,1.0,9066.12151538855,942.7647542415762,8123.356761146973,0,0.0,True
2025-01-02,E011_VRP_STRADDLE,TAKER,True,2,1.0,11688.53383523539,1214.389094995645,10474.144740239744,0,0.0,True
2025-01-03,E011_VRP_STRADDLE,TAKER,True,2,1.0,2745.134209064853,1142.660132806252,1602.4740762586011,0,0.0,True
2025-01-10,E011_VRP_STRADDLE,TAKER,True,2,1.0,8357.99105597677,1126.7349140444444,7231.2561419323265,0,0.0,True
2025-01-17,E011_VRP_STRADDLE,TAKER,True,2,1.0,-1317.5110876442468,2503.487048954241,-3820.9981365984877,0,0.0,False
2025-01-24,E011_VRP_STRADDLE,TAKER,True,2,1.0,368.7431494161892,1288.1757046182738,-919.4325552020846,0,0.0,False
2025-01-31,E011_VRP_STRADDLE,TAKER,True,2,1.0,9814.487236473706,821.598015814865,8992.88922065884,0,0.0,True
2025-02-07,E011_VRP_STRADDLE,TAKER,True,2,1.0,25192.155041781687,853.9999014742166,24338.15514030747,0,0.0,True
2025-02-14,E011_VRP_STRADDLE,TAKER,True,2,1.0,13579.367445377307,932.76396337133,12646.603482005978,0,0.0,True
2025-02-28,E011_VRP_STRADDLE,TAKER,True,2,1.0,-513.9451245741338,1297.8549802796856,-1811.8001048538194,0,0.0,False
2025-03-07,E011_VRP_STRADDLE,TAKER,True,2,1.0,12028.257901392226,1060.1407774299992,10968.117123962227,0,0.0,True
2025-03-17,E011_VRP_STRADDLE,TAKER,True,2,1.0,12352.490849953589,978.9310848009286,11373.55976515266,0,0.0,True
2025-03-21,E011_VRP_STRADDLE,TAKER,True,2,1.0,1707.7537253019773,1221.0934775295098,486.6602477724675,0,0.0,True
2025-03-28,E011_VRP_STRADDLE,TAKER,True,2,1.0,7423.081092914472,1205.4381976028808,6217.642895311591,0,0.0,True
2025-04-04,E011_VRP_STRADDLE,TAKER,True,2,1.0,-4925.481231195809,1491.734195332159,-6417.215426527969,0,0.0,False
2025-04-11,E011_VRP_STRADDLE,TAKER,True,2,1.0,-3821.8701921343636,1767.1476207899686,-5589.017812924332,0,0.0,False
2025-04-21,E011_VRP_STRADDLE,TAKER,True,2,1.0,4597.460160321712,934.0823899207919,3663.37777040092,0,0.0,True
2025-04-25,E011_VRP_STRADDLE,TAKER,True,2,1.0,-1572.032214707382,1064.5009482183268,-2636.533162925709,0,0.0,False
2025-05-02,E011_VRP_STRADDLE,TAKER,True,2,1.0,-1104.818116105278,1911.4250577340827,-3016.2431738393607,0,0.0,False
2025-05-16,E011_VRP_STRADDLE,TAKER,True,2,1.0,6098.717813142142,1111.2698387930704,4987.447974349072,0,0.0,True
2025-05-23,E011_VRP_STRADDLE,TAKER,True,2,1.0,-728.3262952124287,1175.9634695441673,-1904.289764756596,0,0.0,False
2025-06-06,E011_VRP_STRADDLE,TAKER,True,2,1.0,-3633.3203984444317,1452.2369925493558,-5085.5573909937875,0,0.0,False
2025-06-13,E011_VRP_STRADDLE,TAKER,True,2,1.0,9534.807230569295,941.2249562535372,8593.582274315757,0,0.0,True
2025-06-20,E011_VRP_STRADDLE,TAKER,True,2,1.0,2013.8943683210518,1026.3415326265263,987.5528356945256,0,0.0,True
2025-06-27,E011_VRP_STRADDLE,TAKER,True,2,1.0,11510.664144937922,829.9890282184574,10680.675116719465,0,0.0,True
2025-07-04,E011_VRP_STRADDLE,TAKER,True,2,1.0,1072.8517145501137,1353.3169767966508,-280.4652622465371,0,0.0,False
2025-07-25,E011_VRP_STRADDLE,TAKER,True,2,1.0,1405.8817823610862,1275.60980029589,130.2719820651962,0,0.0,True
2025-08-07,E011_VRP_STRADDLE,TAKER,True,2,1.0,14991.206184472285,1149.2077746055347,13841.99840986675,0,0.0,True
2025-08-08,E011_VRP_STRADDLE,TAKER,True,2,1.0,-759.8371356179487,1079.2345786311412,-1839.0717142490898,0,0.0,False
2025-08-14,E011_VRP_STRADDLE,TAKER,True,2,1.0,18421.092957825203,585.1153061807263,17835.977651644476,0,0.0,True
2025-08-18,E011_VRP_STRADDLE,TAKER,True,2,1.0,5130.77945324077,1117.7086397159133,4013.0708135248565,0,0.0,True
2025-08-21,E011_VRP_STRADDLE,TAKER,True,2,1.0,16425.558773992674,810.800406378528,15614.758367614146,0,0.0,True
2025-08-29,E011_VRP_STRADDLE,TAKER,True,2,1.0,10715.225179045661,957.3245969896691,9757.900582055992,0,0.0,True
2025-09-03,E011_VRP_STRADDLE,TAKER,True,2,1.0,15386.156388911884,818.3110022134209,14567.845386698464,0,0.0,True
2025-09-10,E011_VRP_STRADDLE,TAKER,True,2,1.0,2404.1216908198912,1189.4691218022442,1214.652569017647,0,0.0,True
2025-09-16,E011_VRP_STRADDLE,TAKER,True,2,1.0,13846.57384308229,1117.4772641469424,12729.096578935347,0,0.0,True
2025-09-17,E011_VRP_STRADDLE,TAKER,True,2,1.0,21420.944931323073,584.0795714664672,20836.865359856605,0,0.0,True
2025-09-24,E011_VRP_STRADDLE,TAKER,True,2,1.0,73.89565765936459,1863.0336975771884,-1789.1380399178238,0,0.0,False
2025-10-08,E011_VRP_STRADDLE,TAKER,True,2,1.0,9040.939387893573,834.5659150157442,8206.373472877829,0,0.0,True
2025-10-15,E011_VRP_STRADDLE,TAKER,True,2,1.0,8866.12760089264,786.4769284695665,8079.650672423073,0,0.0,True
2025-10-23,E011_VRP_STRADDLE,TAKER,True,2,1.0,6310.865068600381,967.6621542456844,5343.202914354697,0,0.0,True
2025-10-29,E011_VRP_STRADDLE,TAKER,True,2,1.0,8555.168773376701,945.1127483196238,7610.056025057077,0,0.0,True
2025-11-04,E011_VRP_STRADDLE,TAKER,True,2,1.0,23803.764488406516,962.8237431995059,22840.940745207008,0,0.0,True
2025-11-06,E011_VRP_STRADDLE,TAKER,True,2,1.0,-1799.6799095997458,1473.759047183772,-3273.438956783518,0,0.0,False
2025-11-12,E011_VRP_STRADDLE,TAKER,True,2,1.0,27383.486644007913,730.2998544481397,26653.186789559775,0,0.0,True
2025-11-19,E011_VRP_STRADDLE,TAKER,True,2,1.0,14572.070674606046,823.7153673638823,13748.355307242164,0,0.0,True
2025-11-26,E011_VRP_STRADDLE,TAKER,True,2,1.0,11022.704305177056,939.028277001336,10083.67602817572,0,0.0,True
2025-12-02,E011_VRP_STRADDLE,TAKER,True,2,1.0,24294.01966759868,937.1385749003393,23356.881092698342,0,0.0,True
2025-12-03,E011_VRP_STRADDLE,TAKER,True,2,1.0,23048.77108500588,719.6150978501698,22329.15598715571,0,0.0,True
2025-12-10,E011_VRP_STRADDLE,TAKER,True,2,1.0,13547.302297337437,808.7072952369144,12738.595002100523,0,0.0,True
2025-12-17,E011_VRP_STRADDLE,TAKER,True,2,1.0,25545.45539583809,591.7015493872309,24953.753846450858,0,0.0,True
2025-12-24,E011_VRP_STRADDLE,TAKER,True,2,1.0,23926.656778923134,590.9901152034574,23335.666663719676,0,0.0,True
2026-01-07,E011_VRP_STRADDLE,TAKER,True,2,1.0,16773.197907279362,657.9182587283299,16115.279648551032,0,0.0,True
2026-01-21,E011_VRP_STRADDLE,TAKER,True,2,1.0,12695.867971258951,1047.6664436032002,11648.20152765575,0,0.0,True
2026-02-25,E011_VRP_STRADDLE,TAKER,True,2,1.0,15546.48599818172,755.0010920548209,14791.4849061269,0,0.0,True
2026-03-04,E011_VRP_STRADDLE,TAKER,True,2,1.0,18657.27416634315,756.7361803075041,17900.537986035648,0,0.0,True
2026-03-10,E011_VRP_STRADDLE,TAKER,True,2,1.0,20237.753137494055,950.2613228648188,19287.491814629237,0,0.0,True
2026-03-11,E011_VRP_STRADDLE,TAKER,True,2,1.0,-1103.8109064185264,1035.3546210451932,-2139.1655274637196,0,0.0,False
2026-03-18,E011_VRP_STRADDLE,TAKER,True,2,1.0,3145.3639259838346,1085.3992911026505,2059.964634881184,0,0.0,True
2026-03-24,E011_VRP_STRADDLE,TAKER,True,2,1.0,18426.24041035243,871.808908817787,17554.431501534644,0,0.0,True
2026-03-25,E011_VRP_STRADDLE,TAKER,True,2,1.0,1030.7511897234538,934.1701120404214,96.58107768303239,0,0.0,True
2026-04-01,E011_VRP_STRADDLE,TAKER,True,2,1.0,642.0848825987189,1210.9815305115503,-568.8966479128314,0,0.0,False
2026-04-07,E011_VRP_STRADDLE,TAKER,True,2,1.0,9890.226537388062,994.675315553885,8895.551221834177,0,0.0,True
2026-04-08,E011_VRP_STRADDLE,TAKER,True,2,1.0,16250.259397390742,631.838600946721,15618.420796444021,0,0.0,True
2026-05-06,E011_VRP_STRADDLE,TAKER,True,2,1.0,11109.409689827233,919.2799458488333,10190.1297439784,0,0.0,True
2026-05-13,E011_VRP_STRADDLE,TAKER,True,2,1.0,992.8792763200072,1633.5721180076177,-640.6928416876106,0,0.0,False
2026-05-27,E011_VRP_STRADDLE,TAKER,True,2,1.0,723.5082965242837,1410.0823057735329,-686.5740092492492,0,0.0,False
2026-06-03,E011_VRP_STRADDLE,TAKER,True,2,1.0,-949.0138436166742,1570.3209408556302,-2519.3347844723044,0,0.0,False
2026-06-10,E011_VRP_STRADDLE,TAKER,True,2,1.0,9839.11740661594,739.6434942421286,9099.47391237381,0,0.0,True
2026-07-08,E011_VRP_STRADDLE,TAKER,True,2,1.0,-1854.220143222312,1129.0488022678585,-2983.26894549017,0,0.0,False
2026-07-15,E011_VRP_STRADDLE,TAKER,True,2,1.0,-3843.9475148119145,1915.4008408491445,-5759.348355661059,0,0.0,False
2026-07-22,E011_VRP_STRADDLE,TAKER,True,2,1.0,1462.8174518572434,1077.8579368985452,384.95951495869826,0,0.0,True
2026-08-03,E011_VRP_STRADDLE,TAKER,True,2,1.0,2699.215329557701,530.283522903277,2168.931806654424,0,0.0,True
2026-08-05,E011_VRP_STRADDLE,TAKER,True,2,1.0,10369.153590107428,824.5913087200106,9544.562281387418,0,0.0,True
2026-08-07,E011_VRP_STRADDLE,TAKER,True,2,1.0,2238.3911917295245,534.883566705245,1703.5076250242796,0,0.0,True
2026-08-11,E011_VRP_STRADDLE,TAKER,True,2,1.0,10322.472505355825,713.6886048477137,9608.783900508111,0,0.0,True
2026-08-12,E011_VRP_STRADDLE,TAKER,True,2,1.0,18413.04671036094,636.6433840949526,17776.403326265987,0,0.0,True
2026-08-19,E011_VRP_STRADDLE,TAKER,True,2,1.0,890.7161130321986,1083.7861691408518,-193.07005610865326,0,0.0,False
2026-08-26,E011_VRP_STRADDLE,TAKER,True,2,1.0,6774.000379007724,733.8098767362451,6040.190502271479,0,0.0,True
2026-09-01,E011_VRP_STRADDLE,TAKER,True,2,1.0,10186.7603412466,983.9190711130208,9202.841270133578,0,0.0,True
2026-09-02,E011_VRP_STRADDLE,TAKER,True,2,1.0,-1423.479152127478,1531.807598738097,-2955.2867508655754,0,0.0,False
2026-09-09,E011_VRP_STRADDLE,TAKER,True,2,1.0,3975.22493080562,1060.2075902193733,2915.0173405862465,0,0.0,True
2026-09-16,E011_VRP_STRADDLE,TAKER,True,2,1.0,8962.582925047946,956.887626484679,8005.695298563267,0,0.0,True
2026-09-23,E011_VRP_STRADDLE,TAKER,True,2,1.0,14192.673653034424,624.3499543613468,13568.323698673077,0,0.0,True
2021-03-01,E011_VRP_STRADDLE,MAKER,True,2,1.0,-453.29152620818877,277.307516417949,-730.5990426261378,2,442.5,False
2021-03-02,E011_VRP_STRADDLE,MAKER,False,1,,0.0,0.0,0.0,0,0.0,False
2021-03-08,E011_VRP_STRADDLE,MAKER,True,2,1.0,218.47856823863822,337.6942257483802,-119.21565750974196,1,221.25,False
2021-03-09,E011_VRP_STRADDLE,MAKER,True,2,5.0,-947.94548702259,329.62091666981246,-1277.5664036924024,2,442.5,False
2021-03-16,E011_VRP_STRADDLE,MAKER,True,2,1.0,3452.610658949291,226.81816869059986,3225.792490258691,2,442.5,True
2021-03-17,E011_VRP_STRADDLE,MAKER,False,1,,0.0,0.0,0.0,0,0.0,False
2021-03-18,E011_VRP_STRADDLE,MAKER,True,2,1.0,-3014.651427018107,632.7819579334104,-3647.4333849515174,2,442.5,False
2021-03-19,E011_VRP_STRADDLE,MAKER,True,2,2.0,-3509.942659082324,606.918857795386,-4116.8615168777105,1,221.25,False
2021-04-05,E011_VRP_STRADDLE,MAKER,True,2,2.0,-1263.742403833287,637.1551819341557,-1900.8975857674427,0,0.0,False
2021-04-13,E011_VRP_STRADDLE,MAKER,True,2,1.0,2127.075344014467,459.08053339215206,1667.994810622315,2,442.5,True
2021-04-29,E011_VRP_STRADDLE,MAKER,True,2,1.0,2742.5796658255467,513.3588136593709,2229.220852166176,2,333.0905,True
2021-05-04,E011_VRP_STRADDLE,MAKER,True,2,1.0,-2150.0773676774406,485.14011837703106,-2635.217486054472,2,442.5,False
2021-05-05,E011_VRP_STRADDLE,MAKER,True,2,1.0,858.2862344042924,434.3178213995657,423.9684130047267,2,442.5,True
2021-05-06,E011_VRP_STRADDLE,MAKER,True,2,1.0,6582.326294003146,716.3094510292174,5866.016842973929,3,663.75,True
2021-05-07,E011_VRP_STRADDLE,MAKER,True,2,2.0,-3215.472947485947,1450.5572571939279,-4666.030204679875,2,442.5,False
2021-05-20,E011_VRP_STRADDLE,MAKER,True,2,1.0,1912.0988054269208,632.8336774929828,1279.265127933938,2,442.5,True
2021-05-21,E011_VRP_STRADDLE,MAKER,True,2,2.0,567.7752991895086,488.595004376092,79.1802948134166,1,221.25,True
2021-06-17,E011_VRP_STRADDLE,MAKER,True,2,1.0,511.2224469484727,852.5237549435069,-341.3013079950342,2,442.5,False
2021-07-09,E011_VRP_STRADDLE,MAKER,False,1,,0.0,0.0,0.0,0,0.0,False
2021-07-16,E011_VRP_STRADDLE,MAKER,True,2,2.0,-1317.656611017379,1086.788473421929,-2404.4450844393077,1,147.5,False
2021-09-01,E011_VRP_STRADDLE,MAKER,True,2,1.0,987.8572067102609,550.1880606586956,437.66914605156535,2,295.0,True
2021-09-07,E011_VRP_STRADDLE,MAKER,True,2,1.0,577.6429323297787,363.66655723458837,213.9763750951903,2,295.0,True
2021-09-08,E011_VRP_STRADDLE,MAKER,False,1,,0.0,0.0,0.0,0,0.0,False
2021-09-14,E011_VRP_STRADDLE,MAKER,True,2,1.0,971.3437263635503,216.75806953858495,754.5856568249653,2,295.0,True
2021-09-17,E011_VRP_STRADDLE,MAKER,True,2,1.0,-152.02253054520588,1101.1579368846956,-1253.1804674299015,1,147.5,False
2021-09-21,E011_VRP_STRADDLE,MAKER,True,2,2.0,405.1703361603743,429.75737477943886,-24.58703861906457,2,295.0,False
2021-09-22,E011_VRP_STRADDLE,MAKER,True,2,1.0,1328.8696712649794,367.10247247004315,961.7671987949362,2,295.0,True
2021-09-23,E011_VRP_STRADDLE,MAKER,False,1,,0.0,0.0,0.0,0,0.0,False
2021-09-24,E011_VRP_STRADDLE,MAKER,True,2,1.0,-1693.310924184601,678.9912436530327,-2372.3021678376335,2,295.0,False
2021-09-28,E011_VRP_STRADDLE,MAKER,True,2,1.0,-1116.7761549560248,433.1292229047427,-1549.9053778607674,2,295.0,False
2021-09-30,E011_VRP_STRADDLE,MAKER,True,2,1.0,2549.6954130185272,680.1177894938185,1869.5776235247088,2,295.0,True
2021-10-07,E011_VRP_STRADDLE,MAKER,True,2,2.0,3192.9458563310363,443.32826306468223,2749.617593266354,2,295.0,True
2021-10-13,E011_VRP_STRADDLE,MAKER,False,1,,0.0,0.0,0.0,0,0.0,False
2021-10-14,E011_VRP_STRADDLE,MAKER,True,2,1.0,3272.491083382946,547.3144693914019,2725.176613991544,2,295.0,True
2021-10-19,E011_VRP_STRADDLE,MAKER,True,2,1.0,579.0733211845807,465.108721351436,113.96459983314469,2,295.0,True
2021-10-20,E011_VRP_STRADDLE,MAKER,True,2,1.0,84.57696363238517,597.142372537967,-512.5654089055819,3,442.5,False
2021-10-21,E011_VRP_STRADDLE,MAKER,True,2,1.0,675.6905426466683,451.5698337697167,224.1207088769516,1,147.5,True
2021-10-22,E011_VRP_STRADDLE,MAKER,True,2,1.0,-5540.462834119746,1419.028225471013,-6959.491059590759,1,147.5,False
2021-10-26,E011_VRP_STRADDLE,MAKER,True,2,1.0,-40.98850511659589,466.98850660826815,-507.97701172486404,2,295.0,False
2021-11-12,E011_VRP_STRADDLE,MAKER,True,2,2.0,-2169.948445978141,1047.6680354780353,-3217.616481456176,1,147.5,False
2021-12-03,E011_VRP_STRADDLE,MAKER,False,1,,0.0,0.0,0.0,0,0.0,False
2021-12-16,E011_VRP_STRADDLE,MAKER,True,2,1.0,1811.7950735074553,538.7311041026667,1273.0639694047886,1,147.5,True
2021-12-17,E011_VRP_STRADDLE,MAKER,False,1,,0.0,0.0,0.0,0,0.0,False
2021-12-21,E011_VRP_STRADDLE,MAKER,True,2,3.0,119.79298807214491,409.9196023372766,-290.1266142651317,2,295.0,False
2021-12-22,E011_VRP_STRADDLE,MAKER,True,2,1.0,1803.492098152342,285.62275470675235,1517.8693434455895,1,147.5,True
2022-01-04,E011_VRP_STRADDLE,MAKER,True,2,1.0,54.63891633663184,428.7337042707974,-374.09478793416554,2,295.0,False
2022-01-07,E011_VRP_STRADDLE,MAKER,False,1,,0.0,0.0,0.0,0,0.0,False
2022-01-11,E011_VRP_STRADDLE,MAKER,True,2,1.0,1761.6636392511289,201.23894358279662,1560.4246956683323,2,295.0,True
2022-01-12,E011_VRP_STRADDLE,MAKER,True,2,2.0,1921.118008011336,262.67269434243565,1658.4453136689003,1,147.5,True
2022-01-13,E011_VRP_STRADDLE,MAKER,True,2,1.0,616.2904162818886,595.2753748282682,21.01504145362037,2,295.0,True
2022-01-14,E011_VRP_STRADDLE,MAKER,False,1,,0.0,0.0,0.0,0,0.0,False
2022-01-18,E011_VRP_STRADDLE,MAKER,False,1,,0.0,0.0,0.0,0,0.0,False
2022-01-19,E011_VRP_STRADDLE,MAKER,True,2,1.0,422.3519816622845,423.7898057219762,-1.4378240596917067,0,0.0,False
2022-01-21,E011_VRP_STRADDLE,MAKER,True,2,1.0,-10636.003831214179,1415.1052634275563,-12051.109094641735,2,295.0,False
2022-01-25,E011_VRP_STRADDLE,MAKER,True,2,1.0,-692.5980461696827,417.8384617817335,-1110.4365079514162,2,295.0,False
2022-01-31,E011_VRP_STRADDLE,MAKER,True,2,1.0,1202.288240417395,228.7032064580984,973.5850339592965,2,295.0,True
2022-02-01,E011_VRP_STRADDLE,MAKER,True,2,1.0,357.8013164933336,395.16097861105357,-37.35966211771995,2,295.0,False
2022-02-15,E011_VRP_STRADDLE,MAKER,True,2,1.0,-264.26371962823896,474.68951930237563,-738.9532389306146,2,295.0,False
2022-02-22,E011_VRP_STRADDLE,MAKER,True,2,1.0,998.7973744709132,329.71796184057126,669.079412630342,2,295.0,True
2022-02-23,E011_VRP_STRADDLE,MAKER,True,2,1.0,3873.148106251575,353.78096216079774,3519.3671440907774,2,295.0,True
2022-02-28,E011_VRP_STRADDLE,MAKER,False,1,,0.0,0.0,0.0,0,0.0,False
2022-03-02,E011_VRP_STRADDLE,MAKER,True,2,1.0,561.3240168888001,247.6057841768818,313.7182327119183,2,295.0,True
2022-03-04,E011_VRP_STRADDLE,MAKER,True,2,3.0,6038.215815212643,508.56439308076153,5529.651422131881,2,295.0,True
2022-03-07,E011_VRP_STRADDLE,MAKER,True,2,1.0,1890.202739218529,146.65295040771704,1743.5497888108118,2,295.0,True
2022-03-08,E011_VRP_STRADDLE,MAKER,True,2,1.0,2112.450973657061,309.9771730843264,1802.4738005727345,2,295.0,True
2022-03-09,E011_VRP_STRADDLE,MAKER,True,2,1.0,1932.462176755062,380.12465532415456,1552.3375214309076,2,295.0,True
2022-03-10,E011_VRP_STRADDLE,MAKER,True,2,1.0,1436.6040074628854,660.6590428392622,775.9449646236233,2,295.0,True
2022-03-15,E011_VRP_STRADDLE,MAKER,True,2,1.0,2558.9742200108058,292.5752508848301,2266.398969125976,2,295.0,True
2022-03-16,E011_VRP_STRADDLE,MAKER,True,2,1.0,3564.9824189573765,220.60524966084517,3344.377169296531,1,147.5,True
2022-03-17,E011_VRP_STRADDLE,MAKER,True,2,1.0,4668.758994547441,428.7800850565098,4239.978909490931,2,295.0,True
2022-04-08,E011_VRP_STRADDLE,MAKER,False,1,,0.0,0.0,0.0,0,0.0,False
2022-05-20,E011_VRP_STRADDLE,MAKER,False,1,,0.0,0.0,0.0,0,0.0,False
2022-05-26,E011_VRP_STRADDLE,MAKER,True,2,1.0,1413.6367666377155,762.8076910646677,650.8290755730478,3,442.5,True
2022-06-14,E011_VRP_STRADDLE,MAKER,True,2,1.0,18.49660341793924,386.8935653577874,-368.39696193984815,2,295.0,False
2022-06-15,E011_VRP_STRADDLE,MAKER,True,2,1.0,1806.2463244382302,225.41375396048159,1580.8325704777485,2,295.0,True
2022-06-16,E011_VRP_STRADDLE,MAKER,True,2,1.0,1953.2934039768516,478.2678819708076,1475.025522006044,1,147.5,True
2022-07-07,E011_VRP_STRADDLE,MAKER,True,2,1.0,3852.338236623582,576.6305632051032,3275.707673418479,2,295.0,True
2022-07-14,E011_VRP_STRADDLE,MAKER,True,2,1.0,282.25479058058625,504.29371661329645,-222.0389260327102,3,370.9616,False
2022-07-28,E011_VRP_STRADDLE,MAKER,True,2,2.0,2578.593301707636,513.5201864438336,2065.0731152638023,1,147.5,True
2022-08-11,E011_VRP_STRADDLE,MAKER,True,2,1.0,4982.578083148954,259.71628493176854,4722.861798217185,2,295.0,True
2022-08-19,E011_VRP_STRADDLE,MAKER,True,2,1.0,-922.8824987147736,672.414508550032,-1595.2970072648056,2,295.0,False
2022-09-02,E011_VRP_STRADDLE,MAKER,True,2,1.0,-1457.896269389065,768.2636583594325,-2226.1599277484975,2,295.0,False
2022-09-07,E011_VRP_STRADDLE,MAKER,True,2,1.0,2114.611107572099,263.9728574372577,1850.6382501348414,2,295.0,True
2022-09-08,E011_VRP_STRADDLE,MAKER,False,1,,0.0,0.0,0.0,0,0.0,False
2022-09-15,E011_VRP_STRADDLE,MAKER,True,2,1.0,2972.7914775154304,497.74817196647194,2475.0433055489584,1,147.5,True
2022-09-20,E011_VRP_STRADDLE,MAKER,True,2,1.0,1594.036206383401,205.99931437877615,1388.0368920046249,2,295.0,True
2022-09-21,E011_VRP_STRADDLE,MAKER,True,2,5.0,1850.578915802374,343.8794015044359,1506.699514297938,3,442.5,True
2022-09-22,E011_VRP_STRADDLE,MAKER,False,1,,0.0,0.0,0.0,0,0.0,False
2022-09-27,E011_VRP_STRADDLE,MAKER,True,2,4.0,1003.5872478776098,340.8397328877877,662.7475149898221,2,295.0,True
2022-10-13,E011_VRP_STRADDLE,MAKER,True,2,1.0,4139.487245849661,512.9898515745695,3626.4973942750917,3,442.5,True
2022-11-03,E011_VRP_STRADDLE,MAKER,True,2,1.0,4624.0379385943515,441.63450909495475,4182.403429499397,2,295.0,True
2022-11-04,E011_VRP_STRADDLE,MAKER,False,1,,0.0,0.0,0.0,0,0.0,False
2022-11-11,E011_VRP_STRADDLE,MAKER,False,1,,0.0,0.0,0.0,0,0.0,False
2022-11-18,E011_VRP_STRADDLE,MAKER,False,1,,0.0,0.0,0.0,0,0.0,False
2022-12-02,E011_VRP_STRADDLE,MAKER,False,1,,0.0,0.0,0.0,0,0.0,False
2022-12-09,E011_VRP_STRADDLE,MAKER,False,1,,0.0,0.0,0.0,0,0.0,False
2023-01-06,E011_VRP_STRADDLE,MAKER,True,2,1.0,-1110.169915500574,618.49846346451,-1728.668378965084,2,295.0,False
2023-01-13,E011_VRP_STRADDLE,MAKER,True,2,1.0,-1709.1691671428598,1094.52435031084,-2803.6935174536998,2,295.0,False
2023-01-30,E011_VRP_STRADDLE,MAKER,False,1,,0.0,0.0,0.0,0,0.0,False
2023-01-31,E011_VRP_STRADDLE,MAKER,True,2,1.0,2479.5243603885656,210.73284029047775,2268.791520098088,2,295.0,True
2023-02-01,E011_VRP_STRADDLE,MAKER,True,2,1.0,-8560.525319567358,677.6356408486677,-9238.160960416026,2,295.0,False
2023-02-02,E011_VRP_STRADDLE,MAKER,True,2,1.0,2487.7490895262986,619.1544368243694,1868.5946527019291,2,252.16719999999998,True
2023-02-03,E011_VRP_STRADDLE,MAKER,False,1,,0.0,0.0,0.0,0,0.0,False
2023-02-10,E011_VRP_STRADDLE,MAKER,True,2,2.0,-635.9191036351801,696.7877006190786,-1332.7068042542587,1,147.5,False
2023-03-03,E011_VRP_STRADDLE,MAKER,False,1,,0.0,0.0,0.0,0,0.0,False
2023-03-10,E011_VRP_STRADDLE,MAKER,True,2,2.0,-2865.9069675454484,1154.0924372987358,-4019.999404844184,2,295.0,False
2023-03-15,E011_VRP_STRADDLE,MAKER,False,1,,0.0,0.0,0.0,0,0.0,False
2023-03-17,E011_VRP_STRADDLE,MAKER,True,2,1.0,-2463.8347405757445,906.5293831247518,-3370.3641237004963,2,295.0,False
2023-04-10,E011_VRP_STRADDLE,MAKER,True,2,5.0,-785.4967988319363,852.4328674073348,-1637.9296662392712,1,147.5,False
2023-04-17,E011_VRP_STRADDLE,MAKER,True,2,2.0,-1091.1946797839644,907.6520193685466,-1998.846699152511,1,147.5,False
2023-04-21,E011_VRP_STRADDLE,MAKER,True,2,1.0,-1415.2386110550324,707.8824558487813,-2123.1210669038137,2,295.0,False
2023-05-04,E011_VRP_STRADDLE,MAKER,True,2,1.0,1325.4937177858596,442.7928387579572,882.7008790279024,1,147.5,True
2023-05-05,E011_VRP_STRADDLE,MAKER,False,1,,0.0,0.0,0.0,0,0.0,False
2023-05-12,E011_VRP_STRADDLE,MAKER,False,1,,0.0,0.0,0.0,0,0.0,False
2023-05-19,E011_VRP_STRADDLE,MAKER,False,1,,0.0,0.0,0.0,0,0.0,False
2023-06-01,E011_VRP_STRADDLE,MAKER,True,2,5.0,4026.0891515792973,614.5802179808694,3411.508933598428,3,442.5,True
2023-06-02,E011_VRP_STRADDLE,MAKER,False,1,,0.0,0.0,0.0,0,0.0,False
2023-06-08,E011_VRP_STRADDLE,MAKER,True,2,2.0,2262.199711475384,616.2621637312765,1645.9375477441076,0,0.0,True
2023-06-09,E011_VRP_STRADDLE,MAKER,True,2,2.0,-272.25675080109045,713.9337682008525,-986.1905190019429,2,295.0,False
2023-06-16,E011_VRP_STRADDLE,MAKER,True,2,3.0,-1825.6270554115904,773.6790317152988,-2599.306087126889,1,147.5,False
2023-06-23,E011_VRP_STRADDLE,MAKER,False,1,,0.0,0.0,0.0,0,0.0,False
2023-07-06,E011_VRP_STRADDLE,MAKER,True,2,1.0,2583.8269406508844,540.9245920684137,2042.9023485824705,2,227.0198,True
2023-07-07,E011_VRP_STRADDLE,MAKER,False,1,,0.0,0.0,0.0,0,0.0,False
2023-07-14,E011_VRP_STRADDLE,MAKER,False,1,,0.0,0.0,0.0,0,0.0,False
2023-08-03,E011_VRP_STRADDLE,MAKER,True,2,4.0,-968.8071671072978,568.0021984392849,-1536.8093655465827,2,295.0,False
2023-08-04,E011_VRP_STRADDLE,MAKER,False,1,,0.0,0.0,0.0,0,0.0,False
2023-08-11,E011_VRP_STRADDLE,MAKER,False,1,,0.0,0.0,0.0,0,0.0,False
2023-08-18,E011_VRP_STRADDLE,MAKER,True,2,1.0,-3768.7759026138847,1702.140316028274,-5470.916218642158,2,295.0,False
2023-09-13,E011_VRP_STRADDLE,MAKER,True,2,3.0,56.67918261111981,509.7984674242059,-453.1192848130861,2,295.0,False
2023-09-14,E011_VRP_STRADDLE,MAKER,True,2,1.0,2115.5037256577384,451.6613419723027,1663.8423836854358,2,295.0,True
2023-09-15,E011_VRP_STRADDLE,MAKER,True,2,3.0,-1868.9256452181678,1077.6938585631729,-2946.6195037813404,2,295.0,False
2023-09-21,E011_VRP_STRADDLE,MAKER,True,2,4.0,635.7293659409625,628.8139957474,6.915370193562467,0,0.0,True
2023-09-22,E011_VRP_STRADDLE,MAKER,True,2,1.0,-1355.1476244586788,956.42551288414,-2311.573137342819,1,147.5,False
2023-10-11,E011_VRP_STRADDLE,MAKER,False,1,,0.0,0.0,0.0,0,0.0,False
2023-10-12,E011_VRP_STRADDLE,MAKER,True,2,1.0,2178.224800732456,561.6504201939495,1616.5743805385066,1,147.5,True
2023-10-13,E011_VRP_STRADDLE,MAKER,True,2,6.0,-857.6289031606427,778.206020205834,-1635.8349233664767,2,295.0,False
2023-10-17,E011_VRP_STRADDLE,MAKER,True,2,1.0,618.7737448298998,221.30070316969187,397.4730416602079,2,295.0,True
2023-10-18,E011_VRP_STRADDLE,MAKER,True,2,1.0,809.6146408569109,466.44572860115915,343.16891225575176,1,147.5,True
2023-10-19,E011_VRP_STRADDLE,MAKER,True,2,3.0,-504.20202678742135,458.4935806033506,-962.695607390772,4,518.2914,False
2023-10-20,E011_VRP_STRADDLE,MAKER,False,1,,0.0,0.0,0.0,0,0.0,False
2023-11-03,E011_VRP_STRADDLE,MAKER,False,0,,0.0,0.0,0.0,0,0.0,False
2023-11-09,E011_VRP_STRADDLE,MAKER,False,1,,0.0,0.0,0.0,0,0.0,False
2023-11-10,E011_VRP_STRADDLE,MAKER,False,1,,0.0,0.0,0.0,0,0.0,False
2023-11-17,E011_VRP_STRADDLE,MAKER,True,2,1.0,-1731.7777478588303,1276.5246516282778,-3008.3023994871082,2,295.0,False
2023-11-24,E011_VRP_STRADDLE,MAKER,True,2,6.0,-283.48933249765275,432.55375778475627,-716.043090282409,3,442.5,False
2023-12-04,E011_VRP_STRADDLE,MAKER,True,2,1.0,543.8765559777222,275.336212691633,268.5403432860892,1,147.5,True
2023-12-05,E011_VRP_STRADDLE,MAKER,True,2,1.0,1092.115917472415,421.42482840348964,670.6910890689254,2,295.0,True
2023-12-06,E011_VRP_STRADDLE,MAKER,True,2,1.0,1563.9794392431859,325.6140445635895,1238.3653946795964,2,295.0,True
2023-12-07,E011_VRP_STRADDLE,MAKER,True,2,2.0,3967.6448839251807,418.8733533654057,3548.771530559775,2,295.0,True
2023-12-08,E011_VRP_STRADDLE,MAKER,False,1,,0.0,0.0,0.0,0,0.0,False
2023-12-14,E011_VRP_STRADDLE,MAKER,True,2,1.0,2868.3472874841405,519.0794593066169,2349.2678281775234,2,295.0,True
2023-12-15,E011_VRP_STRADDLE,MAKER,False,1,,0.0,0.0,0.0,0,0.0,False
2023-12-22,E011_VRP_STRADDLE,MAKER,True,2,6.0,-1649.0033897368228,1054.0059627151736,-2703.009352451996,2,295.0,False
2024-01-05,E011_VRP_STRADDLE,MAKER,False,1,,0.0,0.0,0.0,0,0.0,False
2024-01-12,E011_VRP_STRADDLE,MAKER,True,2,5.0,-1931.3167746606523,523.0237725175152,-2454.3405471781675,2,295.0,False
2024-01-19,E011_VRP_STRADDLE,MAKER,True,2,3.0,-1999.2636230115802,946.6500043352207,-2945.913627346801,2,295.0,False
2024-01-31,E011_VRP_STRADDLE,MAKER,True,2,1.0,1796.9000053468658,357.0153589332857,1439.88464641358,2,295.0,True
2024-02-01,E011_VRP_STRADDLE,MAKER,True,2,3.0,7210.722256452811,497.0821836897263,6713.640072763084,2,295.0,True
2024-02-02,E011_VRP_STRADDLE,MAKER,False,1,,0.0,0.0,0.0,0,0.0,False
2024-02-09,E011_VRP_STRADDLE,MAKER,False,1,,0.0,0.0,0.0,0,0.0,False
2024-02-16,E011_VRP_STRADDLE,MAKER,True,2,5.0,-289.26125724914135,482.34882507909873,-771.6100823282401,2,295.0,False
2024-03-11,E011_VRP_STRADDLE,MAKER,False,1,,0.0,0.0,0.0,0,0.0,False
2024-03-14,E011_VRP_STRADDLE,MAKER,False,1,,0.0,0.0,0.0,0,0.0,False
2024-03-15,E011_VRP_STRADDLE,MAKER,True,2,1.0,-150.8818685325329,689.9012930426863,-840.7831615752193,2,295.0,False
2024-03-22,E011_VRP_STRADDLE,MAKER,False,1,,0.0,0.0,0.0,0,0.0,False
2024-04-05,E011_VRP_STRADDLE,MAKER,True,2,2.0,288.5609742093294,368.4338621399764,-79.87288793064698,3,442.5,False
2024-04-12,E011_VRP_STRADDLE,MAKER,True,2,5.0,-2415.6452640624047,785.1082807276465,-3200.7535447900514,2,295.0,False
2024-04-19,E011_VRP_STRADDLE,MAKER,True,2,1.0,-1207.7150496266058,522.6758694814079,-1730.3909191080138,1,147.5,False
2024-05-03,E011_VRP_STRADDLE,MAKER,False,1,,0.0,0.0,0.0,0,0.0,False
2024-05-10,E011_VRP_STRADDLE,MAKER,False,1,,0.0,0.0,0.0,0,0.0,False
2024-05-17,E011_VRP_STRADDLE,MAKER,False,1,,0.0,0.0,0.0,0,0.0,False
2024-06-03,E011_VRP_STRADDLE,MAKER,True,2,1.0,1557.9523355300466,141.3809279382587,1416.5714075917879,2,147.5,True
2024-06-04,E011_VRP_STRADDLE,MAKER,True,2,1.0,-8872.052169952727,640.1970477408329,-9512.24921769356,2,147.5,False
2024-06-05,E011_VRP_STRADDLE,MAKER,True,2,2.0,1476.1508316639915,411.56732943816735,1064.5835022258243,1,73.75,True
2024-07-04,E011_VRP_STRADDLE,MAKER,True,2,1.0,2174.411973901485,385.59997608444564,1788.8119978170394,2,147.5,True
2024-07-05,E011_VRP_STRADDLE,MAKER,True,2,5.0,-1987.0075821745977,669.4162954941651,-2656.4238776687625,2,147.5,False
2024-07-09,E011_VRP_STRADDLE,MAKER,True,2,1.0,919.0170117284882,183.12591167140388,735.8911000570844,1,73.75,True
2024-07-10,E011_VRP_STRADDLE,MAKER,True,2,1.0,-139.66489056262276,374.8190905239856,-514.4839810866083,2,147.5,False
2024-07-11,E011_VRP_STRADDLE,MAKER,True,2,1.0,2635.4361809513325,424.4995278127769,2210.936653138556,1,73.75,True
2024-07-12,E011_VRP_STRADDLE,MAKER,False,1,,0.0,0.0,0.0,0,0.0,False
2024-07-18,E011_VRP_STRADDLE,MAKER,True,2,5.0,-12.798668290981595,391.62788500055115,-404.42655329153274,3,221.25,False
2024-07-23,E011_VRP_STRADDLE,MAKER,True,2,1.0,-322.2769310630197,370.1023345214586,-692.3792655844783,2,147.5,False
2024-08-01,E011_VRP_STRADDLE,MAKER,True,2,3.0,2780.672784047692,380.86683164736667,2399.805952400325,2,147.5,True
2024-08-02,E011_VRP_STRADDLE,MAKER,False,1,,0.0,0.0,0.0,0,0.0,False
2024-08-06,E011_VRP_STRADDLE,MAKER,True,2,1.0,1332.186266823675,291.32262379831604,1040.863643025359,2,147.5,True
2024-08-22,E011_VRP_STRADDLE,MAKER,True,2,3.0,4782.431004810752,231.58669444842093,4550.844310362331,2,147.5,True
2024-08-30,E011_VRP_STRADDLE,MAKER,True,2,2.0,-160.9459591128832,404.61448829032844,-565.5604474032116,1,73.75,False
2024-09-05,E011_VRP_STRADDLE,MAKER,True,2,1.0,4915.162877478929,286.7474919993994,4628.4153854795295,3,221.25,True
2024-09-06,E011_VRP_STRADDLE,MAKER,True,2,4.0,-1260.2073319807969,359.239753218996,-1619.4470851997928,3,221.25,False
2024-09-13,E011_VRP_STRADDLE,MAKER,False,1,,0.0,0.0,0.0,0,0.0,False
2024-09-19,E011_VRP_STRADDLE,MAKER,True,2,1.0,2041.3017178457194,461.9725253237791,1579.3291925219403,3,221.25,True
2024-09-20,E011_VRP_STRADDLE,MAKER,False,1,,0.0,0.0,0.0,0,0.0,False
2024-09-26,E011_VRP_STRADDLE,MAKER,False,1,,0.0,0.0,0.0,0,0.0,False
2024-10-03,E011_VRP_STRADDLE,MAKER,True,2,1.0,1691.5634116705112,290.6974755995885,1400.8659360709228,3,221.25,True
2024-10-04,E011_VRP_STRADDLE,MAKER,True,2,4.0,-557.7505227335429,420.0587069116767,-977.8092296452196,2,147.5,False
2024-10-08,E011_VRP_STRADDLE,MAKER,True,2,4.0,1243.2287984403843,241.1772457583408,1002.0515526820434,1,73.75,True
2024-10-10,E011_VRP_STRADDLE,MAKER,True,2,2.0,7510.032189349059,189.48121223362003,7320.550977115439,2,147.5,True
2024-10-11,E011_VRP_STRADDLE,MAKER,True,2,1.0,-346.77256384905183,451.1369682889489,-797.9095321380007,2,147.5,False
2024-10-17,E011_VRP_STRADDLE,MAKER,True,2,1.0,4073.370638894164,376.41489510694294,3696.9557437872213,2,147.5,True
2024-10-18,E011_VRP_STRADDLE,MAKER,False,1,,0.0,0.0,0.0,0,0.0,False
2024-11-08,E011_VRP_STRADDLE,MAKER,False,1,,0.0,0.0,0.0,0,0.0,False
2024-11-14,E011_VRP_STRADDLE,MAKER,True,2,1.0,6108.832765462777,235.9530534624687,5872.879712000309,2,147.5,True
2024-11-18,E011_VRP_STRADDLE,MAKER,False,1,,0.0,0.0,0.0,0,0.0,False
2024-11-29,E011_VRP_STRADDLE,MAKER,False,1,,0.0,0.0,0.0,0,0.0,False
2024-12-05,E011_VRP_STRADDLE,MAKER,True,2,1.0,16328.820190179598,1145.7093582429764,15183.110831936621,2,442.5,True
2024-12-06,E011_VRP_STRADDLE,MAKER,False,0,,0.0,0.0,0.0,0,0.0,False
2024-12-13,E011_VRP_STRADDLE,MAKER,False,1,,0.0,0.0,0.0,0,0.0,False
2024-12-19,E011_VRP_STRADDLE,MAKER,True,2,1.0,20829.149569701618,275.5824887349944,20553.567080966623,3,663.75,True
2024-12-20,E011_VRP_STRADDLE,MAKER,True,2,6.0,1894.2844496501666,584.9775146473636,1309.3069350028031,1,221.25,True
2024-12-27,E011_VRP_STRADDLE,MAKER,False,1,,0.0,0.0,0.0,0,0.0,False
2025-01-02,E011_VRP_STRADDLE,MAKER,True,2,4.0,9775.471645430542,765.0279687545499,9010.443676675992,3,570.4110000000001,True
2025-01-03,E011_VRP_STRADDLE,MAKER,False,1,,0.0,0.0,0.0,0,0.0,False
2025-01-10,E011_VRP_STRADDLE,MAKER,False,1,,0.0,0.0,0.0,0,0.0,False
2025-01-17,E011_VRP_STRADDLE,MAKER,False,1,,0.0,0.0,0.0,0,0.0,False
2025-01-24,E011_VRP_STRADDLE,MAKER,False,1,,0.0,0.0,0.0,0,0.0,False
2025-01-31,E011_VRP_STRADDLE,MAKER,False,1,,0.0,0.0,0.0,0,0.0,False
2025-02-07,E011_VRP_STRADDLE,MAKER,False,0,,0.0,0.0,0.0,0,0.0,False
2025-02-14,E011_VRP_STRADDLE,MAKER,False,1,,0.0,0.0,0.0,0,0.0,False
2025-02-28,E011_VRP_STRADDLE,MAKER,True,2,3.0,815.955472711461,748.4489318148749,67.5065408965861,3,663.75,True
2025-03-07,E011_VRP_STRADDLE,MAKER,False,1,,0.0,0.0,0.0,0,0.0,False
2025-03-17,E011_VRP_STRADDLE,MAKER,False,1,,0.0,0.0,0.0,0,0.0,False
2025-03-21,E011_VRP_STRADDLE,MAKER,True,2,3.0,-1076.6512411967597,806.2998891392742,-1882.9511303360339,2,442.5,False
2025-03-28,E011_VRP_STRADDLE,MAKER,False,1,,0.0,0.0,0.0,0,0.0,False
2025-04-04,E011_VRP_STRADDLE,MAKER,True,2,3.0,-6611.380910241014,808.2571093951188,-7419.638019636133,2,442.5,False
2025-04-11,E011_VRP_STRADDLE,MAKER,False,1,,0.0,0.0,0.0,0,0.0,False
2025-04-21,E011_VRP_STRADDLE,MAKER,True,2,4.0,543.8510778172476,485.9968155730563,57.85426224419132,2,442.5,True
2025-04-25,E011_VRP_STRADDLE,MAKER,False,1,,0.0,0.0,0.0,0,0.0,False
2025-05-02,E011_VRP_STRADDLE,MAKER,True,2,2.0,-7298.782950525619,1465.1076893789138,-8763.890639904532,2,442.5,False
2025-05-16,E011_VRP_STRADDLE,MAKER,False,1,,0.0,0.0,0.0,0,0.0,False
2025-05-23,E011_VRP_STRADDLE,MAKER,False,1,,0.0,0.0,0.0,0,0.0,False
2025-06-06,E011_VRP_STRADDLE,MAKER,False,1,,0.0,0.0,0.0,0,0.0,False
2025-06-13,E011_VRP_STRADDLE,MAKER,False,1,,0.0,0.0,0.0,0,0.0,False
2025-06-20,E011_VRP_STRADDLE,MAKER,True,2,6.0,4251.094136281961,575.0000332847983,3676.0941029971627,2,442.5,True
2025-06-27,E011_VRP_STRADDLE,MAKER,False,1,,0.0,0.0,0.0,0,0.0,False
2025-07-04,E011_VRP_STRADDLE,MAKER,True,2,1.0,-513.5794683565398,904.2539791385449,-1417.8334474950848,2,442.5,False
2025-07-25,E011_VRP_STRADDLE,MAKER,True,2,2.0,-1712.3801509751124,827.952388581965,-2540.3325395570773,1,221.25,False
2025-08-07,E011_VRP_STRADDLE,MAKER,True,2,1.0,14897.560885202976,699.2552258393692,14198.305659363607,2,442.5,True
2025-08-08,E011_VRP_STRADDLE,MAKER,True,2,1.0,-1011.8122813719765,629.3763786204959,-1641.1886599924724,2,353.2251,False
2025-08-14,E011_VRP_STRADDLE,MAKER,True,2,5.0,16110.98342924063,136.9763164488098,15974.00711279182,2,442.5,True
2025-08-18,E011_VRP_STRADDLE,MAKER,False,1,,0.0,0.0,0.0,0,0.0,False
2025-08-21,E011_VRP_STRADDLE,MAKER,True,2,1.0,13696.828633867879,362.9108726690284,13333.91776119885,2,442.5,True
2025-08-29,E011_VRP_STRADDLE,MAKER,False,1,,0.0,0.0,0.0,0,0.0,False
2025-09-03,E011_VRP_STRADDLE,MAKER,False,1,,0.0,0.0,0.0,0,0.0,False
2025-09-10,E011_VRP_STRADDLE,MAKER,False,1,,0.0,0.0,0.0,0,0.0,False
2025-09-16,E011_VRP_STRADDLE,MAKER,False,1,,0.0,0.0,0.0,0,0.0,False
2025-09-17,E011_VRP_STRADDLE,MAKER,False,0,,0.0,0.0,0.0,0,0.0,False
2025-09-24,E011_VRP_STRADDLE,MAKER,False,1,,0.0,0.0,0.0,0,0.0,False
2025-10-08,E011_VRP_STRADDLE,MAKER,False,1,,0.0,0.0,0.0,0,0.0,False
2025-10-15,E011_VRP_STRADDLE,MAKER,False,0,,0.0,0.0,0.0,0,0.0,False
2025-10-23,E011_VRP_STRADDLE,MAKER,False,1,,0.0,0.0,0.0,0,0.0,False
2025-10-29,E011_VRP_STRADDLE,MAKER,False,1,,0.0,0.0,0.0,0,0.0,False
2025-11-04,E011_VRP_STRADDLE,MAKER,True,2,1.0,21730.478805905677,514.050862137708,21216.42794376797,3,663.75,True
2025-11-06,E011_VRP_STRADDLE,MAKER,True,2,2.0,-2602.1625574316568,1024.7216625936153,-3626.884220025272,1,221.25,False
2025-11-12,E011_VRP_STRADDLE,MAKER,False,0,,0.0,0.0,0.0,0,0.0,False
2025-11-19,E011_VRP_STRADDLE,MAKER,False,1,,0.0,0.0,0.0,0,0.0,False
2025-11-26,E011_VRP_STRADDLE,MAKER,False,1,,0.0,0.0,0.0,0,0.0,False
2025-12-02,E011_VRP_STRADDLE,MAKER,True,2,2.0,20332.35703885134,489.49097766080985,19842.86606119053,3,663.75,True
2025-12-03,E011_VRP_STRADDLE,MAKER,False,1,,0.0,0.0,0.0,0,0.0,False
2025-12-10,E011_VRP_STRADDLE,MAKER,False,0,,0.0,0.0,0.0,0,0.0,False
2025-12-17,E011_VRP_STRADDLE,MAKER,False,1,,0.0,0.0,0.0,0,0.0,False
2025-12-24,E011_VRP_STRADDLE,MAKER,False,0,,0.0,0.0,0.0,0,0.0,False
2026-01-07,E011_VRP_STRADDLE,MAKER,False,0,,0.0,0.0,0.0,0,0.0,False
2026-01-21,E011_VRP_STRADDLE,MAKER,False,1,,0.0,0.0,0.0,0,0.0,False
2026-02-25,E011_VRP_STRADDLE,MAKER,False,0,,0.0,0.0,0.0,0,0.0,False
2026-03-04,E011_VRP_STRADDLE,MAKER,False,1,,0.0,0.0,0.0,0,0.0,False
2026-03-10,E011_VRP_STRADDLE,MAKER,True,2,1.0,17785.79626198286,561.7152055669359,17224.081056415926,2,383.5,True
2026-03-11,E011_VRP_STRADDLE,MAKER,False,1,,0.0,0.0,0.0,0,0.0,False
2026-03-18,E011_VRP_STRADDLE,MAKER,False,1,,0.0,0.0,0.0,0,0.0,False
2026-03-24,E011_VRP_STRADDLE,MAKER,True,2,1.0,15464.147723900744,483.5667814496436,14980.5809424511,2,383.5,True
2026-03-25,E011_VRP_STRADDLE,MAKER,False,1,,0.0,0.0,0.0,0,0.0,False
2026-04-01,E011_VRP_STRADDLE,MAKER,True,2,3.0,-2400.3831824649146,822.7872988315219,-3223.1704812964363,2,383.5,False
2026-04-07,E011_VRP_STRADDLE,MAKER,True,2,1.0,10631.900892536578,604.226113405652,10027.674779130926,2,318.2674,True
2026-04-08,E011_VRP_STRADDLE,MAKER,False,1,,0.0,0.0,0.0,0,0.0,False
2026-05-06,E011_VRP_STRADDLE,MAKER,False,1,,0.0,0.0,0.0,0,0.0,False
2026-05-13,E011_VRP_STRADDLE,MAKER,True,2,2.0,-3878.9841182324712,1158.8075023284573,-5037.791620560929,1,191.75,False
2026-05-27,E011_VRP_STRADDLE,MAKER,True,2,2.0,-1833.7435491164074,1021.5989337483503,-2855.3424828647576,2,383.5,False
2026-06-03,E011_VRP_STRADDLE,MAKER,False,1,,0.0,0.0,0.0,0,0.0,False
2026-06-10,E011_VRP_STRADDLE,MAKER,False,1,,0.0,0.0,0.0,0,0.0,False
2026-07-08,E011_VRP_STRADDLE,MAKER,False,1,,0.0,0.0,0.0,0,0.0,False
2026-07-15,E011_VRP_STRADDLE,MAKER,False,1,,0.0,0.0,0.0,0,0.0,False
2026-07-22,E011_VRP_STRADDLE,MAKER,False,1,,0.0,0.0,0.0,0,0.0,False
2026-08-03,E011_VRP_STRADDLE,MAKER,True,2,1.0,1666.1445940654878,140.89189135455678,1525.252702710931,2,383.5,True
2026-08-05,E011_VRP_STRADDLE,MAKER,False,0,,0.0,0.0,0.0,0,0.0,False
2026-08-07,E011_VRP_STRADDLE,MAKER,True,2,1.0,1530.629718910038,145.29808336689814,1385.3316355431398,2,383.5,True
2026-08-11,E011_VRP_STRADDLE,MAKER,False,1,,0.0,0.0,0.0,0,0.0,False
2026-08-12,E011_VRP_STRADDLE,MAKER,False,1,,0.0,0.0,0.0,0,0.0,False
2026-08-19,E011_VRP_STRADDLE,MAKER,False,1,,0.0,0.0,0.0,0,0.0,False
2026-08-26,E011_VRP_STRADDLE,MAKER,False,1,,0.0,0.0,0.0,0,0.0,False
2026-09-01,E011_VRP_STRADDLE,MAKER,True,2,1.0,8859.586427053777,594.7026956484883,8264.883731405289,2,383.5,True
2026-09-02,E011_VRP_STRADDLE,MAKER,True,2,2.0,-925.1801808593586,1141.5034239811184,-2066.683604840477,1,191.75,False
2026-09-09,E011_VRP_STRADDLE,MAKER,False,1,,0.0,0.0,0.0,0,0.0,False
2026-09-16,E011_VRP_STRADDLE,MAKER,False,1,,0.0,0.0,0.0,0,0.0,False
2026-09-23,E011_VRP_STRADDLE,MAKER,False,1,,0.0,0.0,0.0,0,0.0,False
