date,is_rule_day,expiry,lot,dte0,spot_open,credit,put_wall,call_wall,exit_reason,bars_held,gross_pnl,friction,net_pnl,win,net_delta
2021-01-04T00:00:00,False,2021-01-07,25.0,3.0,14100.8999,580.0,14000.0,14500.0,EOD,75.0,30.0,344.41,-314.41,False,0.1136
2021-01-05T00:00:00,False,2021-01-07,25.0,2.0,14076.2999,536.25,14000.0,14500.0,EOD,75.0,200.0,342.84,-142.84,False,0.1572
2021-01-06T00:00:00,False,2021-01-07,25.0,1.0,14263.6,475.0,14000.0,14500.0,EOD,75.0,220.0,340.92,-120.92,False,0.0704
2021-01-07T00:00:00,False,2021-01-07,25.0,0.5,14249.3999,1506.25,14100.0,14200.0,TRAIL,67.0,1259.54,343.27,916.27,True,-0.529
2021-01-08T00:00:00,False,2021-01-14,25.0,6.0,14261.5,1460.0,14200.0,14500.0,EOD,75.0,35.0,348.91,-313.91,False,0.0469
2021-01-11T00:00:00,False,2021-01-14,25.0,3.0,14473.7999,550.0,14200.0,14800.0,EOD,75.0,145.0,342.47,-197.47,False,0.0646
2021-01-12T00:00:00,False,2021-01-14,25.0,2.0,14470.7,22.5,13500.0,15000.0,EOD,75.0,-18.75,339.43,-358.18,False,-0.0024
2021-01-13T00:00:00,False,2021-01-14,25.0,1.0,14640.3999,1293.75,14500.0,14700.0,EOD,75.0,747.5,344.3,403.2,True,-0.1217
2021-01-14T00:00:00,False,2021-01-14,25.0,0.5,14551.2,1177.5,14500.0,14600.0,TRAIL,66.0,1072.62,341.88,730.74,True,-0.051
2021-01-15T00:00:00,False,2021-01-21,25.0,6.0,14601.1,3131.25,14500.0,14600.0,EOD,75.0,506.25,359.08,147.17,True,-0.0549
2021-01-18T00:00:00,False,2021-01-21,25.0,3.0,14458.0,1175.0,13500.0,14600.0,EOD,75.0,793.75,345.09,448.66,True,-0.1556
2021-01-19T00:00:00,False,2021-01-21,25.0,2.0,14371.3999,1857.5,14400.0,14600.0,EOD,75.0,376.25,353.76,22.49,True,0.0263
2021-01-20T00:00:00,False,2021-01-21,25.0,1.0,14550.0,397.5,14000.0,14700.0,EOD,75.0,-72.5,340.17,-412.67,False,-0.1258
2021-01-21T00:00:00,False,2021-01-21,25.0,0.5,14732.5,106.25,14000.0,14800.0,TRAIL,64.0,195.25,339.18,-143.93,False,-0.156
2021-01-22T00:00:00,False,2021-01-28,25.0,6.0,14587.1,471.25,14000.0,15000.0,EOD,75.0,-10.0,342.58,-352.58,False,-0.0263
2021-01-25T00:00:00,False,2021-01-28,25.0,3.0,14487.5,455.0,14000.0,15000.0,EOD,75.0,47.5,341.22,-293.72,False,0.0414
2021-01-27T00:00:00,False,2021-01-28,25.0,1.0,14259.2,88.75,13500.0,14700.0,EOD,75.0,51.25,339.36,-288.11,False,-0.0267
2021-01-28T00:00:00,False,2021-01-28,25.0,0.5,13812.7999,563.75,13500.0,14000.0,TRAIL,64.0,587.82,340.37,247.45,True,-0.1375
2021-01-29T00:00:00,False,2021-02-04,25.0,6.0,13937.2999,1327.5,13800.0,16000.0,EOD,75.0,-538.75,353.17,-891.92,False,0.1049
2021-02-01T00:00:00,False,2021-02-04,25.0,3.0,13751.7,156.25,13000.0,15000.0,TRAIL,72.0,126.8,342.27,-215.47,False,0.0123
2021-02-02T00:00:00,False,2021-02-04,25.0,2.0,14485.8999,161.25,13500.0,15000.0,STOP,4.0,-244.51,340.27,-584.78,False,-0.0262
2021-02-03T00:00:00,False,2021-02-04,25.0,1.0,14749.8999,451.25,14000.0,15000.0,EOD,75.0,285.0,340.99,-55.99,False,-0.1115
2021-02-04T00:00:00,False,2021-02-04,25.0,0.5,14801.5,400.0,14700.0,15000.0,TRAIL,64.0,363.8,341.06,22.74,True,0.096
2021-02-05T00:00:00,False,2021-02-11,,,,,,,NOSIM,,,,0.0,,
2021-02-08T00:00:00,False,2021-02-11,25.0,3.0,15071.2,272.5,14000.0,15500.0,EOD,75.0,80.0,340.91,-260.91,False,-0.0778
2021-02-09T00:00:00,False,2021-02-11,25.0,2.0,15165.2,1160.0,15000.0,15500.0,EOD,75.0,272.5,345.84,-73.34,False,0.0516
2021-02-10T00:00:00,False,2021-02-11,25.0,1.0,15117.2999,853.75,15000.0,15300.0,EOD,75.0,113.75,346.44,-232.69,False,-0.0055
2021-02-11T00:00:00,False,2021-02-11,25.0,0.5,15071.5,1336.25,15000.0,15200.0,TRAIL,64.0,1191.72,342.72,849.0,True,0.0447
2021-02-12T00:00:00,False,2021-02-18,,,,,,,NOSIM,,,,0.0,,
2021-02-15T00:00:00,False,2021-02-18,25.0,3.0,15266.6,522.5,15000.0,15500.0,EOD,75.0,-236.25,343.93,-580.18,False,-0.0494
2021-02-16T00:00:00,False,2021-02-18,25.0,2.0,15372.2999,1565.0,15000.0,15400.0,EOD,75.0,533.75,345.84,187.91,True,-0.1961
2021-02-17T00:00:00,False,2021-02-18,25.0,1.0,15278.7999,1793.75,15000.0,15300.0,EOD,75.0,1172.5,345.02,827.48,True,-0.2281
2021-02-18T00:00:00,False,2021-02-18,25.0,0.5,15249.3999,2128.75,15100.0,15150.0,TRAIL,64.0,1808.94,346.15,1462.79,True,-0.5809
2021-02-19T00:00:00,False,2021-02-25,25.0,6.0,15079.7999,103.75,14000.0,16000.0,EOD,75.0,40.0,339.86,-299.86,False,0.0033
2021-02-22T00:00:00,False,2021-02-25,25.0,3.0,15005.5,2181.25,14000.0,15000.0,TRAIL,75.0,1757.5,349.55,1407.95,True,-0.195
2021-02-23T00:00:00,False,2021-02-25,25.0,2.0,14775.7999,332.5,14000.0,15000.0,EOD,75.0,132.5,341.74,-209.24,False,-0.0687
2021-02-24T00:00:00,False,2021-02-25,25.0,1.0,14691.2999,217.5,14000.0,15000.0,STOP,10.0,-381.97,339.96,-721.93,False,-0.0604
2021-02-25T00:00:00,False,2021-02-25,25.0,0.5,15086.7999,830.0,14000.0,15100.0,TRAIL,72.0,731.94,341.45,390.49,True,-0.3418
2021-02-26T00:00:00,False,2021-03-04,25.0,6.0,14884.7999,2462.5,14000.0,15000.0,EOD,75.0,1482.5,352.23,1130.27,True,-0.14
2021-03-01T00:00:00,False,2021-03-04,25.0,3.0,14703.2999,822.5,14500.0,15000.0,EOD,75.0,-533.75,355.8,-889.55,False,-0.036
2021-03-02T00:00:00,False,2021-03-04,25.0,2.0,14885.8999,2528.75,14700.0,15000.0,EOD,75.0,998.75,352.1,646.65,True,-0.0322
2021-03-03T00:00:00,False,2021-03-04,25.0,1.0,15063.7999,1187.5,15000.0,15500.0,TRAIL,71.0,957.93,345.27,612.66,True,0.1964
2021-03-04T00:00:00,False,2021-03-04,25.0,0.5,15032.7999,1555.0,15000.0,15200.0,TRAIL,64.0,1322.45,344.24,978.21,True,0.1426
2021-03-05T00:00:00,False,2021-03-10,25.0,5.0,14972.0,506.25,14000.0,15500.0,EOD,75.0,152.5,343.58,-191.08,False,-0.0733
2021-03-08T00:00:00,False,2021-03-10,25.0,2.0,15010.2,496.25,14500.0,15500.0,EOD,75.0,192.5,344.3,-151.8,False,-0.0101
2021-03-09T00:00:00,False,2021-03-10,25.0,1.0,15041.0,958.75,15000.0,15500.0,EOD,75.0,290.0,346.77,-56.77,False,0.1501
2021-03-10T00:00:00,False,2021-03-10,25.0,0.5,15205.3999,1831.25,15150.0,15200.0,TRAIL,64.0,1507.35,344.74,1162.61,True,-0.135
2021-03-12T00:00:00,False,2021-03-18,25.0,6.0,15315.0,820.0,15000.0,16000.0,EOD,75.0,-540.0,344.24,-884.24,False,0.0844
2021-03-15T00:00:00,False,2021-03-18,25.0,3.0,15046.8999,283.75,14500.0,16000.0,EOD,75.0,55.0,341.14,-286.14,False,0.0391
2021-03-16T00:00:00,False,2021-03-18,25.0,2.0,14994.7999,173.75,14500.0,16000.0,EOD,75.0,42.5,339.88,-297.38,False,0.0461
2021-03-17T00:00:00,False,2021-03-18,25.0,1.0,14945.3999,91.25,14500.0,15500.0,STOP,71.0,-170.86,339.63,-510.49,False,0.0008
2021-03-18T00:00:00,False,2021-03-18,25.0,0.5,14857.8999,62.5,14500.0,15500.0,STOP,57.0,-94.88,339.31,-434.19,False,0.0028
2021-03-19T00:00:00,False,2021-03-25,25.0,6.0,14475.8999,1658.75,14500.0,16000.0,EOD,75.0,947.5,356.58,590.92,True,0.1302
2021-03-22T00:00:00,False,2021-03-25,25.0,3.0,14743.1,862.5,14500.0,15500.0,EOD,75.0,241.25,346.32,-105.07,False,0.0821
2021-03-23T00:00:00,False,2021-03-25,25.0,2.0,14768.0,807.5,14000.0,15000.0,EOD,75.0,165.0,342.3,-177.3,False,-0.1263
2021-03-24T00:00:00,False,2021-03-25,25.0,1.0,14711.0,450.0,14000.0,15000.0,TRAIL,67.0,367.79,340.55,27.24,True,-0.094
2021-03-25T00:00:00,False,2021-03-25,25.0,0.5,14575.2999,18.75,14000.0,15000.0,STOP,33.0,-27.14,339.04,-366.18,False,-0.0071
2021-03-26T00:00:00,False,2021-04-01,25.0,6.0,14505.5,643.75,14000.0,15000.0,EOD,75.0,268.75,344.84,-76.09,False,-0.0242
2021-03-31T00:00:00,False,2021-04-01,25.0,1.0,14812.6,705.0,14000.0,15000.0,TRAIL,70.0,604.46,341.79,262.67,True,-0.1395
2021-04-01T00:00:00,False,2021-04-01,25.0,0.5,14797.2,648.75,14000.0,15000.0,TRAIL,64.0,535.15,340.55,194.6,True,-0.1717
2021-04-05T00:00:00,False,2021-04-08,25.0,3.0,14845.2,1301.25,14000.0,15000.0,EOD,75.0,920.0,345.21,574.79,True,-0.1502
2021-04-06T00:00:00,False,2021-04-08,25.0,2.0,14728.1,340.0,14000.0,15000.0,EOD,75.0,113.75,341.1,-227.35,False,-0.0614
2021-04-07T00:00:00,False,2021-04-08,25.0,1.0,14717.0,213.75,14000.0,15000.0,EOD,75.0,2.5,339.93,-337.43,False,-0.0486
2021-04-08T00:00:00,False,2021-04-08,25.0,0.5,14873.1,895.0,14500.0,14900.0,TRAIL,67.0,746.45,341.61,404.84,True,-0.3202
2021-04-09T00:00:00,False,2021-04-15,25.0,6.0,14876.8999,121.25,13500.0,15500.0,EOD,75.0,92.5,339.67,-247.17,False,-0.0204
2021-04-12T00:00:00,False,2021-04-15,25.0,3.0,14646.6,67.5,14000.0,15000.0,STOP,1.0,-113.73,341.42,-455.15,False,0.0219
2021-04-13T00:00:00,False,2021-04-15,25.0,2.0,14363.1,125.0,14000.0,15000.0,EOD,75.0,30.0,342.89,-312.89,False,0.0307
2021-04-15T00:00:00,False,2021-04-15,25.0,0.5,14532.2,791.25,14000.0,14600.0,TRAIL,64.0,1149.65,341.38,808.27,True,-0.2647
2021-04-16T00:00:00,False,2021-04-22,25.0,6.0,14598.7999,576.25,14000.0,15000.0,EOD,75.0,130.0,342.97,-212.97,False,-0.0414
2021-04-19T00:00:00,False,2021-04-22,25.0,3.0,14309.3999,875.0,14000.0,15000.0,EOD,75.0,470.0,344.38,125.62,True,0.0672
2021-04-20T00:00:00,False,2021-04-22,25.0,2.0,14527.0,172.5,14000.0,15000.0,STOP,68.0,-267.99,341.3,-609.29,False,0.0267
2021-04-22T00:00:00,False,2021-04-22,25.0,0.5,14220.5,2543.75,14400.0,14700.0,TRAIL,64.0,2293.29,356.43,1936.86,True,0.2232
2021-04-23T00:00:00,False,2021-04-29,25.0,6.0,14324.5,745.0,14000.0,15000.0,EOD,75.0,86.25,347.92,-261.67,False,0.0332
2021-04-26T00:00:00,False,2021-04-29,25.0,3.0,14438.7,443.75,14000.0,15000.0,EOD,75.0,128.75,343.89,-215.14,False,0.0359
2021-04-27T00:00:00,False,2021-04-29,25.0,2.0,14492.7,351.25,14000.0,15000.0,EOD,75.0,237.5,340.67,-103.17,False,0.035
2021-04-28T00:00:00,False,2021-04-29,25.0,1.0,14710.3999,72.5,14000.0,15000.0,STOP,23.0,-108.19,339.52,-447.71,False,-0.0195
2021-04-29T00:00:00,False,2021-04-29,25.0,0.5,14982.7,553.75,14500.0,15000.0,TRAIL,64.0,514.6,340.94,173.66,True,-0.3108
2021-04-30T00:00:00,False,2021-05-06,,,,,,,NOSIM,,,,0.0,,
2021-05-03T00:00:00,False,2021-05-06,25.0,3.0,14487.2,488.75,14000.0,15000.0,EOD,75.0,61.25,344.35,-283.1,False,0.0099
2021-05-04T00:00:00,False,2021-05-06,25.0,2.0,14685.0,440.0,14000.0,15000.0,EOD,75.0,262.5,341.02,-78.52,False,-0.0526
2021-05-05T00:00:00,False,2021-05-06,25.0,1.0,14606.7999,137.5,14000.0,15000.0,TRAIL,67.0,110.46,339.8,-229.34,False,-0.0183
2021-05-06T00:00:00,False,2021-05-06,25.0,0.5,14675.7999,1891.25,14700.0,15000.0,TRAIL,70.0,1571.86,344.76,1227.1,True,0.3442
2021-05-07T00:00:00,False,2021-05-12,25.0,5.0,14810.8999,143.75,14500.0,16000.0,STOP,48.0,-214.68,343.13,-557.81,False,0.0437
2021-05-10T00:00:00,False,2021-05-12,25.0,2.0,14926.2,166.25,14500.0,15500.0,EOD,75.0,55.0,340.83,-285.83,False,0.0693
2021-05-11T00:00:00,False,2021-05-12,25.0,1.0,14792.3999,1607.5,14800.0,15000.0,EOD,75.0,543.75,346.79,196.96,True,0.146
2021-05-12T00:00:00,False,2021-05-12,25.0,0.5,14823.8999,2160.0,14700.0,14800.0,TRAIL,65.0,1731.96,344.99,1386.97,True,-0.2384
2021-05-14T00:00:00,False,2021-05-20,25.0,6.0,14754.2999,93.75,14000.0,15500.0,EOD,75.0,12.5,340.09,-327.59,False,0.0082
2021-05-17T00:00:00,False,2021-05-20,25.0,3.0,14756.2999,1292.5,14700.0,15000.0,EOD,75.0,-221.25,348.88,-570.13,False,0.0168
2021-05-18T00:00:00,False,2021-05-20,25.0,2.0,15061.7999,208.75,14700.0,15500.0,EOD,75.0,95.0,340.89,-245.89,False,0.0283
2021-05-19T00:00:00,False,2021-05-20,25.0,1.0,15062.2999,560.0,14900.0,15300.0,EOD,75.0,200.0,341.61,-141.61,False,0.0411
2021-05-20T00:00:00,False,2021-05-20,25.0,0.5,15037.3999,2022.5,14900.0,15000.0,TRAIL,64.0,1697.32,344.73,1352.59,True,-0.2895
2021-05-21T00:00:00,False,2021-05-27,25.0,6.0,14986.5,185.0,14000.0,15500.0,EOD,75.0,-177.5,339.98,-517.48,False,-0.0204
2021-05-24T00:00:00,False,2021-05-27,25.0,3.0,15211.2999,741.25,15000.0,15500.0,EOD,75.0,146.25,344.77,-198.52,False,-0.0094
2021-05-25T00:00:00,False,2021-05-27,25.0,2.0,15289.1,433.75,14000.0,15500.0,TRAIL,64.0,348.74,340.33,8.41,True,-0.1218
2021-05-26T00:00:00,False,2021-05-27,25.0,1.0,15262.0,827.5,15200.0,15500.0,EOD,75.0,422.5,342.18,80.32,True,0.1841
2021-05-27T00:00:00,False,2021-05-27,25.0,0.5,15321.7999,1786.25,15300.0,15350.0,TRAIL,64.0,1441.85,343.62,1098.23,True,0.0153
2021-05-28T00:00:00,False,2021-06-03,25.0,6.0,15421.0,1327.5,15300.0,16000.0,EOD,75.0,497.5,346.77,150.73,True,0.1503
2021-05-31T00:00:00,False,2021-06-03,25.0,3.0,15447.3999,1605.0,15400.0,16000.0,EOD,75.0,1027.5,346.22,681.28,True,0.2093
2021-06-01T00:00:00,False,2021-06-03,25.0,2.0,15630.2999,90.0,15000.0,16000.0,EOD,75.0,42.5,339.47,-296.97,False,-0.0045
2021-06-02T00:00:00,False,2021-06-03,25.0,1.0,15520.3999,408.75,15000.0,15700.0,TRAIL,64.0,442.99,340.37,102.62,True,-0.1151
2021-06-03T00:00:00,False,2021-06-03,25.0,0.5,15654.0,208.75,15000.0,15700.0,TRAIL,64.0,232.71,339.74,-107.03,False,-0.21
2021-06-04T00:00:00,False,2021-06-10,25.0,6.0,15723.7999,2810.0,15500.0,15700.0,EOD,75.0,886.25,352.23,534.02,True,-0.0281
2021-06-07T00:00:00,False,2021-06-10,25.0,3.0,15721.7999,1196.25,15700.0,16000.0,EOD,75.0,55.0,346.41,-291.41,False,0.1299
2021-06-08T00:00:00,False,2021-06-10,25.0,2.0,15774.2999,175.0,15000.0,16000.0,EOD,75.0,98.75,339.68,-240.93,False,-0.0656
2021-06-09T00:00:00,False,2021-06-10,25.0,1.0,15764.3999,958.75,15500.0,15800.0,EOD,75.0,672.5,342.05,330.45,True,-0.2604
2021-06-10T00:00:00,False,2021-06-10,25.0,0.5,15688.2999,1011.25,15700.0,15800.0,TRAIL,64.0,877.65,342.11,535.54,True,0.2871
2021-06-11T00:00:00,False,2021-06-17,25.0,6.0,15796.2,546.25,15000.0,16000.0,EOD,75.0,161.25,341.3,-180.05,False,-0.1325
2021-06-14T00:00:00,False,2021-06-17,25.0,3.0,15784.6,330.0,15000.0,16000.0,EOD,75.0,43.75,340.45,-296.7,False,-0.0985
2021-06-15T00:00:00,False,2021-06-17,25.0,2.0,15867.1,382.5,15000.0,16000.0,EOD,75.0,76.25,340.22,-263.97,False,-0.1475
2021-06-16T00:00:00,False,2021-06-17,25.0,1.0,15855.5,1001.25,15600.0,15900.0,EOD,75.0,551.25,342.01,209.24,True,-0.23
2021-06-17T00:00:00,False,2021-06-17,25.0,0.5,15647.8999,1050.0,15000.0,15700.0,TRAIL,64.0,1028.51,341.58,686.93,True,-0.3195
2021-06-18T00:00:00,False,2021-06-24,25.0,6.0,15757.7,493.75,15000.0,16000.0,EOD,75.0,221.25,341.27,-120.02,False,-0.088
2021-06-21T00:00:00,False,2021-06-24,25.0,3.0,15530.8999,150.0,15000.0,16000.0,EOD,75.0,-36.25,340.59,-376.84,False,-0.0467
2021-06-22T00:00:00,False,2021-06-24,25.0,2.0,15844.1,465.0,15500.0,16000.0,EOD,75.0,187.5,341.54,-154.04,False,-0.1001
2021-06-23T00:00:00,False,2021-06-24,25.0,1.0,15858.7999,1383.75,15500.0,15800.0,EOD,75.0,912.5,344.15,568.35,True,-0.535
2021-06-24T00:00:00,False,2021-06-24,25.0,0.5,15738.3999,317.5,15500.0,15800.0,TRAIL,70.0,272.9,340.04,-67.14,False,-0.1261
2021-06-25T00:00:00,False,2021-07-01,25.0,6.0,15827.7999,850.0,15000.0,16000.0,EOD,75.0,211.25,342.49,-131.24,False,-0.1568
2021-06-28T00:00:00,False,2021-07-01,25.0,3.0,15915.6,1765.0,15800.0,16000.0,EOD,75.0,230.0,346.06,-116.06,False,-0.0595
2021-06-29T00:00:00,False,2021-07-01,25.0,2.0,15818.5,1011.25,15500.0,15900.0,EOD,75.0,627.5,342.65,284.85,True,-0.1686
2021-06-30T00:00:00,False,2021-07-01,25.0,1.0,15764.2999,358.75,15500.0,15900.0,EOD,75.0,253.75,340.17,-86.42,False,-0.108
2021-07-01T00:00:00,False,2021-07-01,25.0,0.5,15754.6,1305.0,15500.0,15700.0,TRAIL,64.0,1182.53,342.54,839.99,True,-0.6858
2021-07-02T00:00:00,False,2021-07-08,25.0,6.0,15708.3999,1081.25,15000.0,15800.0,EOD,75.0,255.0,343.31,-88.31,False,-0.2088
2021-07-05T00:00:00,False,2021-07-08,25.0,3.0,15793.8999,1096.25,15700.0,16000.0,EOD,75.0,605.0,342.86,262.14,True,0.1178
2021-07-06T00:00:00,False,2021-07-08,25.0,2.0,15816.7,481.25,15700.0,16000.0,EOD,75.0,125.0,340.7,-215.7,False,0.0632
2021-07-07T00:00:00,False,2021-07-08,25.0,1.0,15816.5,1055.0,15800.0,16000.0,EOD,75.0,661.25,342.45,318.8,True,0.2736
2021-07-08T00:00:00,False,2021-07-08,25.0,0.5,15853.6,1335.0,15700.0,15800.0,TRAIL,64.0,1492.97,343.39,1149.58,True,-0.591
2021-07-09T00:00:00,False,2021-07-15,25.0,6.0,15684.3999,1250.0,15000.0,15800.0,EOD,75.0,372.5,344.57,27.93,True,-0.1761
2021-07-12T00:00:00,False,2021-07-15,25.0,3.0,15766.6,1812.5,15700.0,15800.0,EOD,75.0,5.0,347.51,-342.51,False,-0.0463
2021-07-13T00:00:00,False,2021-07-15,25.0,2.0,15792.2,943.75,15700.0,16000.0,EOD,75.0,557.5,342.81,214.69,True,0.1236
2021-07-14T00:00:00,False,2021-07-15,25.0,1.0,15802.0,1033.75,15800.0,16000.0,EOD,75.0,582.5,342.51,239.99,True,0.3
2021-07-15T00:00:00,False,2021-07-15,25.0,0.5,15868.7,1182.5,15900.0,16000.0,TRAIL,64.0,1263.56,342.34,921.22,True,0.4597
2021-07-16T00:00:00,False,2021-07-22,25.0,6.0,15961.7999,2487.5,15900.0,16000.0,EOD,75.0,635.0,349.46,285.54,True,-0.0563
2021-07-19T00:00:00,False,2021-07-22,25.0,3.0,15754.2999,1336.25,15700.0,15800.0,EOD,75.0,-296.25,348.23,-644.48,False,-0.0047
2021-07-20T00:00:00,False,2021-07-22,25.0,2.0,15703.3999,898.75,15500.0,15800.0,EOD,75.0,537.5,342.17,195.33,True,-0.1522
2021-07-22T00:00:00,False,2021-07-22,25.0,0.5,15739.8999,1523.75,15800.0,16000.0,TRAIL,70.0,1356.49,344.63,1011.86,True,0.4344
2021-07-23T00:00:00,False,2021-07-29,25.0,6.0,15845.7999,575.0,15000.0,16000.0,EOD,75.0,115.0,341.16,-226.16,False,-0.1616
2021-07-26T00:00:00,False,2021-07-29,25.0,3.0,15862.7999,1107.5,15800.0,16000.0,EOD,75.0,-131.25,344.89,-476.14,False,0.0193
2021-07-27T00:00:00,False,2021-07-29,25.0,2.0,15860.2999,820.0,15000.0,15900.0,EOD,75.0,580.0,341.37,238.63,True,-0.2992
2021-07-28T00:00:00,False,2021-07-29,25.0,1.0,15767.3999,821.25,15500.0,15800.0,EOD,75.0,417.5,341.63,75.87,True,-0.2664
2021-07-29T00:00:00,False,2021-07-29,25.0,0.5,15759.5,930.0,15700.0,15800.0,TRAIL,68.0,764.74,341.64,423.1,True,-0.0176
2021-07-30T00:00:00,False,2021-08-05,25.0,6.0,15807.2,1500.0,15700.0,15900.0,EOD,75.0,76.25,347.5,-271.25,False,-0.0634
2021-08-02T00:00:00,False,2021-08-05,25.0,3.0,15872.6,1452.5,15800.0,15900.0,EOD,75.0,-297.5,346.36,-643.86,False,-0.0809
2021-08-03T00:00:00,False,2021-08-05,25.0,2.0,15950.6,962.5,15900.0,16200.0,EOD,75.0,116.25,344.04,-227.79,False,0.19
2021-08-04T00:00:00,False,2021-08-05,25.0,1.0,16191.2,272.5,16000.0,16400.0,EOD,75.0,167.5,341.31,-173.81,False,-0.0181
2021-08-05T00:00:00,False,2021-08-05,25.0,0.5,16288.7999,2123.75,16300.0,16300.0,TRAIL,71.0,1730.9,344.94,1385.96,True,0.0184
2021-08-06T00:00:00,False,2021-08-12,25.0,6.0,16301.6,1922.5,15500.0,16300.0,EOD,75.0,916.25,347.69,568.56,True,-0.232
2021-08-09T00:00:00,False,2021-08-12,25.0,3.0,16284.7,1765.0,16200.0,16300.0,EOD,75.0,21.25,347.61,-326.36,False,-0.1061
2021-08-10T00:00:00,False,2021-08-12,25.0,2.0,16278.7,1673.75,16200.0,16300.0,EOD,75.0,198.75,345.25,-146.5,False,-0.1046
2021-08-11T00:00:00,False,2021-08-12,25.0,1.0,16326.6,1345.0,16200.0,16300.0,EOD,75.0,336.25,343.54,-7.29,False,-0.3098
2021-08-12T00:00:00,False,2021-08-12,25.0,0.5,16297.8999,1848.75,16300.0,16300.0,EOD,75.0,241.25,343.67,-102.42,False,-0.013
2021-08-13T00:00:00,False,2021-08-18,25.0,5.0,16384.9,1467.5,16400.0,16800.0,EOD,75.0,836.25,347.26,488.99,True,0.2131
2021-08-16T00:00:00,False,2021-08-18,25.0,2.0,16518.7999,262.5,16400.0,17000.0,EOD,75.0,-73.75,343.42,-417.17,False,0.0787
2021-08-17T00:00:00,False,2021-08-18,25.0,1.0,16544.0,395.0,16500.0,16700.0,EOD,75.0,-35.0,342.16,-377.16,False,0.0909
2021-08-18T00:00:00,False,2021-08-18,25.0,0.5,16681.2,1962.5,16500.0,16600.0,TRAIL,64.0,2090.44,344.59,1745.85,True,-0.6436
2021-08-20T00:00:00,False,2021-08-26,25.0,6.0,16403.0,1408.75,15500.0,16500.0,EOD,75.0,241.25,347.44,-106.19,False,-0.1442
2021-08-23T00:00:00,False,2021-08-26,25.0,3.0,16591.9,1133.75,16000.0,16600.0,EOD,75.0,438.75,343.23,95.52,True,-0.2755
2021-08-24T00:00:00,False,2021-08-26,25.0,2.0,16540.7999,1233.75,16500.0,16800.0,EOD,75.0,811.25,344.59,466.66,True,0.1746
2021-08-25T00:00:00,False,2021-08-26,25.0,1.0,16658.0,950.0,16500.0,16700.0,EOD,75.0,473.75,341.97,131.78,True,-0.1681
2021-08-26T00:00:00,False,2021-08-26,25.0,0.5,16627.2,1823.75,16600.0,16650.0,TRAIL,64.0,1538.95,343.43,1195.52,True,-0.0244
2021-08-27T00:00:00,False,2021-09-02,25.0,6.0,16634.7,1077.5,16600.0,17000.0,EOD,75.0,175.0,346.41,-171.41,False,0.1585
2021-08-30T00:00:00,False,2021-09-02,25.0,3.0,16765.0,1527.5,16700.0,17000.0,EOD,75.0,486.25,346.89,139.36,True,0.0918
2021-08-31T00:00:00,False,2021-09-02,25.0,2.0,16951.2,428.75,16000.0,17100.0,STOP,70.0,-793.51,340.47,-1133.98,False,-0.141
2021-09-01T00:00:00,False,2021-09-02,25.0,1.0,17188.7999,927.5,17000.0,17200.0,EOD,75.0,426.25,343.82,82.43,True,-0.2088
2021-09-02T00:00:00,False,2021-09-02,25.0,0.5,17095.9,2402.5,17200.0,17250.0,TRAIL,64.0,2214.48,347.54,1866.94,True,0.3886
2021-09-03T00:00:00,False,2021-09-09,25.0,6.0,17260.2,546.25,17000.0,18000.0,EOD,75.0,273.75,342.09,-68.34,False,0.0868
2021-09-06T00:00:00,False,2021-09-09,25.0,3.0,17402.5999,71.25,16500.0,18000.0,EOD,75.0,36.25,339.53,-303.28,False,-0.0066
2021-09-07T00:00:00,False,2021-09-09,25.0,2.0,17407.9,896.25,17300.0,18000.0,EOD,75.0,196.25,343.15,-146.9,False,0.1705
2021-09-08T00:00:00,False,2021-09-09,25.0,1.0,17379.0,1012.5,17300.0,17500.0,EOD,75.0,387.5,342.85,44.65,True,0.0296
2021-09-09T00:00:00,False,2021-09-09,25.0,0.5,17312.0,1007.5,17300.0,17400.0,TRAIL,64.0,876.82,341.86,534.96,True,0.1353
2021-09-13T00:00:00,False,2021-09-16,25.0,3.0,17362.7999,1521.25,16500.0,17400.0,EOD,75.0,430.0,345.53,84.47,True,-0.2308
2021-09-14T00:00:00,False,2021-09-16,25.0,2.0,17418.2,1812.5,17300.0,17400.0,EOD,75.0,172.5,346.27,-173.77,False,-0.1527
2021-09-15T00:00:00,False,2021-09-16,25.0,1.0,17389.7,1396.25,17400.0,17500.0,EOD,75.0,-78.75,344.17,-422.92,False,0.1661
2021-09-16T00:00:00,False,2021-09-16,25.0,0.5,17548.0999,540.0,17500.0,17650.0,TRAIL,66.0,432.79,340.67,92.12,True,0.1579
2021-09-17T00:00:00,False,2021-09-23,25.0,6.0,17707.2,13.75,17000.0,18500.0,STOP,29.0,-22.77,339.76,-362.53,False,0.0036
2021-09-20T00:00:00,False,2021-09-23,25.0,3.0,17447.9,213.75,17000.0,18000.0,EOD,75.0,-87.5,341.07,-428.57,False,0.0049
2021-09-21T00:00:00,False,2021-09-23,25.0,2.0,17455.5999,191.25,17000.0,18000.0,EOD,75.0,117.5,341.89,-224.39,False,0.0236
2021-09-22T00:00:00,False,2021-09-23,25.0,1.0,17578.9,28.75,17000.0,18000.0,EOD,75.0,-8.75,339.52,-348.27,False,-0.0128
2021-09-23T00:00:00,False,2021-09-23,25.0,0.5,17677.5,1597.5,17700.0,18000.0,TRAIL,64.0,1392.59,344.02,1048.57,True,0.37
2021-09-24T00:00:00,False,2021-09-30,25.0,6.0,17898.2999,132.5,17000.0,18500.0,EOD,75.0,52.5,340.21,-287.71,False,-0.0045
2021-09-27T00:00:00,False,2021-09-30,25.0,3.0,17935.7,1917.5,17000.0,18000.0,EOD,75.0,1181.25,346.41,834.84,True,-0.2182
2021-09-28T00:00:00,False,2021-09-30,25.0,2.0,17906.0999,925.0,17000.0,18000.0,EOD,75.0,588.75,343.13,245.62,True,-0.1899
2021-09-29T00:00:00,False,2021-09-30,25.0,1.0,17656.0,43.75,17000.0,18000.0,STOP,60.0,-73.46,340.01,-413.47,False,-0.0233
2021-09-30T00:00:00,False,2021-09-30,25.0,0.5,17718.7999,28.75,17000.0,18000.0,TRAIL,65.0,30.39,339.22,-308.83,False,-0.0176
2021-10-01T00:00:00,False,2021-10-07,25.0,6.0,17530.3496,2503.75,17400.0,18500.0,EOD,75.0,1576.25,353.79,1222.46,True,0.1252
2021-10-04T00:00:00,False,2021-10-07,25.0,3.0,17610.3008,1130.0,17600.0,18000.0,EOD,75.0,145.0,351.95,-206.95,False,0.0984
2021-10-05T00:00:00,False,2021-10-07,25.0,2.0,17660.8496,1070.0,17600.0,18000.0,EOD,75.0,537.5,344.87,192.63,True,0.1407
2021-10-06T00:00:00,False,2021-10-07,25.0,1.0,17856.6504,490.0,17500.0,18000.0,EOD,75.0,120.0,340.81,-220.81,False,-0.109
2021-10-07T00:00:00,False,2021-10-07,25.0,0.5,17802.75,608.75,17400.0,17800.0,TRAIL,70.0,557.92,341.06,216.86,True,-0.3889
2021-10-08T00:00:00,False,2021-10-14,25.0,6.0,17887.5,2323.75,17800.0,18000.0,EOD,75.0,411.25,354.05,57.2,True,-0.0482
2021-10-11T00:00:00,False,2021-10-14,25.0,3.0,17855.0,881.25,17800.0,18500.0,EOD,75.0,316.25,344.67,-28.42,False,0.1754
2021-10-12T00:00:00,False,2021-10-14,25.0,2.0,17922.0,1745.0,17800.0,18000.0,EOD,75.0,12.5,346.82,-334.32,False,-0.0646
2021-10-13T00:00:00,False,2021-10-14,25.0,1.0,18088.25,886.25,18000.0,18200.0,EOD,75.0,-165.0,344.33,-509.33,False,0.0065
2021-10-14T00:00:00,False,2021-10-14,25.0,0.5,18280.9492,1736.25,18300.0,18350.0,TRAIL,64.0,1470.59,345.56,1125.03,True,0.142
2021-10-18T00:00:00,False,2021-10-21,25.0,3.0,18475.4004,893.75,18300.0,19000.0,EOD,75.0,343.75,346.21,-2.46,False,0.0916
2021-10-19T00:00:00,False,2021-10-21,25.0,2.0,18585.3008,542.5,18300.0,19000.0,EOD,75.0,-108.75,341.53,-450.28,False,0.0753
2021-10-20T00:00:00,False,2021-10-21,25.0,1.0,18445.8496,1008.75,18000.0,18500.0,EOD,75.0,763.75,345.01,418.74,True,-0.1822
2021-10-21T00:00:00,False,2021-10-21,25.0,0.5,18374.9004,3295.0,18000.0,18200.0,TRAIL,64.0,5656.03,351.32,5304.71,True,-0.3489
2021-10-22T00:00:00,False,2021-10-28,25.0,6.0,18232.25,147.5,17500.0,19000.0,EOD,75.0,2.5,340.29,-337.79,False,-0.0031
2021-10-25T00:00:00,False,2021-10-28,25.0,3.0,18236.6504,72.5,17500.0,19000.0,EOD,75.0,-17.5,340.15,-357.65,False,-0.002
2021-10-26T00:00:00,False,2021-10-28,25.0,2.0,18158.6504,1105.0,18000.0,18500.0,EOD,75.0,493.75,345.35,148.4,True,0.066
2021-10-27T00:00:00,False,2021-10-28,25.0,1.0,18297.0508,576.25,18000.0,18500.0,EOD,75.0,332.5,341.38,-8.88,False,-0.0888
2021-10-28T00:00:00,False,2021-10-28,25.0,0.5,18185.0508,73.75,17800.0,18500.0,TRAIL,64.0,159.32,339.3,-179.98,False,-0.0153
2021-10-29T00:00:00,False,2021-11-03,25.0,5.0,17827.8008,1381.25,17000.0,18000.0,EOD,75.0,825.0,350.61,474.39,True,-0.0952
2021-11-01T00:00:00,False,2021-11-03,25.0,2.0,17772.75,1481.25,17800.0,18000.0,EOD,75.0,-378.75,354.97,-733.72,False,0.0938
2021-11-02T00:00:00,False,2021-11-03,25.0,1.0,17985.1992,305.0,17500.0,18000.0,EOD,75.0,-237.5,348.6,-586.1,False,-0.137
2021-11-03T00:00:00,False,2021-11-03,25.0,0.5,17946.5996,1091.25,17800.0,18000.0,TRAIL,70.0,968.51,342.71,625.8,True,-0.0751
2021-11-08T00:00:00,False,2021-11-11,25.0,3.0,18011.5508,1208.75,17900.0,18500.0,EOD,75.0,675.0,346.98,328.02,True,0.106
2021-11-09T00:00:00,False,2021-11-11,25.0,2.0,18084.3496,1485.0,17900.0,18200.0,EOD,75.0,427.5,345.63,81.87,True,-0.0717
2021-11-10T00:00:00,False,2021-11-11,25.0,1.0,17968.1992,1046.25,17900.0,18200.0,EOD,75.0,436.25,343.26,92.99,True,0.1203
2021-11-11T00:00:00,False,2021-11-11,25.0,0.5,17962.5508,1121.25,17800.0,18000.0,TRAIL,64.0,941.55,342.28,599.27,True,-0.1922
2021-11-12T00:00:00,False,2021-11-18,25.0,6.0,17967.9004,1072.5,18000.0,18500.0,EOD,75.0,146.25,352.66,-206.41,False,0.1441
2021-11-15T00:00:00,False,2021-11-18,25.0,3.0,18149.4492,677.5,18000.0,18500.0,EOD,75.0,-93.75,344.42,-438.17,False,0.1298
2021-11-16T00:00:00,False,2021-11-18,25.0,2.0,18125.3496,1483.75,17800.0,18200.0,EOD,75.0,768.75,345.11,423.64,True,-0.1651
2021-11-17T00:00:00,False,2021-11-18,25.0,1.0,17938.6504,735.0,17800.0,18200.0,EOD,75.0,232.5,342.03,-109.53,False,0.0649
2021-11-18T00:00:00,False,2021-11-18,25.0,0.5,17894.5508,1231.25,17750.0,17900.0,TRAIL,64.0,1108.09,342.7,765.39,True,-0.2476
2021-11-22T00:00:00,False,2021-11-25,25.0,3.0,17787.8008,780.0,17000.0,18000.0,EOD,75.0,500.0,343.13,156.87,True,-0.1163
2021-11-23T00:00:00,False,2021-11-25,,,,,,,NOSIM,,,,0.0,,
2021-11-24T00:00:00,False,2021-11-25,25.0,1.0,17555.0508,87.5,17000.0,18000.0,TRAIL,64.0,136.7,339.58,-202.88,False,0.0077
2021-11-25T00:00:00,False,2021-11-25,25.0,0.5,17408.5508,1751.25,17500.0,17700.0,TRAIL,64.0,1420.22,346.81,1073.41,True,0.4185
2021-11-26T00:00:00,False,2021-12-02,25.0,6.0,17339.0,1935.0,17000.0,17500.0,EOD,75.0,348.75,350.84,-2.09,False,-0.0482
2021-11-29T00:00:00,False,2021-12-02,25.0,3.0,17065.6504,357.5,16000.0,17500.0,EOD,75.0,162.5,341.25,-178.75,False,-0.0452
2021-11-30T00:00:00,False,2021-12-02,25.0,2.0,17060.4492,130.0,16000.0,17500.0,STOP,4.0,-211.41,340.22,-551.63,False,-0.0265
2021-12-01T00:00:00,False,2021-12-02,25.0,1.0,17091.4492,220.0,16500.0,17500.0,EOD,75.0,162.5,339.92,-177.42,False,0.0174
2021-12-02T00:00:00,False,2021-12-02,25.0,0.5,17188.0,26.25,16500.0,17500.0,TRAIL,64.0,86.58,339.16,-252.58,False,-0.0099
2021-12-03T00:00:00,False,2021-12-09,25.0,6.0,17423.25,626.25,17000.0,18000.0,EOD,75.0,-143.75,344.24,-487.99,False,0.0427
2021-12-06T00:00:00,False,2021-12-09,25.0,3.0,17203.5996,863.75,16000.0,17500.0,TRAIL,70.0,718.67,343.23,375.44,True,-0.1166
2021-12-07T00:00:00,False,2021-12-09,25.0,2.0,17033.9492,506.25,17000.0,18000.0,EOD,75.0,20.0,349.07,-329.07,False,0.1336
2021-12-08T00:00:00,False,2021-12-09,25.0,1.0,17312.5508,223.75,17000.0,17600.0,EOD,75.0,-95.0,341.28,-436.28,False,0.0233
2021-12-09T00:00:00,False,2021-12-09,25.0,0.5,17525.6992,942.5,17500.0,17700.0,TRAIL,70.0,953.93,342.04,611.89,True,0.2453
2021-12-10T00:00:00,False,2021-12-16,25.0,6.0,17487.5508,1141.25,17400.0,18000.0,EOD,75.0,206.25,348.55,-142.3,False,0.0791
2021-12-13T00:00:00,False,2021-12-16,25.0,3.0,17609.5508,1936.25,17000.0,17600.0,EOD,75.0,1062.5,349.06,713.44,True,-0.1773
2021-12-14T00:00:00,False,2021-12-16,25.0,2.0,17284.5996,242.5,17000.0,18000.0,EOD,75.0,8.75,341.71,-332.96,False,0.052
2021-12-15T00:00:00,False,2021-12-16,25.0,1.0,17335.5996,511.25,17000.0,17500.0,EOD,75.0,137.5,341.89,-204.39,False,-0.084
2021-12-16T00:00:00,False,2021-12-16,25.0,0.5,17374.5996,1632.5,17200.0,17300.0,TRAIL,64.0,2134.28,347.05,1787.23,True,-0.4336
2021-12-17T00:00:00,False,2021-12-23,25.0,6.0,17292.4492,427.5,17000.0,18000.0,STOP,13.0,-627.09,343.88,-970.97,False,0.0665
2021-12-20T00:00:00,False,2021-12-23,25.0,3.0,16828.5,1046.25,16000.0,17000.0,EOD,75.0,642.5,350.38,292.12,True,-0.1059
2021-12-21T00:00:00,False,2021-12-23,,,,,,,NOSIM,,,,0.0,,
2021-12-22T00:00:00,False,2021-12-23,25.0,1.0,16857.1504,1912.5,16800.0,17200.0,TRAIL,74.0,1541.55,345.33,1196.22,True,0.2264
2021-12-23T00:00:00,False,2021-12-23,25.0,0.5,17059.5508,1923.75,17050.0,17100.0,TRAIL,64.0,1617.44,345.8,1271.64,True,0.0191
2021-12-24T00:00:00,False,2021-12-30,25.0,6.0,17151.4492,258.75,16500.0,18000.0,EOD,75.0,16.25,341.27,-325.02,False,0.0306
2021-12-27T00:00:00,False,2021-12-30,25.0,3.0,16936.5,2380.0,17000.0,18000.0,EOD,75.0,1516.25,353.3,1162.95,True,0.1721
2021-12-28T00:00:00,False,2021-12-30,25.0,2.0,17178.6504,856.25,17000.0,18000.0,EOD,75.0,605.0,344.17,260.83,True,0.1269
2021-12-29T00:00:00,False,2021-12-30,,,,,,,NOSIM,,,,0.0,,
2021-12-30T00:00:00,False,2021-12-30,25.0,0.5,17192.1504,1248.75,17200.0,17500.0,TRAIL,75.0,1108.75,342.83,765.92,True,0.3398
2021-12-31T00:00:00,False,2022-01-06,25.0,6.0,17246.4492,1593.75,17300.0,18000.0,EOD,75.0,493.75,353.71,140.04,True,0.1636
2022-01-03T00:00:00,False,2022-01-06,25.0,3.0,17392.3008,1406.25,17300.0,18000.0,EOD,75.0,1012.5,346.53,665.97,True,0.1576
2022-01-04T00:00:00,False,2022-01-06,25.0,2.0,17671.0996,236.25,17000.0,18000.0,EOD,75.0,-47.5,340.06,-387.56,False,-0.0329
2022-01-05T00:00:00,False,2022-01-06,25.0,1.0,17811.5508,1750.0,17800.0,18000.0,EOD,75.0,971.25,345.91,625.34,True,0.1289
2022-01-06T00:00:00,False,2022-01-06,25.0,0.5,17768.8496,276.25,17700.0,18000.0,TRAIL,64.0,277.35,340.69,-63.34,False,0.0461
2022-01-07T00:00:00,False,2022-01-13,25.0,6.0,17792.8496,1460.0,17500.0,18000.0,EOD,75.0,152.5,350.07,-197.57,False,-0.0553
2022-01-10T00:00:00,False,2022-01-13,25.0,3.0,17916.75,153.75,17500.0,18500.0,EOD,75.0,-15.0,341.56,-356.56,False,0.0262
2022-01-11T00:00:00,False,2022-01-13,25.0,2.0,18005.0996,381.25,17500.0,18500.0,TRAIL,75.0,305.0,340.05,-35.05,False,0.0457
2022-01-12T00:00:00,False,2022-01-13,25.0,1.0,18159.3008,156.25,17700.0,18500.0,EOD,75.0,110.0,339.78,-229.78,False,0.0042
2022-01-13T00:00:00,False,2022-01-13,25.0,0.5,18252.8008,22.5,17700.0,18500.0,TRAIL,70.0,21.44,339.08,-317.64,False,-0.0019
2022-01-14T00:00:00,False,2022-01-20,25.0,6.0,18181.0508,862.5,18200.0,19000.0,EOD,75.0,-296.25,351.67,-647.92,False,0.1509
2022-01-17T00:00:00,False,2022-01-20,25.0,3.0,18246.6992,60.0,17500.0,19000.0,EOD,75.0,25.0,339.52,-314.52,False,0.0097
2022-01-18T00:00:00,False,2022-01-20,25.0,2.0,18339.6504,2002.5,17500.0,18300.0,EOD,75.0,1450.0,349.04,1100.96,True,-0.2323
2022-01-19T00:00:00,False,2022-01-20,25.0,1.0,18121.0996,285.0,17500.0,18300.0,TRAIL,66.0,239.61,340.32,-100.71,False,-0.0959
2022-01-20T00:00:00,False,2022-01-20,25.0,0.5,17934.3008,2448.75,17700.0,17800.0,TRAIL,64.0,2657.76,352.59,2305.17,True,-0.2172
2022-01-21T00:00:00,False,2022-01-27,25.0,6.0,17618.5996,378.75,17000.0,18000.0,EOD,75.0,-161.25,344.27,-505.52,False,-0.0156
2022-01-24T00:00:00,False,2022-01-27,25.0,3.0,17560.0,296.25,16500.0,18000.0,EOD,75.0,107.5,340.91,-233.41,False,-0.0453
2022-01-25T00:00:00,False,2022-01-27,25.0,2.0,17002.3008,90.0,16000.0,18000.0,EOD,75.0,63.75,339.93,-276.18,False,0.0037
2022-01-27T00:00:00,False,2022-01-27,25.0,0.5,17066.25,660.0,17000.0,17400.0,TRAIL,64.0,540.44,347.11,193.33,True,0.0657
2022-01-28T00:00:00,False,2022-02-03,,,,,,,NOLEG,,,,0.0,,
2022-01-31T00:00:00,False,2022-02-03,,,,,,,NOLEG,,,,0.0,,
2022-02-01T00:00:00,False,2022-02-03,25.0,2.0,17532.3008,648.75,16500.0,18000.0,EOD,75.0,335.0,345.46,-10.46,False,-0.0445
2022-02-02T00:00:00,False,2022-02-03,25.0,1.0,17697.25,573.75,17000.0,18000.0,EOD,75.0,387.5,341.84,45.66,True,-0.0968
2022-02-03T00:00:00,False,2022-02-03,25.0,0.5,17772.0508,1728.75,17200.0,17700.0,TRAIL,73.0,1521.61,346.22,1175.39,True,-0.3768
2022-02-04T00:00:00,False,2022-02-10,25.0,6.0,17580.0996,1310.0,17500.0,17800.0,EOD,75.0,-595.0,356.64,-951.64,False,0.003
2022-02-07T00:00:00,False,2022-02-10,25.0,3.0,17463.6504,535.0,17000.0,18000.0,EOD,75.0,-196.25,342.17,-538.42,False,0.0237
2022-02-08T00:00:00,False,2022-02-10,25.0,2.0,17275.0508,505.0,16500.0,17500.0,EOD,75.0,142.5,343.07,-200.57,False,-0.079
2022-02-09T00:00:00,False,2022-02-10,25.0,1.0,17360.4492,197.5,17000.0,18000.0,TRAIL,71.0,159.75,340.15,-180.4,False,0.0444
2022-02-10T00:00:00,False,2022-02-10,25.0,0.5,17538.0996,1736.25,17600.0,17800.0,TRAIL,64.0,1732.33,346.41,1385.92,True,0.3334
2022-02-11T00:00:00,False,2022-02-17,25.0,6.0,17444.4492,310.0,16500.0,18000.0,EOD,75.0,167.5,341.02,-173.52,False,-0.0371
2022-02-14T00:00:00,False,2022-02-17,25.0,3.0,17077.1504,310.0,16000.0,17500.0,EOD,75.0,51.25,343.45,-292.2,False,-0.0601
2022-02-15T00:00:00,False,2022-02-17,25.0,2.0,16933.0508,2032.5,17000.0,17700.0,EOD,75.0,1548.75,364.23,1184.52,True,0.0955
2022-02-16T00:00:00,False,2022-02-17,25.0,1.0,17414.5,1268.75,17000.0,17500.0,EOD,75.0,717.5,345.96,371.54,True,-0.188
2022-02-17T00:00:00,False,2022-02-17,25.0,0.5,17387.25,1220.0,17300.0,17500.0,TRAIL,64.0,1311.18,343.76,967.42,True,0.0904
2022-02-18T00:00:00,False,2022-02-24,25.0,6.0,17230.1504,2193.75,17000.0,18000.0,EOD,75.0,1380.0,354.67,1025.33,True,0.0964
2022-02-21T00:00:00,False,2022-02-24,25.0,3.0,17202.5,362.5,17000.0,18000.0,EOD,75.0,-385.0,351.86,-736.86,False,0.0511
2022-02-22T00:00:00,False,2022-02-24,25.0,2.0,16864.3008,143.75,17000.0,18000.0,STOP,33.0,-577.84,352.66,-930.5,False,0.4997
2022-02-23T00:00:00,False,2022-02-24,25.0,1.0,17194.25,35.0,16500.0,18000.0,EOD,75.0,-23.75,340.52,-364.27,False,0.0075
2022-02-24T00:00:00,False,2022-02-24,25.0,0.5,16574.1504,1207.5,16000.0,16500.0,TRAIL,70.0,1065.92,353.23,712.69,True,-0.2179
2022-02-25T00:00:00,False,2022-03-03,25.0,6.0,16513.1992,1533.75,16000.0,17500.0,EOD,75.0,965.0,357.98,607.02,True,0.0366
2022-02-28T00:00:00,False,2022-03-03,25.0,3.0,16498.0508,383.75,16000.0,17500.0,EOD,75.0,-77.5,349.16,-426.66,False,0.0315
2022-03-02T00:00:00,False,2022-03-03,25.0,1.0,16588.9004,165.0,15500.0,17500.0,EOD,75.0,98.75,341.76,-243.01,False,0.006
2022-03-04T00:00:00,False,2022-03-10,,,,,,,NOSIM,,,,0.0,,
2022-03-07T00:00:00,False,2022-03-10,,,,,,,NOLEG,,,,0.0,,
2022-03-08T00:00:00,False,2022-03-10,25.0,2.0,15752.7998,570.0,15000.0,17000.0,EOD,75.0,438.75,343.28,95.47,True,0.0464
2022-03-09T00:00:00,False,2022-03-10,25.0,1.0,16080.75,277.5,15500.0,17000.0,EOD,75.0,208.75,342.39,-133.64,False,0.0325
2022-03-10T00:00:00,False,2022-03-10,25.0,0.5,16709.4492,138.75,16000.0,17000.0,TRAIL,64.0,136.73,340.27,-203.54,False,-0.0831
2022-03-11T00:00:00,False,2022-03-17,25.0,6.0,16532.6992,21.25,16000.0,17500.0,STOP,4.0,-41.74,350.52,-392.26,False,0.0017
2022-03-14T00:00:00,False,2022-03-17,25.0,3.0,16646.8496,156.25,16000.0,17500.0,STOP,61.0,-222.09,344.11,-566.2,False,0.0098
2022-03-15T00:00:00,False,2022-03-17,25.0,2.0,16893.0508,336.25,16000.0,17500.0,EOD,75.0,16.25,341.88,-325.63,False,-0.0106
2022-03-16T00:00:00,False,2022-03-17,25.0,1.0,16863.75,332.5,16000.0,17500.0,EOD,75.0,251.25,340.31,-89.06,False,0.0205
2022-03-17T00:00:00,False,2022-03-17,25.0,0.5,17201.3496,586.25,16000.0,17300.0,TRAIL,71.0,530.44,341.27,189.17,True,-0.1866
2022-03-21T00:00:00,False,2022-03-24,25.0,3.0,17327.9004,190.0,16000.0,18000.0,EOD,75.0,77.5,340.56,-263.06,False,-0.0173
2022-03-22T00:00:00,False,2022-03-24,25.0,2.0,17120.5508,146.25,16300.0,18000.0,EOD,75.0,85.0,340.17,-255.17,False,0.0058
2022-03-23T00:00:00,False,2022-03-24,25.0,1.0,17410.5996,63.75,16500.0,18000.0,TRAIL,64.0,61.12,339.36,-278.24,False,-0.0039
2022-03-24T00:00:00,False,2022-03-24,25.0,0.5,17094.8008,1242.5,17200.0,17500.0,TRAIL,64.0,2077.05,347.56,1729.49,True,0.5784
2022-03-25T00:00:00,False,2022-03-31,25.0,6.0,17289.0,133.75,16000.0,18000.0,EOD,75.0,23.75,340.63,-316.88,False,-0.0066
2022-03-28T00:00:00,False,2022-03-31,25.0,3.0,17181.85,55.0,16000.0,18000.0,EOD,75.0,17.5,339.81,-322.31,False,-0.0068
2022-03-29T00:00:00,False,2022-03-31,25.0,2.0,17297.2,62.5,16500.0,18000.0,EOD,75.0,22.5,339.5,-317.0,False,-0.0014
2022-03-30T00:00:00,False,2022-03-31,25.0,1.0,17468.15,145.0,17000.0,18000.0,EOD,75.0,98.75,339.71,-240.96,False,0.0171
2022-03-31T00:00:00,False,2022-03-31,25.0,0.5,17519.2,2082.5,17400.0,17500.0,TRAIL,64.0,1818.73,344.96,1473.77,True,-0.2359
2022-04-01T00:00:00,False,2022-04-07,25.0,6.0,17436.9,340.0,16500.0,18000.0,EOD,75.0,-96.25,340.9,-437.15,False,-0.0373
2022-04-04T00:00:00,False,2022-04-07,25.0,3.0,17809.1,842.5,17500.0,19000.0,TRAIL,64.0,698.34,342.81,355.53,True,0.1248
2022-04-05T00:00:00,False,2022-04-07,25.0,2.0,18080.6,648.75,18000.0,18500.0,EOD,75.0,-832.5,345.28,-1177.78,False,0.0945
2022-04-06T00:00:00,False,2022-04-07,25.0,1.0,17842.75,670.0,17500.0,18000.0,EOD,75.0,400.0,342.37,57.63,True,-0.0611
2022-04-07T00:00:00,False,2022-04-07,25.0,0.5,17723.3,2153.75,17600.0,17650.0,TRAIL,64.0,1777.61,348.58,1429.03,True,-0.1742
2022-04-08T00:00:00,False,2022-04-13,25.0,5.0,17698.15,15.0,17000.0,18500.0,STOP,37.0,-25.71,340.02,-365.73,False,-0.0118
2022-04-11T00:00:00,False,2022-04-13,25.0,2.0,17740.9004,842.5,17000.0,18000.0,EOD,75.0,625.0,342.7,282.3,True,-0.1276
2022-04-12T00:00:00,False,2022-04-13,25.0,1.0,17584.8496,90.0,17000.0,18000.0,EOD,75.0,63.75,339.47,-275.72,False,-0.0199
2022-04-13T00:00:00,False,2022-04-13,25.0,0.5,17599.9004,1665.0,17400.0,17500.0,TRAIL,71.0,1513.66,346.0,1167.66,True,-0.5725
2022-04-18T00:00:00,False,2022-04-21,25.0,3.0,17183.4492,186.25,16500.0,18000.0,EOD,75.0,113.75,340.2,-226.45,False,0.0082
2022-04-19T00:00:00,False,2022-04-21,25.0,2.0,17258.9492,443.75,16500.0,17500.0,TRAIL,67.0,394.53,341.32,53.21,True,-0.096
2022-04-20T00:00:00,False,2022-04-21,,,,,,,NOSIM,,,,0.0,,
2022-04-21T00:00:00,False,2022-04-21,25.0,0.5,17234.5996,2435.0,17350.0,17400.0,TRAIL,64.0,2087.78,350.09,1737.69,True,0.2636
2022-04-22T00:00:00,False,2022-04-28,25.0,6.0,17242.75,682.5,17000.0,18000.0,EOD,75.0,-166.25,345.64,-511.89,False,0.0723
2022-04-25T00:00:00,False,2022-04-28,25.0,3.0,17009.0508,120.0,16000.0,17800.0,EOD,75.0,70.0,339.6,-269.6,False,-0.0017
2022-04-26T00:00:00,False,2022-04-28,25.0,2.0,17121.3008,1066.25,17000.0,17500.0,EOD,75.0,440.0,347.87,92.13,True,0.0787
2022-04-27T00:00:00,False,2022-04-28,25.0,1.0,17073.3496,1090.0,17000.0,17500.0,EOD,75.0,231.25,344.72,-113.47,False,0.1526
2022-04-28T00:00:00,False,2022-04-28,25.0,0.5,17189.5,2458.75,17200.0,17300.0,TRAIL,64.0,2186.07,346.16,1839.91,True,0.1851
2022-04-29T00:00:00,False,2022-05-05,25.0,6.0,17329.25,772.5,17000.0,18000.0,EOD,75.0,-238.75,343.89,-582.64,False,0.0864
2022-05-02T00:00:00,False,2022-05-05,25.0,3.0,16924.4492,1195.0,17000.0,17500.0,EOD,75.0,-68.75,354.6,-423.35,False,0.1627
2022-05-04T00:00:00,False,2022-05-05,25.0,1.0,17096.5996,2167.5,16000.0,17000.0,TRAIL,65.0,1797.98,354.1,1443.88,True,-0.1928
2022-05-05T00:00:00,False,2022-05-05,25.0,0.5,16854.75,1962.5,16500.0,16700.0,TRAIL,70.0,1764.32,349.67,1414.65,True,-0.4334
2022-05-06T00:00:00,False,2022-05-12,,,,,,,NOLEG,,,,0.0,,
2022-05-09T00:00:00,False,2022-05-12,25.0,3.0,16227.7002,1163.75,16000.0,17000.0,EOD,75.0,553.75,347.32,206.43,True,0.1059
2022-05-10T00:00:00,False,2022-05-12,25.0,2.0,16248.9004,482.5,16000.0,17000.0,EOD,75.0,-63.75,343.68,-407.43,False,0.0824
2022-05-11T00:00:00,False,2022-05-12,25.0,1.0,16270.0498,18.75,15500.0,17000.0,STOP,16.0,-33.13,339.23,-372.36,False,-0.0003
2022-05-12T00:00:00,False,2022-05-12,25.0,0.5,16021.0996,185.0,15800.0,16500.0,STOP,3.0,-307.28,339.52,-646.8,False,0.0727
2022-05-13T00:00:00,False,2022-05-19,25.0,6.0,15977.0,217.5,15000.0,17000.0,EOD,75.0,42.5,340.76,-298.26,False,0.018
2022-05-16T00:00:00,False,2022-05-19,25.0,3.0,15845.0996,61.25,15000.0,17000.0,EOD,75.0,-18.75,340.06,-358.81,False,0.0069
2022-05-17T00:00:00,False,2022-05-19,25.0,2.0,15912.5996,45.0,15000.0,17000.0,TRAIL,65.0,39.05,339.39,-300.34,False,0.0083
2022-05-18T00:00:00,False,2022-05-19,25.0,1.0,16318.1504,817.5,16000.0,16500.0,EOD,75.0,445.0,343.4,101.6,True,-0.086
2022-05-19T00:00:00,False,2022-05-19,,,,,,,NOSIM,,,,0.0,,
2022-05-20T00:00:00,False,2022-05-26,25.0,6.0,16043.7998,747.5,16000.0,17000.0,EOD,75.0,-90.0,361.6,-451.6,False,0.0769
2022-05-23T00:00:00,False,2022-05-26,25.0,3.0,16290.9502,642.5,16000.0,17000.0,EOD,75.0,-220.0,346.7,-566.7,False,0.0607
2022-05-24T00:00:00,False,2022-05-26,25.0,2.0,16225.5498,936.25,16000.0,17000.0,EOD,75.0,-35.0,347.54,-382.54,False,0.0933
2022-05-25T00:00:00,False,2022-05-26,25.0,1.0,16196.3496,342.5,15500.0,16500.0,TRAIL,75.0,278.75,340.34,-61.59,False,-0.05
2022-05-26T00:00:00,False,2022-05-26,25.0,0.5,16105.0,1427.5,16000.0,16200.0,TRAIL,64.0,1344.92,343.86,1001.06,True,0.0208
2022-05-27T00:00:00,False,2022-06-02,25.0,6.0,16296.5996,550.0,16000.0,17000.0,EOD,75.0,-100.0,346.09,-446.09,False,0.0617
2022-05-30T00:00:00,False,2022-06-02,,,,,,,NOSIM,,,,0.0,,
2022-05-31T00:00:00,False,2022-06-02,25.0,2.0,16578.4492,362.5,16000.0,17000.0,EOD,75.0,160.0,340.98,-180.98,False,-0.0312
2022-06-01T00:00:00,False,2022-06-02,25.0,1.0,16594.4004,96.25,16000.0,17000.0,EOD,75.0,47.5,339.9,-292.4,False,0.0171
2022-06-02T00:00:00,False,2022-06-02,25.0,0.5,16481.6504,2362.5,16600.0,17000.0,TRAIL,64.0,1910.6,350.85,1559.75,True,0.2801
2022-06-03T00:00:00,False,2022-06-09,25.0,6.0,16761.6504,590.0,16300.0,17500.0,EOD,75.0,-23.75,342.79,-366.54,False,0.0556
2022-06-06T00:00:00,False,2022-06-09,25.0,3.0,16530.6992,686.25,16300.0,17200.0,EOD,75.0,120.0,344.15,-224.15,False,0.0854
2022-06-07T00:00:00,False,2022-06-09,25.0,2.0,16469.5996,320.0,16000.0,17000.0,EOD,75.0,137.5,340.42,-202.92,False,0.0205
2022-06-08T00:00:00,False,2022-06-09,25.0,1.0,16474.9492,212.5,16000.0,16800.0,TRAIL,70.0,171.39,339.93,-168.54,False,-0.0205
2022-06-09T00:00:00,False,2022-06-09,25.0,0.5,16263.8496,2452.5,16450.0,16500.0,TRAIL,70.0,2336.46,352.62,1983.84,True,0.3498
2022-06-10T00:00:00,False,2022-06-16,25.0,6.0,16283.9502,76.25,15000.0,17000.0,EOD,75.0,21.25,339.66,-318.41,False,-0.0163
2022-06-13T00:00:00,False,2022-06-16,25.0,3.0,15877.5498,168.75,15000.0,16500.0,EOD,75.0,11.25,340.98,-329.73,False,-0.0268
2022-06-14T00:00:00,False,2022-06-16,25.0,2.0,15674.25,147.5,15000.0,16500.0,EOD,75.0,88.75,340.42,-251.67,False,0.0124
2022-06-15T00:00:00,False,2022-06-16,25.0,1.0,15729.25,617.5,15000.0,16000.0,EOD,75.0,267.5,341.62,-74.12,False,-0.1138
2022-06-16T00:00:00,False,2022-06-16,25.0,0.5,15832.25,3402.5,15000.0,15400.0,TRAIL,64.0,2957.12,379.44,2577.68,True,-0.1145
2022-06-17T00:00:00,False,2022-06-23,25.0,6.0,15272.6504,880.0,15000.0,16000.0,EOD,75.0,66.25,349.4,-283.15,False,0.0432
2022-06-20T00:00:00,False,2022-06-23,25.0,3.0,15334.5,823.75,15000.0,16000.0,EOD,75.0,302.5,345.54,-43.04,False,0.0687
2022-06-21T00:00:00,False,2022-06-23,25.0,2.0,15455.9502,456.25,15000.0,16000.0,EOD,75.0,276.25,341.54,-65.29,False,0.0486
2022-06-22T00:00:00,False,2022-06-23,25.0,1.0,15545.6504,177.5,15000.0,16000.0,EOD,75.0,82.5,339.91,-257.41,False,0.0083
2022-06-23T00:00:00,False,2022-06-23,25.0,0.5,15451.5498,218.75,15000.0,15600.0,STOP,6.0,-308.3,339.73,-648.03,False,-0.0911
2022-06-24T00:00:00,False,2022-06-30,25.0,6.0,15657.4004,1235.0,15500.0,16000.0,EOD,75.0,-173.75,351.82,-525.57,False,-0.0097
2022-06-27T00:00:00,False,2022-06-30,25.0,3.0,15926.2002,1182.5,15000.0,16000.0,EOD,75.0,296.25,346.7,-50.45,False,-0.1575
2022-06-28T00:00:00,False,2022-06-30,25.0,2.0,15757.4502,671.25,15000.0,16000.0,EOD,75.0,-27.5,341.98,-369.48,False,-0.1153
2022-06-29T00:00:00,False,2022-06-30,25.0,1.0,15701.7002,616.25,15500.0,16000.0,EOD,75.0,97.5,342.14,-244.64,False,0.0282
2022-06-30T00:00:00,False,2022-06-30,25.0,0.5,15774.5,145.0,15400.0,16000.0,STOP,5.0,-241.31,339.34,-580.65,False,-0.0521
2022-07-01T00:00:00,False,2022-07-07,25.0,6.0,15703.7002,841.25,15500.0,16500.0,EOD,75.0,90.0,349.7,-259.7,False,0.0789
2022-07-04T00:00:00,False,2022-07-07,25.0,3.0,15710.5,140.0,15000.0,16500.0,EOD,75.0,107.5,339.83,-232.33,False,0.0108
2022-07-05T00:00:00,False,2022-07-07,25.0,2.0,15909.1504,1522.5,15500.0,16000.0,EOD,75.0,793.75,345.64,448.11,True,-0.1667
2022-07-06T00:00:00,False,2022-07-07,25.0,1.0,15818.2002,1191.25,15800.0,16200.0,EOD,75.0,663.75,347.1,316.65,True,0.1732
2022-07-07T00:00:00,False,2022-07-07,25.0,0.5,16113.75,1362.5,16100.0,16200.0,TRAIL,64.0,1153.54,346.39,807.15,True,-0.0004
2022-07-08T00:00:00,False,2022-07-14,25.0,6.0,16273.6504,2625.0,16000.0,16200.0,EOD,75.0,202.5,359.8,-157.3,False,-0.0861
2022-07-11T00:00:00,False,2022-07-14,25.0,3.0,16136.1504,908.75,16000.0,16600.0,EOD,75.0,185.0,345.42,-160.42,False,0.1051
2022-07-12T00:00:00,False,2022-07-14,25.0,2.0,16126.2002,1405.0,15700.0,16200.0,EOD,75.0,576.25,344.39,231.86,True,-0.1443
2022-07-13T00:00:00,False,2022-07-14,25.0,1.0,16128.2002,52.5,15500.0,16500.0,EOD,75.0,17.5,339.24,-321.74,False,-0.0119
2022-07-14T00:00:00,False,2022-07-14,25.0,0.5,16018.8496,2572.5,15900.0,15950.0,TRAIL,64.0,2390.22,347.23,2042.99,True,-0.2351
2022-07-15T00:00:00,False,2022-07-21,25.0,6.0,16010.7998,1686.25,16000.0,16600.0,EOD,75.0,460.0,352.8,107.2,True,0.128
2022-07-18T00:00:00,False,2022-07-21,25.0,3.0,16151.4004,602.5,16000.0,16600.0,EOD,75.0,180.0,342.79,-162.79,False,0.0998
2022-07-19T00:00:00,False,2022-07-21,25.0,2.0,16187.0498,1195.0,16200.0,16600.0,EOD,75.0,560.0,345.4,214.6,True,0.2371
2022-07-20T00:00:00,False,2022-07-21,25.0,1.0,16562.8008,395.0,16000.0,16600.0,EOD,75.0,-106.25,340.67,-446.92,False,-0.2269
2022-07-21T00:00:00,False,2022-07-21,25.0,0.5,16523.5508,820.0,16500.0,16700.0,TRAIL,64.0,723.07,341.81,381.26,True,0.2406
2022-07-22T00:00:00,False,2022-07-28,25.0,6.0,16661.25,1191.25,16500.0,17000.0,EOD,75.0,111.25,347.08,-235.83,False,0.042
2022-07-25T00:00:00,False,2022-07-28,25.0,3.0,16662.5508,461.25,16000.0,17000.0,EOD,75.0,265.0,341.02,-76.02,False,-0.0839
2022-07-26T00:00:00,False,2022-07-28,25.0,2.0,16632.9004,155.0,16000.0,17000.0,EOD,75.0,95.0,339.67,-244.67,False,-0.0269
2022-07-27T00:00:00,False,2022-07-28,25.0,1.0,16475.3496,68.75,16000.0,17000.0,EOD,75.0,17.5,339.29,-321.79,False,0.0136
2022-07-28T00:00:00,False,2022-07-28,25.0,0.5,16774.8496,1912.5,16900.0,16950.0,TRAIL,64.0,1611.05,351.45,1259.6,True,0.2423
2022-07-29T00:00:00,False,2022-08-04,25.0,6.0,17079.5,1378.75,17000.0,17600.0,EOD,75.0,503.75,349.99,153.76,True,0.1089
2022-08-01T00:00:00,False,2022-08-04,25.0,3.0,17243.1992,455.0,16500.0,17500.0,EOD,75.0,-306.25,341.24,-647.49,False,-0.0923
2022-08-02T00:00:00,False,2022-08-04,25.0,2.0,17310.1504,1366.25,17200.0,17500.0,EOD,75.0,171.25,346.44,-175.19,False,0.0325
2022-08-03T00:00:00,False,2022-08-04,25.0,1.0,17349.25,677.5,17000.0,17500.0,EOD,75.0,136.25,341.85,-205.6,False,-0.1207
2022-08-04T00:00:00,False,2022-08-04,25.0,0.5,17463.0996,2016.25,17000.0,17400.0,TRAIL,64.0,2273.09,345.76,1927.33,True,-0.3895
2022-08-05T00:00:00,False,2022-08-11,25.0,6.0,17423.6504,605.0,17000.0,18000.0,EOD,75.0,181.25,344.45,-163.2,False,0.0104
2022-08-08T00:00:00,False,2022-08-11,25.0,3.0,17401.5,1250.0,17400.0,18000.0,EOD,75.0,478.75,350.91,127.84,True,0.1481
2022-08-10T00:00:00,False,2022-08-11,25.0,1.0,17566.0996,45.0,17000.0,18000.0,EOD,75.0,6.25,339.46,-333.21,False,-0.0077
2022-08-11T00:00:00,False,2022-08-11,25.0,0.5,17711.6504,1056.25,17300.0,17700.0,TRAIL,66.0,864.21,341.98,522.23,True,-0.4196
2022-08-12T00:00:00,False,2022-08-18,25.0,6.0,17659.6504,1157.5,17000.0,17800.0,EOD,75.0,160.0,345.53,-185.53,False,-0.1392
2022-08-16T00:00:00,False,2022-08-18,25.0,2.0,17797.1992,2258.75,17700.0,17800.0,EOD,75.0,215.0,350.68,-135.68,False,-0.1344
2022-08-17T00:00:00,False,2022-08-18,25.0,1.0,17868.1504,1641.25,17800.0,18000.0,EOD,75.0,488.75,344.19,144.56,True,0.0872
2022-08-18T00:00:00,False,2022-08-18,25.0,0.5,17898.6504,1496.25,17900.0,18000.0,TRAIL,64.0,1242.36,343.25,899.11,True,0.1919
2022-08-19T00:00:00,False,2022-08-25,25.0,6.0,17966.5508,1260.0,17000.0,18000.0,EOD,75.0,577.5,348.59,228.91,True,-0.1604
2022-08-22T00:00:00,False,2022-08-25,25.0,3.0,17682.9004,423.75,17000.0,18000.0,EOD,75.0,230.0,341.32,-111.32,False,-0.1132
2022-08-23T00:00:00,False,2022-08-25,25.0,2.0,17357.3496,2391.25,17500.0,18000.0,EOD,75.0,1513.75,351.51,1162.24,True,0.3266
2022-08-24T00:00:00,False,2022-08-25,25.0,1.0,17525.4492,76.25,17000.0,18000.0,EOD,75.0,38.75,339.52,-300.77,False,-0.0144
2022-08-25T00:00:00,False,2022-08-25,25.0,0.5,17679.0,31.25,17300.0,18000.0,TRAIL,64.0,125.59,339.13,-213.54,False,0.0007
2022-08-26T00:00:00,False,2022-09-01,25.0,6.0,17619.3008,1423.75,17000.0,17700.0,EOD,75.0,113.75,350.64,-236.89,False,-0.1013
2022-08-29T00:00:00,False,2022-09-01,25.0,3.0,17188.6504,981.25,17000.0,18000.0,EOD,75.0,562.5,344.31,218.19,True,0.1223
2022-08-30T00:00:00,False,2022-09-01,25.0,2.0,17414.9492,308.75,17000.0,18000.0,EOD,75.0,113.75,340.45,-226.7,False,0.0478
2022-09-01T00:00:00,False,2022-09-01,25.0,0.5,17485.6992,885.0,17500.0,18000.0,TRAIL,66.0,710.71,343.76,366.95,True,0.3034
2022-09-02T00:00:00,False,2022-09-08,25.0,6.0,17598.4004,843.75,17000.0,18000.0,EOD,75.0,300.0,344.47,-44.47,False,-0.0508
2022-09-05T00:00:00,False,2022-09-08,25.0,3.0,17546.4492,547.5,17000.0,18000.0,EOD,75.0,111.25,341.69,-230.44,False,-0.0196
2022-09-06T00:00:00,False,2022-09-08,25.0,2.0,17695.6992,1158.75,17000.0,17800.0,EOD,75.0,327.5,344.92,-17.42,False,-0.1642
2022-09-07T00:00:00,False,2022-09-08,25.0,1.0,17519.4004,158.75,17000.0,18000.0,EOD,75.0,103.75,339.61,-235.86,False,-0.0135
2022-09-08T00:00:00,False,2022-09-08,25.0,0.5,17748.1504,800.0,17000.0,17800.0,TRAIL,64.0,698.52,341.2,357.32,True,-0.2848
2022-09-09T00:00:00,False,2022-09-15,25.0,6.0,17923.3496,1458.75,17000.0,18000.0,EOD,75.0,411.25,346.3,64.95,True,-0.1862
2022-09-12T00:00:00,False,2022-09-15,25.0,3.0,17890.8496,3178.75,17900.0,18000.0,EOD,75.0,657.5,357.61,299.89,True,-0.0166
2022-09-13T00:00:00,False,2022-09-15,25.0,2.0,18044.4492,775.0,18000.0,18500.0,EOD,75.0,-102.5,347.35,-449.85,False,0.1407
2022-09-14T00:00:00,False,2022-09-15,25.0,1.0,17771.1504,2300.0,17900.0,18200.0,EOD,75.0,1321.25,354.26,966.99,True,0.1922
2022-09-15T00:00:00,False,2022-09-15,25.0,0.5,18046.3496,2026.25,17500.0,18000.0,TRAIL,69.0,1640.95,346.18,1294.77,True,-0.3266
2022-09-16T00:00:00,False,2022-09-22,25.0,6.0,17796.8008,100.0,17000.0,19000.0,STOP,49.0,-143.29,339.77,-483.06,False,0.0161
2022-09-19T00:00:00,False,2022-09-22,25.0,3.0,17540.6504,982.5,17500.0,18000.0,EOD,75.0,-386.25,352.17,-738.42,False,0.0645
2022-09-20T00:00:00,False,2022-09-22,25.0,2.0,17770.4004,592.5,17000.0,18000.0,EOD,75.0,-131.25,341.69,-472.94,False,-0.1007
2022-09-21T00:00:00,False,2022-09-22,25.0,1.0,17766.3496,983.75,17500.0,18000.0,EOD,75.0,-53.75,343.63,-397.38,False,-0.0496
2022-09-22T00:00:00,False,2022-09-22,25.0,0.5,17609.6504,1733.75,17600.0,18000.0,TRAIL,64.0,1755.71,345.63,1410.08,True,0.2313
2022-09-23T00:00:00,False,2022-09-29,25.0,6.0,17593.8496,452.5,16000.0,18000.0,EOD,75.0,260.0,342.04,-82.04,False,-0.0688
2022-09-26T00:00:00,False,2022-09-29,25.0,3.0,17156.3008,108.75,16000.0,18000.0,EOD,75.0,76.25,339.89,-263.64,False,-0.0082
2022-09-27T00:00:00,False,2022-09-29,,,,,,,NOSIM,,,,0.0,,
2022-09-28T00:00:00,False,2022-09-29,25.0,1.0,16870.5508,1606.25,16800.0,17000.0,EOD,75.0,218.75,348.02,-129.27,False,-0.0557
2022-09-29T00:00:00,False,2022-09-29,25.0,0.5,16993.5996,1488.75,16800.0,17000.0,TRAIL,64.0,1218.13,343.81,874.32,True,-0.2273
2022-09-30T00:00:00,False,2022-10-06,25.0,6.0,16798.0508,1591.25,16700.0,17500.0,EOD,75.0,846.25,353.01,493.24,True,0.0887
2022-10-03T00:00:00,False,2022-10-06,25.0,3.0,17102.0996,2562.5,16000.0,17000.0,EOD,75.0,1452.5,357.96,1094.54,True,-0.1493
2022-10-04T00:00:00,False,2022-10-06,25.0,2.0,17147.4492,745.0,17000.0,17500.0,EOD,75.0,273.75,346.52,-72.77,False,0.0875
2022-10-06T00:00:00,False,2022-10-06,25.0,0.5,17379.25,1058.75,17000.0,17400.0,TRAIL,71.0,959.71,342.21,617.5,True,-0.3189
2022-10-07T00:00:00,False,2022-10-13,25.0,6.0,17287.1992,708.75,17000.0,18000.0,EOD,75.0,192.5,344.68,-152.18,False,0.0794
2022-10-10T00:00:00,False,2022-10-13,25.0,3.0,17094.3496,1173.75,17000.0,18000.0,EOD,75.0,578.75,347.14,231.61,True,0.1493
2022-10-11T00:00:00,False,2022-10-13,25.0,2.0,17256.0508,1930.0,16000.0,17200.0,EOD,75.0,1353.75,350.73,1003.02,True,-0.212
2022-10-12T00:00:00,False,2022-10-13,25.0,1.0,17025.5508,1426.25,17000.0,17500.0,EOD,75.0,723.75,347.31,376.44,True,0.1704
2022-10-13T00:00:00,False,2022-10-13,25.0,0.5,17087.3496,587.5,17000.0,17500.0,TRAIL,64.0,590.43,341.25,249.18,True,0.1939
2022-10-14T00:00:00,False,2022-10-20,,,,,,,NOSIM,,,,0.0,,
2022-10-17T00:00:00,False,2022-10-20,25.0,3.0,17144.8008,2257.5,17000.0,17300.0,EOD,75.0,127.5,351.19,-223.69,False,-0.0611
2022-10-18T00:00:00,False,2022-10-20,25.0,2.0,17438.75,986.25,17000.0,17500.0,EOD,75.0,-556.25,344.32,-900.57,False,-0.1763
2022-10-19T00:00:00,False,2022-10-20,25.0,1.0,17568.1504,1327.5,17000.0,17600.0,EOD,75.0,815.0,343.33,471.67,True,-0.281
2022-10-20T00:00:00,False,2022-10-20,25.0,0.5,17423.0996,1713.75,17500.0,17600.0,TRAIL,64.0,1380.61,345.88,1034.73,True,0.3689
2022-10-21T00:00:00,False,2022-10-27,25.0,6.0,17622.8496,297.5,17000.0,18000.0,EOD,75.0,123.75,340.76,-217.01,False,-0.0369
2022-10-25T00:00:00,False,2022-10-27,25.0,2.0,17808.3008,335.0,17500.0,18000.0,EOD,75.0,-75.0,340.84,-415.84,False,-0.0375
2022-10-27T00:00:00,False,2022-10-27,25.0,0.5,17771.4004,1451.25,17700.0,17750.0,TRAIL,64.0,1242.96,343.5,899.46,True,-0.3043
2022-10-28T00:00:00,False,2022-11-03,25.0,6.0,17756.4004,1126.25,17700.0,18200.0,EOD,75.0,-133.75,348.75,-482.5,False,0.1
2022-10-31T00:00:00,False,2022-11-03,25.0,3.0,17910.1992,777.5,17800.0,18500.0,EOD,75.0,226.25,344.51,-118.26,False,0.1392
2022-11-01T00:00:00,False,2022-11-03,25.0,2.0,18130.6992,857.5,18000.0,18400.0,EOD,75.0,116.25,344.6,-228.35,False,0.139
2022-11-02T00:00:00,False,2022-11-03,25.0,1.0,18177.9004,886.25,18000.0,18400.0,EOD,75.0,38.75,342.33,-303.58,False,0.0221
2022-11-03T00:00:00,False,2022-11-03,25.0,0.5,17968.3496,2000.0,18000.0,18100.0,TRAIL,64.0,1703.09,346.03,1357.06,True,0.1456
2022-11-04T00:00:00,False,2022-11-10,25.0,6.0,18053.4004,1255.0,18000.0,19000.0,EOD,75.0,407.5,347.3,60.2,True,0.168
2022-11-07T00:00:00,False,2022-11-10,25.0,3.0,18211.75,531.25,18000.0,19000.0,EOD,75.0,206.25,342.13,-135.88,False,0.1086
2022-11-09T00:00:00,False,2022-11-10,25.0,1.0,18288.25,1180.0,18000.0,18300.0,EOD,75.0,662.5,343.4,319.1,True,-0.254
2022-11-10T00:00:00,False,2022-11-10,25.0,0.5,18044.3496,1491.25,18000.0,18050.0,TRAIL,68.0,1246.62,344.06,902.56,True,-0.034
2022-11-11T00:00:00,False,2022-11-17,25.0,6.0,18272.3496,743.75,18000.0,19000.0,EOD,75.0,492.5,343.1,149.4,True,0.0969
2022-11-14T00:00:00,False,2022-11-17,25.0,3.0,18376.4004,167.5,18000.0,19000.0,EOD,75.0,-16.25,340.22,-356.47,False,0.0396
2022-11-15T00:00:00,False,2022-11-17,25.0,2.0,18362.75,1132.5,18300.0,19000.0,EOD,75.0,617.5,343.32,274.18,True,0.2297
2022-11-16T00:00:00,False,2022-11-17,25.0,1.0,18398.25,2183.75,18300.0,18400.0,EOD,75.0,538.75,346.06,192.69,True,-0.1573
2022-11-17T00:00:00,False,2022-11-17,25.0,0.5,18358.6992,1187.5,18300.0,18400.0,TRAIL,69.0,972.8,342.28,630.52,True,-0.0925
2022-11-18T00:00:00,False,2022-11-24,25.0,6.0,18382.9492,2358.75,18300.0,18400.0,EOD,75.0,65.0,353.82,-288.82,False,-0.0355
2022-11-21T00:00:00,False,2022-11-24,25.0,3.0,18246.4004,1462.5,18000.0,18300.0,EOD,75.0,377.5,347.35,30.15,True,-0.1153
2022-11-22T00:00:00,False,2022-11-24,25.0,2.0,18179.1504,1736.25,18200.0,18300.0,EOD,75.0,93.75,346.73,-252.98,False,0.1053
2022-11-23T00:00:00,False,2022-11-24,25.0,1.0,18325.1992,1410.0,18000.0,18300.0,EOD,75.0,516.25,343.66,172.59,True,-0.3463
2022-11-24T00:00:00,False,2022-11-24,25.0,0.5,18326.0996,36.25,18000.0,18500.0,TRAIL,64.0,326.45,339.12,-12.67,False,-0.0214
2022-11-25T00:00:00,False,2022-12-01,25.0,6.0,18528.4492,288.75,18300.0,19000.0,EOD,75.0,-106.25,341.51,-447.76,False,0.0524
2022-11-28T00:00:00,False,2022-12-01,25.0,3.0,18430.5508,1385.0,18500.0,19000.0,EOD,75.0,645.0,346.56,298.44,True,0.3515
2022-11-29T00:00:00,False,2022-12-01,25.0,2.0,18552.4492,597.5,18500.0,19000.0,EOD,75.0,200.0,342.15,-142.15,False,0.1972
2022-11-30T00:00:00,False,2022-12-01,25.0,1.0,18625.6992,833.75,18600.0,19000.0,EOD,75.0,626.25,342.11,284.14,True,0.2768
2022-12-01T00:00:00,False,2022-12-01,25.0,0.5,18871.9492,915.0,18800.0,18900.0,TRAIL,64.0,937.38,341.61,595.77,True,-0.0437
2022-12-02T00:00:00,False,2022-12-08,25.0,6.0,18752.4004,1526.25,18700.0,19000.0,EOD,75.0,-111.25,347.93,-459.18,False,0.0735
2022-12-05T00:00:00,False,2022-12-08,25.0,3.0,18719.5508,1536.25,18700.0,19000.0,EOD,75.0,78.75,347.19,-268.44,False,0.1441
2022-12-06T00:00:00,False,2022-12-08,25.0,2.0,18600.6504,908.75,18600.0,19000.0,EOD,75.0,21.25,343.61,-322.36,False,0.2625
2022-12-07T00:00:00,False,2022-12-08,25.0,1.0,18638.8496,845.0,18500.0,18800.0,EOD,75.0,191.25,342.25,-151.0,False,-0.0095
2022-12-08T00:00:00,False,2022-12-08,25.0,0.5,18570.8496,1643.75,18600.0,18650.0,TRAIL,66.0,1323.39,343.67,979.72,True,0.2525
2022-12-09T00:00:00,False,2022-12-15,25.0,6.0,18662.4004,2541.25,18600.0,18600.0,EOD,75.0,-265.0,356.95,-621.95,False,-0.0201
2022-12-12T00:00:00,False,2022-12-15,25.0,3.0,18402.1504,1295.0,18400.0,18600.0,EOD,75.0,-163.75,346.98,-510.73,False,0.191
2022-12-13T00:00:00,False,2022-12-15,25.0,2.0,18524.4004,915.0,18500.0,19000.0,EOD,75.0,380.0,343.25,36.75,True,0.2398
2022-12-14T00:00:00,False,2022-12-15,25.0,1.0,18671.25,657.5,18600.0,19000.0,EOD,75.0,80.0,342.29,-262.29,False,0.17
2022-12-15T00:00:00,False,2022-12-15,25.0,0.5,18614.4004,1677.5,18400.0,18600.0,TRAIL,66.0,1469.82,344.14,1125.68,True,-0.3279
2022-12-16T00:00:00,False,2022-12-22,25.0,6.0,18319.0996,872.5,18000.0,18600.0,EOD,75.0,291.25,344.03,-52.78,False,-0.0467
2022-12-19T00:00:00,False,2022-12-22,25.0,3.0,18288.0996,1306.25,18300.0,19000.0,EOD,75.0,837.5,347.32,490.18,True,0.2195
2022-12-20T00:00:00,False,2022-12-22,25.0,2.0,18340.3008,1057.5,18300.0,18600.0,EOD,75.0,337.5,344.02,-6.52,False,0.1476
2022-12-21T00:00:00,False,2022-12-22,25.0,1.0,18435.1504,652.5,18000.0,18500.0,EOD,75.0,347.5,341.28,6.22,True,-0.237
2022-12-22T00:00:00,False,2022-12-22,25.0,0.5,18288.8008,163.75,18100.0,18500.0,STOP,12.0,-239.5,340.21,-579.71,False,0.0236
2022-12-23T00:00:00,False,2022-12-29,25.0,6.0,17977.6504,1888.75,17000.0,18000.0,EOD,75.0,931.25,352.13,579.12,True,-0.149
2022-12-26T00:00:00,False,2022-12-29,25.0,3.0,17830.4004,298.75,17000.0,18200.0,STOP,64.0,-473.14,341.14,-814.28,False,-0.0548
2022-12-27T00:00:00,False,2022-12-29,25.0,2.0,18089.8008,1665.0,18000.0,18200.0,EOD,75.0,400.0,346.75,53.25,True,0.0006
2022-12-28T00:00:00,False,2022-12-29,25.0,1.0,18084.75,1021.25,18000.0,18200.0,EOD,75.0,270.0,344.15,-74.15,False,-0.0617
2022-12-29T00:00:00,False,2022-12-29,25.0,0.5,18045.6992,637.5,18000.0,18200.0,TRAIL,64.0,987.65,341.15,646.5,True,0.1571
2022-12-30T00:00:00,False,2023-01-05,25.0,6.0,18259.0996,2150.0,17500.0,18200.0,EOD,75.0,961.25,350.69,610.56,True,-0.2235
2023-01-02T00:00:00,False,2023-01-05,25.0,3.0,18131.6992,1835.0,18000.0,18200.0,EOD,75.0,-53.75,349.0,-402.75,False,-0.0327
2023-01-03T00:00:00,False,2023-01-05,25.0,2.0,18163.1992,3041.25,18200.0,18200.0,EOD,75.0,447.5,352.07,95.43,True,0.0403
2023-01-04T00:00:00,False,2023-01-05,25.0,1.0,18230.6504,1991.25,18000.0,18200.0,EOD,75.0,986.25,346.86,639.39,True,-0.2129
2023-01-05T00:00:00,False,2023-01-05,25.0,0.5,18101.9492,1852.5,17700.0,18000.0,TRAIL,64.0,3014.79,346.11,2668.68,True,-0.6359
2023-01-06T00:00:00,False,2023-01-12,25.0,6.0,18008.0508,2876.25,18000.0,18000.0,EOD,75.0,-117.5,360.21,-477.71,False,-0.0121
2023-01-09T00:00:00,False,2023-01-12,25.0,3.0,17952.5508,1260.0,18000.0,18300.0,EOD,75.0,296.25,349.68,-53.43,False,0.1769
2023-01-10T00:00:00,False,2023-01-12,25.0,2.0,18121.3008,2033.75,17700.0,18000.0,TRAIL,66.0,1633.26,350.44,1282.82,True,-0.3219
2023-01-11T00:00:00,False,2023-01-12,25.0,1.0,17924.25,1328.75,17800.0,18000.0,EOD,75.0,328.75,344.61,-15.86,False,-0.0378
2023-01-12T00:00:00,False,2023-01-12,25.0,0.5,17920.8496,1596.25,17800.0,17900.0,TRAIL,64.0,1501.99,344.24,1157.75,True,-0.2787
2023-01-13T00:00:00,False,2023-01-19,25.0,6.0,17867.5,3543.75,17900.0,17900.0,EOD,75.0,598.75,362.92,235.83,True,0.0166
2023-01-16T00:00:00,False,2023-01-19,25.0,3.0,18033.1504,2156.25,17900.0,18000.0,EOD,75.0,-46.25,352.63,-398.88,False,-0.1119
2023-01-17T00:00:00,False,2023-01-19,25.0,2.0,17922.8008,1325.0,17900.0,18200.0,EOD,75.0,558.75,346.23,212.52,True,0.1437
2023-01-18T00:00:00,False,2023-01-19,25.0,1.0,18074.3008,685.0,18000.0,18300.0,EOD,75.0,372.5,342.45,30.05,True,0.1457
2023-01-19T00:00:00,False,2023-01-19,25.0,0.5,18119.8008,1267.5,18100.0,18200.0,TRAIL,64.0,1030.14,342.65,687.49,True,0.1114
2023-01-20T00:00:00,False,2023-01-25,25.0,5.0,18115.5996,2726.25,18100.0,18100.0,EOD,75.0,-41.25,356.65,-397.9,False,-0.0334
2023-01-23T00:00:00,False,2023-01-25,25.0,2.0,18118.4492,390.0,18100.0,19000.0,EOD,75.0,-420.0,344.29,-764.29,False,0.1935
2023-01-24T00:00:00,False,2023-01-25,25.0,1.0,18183.9492,2241.25,18000.0,18100.0,EOD,75.0,738.75,347.54,391.21,True,-0.3094
2023-01-25T00:00:00,False,2023-01-25,25.0,0.5,18093.3496,3408.75,17850.0,17900.0,TRAIL,64.0,3249.6,354.23,2895.37,True,-0.1951
2023-01-27T00:00:00,False,2023-02-02,25.0,6.0,17877.1992,60.0,17000.0,19000.0,STOP,12.0,-96.36,339.72,-436.08,False,0.0107
2023-01-30T00:00:00,False,2023-02-02,25.0,3.0,17541.9492,680.0,17000.0,18000.0,EOD,75.0,11.25,345.32,-334.07,False,-0.0507
2023-01-31T00:00:00,False,2023-02-02,25.0,2.0,17731.4492,972.5,17000.0,18000.0,EOD,75.0,266.25,345.31,-79.06,False,-0.0918
2023-02-01T00:00:00,False,2023-02-02,25.0,1.0,17811.5996,745.0,17000.0,18000.0,EOD,75.0,576.25,345.46,230.79,True,-0.1023
2023-02-02T00:00:00,False,2023-02-02,25.0,0.5,17517.0996,1497.5,17600.0,18000.0,TRAIL,66.0,1292.0,347.02,944.98,True,0.395
2023-02-03T00:00:00,False,2023-02-09,25.0,6.0,17721.75,1853.75,17600.0,18000.0,EOD,75.0,478.75,352.59,126.16,True,0.0417
2023-02-06T00:00:00,False,2023-02-09,25.0,3.0,17818.5508,488.75,17000.0,18000.0,EOD,75.0,53.75,342.19,-288.44,False,-0.1059
2023-02-07T00:00:00,False,2023-02-09,25.0,2.0,17790.0996,393.75,17000.0,18000.0,EOD,75.0,183.75,340.7,-156.95,False,-0.1098
2023-02-08T00:00:00,False,2023-02-09,25.0,1.0,17750.3008,1890.0,17800.0,18000.0,EOD,75.0,1010.0,347.61,662.39,True,0.2208
2023-02-09T00:00:00,False,2023-02-09,25.0,0.5,17885.5,1450.0,17800.0,17900.0,TRAIL,64.0,1206.54,342.86,863.68,True,-0.0989
2023-02-10T00:00:00,False,2023-02-16,25.0,6.0,17847.5508,1872.5,17800.0,18000.0,EOD,75.0,197.5,349.64,-152.14,False,0.031
2023-02-13T00:00:00,False,2023-02-16,25.0,3.0,17859.0996,1782.5,17800.0,18000.0,EOD,75.0,41.25,346.4,-305.15,False,0.0437
2023-02-14T00:00:00,False,2023-02-16,25.0,2.0,17840.3496,1358.75,17800.0,18200.0,EOD,75.0,785.0,345.15,439.85,True,0.2064
2023-02-15T00:00:00,False,2023-02-16,25.0,1.0,17896.5996,673.75,17800.0,18200.0,TRAIL,74.0,539.43,341.22,198.21,True,0.1729
2023-02-16T00:00:00,False,2023-02-16,25.0,0.5,18094.75,941.25,18000.0,18100.0,TRAIL,64.0,942.55,341.6,600.95,True,-0.2236
2023-02-17T00:00:00,False,2023-02-23,25.0,6.0,17974.8496,2433.75,18000.0,18000.0,EOD,75.0,-368.75,355.5,-724.25,False,0.0441
2023-02-20T00:00:00,False,2023-02-23,25.0,3.0,17965.5508,1211.25,17500.0,18000.0,EOD,75.0,518.75,344.99,173.76,True,-0.1963
2023-02-21T00:00:00,False,2023-02-23,25.0,2.0,17905.8008,616.25,17500.0,18000.0,EOD,75.0,220.0,341.99,-121.99,False,-0.1598
2023-02-22T00:00:00,False,2023-02-23,25.0,1.0,17755.3496,450.0,17500.0,18000.0,EOD,75.0,-151.25,340.3,-491.55,False,-0.0458
2023-02-23T00:00:00,False,2023-02-23,25.0,0.5,17574.6504,423.75,17500.0,18000.0,STOP,4.0,-624.61,340.67,-965.28,False,0.2097
2023-02-24T00:00:00,False,2023-03-02,25.0,6.0,17591.3496,1272.5,17000.0,17600.0,EOD,75.0,353.75,347.96,5.79,True,-0.1841
2023-02-27T00:00:00,False,2023-03-02,25.0,3.0,17428.5996,107.5,17000.0,18500.0,EOD,75.0,27.5,339.68,-312.18,False,0.0279
2023-02-28T00:00:00,False,2023-03-02,25.0,2.0,17383.25,1713.75,17000.0,17400.0,EOD,75.0,928.75,346.66,582.09,True,-0.2228
2023-03-01T00:00:00,False,2023-03-02,25.0,1.0,17360.0996,2017.5,17400.0,17500.0,EOD,75.0,892.5,347.69,544.81,True,0.1373
2023-03-02T00:00:00,False,2023-03-02,25.0,0.5,17421.5,2278.75,17300.0,17350.0,TRAIL,64.0,1882.83,345.81,1537.02,True,-0.3538
2023-03-03T00:00:00,False,2023-03-09,25.0,6.0,17451.25,1850.0,17500.0,18000.0,EOD,75.0,1182.5,348.88,833.62,True,0.2371
2023-03-06T00:00:00,False,2023-03-09,25.0,3.0,17680.3496,707.5,17500.0,17800.0,EOD,75.0,18.75,342.01,-323.26,False,-0.0573
2023-03-08T00:00:00,False,2023-03-09,25.0,1.0,17665.75,1235.0,17600.0,17800.0,EOD,75.0,617.5,342.73,274.77,True,0.0756
2023-03-09T00:00:00,False,2023-03-09,25.0,0.5,17772.0508,2715.0,17600.0,17600.0,TRAIL,72.0,2376.59,349.99,2026.6,True,-0.3392
2023-03-10T00:00:00,False,2023-03-16,25.0,6.0,17443.8008,846.25,17400.0,18000.0,EOD,75.0,-435.0,346.44,-781.44,False,0.1504
2023-03-13T00:00:00,False,2023-03-16,25.0,3.0,17421.9004,823.75,17000.0,17500.0,EOD,75.0,-155.0,343.86,-498.86,False,-0.1437
2023-03-14T00:00:00,False,2023-03-16,25.0,2.0,17160.5508,870.0,17000.0,17500.0,EOD,75.0,-197.5,344.43,-541.93,False,0.0185
2023-03-15T00:00:00,False,2023-03-16,25.0,1.0,17166.4492,1077.5,16800.0,17200.0,EOD,75.0,695.0,344.48,350.52,True,-0.2081
2023-03-16T00:00:00,False,2023-03-16,25.0,0.5,16994.6504,2576.25,17000.0,17000.0,EOD,75.0,1966.25,347.75,1618.5,True,-0.036
2023-03-17T00:00:00,False,2023-03-23,25.0,6.0,17111.8008,792.5,17000.0,17800.0,EOD,75.0,-56.25,347.57,-403.82,False,0.1032
2023-03-20T00:00:00,False,2023-03-23,25.0,3.0,17066.5996,1553.75,16900.0,17200.0,EOD,75.0,43.75,348.19,-304.44,False,-0.0072
2023-03-21T00:00:00,False,2023-03-23,25.0,2.0,17060.4004,443.75,17000.0,17800.0,EOD,75.0,-195.0,345.65,-540.65,False,0.1367
2023-03-22T00:00:00,False,2023-03-23,25.0,1.0,17177.4492,741.25,17000.0,17500.0,EOD,75.0,312.5,341.74,-29.24,False,0.1207
2023-03-23T00:00:00,False,2023-03-23,25.0,0.5,17097.4004,2230.0,17050.0,17100.0,TRAIL,65.0,1807.96,346.34,1461.62,True,-0.0448
2023-03-24T00:00:00,False,2023-03-29,25.0,5.0,17076.1992,972.5,17000.0,18000.0,EOD,75.0,-573.75,346.32,-920.07,False,0.1555
2023-03-27T00:00:00,False,2023-03-29,25.0,2.0,16984.3008,1496.25,17000.0,18000.0,EOD,75.0,447.5,347.84,99.66,True,0.2189
2023-03-28T00:00:00,False,2023-03-29,25.0,1.0,17031.75,2692.5,17000.0,17000.0,EOD,75.0,428.75,350.94,77.81,True,-0.0285
2023-03-29T00:00:00,False,2023-03-29,25.0,0.5,16977.3008,1525.0,17000.0,17100.0,TRAIL,70.0,1391.03,343.41,1047.62,True,0.3061
2023-03-31T00:00:00,False,2023-04-06,25.0,6.0,17210.3496,593.75,17000.0,17700.0,EOD,75.0,262.5,342.82,-80.32,False,0.1016
2023-04-03T00:00:00,False,2023-04-06,25.0,3.0,17427.9492,265.0,17000.0,17700.0,EOD,75.0,185.0,340.66,-155.66,False,-0.0133
2023-04-05T00:00:00,False,2023-04-06,25.0,1.0,17422.3008,2107.5,17500.0,17700.0,EOD,75.0,1543.75,348.71,1195.04,True,0.2771
2023-04-06T00:00:00,False,2023-04-06,25.0,0.5,17533.8496,1143.75,17500.0,17600.0,TRAIL,66.0,941.26,341.89,599.37,True,0.0437
2023-04-10T00:00:00,False,2023-04-13,25.0,3.0,17634.9004,1372.5,17600.0,18000.0,EOD,75.0,372.5,345.02,27.48,True,0.2036
2023-04-11T00:00:00,False,2023-04-13,25.0,2.0,17704.8008,1432.5,17700.0,18000.0,EOD,75.0,673.75,344.34,329.41,True,0.2692
2023-04-12T00:00:00,False,2023-04-13,25.0,1.0,17759.5508,686.25,17700.0,18000.0,EOD,75.0,382.5,341.24,41.26,True,0.2245
2023-04-13T00:00:00,False,2023-04-13,25.0,0.5,17807.3008,1410.0,17800.0,17850.0,TRAIL,64.0,1155.74,342.76,812.98,True,0.0538
2023-04-17T00:00:00,False,2023-04-20,25.0,3.0,17863.0,1168.75,17700.0,18000.0,EOD,75.0,96.25,343.76,-247.51,False,-0.0092
2023-04-18T00:00:00,False,2023-04-20,25.0,2.0,17766.5996,1658.75,17500.0,17700.0,EOD,75.0,566.25,346.45,219.8,True,-0.3464
2023-04-19T00:00:00,False,2023-04-20,25.0,1.0,17653.3496,927.5,17500.0,17700.0,EOD,75.0,451.25,341.78,109.47,True,-0.2238
2023-04-20T00:00:00,False,2023-04-20,25.0,0.5,17638.5996,1101.25,17600.0,17650.0,TRAIL,64.0,897.9,341.71,556.19,True,-0.1115
2023-04-21T00:00:00,False,2023-04-27,25.0,6.0,17639.75,1217.5,17000.0,17700.0,EOD,75.0,167.5,344.28,-176.78,False,-0.2124
2023-04-24T00:00:00,False,2023-04-27,25.0,3.0,17707.5508,2223.75,17700.0,17700.0,EOD,75.0,-252.5,349.98,-602.48,False,-0.081
2023-04-25T00:00:00,False,2023-04-27,25.0,2.0,17761.5508,583.75,17700.0,18000.0,EOD,75.0,142.5,341.34,-198.84,False,0.1646
2023-04-26T00:00:00,False,2023-04-27,25.0,1.0,17767.3008,760.0,17700.0,18000.0,TRAIL,74.0,611.71,341.21,270.5,True,0.2332
2023-04-27T00:00:00,False,2023-04-27,25.0,0.5,17813.0996,626.25,17800.0,17950.0,TRAIL,64.0,659.33,340.69,318.64,True,0.3063
2023-04-28T00:00:00,False,2023-05-04,25.0,6.0,17950.4004,2412.5,18000.0,18000.0,EOD,75.0,-90.0,351.79,-441.79,False,0.0406
2023-05-02T00:00:00,False,2023-05-04,25.0,2.0,18124.80078125,583.75,17800.0,18200.0,EOD,75.0,-315.0,341.17,-656.17,False,-0.2052
2023-05-03T00:00:00,False,2023-05-04,25.0,1.0,18113.80078125,688.75,18000.0,18200.0,EOD,75.0,71.25,341.2,-269.95,False,-0.0768
2023-05-04T00:00:00,False,2023-05-04,25.0,0.5,18081.0,2718.75,18200.0,18300.0,TRAIL,65.0,2309.37,348.48,1960.89,True,0.3569
2023-05-05T00:00:00,False,2023-05-11,25.0,6.0,18117.30078125,2170.0,18200.0,18200.0,EOD,75.0,-602.5,351.21,-953.71,False,0.2201
2023-05-08T00:00:00,False,2023-05-11,25.0,3.0,18120.599609375,1480.0,18200.0,18500.0,EOD,75.0,651.25,349.97,301.28,True,0.2425
2023-05-09T00:00:00,False,2023-05-11,25.0,2.0,18303.400390625,1707.5,18200.0,18300.0,EOD,75.0,151.25,345.56,-194.31,False,-0.1705
2023-05-10T00:00:00,False,2023-05-11,25.0,1.0,18313.599609375,595.0,18200.0,18500.0,EOD,75.0,288.75,341.11,-52.36,False,0.127
2023-05-11T00:00:00,False,2023-05-11,25.0,0.5,18357.80078125,1556.25,18200.0,18300.0,TRAIL,67.0,1332.62,343.62,989.0,True,-0.5009
2023-05-12T00:00:00,False,2023-05-18,25.0,6.0,18273.75,2175.0,18200.0,18300.0,EOD,75.0,-45.0,351.64,-396.64,False,-0.0847
2023-05-15T00:00:00,False,2023-05-18,25.0,3.0,18339.3,1685.0,18300.0,18500.0,EOD,75.0,453.75,346.95,106.8,True,0.0345
2023-05-16T00:00:00,False,2023-05-18,25.0,2.0,18432.35,2237.5,18300.0,18400.0,EOD,75.0,648.75,347.39,301.36,True,-0.2006
2023-05-17T00:00:00,False,2023-05-18,25.0,1.0,18300.45,983.75,18000.0,18400.0,TRAIL,72.0,796.81,341.73,455.08,True,-0.0672
2023-05-18T00:00:00,False,2023-05-18,25.0,0.5,18287.5,716.25,18100.0,18300.0,TRAIL,64.0,842.89,340.69,502.2,True,-0.3302
2023-05-19T00:00:00,False,2023-05-25,25.0,6.0,18186.15,1973.75,18200.0,18200.0,EOD,75.0,-697.5,352.82,-1050.32,False,0.0062
2023-05-22T00:00:00,False,2023-05-25,25.0,3.0,18201.1,1300.0,18200.0,18500.0,EOD,75.0,632.5,345.07,287.43,True,0.2128
2023-05-23T00:00:00,False,2023-05-25,25.0,2.0,18362.9,1775.0,18300.0,18400.0,EOD,75.0,348.75,345.42,3.33,True,-0.0969
2023-05-24T00:00:00,False,2023-05-25,25.0,1.0,18294.8,887.5,18200.0,18400.0,EOD,75.0,457.5,341.83,115.67,True,-0.0378
2023-05-25T00:00:00,False,2023-05-25,25.0,0.5,18268.9,1225.0,18300.0,18350.0,TRAIL,70.0,1046.83,342.73,704.1,True,0.3399
2023-05-26T00:00:00,False,2023-06-01,25.0,6.0,18368.35,1170.0,18300.0,19000.0,EOD,75.0,752.5,344.85,407.65,True,0.1943
2023-05-29T00:00:00,False,2023-06-01,25.0,3.0,18619.15,517.5,18300.0,18800.0,EOD,75.0,157.5,340.9,-183.4,False,-0.0152
2023-05-30T00:00:00,False,2023-06-01,25.0,2.0,18606.65,381.25,18300.0,18800.0,EOD,75.0,168.75,340.67,-171.92,False,-0.0531
2023-05-31T00:00:00,False,2023-06-01,25.0,1.0,18594.2,1696.25,18500.0,18600.0,EOD,75.0,565.0,344.7,220.3,True,-0.1373
2023-06-01T00:00:00,False,2023-06-01,25.0,0.5,18579.4,1766.25,18450.0,18500.0,TRAIL,71.0,1465.11,343.72,1121.39,True,-0.7083
2023-06-02T00:00:00,False,2023-06-08,25.0,6.0,18550.85,626.25,18500.0,19500.0,EOD,75.0,-216.25,344.6,-560.85,False,0.1708
2023-06-05T00:00:00,False,2023-06-08,25.0,3.0,18612.0,598.75,18500.0,19500.0,EOD,75.0,131.25,341.56,-210.31,False,0.1706
2023-06-06T00:00:00,False,2023-06-08,25.0,2.0,18600.8,2083.75,18500.0,18600.0,EOD,75.0,550.0,346.84,203.16,True,-0.1019
2023-06-07T00:00:00,False,2023-06-08,25.0,1.0,18665.6,532.5,18600.0,18900.0,EOD,75.0,351.25,340.65,10.6,True,0.1981
2023-06-08T00:00:00,False,2023-06-08,25.0,0.5,18725.35,1812.5,18600.0,18650.0,TRAIL,67.0,1642.61,345.0,1297.61,True,-0.4552
2023-06-09T00:00:00,False,2023-06-15,25.0,6.0,18655.9,2585.0,18700.0,18700.0,EOD,75.0,-160.0,352.75,-512.75,False,0.0662
2023-06-12T00:00:00,False,2023-06-15,25.0,3.0,18595.05,1868.75,18600.0,18700.0,EOD,75.0,132.5,347.32,-214.82,False,0.0731
2023-06-13T00:00:00,False,2023-06-15,25.0,2.0,18631.8,1568.75,18700.0,18900.0,EOD,75.0,660.0,345.29,314.71,True,0.4179
2023-06-14T00:00:00,False,2023-06-15,25.0,1.0,18744.6,607.5,18700.0,18900.0,EOD,75.0,121.25,341.32,-220.07,False,0.169
2023-06-15T00:00:00,False,2023-06-15,25.0,0.5,18774.45,1783.75,18650.0,18700.0,TRAIL,65.0,1595.79,344.01,1251.78,True,-0.7016
2023-06-16T00:00:00,False,2023-06-22,25.0,6.0,18723.3,1878.75,18700.0,18800.0,EOD,75.0,-450.0,347.97,-797.97,False,0.0112
2023-06-19T00:00:00,False,2023-06-22,25.0,3.0,18873.3,1086.25,18700.0,19000.0,EOD,75.0,390.0,343.18,46.82,True,-0.0389
2023-06-20T00:00:00,False,2023-06-22,25.0,2.0,18752.35,792.5,18700.0,19000.0,EOD,75.0,392.5,341.94,50.56,True,0.1668
2023-06-21T00:00:00,False,2023-06-22,25.0,1.0,18849.4,897.5,18800.0,19000.0,EOD,75.0,442.5,341.84,100.66,True,0.1891
2023-06-22T00:00:00,False,2023-06-22,25.0,0.5,18853.6,142.5,18700.0,19000.0,TRAIL,65.0,119.04,339.44,-220.4,False,0.0017
2023-06-23T00:00:00,False,2023-06-29,25.0,6.0,18741.85,1356.25,18000.0,18800.0,EOD,75.0,601.25,346.65,254.6,True,-0.178
2023-06-26T00:00:00,False,2023-06-29,25.0,3.0,18682.35,2007.5,18700.0,18800.0,EOD,75.0,360.0,347.17,12.83,True,0.1129
2023-06-27T00:00:00,False,2023-06-29,25.0,2.0,18748.55,605.0,18700.0,18900.0,EOD,75.0,230.0,342.14,-112.14,False,0.1192
2023-06-28T00:00:00,False,2023-06-28,25.0,0.5,18908.15,1250.0,18900.0,19000.0,TRAIL,64.0,1038.68,342.48,696.2,True,0.2599
2023-06-30T00:00:00,False,2023-07-06,25.0,6.0,19076.85,916.25,19000.0,19500.0,EOD,75.0,465.0,344.92,120.08,True,0.1595
2023-07-03T00:00:00,False,2023-07-06,25.0,3.0,19246.5,2441.25,19300.0,19500.0,EOD,75.0,1217.5,349.89,867.61,True,0.1713
2023-07-04T00:00:00,False,2023-07-06,25.0,2.0,19406.6,1512.5,19300.0,19400.0,EOD,75.0,-31.25,346.31,-377.56,False,-0.2047
2023-07-05T00:00:00,False,2023-07-06,25.0,1.0,19405.95,777.5,19300.0,19500.0,EOD,75.0,153.75,342.04,-188.29,False,0.0064
2023-07-06T00:00:00,False,2023-07-06,25.0,0.5,19385.7,1300.0,19400.0,19500.0,TRAIL,64.0,1053.97,343.03,710.94,True,0.2674
2023-07-07T00:00:00,False,2023-07-13,25.0,6.0,19422.8,1888.75,19400.0,19400.0,EOD,75.0,-833.75,356.0,-1189.75,False,-0.0248
2023-07-10T00:00:00,False,2023-07-13,25.0,3.0,19400.35,2106.25,19400.0,19500.0,EOD,75.0,65.0,349.28,-284.28,False,0.036
2023-07-11T00:00:00,False,2023-07-13,25.0,2.0,19427.1,1841.25,19400.0,19500.0,EOD,75.0,470.0,346.49,123.51,True,0.0231
2023-07-12T00:00:00,False,2023-07-13,25.0,1.0,19497.45,1063.75,19300.0,19500.0,EOD,75.0,452.5,342.36,110.14,True,-0.2892
2023-07-13T00:00:00,False,2023-07-13,25.0,0.5,19495.2,548.75,19400.0,19600.0,EOD,75.0,391.25,340.78,50.47,True,0.0785
2023-07-14T00:00:00,False,2023-07-20,25.0,6.0,19493.45,1196.25,19500.0,20000.0,EOD,75.0,338.75,346.62,-7.87,False,0.2122
2023-07-17T00:00:00,False,2023-07-20,25.0,3.0,19612.15,1278.75,19600.0,20000.0,EOD,75.0,637.5,345.61,291.89,True,0.2152
2023-07-18T00:00:00,False,2023-07-20,25.0,2.0,19787.5,342.5,19600.0,20000.0,EOD,75.0,-122.5,341.79,-464.29,False,0.0376
2023-07-19T00:00:00,False,2023-07-20,25.0,1.0,19802.95,1520.0,19800.0,20000.0,EOD,75.0,740.0,345.16,394.84,True,0.2114
2023-07-20T00:00:00,False,2023-07-20,25.0,0.5,19831.7,1962.5,19900.0,20000.0,TRAIL,64.0,1758.86,345.08,1413.78,True,0.4036
2023-07-21T00:00:00,False,2023-07-27,25.0,6.0,19800.45,1440.0,19000.0,19900.0,EOD,75.0,541.25,347.61,193.64,True,-0.1489
2023-07-24T00:00:00,False,2023-07-27,25.0,3.0,19748.45,1580.0,19000.0,19800.0,EOD,75.0,815.0,348.11,466.89,True,-0.1671
2023-07-25T00:00:00,False,2023-07-27,25.0,2.0,19729.35,948.75,19500.0,19800.0,EOD,75.0,162.5,343.52,-181.02,False,-0.1193
2023-07-26T00:00:00,False,2023-07-27,25.0,1.0,19733.35,1053.75,19700.0,20000.0,EOD,75.0,436.25,343.48,92.77,True,0.219
2023-07-27T00:00:00,False,2023-07-27,25.0,0.5,19850.9,2192.5,19600.0,19700.0,TRAIL,64.0,3463.43,347.78,3115.65,True,-0.4545
2023-07-28T00:00:00,False,2023-08-03,25.0,6.0,19659.75,1816.25,19600.0,19800.0,EOD,75.0,90.0,349.6,-259.6,False,0.0698
2023-07-31T00:00:00,False,2023-08-03,25.0,3.0,19666.35,1921.25,19600.0,19800.0,EOD,75.0,440.0,346.87,93.13,True,0.0436
2023-08-01T00:00:00,False,2023-08-03,25.0,2.0,19784.0,1546.25,19600.0,19800.0,EOD,75.0,436.25,344.58,91.67,True,-0.1794
2023-08-02T00:00:00,False,2023-08-03,25.0,1.0,19655.4,941.25,19500.0,19800.0,EOD,75.0,-72.5,341.72,-414.22,False,-0.0493
2023-08-03T00:00:00,False,2023-08-03,25.0,0.5,19463.75,1842.5,19300.0,19400.0,TRAIL,64.0,1888.2,346.36,1541.84,True,-0.2972
2023-08-04T00:00:00,False,2023-08-10,25.0,6.0,19462.8,1687.5,19400.0,19600.0,EOD,75.0,86.25,348.77,-262.52,False,0.0288
2023-08-07T00:00:00,False,2023-08-10,25.0,3.0,19576.85,1055.0,19500.0,20000.0,EOD,75.0,462.5,344.02,118.48,True,0.1837
2023-08-08T00:00:00,False,2023-08-10,25.0,2.0,19627.2,2145.0,19500.0,19600.0,EOD,75.0,500.0,347.32,152.68,True,-0.1729
2023-08-09T00:00:00,False,2023-08-10,25.0,1.0,19578.8,783.75,19500.0,19800.0,EOD,75.0,513.75,341.76,171.99,True,0.1836
2023-08-10T00:00:00,False,2023-08-10,25.0,0.5,19605.55,2390.0,19500.0,19550.0,TRAIL,64.0,1996.41,346.51,1649.9,True,-0.255
2023-08-11T00:00:00,False,2023-08-17,25.0,6.0,19554.25,1741.25,19400.0,19600.0,EOD,75.0,193.75,348.16,-154.41,False,-0.0734
2023-08-14T00:00:00,False,2023-08-17,25.0,3.0,19383.95,1906.25,19400.0,19600.0,EOD,75.0,752.5,346.67,405.83,True,0.1913
2023-08-16T00:00:00,False,2023-08-17,25.0,1.0,19369.0,915.0,19300.0,19600.0,EOD,75.0,632.5,341.86,290.64,True,0.1593
2023-08-17T00:00:00,False,2023-08-17,25.0,0.5,19450.55,1997.5,19350.0,19400.0,TRAIL,64.0,1667.73,344.67,1323.06,True,-0.3138
2023-08-18T00:00:00,False,2023-08-24,25.0,6.0,19301.75,2270.0,19300.0,19400.0,EOD,75.0,212.5,352.66,-140.16,False,0.0454
2023-08-21T00:00:00,False,2023-08-24,25.0,3.0,19320.65,2192.5,19300.0,19400.0,EOD,75.0,315.0,348.63,-33.63,False,0.0045
2023-08-22T00:00:00,False,2023-08-24,25.0,2.0,19417.1,1676.25,19300.0,19400.0,EOD,75.0,138.75,345.19,-206.44,False,-0.2
2023-08-23T00:00:00,False,2023-08-24,25.0,1.0,19439.2,918.75,19300.0,19500.0,EOD,75.0,338.75,341.54,-2.79,False,-0.0327
2023-08-24T00:00:00,False,2023-08-24,25.0,0.5,19535.15,2171.25,19300.0,19400.0,TRAIL,73.0,2296.67,346.54,1950.13,True,-0.5385
2023-08-25T00:00:00,False,2023-08-31,25.0,6.0,19297.4,677.5,19000.0,19500.0,EOD,75.0,52.5,342.15,-289.65,False,-0.052
2023-08-28T00:00:00,False,2023-08-31,25.0,3.0,19298.35,1853.75,19300.0,19500.0,EOD,75.0,508.75,349.22,159.53,True,0.0963
2023-08-29T00:00:00,False,2023-08-31,25.0,2.0,19374.85,1057.5,19300.0,19500.0,EOD,75.0,147.5,343.52,-196.02,False,0.0647
2023-08-30T00:00:00,False,2023-08-31,25.0,1.0,19433.45,620.0,19300.0,19500.0,EOD,75.0,43.75,340.88,-297.13,False,-0.0854
2023-08-31T00:00:00,False,2023-08-31,25.0,0.5,19375.55,1697.5,19250.0,19300.0,TRAIL,64.0,1836.21,343.52,1492.69,True,-0.6994
2023-09-01T00:00:00,False,2023-09-07,25.0,6.0,19258.15,1575.0,19300.0,19600.0,EOD,75.0,566.25,347.33,218.92,True,0.215
2023-09-04T00:00:00,False,2023-09-07,25.0,3.0,19525.05,852.5,19400.0,19700.0,EOD,75.0,292.5,343.29,-50.79,False,0.0548
2023-09-05T00:00:00,False,2023-09-07,25.0,2.0,19564.65,1585.0,19500.0,19600.0,EOD,75.0,315.0,344.62,-29.62,False,-0.0992
2023-09-06T00:00:00,False,2023-09-07,25.0,1.0,19581.2,623.75,19500.0,19700.0,EOD,75.0,366.25,341.03,25.22,True,0.0535
2023-09-07T00:00:00,False,2023-09-07,25.0,0.5,19598.65,2423.75,19700.0,19750.0,TRAIL,65.0,2319.07,346.03,1973.04,True,0.4947
2023-09-08T00:00:00,False,2023-09-14,25.0,6.0,19774.8,870.0,19600.0,20000.0,EOD,75.0,87.5,342.97,-255.47,False,0.0506
2023-09-11T00:00:00,False,2023-09-14,25.0,3.0,19890.0,2162.5,19900.0,20000.0,EOD,75.0,247.5,348.2,-100.7,False,0.0659
2023-09-12T00:00:00,False,2023-09-14,25.0,2.0,20110.15,1811.25,19900.0,20100.0,EOD,75.0,727.5,345.34,382.16,True,-0.2602
2023-09-13T00:00:00,False,2023-09-14,25.0,1.0,19989.5,1116.25,19900.0,20100.0,EOD,75.0,100.0,343.27,-243.27,False,0.0051
2023-09-14T00:00:00,False,2023-09-14,25.0,0.5,20127.95,1616.25,20050.0,20100.0,TRAIL,64.0,1377.17,343.65,1033.52,True,-0.3029
2023-09-15T00:00:00,False,2023-09-21,25.0,6.0,20156.45,2208.75,20100.0,20200.0,EOD,75.0,-16.25,350.71,-366.96,False,-0.0089
2023-09-18T00:00:00,False,2023-09-21,25.0,3.0,20155.95,2212.5,20100.0,20200.0,EOD,75.0,500.0,349.12,150.88,True,-0.0001
2023-09-20T00:00:00,False,2023-09-21,25.0,1.0,19980.75,1688.75,19900.0,20000.0,EOD,75.0,381.25,347.28,33.97,True,-0.0603
2023-09-21T00:00:00,False,2023-09-21,25.0,0.5,19840.55,2337.5,19750.0,19750.0,TRAIL,65.0,1883.87,348.0,1535.87,True,-0.2154
2023-09-22T00:00:00,False,2023-09-28,25.0,6.0,19744.85,1403.75,19000.0,19800.0,EOD,75.0,506.25,346.3,159.95,True,-0.1874
2023-09-25T00:00:00,False,2023-09-28,25.0,3.0,19678.2,786.25,19000.0,19800.0,EOD,75.0,121.25,342.87,-221.62,False,-0.1583
2023-09-26T00:00:00,False,2023-09-28,25.0,2.0,19682.8,596.25,19000.0,19800.0,EOD,75.0,232.5,341.25,-108.75,False,-0.1732
2023-09-27T00:00:00,False,2023-09-28,25.0,1.0,19637.05,782.5,19600.0,19800.0,EOD,75.0,243.75,341.84,-98.09,False,0.1569
2023-09-28T00:00:00,False,2023-09-28,25.0,0.5,19761.8,2832.5,19500.0,19550.0,TRAIL,64.0,2984.5,352.83,2631.67,True,-0.1359
2023-09-29T00:00:00,False,2023-10-05,25.0,6.0,19581.2,2520.0,19600.0,19800.0,EOD,75.0,1055.0,351.99,703.01,True,0.0898
2023-10-03T00:00:00,False,2023-10-05,25.0,2.0,19622.4,895.0,19500.0,19700.0,EOD,75.0,-325.0,344.82,-669.82,False,-0.0797
2023-10-04T00:00:00,False,2023-10-05,25.0,1.0,19446.3,816.25,19400.0,19600.0,EOD,75.0,17.5,342.26,-324.76,False,0.1372
2023-10-05T00:00:00,False,2023-10-05,25.0,0.5,19521.85,1282.5,19500.0,19550.0,TRAIL,64.0,1068.95,344.07,724.88,True,0.0798
2023-10-06T00:00:00,False,2023-10-12,25.0,6.0,19621.2,867.5,19500.0,20000.0,EOD,75.0,307.5,343.58,-36.08,False,0.1161
2023-10-09T00:00:00,False,2023-10-12,25.0,3.0,19539.45,882.5,19500.0,19800.0,EOD,75.0,-362.5,344.53,-707.03,False,0.1105
2023-10-10T00:00:00,False,2023-10-12,25.0,2.0,19565.6,1153.75,19600.0,20000.0,EOD,75.0,520.0,347.59,172.41,True,0.2257
2023-10-11T00:00:00,False,2023-10-12,25.0,1.0,19767.0,543.75,19600.0,20000.0,EOD,75.0,401.25,341.4,59.85,True,0.0826
2023-10-12T00:00:00,False,2023-10-12,25.0,0.5,19822.7,2148.75,19800.0,19800.0,TRAIL,65.0,1728.87,344.59,1384.28,True,-0.1518
2023-10-13T00:00:00,False,2023-10-19,25.0,6.0,19654.55,2650.0,19700.0,19800.0,EOD,75.0,430.0,353.7,76.3,True,0.0923
2023-10-16T00:00:00,False,2023-10-19,25.0,3.0,19737.25,1955.0,19700.0,19800.0,EOD,75.0,-108.75,349.58,-458.33,False,-0.031
2023-10-17T00:00:00,False,2023-10-19,25.0,2.0,19843.2,842.5,19700.0,20000.0,EOD,75.0,215.0,342.96,-127.96,False,-0.0362
2023-10-18T00:00:00,False,2023-10-19,25.0,1.0,19820.45,1522.5,19600.0,19800.0,EOD,75.0,821.25,344.43,476.82,True,-0.2715
2023-10-19T00:00:00,False,2023-10-19,25.0,0.5,19545.2,1511.25,19600.0,19650.0,TRAIL,64.0,1694.91,343.16,1351.75,True,0.5931
2023-10-20T00:00:00,False,2023-10-26,25.0,6.0,19542.15,182.5,19000.0,20000.0,EOD,75.0,80.0,340.09,-260.09,False,-0.0009
2023-10-23T00:00:00,False,2023-10-26,25.0,3.0,19521.6,756.25,19000.0,19600.0,EOD,75.0,405.0,343.12,61.88,True,-0.1744
2023-10-25T00:00:00,False,2023-10-26,25.0,1.0,19286.45,157.5,19000.0,19500.0,STOP,44.0,-273.38,340.68,-614.06,False,-0.0279
2023-10-26T00:00:00,False,2023-10-26,25.0,0.5,19027.25,2667.5,18850.0,18900.0,TRAIL,64.0,2201.64,349.58,1852.06,True,-0.2983
2023-10-27T00:00:00,False,2023-11-02,25.0,6.0,18928.75,2612.5,19000.0,19200.0,EOD,75.0,712.5,359.06,353.44,True,0.0276
2023-10-30T00:00:00,False,2023-11-02,25.0,3.0,19053.4,1167.5,19000.0,19500.0,EOD,75.0,626.25,345.38,280.87,True,0.1568
2023-10-31T00:00:00,False,2023-11-02,25.0,2.0,19232.95,1838.75,19000.0,19200.0,EOD,75.0,568.75,348.06,220.69,True,-0.2252
2023-11-01T00:00:00,False,2023-11-02,25.0,1.0,19064.05,1465.0,18800.0,19100.0,EOD,75.0,918.75,344.6,574.15,True,-0.1854
2023-11-02T00:00:00,False,2023-11-02,25.0,0.5,19120.0,1738.75,19100.0,19150.0,TRAIL,64.0,1526.53,345.14,1181.39,True,-0.0825
2023-11-03T00:00:00,False,2023-11-09,25.0,6.0,19241.0,1888.75,19200.0,19300.0,EOD,75.0,-262.5,351.12,-613.62,False,-0.0123
2023-11-06T00:00:00,False,2023-11-09,25.0,3.0,19345.85,1121.25,19300.0,19500.0,EOD,75.0,-87.5,344.63,-432.13,False,0.0547
2023-11-07T00:00:00,False,2023-11-09,25.0,2.0,19404.05,983.75,19300.0,19500.0,EOD,75.0,61.25,342.96,-281.71,False,-0.0449
2023-11-08T00:00:00,False,2023-11-09,25.0,1.0,19449.6,1086.25,19300.0,19500.0,EOD,75.0,516.25,342.39,173.86,True,-0.1943
2023-11-09T00:00:00,False,2023-11-09,25.0,0.5,19457.4,1785.0,19400.0,19400.0,TRAIL,64.0,1510.44,343.73,1166.71,True,-0.4699
2023-11-10T00:00:00,False,2023-11-16,25.0,6.0,19351.85,1955.0,19400.0,19500.0,EOD,75.0,-88.75,350.94,-439.69,False,0.1348
2023-11-13T00:00:00,False,2023-11-16,25.0,3.0,19486.75,1895.0,19400.0,19500.0,EOD,75.0,333.75,346.66,-12.91,False,-0.0635
2023-11-15T00:00:00,False,2023-11-16,25.0,1.0,19651.4,751.25,19600.0,19800.0,EOD,75.0,263.75,342.61,-78.86,False,0.0912
2023-11-16T00:00:00,False,2023-11-16,25.0,0.5,19674.7,1200.0,19700.0,19800.0,TRAIL,71.0,987.23,341.87,645.36,True,0.4617
2023-11-17T00:00:00,False,2023-11-23,25.0,6.0,19674.75,1777.5,19700.0,19900.0,EOD,75.0,33.75,349.23,-315.48,False,0.1399
2023-11-20T00:00:00,False,2023-11-23,25.0,3.0,19731.15,1231.25,19000.0,19800.0,EOD,75.0,385.0,345.31,39.69,True,-0.1872
2023-11-21T00:00:00,False,2023-11-23,25.0,2.0,19770.9,1717.5,19700.0,19800.0,EOD,75.0,42.5,347.26,-304.76,False,-0.0472
2023-11-22T00:00:00,False,2023-11-23,25.0,1.0,19784.0,1732.5,19800.0,19900.0,EOD,75.0,835.0,344.48,490.52,True,0.2061
2023-11-23T00:00:00,False,2023-11-23,25.0,0.5,19828.45,1976.25,19800.0,19800.0,TRAIL,64.0,1608.09,344.12,1263.97,True,-0.176
2023-11-24T00:00:00,False,2023-11-30,25.0,6.0,19809.6,2220.0,19800.0,19900.0,EOD,75.0,291.25,349.09,-57.84,False,0.0434
2023-11-28T00:00:00,False,2023-11-30,25.0,2.0,19844.65,1298.75,19800.0,20000.0,EOD,75.0,265.0,344.22,-79.22,False,0.0857
2023-11-29T00:00:00,False,2023-11-30,25.0,1.0,19976.55,1050.0,20000.0,20200.0,EOD,75.0,483.75,343.36,140.39,True,0.3255
2023-11-30T00:00:00,False,2023-11-30,25.0,0.5,20108.5,1165.0,20050.0,20150.0,TRAIL,64.0,1031.47,342.11,689.36,True,-0.1103
2023-12-01T00:00:00,False,2023-12-07,25.0,6.0,20194.1,457.5,20000.0,21000.0,EOD,75.0,37.5,343.5,-306.0,False,0.0939
2023-12-04T00:00:00,False,2023-12-07,25.0,3.0,20601.95,795.0,20500.0,21000.0,EOD,75.0,87.5,344.66,-257.16,False,0.0954
2023-12-05T00:00:00,False,2023-12-07,25.0,2.0,20808.9,1050.0,20700.0,21000.0,EOD,75.0,131.25,346.03,-214.78,False,0.0183
2023-12-06T00:00:00,False,2023-12-07,25.0,1.0,20950.75,1166.25,20800.0,21000.0,EOD,75.0,176.25,346.01,-169.76,False,-0.0724
2023-12-07T00:00:00,False,2023-12-07,25.0,0.5,20932.4,2282.5,20900.0,20900.0,TRAIL,64.0,1829.72,346.4,1483.32,True,-0.0577
2023-12-08T00:00:00,False,2023-12-14,25.0,6.0,20934.1,1365.0,20000.0,21000.0,EOD,75.0,-115.0,348.6,-463.6,False,-0.1518
2023-12-11T00:00:00,False,2023-12-14,25.0,3.0,20965.3,2205.0,20900.0,21000.0,EOD,75.0,-11.25,353.07,-364.32,False,-0.0081
2023-12-12T00:00:00,False,2023-12-14,25.0,2.0,21018.55,2065.0,20900.0,21000.0,EOD,75.0,72.5,349.84,-277.34,False,-0.0485
2023-12-13T00:00:00,False,2023-12-14,25.0,1.0,20929.75,1091.25,20500.0,21000.0,TRAIL,66.0,899.03,343.18,555.85,True,-0.2169
2023-12-14T00:00:00,False,2023-12-14,25.0,0.5,21110.4,1995.0,21150.0,21200.0,TRAIL,64.0,1727.17,345.33,1381.84,True,0.298
2023-12-15T00:00:00,False,2023-12-21,25.0,6.0,21287.45,1073.75,21300.0,22000.0,EOD,75.0,410.0,346.93,63.07,True,0.2124
2023-12-18T00:00:00,False,2023-12-21,25.0,3.0,21434.8,2200.0,21300.0,21500.0,EOD,75.0,455.0,353.21,101.79,True,-0.0434
2023-12-19T00:00:00,False,2023-12-21,25.0,2.0,21477.65,2126.25,21400.0,21500.0,EOD,75.0,432.5,349.52,82.98,True,-0.0792
2023-12-20T00:00:00,False,2023-12-21,25.0,1.0,21543.5,1055.0,21000.0,21500.0,TRAIL,64.0,1359.58,344.25,1015.33,True,-0.3859
2023-12-21T00:00:00,False,2023-12-21,25.0,0.5,21033.95,1828.75,21250.0,21500.0,TRAIL,75.0,1700.0,354.16,1345.84,True,0.3323
2023-12-22T00:00:00,False,2023-12-28,25.0,6.0,21295.85,426.25,21000.0,22000.0,EOD,75.0,106.25,342.54,-236.29,False,0.0597
2023-12-26T00:00:00,False,2023-12-28,25.0,2.0,21365.2,808.75,21300.0,22000.0,EOD,75.0,336.25,345.3,-9.05,False,0.1464
2023-12-27T00:00:00,False,2023-12-28,25.0,1.0,21497.65,797.5,21500.0,22000.0,EOD,75.0,531.25,344.59,186.66,True,0.2387
2023-12-28T00:00:00,False,2023-12-28,25.0,0.5,21715.0,2055.0,21750.0,21750.0,EOD,75.0,1461.25,346.66,1114.59,True,0.0383
2023-12-29T00:00:00,False,2024-01-04,25.0,6.0,21737.65,1527.5,21500.0,22000.0,EOD,75.0,338.75,350.78,-12.03,False,-0.0115
2024-01-01T00:00:00,False,2024-01-04,25.0,3.0,21727.75,2065.0,21700.0,22000.0,EOD,75.0,571.25,351.13,220.12,True,0.0749
2024-01-02T00:00:00,False,2024-01-04,25.0,2.0,21751.35,1781.25,21000.0,21800.0,EOD,75.0,1188.75,346.8,841.95,True,-0.2035
2024-01-03T00:00:00,False,2024-01-04,25.0,1.0,21661.1,816.25,21500.0,22000.0,EOD,75.0,-243.75,342.25,-586.0,False,0.1166
2024-01-04T00:00:00,False,2024-01-04,25.0,0.5,21605.8,2595.0,21650.0,21650.0,TRAIL,64.0,2163.63,348.45,1815.18,True,0.0117
2024-01-05T00:00:00,False,2024-01-11,25.0,6.0,21705.75,67.5,21000.0,22500.0,EOD,75.0,18.75,339.56,-320.81,False,0.0078
2024-01-08T00:00:00,False,2024-01-11,25.0,3.0,21747.6,1726.25,21000.0,21700.0,EOD,75.0,1068.75,348.93,719.82,True,-0.233
2024-01-09T00:00:00,False,2024-01-11,25.0,2.0,21653.6,1200.0,21000.0,21700.0,EOD,75.0,652.5,344.02,308.48,True,-0.2359
2024-01-10T00:00:00,False,2024-01-11,25.0,1.0,21529.3,1070.0,21500.0,21800.0,EOD,75.0,603.75,344.44,259.31,True,0.1652
2024-01-11T00:00:00,False,2024-01-11,25.0,0.5,21688.0,2087.5,21600.0,21650.0,TRAIL,64.0,1854.35,344.61,1509.74,True,-0.2824
2024-01-12T00:00:00,False,2024-01-18,25.0,6.0,21773.55,1805.0,21700.0,22500.0,EOD,75.0,1132.5,350.81,781.69,True,0.143
2024-01-15T00:00:00,False,2024-01-18,,,,,,,NOLEG,,,,0.0,,
2024-01-16T00:00:00,False,2024-01-18,25.0,2.0,22080.5,881.25,22000.0,22500.0,EOD,75.0,-255.0,344.85,-599.85,False,0.1306
2024-01-17T00:00:00,False,2024-01-18,25.0,1.0,21647.25,1061.25,21000.0,21800.0,EOD,75.0,806.25,344.24,462.01,True,-0.1369
2024-01-18T00:00:00,False,2024-01-18,25.0,0.5,21414.2,1660.0,21450.0,21500.0,TRAIL,64.0,1339.08,347.46,991.62,True,0.1518
2024-01-19T00:00:00,False,2024-01-25,25.0,6.0,21615.2,68.75,20500.0,22500.0,EOD,75.0,-3.75,339.89,-343.64,False,-0.0113
2024-01-23T00:00:00,False,2024-01-25,25.0,2.0,21716.7,378.75,20500.0,22000.0,TRAIL,64.0,314.73,341.32,-26.59,False,-0.1087
2024-01-24T00:00:00,False,2024-01-25,25.0,1.0,21185.25,731.25,21000.0,22000.0,TRAIL,64.0,599.11,342.96,256.15,True,0.1191
2024-01-25T00:00:00,False,2024-01-25,25.0,0.5,21454.6,2125.0,21250.0,21300.0,TRAIL,64.0,1848.02,354.55,1493.47,True,-0.2268
2024-01-29T00:00:00,False,2024-02-01,25.0,3.0,21433.1,1847.5,21500.0,22500.0,EOD,75.0,983.75,359.7,624.05,True,0.1241
2024-01-30T00:00:00,False,2024-02-01,25.0,2.0,21775.75,185.0,21000.0,22500.0,EOD,75.0,-61.25,340.5,-401.75,False,0.0063
2024-01-31T00:00:00,False,2024-02-01,25.0,1.0,21487.25,1358.75,21500.0,22500.0,EOD,75.0,776.25,350.0,426.25,True,0.1785
2024-02-01T00:00:00,False,2024-02-01,25.0,0.5,21780.65,2780.0,21700.0,21700.0,TRAIL,65.0,2240.79,358.33,1882.46,True,-0.0743
2024-02-02T00:00:00,False,2024-02-08,,,,,,,NOSIM,,,,0.0,,
2024-02-05T00:00:00,False,2024-02-08,25.0,3.0,21921.05,1178.75,21000.0,22000.0,EOD,75.0,457.5,347.73,109.77,True,-0.146
2024-02-06T00:00:00,False,2024-02-08,25.0,2.0,21825.2,117.5,21000.0,22500.0,EOD,75.0,62.5,339.56,-277.06,False,-0.0002
2024-02-07T00:00:00,False,2024-02-08,25.0,1.0,22045.05,872.5,21900.0,22300.0,EOD,75.0,-130.0,345.13,-475.13,False,0.0165
2024-02-08T00:00:00,False,2024-02-08,25.0,0.5,22009.65,3292.5,21700.0,21750.0,TRAIL,64.0,3637.46,360.95,3276.51,True,-0.1803
2024-02-09T00:00:00,False,2024-02-15,25.0,6.0,21727.0,2307.5,21500.0,22000.0,EOD,75.0,845.0,353.38,491.62,True,-0.006
2024-02-12T00:00:00,False,2024-02-15,25.0,3.0,21800.8,1040.0,21000.0,22000.0,EOD,75.0,533.75,345.06,188.69,True,-0.1127
2024-02-13T00:00:00,False,2024-02-15,25.0,2.0,21664.3,530.0,21000.0,22000.0,EOD,75.0,42.5,341.51,-299.01,False,-0.0628
2024-02-14T00:00:00,False,2024-02-15,25.0,1.0,21578.15,276.25,21000.0,22000.0,EOD,75.0,-281.25,339.86,-621.11,False,-0.0298
2024-02-15T00:00:00,False,2024-02-15,25.0,0.5,21906.55,2086.25,21900.0,21950.0,TRAIL,64.0,1706.87,346.52,1360.35,True,-0.0087
2024-02-16T00:00:00,False,2024-02-22,25.0,6.0,22020.3,33.75,21000.0,23000.0,EOD,75.0,-17.5,339.48,-356.98,False,0.0021
2024-02-19T00:00:00,False,2024-02-22,25.0,3.0,22103.45,1231.25,22000.0,23000.0,EOD,75.0,288.75,349.37,-60.62,False,0.1246
2024-02-20T00:00:00,False,2024-02-22,25.0,2.0,22099.2,1121.25,22000.0,23000.0,EOD,75.0,527.5,346.89,180.61,True,0.1473
2024-02-21T00:00:00,False,2024-02-22,25.0,1.0,22248.85,278.75,21500.0,22500.0,TRAIL,64.0,257.37,340.06,-82.69,False,-0.0818
2024-02-22T00:00:00,False,2024-02-22,25.0,0.5,22081.55,3401.25,22200.0,22250.0,TRAIL,65.0,2747.79,356.55,2391.24,True,0.0762
2024-02-23T00:00:00,False,2024-02-29,25.0,6.0,22290.0,56.25,21000.0,23000.0,EOD,75.0,7.5,339.68,-332.18,False,-0.0118
2024-02-26T00:00:00,False,2024-02-29,25.0,3.0,22169.2,42.5,21000.0,23000.0,EOD,75.0,21.25,339.31,-318.06,False,-0.0061
2024-02-27T00:00:00,False,2024-02-29,25.0,2.0,22090.2,83.75,21500.0,23000.0,EOD,75.0,51.25,339.44,-288.19,False,0.0154
2024-02-28T00:00:00,False,2024-02-29,25.0,1.0,22214.1,1540.0,21500.0,22200.0,EOD,75.0,1227.5,346.96,880.54,True,-0.235
2024-02-29T00:00:00,False,2024-02-29,25.0,0.5,21935.2,2535.0,22000.0,22000.0,EOD,75.0,1675.0,352.58,1322.42,True,0.0377
2024-03-01T00:00:00,False,2024-03-07,25.0,6.0,22048.3,495.0,22000.0,23000.0,EOD,75.0,-66.25,347.26,-413.51,False,0.1379
2024-03-04T00:00:00,False,2024-03-07,25.0,3.0,22403.5,731.25,22200.0,23000.0,EOD,75.0,58.75,344.9,-286.15,False,0.0873
2024-03-05T00:00:00,False,2024-03-07,25.0,2.0,22371.25,715.0,22200.0,23000.0,EOD,75.0,122.5,344.24,-221.74,False,0.1096
2024-03-06T00:00:00,False,2024-03-07,25.0,1.0,22327.5,236.25,22000.0,23000.0,TRAIL,73.0,189.42,340.4,-150.98,False,0.0583
2024-03-07T00:00:00,False,2024-03-07,25.0,0.5,22505.3,1732.5,22450.0,22500.0,TRAIL,66.0,1449.17,345.77,1103.4,True,-0.141
2024-03-11T00:00:00,False,2024-03-14,25.0,3.0,22517.5,87.5,21500.0,23000.0,EOD,75.0,55.0,339.57,-284.57,False,-0.0239
2024-03-12T00:00:00,False,2024-03-14,25.0,2.0,22334.45,1120.0,22000.0,22500.0,EOD,75.0,103.75,344.42,-240.67,False,-0.0876
2024-03-13T00:00:00,False,2024-03-14,25.0,1.0,22446.75,1088.75,21700.0,22500.0,TRAIL,64.0,882.3,343.47,538.83,True,-0.2329
2024-03-14T00:00:00,False,2024-03-14,25.0,0.5,21982.55,3230.0,22100.0,22150.0,TRAIL,64.0,2702.22,354.54,2347.68,True,0.0547
2024-03-15T00:00:00,False,2024-03-21,25.0,6.0,22064.85,25.0,21000.0,23000.0,EOD,75.0,-5.0,339.29,-344.29,False,-0.0024
2024-03-18T00:00:00,False,2024-03-21,25.0,3.0,21990.1,33.75,21000.0,23000.0,EOD,75.0,18.75,339.19,-320.44,False,0.0011
2024-03-19T00:00:00,False,2024-03-21,25.0,2.0,21946.45,2086.25,21000.0,22000.0,EOD,75.0,1472.5,349.2,1123.3,True,-0.1838
2024-03-20T00:00:00,False,2024-03-21,25.0,1.0,21843.9,783.75,21500.0,22000.0,EOD,75.0,287.5,343.02,-55.52,False,-0.0981
2024-03-21T00:00:00,False,2024-03-21,25.0,0.5,21989.9,2045.0,22000.0,22050.0,TRAIL,64.0,1690.45,346.91,1343.54,True,0.0226
2024-03-22T00:00:00,False,2024-03-28,25.0,6.0,21932.2,1182.5,22000.0,23000.0,EOD,75.0,485.0,348.01,136.99,True,0.2946
2024-03-26T00:00:00,False,2024-03-28,25.0,2.0,21947.9,1160.0,22000.0,22500.0,EOD,75.0,291.25,347.17,-55.92,False,0.2631
2024-03-27T00:00:00,False,2024-03-28,25.0,1.0,22053.95,752.5,22000.0,22500.0,EOD,75.0,463.75,343.69,120.06,True,0.1257
2024-03-28T00:00:00,False,2024-03-28,25.0,0.5,22163.6,2098.75,22300.0,22600.0,TRAIL,64.0,7186.65,347.53,6839.12,True,0.5475
2024-04-01T00:00:00,False,2024-04-04,25.0,3.0,22455.0,1911.25,22300.0,22500.0,EOD,75.0,-133.75,352.34,-486.09,False,-0.0865
2024-04-02T00:00:00,False,2024-04-04,25.0,2.0,22458.8,160.0,22000.0,23000.0,EOD,75.0,88.75,339.78,-251.03,False,0.018
2024-04-03T00:00:00,False,2024-04-04,25.0,1.0,22385.7,723.75,22000.0,22500.0,EOD,75.0,43.75,342.17,-298.42,False,-0.1517
2024-04-04T00:00:00,False,2024-04-04,25.0,0.5,22592.1,585.0,22500.0,22700.0,STOP,8.0,-1399.25,341.49,-1740.74,False,0.0325
2024-04-05T00:00:00,False,2024-04-10,25.0,5.0,22486.4,1340.0,22500.0,23000.0,EOD,75.0,31.25,349.75,-318.5,False,0.1539
2024-04-08T00:00:00,False,2024-04-10,25.0,2.0,22580.25,928.75,22500.0,23000.0,EOD,75.0,352.5,346.0,6.5,True,0.1247
2024-04-09T00:00:00,False,2024-04-10,25.0,1.0,22760.0,551.25,22500.0,23000.0,EOD,75.0,202.5,341.27,-138.77,False,0.0385
2024-04-10T00:00:00,False,2024-04-10,25.0,0.5,22721.25,1642.5,22700.0,22750.0,TRAIL,67.0,1318.44,344.21,974.23,True,-0.0294
2024-04-12T00:00:00,False,2024-04-18,25.0,6.0,22677.4,2098.75,22200.0,22700.0,EOD,75.0,897.5,352.06,545.44,True,-0.1291
2024-04-15T00:00:00,False,2024-04-18,25.0,3.0,22356.7,290.0,22000.0,22700.0,EOD,75.0,-153.75,342.33,-496.08,False,-0.0099
2024-04-16T00:00:00,False,2024-04-18,25.0,2.0,22125.3,522.5,22000.0,22500.0,EOD,75.0,-2.5,343.63,-346.13,False,0.1022
2024-04-18T00:00:00,False,2024-04-18,25.0,0.5,22212.35,3235.0,22000.0,22000.0,TRAIL,68.0,2721.59,357.7,2363.89,True,-0.1876
2024-04-19T00:00:00,False,2024-04-25,25.0,6.0,21861.5,527.5,22000.0,23000.0,EOD,75.0,-407.5,356.88,-764.38,False,0.2561
2024-04-22T00:00:00,False,2024-04-25,25.0,3.0,22336.9,618.75,22000.0,23000.0,EOD,75.0,347.5,344.22,3.28,True,0.0743
2024-04-23T00:00:00,False,2024-04-25,25.0,2.0,22447.05,87.5,22000.0,23000.0,EOD,75.0,-43.75,340.56,-384.31,False,0.021
2024-04-24T00:00:00,False,2024-04-25,25.0,1.0,22421.55,761.25,22000.0,22500.0,EOD,75.0,216.25,342.22,-125.97,False,-0.2003
2024-04-25T00:00:00,False,2024-04-25,25.0,0.5,22316.9,3883.75,22600.0,22600.0,TRAIL,72.0,3134.68,359.44,2775.24,True,-0.033
2024-04-26T00:00:00,False,2024-05-02,25.0,6.0,22620.4,7.5,21500.0,23500.0,STOP,49.0,-11.4,339.56,-350.96,False,0.0002
2024-04-29T00:00:00,False,2024-05-02,25.0,3.0,22475.55,1558.75,22500.0,23000.0,EOD,75.0,908.75,349.86,558.89,True,0.1681
2024-04-30T00:00:00,False,2024-05-02,25.0,2.0,22679.65,121.25,22000.0,23000.0,EOD,75.0,62.5,339.78,-277.28,False,-0.0354
2024-05-02T00:00:00,False,2024-05-02,25.0,0.5,22567.85,2690.0,22650.0,22650.0,TRAIL,64.0,2301.91,348.6,1953.31,True,0.3854
2024-05-03T00:00:00,False,2024-05-09,25.0,6.0,22766.35,1010.0,22000.0,22800.0,EOD,75.0,235.0,350.09,-115.09,False,-0.1235
2024-05-06T00:00:00,False,2024-05-09,25.0,3.0,22561.6,373.75,22000.0,23000.0,EOD,75.0,93.75,341.36,-247.61,False,-0.0346
2024-05-07T00:00:00,False,2024-05-09,25.0,2.0,22489.75,281.25,22000.0,23000.0,EOD,75.0,-47.5,340.29,-387.79,False,-0.0058
2024-05-08T00:00:00,False,2024-05-09,25.0,1.0,22231.19921875,383.75,22000.0,22800.0,EOD,75.0,255.0,340.67,-85.67,False,0.0736
2024-05-09T00:00:00,False,2024-05-09,25.0,0.5,22224.80078125,3368.75,21950.0,22000.0,TRAIL,64.0,2708.8,362.28,2346.52,True,-0.0958
2024-05-10T00:00:00,False,2024-05-16,25.0,6.0,21990.94921875,38.75,21000.0,23000.0,EOD,75.0,-10.0,339.91,-349.91,False,0.0014
2024-05-13T00:00:00,False,2024-05-16,25.0,3.0,22027.94921875,43.75,21000.0,23000.0,EOD,75.0,17.5,339.32,-321.82,False,0.0029
2024-05-14T00:00:00,False,2024-05-16,25.0,2.0,22112.900390625,817.5,22000.0,23000.0,EOD,75.0,423.75,344.04,79.71,True,0.1543
2024-05-15T00:00:00,False,2024-05-16,25.0,1.0,22255.599609375,577.5,22000.0,22500.0,EOD,75.0,263.75,341.41,-77.66,False,-0.0113
2024-05-16T00:00:00,False,2024-05-16,25.0,0.5,22319.19921875,2756.25,22400.0,22450.0,TRAIL,69.0,2310.6,350.69,1959.91,True,0.1172
2024-05-17T00:00:00,False,2024-05-23,25.0,6.0,22415.25,180.0,21500.0,23000.0,EOD,75.0,70.0,340.33,-270.33,False,-0.0283
2024-05-21T00:00:00,False,2024-05-23,25.0,2.0,22404.55078125,1417.5,22500.0,23000.0,EOD,75.0,265.0,349.46,-84.46,False,0.3165
2024-05-22T00:00:00,False,2024-05-23,25.0,1.0,22576.599609375,132.5,22000.0,23000.0,EOD,75.0,105.0,339.56,-234.56,False,0.0045
2024-05-23T00:00:00,False,2024-05-23,25.0,0.5,22614.099609375,3308.75,22950.0,23000.0,TRAIL,66.0,2839.54,368.25,2471.29,True,0.1317
2024-05-24T00:00:00,False,2024-05-30,25.0,6.0,22930.75,1777.5,23000.0,24000.0,EOD,75.0,383.75,354.56,29.19,True,0.1626
2024-05-27T00:00:00,False,2024-05-30,25.0,3.0,23038.94921875,1201.25,23000.0,24000.0,EOD,75.0,-355.0,349.82,-704.82,False,0.1489
2024-05-28T00:00:00,False,2024-05-30,25.0,2.0,22977.150390625,198.75,22500.0,24000.0,EOD,75.0,18.75,340.46,-321.71,False,0.0387
2024-05-29T00:00:00,False,2024-05-30,25.0,1.0,22762.75,60.0,22000.0,23500.0,TRAIL,68.0,48.13,339.27,-291.14,False,-0.0049
2024-05-30T00:00:00,False,2024-05-30,25.0,0.5,22617.44921875,2462.5,22500.0,22500.0,EOD,75.0,1897.5,354.96,1542.54,True,-0.0487
2024-05-31T00:00:00,False,2024-06-06,,,,,,,NOLEG,,,,0.0,,
2024-06-03T00:00:00,False,2024-06-06,,,,,,,NOLEG,,,,0.0,,
2024-06-04T00:00:00,False,2024-06-06,,,,,,,NOLEG,,,,0.0,,
2024-06-05T00:00:00,False,2024-06-06,,,,,,,NOLEG,,,,0.0,,
2024-06-06T00:00:00,False,2024-06-06,25.0,0.5,22798.599609375,2082.5,22800.0,23500.0,TRAIL,64.0,1717.42,360.92,1356.5,True,0.1917
2024-06-07T00:00:00,False,2024-06-13,25.0,6.0,22821.849609375,803.75,23000.0,24000.0,EOD,75.0,307.5,371.89,-64.39,False,0.1419
2024-06-10T00:00:00,False,2024-06-13,25.0,3.0,23319.150390625,732.5,23000.0,24000.0,EOD,75.0,-218.75,349.61,-568.36,False,0.0564
2024-06-11T00:00:00,False,2024-06-13,25.0,2.0,23283.75,162.5,22500.0,24000.0,EOD,75.0,112.5,340.48,-227.98,False,-0.0125
2024-06-12T00:00:00,False,2024-06-13,25.0,1.0,23344.44921875,331.25,23000.0,24000.0,TRAIL,68.0,265.16,340.98,-75.82,False,0.065
2024-06-13T00:00:00,False,2024-06-13,25.0,0.5,23480.94921875,2625.0,23400.0,23400.0,TRAIL,64.0,2253.77,349.98,1903.79,True,-0.2953
2024-06-14T00:00:00,False,2024-06-20,25.0,6.0,23464.94921875,1220.0,23400.0,24000.0,EOD,75.0,127.5,350.74,-223.24,False,0.1095
2024-06-18T00:00:00,False,2024-06-20,25.0,2.0,23570.80078125,256.25,23000.0,24000.0,EOD,75.0,181.25,340.08,-158.83,False,-0.0105
2024-06-19T00:00:00,False,2024-06-20,25.0,1.0,23629.849609375,63.75,23000.0,24000.0,STOP,17.0,-100.76,339.29,-440.05,False,-0.005
2024-06-20T00:00:00,False,2024-06-20,25.0,0.5,23586.150390625,1882.5,23550.0,23600.0,TRAIL,64.0,1575.37,347.59,1227.78,True,-0.0812
2024-06-21T00:00:00,False,2024-06-27,25.0,6.0,23661.150390625,567.5,23000.0,24000.0,EOD,75.0,223.75,341.62,-117.87,False,-0.0601
2024-06-24T00:00:00,False,2024-06-27,25.0,3.0,23382.30078125,427.5,23000.0,24000.0,EOD,75.0,187.5,341.15,-153.65,False,0.0474
2024-06-25T00:00:00,False,2024-06-27,25.0,2.0,23577.099609375,235.0,23000.0,24000.0,EOD,75.0,-80.0,340.17,-420.17,False,-0.0098
2024-06-26T00:00:00,False,2024-06-27,25.0,1.0,23723.099609375,196.25,23000.0,24000.0,STOP,37.0,-295.37,340.19,-635.56,False,-0.0436
2024-06-27T00:00:00,False,2024-06-27,25.0,0.5,23881.55078125,2891.25,24000.0,24050.0,TRAIL,65.0,2350.31,354.02,1996.29,True,0.0846
2024-06-28T00:00:00,False,2024-07-04,25.0,6.0,24085.900390625,76.25,23000.0,25000.0,EOD,75.0,23.75,339.94,-316.19,False,0.0042
2024-07-01T00:00:00,False,2024-07-04,25.0,3.0,23992.94921875,1475.0,24000.0,25000.0,EOD,75.0,658.75,349.63,309.12,True,0.1812
2024-07-02T00:00:00,False,2024-07-04,25.0,2.0,24228.75,756.25,24000.0,25000.0,EOD,75.0,61.25,343.91,-282.66,False,0.1092
2024-07-03T00:00:00,False,2024-07-04,25.0,1.0,24291.75,206.25,24000.0,25000.0,EOD,75.0,52.5,340.62,-288.12,False,0.0546
2024-07-04T00:00:00,False,2024-07-04,25.0,0.5,24369.94921875,1821.25,24300.0,24350.0,TRAIL,65.0,1480.44,346.76,1133.68,True,-0.1798
2024-07-05T00:00:00,False,2024-07-11,25.0,6.0,24213.349609375,680.0,24000.0,25000.0,EOD,75.0,296.25,343.39,-47.14,False,0.1024
2024-07-08T00:00:00,False,2024-07-11,25.0,3.0,24329.44921875,346.25,24000.0,25000.0,EOD,75.0,73.75,341.16,-267.41,False,0.0613
2024-07-09T00:00:00,False,2024-07-11,25.0,2.0,24351.0,273.75,24000.0,25000.0,TRAIL,73.0,220.11,340.1,-119.99,False,0.0692
2024-07-10T00:00:00,False,2024-07-11,25.0,1.0,24459.849609375,1212.5,24000.0,24500.0,EOD,75.0,816.25,342.93,473.32,True,-0.2851
2024-07-11T00:00:00,False,2024-07-11,25.0,0.5,24396.55078125,1842.5,24300.0,24350.0,TRAIL,64.0,1611.16,345.81,1265.35,True,-0.2531
2024-07-12T00:00:00,False,2024-07-18,25.0,6.0,24387.94921875,193.75,24000.0,25000.0,EOD,75.0,-21.25,340.53,-361.78,False,0.0221
2024-07-15T00:00:00,False,2024-07-18,25.0,3.0,24587.6,941.25,24500.0,25000.0,EOD,75.0,95.0,346.38,-251.38,False,0.1159
2024-07-16T00:00:00,False,2024-07-18,25.0,2.0,24615.900390625,107.5,24000.0,25000.0,EOD,75.0,80.0,339.48,-259.48,False,-0.0216
2024-07-18T00:00:00,False,2024-07-18,25.0,0.5,24543.80078125,2608.75,24800.0,25000.0,TRAIL,64.0,2261.76,355.21,1906.55,True,0.0078
2024-07-19T00:00:00,False,2024-07-25,25.0,6.0,24853.80078125,350.0,23500.0,25500.0,EOD,75.0,100.0,341.77,-241.77,False,-0.0404
2024-07-22T00:00:00,False,2024-07-25,25.0,3.0,24445.75,1058.75,24000.0,25500.0,EOD,75.0,503.75,346.45,157.3,True,0.0731
2024-07-23T00:00:00,False,2024-07-25,25.0,2.0,24568.900390625,946.25,24000.0,25000.0,EOD,75.0,656.25,349.48,306.77,True,-0.0245
2024-07-24T00:00:00,False,2024-07-25,25.0,1.0,24444.94921875,196.25,24000.0,25000.0,EOD,75.0,118.75,340.44,-221.69,False,0.0126
2024-07-25T00:00:00,False,2024-07-25,25.0,0.5,24230.94921875,2187.5,24400.0,24400.0,TRAIL,64.0,1922.0,352.62,1569.38,True,0.3026
2024-07-26T00:00:00,False,2024-08-01,,,,,,,NOLEG,,,,0.0,,
2024-07-29T00:00:00,False,2024-08-01,25.0,3.0,24943.30078125,217.5,24000.0,25500.0,EOD,75.0,150.0,339.98,-189.98,False,-0.016
2024-07-30T00:00:00,False,2024-08-01,25.0,2.0,24839.400390625,46.25,24000.0,25500.0,EOD,75.0,20.0,339.45,-319.45,False,-0.0025
2024-07-31T00:00:00,False,2024-08-01,25.0,1.0,24886.69921875,170.0,24500.0,25500.0,EOD,75.0,88.75,339.9,-251.15,False,0.0416
2024-08-01T00:00:00,False,2024-08-01,25.0,0.5,25030.94921875,2050.0,25000.0,25050.0,TRAIL,64.0,1662.01,348.38,1313.63,True,-0.0804
2024-08-02T00:00:00,False,2024-08-08,25.0,6.0,24789.0,200.0,24000.0,26000.0,EOD,75.0,82.5,339.89,-257.39,False,0.0297
2024-08-05T00:00:00,False,2024-08-08,25.0,3.0,24302.849609375,222.5,24000.0,26000.0,STOP,19.0,-353.07,344.93,-698.0,False,0.0551
2024-08-06T00:00:00,False,2024-08-08,,,,,,,NOLEG,,,,0.0,,
2024-08-07T00:00:00,False,2024-08-08,25.0,1.0,24289.400390625,370.0,24000.0,25000.0,EOD,75.0,193.75,343.37,-149.62,False,0.0697
2024-08-08T00:00:00,False,2024-08-08,25.0,0.5,24248.55078125,1951.25,24100.0,24150.0,TRAIL,64.0,1601.07,353.26,1247.81,True,-0.1235
2024-08-09T00:00:00,False,2024-08-14,25.0,5.0,24386.849609375,48.75,23000.0,25000.0,EOD,75.0,-50.0,340.32,-390.32,False,-0.0156
2024-08-12T00:00:00,False,2024-08-14,25.0,2.0,24320.05078125,118.75,23500.0,25000.0,EOD,75.0,66.25,340.13,-273.88,False,-0.0018
2024-08-13T00:00:00,False,2024-08-14,25.0,1.0,24342.349609375,25.0,23500.0,25000.0,EOD,75.0,0.0,339.33,-339.33,False,-0.0014
2024-08-14T00:00:00,False,2024-08-14,25.0,0.5,24184.400390625,2975.0,24150.0,24150.0,TRAIL,65.0,2413.45,350.74,2062.71,True,-0.0469
2024-08-16T00:00:00,False,2024-08-22,25.0,6.0,24334.849609375,41.25,23000.0,25000.0,STOP,45.0,-58.0,339.86,-397.86,False,0.0019
2024-08-19T00:00:00,False,2024-08-22,25.0,3.0,24636.349609375,358.75,24000.0,25000.0,EOD,75.0,202.5,340.92,-138.42,False,-0.0206
2024-08-20T00:00:00,False,2024-08-22,25.0,2.0,24648.900390625,481.25,24300.0,25000.0,EOD,75.0,295.0,341.06,-46.06,False,0.0431
2024-08-21T00:00:00,False,2024-08-22,25.0,1.0,24680.55078125,478.75,24500.0,25000.0,EOD,75.0,306.25,341.2,-34.95,False,0.0807
2024-08-22T00:00:00,False,2024-08-22,25.0,0.5,24863.400390625,2170.0,24800.0,24800.0,TRAIL,64.0,1744.09,346.12,1397.97,True,-0.442
2024-08-23T00:00:00,False,2024-08-29,25.0,6.0,24845.400390625,3.75,24000.0,26000.0,STOP,1.0,-7.11,339.66,-346.77,False,0.0057
2024-08-26T00:00:00,False,2024-08-29,25.0,3.0,24906.099609375,5.0,24000.0,26000.0,STOP,50.0,-7.21,339.46,-346.67,False,0.0034
2024-08-27T00:00:00,False,2024-08-29,25.0,2.0,25024.80078125,2855.0,25000.0,25000.0,EOD,75.0,212.5,354.93,-142.43,False,-0.027
2024-08-28T00:00:00,False,2024-08-29,25.0,1.0,25030.80078125,1215.0,25000.0,25500.0,EOD,75.0,422.5,344.52,77.98,True,0.2272
2024-08-29T00:00:00,False,2024-08-29,25.0,0.5,25035.30078125,1405.0,25100.0,25200.0,TRAIL,69.0,1231.09,345.47,885.62,True,0.3526
2024-08-30T00:00:00,False,2024-09-05,25.0,6.0,25249.69921875,277.5,25000.0,26000.0,EOD,75.0,-140.0,343.3,-483.3,False,0.0707
2024-09-02T00:00:00,False,2024-09-05,25.0,3.0,25333.599609375,281.25,25000.0,26000.0,EOD,75.0,-108.75,341.12,-449.87,False,0.0625
2024-09-03T00:00:00,False,2024-09-05,25.0,2.0,25313.400390625,342.5,25000.0,26000.0,EOD,75.0,116.25,340.87,-224.62,False,0.0723
2024-09-04T00:00:00,False,2024-09-05,25.0,1.0,25089.94921875,1258.75,25000.0,25300.0,EOD,75.0,547.5,344.38,203.12,True,0.0868
2024-09-05T00:00:00,False,2024-09-05,25.0,0.5,25250.5,1370.0,25150.0,25200.0,TRAIL,64.0,1143.26,345.18,798.08,True,-0.4215
2024-09-06T00:00:00,False,2024-09-12,,,,,,,NOLEG,,,,0.0,,
2024-09-09T00:00:00,False,2024-09-12,,,,,,,NOSIM,,,,0.0,,
2024-09-10T00:00:00,False,2024-09-12,25.0,2.0,24999.400390625,213.75,24600.0,26000.0,TRAIL,64.0,184.71,340.17,-155.46,False,0.0501
2024-09-11T00:00:00,False,2024-09-12,25.0,1.0,25034.0,1731.25,24500.0,25000.0,TRAIL,68.0,1420.77,345.85,1074.92,True,-0.3015
2024-09-12T00:00:00,False,2024-09-12,25.0,0.5,25059.650390625,3738.75,25400.0,25400.0,TRAIL,67.0,3000.98,378.3,2622.68,True,0.0368
2024-09-13T00:00:00,False,2024-09-19,25.0,6.0,25430.44921875,183.75,25000.0,26000.0,EOD,75.0,-226.25,343.45,-569.7,False,0.0229
2024-09-16T00:00:00,False,2024-09-19,25.0,3.0,25406.650390625,202.5,25000.0,26000.0,EOD,75.0,-7.5,341.65,-349.15,False,0.0131
2024-09-17T00:00:00,False,2024-09-19,25.0,2.0,25416.900390625,128.75,25000.0,26000.0,EOD,75.0,-42.5,340.26,-382.76,False,0.0246
2024-09-18T00:00:00,False,2024-09-19,25.0,1.0,25402.400390625,205.0,25000.0,26000.0,EOD,75.0,-66.25,340.31,-406.56,False,0.0444
2024-09-19T00:00:00,False,2024-09-19,25.0,0.5,25487.05078125,2100.0,25400.0,25400.0,TRAIL,64.0,1709.01,351.26,1357.75,True,-0.1995
2024-09-20T00:00:00,False,2024-09-26,25.0,6.0,25525.94921875,153.75,25000.0,27000.0,EOD,75.0,5.0,341.59,-336.59,False,0.0293
2024-09-23T00:00:00,False,2024-09-26,25.0,3.0,25872.55078125,172.5,25000.0,27000.0,EOD,75.0,131.25,340.75,-209.5,False,0.0205
2024-09-24T00:00:00,False,2024-09-26,,,,,,,NOSIM,,,,0.0,,
2024-09-25T00:00:00,False,2024-09-26,25.0,1.0,25899.44921875,11.25,25000.0,27000.0,TRAIL,64.0,16.74,339.24,-322.5,False,-0.0029
2024-09-26T00:00:00,False,2024-09-26,25.0,0.5,26005.400390625,3562.5,26200.0,26250.0,TRAIL,65.0,2967.78,355.7,2612.08,True,0.1237
2024-09-27T00:00:00,False,2024-10-03,25.0,6.0,26248.25,77.5,25000.0,27000.0,EOD,75.0,43.75,340.2,-296.45,False,-0.0099
2024-09-30T00:00:00,False,2024-10-03,,,,,,,NOLEG,,,,0.0,,
2024-10-01T00:00:00,False,2024-10-03,,,,,,,NOLEG,,,,0.0,,
2024-10-03T00:00:00,False,2024-10-03,25.0,0.5,25452.849609375,5017.5,25250.0,25250.0,TRAIL,64.0,4191.62,367.13,3824.49,True,-0.0382
2024-10-04T00:00:00,False,2024-10-10,,,,,,,NOLEG,,,,0.0,,
2024-10-07T00:00:00,False,2024-10-10,,,,,,,NOLEG,,,,0.0,,
2024-10-08T00:00:00,False,2024-10-10,,,,,,,NOLEG,,,,0.0,,
2024-10-09T00:00:00,False,2024-10-10,25.0,1.0,25065.80078125,203.75,24000.0,25500.0,TRAIL,70.0,192.93,340.33,-147.4,False,-0.0416
2024-10-10T00:00:00,False,2024-10-10,25.0,0.5,25067.05078125,2541.25,25000.0,25000.0,TRAIL,64.0,2058.18,350.83,1707.35,True,-0.2263
2024-10-11T00:00:00,False,2024-10-17,25.0,6.0,24985.30078125,1162.5,25000.0,26000.0,EOD,75.0,-435.0,353.96,-788.96,False,0.1345
2024-10-14T00:00:00,False,2024-10-17,25.0,3.0,25023.44921875,1655.0,25000.0,26000.0,EOD,75.0,863.75,352.5,511.25,True,0.1407
2024-10-15T00:00:00,False,2024-10-17,25.0,2.0,25186.30078125,2012.5,25000.0,25200.0,EOD,75.0,295.0,349.34,-54.34,False,-0.1223
2024-10-16T00:00:00,False,2024-10-17,25.0,1.0,25008.55078125,46.25,24500.0,25500.0,EOD,75.0,21.25,339.3,-318.05,False,-0.0039
2024-10-17T00:00:00,False,2024-10-17,25.0,0.5,25027.400390625,3242.5,24750.0,24750.0,TRAIL,64.0,2655.46,359.83,2295.63,True,0.0297
2024-10-18T00:00:00,False,2024-10-24,25.0,6.0,24664.94921875,180.0,24000.0,26000.0,EOD,75.0,117.5,340.83,-223.33,False,0.0282
2024-10-21T00:00:00,False,2024-10-24,25.0,3.0,24956.150390625,1181.25,24000.0,25000.0,EOD,75.0,655.0,347.07,307.93,True,-0.1782
2024-10-22T00:00:00,False,2024-10-24,25.0,2.0,24798.650390625,356.25,24000.0,25000.0,EOD,75.0,111.25,341.78,-230.53,False,-0.0898
2024-10-23T00:00:00,False,2024-10-24,25.0,1.0,24378.150390625,246.25,24000.0,25000.0,EOD,75.0,177.5,340.59,-163.09,False,0.0382
2024-10-24T00:00:00,False,2024-10-24,25.0,0.5,24412.69921875,2681.25,24400.0,24400.0,TRAIL,64.0,2214.58,350.63,1863.95,True,0.0049
2024-10-25T00:00:00,False,2024-10-31,25.0,6.0,24418.05078125,251.25,23000.0,25000.0,EOD,75.0,171.25,340.53,-169.28,False,-0.0468
2024-10-28T00:00:00,False,2024-10-31,25.0,3.0,24251.099609375,930.0,24000.0,25000.0,EOD,75.0,593.75,345.73,248.02,True,0.0857
2024-10-29T00:00:00,False,2024-10-31,25.0,2.0,24328.849609375,107.5,24000.0,25000.0,STOP,7.0,-161.53,340.47,-502.0,False,0.0262
2024-10-30T00:00:00,False,2024-10-31,25.0,1.0,24371.44921875,12.5,24000.0,25000.0,STOP,54.0,-30.2,340.22,-370.42,False,0.0403
2024-10-31T00:00:00,False,2024-10-31,25.0,0.5,24349.849609375,2887.5,24200.0,24200.0,TRAIL,64.0,2607.04,353.95,2253.09,True,-0.1651
2024-11-04T00:00:00,False,2024-11-07,,,,,,,NOLEG,,,,0.0,,
2024-11-05T00:00:00,False,2024-11-07,,,,,,,NOLEG,,,,0.0,,
2024-11-06T00:00:00,False,2024-11-07,,,,,,,NOLEG,,,,0.0,,
2024-11-07T00:00:00,False,2024-11-07,25.0,0.5,24489.599609375,2352.5,24200.0,24200.0,TRAIL,64.0,2245.58,360.48,1885.1,True,-0.0591
2024-11-08T00:00:00,False,2024-11-14,,,,,,,NOLEG,,,,0.0,,
2024-11-11T00:00:00,False,2024-11-14,,,,,,,NOLEG,,,,0.0,,
2024-11-12T00:00:00,False,2024-11-14,,,,,,,NOLEG,,,,0.0,,
2024-11-13T00:00:00,False,2024-11-14,,,,,,,NOLEG,,,,0.0,,
2024-11-14T00:00:00,False,2024-11-14,25.0,0.5,23542.150390625,3080.0,23500.0,23550.0,TRAIL,64.0,2604.83,352.75,2252.08,True,0.0013
2024-11-18T00:00:00,False,2024-11-21,,,,,,,NOLEG,,,,0.0,,
2024-11-19T00:00:00,False,2024-11-21,25.0,2.0,23529.55078125,180.0,23000.0,24000.0,EOD,75.0,-11.25,339.97,-351.22,False,0.0091
2024-11-21T00:00:00,False,2024-11-21,75.0,0.5,23488.44921875,6577.5,23350.0,23350.0,TRAIL,64.0,5583.22,694.7,4888.52,True,-0.1504
2024-11-22T00:00:00,False,2024-11-28,,,,,,,NOLEG,,,,0.0,,
2024-11-25T00:00:00,False,2024-11-28,75.0,3.0,24253.55078125,682.5,22500.0,25000.0,TRAIL,70.0,575.24,642.49,-67.25,False,-0.023
2024-11-26T00:00:00,False,2024-11-28,75.0,2.0,24343.30078125,161.25,23000.0,25000.0,EOD,75.0,78.75,641.63,-562.88,False,-0.0154
2024-11-27T00:00:00,False,2024-11-28,75.0,1.0,24204.80078125,1275.0,24000.0,25000.0,EOD,75.0,888.75,648.19,240.56,True,0.0961
2024-11-28T00:00:00,False,2024-11-28,75.0,0.5,24274.150390625,22038.75,23900.0,23900.0,TRAIL,65.0,17745.83,779.46,16966.37,True,0.1021
2024-11-29T00:00:00,False,2024-12-05,75.0,6.0,23927.150390625,337.5,23000.0,25000.0,EOD,75.0,161.25,642.45,-481.2,False,0.0075
2024-12-02T00:00:00,False,2024-12-05,75.0,3.0,24140.849609375,120.0,23000.0,25000.0,EOD,75.0,-71.25,640.65,-711.9,False,-0.0037
2024-12-03T00:00:00,False,2024-12-05,75.0,2.0,24367.5,502.5,23500.0,25000.0,EOD,75.0,240.0,642.3,-402.3,False,-0.0002
2024-12-04T00:00:00,False,2024-12-05,75.0,1.0,24488.75,198.75,23500.0,25000.0,EOD,75.0,60.0,640.44,-580.44,False,-0.0165
2024-12-05T00:00:00,False,2024-12-05,75.0,0.5,24539.150390625,7747.5,24700.0,25000.0,TRAIL,64.0,8573.61,705.32,7868.29,True,0.142
2024-12-06T00:00:00,False,2024-12-12,,,,,,,NOLEG,,,,0.0,,
2024-12-09T00:00:00,False,2024-12-12,,,,,,,NOLEG,,,,0.0,,
2024-12-10T00:00:00,False,2024-12-12,75.0,2.0,24652.650390625,262.5,24000.0,26000.0,EOD,75.0,41.25,642.04,-600.79,False,0.0195
2024-12-11T00:00:00,False,2024-12-12,75.0,1.0,24620.5,918.75,24000.0,25000.0,EOD,75.0,581.25,644.1,-62.85,False,-0.037
2024-12-12T00:00:00,False,2024-12-12,75.0,0.5,24604.44921875,6198.75,24550.0,24550.0,TRAIL,64.0,5118.0,668.58,4449.42,True,-0.1202
2024-12-13T00:00:00,False,2024-12-19,75.0,6.0,24498.349609375,3750.0,24500.0,26000.0,EOD,75.0,2115.0,681.07,1433.93,True,0.1438
2024-12-16T00:00:00,False,2024-12-19,75.0,3.0,24753.400390625,1267.5,24000.0,26000.0,EOD,75.0,907.5,644.2,263.3,True,0.0551
2024-12-17T00:00:00,False,2024-12-19,75.0,2.0,24584.80078125,1395.0,23900.0,25000.0,EOD,76.0,705.0,648.01,56.99,True,-0.0448
2024-12-18T00:00:00,False,2024-12-19,75.0,1.0,24297.94921875,825.0,24000.0,25500.0,EOD,75.0,-150.0,643.85,-793.85,False,0.0763
2024-12-19T00:00:00,False,2024-12-19,75.0,0.5,23877.150390625,6221.25,23950.0,23950.0,TRAIL,64.0,5148.26,676.01,4472.25,True,0.3101
2024-12-20T00:00:00,False,2024-12-26,75.0,6.0,23960.69921875,551.25,23000.0,25000.0,EOD,75.0,-285.0,645.75,-930.75,False,0.0019
2024-12-23T00:00:00,False,2024-12-26,75.0,3.0,23738.19921875,1372.5,23500.0,25000.0,EOD,75.0,465.0,661.44,-196.44,False,0.0782
2024-12-24T00:00:00,False,2024-12-26,75.0,2.0,23769.099609375,1027.5,22000.0,24000.0,EOD,75.0,363.75,646.59,-282.84,False,-0.0884
2024-12-26T00:00:00,False,2024-12-26,75.0,0.5,23775.80078125,5835.0,23700.0,23750.0,TRAIL,64.0,5043.43,665.19,4378.24,True,-0.1284
2024-12-27T00:00:00,False,2025-01-02,,,,,,,NOLEG,,,,0.0,,
2024-12-30T00:00:00,False,2025-01-02,,,,,,,NOLEG,,,,0.0,,
2024-12-31T00:00:00,False,2025-01-02,,,,,,,NOLEG,,,,0.0,,
2025-01-01T00:00:00,False,2025-01-02,75.0,1.0,23637.650390625,221.25,23000.0,24500.0,EOD,75.0,176.25,641.08,-464.83,False,0.018
2025-01-02T00:00:00,False,2025-01-02,75.0,0.5,23783.0,9836.25,24150.0,24200.0,TRAIL,64.0,9304.54,736.34,8568.2,True,0.0778
2025-01-03T00:00:00,False,2025-01-09,,,,,,,NOLEG,,,,0.0,,
2025-01-06T00:00:00,False,2025-01-09,,,,,,,NOLEG,,,,0.0,,
2025-01-07T00:00:00,False,2025-01-09,75.0,2.0,23679.900390625,1106.25,23000.0,24500.0,TRAIL,69.0,901.3,646.82,254.48,True,0.0207
2025-01-08T00:00:00,False,2025-01-09,75.0,1.0,23746.650390625,1053.75,23000.0,24000.0,EOD,75.0,521.25,645.36,-124.11,False,-0.0754
2025-01-09T00:00:00,False,2025-01-09,75.0,0.5,23674.75,6678.75,23500.0,23550.0,TRAIL,64.0,6696.17,674.61,6021.56,True,-0.3125
2025-01-10T00:00:00,False,2025-01-16,75.0,6.0,23551.900390625,150.0,22000.0,24500.0,EOD,75.0,33.75,640.79,-607.04,False,-0.0044
2025-01-13T00:00:00,False,2025-01-16,,,,,,,NOLEG,,,,0.0,,
2025-01-14T00:00:00,False,2025-01-16,75.0,2.0,23165.900390625,2475.0,23000.0,24000.0,EOD,75.0,1601.25,660.3,940.95,True,0.1071
2025-01-15T00:00:00,False,2025-01-16,75.0,1.0,23250.44921875,6018.75,23200.0,23300.0,EOD,75.0,2505.0,667.3,1837.7,True,-0.0068
2025-01-16T00:00:00,False,2025-01-16,75.0,0.5,23377.25,6026.25,23300.0,23300.0,TRAIL,64.0,6626.31,662.28,5964.03,True,-0.4555
2025-01-17T00:00:00,False,2025-01-23,75.0,6.0,23277.099609375,495.0,22000.0,24000.0,EOD,75.0,247.5,643.19,-395.69,False,-0.0182
2025-01-20T00:00:00,False,2025-01-23,75.0,3.0,23290.400390625,127.5,22000.0,24000.0,EOD,76.0,-138.75,641.14,-779.89,False,-0.0134
2025-01-21T00:00:00,False,2025-01-23,75.0,2.0,23421.650390625,393.75,22000.0,24000.0,TRAIL,64.0,374.45,641.33,-266.88,False,-0.0202
2025-01-22T00:00:00,False,2025-01-23,75.0,1.0,23099.150390625,3172.5,23000.0,23500.0,EOD,75.0,2216.25,661.85,1554.4,True,0.0938
2025-01-23T00:00:00,False,2025-01-23,75.0,0.5,23128.30078125,6915.0,23200.0,23250.0,TRAIL,64.0,6385.45,663.72,5721.73,True,0.2905
2025-01-24T00:00:00,False,2025-01-30,75.0,6.0,23183.900390625,401.25,22000.0,24000.0,EOD,75.0,142.5,642.88,-500.38,False,-0.0141
2025-01-27T00:00:00,False,2025-01-30,75.0,3.0,22940.150390625,337.5,22000.0,24000.0,EOD,75.0,123.75,641.42,-517.67,False,0.0103
2025-01-28T00:00:00,False,2025-01-30,75.0,2.0,22960.44921875,213.75,22000.0,24000.0,EOD,75.0,138.75,640.59,-501.84,False,0.0006
2025-01-29T00:00:00,False,2025-01-30,75.0,1.0,23026.75,3108.75,23000.0,24000.0,EOD,75.0,-0.0,669.3,-669.3,False,0.1538
2025-01-30T00:00:00,False,2025-01-30,75.0,0.5,23169.5,2381.25,23000.0,23250.0,TRAIL,64.0,3555.98,663.58,2892.4,True,-0.1102
2025-01-31T00:00:00,False,2025-02-06,,,,,,,NOLEG,,,,0.0,,
2025-02-03T00:00:00,False,2025-02-06,,,,,,,NOLEG,,,,0.0,,
2025-02-04T00:00:00,False,2025-02-06,75.0,2.0,23509.900390625,723.75,23000.0,24000.0,EOD,75.0,-33.75,644.51,-678.26,False,0.0014
2025-02-05T00:00:00,False,2025-02-06,75.0,1.0,23801.75,843.75,23000.0,24000.0,EOD,76.0,270.0,643.23,-373.23,False,-0.0862
2025-02-06T00:00:00,False,2025-02-06,75.0,0.5,23761.94921875,7410.0,23600.0,23600.0,TRAIL,64.0,10072.42,673.96,9398.46,True,-0.2912
2025-02-07T00:00:00,False,2025-02-13,,,,,,,NOLEG,,,,0.0,,
2025-02-10T00:00:00,False,2025-02-13,,,,,,,NOLEG,,,,0.0,,
2025-02-11T00:00:00,False,2025-02-13,,,,,,,NOSIM,,,,0.0,,
2025-02-12T00:00:00,False,2025-02-13,75.0,1.0,23050.80078125,228.75,22500.0,24000.0,STOP,7.0,-497.44,640.39,-1137.83,False,0.02
2025-02-13T00:00:00,False,2025-02-13,75.0,0.5,23055.75,7545.0,23000.0,23050.0,TRAIL,64.0,6272.38,672.21,5600.17,True,-0.0413
2025-02-14T00:00:00,False,2025-02-20,,,,,,,NOLEG,,,,0.0,,
2025-02-17T00:00:00,False,2025-02-20,75.0,3.0,22809.900390625,251.25,22000.0,24000.0,EOD,75.0,112.5,641.58,-529.08,False,0.0124
2025-02-18T00:00:00,False,2025-02-20,75.0,2.0,22963.650390625,727.5,22000.0,23500.0,EOD,75.0,498.75,643.17,-144.42,False,-0.0393
2025-02-19T00:00:00,False,2025-02-20,75.0,1.0,22847.25,1128.75,22500.0,23500.0,TRAIL,70.0,926.94,643.7,283.24,True,0.0776
2025-02-20T00:00:00,False,2025-02-20,75.0,0.5,22821.099609375,5707.5,22900.0,22950.0,TRAIL,64.0,4962.24,668.18,4294.06,True,0.3125
2025-02-21T00:00:00,False,2025-02-27,75.0,6.0,22857.19921875,153.75,22000.0,24000.0,EOD,75.0,-3.75,641.06,-644.81,False,0.0064
2025-02-24T00:00:00,False,2025-02-27,75.0,3.0,22609.35,3915.0,22500.0,23000.0,EOD,76.0,1128.75,664.12,464.63,True,0.0644
2025-02-25T00:00:00,False,2025-02-27,75.0,2.0,22516.44921875,6588.75,22600.0,22700.0,EOD,76.0,2981.25,676.49,2304.76,True,0.2357
2025-02-27T00:00:00,False,2025-02-27,75.0,0.5,22568.94921875,6547.5,22550.0,22550.0,TRAIL,64.0,5294.15,660.57,4633.58,True,-0.1279
2025-02-28T00:00:00,False,2025-03-06,,,,,,,NOLEG,,,,0.0,,
2025-03-03T00:00:00,False,2025-03-06,75.0,3.0,22194.55078125,116.25,20800.0,23000.0,EOD,75.0,71.25,640.18,-568.93,False,-0.0029
2025-03-04T00:00:00,False,2025-03-06,75.0,2.0,21974.44921875,750.0,21500.0,22500.0,EOD,75.0,333.75,643.27,-309.52,False,-0.0001
2025-03-05T00:00:00,False,2025-03-06,75.0,1.0,22073.05078125,3022.5,22000.0,22600.0,EOD,75.0,2295.0,655.3,1639.7,True,0.1724
2025-03-06T00:00:00,False,2025-03-06,75.0,0.5,22476.349609375,6397.5,22500.0,22550.0,TRAIL,64.0,5377.03,662.79,4714.24,True,0.0571
2025-03-07T00:00:00,False,2025-03-13,75.0,6.0,22508.650390625,517.5,21500.0,23100.0,EOD,75.0,123.75,642.44,-518.69,False,-0.0234
2025-03-10T00:00:00,False,2025-03-13,75.0,3.0,22521.849609375,1083.75,22000.0,23000.0,EOD,75.0,356.25,645.4,-289.15,False,0.0033
2025-03-11T00:00:00,False,2025-03-13,75.0,2.0,22345.94921875,2538.75,22200.0,23000.0,EOD,75.0,1515.0,654.41,860.59,True,0.1266
2025-03-12T00:00:00,False,2025-03-13,75.0,1.0,22536.349609375,307.5,22000.0,23000.0,EOD,75.0,195.0,640.89,-445.89,False,0.0046
2025-03-13T00:00:00,False,2025-03-13,75.0,0.5,22541.5,8535.0,22400.0,22400.0,TRAIL,64.0,7083.16,673.03,6410.13,True,-0.3771
2025-03-17T00:00:00,False,2025-03-20,75.0,3.0,22353.150390625,750.0,22000.0,23500.0,EOD,75.0,427.5,644.76,-217.26,False,0.0573
2025-03-18T00:00:00,False,2025-03-20,75.0,2.0,22662.25,2171.25,22500.0,23000.0,EOD,76.0,-112.5,652.65,-765.15,False,0.0864
2025-03-19T00:00:00,False,2025-03-20,75.0,1.0,22874.94921875,637.5,22500.0,23300.0,EOD,75.0,187.5,642.87,-455.37,False,0.0269
2025-03-20T00:00:00,False,2025-03-20,75.0,0.5,23036.599609375,9048.75,23200.0,23200.0,TRAIL,64.0,7879.76,686.75,7193.01,True,0.1512
2025-03-21T00:00:00,False,2025-03-27,75.0,6.0,23168.25,2148.75,23000.0,24000.0,EOD,75.0,1132.5,656.87,475.63,True,0.1061
2025-03-24T00:00:00,False,2025-03-27,75.0,3.0,23515.400390625,127.5,22500.0,25000.0,EOD,75.0,37.5,640.25,-602.75,False,0.0078
2025-03-25T00:00:00,False,2025-03-27,75.0,2.0,23752.85,153.75,23000.0,25000.0,TRAIL,64.0,154.07,641.78,-487.71,False,0.0141
2025-03-26T00:00:00,False,2025-03-27,75.0,1.0,23700.94921875,1068.75,23000.0,24000.0,TRAIL,64.0,863.53,645.08,218.45,True,-0.0623
2025-03-27T00:00:00,False,2025-03-27,75.0,0.5,23433.94921875,7563.75,23600.0,23600.0,TRAIL,64.0,6382.75,677.02,5705.73,True,0.3402
2025-03-28T00:00:00,False,2025-04-03,,,,,,,NOLEG,,,,0.0,,
2025-04-01T00:00:00,False,2025-04-03,,,,,,,NOLEG,,,,0.0,,
2025-04-02T00:00:00,False,2025-04-03,75.0,1.0,23192.599609375,2253.75,23000.0,23500.0,EOD,75.0,963.75,652.25,311.5,True,0.0807
2025-04-03T00:00:00,False,2025-04-03,75.0,0.5,23150.30078125,4597.5,23250.0,23250.0,TRAIL,64.0,4797.26,668.26,4129.0,True,0.4711
2025-04-04T00:00:00,False,2025-04-09,,,,,,,NOLEG,,,,0.0,,
2025-04-07T00:00:00,False,2025-04-09,,,,,,,NOLEG,,,,0.0,,
2025-04-08T00:00:00,False,2025-04-09,75.0,1.0,22446.75,566.25,21000.0,23500.0,EOD,76.0,341.25,648.42,-307.17,False,0.0035
2025-04-09T00:00:00,False,2025-04-09,75.0,0.5,22460.30078125,13455.0,22400.0,22400.0,TRAIL,64.0,11312.79,705.06,10607.73,True,0.0181
2025-04-11T00:00:00,False,2025-04-17,,,,,,,NOLEG,,,,0.0,,
2025-04-15T00:00:00,False,2025-04-17,75.0,2.0,23368.349609375,6120.0,23300.0,24000.0,EOD,75.0,2133.75,710.95,1422.8,True,0.058
2025-04-16T00:00:00,False,2025-04-17,75.0,1.0,23344.099609375,967.5,23000.0,24000.0,EOD,75.0,592.5,644.67,-52.17,False,0.0436
2025-04-17T00:00:00,False,2025-04-17,75.0,0.5,23401.849609375,11786.25,23850.0,23850.0,TRAIL,64.0,9801.0,780.06,9020.94,True,0.0053
2025-04-21T00:00:00,False,2025-04-24,,,,,,,NOLEG,,,,0.0,,
2025-04-22T00:00:00,False,2025-04-24,75.0,2.0,24185.400390625,41.25,23000.0,25500.0,EOD,75.0,-30.0,641.79,-671.79,False,0.0029
2025-04-23T00:00:00,False,2025-04-24,75.0,1.0,24357.599609375,840.0,24000.0,25000.0,STOP,19.0,-1345.76,643.64,-1989.4,False,0.0633
2025-04-24T00:00:00,False,2025-04-24,75.0,0.5,24277.900390625,4623.75,24250.0,24250.0,TRAIL,67.0,3742.45,663.76,3078.69,True,-0.035
2025-04-25T00:00:00,False,2025-04-30,75.0,5.0,24289.0,1657.5,23500.0,25000.0,EOD,75.0,555.0,649.66,-94.66,False,0.015
2025-04-28T00:00:00,False,2025-04-30,75.0,2.0,24070.25,2471.25,24000.0,25000.0,EOD,75.0,1788.75,678.31,1110.44,True,0.0999
2025-04-29T00:00:00,False,2025-04-30,75.0,1.0,24370.69921875,3990.0,24300.0,24500.0,EOD,75.0,1335.0,667.63,667.37,True,0.0284
2025-04-30T00:00:00,False,2025-04-30,75.0,0.5,24342.05,5733.75,24350.0,24350.0,TRAIL,64.0,4619.61,661.86,3957.75,True,-0.0133
2025-05-02T00:00:00,False,2025-05-08,,,,,,,NOLEG,,,,0.0,,
2025-05-05T00:00:00,False,2025-05-08,,,,,,,NOLEG,,,,0.0,,
2025-05-06T00:00:00,False,2025-05-08,75.0,2.0,24500.75,3082.5,24000.0,24500.0,EOD,75.0,1541.25,665.32,875.93,True,-0.2621
2025-05-07T00:00:00,False,2025-05-08,75.0,1.0,24233.30078125,2921.25,24300.0,24500.0,EOD,75.0,1027.5,668.88,358.62,True,0.2376
2025-05-08T00:00:00,False,2025-05-08,75.0,0.5,24431.5,1747.5,24300.0,24400.0,TRAIL,64.0,6671.16,655.98,6015.18,True,-0.4412
2025-05-09T00:00:00,False,2025-05-15,,,,,,,NOLEG,,,,0.0,,
2025-05-12T00:00:00,False,2025-05-15,,,,,,,NOSIM,,,,0.0,,
2025-05-13T00:00:00,False,2025-05-15,75.0,2.0,24864.05,243.75,24000.0,26000.0,EOD,76.0,-180.0,645.56,-825.56,False,0.0009
2025-05-14T00:00:00,False,2025-05-15,75.0,1.0,24613.80078125,1560.0,24000.0,25000.0,EOD,75.0,945.0,648.91,296.09,True,-0.0527
2025-05-15T00:00:00,False,2025-05-15,75.0,0.5,24694.44921875,10106.25,25050.0,25100.0,TRAIL,64.0,9004.99,747.4,8257.59,True,0.074
2025-05-16T00:00:00,False,2025-05-22,75.0,6.0,25064.650390625,4770.0,25000.0,26000.0,EOD,75.0,382.5,689.88,-307.38,False,0.0909
2025-05-19T00:00:00,False,2025-05-22,75.0,3.0,25005.35,82.5,24000.0,26000.0,STOP,42.0,-118.48,643.74,-762.22,False,-0.0017
2025-05-20T00:00:00,False,2025-05-22,75.0,2.0,24996.19921875,4233.75,24000.0,25000.0,EOD,75.0,2790.0,676.56,2113.44,True,-0.1553
2025-05-21T00:00:00,False,2025-05-22,75.0,1.0,24744.25,71.25,24000.0,25500.0,STOP,13.0,-124.93,641.44,-766.37,False,-0.0034
2025-05-22T00:00:00,False,2025-05-22,75.0,0.5,24733.94921875,6630.0,24600.0,24600.0,TRAIL,69.0,5316.68,698.59,4618.09,True,-0.0836
2025-05-23T00:00:00,False,2025-05-29,75.0,6.0,24639.5,420.0,24000.0,26000.0,EOD,75.0,-146.25,647.76,-794.01,False,0.021
2025-05-26T00:00:00,False,2025-05-29,75.0,3.0,24919.349609375,378.75,24000.0,26000.0,EOD,76.0,-48.75,643.88,-692.63,False,0.0103
2025-05-27T00:00:00,False,2025-05-29,75.0,2.0,24956.650390625,270.0,24000.0,26000.0,EOD,75.0,-11.25,643.14,-654.39,False,0.0016
2025-05-28T00:00:00,False,2025-05-29,75.0,1.0,24832.5,232.5,24000.0,26000.0,EOD,75.0,127.5,640.6,-513.1,False,0.0096
2025-05-29T00:00:00,False,2025-05-29,75.0,0.5,24825.099609375,7950.0,24800.0,24850.0,TRAIL,64.0,6743.35,677.73,6065.62,True,-0.0445
2025-05-30T00:00:00,False,2025-06-05,,,,,,,NOLEG,,,,0.0,,
2025-06-02T00:00:00,False,2025-06-05,75.0,3.0,24669.7,630.0,24000.0,26000.0,EOD,76.0,-150.0,645.01,-795.01,False,0.0284
2025-06-03T00:00:00,False,2025-06-05,75.0,2.0,24786.30078125,521.25,24000.0,25500.0,EOD,75.0,41.25,647.25,-606.0,False,-0.0021
2025-06-04T00:00:00,False,2025-06-05,75.0,1.0,24560.44921875,405.0,24000.0,25500.0,EOD,75.0,311.25,642.14,-330.89,False,0.0225
2025-06-05T00:00:00,False,2025-06-05,75.0,0.5,24691.19921875,6843.75,24700.0,24750.0,TRAIL,64.0,5717.51,671.7,5045.81,True,0.0315
2025-06-06T00:00:00,False,2025-06-12,75.0,6.0,24748.69921875,378.75,24000.0,26000.0,EOD,75.0,161.25,644.58,-483.33,False,0.015
2025-06-09T00:00:00,False,2025-06-12,75.0,3.0,25160.099609375,172.5,24000.0,26000.0,EOD,75.0,60.0,641.4,-581.4,False,0.001
2025-06-10T00:00:00,False,2025-06-12,75.0,2.0,25196.05078125,108.75,24000.0,26000.0,EOD,75.0,41.25,640.29,-599.04,False,0.0006
2025-06-11T00:00:00,False,2025-06-12,75.0,1.0,25134.150390625,153.75,24500.0,26000.0,EOD,75.0,86.25,640.49,-554.24,False,0.0121
2025-06-12T00:00:00,False,2025-06-12,75.0,0.5,25164.44921875,11126.25,24850.0,24900.0,TRAIL,65.0,9754.87,703.88,9050.99,True,-0.0437
2025-06-13T00:00:00,False,2025-06-19,,,,,,,NOLEG,,,,0.0,,
2025-06-16T00:00:00,False,2025-06-19,,,,,,,NOLEG,,,,0.0,,
2025-06-17T00:00:00,False,2025-06-19,75.0,2.0,24977.849609375,172.5,24000.0,26000.0,EOD,75.0,22.5,642.07,-619.57,False,0.0064
2025-06-18T00:00:00,False,2025-06-19,75.0,1.0,24788.349609375,1920.0,24000.0,25000.0,EOD,75.0,806.25,648.78,157.47,True,-0.1112
2025-06-19T00:00:00,False,2025-06-19,75.0,0.5,24803.25,4282.5,24800.0,24800.0,TRAIL,64.0,3502.34,667.64,2834.7,True,-0.0123
2025-06-20T00:00:00,False,2025-06-26,75.0,6.0,24787.650390625,7680.0,25000.0,26000.0,EOD,75.0,4736.25,727.58,4008.67,True,0.1139
2025-06-23T00:00:00,False,2025-06-26,75.0,3.0,24939.75,112.5,24000.0,26000.0,EOD,75.0,-63.75,644.79,-708.54,False,0.0038
2025-06-24T00:00:00,False,2025-06-26,,,,,,,NOSIM,,,,0.0,,
2025-06-25T00:00:00,False,2025-06-26,75.0,1.0,25150.349609375,4158.75,25200.0,26000.0,EOD,75.0,2126.25,665.08,1461.17,True,0.2653
2025-06-26T00:00:00,False,2025-06-26,75.0,0.5,25268.94921875,9641.25,25500.0,25550.0,TRAIL,64.0,8048.89,695.76,7353.13,True,0.237
2025-06-27T00:00:00,False,2025-07-03,75.0,6.0,25576.650390625,787.5,25000.0,26500.0,EOD,75.0,337.5,649.51,-312.01,False,0.0295
2025-06-30T00:00:00,False,2025-07-03,,,,,,,NOLEG,,,,0.0,,
2025-07-01T00:00:00,False,2025-07-03,75.0,2.0,25551.349609375,4638.75,25500.0,26000.0,EOD,75.0,1481.25,668.72,812.53,True,0.1237
2025-07-02T00:00:00,False,2025-07-03,75.0,1.0,25588.30078125,243.75,25000.0,26000.0,EOD,75.0,78.75,640.78,-562.03,False,-0.0218
2025-07-03T00:00:00,False,2025-07-03,75.0,0.5,25505.099609375,4293.75,25400.0,25500.0,TRAIL,64.0,3781.24,656.94,3124.3,True,-0.1286
2025-07-04T00:00:00,False,2025-07-10,75.0,6.0,25428.849609375,941.25,25000.0,26500.0,EOD,75.0,270.0,647.92,-377.92,False,0.0444
2025-07-07T00:00:00,False,2025-07-10,75.0,3.0,25450.44921875,888.75,25000.0,26000.0,EOD,75.0,150.0,647.0,-497.0,False,0.0011
2025-07-08T00:00:00,False,2025-07-10,75.0,2.0,25427.849609375,2925.0,25400.0,26000.0,EOD,75.0,1113.75,663.07,450.68,True,0.1611
2025-07-09T00:00:00,False,2025-07-10,75.0,1.0,25514.599609375,1076.25,25400.0,26000.0,EOD,75.0,-480.0,648.58,-1128.58,False,0.1037
2025-07-10T00:00:00,False,2025-07-10,75.0,0.5,25511.650390625,6532.5,25350.0,25400.0,TRAIL,69.0,5760.64,668.11,5092.53,True,-0.3725
2025-07-11T00:00:00,False,2025-07-17,75.0,6.0,25255.5,2400.0,24000.0,25500.0,EOD,75.0,1196.25,656.12,540.13,True,-0.1061
2025-07-14T00:00:00,False,2025-07-17,75.0,3.0,25149.5,3266.25,25000.0,25500.0,EOD,75.0,457.5,659.98,-202.48,False,0.0709
2025-07-15T00:00:00,False,2025-07-17,75.0,2.0,25089.5,2538.75,25000.0,26000.0,EOD,75.0,1773.75,651.97,1121.78,True,0.1793
2025-07-16T00:00:00,False,2025-07-17,75.0,1.0,25196.599609375,1263.75,25000.0,25500.0,EOD,75.0,596.25,644.81,-48.56,False,0.0232
2025-07-17T00:00:00,False,2025-07-17,75.0,0.5,25230.75,3716.25,25100.0,25200.0,TRAIL,64.0,3299.54,653.89,2645.65,True,-0.2848
2025-07-18T00:00:00,False,2025-07-24,75.0,6.0,25108.55078125,97.5,24000.0,26000.0,EOD,75.0,-41.25,640.58,-681.83,False,-0.0055
2025-07-21T00:00:00,False,2025-07-24,75.0,3.0,24999.0,165.0,24000.0,26000.0,EOD,75.0,101.25,640.37,-539.12,False,0.0061
2025-07-22T00:00:00,False,2025-07-24,75.0,2.0,25166.650390625,6138.75,25000.0,25100.0,EOD,75.0,1170.0,674.89,495.11,True,-0.16
2025-07-23T00:00:00,False,2025-07-24,75.0,1.0,25139.349609375,2073.75,25100.0,25500.0,EOD,75.0,1267.5,651.5,616.0,True,0.1969
2025-07-24T00:00:00,False,2025-07-24,75.0,0.5,25243.30078125,8546.25,25050.0,25100.0,TRAIL,66.0,7241.35,672.05,6569.3,True,-0.3515
2025-07-25T00:00:00,False,2025-07-31,75.0,6.0,25010.349609375,5460.0,24000.0,25000.0,EOD,75.0,3048.75,677.4,2371.35,True,-0.1679
2025-07-28T00:00:00,False,2025-07-31,75.0,3.0,24782.44921875,2486.25,24000.0,25000.0,EOD,75.0,1335.0,653.35,681.65,True,-0.1147
2025-07-29T00:00:00,False,2025-07-31,75.0,2.0,24609.650390625,952.5,24000.0,25000.0,EOD,75.0,-386.25,646.91,-1033.16,False,-0.044
2025-07-30T00:00:00,False,2025-07-31,75.0,1.0,24890.400390625,3660.0,24800.0,25000.0,EOD,75.0,1012.5,656.0,356.5,True,0.045
2025-07-31T00:00:00,False,2025-07-31,75.0,0.5,24642.25,4023.75,24750.0,24800.0,TRAIL,64.0,9147.73,666.77,8480.96,True,0.4631
2025-08-01T00:00:00,False,2025-08-07,75.0,6.0,24734.900390625,3011.25,24200.0,25000.0,EOD,75.0,810.0,661.18,148.82,True,-0.0701
2025-08-04T00:00:00,False,2025-08-07,75.0,3.0,24596.05078125,1170.0,23500.0,25000.0,EOD,75.0,-127.5,646.62,-774.12,False,-0.0648
2025-08-05T00:00:00,False,2025-08-07,75.0,2.0,24720.25,1267.5,24000.0,25000.0,EOD,75.0,772.5,646.16,126.34,True,-0.078
2025-08-06T00:00:00,False,2025-08-07,75.0,1.0,24641.349609375,465.0,24000.0,25000.0,EOD,75.0,258.75,641.35,-382.6,False,-0.0362
2025-08-07T00:00:00,False,2025-08-07,75.0,0.5,24464.19921875,5662.5,24550.0,24600.0,TRAIL,73.0,4607.62,664.74,3942.88,True,0.4591
2025-08-08T00:00:00,False,2025-08-14,,,,,,,NOLEG,,,,0.0,,
2025-08-11T00:00:00,False,2025-08-14,75.0,3.0,24371.5,213.75,23500.0,25000.0,STOP,70.0,-314.05,642.61,-956.66,False,-0.0149
2025-08-12T00:00:00,False,2025-08-14,75.0,2.0,24563.349609375,510.0,24000.0,25000.0,EOD,76.0,262.5,642.25,-379.75,False,-0.014
2025-08-13T00:00:00,False,2025-08-14,75.0,1.0,24586.19921875,3963.75,24600.0,25000.0,EOD,76.0,1758.75,660.58,1098.17,True,0.2422
2025-08-14T00:00:00,False,2025-08-14,75.0,0.5,24607.25,5471.25,24600.0,24650.0,TRAIL,64.0,4517.7,656.72,3860.98,True,0.0598
2025-08-18T00:00:00,False,2025-08-21,75.0,3.0,24938.19921875,2268.75,24000.0,25000.0,EOD,75.0,-1166.25,662.85,-1829.1,False,-0.1385
2025-08-19T00:00:00,False,2025-08-21,75.0,2.0,24891.349609375,7545.0,24900.0,25000.0,EOD,75.0,1770.0,678.8,1091.2,True,0.0638
2025-08-20T00:00:00,False,2025-08-21,75.0,1.0,24965.80078125,3975.0,25000.0,25500.0,EOD,75.0,2148.75,657.17,1491.58,True,0.3187
2025-08-21T00:00:00,False,2025-08-21,75.0,0.5,25142.0,5160.0,25050.0,25100.0,TRAIL,67.0,4239.55,654.66,3584.89,True,-0.4263
2025-08-22T00:00:00,False,2025-08-28,75.0,6.0,25064.150390625,7815.0,24000.0,25000.0,EOD,75.0,4860.0,683.17,4176.83,True,-0.1818
2025-08-25T00:00:00,False,2025-08-28,75.0,3.0,24949.15,8550.0,25000.0,25000.0,EOD,76.0,1076.25,696.52,379.73,True,-0.0031
2025-08-26T00:00:00,False,2025-08-28,75.0,2.0,24899.5,2332.5,24000.0,25000.0,EOD,75.0,1751.25,650.88,1100.37,True,-0.1784
2025-08-28T00:00:00,False,2025-08-28,75.0,0.5,24695.80078125,7571.25,24500.0,24500.0,TRAIL,64.0,6200.1,692.64,5507.46,True,-0.2513
2025-08-29T00:00:00,False,2025-09-02,75.0,4.0,24466.69921875,371.25,23500.0,25000.0,EOD,75.0,221.25,641.54,-420.29,False,-0.0227
2025-09-01T00:00:00,False,2025-09-02,75.0,1.0,24432.69921875,4151.25,24500.0,25000.0,TRAIL,69.0,3411.87,662.43,2749.44,True,0.343
2025-09-02T00:00:00,False,2025-09-02,75.0,0.5,24653.0,5411.25,24550.0,24600.0,TRAIL,64.0,4759.77,657.07,4102.7,True,-0.3048
2025-09-03T00:00:00,False,2025-09-09,75.0,6.0,24616.5,3480.0,24500.0,25000.0,EOD,75.0,866.25,666.59,199.66,True,0.0663
2025-09-04T00:00:00,False,2025-09-09,75.0,5.0,24980.75,2265.0,24500.0,25000.0,EOD,76.0,127.5,663.45,-535.95,False,-0.1429
2025-09-05T00:00:00,False,2025-09-09,75.0,4.0,24818.849609375,1282.5,24000.0,25000.0,EOD,75.0,337.5,645.44,-307.94,False,-0.1212
2025-09-08T00:00:00,False,2025-09-09,75.0,1.0,24802.599609375,1218.75,24500.0,25000.0,EOD,75.0,517.5,645.21,-127.71,False,-0.0442
2025-09-09T00:00:00,False,2025-09-09,75.0,0.5,24864.099609375,4260.0,24850.0,24900.0,TRAIL,64.0,3539.78,653.35,2886.43,True,0.0224
2025-09-10T00:00:00,False,2025-09-16,75.0,6.0,24991.0,63.75,24000.0,26000.0,EOD,75.0,-26.25,640.18,-666.43,False,0.002
2025-09-11T00:00:00,False,2025-09-16,75.0,5.0,24945.5,2726.25,25000.0,26000.0,EOD,75.0,-277.5,663.23,-940.73,False,0.2984
2025-09-12T00:00:00,False,2025-09-16,75.0,4.0,25074.44921875,2628.75,25000.0,26000.0,EOD,75.0,1327.5,651.3,676.2,True,0.2022
2025-09-15T00:00:00,False,2025-09-16,75.0,1.0,25118.900390625,5497.5,25000.0,25100.0,EOD,75.0,1725.0,664.24,1060.76,True,-0.1475
2025-09-16T00:00:00,False,2025-09-16,75.0,0.5,25073.599609375,6772.5,25200.0,25250.0,TRAIL,71.0,5485.79,663.79,4822.0,True,0.5324
2025-09-17T00:00:00,False,2025-09-23,75.0,6.0,25276.599609375,2685.0,25200.0,26000.0,EOD,75.0,937.5,659.47,278.03,True,0.1507
2025-09-18T00:00:00,False,2025-09-23,75.0,5.0,25441.05078125,116.25,25000.0,26000.0,STOP,59.0,-169.97,643.08,-813.05,False,0.0003
2025-09-19T00:00:00,False,2025-09-23,75.0,4.0,25410.19921875,1083.75,25300.0,26000.0,STOP,25.0,-1555.93,646.05,-2201.98,False,0.1342
2025-09-22T00:00:00,False,2025-09-23,75.0,1.0,25238.099609375,2148.75,25200.0,25500.0,EOD,75.0,-146.25,647.93,-794.18,False,0.1604
2025-09-23T00:00:00,False,2025-09-23,75.0,0.5,25209.0,4687.5,25150.0,25200.0,TRAIL,65.0,3755.24,654.4,3100.84,True,-0.1503
2025-09-24T00:00:00,False,2025-09-30,75.0,6.0,25108.75,1766.25,25000.0,26000.0,EOD,75.0,-810.0,652.29,-1462.29,False,0.1332
2025-09-25T00:00:00,False,2025-09-30,75.0,5.0,25034.5,67.5,24000.0,26000.0,EOD,75.0,0.0,640.18,-640.18,False,-0.0016
2025-09-26T00:00:00,False,2025-09-30,75.0,4.0,24818.55078125,3735.0,24500.0,25000.0,EOD,75.0,1931.25,655.31,1275.94,True,-0.1333
2025-09-29T00:00:00,False,2025-09-30,75.0,1.0,24728.55078125,427.5,24000.0,25000.0,EOD,75.0,281.25,643.1,-361.85,False,-0.0446
2025-09-30T00:00:00,False,2025-09-30,75.0,0.5,24691.94921875,5088.75,24600.0,24650.0,TRAIL,64.0,4462.25,657.81,3804.44,True,-0.265
2025-10-01T00:00:00,False,2025-10-07,75.0,6.0,24620.55078125,6191.25,24700.0,25000.0,EOD,75.0,2557.5,679.74,1877.76,True,0.1757
2025-10-03T00:00:00,False,2025-10-07,75.0,4.0,24759.55078125,33.75,24000.0,26000.0,EOD,75.0,-11.25,639.99,-651.24,False,0.0049
2025-10-06T00:00:00,False,2025-10-07,75.0,1.0,24916.55,5550.0,25000.0,25200.0,EOD,75.0,3813.75,664.99,3148.76,True,0.3263
2025-10-07T00:00:00,False,2025-10-07,75.0,0.5,25085.3,4132.5,25100.0,25150.0,TRAIL,65.0,3466.97,651.59,2815.38,True,0.1732
2025-10-08T00:00:00,False,2025-10-14,75.0,6.0,25079.75,1946.25,25000.0,26000.0,EOD,75.0,-1211.25,651.74,-1862.99,False,0.1701
2025-10-09T00:00:00,False,2025-10-14,75.0,5.0,25074.3,2460.0,25000.0,26000.0,EOD,75.0,1455.0,655.35,799.65,True,0.1689
2025-10-10T00:00:00,False,2025-10-14,75.0,4.0,25167.65,4368.75,25200.0,26000.0,TRAIL,64.0,3498.08,658.18,2839.9,True,0.3133
2025-10-13T00:00:00,False,2025-10-14,75.0,1.0,25177.3,4053.75,25200.0,25300.0,EOD,75.0,108.75,659.48,-550.73,False,0.217
2025-10-14T00:00:00,False,2025-10-14,75.0,0.5,25277.55,8223.75,25150.0,25150.0,TRAIL,72.0,6804.3,669.54,6134.76,True,-0.3751
2025-10-15T00:00:00,False,2025-10-20,75.0,5.0,25181.95,4290.0,25300.0,26000.0,EOD,75.0,1687.5,688.26,999.24,True,0.2041
2025-10-16T00:00:00,False,2025-10-20,75.0,4.0,25394.9,105.0,24500.0,26000.0,STOP,59.0,-167.6,640.67,-808.27,False,-0.0026
2025-10-17T00:00:00,False,2025-10-20,75.0,3.0,25546.85,2531.25,25500.0,26000.0,EOD,75.0,1327.5,655.36,672.14,True,0.1844
2025-10-20T00:00:00,False,2025-10-20,75.0,0.5,25824.6,6326.25,25800.0,25850.0,TRAIL,64.0,5338.2,664.36,4673.84,True,-0.0065
2025-10-23T00:00:00,False,2025-10-28,,,,,,,NOSIM,,,,0.0,,
2025-10-24T00:00:00,False,2025-10-28,75.0,4.0,25935.1,318.75,25500.0,26500.0,STOP,53.0,-484.21,643.7,-1127.91,False,-0.0032
2025-10-27T00:00:00,False,2025-10-28,75.0,1.0,25843.2,4500.0,25900.0,26500.0,EOD,75.0,2887.5,666.47,2221.03,True,0.2734
2025-10-28T00:00:00,False,2025-10-28,75.0,0.5,25939.95,6585.0,25900.0,25950.0,TRAIL,70.0,5863.58,669.19,5194.39,True,-0.001
2025-10-29T00:00:00,False,2025-11-04,75.0,6.0,25982.0,4657.5,26000.0,27000.0,EOD,75.0,1552.5,680.05,872.45,True,0.1496
2025-10-30T00:00:00,False,2025-11-04,75.0,5.0,25984.4,101.25,25000.0,27000.0,EOD,75.0,3.75,640.88,-637.13,False,-0.0038
2025-10-31T00:00:00,False,2025-11-04,75.0,4.0,25863.8,78.75,25000.0,27000.0,EOD,76.0,-18.75,640.31,-659.06,False,0.0019
2025-11-03T00:00:00,False,2025-11-04,75.0,1.0,25696.85,4440.0,25700.0,26000.0,EOD,75.0,1687.5,659.58,1027.92,True,0.2154
2025-11-04T00:00:00,False,2025-11-04,75.0,0.5,25744.75,9288.75,25600.0,25600.0,TRAIL,64.0,7432.85,687.15,6745.7,True,-0.0869
2025-11-06T00:00:00,False,2025-11-11,75.0,5.0,25593.35,1128.75,25000.0,26000.0,EOD,75.0,630.0,648.57,-18.57,False,-0.0385
2025-11-07T00:00:00,False,2025-11-11,75.0,4.0,25433.8,1807.5,25300.0,26000.0,EOD,76.0,592.5,648.54,-56.04,False,0.1284
2025-11-10T00:00:00,False,2025-11-11,75.0,1.0,25503.5,5253.75,25500.0,25700.0,EOD,75.0,2512.5,661.24,1851.26,True,0.1595
2025-11-11T00:00:00,False,2025-11-11,75.0,0.5,25617.0,5021.25,25650.0,25700.0,TRAIL,64.0,4195.79,653.57,3542.22,True,0.271
2025-11-12T00:00:00,False,2025-11-18,75.0,6.0,25834.3,7353.75,25800.0,26000.0,EOD,75.0,806.25,693.19,113.06,True,0.0181
2025-11-13T00:00:00,False,2025-11-18,75.0,5.0,25906.1,116.25,25000.0,27000.0,EOD,75.0,-67.5,641.33,-708.83,False,0.0046
2025-11-14T00:00:00,False,2025-11-18,,,,,,,NOSIM,,,,0.0,,
2025-11-17T00:00:00,False,2025-11-18,75.0,1.0,25948.2,6723.75,25900.0,26000.0,EOD,75.0,1256.25,674.96,581.29,True,0.0091
2025-11-18T00:00:00,False,2025-11-18,75.0,0.5,26021.8,6600.0,25900.0,25950.0,TRAIL,66.0,5391.2,665.46,4725.74,True,-0.222
2025-11-19T00:00:00,False,2025-11-25,75.0,6.0,25918.1,9367.5,26000.0,26000.0,EOD,76.0,-52.5,723.71,-776.21,False,0.0283
2025-11-20T00:00:00,False,2025-11-25,75.0,5.0,26132.1,4095.0,26000.0,26500.0,EOD,75.0,1128.75,668.13,460.62,True,0.0503
2025-11-21T00:00:00,False,2025-11-25,75.0,4.0,26109.55,1920.0,26000.0,27000.0,EOD,75.0,-993.75,653.51,-1647.26,False,0.1412
2025-11-24T00:00:00,False,2025-11-25,75.0,1.0,26122.8,7110.0,26000.0,26100.0,EOD,75.0,1620.0,676.03,943.97,True,-0.1021
2025-11-25T00:00:00,False,2025-11-25,75.0,0.5,25998.5,7237.5,25850.0,25900.0,TRAIL,68.0,6112.34,673.38,5438.96,True,-0.1664
2025-11-26T00:00:00,False,2025-12-02,75.0,6.0,25842.95,6877.5,26000.0,26500.0,EOD,76.0,3487.5,688.86,2798.64,True,0.2359
2025-11-27T00:00:00,False,2025-12-02,75.0,5.0,26261.25,2696.25,26000.0,26500.0,EOD,75.0,258.75,659.78,-401.03,False,-0.0085
2025-11-28T00:00:00,False,2025-12-02,75.0,4.0,26237.45,2212.5,26000.0,26500.0,EOD,76.0,645.0,650.88,-5.88,False,-0.0052
2025-12-01T00:00:00,False,2025-12-02,75.0,1.0,26325.8,4233.75,26000.0,26300.0,EOD,75.0,2152.5,661.41,1491.09,True,-0.2333
2025-12-02T00:00:00,False,2025-12-02,75.0,0.5,26087.95,7646.25,26000.0,26050.0,TRAIL,64.0,6469.44,668.15,5801.29,True,-0.0896
2025-12-03T00:00:00,False,2025-12-09,75.0,6.0,26004.9,645.0,25500.0,27000.0,EOD,75.0,292.5,641.75,-349.25,False,0.0463
2025-12-04T00:00:00,False,2025-12-09,75.0,5.0,25981.85,4173.75,26000.0,27000.0,EOD,75.0,1087.5,665.55,421.95,True,0.2187
2025-12-05T00:00:00,False,2025-12-09,75.0,4.0,25999.8,3671.25,26000.0,26500.0,EOD,75.0,2478.75,657.82,1820.93,True,0.23
2025-12-08T00:00:00,False,2025-12-09,75.0,1.0,26159.8,4252.5,25900.0,26200.0,EOD,75.0,1676.25,656.6,1019.65,True,-0.2096
2025-12-09T00:00:00,False,2025-12-09,75.0,0.5,25867.1,6108.75,25800.0,25850.0,TRAIL,64.0,5030.97,662.23,4368.74,True,-0.0797
2025-12-10T00:00:00,False,2025-12-16,75.0,6.0,25864.05,3547.5,25500.0,26000.0,EOD,75.0,240.0,666.01,-426.01,False,-0.0962
2025-12-11T00:00:00,False,2025-12-16,75.0,5.0,25771.4,1728.75,25000.0,26000.0,EOD,75.0,-1462.5,653.1,-2115.6,False,-0.095
2025-12-12T00:00:00,False,2025-12-16,75.0,4.0,25971.2,3495.0,26000.0,26500.0,EOD,75.0,836.25,665.57,170.68,True,0.2158
2025-12-15T00:00:00,False,2025-12-16,75.0,1.0,25930.05,2771.25,25900.0,26200.0,EOD,76.0,1256.25,651.85,604.4,True,0.1916
2025-12-16T00:00:00,False,2025-12-16,75.0,0.5,25951.5,6787.5,25850.0,25900.0,TRAIL,64.0,5828.64,666.86,5161.78,True,-0.1695
2025-12-17T00:00:00,False,2025-12-23,75.0,6.0,25902.4,3907.5,25000.0,26000.0,EOD,76.0,1286.25,661.95,624.3,True,-0.1595
2025-12-18T00:00:00,False,2025-12-23,75.0,5.0,25764.7,2868.75,25500.0,26000.0,EOD,75.0,438.75,654.79,-216.04,False,-0.0534
2025-12-19T00:00:00,False,2025-12-23,75.0,4.0,25911.5,6281.25,25900.0,26000.0,EOD,75.0,577.5,673.22,-95.72,False,0.0096
2025-12-22T00:00:00,False,2025-12-23,75.0,1.0,26055.85,5775.0,26100.0,26200.0,EOD,75.0,1916.25,663.65,1252.6,True,0.2129
2025-12-23T00:00:00,False,2025-12-23,75.0,0.5,26205.2,5156.25,26150.0,26200.0,TRAIL,64.0,4137.03,654.36,3482.67,True,-0.1555
2025-12-24T00:00:00,False,2025-12-30,75.0,6.0,26170.65,6746.25,26000.0,26200.0,EOD,75.0,1597.5,678.83,918.67,True,-0.0675
2025-12-26T00:00:00,False,2025-12-30,75.0,4.0,26121.25,4942.5,26000.0,26200.0,EOD,75.0,1462.5,658.83,803.67,True,-0.0412
2025-12-29T00:00:00,False,2025-12-30,75.0,1.0,26063.35,3517.5,25900.0,26100.0,EOD,75.0,1263.75,652.63,611.12,True,-0.1549
2025-12-30T00:00:00,False,2025-12-30,65.0,0.5,25940.9,4491.5,25900.0,25950.0,TRAIL,64.0,3957.44,591.55,3365.89,True,-0.0735
2025-12-31T00:00:00,False,2026-01-06,65.0,6.0,25971.05,3529.5,26000.0,26400.0,EOD,75.0,1095.25,602.19,493.06,True,0.2033
2026-01-01T00:00:00,False,2026-01-06,65.0,5.0,26173.3,4595.5,26000.0,26200.0,EOD,75.0,373.75,604.4,-230.65,False,-0.0719
2026-01-02T00:00:00,False,2026-01-06,65.0,4.0,26155.1,858.0,26000.0,27000.0,EOD,76.0,640.25,583.25,57.0,True,0.1187
2026-01-05T00:00:00,False,2026-01-06,65.0,1.0,26333.7,5057.0,26000.0,26300.0,EOD,76.0,3649.75,597.28,3052.47,True,-0.3082
2026-01-06T00:00:00,False,2026-01-06,65.0,0.5,26189.7,3692.0,26150.0,26200.0,TRAIL,64.0,3070.85,591.06,2479.79,True,-0.0953
2026-01-07T00:00:00,False,2026-01-13,65.0,6.0,26143.1,747.5,25500.0,26500.0,EOD,75.0,318.5,583.18,-264.68,False,-0.057
2026-01-08T00:00:00,False,2026-01-13,65.0,5.0,26106.5,2739.75,25500.0,26200.0,EOD,75.0,1852.5,593.61,1258.89,True,-0.1707
2026-01-09T00:00:00,False,2026-01-13,65.0,4.0,25840.4,2470.0,25500.0,26000.0,EOD,75.0,991.25,591.23,400.02,True,-0.1153
2026-01-12T00:00:00,False,2026-01-13,65.0,1.0,25669.05,1088.75,25500.0,26000.0,STOP,28.0,-1747.72,588.23,-2335.95,False,0.0574
2026-01-13T00:00:00,False,2026-01-13,65.0,0.5,25897.35,7244.25,25700.0,25750.0,TRAIL,64.0,10175.52,609.37,9566.15,True,-0.3671
2026-01-14T00:00:00,False,2026-01-20,65.0,6.0,25648.55,1300.0,24500.0,26000.0,EOD,75.0,221.0,589.08,-368.08,False,-0.0724
2026-01-16T00:00:00,False,2026-01-20,65.0,4.0,25696.05,2340.0,25500.0,26000.0,EOD,76.0,344.5,594.38,-249.88,False,0.0306
2026-01-19T00:00:00,False,2026-01-20,65.0,1.0,25653.1,3103.75,25500.0,25800.0,EOD,75.0,955.5,594.94,360.56,True,0.004
2026-01-20T00:00:00,False,2026-01-20,65.0,0.5,25580.3,9015.5,25200.0,25250.0,TRAIL,72.0,8586.83,653.6,7933.23,True,-0.0932
2026-01-21T00:00:00,False,2026-01-27,65.0,6.0,25141.0,1274.0,25000.0,26000.0,EOD,75.0,-1049.75,598.98,-1648.73,False,0.092
2026-01-22T00:00:00,False,2026-01-27,65.0,5.0,25344.15,1742.0,25000.0,26000.0,EOD,76.0,744.25,593.08,151.17,True,0.064
2026-01-23T00:00:00,False,2026-01-27,65.0,4.0,25344.6,2362.75,24000.0,25500.0,TRAIL,66.0,1896.64,592.66,1303.98,True,-0.144
2026-01-27T00:00:00,False,2026-01-27,65.0,0.5,25063.35,6903.0,25150.0,25200.0,TRAIL,68.0,5531.68,615.69,4915.99,True,0.1276
2026-01-28T00:00:00,False,2026-02-03,,,,,,,NOLEG,,,,0.0,,
2026-01-29T00:00:00,False,2026-02-03,,,,,,,NOLEG,,,,0.0,,
2026-01-30T00:00:00,False,2026-02-03,65.0,4.0,25247.55,750.75,24000.0,26000.0,EOD,75.0,0.0,585.23,-585.23,False,-0.0215
2026-02-02T00:00:00,False,2026-02-03,65.0,1.0,24796.5,81.25,24000.0,26000.0,STOP,26.0,-127.36,583.27,-710.63,False,0.0126
2026-02-03T00:00:00,False,2026-02-03,65.0,0.5,26308.05,14664.0,25700.0,25750.0,TRAIL,64.0,11946.24,705.91,11240.33,True,0.1068
2026-02-04T00:00:00,False,2026-02-10,65.0,6.0,25675.05,334.75,25000.0,27000.0,EOD,75.0,3.25,587.83,-584.58,False,0.0224
2026-02-05T00:00:00,False,2026-02-10,65.0,5.0,25755.9,325.0,25000.0,27000.0,EOD,75.0,152.75,584.24,-431.49,False,0.0137
2026-02-06T00:00:00,False,2026-02-10,65.0,4.0,25605.8,2031.25,25500.0,27000.0,EOD,75.0,669.5,596.98,72.52,True,0.1373
2026-02-09T00:00:00,False,2026-02-10,65.0,1.0,25888.7,4387.5,25800.0,26000.0,EOD,75.0,1667.25,606.77,1060.48,True,0.0254
2026-02-10T00:00:00,False,2026-02-10,65.0,0.5,25922.65,5622.5,25900.0,25950.0,TRAIL,64.0,4515.66,600.7,3914.96,True,-0.0085
2026-02-11T00:00:00,False,2026-02-17,65.0,6.0,25997.45,4111.25,24500.0,26000.0,EOD,75.0,396.5,607.45,-210.95,False,-0.1857
2026-02-12T00:00:00,False,2026-02-17,65.0,5.0,25906.7,3337.75,24500.0,26000.0,EOD,75.0,1569.75,600.41,969.34,True,-0.1557
2026-02-13T00:00:00,False,2026-02-17,65.0,4.0,25571.15,819.0,25000.0,26000.0,EOD,75.0,178.75,587.1,-408.35,False,-0.0398
2026-02-16T00:00:00,False,2026-02-17,65.0,1.0,25423.6,1280.5,25500.0,26000.0,EOD,75.0,221.0,610.33,-389.33,False,0.257
2026-02-17T00:00:00,False,2026-02-17,65.0,0.5,25637.95,4956.25,25700.0,25750.0,TRAIL,64.0,4118.83,603.82,3515.01,True,0.1655
2026-02-18T00:00:00,False,2026-02-24,65.0,6.0,25752.65,32.5,24000.0,27000.0,STOP,69.0,-45.61,580.43,-626.04,False,-0.0025
2026-02-19T00:00:00,False,2026-02-24,65.0,5.0,25873.35,16.25,25000.0,27000.0,STOP,3.0,-29.94,582.12,-612.06,False,0.0029
2026-02-20T00:00:00,False,2026-02-24,65.0,4.0,25406.55,533.0,25000.0,27000.0,EOD,75.0,143.0,588.62,-445.62,False,0.0465
2026-02-23T00:00:00,False,2026-02-24,65.0,1.0,25678.4,1930.5,25500.0,26000.0,EOD,75.0,728.0,597.03,130.97,True,0.0644
2026-02-24T00:00:00,False,2026-02-24,65.0,0.5,25641.8,5931.25,25400.0,25450.0,TRAIL,64.0,6533.67,626.6,5907.07,True,-0.274
2026-02-25T00:00:00,False,2026-03-02,65.0,5.0,25512.6,6584.5,25500.0,25600.0,EOD,76.0,-195.0,650.61,-845.61,False,-0.0183
2026-02-26T00:00:00,False,2026-03-02,65.0,4.0,25556.3,565.5,24000.0,26000.0,EOD,75.0,256.75,583.99,-327.24,False,-0.0464
2026-02-27T00:00:00,False,2026-03-02,65.0,3.0,25459.85,221.0,25000.0,26000.0,STOP,13.0,-369.02,584.39,-953.41,False,0.0114
2026-03-02T00:00:00,False,2026-03-02,65.0,0.5,24659.25,5128.5,24850.0,24900.0,TRAIL,65.0,4132.82,622.68,3510.14,True,0.2693
2026-03-04T00:00:00,False,2026-03-10,,,,,,,NOLEG,,,,0.0,,
2026-03-05T00:00:00,False,2026-03-10,,,,,,,NOLEG,,,,0.0,,
2026-03-06T00:00:00,False,2026-03-10,,,,,,,NOLEG,,,,0.0,,
2026-03-09T00:00:00,False,2026-03-10,65.0,1.0,23868.05,406.25,23000.0,25000.0,EOD,75.0,-68.25,590.26,-658.51,False,0.0178
2026-03-10T00:00:00,False,2026-03-10,65.0,0.5,24280.8,4605.25,24250.0,24300.0,TRAIL,64.0,3780.72,629.28,3151.44,True,-0.0854
2026-03-11T00:00:00,False,2026-03-17,65.0,6.0,24231.85,370.5,23000.0,26000.0,STOP,62.0,-529.36,587.26,-1116.62,False,0.012
2026-03-12T00:00:00,False,2026-03-17,,,,,,,NOLEG,,,,0.0,,
2026-03-13T00:00:00,False,2026-03-17,65.0,4.0,23462.5,104.0,21500.0,25000.0,EOD,75.0,-52.0,582.08,-634.08,False,0.0021
2026-03-16T00:00:00,False,2026-03-17,65.0,1.0,23116.1,562.25,22000.0,24000.0,EOD,75.0,201.5,585.26,-383.76,False,-0.0158
2026-03-17T00:00:00,False,2026-03-17,65.0,0.5,23493.2,13568.75,23550.0,23600.0,TRAIL,64.0,11330.39,632.57,10697.82,True,0.0258
2026-03-18T00:00:00,False,2026-03-24,,,,,,,NOLEG,,,,0.0,,
2026-03-19T00:00:00,False,2026-03-24,65.0,5.0,23197.75,165.75,21000.0,25000.0,EOD,75.0,61.75,582.03,-520.28,False,0.0041
2026-03-20T00:00:00,False,2026-03-24,65.0,4.0,23110.15,198.25,21000.0,25000.0,EOD,75.0,130.0,581.25,-451.25,False,0.0058
2026-03-23T00:00:00,False,2026-03-24,,,,,,,NOSIM,,,,0.0,,
2026-03-24T00:00:00,False,2026-03-24,65.0,0.5,22878.45,6659.25,22900.0,23000.0,TRAIL,64.0,5400.61,637.01,4763.6,True,-0.0061
2026-03-25T00:00:00,False,2026-03-30,,,,,,,NOLEG,,,,0.0,,
2026-03-27T00:00:00,False,2026-03-30,,,,,,,NOLEG,,,,0.0,,
2026-03-30T00:00:00,False,2026-03-30,65.0,0.5,22549.65,6119.75,22300.0,22350.0,TRAIL,66.0,4941.55,655.34,4286.21,True,-0.0527
2026-04-01T00:00:00,False,2026-04-07,,,,,,,NOLEG,,,,0.0,,
2026-04-02T00:00:00,False,2026-04-07,,,,,,,NOLEG,,,,0.0,,
2026-04-06T00:00:00,False,2026-04-07,65.0,1.0,22780.3,32.5,21500.0,24000.0,STOP,1.0,-49.78,582.54,-632.32,False,0.0049
2026-04-07T00:00:00,False,2026-04-07,65.0,0.5,22838.7,7806.5,23100.0,23150.0,TRAIL,64.0,6283.85,650.64,5633.21,True,0.0858
2026-04-08T00:00:00,False,2026-04-13,65.0,5.0,23855.15,477.75,21000.0,25000.0,EOD,75.0,208.0,582.19,-374.19,False,-0.0193
2026-04-09T00:00:00,False,2026-04-13,65.0,4.0,23909.05,97.5,23000.0,25000.0,STOP,18.0,-152.59,586.56,-739.15,False,0.0085
2026-04-10T00:00:00,False,2026-04-13,65.0,3.0,23880.55,48.75,23000.0,25000.0,STOP,24.0,-68.81,583.13,-651.94,False,-0.0017
2026-04-13T00:00:00,False,2026-04-13,65.0,0.5,23589.6,6119.75,23800.0,23850.0,TRAIL,64.0,8978.2,631.73,8346.47,True,0.2561
2026-04-15T00:00:00,False,2026-04-21,65.0,6.0,24163.8,1121.25,23000.0,25000.0,EOD,75.0,500.5,588.54,-88.04,False,-0.0003
2026-04-16T00:00:00,False,2026-04-21,65.0,5.0,24385.2,516.75,23000.0,25000.0,EOD,75.0,195.0,584.55,-389.55,False,-0.0154
2026-04-17T00:00:00,False,2026-04-21,65.0,4.0,24165.9,104.0,23000.0,25000.0,STOP,59.0,-151.41,581.13,-732.54,False,-0.0045
2026-04-20T00:00:00,False,2026-04-21,65.0,1.0,24391.5,9.75,23500.0,25000.0,STOP,8.0,-14.56,581.38,-595.94,False,-0.0076
2026-04-21T00:00:00,False,2026-04-21,65.0,0.5,24374.55,6565.0,24550.0,24600.0,TRAIL,64.0,5496.63,636.45,4860.18,True,0.1073
2026-04-22T00:00:00,False,2026-04-28,65.0,6.0,24470.85,136.5,23000.0,26000.0,EOD,75.0,35.75,581.81,-546.06,False,0.0044
2026-04-23T00:00:00,False,2026-04-28,65.0,5.0,24202.35,188.5,23000.0,26000.0,EOD,76.0,68.25,580.81,-512.56,False,0.0104
2026-04-24T00:00:00,False,2026-04-28,65.0,4.0,24100.55,250.25,23000.0,25000.0,EOD,75.0,-48.75,581.09,-629.84,False,0.0111
2026-04-27T00:00:00,False,2026-04-28,65.0,1.0,23945.45,3081.0,24000.0,25000.0,EOD,75.0,1248.0,624.57,623.43,True,0.1492
2026-04-28T00:00:00,False,2026-04-28,65.0,0.5,24049.9,4667.0,23950.0,24000.0,TRAIL,69.0,3765.11,605.72,3159.39,True,-0.1225
2026-04-29T00:00:00,False,2026-05-05,65.0,6.0,24096.9,338.0,23000.0,25000.0,EOD,75.0,-58.5,583.21,-641.71,False,-0.0054
2026-04-30T00:00:00,False,2026-05-05,65.0,5.0,23996.95,87.75,23000.0,25000.0,STOP,12.0,-136.56,581.8,-718.36,False,0.0041
2026-05-04T00:00:00,False,2026-05-05,65.0,1.0,24063.55,367.25,23500.0,25000.0,EOD,75.0,230.75,584.16,-353.41,False,0.0228
2026-05-05T00:00:00,False,2026-05-05,65.0,0.5,24052.6,6600.75,24000.0,24050.0,TRAIL,64.0,5389.84,609.73,4780.11,True,-0.0059
2026-05-06T00:00:00,False,2026-05-12,65.0,6.0,24171.0,334.75,23000.0,25000.0,STOP,66.0,-470.94,582.61,-1053.55,False,-0.0079
2026-05-07T00:00:00,False,2026-05-12,65.0,5.0,24398.5,500.5,23500.0,25000.0,EOD,76.0,-130.0,586.56,-716.56,False,-0.0262
2026-05-08T00:00:00,False,2026-05-12,65.0,4.0,24233.65,263.25,23500.0,25500.0,EOD,75.0,52.0,581.03,-529.03,False,0.0168
2026-05-11T00:00:00,False,2026-05-12,65.0,1.0,23970.1,484.25,23500.0,25000.0,TRAIL,64.0,506.12,581.22,-75.1,False,0.0467
2026-05-12T00:00:00,False,2026-05-12,65.0,0.5,23722.6,8008.0,23350.0,23400.0,TRAIL,64.0,7001.45,657.63,6343.82,True,-0.1438
2026-05-13T00:00:00,False,2026-05-19,65.0,6.0,23362.45,182.0,22000.0,25000.0,EOD,75.0,16.25,582.1,-565.85,False,0.0005
2026-05-14T00:00:00,False,2026-05-19,65.0,5.0,23530.25,260.0,22000.0,24500.0,EOD,75.0,32.5,582.73,-550.23,False,-0.0048
2026-05-15T00:00:00,False,2026-05-19,65.0,4.0,23731.4,357.5,23000.0,24500.0,EOD,76.0,-224.25,582.88,-807.13,False,0.0146
2026-05-18T00:00:00,False,2026-05-19,65.0,1.0,23482.2,1277.25,23000.0,24000.0,EOD,76.0,659.75,587.08,72.67,True,0.011
2026-05-19T00:00:00,False,2026-05-19,65.0,0.5,23675.3,6305.0,23600.0,23650.0,TRAIL,66.0,5226.49,609.91,4616.58,True,-0.08
2026-05-20T00:00:00,False,2026-05-26,65.0,6.0,23457.25,354.25,22500.0,24500.0,EOD,75.0,-68.25,585.39,-653.64,False,0.0085
2026-05-21T00:00:00,False,2026-05-26,65.0,5.0,23830.05,110.5,22500.0,25000.0,EOD,76.0,6.5,580.94,-574.44,False,0.0052
2026-05-22T00:00:00,False,2026-05-26,65.0,4.0,23671.2,1891.5,23000.0,24000.0,EOD,75.0,156.0,592.81,-436.81,False,-0.0648
2026-05-25T00:00:00,False,2026-05-26,65.0,1.0,23940.25,5343.0,24000.0,25000.0,EOD,75.0,2892.5,613.48,2279.02,True,0.1908
2026-05-26T00:00:00,False,2026-05-26,65.0,0.5,24004.1,8674.25,23900.0,23950.0,TRAIL,64.0,7180.75,619.27,6561.48,True,-0.0279
2026-05-27T00:00:00,False,2026-06-02,65.0,6.0,23880.35,260.0,23000.0,25000.0,EOD,76.0,133.25,581.69,-448.44,False,0.0146
2026-05-29T00:00:00,False,2026-06-02,65.0,4.0,23902.15,2544.75,23000.0,24000.0,EOD,75.0,796.25,604.47,191.78,True,-0.1174
2026-06-01T00:00:00,False,2026-06-02,65.0,1.0,23654.5,1449.5,23000.0,24000.0,TRAIL,75.0,1170.0,589.43,580.57,True,-0.0693
2026-06-02T00:00:00,False,2026-06-02,65.0,0.5,23229.15,9269.0,23450.0,23500.0,TRAIL,64.0,9505.19,624.69,8880.5,True,0.1519
2026-06-03T00:00:00,False,2026-06-09,65.0,6.0,23415.95,1231.75,22000.0,24000.0,EOD,76.0,87.75,586.74,-498.99,False,-0.061
2026-06-04T00:00:00,False,2026-06-09,65.0,5.0,23282.45,198.25,22500.0,24000.0,STOP,44.0,-285.41,589.75,-875.16,False,0.0123
2026-06-05T00:00:00,False,2026-06-09,65.0,4.0,23478.95,578.5,22500.0,24000.0,EOD,75.0,130.0,584.97,-454.97,False,-0.0337
2026-06-08T00:00:00,False,2026-06-09,65.0,1.0,23080.7,347.75,22500.0,24000.0,EOD,75.0,250.25,580.96,-330.71,False,0.0204
2026-06-09T00:00:00,False,2026-06-09,65.0,0.5,23259.05,7322.25,23200.0,23250.0,TRAIL,64.0,6163.39,606.1,5557.29,True,-0.0827
2026-06-10T00:00:00,False,2026-06-16,,,,,,,NOLEG,,,,0.0,,
2026-06-11T00:00:00,False,2026-06-16,,,,,,,NOLEG,,,,0.0,,
2026-06-12T00:00:00,False,2026-06-16,65.0,4.0,23412.55,289.25,22500.0,24000.0,STOP,58.0,-417.54,581.05,-998.59,False,-0.0105
2026-06-15T00:00:00,False,2026-06-16,65.0,1.0,23984.85,2444.0,23500.0,24000.0,EOD,76.0,637.0,603.38,33.62,True,-0.1659
2026-06-16T00:00:00,False,2026-06-16,65.0,0.5,23923.9,6067.75,23950.0,24000.0,TRAIL,64.0,5004.06,601.95,4402.11,True,0.0786
2026-06-17T00:00:00,False,2026-06-23,65.0,6.0,24044.5,4407.0,24000.0,25000.0,EOD,75.0,1043.25,616.71,426.54,True,0.1275
2026-06-18T00:00:00,False,2026-06-23,65.0,5.0,24073.8,3458.0,24000.0,24500.0,EOD,75.0,984.75,609.13,375.62,True,0.0965
2026-06-19T00:00:00,False,2026-06-23,65.0,4.0,23991.2,214.5,23500.0,25000.0,EOD,75.0,45.5,581.08,-535.58,False,0.0204
2026-06-22T00:00:00,False,2026-06-23,65.0,1.0,24106.6,4511.0,24000.0,24200.0,EOD,75.0,1865.5,601.73,1263.77,True,-0.0642
2026-06-23T00:00:00,False,2026-06-23,65.0,0.5,24071.3,10536.5,23800.0,23850.0,TRAIL,70.0,8717.21,627.72,8089.49,True,-0.0378
2026-06-24T00:00:00,False,2026-06-30,65.0,6.0,23795.8,3315.0,24000.0,25000.0,EOD,76.0,-58.5,643.38,-701.88,False,0.2059
2026-06-25T00:00:00,False,2026-06-30,65.0,5.0,24125.85,2908.75,24000.0,25000.0,EOD,75.0,575.25,598.83,-23.58,False,0.1368
2026-06-29T00:00:00,False,2026-06-30,65.0,1.0,24061.75,84.5,23500.0,25000.0,EOD,75.0,-32.5,580.07,-612.57,False,0.0077
2026-06-30T00:00:00,False,2026-06-30,65.0,0.5,24032.05,5115.5,23850.0,23900.0,TRAIL,69.0,5038.83,605.88,4432.95,True,-0.4298
2026-07-01T00:00:00,False,2026-07-07,65.0,6.0,23897.65,7517.25,24000.0,24000.0,EOD,75.0,-611.0,654.61,-1265.61,False,0.0621
2026-07-02T00:00:00,False,2026-07-07,65.0,5.0,24062.2,2840.5,24000.0,25000.0,EOD,75.0,1283.75,602.9,680.85,True,0.1491
2026-07-03T00:00:00,False,2026-07-07,65.0,4.0,24375.65,708.5,24000.0,25000.0,EOD,76.0,55.25,583.59,-528.34,False,0.0515
2026-07-06T00:00:00,False,2026-07-07,65.0,1.0,24306.85,929.5,24000.0,24500.0,EOD,75.0,-581.75,584.0,-1165.75,False,-0.0555
2026-07-07T00:00:00,False,2026-07-07,65.0,0.5,24464.45,6266.0,24400.0,24400.0,TRAIL,71.0,5031.89,598.98,4432.91,True,-0.2462
2026-07-08T00:00:00,False,2026-07-14,65.0,6.0,24259.55,1241.5,23500.0,24500.0,EOD,75.0,-867.75,591.52,-1459.27,False,-0.077
2026-07-09T00:00:00,False,2026-07-14,65.0,5.0,23928.95,1283.75,23600.0,24500.0,EOD,75.0,29.25,602.08,-572.83,False,0.0238
2026-07-10T00:00:00,False,2026-07-14,65.0,4.0,24124.7,555.75,23000.0,24500.0,EOD,75.0,-74.75,582.75,-657.5,False,-0.0604
2026-07-13T00:00:00,False,2026-07-14,65.0,1.0,24039.4,2177.5,24000.0,24500.0,EOD,76.0,1014.0,593.46,420.54,True,0.1721
2026-07-14T00:00:00,False,2026-07-14,65.0,0.5,24068.0,5707.0,24050.0,24100.0,TRAIL,64.0,4744.34,605.24,4139.1,True,0.0378
2026-07-15T00:00:00,False,2026-07-21,65.0,6.0,24085.85,2964.0,23000.0,24200.0,EOD,75.0,91.0,603.16,-512.16,False,-0.128
2026-07-16T00:00:00,False,2026-07-21,65.0,5.0,24142.1,3610.75,23000.0,24200.0,EOD,75.0,877.5,601.71,275.79,True,-0.1722
2026-07-17T00:00:00,False,2026-07-21,65.0,4.0,24127.6,52.0,23000.0,25000.0,EOD,75.0,-45.5,579.75,-625.25,False,-0.0034
2026-07-20T00:00:00,False,2026-07-21,65.0,1.0,24190.05,3380.0,24200.0,24500.0,EOD,75.0,822.25,604.82,217.43,True,0.2015
2026-07-21T00:00:00,False,2026-07-21,65.0,0.5,24216.05,5200.0,24150.0,24200.0,TRAIL,64.0,4249.34,599.82,3649.52,True,-0.069
2026-07-22T00:00:00,False,2026-07-28,65.0,6.0,24150.45,5889.0,24000.0,24200.0,EOD,75.0,-429.0,629.47,-1058.47,False,-0.0149
2026-07-23T00:00:00,False,2026-07-28,65.0,5.0,23904.8,104.0,23000.0,25000.0,EOD,75.0,-6.5,581.1,-587.6,False,0.0039
2026-07-24T00:00:00,False,2026-07-28,65.0,4.0,23666.35,377.0,23000.0,25000.0,EOD,75.0,263.25,581.34,-318.09,False,0.0299
2026-07-27T00:00:00,False,2026-07-28,65.0,1.0,23928.4,913.25,23000.0,24200.0,EOD,75.0,282.75,582.96,-300.21,False,-0.0868
2026-07-28T00:00:00,False,2026-07-28,65.0,0.5,23971.25,4988.75,23950.0,24000.0,TRAIL,64.0,4078.11,594.03,3484.08,True,0.0157
2026-07-29T00:00:00,False,2026-08-04,65.0,6.0,24176.65,2385.5,24000.0,25000.0,EOD,75.0,760.5,597.26,163.24,True,0.1097
2026-07-30T00:00:00,False,2026-08-04,65.0,5.0,24249.55,1339.0,24000.0,24600.0,EOD,75.0,-217.75,592.84,-810.59,False,0.0268
2026-07-31T00:00:00,False,2026-08-04,65.0,4.0,24361.45,1384.5,24000.0,24600.0,EOD,75.0,383.5,586.69,-203.19,False,-0.0143
2026-08-03T00:00:00,False,2026-08-04,65.0,1.0,24572.7,2856.75,24200.0,24600.0,TRAIL,64.0,4465.96,589.81,3876.15,True,-0.2413
2026-08-04T00:00:00,False,2026-08-04,65.0,0.5,24703.9,5382.0,24600.0,24650.0,TRAIL,64.0,5476.83,594.79,4882.04,True,-0.5263
2026-08-05T00:00:00,False,2026-08-11,65.0,6.0,24669.2,728.0,24000.0,25000.0,EOD,76.0,-386.75,588.08,-974.83,False,-0.0344
2026-08-06T00:00:00,False,2026-08-11,65.0,5.0,24641.0,991.25,24000.0,25000.0,EOD,75.0,-146.25,585.67,-731.92,False,-0.0398
2026-08-07T00:00:00,False,2026-08-11,65.0,4.0,24538.9,4842.5,24000.0,24600.0,EOD,75.0,880.75,603.48,277.27,True,-0.1674
2026-08-10T00:00:00,False,2026-08-11,65.0,1.0,24581.25,5954.0,24500.0,24600.0,EOD,75.0,747.5,613.08,134.42,True,0.0
2026-08-11T00:00:00,False,2026-08-11,65.0,0.5,24575.1,5853.25,24450.0,24500.0,TRAIL,69.0,4720.73,607.37,4113.36,True,-0.1224
2026-08-12T00:00:00,False,2026-08-18,65.0,6.0,24472.45,968.5,24000.0,25000.0,EOD,75.0,273.0,585.03,-312.03,False,0.008
2026-08-13T00:00:00,False,2026-08-18,65.0,5.0,24431.6,770.25,24000.0,25000.0,EOD,75.0,409.5,582.62,-173.12,False,0.0342
2026-08-14T00:00:00,False,2026-08-18,65.0,4.0,24361.9,318.5,24000.0,25000.0,EOD,75.0,117.0,580.81,-463.81,False,0.0282
2026-08-17T00:00:00,False,2026-08-18,65.0,1.0,24343.45,3825.25,24300.0,24500.0,EOD,75.0,1433.25,593.25,840.0,True,0.0877
2026-08-18T00:00:00,False,2026-08-18,65.0,0.5,24223.85,5798.0,24150.0,24200.0,TRAIL,75.0,4693.0,600.63,4092.37,True,-0.1547
2026-08-19T00:00:00,False,2026-08-25,65.0,6.0,24152.05,2921.75,24000.0,24500.0,EOD,75.0,-65.0,599.61,-664.61,False,0.0411
2026-08-20T00:00:00,False,2026-08-25,65.0,5.0,24225.2,2083.25,24000.0,24500.0,EOD,75.0,396.5,592.66,-196.16,False,0.0409
2026-08-21T00:00:00,False,2026-08-25,65.0,4.0,24282.0,3890.25,24000.0,24300.0,EOD,75.0,152.75,602.78,-450.03,False,-0.1452
2026-08-24T00:00:00,False,2026-08-25,65.0,1.0,24285.05,3513.25,24000.0,24300.0,EOD,75.0,1875.25,595.0,1280.25,True,-0.2041
2026-08-25T00:00:00,False,2026-08-25,65.0,0.5,24175.75,5863.0,24300.0,24350.0,TRAIL,75.0,5079.75,605.43,4474.32,True,0.3826
2026-08-26T00:00:00,False,2026-09-01,65.0,6.0,24341.95,4485.0,24200.0,24500.0,EOD,75.0,659.75,603.23,56.52,True,-0.0183
2026-08-27T00:00:00,False,2026-09-01,65.0,5.0,24277.6,5102.5,24000.0,24300.0,EOD,75.0,1508.0,609.17,898.83,True,-0.1037
2026-08-28T00:00:00,False,2026-09-01,65.0,4.0,24122.6,2044.25,24000.0,24300.0,EOD,75.0,-1257.75,596.24,-1853.99,False,-0.0318
2026-08-31T00:00:00,False,2026-09-01,65.0,1.0,24117.55,971.75,24000.0,24500.0,STOP,17.0,-1449.56,584.66,-2034.22,False,0.1153
2026-09-01T00:00:00,False,2026-09-01,65.0,0.5,24077.55,5193.5,24050.0,24100.0,TRAIL,75.0,4634.5,594.08,4040.42,True,-0.0356
2026-09-02T00:00:00,False,2026-09-08,65.0,6.0,23858.0,981.5,23000.0,24200.0,EOD,75.0,-299.0,586.39,-885.39,False,-0.0697
2026-09-03T00:00:00,False,2026-09-08,65.0,5.0,23997.95,5622.5,23000.0,24000.0,EOD,75.0,2720.25,606.44,2113.81,True,-0.202
2026-09-04T00:00:00,False,2026-09-08,65.0,4.0,23910.9,2795.0,23000.0,24000.0,EOD,75.0,-250.25,594.96,-845.21,False,-0.1725
2026-09-07T00:00:00,False,2026-09-08,65.0,1.0,23883.15,2925.0,23500.0,24000.0,TRAIL,68.0,2376.78,589.09,1787.69,True,-0.2073
2026-09-08T00:00:00,False,2026-09-08,65.0,0.5,23743.1,5502.25,23600.0,23650.0,EOD,75.0,3955.25,600.22,3355.03,True,-0.3419
2026-09-09T00:00:00,False,2026-09-15,65.0,6.0,23522.05,942.5,23000.0,24000.0,EOD,75.0,286.0,586.71,-300.71,False,-0.0132
2026-09-10T00:00:00,False,2026-09-15,65.0,5.0,23446.6,318.5,23000.0,24000.0,EOD,75.0,-156.0,584.34,-740.34,False,0.0283
2026-09-11T00:00:00,False,2026-09-15,65.0,4.0,23270.3,3084.25,23300.0,24000.0,EOD,75.0,1342.25,602.01,740.24,True,0.2286
2026-09-15T00:00:00,False,2026-09-15,65.0,0.5,23576.15,11105.25,23100.0,23300.0,TRAIL,64.0,10263.16,640.22,9622.94,True,0.1527
2026-09-16T00:00:00,False,2026-09-22,65.0,6.0,23201.05,2499.25,23000.0,24000.0,EOD,75.0,630.5,603.75,26.75,True,0.0925
2026-09-17T00:00:00,False,2026-09-22,65.0,5.0,23195.25,74.75,22000.0,24500.0,EOD,75.0,29.25,580.54,-551.29,False,0.0033
2026-09-18T00:00:00,False,2026-09-22,65.0,4.0,23334.7,2505.75,23300.0,24000.0,EOD,75.0,13.0,599.29,-586.29,False,0.1659
2026-09-21T00:00:00,False,2026-09-22,65.0,1.0,23330.2,5291.0,23400.0,23500.0,EOD,75.0,1368.25,606.01,762.24,True,0.1635
2026-09-22T00:00:00,False,2026-09-22,65.0,0.5,23454.05,6483.75,23300.0,23350.0,TRAIL,75.0,5505.5,604.38,4901.12,True,-0.2677
2026-09-23T00:00:00,False,2026-09-29,65.0,6.0,23352.15,702.0,23000.0,24000.0,EOD,75.0,214.5,585.59,-371.09,False,0.0422
2026-09-24T00:00:00,False,2026-09-29,65.0,5.0,23221.8,87.75,22000.0,24000.0,EOD,75.0,-58.5,580.24,-638.74,False,-0.0004
2026-09-25T00:00:00,False,2026-09-29,65.0,4.0,23035.0,2886.0,23000.0,24000.0,EOD,75.0,1566.5,598.46,968.04,True,0.1962
