date,is_rule_day,expiry,lot,dte0,spot_open,credit,put_wall,call_wall,exit_reason,bars_held,gross_pnl,friction,net_pnl,win,net_delta
2021-01-04T00:00:00,False,2021-01-07,75.0,3.0,14100.8999,1740.0,14000.0,14500.0,EOD,75.0,90.0,655.63,-565.63,False,0.1136
2021-01-05T00:00:00,False,2021-01-07,75.0,2.0,14076.2999,1608.75,14000.0,14500.0,EOD,75.0,600.0,650.92,-50.92,False,0.1572
2021-01-06T00:00:00,False,2021-01-07,75.0,1.0,14263.6,1425.0,14000.0,14500.0,EOD,75.0,660.0,645.17,14.83,True,0.0704
2021-01-07T00:00:00,False,2021-01-07,75.0,0.5,14249.3999,4518.75,14100.0,14200.0,TRAIL,61.0,3454.05,652.2,2801.85,True,-0.529
2021-01-08T00:00:00,False,2021-01-14,75.0,6.0,14261.5,4380.0,14200.0,14500.0,EOD,75.0,105.0,669.13,-564.13,False,0.0469
2021-01-11T00:00:00,False,2021-01-14,75.0,3.0,14473.7999,1650.0,14200.0,14800.0,EOD,75.0,435.0,649.81,-214.81,False,0.0646
2021-01-12T00:00:00,False,2021-01-14,75.0,2.0,14470.7,67.5,13500.0,15000.0,EOD,75.0,-56.25,640.7,-696.95,False,-0.0024
2021-01-13T00:00:00,False,2021-01-14,75.0,1.0,14640.3999,3881.25,14500.0,14700.0,EOD,75.0,2242.5,655.29,1587.21,True,-0.1217
2021-01-14T00:00:00,False,2021-01-14,75.0,0.5,14551.2,3532.5,14500.0,14600.0,TRAIL,59.0,2661.71,648.04,2013.67,True,-0.051
2021-01-15T00:00:00,False,2021-01-21,75.0,6.0,14601.1,9393.75,14500.0,14600.0,EOD,75.0,1518.75,699.64,819.11,True,-0.0549
2021-01-18T00:00:00,False,2021-01-21,75.0,3.0,14458.0,3525.0,13500.0,14600.0,EOD,75.0,2381.25,657.68,1723.57,True,-0.1556
2021-01-19T00:00:00,False,2021-01-21,75.0,2.0,14371.3999,5572.5,14400.0,14600.0,EOD,75.0,1128.75,683.69,445.06,True,0.0263
2021-01-20T00:00:00,False,2021-01-21,75.0,1.0,14550.0,1192.5,14000.0,14700.0,EOD,75.0,-217.5,642.92,-860.42,False,-0.1258
2021-01-21T00:00:00,False,2021-01-21,75.0,0.5,14732.5,318.75,14000.0,14800.0,TRAIL,58.0,363.09,639.94,-276.85,False,-0.156
2021-01-22T00:00:00,False,2021-01-28,75.0,6.0,14587.1,1413.75,14000.0,15000.0,EOD,75.0,-30.0,650.15,-680.15,False,-0.0263
2021-01-25T00:00:00,False,2021-01-28,75.0,3.0,14487.5,1365.0,14000.0,15000.0,EOD,75.0,142.5,646.07,-503.57,False,0.0414
2021-01-27T00:00:00,False,2021-01-28,75.0,1.0,14259.2,266.25,13500.0,14700.0,TRAIL,59.0,225.12,640.49,-415.37,False,-0.0267
2021-01-28T00:00:00,False,2021-01-28,75.0,0.5,13812.7999,1691.25,13500.0,14000.0,TRAIL,58.0,1576.96,643.51,933.45,True,-0.1375
2021-01-29T00:00:00,False,2021-02-04,75.0,6.0,13937.2999,3982.5,13800.0,16000.0,EOD,75.0,-1616.25,681.92,-2298.17,False,0.1049
2021-02-01T00:00:00,False,2021-02-04,75.0,3.0,13751.7,468.75,13000.0,15000.0,TRAIL,58.0,455.71,649.22,-193.51,False,0.0123
2021-02-02T00:00:00,False,2021-02-04,75.0,2.0,14485.8999,483.75,13500.0,15000.0,STOP,4.0,-733.54,643.21,-1376.75,False,-0.0262
2021-02-03T00:00:00,False,2021-02-04,75.0,1.0,14749.8999,1353.75,14000.0,15000.0,EOD,75.0,855.0,645.38,209.62,True,-0.1115
2021-02-04T00:00:00,False,2021-02-04,75.0,0.5,14801.5,1200.0,14700.0,15000.0,TRAIL,58.0,1009.99,645.57,364.42,True,0.096
2021-02-05T00:00:00,False,2021-02-11,,,,,,,NOSIM,,,,0.0,,
2021-02-08T00:00:00,False,2021-02-11,75.0,3.0,15071.2,817.5,14000.0,15500.0,EOD,75.0,240.0,645.12,-405.12,False,-0.0778
2021-02-09T00:00:00,False,2021-02-11,75.0,2.0,15165.2,3480.0,15000.0,15500.0,EOD,75.0,817.5,659.92,157.58,True,0.0516
2021-02-10T00:00:00,False,2021-02-11,75.0,1.0,15117.2999,2561.25,15000.0,15300.0,EOD,75.0,341.25,661.71,-320.46,False,-0.0055
2021-02-11T00:00:00,False,2021-02-11,75.0,0.5,15071.5,4008.75,15000.0,15200.0,TRAIL,58.0,3454.99,650.57,2804.42,True,0.0447
2021-02-12T00:00:00,False,2021-02-18,,,,,,,NOSIM,,,,0.0,,
2021-02-15T00:00:00,False,2021-02-18,75.0,3.0,15266.6,1567.5,15000.0,15500.0,EOD,75.0,-708.75,654.2,-1362.95,False,-0.0494
2021-02-16T00:00:00,False,2021-02-18,75.0,2.0,15372.2999,4695.0,15000.0,15400.0,EOD,75.0,1601.25,659.92,941.33,True,-0.1961
2021-02-17T00:00:00,False,2021-02-18,75.0,1.0,15278.7999,5381.25,15000.0,15300.0,EOD,75.0,3517.5,657.46,2860.04,True,-0.2281
2021-02-18T00:00:00,False,2021-02-18,75.0,0.5,15249.3999,6386.25,15100.0,15150.0,TRAIL,58.0,7894.35,660.86,7233.49,True,-0.5809
2021-02-19T00:00:00,False,2021-02-25,75.0,6.0,15079.7999,311.25,14000.0,16000.0,EOD,75.0,120.0,641.98,-521.98,False,0.0033
2021-02-22T00:00:00,False,2021-02-25,75.0,3.0,15005.5,6543.75,14000.0,15000.0,TRAIL,73.0,5096.52,671.04,4425.48,True,-0.195
2021-02-23T00:00:00,False,2021-02-25,75.0,2.0,14775.7999,997.5,14000.0,15000.0,EOD,75.0,397.5,647.61,-250.11,False,-0.0687
2021-02-24T00:00:00,False,2021-02-25,75.0,1.0,14691.2999,652.5,14000.0,15000.0,STOP,10.0,-1145.91,642.27,-1788.18,False,-0.0604
2021-02-25T00:00:00,False,2021-02-25,75.0,0.5,15086.7999,2490.0,14000.0,15100.0,TRAIL,70.0,1980.53,646.76,1333.77,True,-0.3418
2021-02-26T00:00:00,False,2021-03-04,75.0,6.0,14884.7999,7387.5,14000.0,15000.0,EOD,75.0,4447.5,679.1,3768.4,True,-0.14
2021-03-01T00:00:00,False,2021-03-04,75.0,3.0,14703.2999,2467.5,14500.0,15000.0,EOD,75.0,-1601.25,689.81,-2291.06,False,-0.036
2021-03-02T00:00:00,False,2021-03-04,75.0,2.0,14885.8999,7586.25,14700.0,15000.0,EOD,75.0,2996.25,678.69,2317.56,True,-0.0322
2021-03-03T00:00:00,False,2021-03-04,75.0,1.0,15063.7999,3562.5,15000.0,15500.0,TRAIL,70.0,2767.55,658.2,2109.35,True,0.1964
2021-03-04T00:00:00,False,2021-03-04,75.0,0.5,15032.7999,4665.0,15000.0,15200.0,TRAIL,58.0,3670.61,655.11,3015.5,True,0.1426
2021-03-05T00:00:00,False,2021-03-10,75.0,5.0,14972.0,1518.75,14000.0,15500.0,EOD,75.0,457.5,653.15,-195.65,False,-0.0733
2021-03-08T00:00:00,False,2021-03-10,75.0,2.0,15010.2,1488.75,14500.0,15500.0,EOD,75.0,577.5,655.29,-77.79,False,-0.0101
2021-03-09T00:00:00,False,2021-03-10,75.0,1.0,15041.0,2876.25,15000.0,15500.0,EOD,75.0,870.0,662.71,207.29,True,0.1501
2021-03-10T00:00:00,False,2021-03-10,75.0,0.5,15205.3999,5493.75,15150.0,15200.0,TRAIL,58.0,4152.11,656.61,3495.5,True,-0.135
2021-03-12T00:00:00,False,2021-03-18,75.0,6.0,15315.0,2460.0,15000.0,16000.0,EOD,75.0,-1620.0,655.13,-2275.13,False,0.0844
2021-03-15T00:00:00,False,2021-03-18,75.0,3.0,15046.8999,851.25,14500.0,16000.0,EOD,75.0,165.0,645.83,-480.83,False,0.0391
2021-03-16T00:00:00,False,2021-03-18,75.0,2.0,14994.7999,521.25,14500.0,16000.0,EOD,75.0,127.5,642.03,-514.53,False,0.0461
2021-03-17T00:00:00,False,2021-03-18,75.0,1.0,14945.3999,273.75,14500.0,15500.0,STOP,71.0,-512.58,641.29,-1153.87,False,0.0008
2021-03-18T00:00:00,False,2021-03-18,75.0,0.5,14857.8999,187.5,14500.0,15500.0,STOP,57.0,-284.64,640.33,-924.97,False,0.0028
2021-03-19T00:00:00,False,2021-03-25,75.0,6.0,14475.8999,4976.25,14500.0,16000.0,EOD,75.0,2842.5,692.15,2150.35,True,0.1302
2021-03-22T00:00:00,False,2021-03-25,75.0,3.0,14743.1,2587.5,14500.0,15500.0,EOD,75.0,723.75,661.35,62.4,True,0.0821
2021-03-23T00:00:00,False,2021-03-25,75.0,2.0,14768.0,2422.5,14000.0,15000.0,EOD,75.0,495.0,649.29,-154.29,False,-0.1263
2021-03-24T00:00:00,False,2021-03-25,75.0,1.0,14711.0,1350.0,14000.0,15000.0,TRAIL,67.0,1103.37,644.04,459.33,True,-0.094
2021-03-25T00:00:00,False,2021-03-25,75.0,0.5,14575.2999,56.25,14000.0,15000.0,STOP,33.0,-81.41,639.51,-720.92,False,-0.0071
2021-03-26T00:00:00,False,2021-04-01,75.0,6.0,14505.5,1931.25,14000.0,15000.0,EOD,75.0,806.25,656.92,149.33,True,-0.0242
2021-03-31T00:00:00,False,2021-04-01,75.0,1.0,14812.6,2115.0,14000.0,15000.0,TRAIL,63.0,1626.98,647.77,979.21,True,-0.1395
2021-04-01T00:00:00,False,2021-04-01,75.0,0.5,14797.2,1946.25,14000.0,15000.0,TRAIL,58.0,2020.65,644.06,1376.59,True,-0.1717
2021-04-05T00:00:00,False,2021-04-08,75.0,3.0,14845.2,3903.75,14000.0,15000.0,EOD,75.0,2760.0,658.03,2101.97,True,-0.1502
2021-04-06T00:00:00,False,2021-04-08,75.0,2.0,14728.1,1020.0,14000.0,15000.0,EOD,75.0,341.25,645.69,-304.44,False,-0.0614
2021-04-07T00:00:00,False,2021-04-08,75.0,1.0,14717.0,641.25,14000.0,15000.0,EOD,75.0,7.5,642.19,-634.69,False,-0.0486
2021-04-08T00:00:00,False,2021-04-08,75.0,0.5,14873.1,2685.0,14500.0,14900.0,TRAIL,64.0,2088.91,647.24,1441.67,True,-0.3202
2021-04-09T00:00:00,False,2021-04-15,75.0,6.0,14876.8999,363.75,13500.0,15500.0,TRAIL,71.0,273.72,641.41,-367.69,False,-0.0204
2021-04-12T00:00:00,False,2021-04-15,75.0,3.0,14646.6,202.5,14000.0,15000.0,STOP,1.0,-341.19,646.66,-987.85,False,0.0219
2021-04-13T00:00:00,False,2021-04-15,75.0,2.0,14363.1,375.0,14000.0,15000.0,EOD,75.0,90.0,651.06,-561.06,False,0.0307
2021-04-15T00:00:00,False,2021-04-15,75.0,0.5,14532.2,2373.75,14000.0,14600.0,TRAIL,58.0,3416.35,646.53,2769.82,True,-0.2647
2021-04-16T00:00:00,False,2021-04-22,75.0,6.0,14598.7999,1728.75,14000.0,15000.0,EOD,75.0,390.0,651.3,-261.3,False,-0.0414
2021-04-19T00:00:00,False,2021-04-22,75.0,3.0,14309.3999,2625.0,14000.0,15000.0,EOD,75.0,1410.0,655.53,754.47,True,0.0672
2021-04-20T00:00:00,False,2021-04-22,75.0,2.0,14527.0,517.5,14000.0,15000.0,STOP,68.0,-803.97,646.31,-1450.28,False,0.0267
2021-04-22T00:00:00,False,2021-04-22,75.0,0.5,14220.5,7631.25,14400.0,14700.0,TRAIL,58.0,6169.59,691.7,5477.89,True,0.2232
2021-04-23T00:00:00,False,2021-04-29,75.0,6.0,14324.5,2235.0,14000.0,15000.0,EOD,75.0,258.75,666.16,-407.41,False,0.0332
2021-04-26T00:00:00,False,2021-04-29,75.0,3.0,14438.7,1331.25,14000.0,15000.0,EOD,75.0,386.25,654.07,-267.82,False,0.0359
2021-04-27T00:00:00,False,2021-04-29,75.0,2.0,14492.7,1053.75,14000.0,15000.0,EOD,75.0,712.5,644.4,68.1,True,0.035
2021-04-28T00:00:00,False,2021-04-29,75.0,1.0,14710.3999,217.5,14000.0,15000.0,STOP,23.0,-324.58,640.97,-965.55,False,-0.0195
2021-04-29T00:00:00,False,2021-04-29,75.0,0.5,14982.7,1661.25,14500.0,15000.0,TRAIL,58.0,1484.29,645.21,839.08,True,-0.3108
2021-04-30T00:00:00,False,2021-05-06,,,,,,,NOSIM,,,,0.0,,
2021-05-03T00:00:00,False,2021-05-06,75.0,3.0,14487.2,1466.25,14000.0,15000.0,EOD,75.0,183.75,655.46,-471.71,False,0.0099
2021-05-04T00:00:00,False,2021-05-06,75.0,2.0,14685.0,1320.0,14000.0,15000.0,EOD,75.0,787.5,645.46,142.04,True,-0.0526
2021-05-05T00:00:00,False,2021-05-06,75.0,1.0,14606.7999,412.5,14000.0,15000.0,TRAIL,60.0,314.21,641.79,-327.58,False,-0.0183
2021-05-06T00:00:00,False,2021-05-06,75.0,0.5,14675.7999,5673.75,14700.0,15000.0,TRAIL,70.0,4715.59,656.69,4058.9,True,0.3442
2021-05-07T00:00:00,False,2021-05-12,75.0,5.0,14810.8999,431.25,14500.0,16000.0,STOP,48.0,-644.04,651.79,-1295.83,False,0.0437
2021-05-10T00:00:00,False,2021-05-12,75.0,2.0,14926.2,498.75,14500.0,15500.0,EOD,75.0,165.0,644.88,-479.88,False,0.0693
2021-05-11T00:00:00,False,2021-05-12,75.0,1.0,14792.3999,4822.5,14800.0,15000.0,EOD,75.0,1631.25,662.77,968.48,True,0.146
2021-05-12T00:00:00,False,2021-05-12,75.0,0.5,14823.8999,6480.0,14700.0,14800.0,TRAIL,62.0,4945.84,657.38,4288.46,True,-0.2384
2021-05-14T00:00:00,False,2021-05-20,75.0,6.0,14754.2999,281.25,14000.0,15500.0,EOD,75.0,37.5,642.68,-605.18,False,0.0082
2021-05-17T00:00:00,False,2021-05-20,75.0,3.0,14756.2999,3877.5,14700.0,15000.0,EOD,75.0,-663.75,669.03,-1332.78,False,0.0168
2021-05-18T00:00:00,False,2021-05-20,75.0,2.0,15061.7999,626.25,14700.0,15500.0,EOD,75.0,285.0,645.08,-360.08,False,0.0283
2021-05-19T00:00:00,False,2021-05-20,75.0,1.0,15062.2999,1680.0,14900.0,15300.0,EOD,75.0,600.0,647.22,-47.22,False,0.0411
2021-05-20T00:00:00,False,2021-05-20,75.0,0.5,15037.3999,6067.5,14900.0,15000.0,TRAIL,61.0,4661.53,656.6,4004.93,True,-0.2895
2021-05-21T00:00:00,False,2021-05-27,75.0,6.0,14986.5,555.0,14000.0,15500.0,EOD,75.0,-532.5,642.34,-1174.84,False,-0.0204
2021-05-24T00:00:00,False,2021-05-27,75.0,3.0,15211.2999,2223.75,15000.0,15500.0,EOD,75.0,438.75,656.71,-217.96,False,-0.0094
2021-05-25T00:00:00,False,2021-05-27,75.0,2.0,15289.1,1301.25,14000.0,15500.0,TRAIL,58.0,1074.44,643.4,431.04,True,-0.1218
2021-05-26T00:00:00,False,2021-05-27,75.0,1.0,15262.0,2482.5,15200.0,15500.0,EOD,75.0,1267.5,648.94,618.56,True,0.1841
2021-05-27T00:00:00,False,2021-05-27,75.0,0.5,15321.7999,5358.75,15300.0,15350.0,TRAIL,58.0,4183.08,653.27,3529.81,True,0.0153
2021-05-28T00:00:00,False,2021-06-03,75.0,6.0,15421.0,3982.5,15300.0,16000.0,EOD,75.0,1492.5,662.72,829.78,True,0.1503
2021-05-31T00:00:00,False,2021-06-03,75.0,3.0,15447.3999,4815.0,15400.0,16000.0,EOD,75.0,3082.5,661.07,2421.43,True,0.2093
2021-06-01T00:00:00,False,2021-06-03,75.0,2.0,15630.2999,270.0,15000.0,16000.0,EOD,75.0,127.5,640.82,-513.32,False,-0.0045
2021-06-02T00:00:00,False,2021-06-03,75.0,1.0,15520.3999,1226.25,15000.0,15700.0,TRAIL,58.0,1348.28,643.51,704.77,True,-0.1151
2021-06-03T00:00:00,False,2021-06-03,75.0,0.5,15654.0,626.25,15000.0,15700.0,TRAIL,58.0,920.16,641.61,278.55,True,-0.21
2021-06-04T00:00:00,False,2021-06-10,75.0,6.0,15723.7999,8430.0,15500.0,15700.0,EOD,75.0,2658.75,679.1,1979.65,True,-0.0281
2021-06-07T00:00:00,False,2021-06-10,75.0,3.0,15721.7999,3588.75,15700.0,16000.0,EOD,75.0,165.0,661.63,-496.63,False,0.1299
2021-06-08T00:00:00,False,2021-06-10,75.0,2.0,15774.2999,525.0,15000.0,16000.0,EOD,75.0,296.25,641.45,-345.2,False,-0.0656
2021-06-09T00:00:00,False,2021-06-10,75.0,1.0,15764.3999,2876.25,15500.0,15800.0,EOD,75.0,2017.5,648.55,1368.95,True,-0.2604
2021-06-10T00:00:00,False,2021-06-10,75.0,0.5,15688.2999,3033.75,15700.0,15800.0,TRAIL,58.0,2330.24,648.73,1681.51,True,0.2871
2021-06-11T00:00:00,False,2021-06-17,75.0,6.0,15796.2,1638.75,15000.0,16000.0,EOD,75.0,483.75,646.3,-162.55,False,-0.1325
2021-06-14T00:00:00,False,2021-06-17,75.0,3.0,15784.6,990.0,15000.0,16000.0,EOD,75.0,131.25,643.74,-512.49,False,-0.0985
2021-06-15T00:00:00,False,2021-06-17,75.0,2.0,15867.1,1147.5,15000.0,16000.0,EOD,75.0,228.75,643.05,-414.3,False,-0.1475
2021-06-16T00:00:00,False,2021-06-17,75.0,1.0,15855.5,3003.75,15600.0,15900.0,EOD,75.0,1653.75,648.42,1005.33,True,-0.23
2021-06-17T00:00:00,False,2021-06-17,75.0,0.5,15647.8999,3150.0,15000.0,15700.0,TRAIL,60.0,2957.17,647.14,2310.03,True,-0.3195
2021-06-18T00:00:00,False,2021-06-24,75.0,6.0,15757.7,1481.25,15000.0,16000.0,EOD,75.0,663.75,646.21,17.54,True,-0.088
2021-06-21T00:00:00,False,2021-06-24,75.0,3.0,15530.8999,450.0,15000.0,16000.0,EOD,75.0,-108.75,644.17,-752.92,False,-0.0467
2021-06-22T00:00:00,False,2021-06-24,75.0,2.0,15844.1,1395.0,15500.0,16000.0,EOD,75.0,562.5,647.01,-84.51,False,-0.1001
2021-06-23T00:00:00,False,2021-06-24,75.0,1.0,15858.7999,4151.25,15500.0,15800.0,EOD,75.0,2737.5,654.84,2082.66,True,-0.535
2021-06-24T00:00:00,False,2021-06-24,75.0,0.5,15738.3999,952.5,15500.0,15800.0,TRAIL,62.0,1052.63,642.52,410.11,True,-0.1261
2021-06-25T00:00:00,False,2021-07-01,75.0,6.0,15827.7999,2550.0,15000.0,16000.0,EOD,75.0,633.75,649.88,-16.13,False,-0.1568
2021-06-28T00:00:00,False,2021-07-01,75.0,3.0,15915.6,5295.0,15800.0,16000.0,EOD,75.0,690.0,660.59,29.41,True,-0.0595
2021-06-29T00:00:00,False,2021-07-01,75.0,2.0,15818.5,3033.75,15500.0,15900.0,EOD,75.0,1882.5,650.34,1232.16,True,-0.1686
2021-06-30T00:00:00,False,2021-07-01,75.0,1.0,15764.2999,1076.25,15500.0,15900.0,EOD,75.0,761.25,642.9,118.35,True,-0.108
2021-07-01T00:00:00,False,2021-07-01,50.0,0.5,15754.6,2610.0,15500.0,15700.0,TRAIL,58.0,2287.96,496.27,1791.69,True,-0.6858
2021-07-02T00:00:00,False,2021-07-08,50.0,6.0,15708.3999,2162.5,15000.0,15800.0,EOD,75.0,510.0,497.82,12.18,True,-0.2088
2021-07-05T00:00:00,False,2021-07-08,50.0,3.0,15793.8999,2192.5,15700.0,16000.0,EOD,75.0,1210.0,496.92,713.08,True,0.1178
2021-07-06T00:00:00,False,2021-07-08,50.0,2.0,15816.7,962.5,15700.0,16000.0,EOD,75.0,250.0,492.6,-242.6,False,0.0632
2021-07-07T00:00:00,False,2021-07-08,50.0,1.0,15816.5,2110.0,15800.0,16000.0,EOD,75.0,1322.5,496.1,826.4,True,0.2736
2021-07-08T00:00:00,False,2021-07-08,50.0,0.5,15853.6,2670.0,15700.0,15800.0,TRAIL,58.0,2913.52,497.97,2415.55,True,-0.591
2021-07-09T00:00:00,False,2021-07-15,50.0,6.0,15684.3999,2500.0,15000.0,15800.0,EOD,75.0,745.0,500.34,244.66,True,-0.1761
2021-07-12T00:00:00,False,2021-07-15,50.0,3.0,15766.6,3625.0,15700.0,15800.0,EOD,75.0,10.0,506.23,-496.23,False,-0.0463
2021-07-13T00:00:00,False,2021-07-15,50.0,2.0,15792.2,1887.5,15700.0,16000.0,EOD,75.0,1115.0,496.82,618.18,True,0.1236
2021-07-14T00:00:00,False,2021-07-15,50.0,1.0,15802.0,2067.5,15800.0,16000.0,EOD,75.0,1165.0,496.22,668.78,True,0.3
2021-07-15T00:00:00,False,2021-07-15,50.0,0.5,15868.7,2365.0,15900.0,16000.0,TRAIL,58.0,2368.85,495.88,1872.97,True,0.4597
2021-07-16T00:00:00,False,2021-07-22,50.0,6.0,15961.7999,4975.0,15900.0,16000.0,EOD,75.0,1270.0,510.12,759.88,True,-0.0563
2021-07-19T00:00:00,False,2021-07-22,50.0,3.0,15754.2999,2672.5,15700.0,15800.0,EOD,75.0,-592.5,507.67,-1100.17,False,-0.0047
2021-07-20T00:00:00,False,2021-07-22,50.0,2.0,15703.3999,1797.5,15500.0,15800.0,EOD,75.0,1075.0,495.54,579.46,True,-0.1522
2021-07-22T00:00:00,False,2021-07-22,50.0,0.5,15739.8999,3047.5,15800.0,16000.0,TRAIL,60.0,2341.09,500.46,1840.63,True,0.4344
2021-07-23T00:00:00,False,2021-07-29,50.0,6.0,15845.7999,1150.0,15000.0,16000.0,EOD,75.0,230.0,493.52,-263.52,False,-0.1616
2021-07-26T00:00:00,False,2021-07-29,50.0,3.0,15862.7999,2215.0,15800.0,16000.0,EOD,75.0,-262.5,500.98,-763.48,False,0.0193
2021-07-27T00:00:00,False,2021-07-29,50.0,2.0,15860.2999,1640.0,15000.0,15900.0,TRAIL,58.0,1239.25,493.95,745.3,True,-0.2992
2021-07-28T00:00:00,False,2021-07-29,50.0,1.0,15767.3999,1642.5,15500.0,15800.0,EOD,75.0,835.0,494.47,340.53,True,-0.2664
2021-07-29T00:00:00,False,2021-07-29,50.0,0.5,15759.5,1860.0,15700.0,15800.0,TRAIL,62.0,1396.43,494.47,901.96,True,-0.0176
2021-07-30T00:00:00,False,2021-08-05,50.0,6.0,15807.2,3000.0,15700.0,15900.0,EOD,75.0,152.5,506.19,-353.69,False,-0.0634
2021-08-02T00:00:00,False,2021-08-05,50.0,3.0,15872.6,2905.0,15800.0,15900.0,EOD,75.0,-595.0,503.92,-1098.92,False,-0.0809
2021-08-03T00:00:00,False,2021-08-05,50.0,2.0,15950.6,1925.0,15900.0,16200.0,EOD,75.0,232.5,499.29,-266.79,False,0.19
2021-08-04T00:00:00,False,2021-08-05,50.0,1.0,16191.2,545.0,16000.0,16400.0,EOD,75.0,335.0,493.82,-158.82,False,-0.0181
2021-08-05T00:00:00,False,2021-08-05,50.0,0.5,16288.7999,4247.5,16300.0,16300.0,TRAIL,67.0,3236.94,501.08,2735.86,True,0.0184
2021-08-06T00:00:00,False,2021-08-12,50.0,6.0,16301.6,3845.0,15500.0,16300.0,EOD,75.0,1832.5,506.58,1325.92,True,-0.232
2021-08-09T00:00:00,False,2021-08-12,50.0,3.0,16284.7,3530.0,16200.0,16300.0,EOD,75.0,42.5,506.43,-463.93,False,-0.1061
2021-08-10T00:00:00,False,2021-08-12,50.0,2.0,16278.7,3347.5,16200.0,16300.0,EOD,75.0,397.5,501.71,-104.21,False,-0.1046
2021-08-11T00:00:00,False,2021-08-12,50.0,1.0,16326.6,2690.0,16200.0,16300.0,EOD,75.0,672.5,498.27,174.23,True,-0.3098
2021-08-12T00:00:00,False,2021-08-12,50.0,0.5,16297.8999,3697.5,16300.0,16300.0,EOD,75.0,482.5,498.55,-16.05,False,-0.013
2021-08-13T00:00:00,False,2021-08-18,50.0,5.0,16384.9,2935.0,16400.0,16800.0,EOD,75.0,1672.5,505.71,1166.79,True,0.2131
2021-08-16T00:00:00,False,2021-08-18,50.0,2.0,16518.7999,525.0,16400.0,17000.0,EOD,75.0,-147.5,498.04,-645.54,False,0.0787
2021-08-17T00:00:00,False,2021-08-18,50.0,1.0,16544.0,790.0,16500.0,16700.0,EOD,75.0,-70.0,495.52,-565.52,False,0.0909
2021-08-18T00:00:00,False,2021-08-18,50.0,0.5,16681.2,3925.0,16500.0,16600.0,TRAIL,58.0,3301.11,500.39,2800.72,True,-0.6436
2021-08-20T00:00:00,False,2021-08-26,50.0,6.0,16403.0,2817.5,15500.0,16500.0,EOD,75.0,482.5,506.09,-23.59,False,-0.1442
2021-08-23T00:00:00,False,2021-08-26,50.0,3.0,16591.9,2267.5,16000.0,16600.0,EOD,75.0,877.5,497.66,379.84,True,-0.2755
2021-08-24T00:00:00,False,2021-08-26,50.0,2.0,16540.7999,2467.5,16500.0,16800.0,EOD,75.0,1622.5,500.37,1122.13,True,0.1746
2021-08-25T00:00:00,False,2021-08-26,50.0,1.0,16658.0,1900.0,16500.0,16700.0,EOD,75.0,947.5,495.15,452.35,True,-0.1681
2021-08-26T00:00:00,False,2021-08-26,50.0,0.5,16627.2,3647.5,16600.0,16650.0,TRAIL,59.0,2770.49,498.07,2272.42,True,-0.0244
2021-08-27T00:00:00,False,2021-09-02,50.0,6.0,16634.7,2155.0,16600.0,17000.0,EOD,75.0,350.0,504.02,-154.02,False,0.1585
2021-08-30T00:00:00,False,2021-09-02,50.0,3.0,16765.0,3055.0,16700.0,17000.0,EOD,75.0,972.5,504.98,467.52,True,0.0918
2021-08-31T00:00:00,False,2021-09-02,50.0,2.0,16951.2,857.5,16000.0,17100.0,STOP,70.0,-1587.02,492.14,-2079.16,False,-0.141
2021-09-01T00:00:00,False,2021-09-02,50.0,1.0,17188.7999,1855.0,17000.0,17200.0,EOD,75.0,852.5,498.83,353.67,True,-0.2088
2021-09-02T00:00:00,False,2021-09-02,50.0,0.5,17095.9,4805.0,17200.0,17250.0,TRAIL,58.0,3816.25,506.28,3309.97,True,0.3886
2021-09-03T00:00:00,False,2021-09-09,50.0,6.0,17260.2,1092.5,17000.0,18000.0,EOD,75.0,547.5,495.38,52.12,True,0.0868
2021-09-06T00:00:00,False,2021-09-09,50.0,3.0,17402.5999,142.5,16500.0,18000.0,EOD,75.0,72.5,490.26,-417.76,False,-0.0066
2021-09-07T00:00:00,False,2021-09-09,50.0,2.0,17407.9,1792.5,17300.0,18000.0,EOD,75.0,392.5,497.5,-105.0,False,0.1705
2021-09-08T00:00:00,False,2021-09-09,50.0,1.0,17379.0,2025.0,17300.0,17500.0,EOD,75.0,775.0,496.91,278.09,True,0.0296
2021-09-09T00:00:00,False,2021-09-09,50.0,0.5,17312.0,2015.0,17300.0,17400.0,TRAIL,58.0,1596.75,494.92,1101.83,True,0.1353
2021-09-13T00:00:00,False,2021-09-16,50.0,3.0,17362.7999,3042.5,16500.0,17400.0,EOD,75.0,860.0,502.26,357.74,True,-0.2308
2021-09-14T00:00:00,False,2021-09-16,50.0,2.0,17418.2,3625.0,17300.0,17400.0,EOD,75.0,345.0,503.75,-158.75,False,-0.1527
2021-09-15T00:00:00,False,2021-09-16,50.0,1.0,17389.7,2792.5,17400.0,17500.0,EOD,75.0,-157.5,499.55,-657.05,False,0.1661
2021-09-16T00:00:00,False,2021-09-16,50.0,0.5,17548.0999,1080.0,17500.0,17650.0,TRAIL,58.0,926.37,492.55,433.82,True,0.1579
2021-09-17T00:00:00,False,2021-09-23,50.0,6.0,17707.2,27.5,17000.0,18500.0,STOP,29.0,-45.54,490.72,-536.26,False,0.0036
2021-09-20T00:00:00,False,2021-09-23,50.0,3.0,17447.9,427.5,17000.0,18000.0,EOD,75.0,-175.0,493.34,-668.34,False,0.0049
2021-09-21T00:00:00,False,2021-09-23,50.0,2.0,17455.5999,382.5,17000.0,18000.0,EOD,75.0,235.0,494.98,-259.98,False,0.0236
2021-09-22T00:00:00,False,2021-09-23,50.0,1.0,17578.9,57.5,17000.0,18000.0,EOD,75.0,-17.5,490.24,-507.74,False,-0.0128
2021-09-23T00:00:00,False,2021-09-23,50.0,0.5,17677.5,3195.0,17700.0,18000.0,TRAIL,62.0,2483.23,499.24,1983.99,True,0.37
2021-09-24T00:00:00,False,2021-09-30,50.0,6.0,17898.2999,265.0,17000.0,18500.0,EOD,75.0,105.0,491.61,-386.61,False,-0.0045
2021-09-27T00:00:00,False,2021-09-30,50.0,3.0,17935.7,3835.0,17000.0,18000.0,EOD,75.0,2362.5,504.01,1858.49,True,-0.2182
2021-09-28T00:00:00,False,2021-09-30,50.0,2.0,17906.0999,1850.0,17000.0,18000.0,TRAIL,58.0,1436.56,497.45,939.11,True,-0.1899
2021-09-29T00:00:00,False,2021-09-30,50.0,1.0,17656.0,87.5,17000.0,18000.0,STOP,60.0,-146.91,491.23,-638.14,False,-0.0233
2021-09-30T00:00:00,False,2021-09-30,50.0,0.5,17718.7999,57.5,17000.0,18000.0,TRAIL,58.0,70.64,489.64,-419.0,False,-0.0176
2021-10-01T00:00:00,False,2021-10-07,50.0,6.0,17530.3496,5007.5,17400.0,18500.0,EOD,75.0,3152.5,518.79,2633.71,True,0.1252
2021-10-04T00:00:00,False,2021-10-07,50.0,3.0,17610.3008,2260.0,17600.0,18000.0,EOD,75.0,290.0,515.1,-225.1,False,0.0984
2021-10-05T00:00:00,False,2021-10-07,50.0,2.0,17660.8496,2140.0,17600.0,18000.0,EOD,75.0,1075.0,500.94,574.06,True,0.1407
2021-10-06T00:00:00,False,2021-10-07,50.0,1.0,17856.6504,980.0,17500.0,18000.0,TRAIL,58.0,857.0,492.83,364.17,True,-0.109
2021-10-07T00:00:00,False,2021-10-07,50.0,0.5,17802.75,1217.5,17400.0,17800.0,TRAIL,70.0,1115.84,493.32,622.52,True,-0.3889
2021-10-08T00:00:00,False,2021-10-14,50.0,6.0,17887.5,4647.5,17800.0,18000.0,EOD,75.0,822.5,519.31,303.19,True,-0.0482
2021-10-11T00:00:00,False,2021-10-14,50.0,3.0,17855.0,1762.5,17800.0,18500.0,EOD,75.0,632.5,500.54,131.96,True,0.1754
2021-10-12T00:00:00,False,2021-10-14,50.0,2.0,17922.0,3490.0,17800.0,18000.0,EOD,75.0,25.0,504.84,-479.84,False,-0.0646
2021-10-13T00:00:00,False,2021-10-14,50.0,1.0,18088.25,1772.5,18000.0,18200.0,EOD,75.0,-330.0,499.86,-829.86,False,0.0065
2021-10-14T00:00:00,False,2021-10-14,50.0,0.5,18280.9492,3472.5,18300.0,18350.0,TRAIL,58.0,2682.48,502.33,2180.15,True,0.142
2021-10-18T00:00:00,False,2021-10-21,50.0,3.0,18475.4004,1787.5,18300.0,19000.0,EOD,75.0,687.5,503.63,183.87,True,0.0916
2021-10-19T00:00:00,False,2021-10-21,50.0,2.0,18585.3008,1085.0,18300.0,19000.0,EOD,75.0,-217.5,494.26,-711.76,False,0.0753
2021-10-20T00:00:00,False,2021-10-21,50.0,1.0,18445.8496,2017.5,18000.0,18500.0,TRAIL,61.0,1540.92,501.22,1039.7,True,-0.1822
2021-10-21T00:00:00,False,2021-10-21,50.0,0.5,18374.9004,6590.0,18000.0,18200.0,TRAIL,58.0,16166.42,513.83,15652.59,True,-0.3489
2021-10-22T00:00:00,False,2021-10-28,50.0,6.0,18232.25,295.0,17500.0,19000.0,EOD,75.0,5.0,491.78,-486.78,False,-0.0031
2021-10-25T00:00:00,False,2021-10-28,50.0,3.0,18236.6504,145.0,17500.0,19000.0,EOD,75.0,-35.0,491.5,-526.5,False,-0.002
2021-10-26T00:00:00,False,2021-10-28,50.0,2.0,18158.6504,2210.0,18000.0,18500.0,EOD,75.0,987.5,501.9,485.6,True,0.066
2021-10-27T00:00:00,False,2021-10-28,50.0,1.0,18297.0508,1152.5,18000.0,18500.0,EOD,75.0,665.0,493.95,171.05,True,-0.0888
2021-10-28T00:00:00,False,2021-10-28,50.0,0.5,18185.0508,147.5,17800.0,18500.0,TRAIL,58.0,288.99,489.8,-200.81,False,-0.0153
2021-10-29T00:00:00,False,2021-11-03,50.0,5.0,17827.8008,2762.5,17000.0,18000.0,EOD,75.0,1650.0,512.42,1137.58,True,-0.0952
2021-11-01T00:00:00,False,2021-11-03,50.0,2.0,17772.75,2962.5,17800.0,18000.0,EOD,75.0,-757.5,521.13,-1278.63,False,0.0938
2021-11-02T00:00:00,False,2021-11-03,50.0,1.0,17985.1992,610.0,17500.0,18000.0,EOD,75.0,-475.0,508.39,-983.39,False,-0.137
2021-11-03T00:00:00,False,2021-11-03,50.0,0.5,17946.5996,2182.5,17800.0,18000.0,TRAIL,58.0,1917.33,496.61,1420.72,True,-0.0751
2021-11-08T00:00:00,False,2021-11-11,50.0,3.0,18011.5508,2417.5,17900.0,18500.0,EOD,75.0,1350.0,505.15,844.85,True,0.106
2021-11-09T00:00:00,False,2021-11-11,50.0,2.0,18084.3496,2970.0,17900.0,18200.0,EOD,75.0,855.0,502.46,352.54,True,-0.0717
2021-11-10T00:00:00,False,2021-11-11,50.0,1.0,17968.1992,2092.5,17900.0,18200.0,EOD,75.0,872.5,497.71,374.79,True,0.1203
2021-11-11T00:00:00,False,2021-11-11,50.0,0.5,17962.5508,2242.5,17800.0,18000.0,TRAIL,58.0,1713.2,495.76,1217.44,True,-0.1922
2021-11-12T00:00:00,False,2021-11-18,50.0,6.0,17967.9004,2145.0,18000.0,18500.0,EOD,75.0,292.5,516.52,-224.02,False,0.1441
2021-11-15T00:00:00,False,2021-11-18,50.0,3.0,18149.4492,1355.0,18000.0,18500.0,EOD,75.0,-187.5,500.04,-687.54,False,0.1298
2021-11-16T00:00:00,False,2021-11-18,50.0,2.0,18125.3496,2967.5,17800.0,18200.0,EOD,75.0,1537.5,501.42,1036.08,True,-0.1651
2021-11-17T00:00:00,False,2021-11-18,50.0,1.0,17938.6504,1470.0,17800.0,18200.0,EOD,75.0,465.0,495.26,-30.26,False,0.0649
2021-11-18T00:00:00,False,2021-11-18,50.0,0.5,17894.5508,2462.5,17750.0,17900.0,TRAIL,58.0,2150.34,496.59,1653.75,True,-0.2476
2021-11-22T00:00:00,False,2021-11-25,50.0,3.0,17787.8008,1560.0,17000.0,18000.0,EOD,75.0,1000.0,497.45,502.55,True,-0.1163
2021-11-23T00:00:00,False,2021-11-25,,,,,,,NOSIM,,,,0.0,,
2021-11-24T00:00:00,False,2021-11-25,50.0,1.0,17555.0508,175.0,17000.0,18000.0,TRAIL,58.0,295.45,490.36,-194.91,False,0.0077
2021-11-25T00:00:00,False,2021-11-25,50.0,0.5,17408.5508,3502.5,17500.0,17700.0,TRAIL,61.0,2679.87,504.82,2175.05,True,0.4185
2021-11-26T00:00:00,False,2021-12-02,50.0,6.0,17339.0,3870.0,17000.0,17500.0,EOD,75.0,697.5,512.89,184.61,True,-0.0482
2021-11-29T00:00:00,False,2021-12-02,50.0,3.0,17065.6504,715.0,16000.0,17500.0,EOD,75.0,325.0,493.7,-168.7,False,-0.0452
2021-11-30T00:00:00,False,2021-12-02,50.0,2.0,17060.4492,260.0,16000.0,17500.0,STOP,4.0,-422.83,491.65,-914.48,False,-0.0265
2021-12-01T00:00:00,False,2021-12-02,50.0,1.0,17091.4492,440.0,16500.0,17500.0,TRAIL,74.0,330.54,491.05,-160.51,False,0.0174
2021-12-02T00:00:00,False,2021-12-02,50.0,0.5,17188.0,52.5,16500.0,17500.0,TRAIL,58.0,250.48,489.52,-239.04,False,-0.0099
2021-12-03T00:00:00,False,2021-12-09,50.0,6.0,17423.25,1252.5,17000.0,18000.0,EOD,75.0,-287.5,499.68,-787.18,False,0.0427
2021-12-06T00:00:00,False,2021-12-09,50.0,3.0,17203.5996,1727.5,16000.0,17500.0,TRAIL,65.0,1323.18,497.67,825.51,True,-0.1166
2021-12-07T00:00:00,False,2021-12-09,50.0,2.0,17033.9492,1012.5,17000.0,18000.0,EOD,75.0,40.0,509.35,-469.35,False,0.1336
2021-12-08T00:00:00,False,2021-12-09,50.0,1.0,17312.5508,447.5,17000.0,17600.0,EOD,75.0,-190.0,493.77,-683.77,False,0.0233
2021-12-09T00:00:00,False,2021-12-09,50.0,0.5,17525.6992,1885.0,17500.0,17700.0,TRAIL,70.0,1907.87,495.27,1412.6,True,0.2453
2021-12-10T00:00:00,False,2021-12-16,50.0,6.0,17487.5508,2282.5,17400.0,18000.0,EOD,75.0,412.5,508.3,-95.8,False,0.0791
2021-12-13T00:00:00,False,2021-12-16,50.0,3.0,17609.5508,3872.5,17000.0,17600.0,EOD,75.0,2125.0,509.32,1615.68,True,-0.1773
2021-12-14T00:00:00,False,2021-12-16,50.0,2.0,17284.5996,485.0,17000.0,18000.0,EOD,75.0,17.5,494.62,-477.12,False,0.052
2021-12-15T00:00:00,False,2021-12-16,50.0,1.0,17335.5996,1022.5,17000.0,17500.0,EOD,75.0,275.0,494.98,-219.98,False,-0.084
2021-12-16T00:00:00,False,2021-12-16,50.0,0.5,17374.5996,3265.0,17200.0,17300.0,TRAIL,58.0,3577.53,505.29,3072.24,True,-0.4336
2021-12-17T00:00:00,False,2021-12-23,50.0,6.0,17292.4492,855.0,17000.0,18000.0,STOP,13.0,-1254.18,498.96,-1753.14,False,0.0665
2021-12-20T00:00:00,False,2021-12-23,50.0,3.0,16828.5,2092.5,16000.0,17000.0,TRAIL,59.0,1572.62,511.96,1060.66,True,-0.1059
2021-12-21T00:00:00,False,2021-12-23,,,,,,,NOSIM,,,,0.0,,
2021-12-22T00:00:00,False,2021-12-23,50.0,1.0,16857.1504,3825.0,16800.0,17200.0,TRAIL,70.0,2898.84,501.86,2396.98,True,0.2264
2021-12-23T00:00:00,False,2021-12-23,50.0,0.5,17059.5508,3847.5,17050.0,17100.0,TRAIL,58.0,2932.78,502.8,2429.98,True,0.0191
2021-12-24T00:00:00,False,2021-12-30,50.0,6.0,17151.4492,517.5,16500.0,18000.0,EOD,75.0,32.5,493.74,-461.24,False,0.0306
2021-12-27T00:00:00,False,2021-12-30,50.0,3.0,16936.5,4760.0,17000.0,18000.0,EOD,75.0,3032.5,517.8,2514.7,True,0.1721
2021-12-28T00:00:00,False,2021-12-30,50.0,2.0,17178.6504,1712.5,17000.0,18000.0,EOD,75.0,1210.0,499.55,710.45,True,0.1269
2021-12-29T00:00:00,False,2021-12-30,,,,,,,NOSIM,,,,0.0,,
2021-12-30T00:00:00,False,2021-12-30,50.0,0.5,17192.1504,2497.5,17200.0,17500.0,TRAIL,58.0,1985.77,496.87,1488.9,True,0.3398
2021-12-31T00:00:00,False,2022-01-06,50.0,6.0,17246.4492,3187.5,17300.0,18000.0,EOD,75.0,987.5,518.62,468.88,True,0.1636
2022-01-03T00:00:00,False,2022-01-06,50.0,3.0,17392.3008,2812.5,17300.0,18000.0,EOD,75.0,2025.0,504.25,1520.75,True,0.1576
2022-01-04T00:00:00,False,2022-01-06,50.0,2.0,17671.0996,472.5,17000.0,18000.0,EOD,75.0,-95.0,491.33,-586.33,False,-0.0329
2022-01-05T00:00:00,False,2022-01-06,50.0,1.0,17811.5508,3500.0,17800.0,18000.0,EOD,75.0,1942.5,503.01,1439.49,True,0.1289
2022-01-06T00:00:00,False,2022-01-06,50.0,0.5,17768.8496,552.5,17700.0,18000.0,TRAIL,62.0,485.42,492.58,-7.16,False,0.0461
2022-01-07T00:00:00,False,2022-01-13,50.0,6.0,17792.8496,2920.0,17500.0,18000.0,EOD,75.0,305.0,511.34,-206.34,False,-0.0553
2022-01-10T00:00:00,False,2022-01-13,50.0,3.0,17916.75,307.5,17500.0,18500.0,EOD,75.0,-30.0,494.32,-524.32,False,0.0262
2022-01-11T00:00:00,False,2022-01-13,50.0,2.0,18005.0996,762.5,17500.0,18500.0,TRAIL,71.0,587.2,491.31,95.89,True,0.0457
2022-01-12T00:00:00,False,2022-01-13,50.0,1.0,18159.3008,312.5,17700.0,18500.0,EOD,75.0,220.0,490.75,-270.75,False,0.0042
2022-01-13T00:00:00,False,2022-01-13,50.0,0.5,18252.8008,45.0,17700.0,18500.0,TRAIL,58.0,35.14,489.37,-454.23,False,-0.0019
2022-01-14T00:00:00,False,2022-01-20,50.0,6.0,18181.0508,1725.0,18200.0,19000.0,EOD,75.0,-592.5,514.54,-1107.04,False,0.1509
2022-01-17T00:00:00,False,2022-01-20,50.0,3.0,18246.6992,120.0,17500.0,19000.0,EOD,75.0,50.0,490.23,-440.23,False,0.0097
2022-01-18T00:00:00,False,2022-01-20,50.0,2.0,18339.6504,4005.0,17500.0,18300.0,TRAIL,72.0,3085.78,509.27,2576.51,True,-0.2323
2022-01-19T00:00:00,False,2022-01-20,50.0,1.0,18121.0996,570.0,17500.0,18300.0,TRAIL,65.0,447.27,491.84,-44.57,False,-0.0959
2022-01-20T00:00:00,False,2022-01-20,50.0,0.5,17934.3008,4897.5,17700.0,17800.0,TRAIL,58.0,4930.22,516.39,4413.83,True,-0.2172
2022-01-21T00:00:00,False,2022-01-27,50.0,6.0,17618.5996,757.5,17000.0,18000.0,EOD,75.0,-322.5,499.75,-822.25,False,-0.0156
2022-01-24T00:00:00,False,2022-01-27,50.0,3.0,17560.0,592.5,16500.0,18000.0,EOD,75.0,215.0,493.02,-278.02,False,-0.0453
2022-01-25T00:00:00,False,2022-01-27,50.0,2.0,17002.3008,180.0,16000.0,18000.0,TRAIL,63.0,137.01,491.07,-354.06,False,0.0037
2022-01-27T00:00:00,False,2022-01-27,50.0,0.5,17066.25,1320.0,17000.0,17400.0,TRAIL,61.0,1005.63,505.41,500.22,True,0.0657
2022-01-28T00:00:00,False,2022-02-03,,,,,,,NOLEG,,,,0.0,,
2022-01-31T00:00:00,False,2022-02-03,,,,,,,NOLEG,,,,0.0,,
2022-02-01T00:00:00,False,2022-02-03,50.0,2.0,17532.3008,1297.5,16500.0,18000.0,EOD,75.0,670.0,502.13,167.87,True,-0.0445
2022-02-02T00:00:00,False,2022-02-03,50.0,1.0,17697.25,1147.5,17000.0,18000.0,EOD,75.0,775.0,494.89,280.11,True,-0.0968
2022-02-03T00:00:00,False,2022-02-03,50.0,0.5,17772.0508,3457.5,17200.0,17700.0,TRAIL,72.0,2701.67,503.64,2198.03,True,-0.3768
2022-02-04T00:00:00,False,2022-02-10,50.0,6.0,17580.0996,2620.0,17500.0,17800.0,EOD,75.0,-1190.0,524.49,-1714.49,False,0.003
2022-02-07T00:00:00,False,2022-02-10,50.0,3.0,17463.6504,1070.0,17000.0,18000.0,EOD,75.0,-392.5,495.54,-888.04,False,0.0237
2022-02-08T00:00:00,False,2022-02-10,50.0,2.0,17275.0508,1010.0,16500.0,17500.0,EOD,75.0,285.0,497.34,-212.34,False,-0.079
2022-02-09T00:00:00,False,2022-02-10,50.0,1.0,17360.4492,395.0,17000.0,18000.0,TRAIL,66.0,302.66,491.49,-188.83,False,0.0444
2022-02-10T00:00:00,False,2022-02-10,50.0,0.5,17538.0996,3472.5,17600.0,17800.0,TRAIL,58.0,3188.92,504.03,2684.89,True,0.3334
2022-02-11T00:00:00,False,2022-02-17,50.0,6.0,17444.4492,620.0,16500.0,18000.0,EOD,75.0,335.0,493.25,-158.25,False,-0.0371
2022-02-14T00:00:00,False,2022-02-17,50.0,3.0,17077.1504,620.0,16000.0,17500.0,EOD,75.0,102.5,498.1,-395.6,False,-0.0601
2022-02-15T00:00:00,False,2022-02-17,50.0,2.0,16933.0508,4065.0,17000.0,17700.0,TRAIL,73.0,3117.16,539.66,2577.5,True,0.0955
2022-02-16T00:00:00,False,2022-02-17,50.0,1.0,17414.5,2537.5,17000.0,17500.0,EOD,75.0,1435.0,503.12,931.88,True,-0.188
2022-02-17T00:00:00,False,2022-02-17,50.0,0.5,17387.25,2440.0,17300.0,17500.0,TRAIL,58.0,2511.59,498.72,2012.87,True,0.0904
2022-02-18T00:00:00,False,2022-02-24,50.0,6.0,17230.1504,4387.5,17000.0,18000.0,EOD,75.0,2760.0,520.53,2239.47,True,0.0964
2022-02-21T00:00:00,False,2022-02-24,50.0,3.0,17202.5,725.0,17000.0,18000.0,EOD,75.0,-770.0,514.92,-1284.92,False,0.0511
2022-02-22T00:00:00,False,2022-02-24,50.0,2.0,16864.3008,287.5,17000.0,18000.0,STOP,33.0,-1155.68,516.52,-1672.2,False,0.4997
2022-02-23T00:00:00,False,2022-02-24,50.0,1.0,17194.25,70.0,16500.0,18000.0,EOD,75.0,-47.5,492.25,-539.75,False,0.0075
2022-02-24T00:00:00,False,2022-02-24,50.0,0.5,16574.1504,2415.0,16000.0,16500.0,TRAIL,70.0,2131.84,517.66,1614.18,True,-0.2179
2022-02-25T00:00:00,False,2022-03-03,50.0,6.0,16513.1992,3067.5,16000.0,17500.0,EOD,75.0,1930.0,527.15,1402.85,True,0.0366
2022-02-28T00:00:00,False,2022-03-03,50.0,3.0,16498.0508,767.5,16000.0,17500.0,EOD,75.0,-155.0,509.52,-664.52,False,0.0315
2022-03-02T00:00:00,False,2022-03-03,50.0,1.0,16588.9004,330.0,15500.0,17500.0,EOD,75.0,197.5,494.72,-297.22,False,0.006
2022-03-04T00:00:00,False,2022-03-10,,,,,,,NOSIM,,,,0.0,,
2022-03-07T00:00:00,False,2022-03-10,,,,,,,NOLEG,,,,0.0,,
2022-03-08T00:00:00,False,2022-03-10,50.0,2.0,15752.7998,1140.0,15000.0,17000.0,TRAIL,72.0,860.26,497.76,362.5,True,0.0464
2022-03-09T00:00:00,False,2022-03-10,50.0,1.0,16080.75,555.0,15500.0,17000.0,TRAIL,73.0,418.89,495.97,-77.08,False,0.0325
2022-03-10T00:00:00,False,2022-03-10,50.0,0.5,16709.4492,277.5,16000.0,17000.0,TRAIL,59.0,210.05,491.74,-281.69,False,-0.0831
2022-03-11T00:00:00,False,2022-03-17,50.0,6.0,16532.6992,42.5,16000.0,17500.0,STOP,4.0,-83.49,512.24,-595.73,False,0.0017
2022-03-14T00:00:00,False,2022-03-17,50.0,3.0,16646.8496,312.5,16000.0,17500.0,STOP,61.0,-444.18,499.43,-943.61,False,0.0098
2022-03-15T00:00:00,False,2022-03-17,50.0,2.0,16893.0508,672.5,16000.0,17500.0,EOD,75.0,32.5,494.97,-462.47,False,-0.0106
2022-03-16T00:00:00,False,2022-03-17,50.0,1.0,16863.75,665.0,16000.0,17500.0,TRAIL,75.0,502.5,491.81,10.69,True,0.0205
2022-03-17T00:00:00,False,2022-03-17,50.0,0.5,17201.3496,1172.5,16000.0,17300.0,TRAIL,71.0,1060.88,493.74,567.14,True,-0.1866
2022-03-21T00:00:00,False,2022-03-24,50.0,3.0,17327.9004,380.0,16000.0,18000.0,EOD,75.0,155.0,492.31,-337.31,False,-0.0173
2022-03-22T00:00:00,False,2022-03-24,50.0,2.0,17120.5508,292.5,16300.0,18000.0,EOD,75.0,170.0,491.54,-321.54,False,0.0058
2022-03-23T00:00:00,False,2022-03-24,50.0,1.0,17410.5996,127.5,16500.0,18000.0,TRAIL,62.0,101.22,489.92,-388.7,False,-0.0039
2022-03-24T00:00:00,False,2022-03-24,50.0,0.5,17094.8008,2485.0,17200.0,17500.0,TRAIL,58.0,2823.53,506.33,2317.2,True,0.5784
2022-03-25T00:00:00,False,2022-03-31,50.0,6.0,17289.0,267.5,16000.0,18000.0,EOD,75.0,47.5,492.45,-444.95,False,-0.0066
2022-03-28T00:00:00,False,2022-03-31,50.0,3.0,17181.85,110.0,16000.0,18000.0,EOD,75.0,35.0,490.81,-455.81,False,-0.0068
2022-03-29T00:00:00,False,2022-03-31,50.0,2.0,17297.2,125.0,16500.0,18000.0,EOD,75.0,45.0,490.19,-445.19,False,-0.0014
2022-03-30T00:00:00,False,2022-03-31,50.0,1.0,17468.15,290.0,17000.0,18000.0,EOD,75.0,197.5,490.62,-293.12,False,0.0171
2022-03-31T00:00:00,False,2022-03-31,50.0,0.5,17519.2,4165.0,17400.0,17500.0,TRAIL,58.0,3292.97,501.11,2791.86,True,-0.2359
2022-04-01T00:00:00,False,2022-04-07,50.0,6.0,17436.9,680.0,16500.0,18000.0,EOD,75.0,-192.5,493.0,-685.5,False,-0.0373
2022-04-04T00:00:00,False,2022-04-07,50.0,3.0,17809.1,1685.0,17500.0,19000.0,TRAIL,58.0,1298.44,496.82,801.62,True,0.1248
2022-04-05T00:00:00,False,2022-04-07,50.0,2.0,18080.6,1297.5,18000.0,18500.0,EOD,75.0,-1665.0,501.76,-2166.76,False,0.0945
2022-04-06T00:00:00,False,2022-04-07,50.0,1.0,17842.75,1340.0,17500.0,18000.0,EOD,75.0,800.0,495.94,304.06,True,-0.0611
2022-04-07T00:00:00,False,2022-04-07,50.0,0.5,17723.3,4307.5,17600.0,17650.0,TRAIL,60.0,3401.77,508.37,2893.4,True,-0.1742
2022-04-08T00:00:00,False,2022-04-13,50.0,5.0,17698.15,30.0,17000.0,18500.0,STOP,37.0,-51.43,491.25,-542.68,False,-0.0118
2022-04-11T00:00:00,False,2022-04-13,50.0,2.0,17740.9004,1685.0,17000.0,18000.0,TRAIL,74.0,1270.21,496.6,773.61,True,-0.1276
2022-04-12T00:00:00,False,2022-04-13,50.0,1.0,17584.8496,180.0,17000.0,18000.0,EOD,75.0,127.5,490.13,-362.63,False,-0.0199
2022-04-13T00:00:00,False,2022-04-13,50.0,0.5,17599.9004,3330.0,17400.0,17500.0,TRAIL,70.0,2608.79,503.19,2105.6,True,-0.5725
2022-04-18T00:00:00,False,2022-04-21,50.0,3.0,17183.4492,372.5,16500.0,18000.0,EOD,75.0,227.5,491.6,-264.1,False,0.0082
2022-04-19T00:00:00,False,2022-04-21,50.0,2.0,17258.9492,887.5,16500.0,17500.0,TRAIL,64.0,682.41,493.83,188.58,True,-0.096
2022-04-20T00:00:00,False,2022-04-21,,,,,,,NOSIM,,,,0.0,,
2022-04-21T00:00:00,False,2022-04-21,50.0,0.5,17234.5996,4870.0,17350.0,17400.0,TRAIL,58.0,3689.32,511.39,3177.93,True,0.2636
2022-04-22T00:00:00,False,2022-04-28,50.0,6.0,17242.75,1365.0,17000.0,18000.0,EOD,75.0,-332.5,502.48,-834.98,False,0.0723
2022-04-25T00:00:00,False,2022-04-28,50.0,3.0,17009.0508,240.0,16000.0,17800.0,EOD,75.0,140.0,490.4,-350.4,False,-0.0017
2022-04-26T00:00:00,False,2022-04-28,50.0,2.0,17121.3008,2132.5,17000.0,17500.0,EOD,75.0,880.0,506.94,373.06,True,0.0787
2022-04-27T00:00:00,False,2022-04-28,50.0,1.0,17073.3496,2180.0,17000.0,17500.0,EOD,75.0,462.5,500.63,-38.13,False,0.1526
2022-04-28T00:00:00,False,2022-04-28,50.0,0.5,17189.5,4917.5,17200.0,17300.0,TRAIL,58.0,3991.87,503.52,3488.35,True,0.1851
2022-04-29T00:00:00,False,2022-05-05,50.0,6.0,17329.25,1545.0,17000.0,18000.0,EOD,75.0,-477.5,498.98,-976.48,False,0.0864
2022-05-02T00:00:00,False,2022-05-05,50.0,3.0,16924.4492,2390.0,17000.0,17500.0,EOD,75.0,-137.5,520.41,-657.91,False,0.1627
2022-05-04T00:00:00,False,2022-05-05,50.0,1.0,17096.5996,4335.0,16000.0,17000.0,TRAIL,64.0,3326.47,519.39,2807.08,True,-0.1928
2022-05-05T00:00:00,False,2022-05-05,50.0,0.5,16854.75,3925.0,16500.0,16700.0,TRAIL,59.0,3081.78,510.54,2571.24,True,-0.4334
2022-05-06T00:00:00,False,2022-05-12,,,,,,,NOLEG,,,,0.0,,
2022-05-09T00:00:00,False,2022-05-12,50.0,3.0,16227.7002,2327.5,16000.0,17000.0,EOD,75.0,1107.5,505.84,601.66,True,0.1059
2022-05-10T00:00:00,False,2022-05-12,50.0,2.0,16248.9004,965.0,16000.0,17000.0,EOD,75.0,-127.5,498.56,-626.06,False,0.0824
2022-05-11T00:00:00,False,2022-05-12,50.0,1.0,16270.0498,37.5,15500.0,17000.0,STOP,16.0,-66.26,489.65,-555.91,False,-0.0003
2022-05-12T00:00:00,False,2022-05-12,50.0,0.5,16021.0996,370.0,15800.0,16500.0,STOP,3.0,-614.55,490.25,-1104.8,False,0.0727
2022-05-13T00:00:00,False,2022-05-19,50.0,6.0,15977.0,435.0,15000.0,17000.0,EOD,75.0,85.0,492.71,-407.71,False,0.018
2022-05-16T00:00:00,False,2022-05-19,50.0,3.0,15845.0996,122.5,15000.0,17000.0,EOD,75.0,-37.5,491.32,-528.82,False,0.0069
2022-05-17T00:00:00,False,2022-05-19,50.0,2.0,15912.5996,90.0,15000.0,17000.0,TRAIL,58.0,76.21,489.98,-413.77,False,0.0083
2022-05-18T00:00:00,False,2022-05-19,50.0,1.0,16318.1504,1635.0,16000.0,16500.0,EOD,75.0,890.0,498.0,392.0,True,-0.086
2022-05-19T00:00:00,False,2022-05-19,,,,,,,NOSIM,,,,0.0,,
2022-05-20T00:00:00,False,2022-05-26,50.0,6.0,16043.7998,1495.0,16000.0,17000.0,EOD,75.0,-180.0,534.4,-714.4,False,0.0769
2022-05-23T00:00:00,False,2022-05-26,50.0,3.0,16290.9502,1285.0,16000.0,17000.0,EOD,75.0,-440.0,504.59,-944.59,False,0.0607
2022-05-24T00:00:00,False,2022-05-26,50.0,2.0,16225.5498,1872.5,16000.0,17000.0,EOD,75.0,-70.0,506.29,-576.29,False,0.0933
2022-05-25T00:00:00,False,2022-05-26,50.0,1.0,16196.3496,685.0,15500.0,16500.0,TRAIL,61.0,519.54,491.88,27.66,True,-0.05
2022-05-26T00:00:00,False,2022-05-26,50.0,0.5,16105.0,2855.0,16000.0,16200.0,TRAIL,58.0,2392.32,498.92,1893.4,True,0.0208
2022-05-27T00:00:00,False,2022-06-02,50.0,6.0,16296.5996,1100.0,16000.0,17000.0,EOD,75.0,-200.0,503.38,-703.38,False,0.0617
2022-05-30T00:00:00,False,2022-06-02,,,,,,,NOSIM,,,,0.0,,
2022-05-31T00:00:00,False,2022-06-02,50.0,2.0,16578.4492,725.0,16000.0,17000.0,EOD,75.0,320.0,493.16,-173.16,False,-0.0312
2022-06-01T00:00:00,False,2022-06-02,50.0,1.0,16594.4004,192.5,16000.0,17000.0,EOD,75.0,95.0,491.01,-396.01,False,0.0171
2022-06-02T00:00:00,False,2022-06-02,50.0,0.5,16481.6504,4725.0,16600.0,17000.0,TRAIL,58.0,3833.85,512.9,3320.95,True,0.2801
2022-06-03T00:00:00,False,2022-06-09,50.0,6.0,16761.6504,1180.0,16300.0,17500.0,EOD,75.0,-47.5,496.78,-544.28,False,0.0556
2022-06-06T00:00:00,False,2022-06-09,50.0,3.0,16530.6992,1372.5,16300.0,17200.0,EOD,75.0,240.0,499.49,-259.49,False,0.0854
2022-06-07T00:00:00,False,2022-06-09,50.0,2.0,16469.5996,640.0,16000.0,17000.0,EOD,75.0,275.0,492.05,-217.05,False,0.0205
2022-06-08T00:00:00,False,2022-06-09,50.0,1.0,16474.9492,425.0,16000.0,16800.0,TRAIL,70.0,342.78,491.06,-148.28,False,-0.0205
2022-06-09T00:00:00,False,2022-06-09,50.0,0.5,16263.8496,4905.0,16450.0,16500.0,TRAIL,68.0,3868.07,516.45,3351.62,True,0.3498
2022-06-10T00:00:00,False,2022-06-16,50.0,6.0,16283.9502,152.5,15000.0,17000.0,EOD,75.0,42.5,490.52,-448.02,False,-0.0163
2022-06-13T00:00:00,False,2022-06-16,50.0,3.0,15877.5498,337.5,15000.0,16500.0,EOD,75.0,22.5,493.16,-470.66,False,-0.0268
2022-06-14T00:00:00,False,2022-06-16,50.0,2.0,15674.25,295.0,15000.0,16500.0,EOD,75.0,177.5,492.04,-314.54,False,0.0124
2022-06-15T00:00:00,False,2022-06-16,50.0,1.0,15729.25,1235.0,15000.0,16000.0,EOD,75.0,535.0,494.44,40.56,True,-0.1138
2022-06-16T00:00:00,False,2022-06-16,50.0,0.5,15832.25,6805.0,15000.0,15400.0,TRAIL,60.0,5564.62,570.07,4994.55,True,-0.1145
2022-06-17T00:00:00,False,2022-06-23,50.0,6.0,15272.6504,1760.0,15000.0,16000.0,EOD,75.0,132.5,510.01,-377.51,False,0.0432
2022-06-20T00:00:00,False,2022-06-23,50.0,3.0,15334.5,1647.5,15000.0,16000.0,EOD,75.0,605.0,502.28,102.72,True,0.0687
2022-06-21T00:00:00,False,2022-06-23,50.0,2.0,15455.9502,912.5,15000.0,16000.0,EOD,75.0,552.5,494.29,58.21,True,0.0486
2022-06-22T00:00:00,False,2022-06-23,50.0,1.0,15545.6504,355.0,15000.0,16000.0,EOD,75.0,165.0,491.01,-326.01,False,0.0083
2022-06-23T00:00:00,False,2022-06-23,50.0,0.5,15451.5498,437.5,15000.0,15600.0,STOP,6.0,-616.59,490.65,-1107.24,False,-0.0911
2022-06-24T00:00:00,False,2022-06-30,50.0,6.0,15657.4004,2470.0,15500.0,16000.0,EOD,75.0,-347.5,514.84,-862.34,False,-0.0097
2022-06-27T00:00:00,False,2022-06-30,50.0,3.0,15926.2002,2365.0,15000.0,16000.0,EOD,75.0,592.5,504.6,87.9,True,-0.1575
2022-06-28T00:00:00,False,2022-06-30,50.0,2.0,15757.4502,1342.5,15000.0,16000.0,EOD,75.0,-55.0,495.16,-550.16,False,-0.1153
2022-06-29T00:00:00,False,2022-06-30,50.0,1.0,15701.7002,1232.5,15500.0,16000.0,EOD,75.0,195.0,495.48,-300.48,False,0.0282
2022-06-30T00:00:00,False,2022-06-30,50.0,0.5,15774.5,290.0,15400.0,16000.0,STOP,5.0,-482.62,489.89,-972.51,False,-0.0521
2022-07-01T00:00:00,False,2022-07-07,50.0,6.0,15703.7002,1682.5,15500.0,16500.0,EOD,75.0,180.0,510.6,-330.6,False,0.0789
2022-07-04T00:00:00,False,2022-07-07,50.0,3.0,15710.5,280.0,15000.0,16500.0,TRAIL,74.0,211.47,490.87,-279.4,False,0.0108
2022-07-05T00:00:00,False,2022-07-07,50.0,2.0,15909.1504,3045.0,15500.0,16000.0,EOD,75.0,1587.5,502.48,1085.02,True,-0.1667
2022-07-06T00:00:00,False,2022-07-07,50.0,1.0,15818.2002,2382.5,15800.0,16200.0,EOD,75.0,1327.5,505.41,822.09,True,0.1732
2022-07-07T00:00:00,False,2022-07-07,50.0,0.5,16113.75,2725.0,16100.0,16200.0,TRAIL,58.0,2056.83,503.98,1552.85,True,-0.0004
2022-07-08T00:00:00,False,2022-07-14,50.0,6.0,16273.6504,5250.0,16000.0,16200.0,EOD,75.0,405.0,530.8,-125.8,False,-0.0861
2022-07-11T00:00:00,False,2022-07-14,50.0,3.0,16136.1504,1817.5,16000.0,16600.0,EOD,75.0,370.0,502.04,-132.04,False,0.1051
2022-07-12T00:00:00,False,2022-07-14,50.0,2.0,16126.2002,2810.0,15700.0,16200.0,EOD,75.0,1152.5,499.98,652.52,True,-0.1443
2022-07-13T00:00:00,False,2022-07-14,50.0,1.0,16128.2002,105.0,15500.0,16500.0,EOD,75.0,35.0,489.68,-454.68,False,-0.0119
2022-07-14T00:00:00,False,2022-07-14,50.0,0.5,16018.8496,5145.0,15900.0,15950.0,TRAIL,58.0,4388.22,505.66,3882.56,True,-0.2351
2022-07-15T00:00:00,False,2022-07-21,50.0,6.0,16010.7998,3372.5,16000.0,16600.0,EOD,75.0,920.0,516.8,403.2,True,0.128
2022-07-18T00:00:00,False,2022-07-21,50.0,3.0,16151.4004,1205.0,16000.0,16600.0,EOD,75.0,360.0,496.77,-136.77,False,0.0998
2022-07-19T00:00:00,False,2022-07-21,50.0,2.0,16187.0498,2390.0,16200.0,16600.0,EOD,75.0,1120.0,502.0,618.0,True,0.2371
2022-07-20T00:00:00,False,2022-07-21,50.0,1.0,16562.8008,790.0,16000.0,16600.0,EOD,75.0,-212.5,492.55,-705.05,False,-0.2269
2022-07-21T00:00:00,False,2022-07-21,50.0,0.5,16523.5508,1640.0,16500.0,16700.0,TRAIL,61.0,1233.27,494.83,738.44,True,0.2406
2022-07-22T00:00:00,False,2022-07-28,50.0,6.0,16661.25,2382.5,16500.0,17000.0,EOD,75.0,222.5,505.36,-282.86,False,0.042
2022-07-25T00:00:00,False,2022-07-28,50.0,3.0,16662.5508,922.5,16000.0,17000.0,EOD,75.0,530.0,493.24,36.76,True,-0.0839
2022-07-26T00:00:00,False,2022-07-28,50.0,2.0,16632.9004,310.0,16000.0,17000.0,TRAIL,61.0,235.88,490.53,-254.65,False,-0.0269
2022-07-27T00:00:00,False,2022-07-28,50.0,1.0,16475.3496,137.5,16000.0,17000.0,EOD,75.0,35.0,489.78,-454.78,False,0.0136
2022-07-28T00:00:00,False,2022-07-28,50.0,0.5,16774.8496,3825.0,16900.0,16950.0,TRAIL,58.0,3044.48,514.1,2530.38,True,0.2423
2022-07-29T00:00:00,False,2022-08-04,50.0,6.0,17079.5,2757.5,17000.0,17600.0,EOD,75.0,1007.5,511.18,496.32,True,0.1089
2022-08-01T00:00:00,False,2022-08-04,50.0,3.0,17243.1992,910.0,16500.0,17500.0,EOD,75.0,-612.5,493.68,-1106.18,False,-0.0923
2022-08-02T00:00:00,False,2022-08-04,50.0,2.0,17310.1504,2732.5,17200.0,17500.0,EOD,75.0,342.5,504.09,-161.59,False,0.0325
2022-08-03T00:00:00,False,2022-08-04,50.0,1.0,17349.25,1355.0,17000.0,17500.0,EOD,75.0,272.5,494.91,-222.41,False,-0.1207
2022-08-04T00:00:00,False,2022-08-04,50.0,0.5,17463.0996,4032.5,17000.0,17400.0,TRAIL,58.0,4858.37,502.73,4355.64,True,-0.3895
2022-08-05T00:00:00,False,2022-08-11,50.0,6.0,17423.6504,1210.0,17000.0,18000.0,EOD,75.0,362.5,500.1,-137.6,False,0.0104
2022-08-08T00:00:00,False,2022-08-11,50.0,3.0,17401.5,2500.0,17400.0,18000.0,EOD,75.0,957.5,513.02,444.48,True,0.1481
2022-08-10T00:00:00,False,2022-08-11,50.0,1.0,17566.0996,90.0,17000.0,18000.0,EOD,75.0,12.5,490.11,-477.61,False,-0.0077
2022-08-11T00:00:00,False,2022-08-11,50.0,0.5,17711.6504,2112.5,17300.0,17700.0,TRAIL,58.0,1601.52,495.17,1106.35,True,-0.4196
2022-08-12T00:00:00,False,2022-08-18,50.0,6.0,17659.6504,2315.0,17000.0,17800.0,EOD,75.0,320.0,502.26,-182.26,False,-0.1392
2022-08-16T00:00:00,False,2022-08-18,50.0,2.0,17797.1992,4517.5,17700.0,17800.0,EOD,75.0,430.0,512.56,-82.56,False,-0.1344
2022-08-17T00:00:00,False,2022-08-18,50.0,1.0,17868.1504,3282.5,17800.0,18000.0,EOD,75.0,977.5,499.58,477.92,True,0.0872
2022-08-18T00:00:00,False,2022-08-18,50.0,0.5,17898.6504,2992.5,17900.0,18000.0,TRAIL,60.0,2282.6,497.7,1784.9,True,0.1919
2022-08-19T00:00:00,False,2022-08-25,50.0,6.0,17966.5508,2520.0,17000.0,18000.0,EOD,75.0,1155.0,508.38,646.62,True,-0.1604
2022-08-22T00:00:00,False,2022-08-25,50.0,3.0,17682.9004,847.5,17000.0,18000.0,EOD,75.0,460.0,493.83,-33.83,False,-0.1132
2022-08-23T00:00:00,False,2022-08-25,50.0,2.0,17357.3496,4782.5,17500.0,18000.0,EOD,75.0,3027.5,514.23,2513.27,True,0.3266
2022-08-24T00:00:00,False,2022-08-25,50.0,1.0,17525.4492,152.5,17000.0,18000.0,TRAIL,66.0,120.24,490.24,-370.0,False,-0.0144
2022-08-25T00:00:00,False,2022-08-25,50.0,0.5,17679.0,62.5,17300.0,18000.0,TRAIL,58.0,236.86,489.46,-252.6,False,0.0007
2022-08-26T00:00:00,False,2022-09-01,50.0,6.0,17619.3008,2847.5,17000.0,17700.0,EOD,75.0,227.5,512.48,-284.98,False,-0.1013
2022-08-29T00:00:00,False,2022-09-01,50.0,3.0,17188.6504,1962.5,17000.0,18000.0,EOD,75.0,1125.0,499.83,625.17,True,0.1223
2022-08-30T00:00:00,False,2022-09-01,50.0,2.0,17414.9492,617.5,17000.0,18000.0,EOD,75.0,227.5,492.1,-264.6,False,0.0478
2022-09-01T00:00:00,False,2022-09-01,50.0,0.5,17485.6992,1770.0,17500.0,18000.0,TRAIL,64.0,1412.14,498.72,913.42,True,0.3034
2022-09-02T00:00:00,False,2022-09-08,50.0,6.0,17598.4004,1687.5,17000.0,18000.0,EOD,75.0,600.0,500.15,99.85,True,-0.0508
2022-09-05T00:00:00,False,2022-09-08,50.0,3.0,17546.4492,1095.0,17000.0,18000.0,EOD,75.0,222.5,494.57,-272.07,False,-0.0196
2022-09-06T00:00:00,False,2022-09-08,50.0,2.0,17695.6992,2317.5,17000.0,17800.0,EOD,75.0,655.0,501.04,153.96,True,-0.1642
2022-09-07T00:00:00,False,2022-09-08,50.0,1.0,17519.4004,317.5,17000.0,18000.0,EOD,75.0,207.5,490.43,-282.93,False,-0.0135
2022-09-08T00:00:00,False,2022-09-08,50.0,0.5,17748.1504,1600.0,17000.0,17800.0,TRAIL,58.0,1633.01,493.6,1139.41,True,-0.2848
2022-09-09T00:00:00,False,2022-09-15,50.0,6.0,17923.3496,2917.5,17000.0,18000.0,EOD,75.0,822.5,503.81,318.69,True,-0.1862
2022-09-12T00:00:00,False,2022-09-15,50.0,3.0,17890.8496,6357.5,17900.0,18000.0,EOD,75.0,1315.0,526.43,788.57,True,-0.0166
2022-09-13T00:00:00,False,2022-09-15,50.0,2.0,18044.4492,1550.0,18000.0,18500.0,EOD,75.0,-205.0,505.89,-710.89,False,0.1407
2022-09-14T00:00:00,False,2022-09-15,50.0,1.0,17771.1504,4600.0,17900.0,18200.0,EOD,75.0,2642.5,519.72,2122.78,True,0.1922
2022-09-15T00:00:00,False,2022-09-15,50.0,0.5,18046.3496,4052.5,17500.0,18000.0,TRAIL,58.0,3363.87,503.55,2860.32,True,-0.3266
2022-09-16T00:00:00,False,2022-09-22,50.0,6.0,17796.8008,200.0,17000.0,19000.0,STOP,49.0,-286.58,490.74,-777.32,False,0.0161
2022-09-19T00:00:00,False,2022-09-22,50.0,3.0,17540.6504,1965.0,17500.0,18000.0,EOD,75.0,-772.5,515.53,-1288.03,False,0.0645
2022-09-20T00:00:00,False,2022-09-22,50.0,2.0,17770.4004,1185.0,17000.0,18000.0,EOD,75.0,-262.5,494.58,-757.08,False,-0.1007
2022-09-21T00:00:00,False,2022-09-22,50.0,1.0,17766.3496,1967.5,17500.0,18000.0,EOD,75.0,-107.5,498.46,-605.96,False,-0.0496
2022-09-22T00:00:00,False,2022-09-22,50.0,0.5,17609.6504,3467.5,17600.0,18000.0,TRAIL,58.0,3441.71,502.46,2939.25,True,0.2313
2022-09-23T00:00:00,False,2022-09-29,50.0,6.0,17593.8496,905.0,16000.0,18000.0,EOD,75.0,520.0,495.27,24.73,True,-0.0688
2022-09-26T00:00:00,False,2022-09-29,50.0,3.0,17156.3008,217.5,16000.0,18000.0,EOD,75.0,152.5,490.99,-338.49,False,-0.0082
2022-09-27T00:00:00,False,2022-09-29,,,,,,,NOSIM,,,,0.0,,
2022-09-28T00:00:00,False,2022-09-29,50.0,1.0,16870.5508,3212.5,16800.0,17000.0,EOD,75.0,437.5,507.23,-69.73,False,-0.0557
2022-09-29T00:00:00,False,2022-09-29,50.0,0.5,16993.5996,2977.5,16800.0,17000.0,TRAIL,60.0,2277.39,498.83,1778.56,True,-0.2273
2022-09-30T00:00:00,False,2022-10-06,50.0,6.0,16798.0508,3182.5,16700.0,17500.0,EOD,75.0,1692.5,517.22,1175.28,True,0.0887
2022-10-03T00:00:00,False,2022-10-06,50.0,3.0,17102.0996,5125.0,16000.0,17000.0,EOD,75.0,2905.0,527.11,2377.89,True,-0.1493
2022-10-04T00:00:00,False,2022-10-06,50.0,2.0,17147.4492,1490.0,17000.0,17500.0,EOD,75.0,547.5,504.24,43.26,True,0.0875
2022-10-06T00:00:00,False,2022-10-06,50.0,0.5,17379.25,2117.5,17000.0,17400.0,TRAIL,64.0,1665.44,495.62,1169.82,True,-0.3189
2022-10-07T00:00:00,False,2022-10-13,50.0,6.0,17287.1992,1417.5,17000.0,18000.0,EOD,75.0,385.0,500.56,-115.56,False,0.0794
2022-10-10T00:00:00,False,2022-10-13,50.0,3.0,17094.3496,2347.5,17000.0,18000.0,EOD,75.0,1157.5,505.49,652.01,True,0.1493
2022-10-11T00:00:00,False,2022-10-13,50.0,2.0,17256.0508,3860.0,16000.0,17200.0,EOD,75.0,2707.5,512.65,2194.85,True,-0.212
2022-10-12T00:00:00,False,2022-10-13,50.0,1.0,17025.5508,2852.5,17000.0,17500.0,EOD,75.0,1447.5,505.82,941.68,True,0.1704
2022-10-13T00:00:00,False,2022-10-13,50.0,0.5,17087.3496,1175.0,17000.0,17500.0,TRAIL,62.0,924.87,493.69,431.18,True,0.1939
2022-10-14T00:00:00,False,2022-10-20,,,,,,,NOSIM,,,,0.0,,
2022-10-17T00:00:00,False,2022-10-20,50.0,3.0,17144.8008,4515.0,17000.0,17300.0,EOD,75.0,255.0,513.59,-258.59,False,-0.0611
2022-10-18T00:00:00,False,2022-10-20,50.0,2.0,17438.75,1972.5,17000.0,17500.0,EOD,75.0,-1112.5,499.85,-1612.35,False,-0.1763
2022-10-19T00:00:00,False,2022-10-20,50.0,1.0,17568.1504,2655.0,17000.0,17600.0,EOD,75.0,1630.0,497.86,1132.14,True,-0.281
2022-10-20T00:00:00,False,2022-10-20,50.0,0.5,17423.0996,3427.5,17500.0,17600.0,TRAIL,61.0,2597.05,502.96,2094.09,True,0.3689
2022-10-21T00:00:00,False,2022-10-27,50.0,6.0,17622.8496,595.0,17000.0,18000.0,EOD,75.0,247.5,492.73,-245.23,False,-0.0369
2022-10-25T00:00:00,False,2022-10-27,50.0,2.0,17808.3008,670.0,17500.0,18000.0,EOD,75.0,-150.0,492.88,-642.88,False,-0.0375
2022-10-27T00:00:00,False,2022-10-27,50.0,0.5,17771.4004,2902.5,17700.0,17750.0,TRAIL,58.0,2405.63,498.2,1907.43,True,-0.3043
2022-10-28T00:00:00,False,2022-11-03,50.0,6.0,17756.4004,2252.5,17700.0,18200.0,EOD,75.0,-267.5,508.7,-776.2,False,0.1
2022-10-31T00:00:00,False,2022-11-03,50.0,3.0,17910.1992,1555.0,17800.0,18500.0,EOD,75.0,452.5,500.22,-47.72,False,0.1392
2022-11-01T00:00:00,False,2022-11-03,50.0,2.0,18130.6992,1715.0,18000.0,18400.0,EOD,75.0,232.5,500.4,-267.9,False,0.139
2022-11-02T00:00:00,False,2022-11-03,50.0,1.0,18177.9004,1772.5,18000.0,18400.0,EOD,75.0,77.5,495.86,-418.36,False,0.0221
2022-11-03T00:00:00,False,2022-11-03,50.0,0.5,17968.3496,4000.0,18000.0,18100.0,TRAIL,58.0,3102.83,503.26,2599.57,True,0.1456
2022-11-04T00:00:00,False,2022-11-10,50.0,6.0,18053.4004,2510.0,18000.0,19000.0,EOD,75.0,815.0,505.8,309.2,True,0.168
2022-11-07T00:00:00,False,2022-11-10,50.0,3.0,18211.75,1062.5,18000.0,19000.0,EOD,75.0,412.5,495.46,-82.96,False,0.1086
2022-11-09T00:00:00,False,2022-11-10,50.0,1.0,18288.25,2360.0,18000.0,18300.0,EOD,75.0,1325.0,498.01,826.99,True,-0.254
2022-11-10T00:00:00,False,2022-11-10,50.0,0.5,18044.3496,2982.5,18000.0,18050.0,TRAIL,65.0,2334.86,499.31,1835.55,True,-0.034
2022-11-11T00:00:00,False,2022-11-17,50.0,6.0,18272.3496,1487.5,18000.0,19000.0,EOD,75.0,985.0,497.39,487.61,True,0.0969
2022-11-14T00:00:00,False,2022-11-17,50.0,3.0,18376.4004,335.0,18000.0,19000.0,EOD,75.0,-32.5,491.65,-524.15,False,0.0396
2022-11-15T00:00:00,False,2022-11-17,50.0,2.0,18362.75,2265.0,18300.0,19000.0,EOD,75.0,1235.0,497.83,737.17,True,0.2297
2022-11-16T00:00:00,False,2022-11-17,50.0,1.0,18398.25,4367.5,18300.0,18400.0,EOD,75.0,1077.5,503.32,574.18,True,-0.1573
2022-11-17T00:00:00,False,2022-11-17,50.0,0.5,18358.6992,2375.0,18300.0,18400.0,TRAIL,69.0,1945.59,495.75,1449.84,True,-0.0925
2022-11-18T00:00:00,False,2022-11-24,50.0,6.0,18382.9492,4717.5,18300.0,18400.0,EOD,75.0,130.0,518.84,-388.84,False,-0.0355
2022-11-21T00:00:00,False,2022-11-24,50.0,3.0,18246.4004,2925.0,18000.0,18300.0,EOD,75.0,755.0,505.9,249.1,True,-0.1153
2022-11-22T00:00:00,False,2022-11-24,50.0,2.0,18179.1504,3472.5,18200.0,18300.0,EOD,75.0,187.5,504.65,-317.15,False,0.1053
2022-11-23T00:00:00,False,2022-11-24,50.0,1.0,18325.1992,2820.0,18000.0,18300.0,EOD,75.0,1032.5,498.52,533.98,True,-0.3463
2022-11-24T00:00:00,False,2022-11-24,50.0,0.5,18326.0996,72.5,18000.0,18500.0,TRAIL,58.0,599.7,489.44,110.26,True,-0.0214
2022-11-25T00:00:00,False,2022-12-01,50.0,6.0,18528.4492,577.5,18300.0,19000.0,EOD,75.0,-212.5,494.22,-706.72,False,0.0524
2022-11-28T00:00:00,False,2022-12-01,50.0,3.0,18430.5508,2770.0,18500.0,19000.0,EOD,75.0,1290.0,504.32,785.68,True,0.3515
2022-11-29T00:00:00,False,2022-12-01,50.0,2.0,18552.4492,1195.0,18500.0,19000.0,EOD,75.0,400.0,495.51,-95.51,False,0.1972
2022-11-30T00:00:00,False,2022-12-01,50.0,1.0,18625.6992,1667.5,18600.0,19000.0,TRAIL,73.0,1263.29,495.41,767.88,True,0.2768
2022-12-01T00:00:00,False,2022-12-01,50.0,0.5,18871.9492,1830.0,18800.0,18900.0,TRAIL,58.0,1389.65,494.42,895.23,True,-0.0437
2022-12-02T00:00:00,False,2022-12-08,50.0,6.0,18752.4004,3052.5,18700.0,19000.0,EOD,75.0,-222.5,507.07,-729.57,False,0.0735
2022-12-05T00:00:00,False,2022-12-08,50.0,3.0,18719.5508,3072.5,18700.0,19000.0,EOD,75.0,157.5,505.58,-348.08,False,0.1441
2022-12-06T00:00:00,False,2022-12-08,50.0,2.0,18600.6504,1817.5,18600.0,19000.0,EOD,75.0,42.5,498.43,-455.93,False,0.2625
2022-12-07T00:00:00,False,2022-12-08,50.0,1.0,18638.8496,1690.0,18500.0,18800.0,EOD,75.0,382.5,495.69,-113.19,False,-0.0095
2022-12-08T00:00:00,False,2022-12-08,50.0,0.5,18570.8496,3287.5,18600.0,18650.0,TRAIL,61.0,2491.4,498.54,1992.86,True,0.2525
2022-12-09T00:00:00,False,2022-12-15,50.0,6.0,18662.4004,5082.5,18600.0,18600.0,EOD,75.0,-530.0,525.1,-1055.1,False,-0.0201
2022-12-12T00:00:00,False,2022-12-15,50.0,3.0,18402.1504,2590.0,18400.0,18600.0,EOD,75.0,-327.5,505.17,-832.67,False,0.191
2022-12-13T00:00:00,False,2022-12-15,50.0,2.0,18524.4004,1830.0,18500.0,19000.0,EOD,75.0,760.0,497.7,262.3,True,0.2398
2022-12-14T00:00:00,False,2022-12-15,50.0,1.0,18671.25,1315.0,18600.0,19000.0,EOD,75.0,160.0,495.78,-335.78,False,0.17
2022-12-15T00:00:00,False,2022-12-15,50.0,0.5,18614.4004,3355.0,18400.0,18600.0,TRAIL,64.0,2531.47,499.49,2031.98,True,-0.3279
2022-12-16T00:00:00,False,2022-12-22,50.0,6.0,18319.0996,1745.0,18000.0,18600.0,EOD,75.0,582.5,499.26,83.24,True,-0.0467
2022-12-19T00:00:00,False,2022-12-22,50.0,3.0,18288.0996,2612.5,18300.0,19000.0,EOD,75.0,1675.0,505.83,1169.17,True,0.2195
2022-12-20T00:00:00,False,2022-12-22,50.0,2.0,18340.3008,2115.0,18300.0,18600.0,EOD,75.0,675.0,499.24,175.76,True,0.1476
2022-12-21T00:00:00,False,2022-12-22,50.0,1.0,18435.1504,1305.0,18000.0,18500.0,EOD,75.0,695.0,493.76,201.24,True,-0.237
2022-12-22T00:00:00,False,2022-12-22,50.0,0.5,18288.8008,327.5,18100.0,18500.0,STOP,12.0,-479.0,491.62,-970.62,False,0.0236
2022-12-23T00:00:00,False,2022-12-29,50.0,6.0,17977.6504,3777.5,17000.0,18000.0,EOD,75.0,1862.5,515.45,1347.05,True,-0.149
2022-12-26T00:00:00,False,2022-12-29,50.0,3.0,17830.4004,597.5,17000.0,18200.0,STOP,64.0,-946.27,493.48,-1439.75,False,-0.0548
2022-12-27T00:00:00,False,2022-12-29,50.0,2.0,18089.8008,3330.0,18000.0,18200.0,EOD,75.0,800.0,504.7,295.3,True,0.0006
2022-12-28T00:00:00,False,2022-12-29,50.0,1.0,18084.75,2042.5,18000.0,18200.0,EOD,75.0,540.0,499.49,40.51,True,-0.0617
2022-12-29T00:00:00,False,2022-12-29,50.0,0.5,18045.6992,1275.0,18000.0,18200.0,TRAIL,58.0,1806.59,493.5,1313.09,True,0.1571
2022-12-30T00:00:00,False,2023-01-05,50.0,6.0,18259.0996,4300.0,17500.0,18200.0,EOD,75.0,1922.5,512.58,1409.92,True,-0.2235
2023-01-02T00:00:00,False,2023-01-05,50.0,3.0,18131.6992,3670.0,18000.0,18200.0,EOD,75.0,-107.5,509.2,-616.7,False,-0.0327
2023-01-03T00:00:00,False,2023-01-05,50.0,2.0,18163.1992,6082.5,18200.0,18200.0,EOD,75.0,895.0,515.34,379.66,True,0.0403
2023-01-04T00:00:00,False,2023-01-05,50.0,1.0,18230.6504,3982.5,18000.0,18200.0,EOD,75.0,1972.5,504.92,1467.58,True,-0.2129
2023-01-05T00:00:00,False,2023-01-05,50.0,0.5,18101.9492,3705.0,17700.0,18000.0,TRAIL,58.0,6447.43,503.42,5944.01,True,-0.6359
2023-01-06T00:00:00,False,2023-01-12,50.0,6.0,18008.0508,5752.5,18000.0,18000.0,EOD,75.0,-235.0,531.62,-766.62,False,-0.0121
2023-01-09T00:00:00,False,2023-01-12,50.0,3.0,17952.5508,2520.0,18000.0,18300.0,EOD,75.0,592.5,510.56,81.94,True,0.1769
2023-01-10T00:00:00,False,2023-01-12,50.0,2.0,18121.3008,4067.5,17700.0,18000.0,TRAIL,64.0,3071.55,512.07,2559.48,True,-0.3219
2023-01-11T00:00:00,False,2023-01-12,50.0,1.0,17924.25,2657.5,17800.0,18000.0,EOD,75.0,657.5,500.43,157.07,True,-0.0378
2023-01-12T00:00:00,False,2023-01-12,50.0,0.5,17920.8496,3192.5,17800.0,17900.0,TRAIL,58.0,2853.69,499.67,2354.02,True,-0.2787
2023-01-13T00:00:00,False,2023-01-19,50.0,6.0,17867.5,7087.5,17900.0,17900.0,EOD,75.0,1197.5,537.04,660.46,True,0.0166
2023-01-16T00:00:00,False,2023-01-19,50.0,3.0,18033.1504,4312.5,17900.0,18000.0,EOD,75.0,-92.5,516.45,-608.95,False,-0.1119
2023-01-17T00:00:00,False,2023-01-19,50.0,2.0,17922.8008,2650.0,17900.0,18200.0,EOD,75.0,1117.5,503.67,613.83,True,0.1437
2023-01-18T00:00:00,False,2023-01-19,50.0,1.0,18074.3008,1370.0,18000.0,18300.0,EOD,75.0,745.0,496.11,248.89,True,0.1457
2023-01-19T00:00:00,False,2023-01-19,50.0,0.5,18119.8008,2535.0,18100.0,18200.0,TRAIL,58.0,2091.85,496.51,1595.34,True,0.1114
2023-01-20T00:00:00,False,2023-01-25,50.0,5.0,18115.5996,5452.5,18100.0,18100.0,EOD,75.0,-82.5,524.49,-606.99,False,-0.0334
2023-01-23T00:00:00,False,2023-01-25,50.0,2.0,18118.4492,780.0,18100.0,19000.0,EOD,75.0,-840.0,499.78,-1339.78,False,0.1935
2023-01-24T00:00:00,False,2023-01-25,50.0,1.0,18183.9492,4482.5,18000.0,18100.0,EOD,75.0,1477.5,506.28,971.22,True,-0.3094
2023-01-25T00:00:00,False,2023-01-25,50.0,0.5,18093.3496,6817.5,17850.0,17900.0,TRAIL,58.0,5322.64,519.65,4802.99,True,-0.1951
2023-01-27T00:00:00,False,2023-02-02,50.0,6.0,17877.1992,120.0,17000.0,19000.0,STOP,12.0,-192.71,490.63,-683.34,False,0.0107
2023-01-30T00:00:00,False,2023-02-02,50.0,3.0,17541.9492,1360.0,17000.0,18000.0,EOD,75.0,22.5,501.83,-479.33,False,-0.0507
2023-01-31T00:00:00,False,2023-02-02,50.0,2.0,17731.4492,1945.0,17000.0,18000.0,EOD,75.0,532.5,501.81,30.69,True,-0.0918
2023-02-01T00:00:00,False,2023-02-02,50.0,1.0,17811.5996,1490.0,17000.0,18000.0,TRAIL,65.0,1119.69,502.12,617.57,True,-0.1023
2023-02-02T00:00:00,False,2023-02-02,50.0,0.5,17517.0996,2995.0,17600.0,18000.0,TRAIL,62.0,2488.97,505.24,1983.73,True,0.395
2023-02-03T00:00:00,False,2023-02-09,50.0,6.0,17721.75,3707.5,17600.0,18000.0,EOD,75.0,957.5,516.39,441.11,True,0.0417
2023-02-06T00:00:00,False,2023-02-09,50.0,3.0,17818.5508,977.5,17000.0,18000.0,EOD,75.0,107.5,495.59,-388.09,False,-0.1059
2023-02-07T00:00:00,False,2023-02-09,50.0,2.0,17790.0996,787.5,17000.0,18000.0,EOD,75.0,367.5,492.61,-125.11,False,-0.1098
2023-02-08T00:00:00,False,2023-02-09,50.0,1.0,17750.3008,3780.0,17800.0,18000.0,EOD,75.0,2020.0,506.42,1513.58,True,0.2208
2023-02-09T00:00:00,False,2023-02-09,50.0,0.5,17885.5,2900.0,17800.0,17900.0,TRAIL,60.0,2213.54,496.93,1716.61,True,-0.0989
2023-02-10T00:00:00,False,2023-02-16,50.0,6.0,17847.5508,3745.0,17800.0,18000.0,EOD,75.0,395.0,510.47,-115.47,False,0.031
2023-02-13T00:00:00,False,2023-02-16,50.0,3.0,17859.0996,3565.0,17800.0,18000.0,EOD,75.0,82.5,503.99,-421.49,False,0.0437
2023-02-14T00:00:00,False,2023-02-16,50.0,2.0,17840.3496,2717.5,17800.0,18200.0,EOD,75.0,1570.0,501.51,1068.49,True,0.2064
2023-02-15T00:00:00,False,2023-02-16,50.0,1.0,17896.5996,1347.5,17800.0,18200.0,TRAIL,70.0,1049.22,493.64,555.58,True,0.1729
2023-02-16T00:00:00,False,2023-02-16,50.0,0.5,18094.75,1882.5,18000.0,18100.0,TRAIL,58.0,1713.91,494.4,1219.51,True,-0.2236
2023-02-17T00:00:00,False,2023-02-23,50.0,6.0,17974.8496,4867.5,18000.0,18000.0,EOD,75.0,-737.5,522.2,-1259.7,False,0.0441
2023-02-20T00:00:00,False,2023-02-23,50.0,3.0,17965.5508,2422.5,17500.0,18000.0,EOD,75.0,1037.5,501.18,536.32,True,-0.1963
2023-02-21T00:00:00,False,2023-02-23,50.0,2.0,17905.8008,1232.5,17500.0,18000.0,EOD,75.0,440.0,495.18,-55.18,False,-0.1598
2023-02-22T00:00:00,False,2023-02-23,50.0,1.0,17755.3496,900.0,17500.0,18000.0,EOD,75.0,-302.5,491.8,-794.3,False,-0.0458
2023-02-23T00:00:00,False,2023-02-23,50.0,0.5,17574.6504,847.5,17500.0,18000.0,STOP,4.0,-1249.22,492.53,-1741.75,False,0.2097
2023-02-24T00:00:00,False,2023-03-02,50.0,6.0,17591.3496,2545.0,17000.0,17600.0,EOD,75.0,707.5,507.13,200.37,True,-0.1841
2023-02-27T00:00:00,False,2023-03-02,50.0,3.0,17428.5996,215.0,17000.0,18500.0,EOD,75.0,55.0,490.56,-435.56,False,0.0279
2023-02-28T00:00:00,False,2023-03-02,50.0,2.0,17383.25,3427.5,17000.0,17400.0,EOD,75.0,1857.5,504.52,1352.98,True,-0.2228
2023-03-01T00:00:00,False,2023-03-02,50.0,1.0,17360.0996,4035.0,17400.0,17500.0,EOD,75.0,1785.0,506.58,1278.42,True,0.1373
2023-03-02T00:00:00,False,2023-03-02,50.0,0.5,17421.5,4557.5,17300.0,17350.0,TRAIL,58.0,3886.83,502.82,3384.01,True,-0.3538
2023-03-03T00:00:00,False,2023-03-09,50.0,6.0,17451.25,3700.0,17500.0,18000.0,TRAIL,68.0,2795.26,508.96,2286.3,True,0.2371
2023-03-06T00:00:00,False,2023-03-09,50.0,3.0,17680.3496,1415.0,17500.0,17800.0,EOD,75.0,37.5,495.22,-457.72,False,-0.0573
2023-03-08T00:00:00,False,2023-03-09,50.0,1.0,17665.75,2470.0,17600.0,17800.0,EOD,75.0,1235.0,496.65,738.35,True,0.0756
2023-03-09T00:00:00,False,2023-03-09,50.0,0.5,17772.0508,5430.0,17600.0,17600.0,TRAIL,72.0,4753.18,511.18,4242.0,True,-0.3392
2023-03-10T00:00:00,False,2023-03-16,50.0,6.0,17443.8008,1692.5,17400.0,18000.0,EOD,75.0,-870.0,504.07,-1374.07,False,0.1504
2023-03-13T00:00:00,False,2023-03-16,50.0,3.0,17421.9004,1647.5,17000.0,17500.0,EOD,75.0,-310.0,498.91,-808.91,False,-0.1437
2023-03-14T00:00:00,False,2023-03-16,50.0,2.0,17160.5508,1740.0,17000.0,17500.0,EOD,75.0,-395.0,500.05,-895.05,False,0.0185
2023-03-15T00:00:00,False,2023-03-16,50.0,1.0,17166.4492,2155.0,16800.0,17200.0,EOD,75.0,1390.0,500.17,889.83,True,-0.2081
2023-03-16T00:00:00,False,2023-03-16,50.0,0.5,16994.6504,5152.5,17000.0,17000.0,TRAIL,74.0,3920.58,506.7,3413.88,True,-0.036
2023-03-17T00:00:00,False,2023-03-23,50.0,6.0,17111.8008,1585.0,17000.0,17800.0,EOD,75.0,-112.5,506.34,-618.84,False,0.1032
2023-03-20T00:00:00,False,2023-03-23,50.0,3.0,17066.5996,3107.5,16900.0,17200.0,EOD,75.0,87.5,507.59,-420.09,False,-0.0072
2023-03-21T00:00:00,False,2023-03-23,50.0,2.0,17060.4004,887.5,17000.0,17800.0,EOD,75.0,-390.0,502.51,-892.51,False,0.1367
2023-03-22T00:00:00,False,2023-03-23,50.0,1.0,17177.4492,1482.5,17000.0,17500.0,EOD,75.0,625.0,494.68,130.32,True,0.1207
2023-03-23T00:00:00,False,2023-03-23,50.0,0.5,17097.4004,4460.0,17050.0,17100.0,TRAIL,62.0,3381.07,503.88,2877.19,True,-0.0448
2023-03-24T00:00:00,False,2023-03-29,50.0,5.0,17076.1992,1945.0,17000.0,18000.0,EOD,75.0,-1147.5,503.84,-1651.34,False,0.1555
2023-03-27T00:00:00,False,2023-03-29,50.0,2.0,16984.3008,2992.5,17000.0,18000.0,EOD,75.0,895.0,506.89,388.11,True,0.2189
2023-03-28T00:00:00,False,2023-03-29,50.0,1.0,17031.75,5385.0,17000.0,17000.0,EOD,75.0,857.5,513.08,344.42,True,-0.0285
2023-03-29T00:00:00,False,2023-03-29,50.0,0.5,16977.3008,3050.0,17000.0,17100.0,TRAIL,58.0,2373.01,498.02,1874.99,True,0.3061
2023-03-31T00:00:00,False,2023-04-06,50.0,6.0,17210.3496,1187.5,17000.0,17700.0,EOD,75.0,525.0,496.83,28.17,True,0.1016
2023-04-03T00:00:00,False,2023-04-06,50.0,3.0,17427.9492,530.0,17000.0,17700.0,EOD,75.0,370.0,492.53,-122.53,False,-0.0133
2023-04-05T00:00:00,False,2023-04-06,50.0,1.0,17422.3008,4215.0,17500.0,17700.0,EOD,75.0,3087.5,508.62,2578.88,True,0.2771
2023-04-06T00:00:00,False,2023-04-06,50.0,0.5,17533.8496,2287.5,17500.0,17600.0,TRAIL,58.0,1822.93,494.99,1327.94,True,0.0437
2023-04-10T00:00:00,False,2023-04-13,50.0,3.0,17634.9004,2745.0,17600.0,18000.0,EOD,75.0,745.0,501.23,243.77,True,0.2036
2023-04-11T00:00:00,False,2023-04-13,50.0,2.0,17704.8008,2865.0,17700.0,18000.0,EOD,75.0,1347.5,499.89,847.61,True,0.2692
2023-04-12T00:00:00,False,2023-04-13,50.0,1.0,17759.5508,1372.5,17700.0,18000.0,EOD,75.0,765.0,493.68,271.32,True,0.2245
2023-04-13T00:00:00,False,2023-04-13,50.0,0.5,17807.3008,2820.0,17800.0,17850.0,TRAIL,61.0,2185.16,496.73,1688.43,True,0.0538
2023-04-17T00:00:00,False,2023-04-20,50.0,3.0,17863.0,2337.5,17700.0,18000.0,EOD,75.0,192.5,498.73,-306.23,False,-0.0092
2023-04-18T00:00:00,False,2023-04-20,50.0,2.0,17766.5996,3317.5,17500.0,17700.0,EOD,75.0,1132.5,504.1,628.4,True,-0.3464
2023-04-19T00:00:00,False,2023-04-20,50.0,1.0,17653.3496,1855.0,17500.0,17700.0,EOD,75.0,902.5,494.76,407.74,True,-0.2238
2023-04-20T00:00:00,False,2023-04-20,50.0,0.5,17638.5996,2202.5,17600.0,17650.0,TRAIL,61.0,1694.91,494.61,1200.3,True,-0.1115
2023-04-21T00:00:00,False,2023-04-27,50.0,6.0,17639.75,2435.0,17000.0,17700.0,EOD,75.0,335.0,499.77,-164.77,False,-0.2124
2023-04-24T00:00:00,False,2023-04-27,50.0,3.0,17707.5508,4447.5,17700.0,17700.0,EOD,75.0,-505.0,511.16,-1016.16,False,-0.081
2023-04-25T00:00:00,False,2023-04-27,50.0,2.0,17761.5508,1167.5,17700.0,18000.0,EOD,75.0,285.0,493.89,-208.89,False,0.1646
2023-04-26T00:00:00,False,2023-04-27,50.0,1.0,17767.3008,1520.0,17700.0,18000.0,TRAIL,72.0,1141.3,493.63,647.67,True,0.2332
2023-04-27T00:00:00,False,2023-04-27,50.0,0.5,17813.0996,1252.5,17800.0,17950.0,TRAIL,58.0,1236.03,492.58,743.45,True,0.3063
2023-04-28T00:00:00,False,2023-05-04,50.0,6.0,17950.4004,4825.0,18000.0,18000.0,EOD,75.0,-180.0,514.78,-694.78,False,0.0406
2023-05-02T00:00:00,False,2023-05-04,50.0,2.0,18124.80078125,1167.5,17800.0,18200.0,EOD,75.0,-630.0,493.54,-1123.54,False,-0.2052
2023-05-03T00:00:00,False,2023-05-04,50.0,1.0,18113.80078125,1377.5,18000.0,18200.0,EOD,75.0,142.5,493.6,-351.1,False,-0.0768
2023-05-04T00:00:00,False,2023-05-04,50.0,0.5,18081.0,5437.5,18200.0,18300.0,TRAIL,62.0,4258.42,508.17,3750.25,True,0.3569
2023-05-05T00:00:00,False,2023-05-11,50.0,6.0,18117.30078125,4340.0,18200.0,18200.0,EOD,75.0,-1205.0,513.62,-1718.62,False,0.2201
2023-05-08T00:00:00,False,2023-05-11,50.0,3.0,18120.599609375,2960.0,18200.0,18500.0,EOD,75.0,1302.5,511.14,791.36,True,0.2425
2023-05-09T00:00:00,False,2023-05-11,50.0,2.0,18303.400390625,3415.0,18200.0,18300.0,EOD,75.0,302.5,502.32,-199.82,False,-0.1705
2023-05-10T00:00:00,False,2023-05-11,50.0,1.0,18313.599609375,1190.0,18200.0,18500.0,EOD,75.0,577.5,493.43,84.07,True,0.127
2023-05-11T00:00:00,False,2023-05-11,50.0,0.5,18357.80078125,3112.5,18200.0,18300.0,TRAIL,59.0,2338.12,498.44,1839.68,True,-0.5009
2023-05-12T00:00:00,False,2023-05-18,50.0,6.0,18273.75,4350.0,18200.0,18300.0,EOD,75.0,-90.0,514.49,-604.49,False,-0.0847
2023-05-15T00:00:00,False,2023-05-18,50.0,3.0,18339.3,3370.0,18300.0,18500.0,EOD,75.0,907.5,505.1,402.4,True,0.0345
2023-05-16T00:00:00,False,2023-05-18,50.0,2.0,18432.35,4475.0,18300.0,18400.0,EOD,75.0,1297.5,505.98,791.52,True,-0.2006
2023-05-17T00:00:00,False,2023-05-18,50.0,1.0,18300.45,1967.5,18000.0,18400.0,TRAIL,71.0,1498.17,494.66,1003.51,True,-0.0672
2023-05-18T00:00:00,False,2023-05-18,50.0,0.5,18287.5,1432.5,18100.0,18300.0,TRAIL,58.0,1709.11,492.59,1216.52,True,-0.3302
2023-05-19T00:00:00,False,2023-05-25,50.0,6.0,18186.15,3947.5,18200.0,18200.0,EOD,75.0,-1395.0,516.84,-1911.84,False,0.0062
2023-05-22T00:00:00,False,2023-05-25,50.0,3.0,18201.1,2600.0,18200.0,18500.0,EOD,75.0,1265.0,501.33,763.67,True,0.2128
2023-05-23T00:00:00,False,2023-05-25,50.0,2.0,18362.9,3550.0,18300.0,18400.0,EOD,75.0,697.5,502.03,195.47,True,-0.0969
2023-05-24T00:00:00,False,2023-05-25,50.0,1.0,18294.8,1775.0,18200.0,18400.0,EOD,75.0,915.0,494.86,420.14,True,-0.0378
2023-05-25T00:00:00,False,2023-05-25,50.0,0.5,18268.9,2450.0,18300.0,18350.0,TRAIL,69.0,1949.95,496.66,1453.29,True,0.3399
2023-05-26T00:00:00,False,2023-06-01,50.0,6.0,18368.35,2340.0,18300.0,19000.0,EOD,75.0,1505.0,500.9,1004.1,True,0.1943
2023-05-29T00:00:00,False,2023-06-01,50.0,3.0,18619.15,1035.0,18300.0,18800.0,EOD,75.0,315.0,493.0,-178.0,False,-0.0152
2023-05-30T00:00:00,False,2023-06-01,50.0,2.0,18606.65,762.5,18300.0,18800.0,EOD,75.0,337.5,492.53,-155.03,False,-0.0531
2023-05-31T00:00:00,False,2023-06-01,50.0,1.0,18594.2,3392.5,18500.0,18600.0,EOD,75.0,1130.0,500.59,629.41,True,-0.1373
2023-06-01T00:00:00,False,2023-06-01,50.0,0.5,18579.4,3532.5,18450.0,18500.0,TRAIL,71.0,2930.22,498.64,2431.58,True,-0.7083
2023-06-02T00:00:00,False,2023-06-08,50.0,6.0,18550.85,1252.5,18500.0,19500.0,EOD,75.0,-432.5,500.4,-932.9,False,0.1708
2023-06-05T00:00:00,False,2023-06-08,50.0,3.0,18612.0,1197.5,18500.0,19500.0,EOD,75.0,262.5,494.32,-231.82,False,0.1706
2023-06-06T00:00:00,False,2023-06-08,50.0,2.0,18600.8,4167.5,18500.0,18600.0,EOD,75.0,1100.0,504.89,595.11,True,-0.1019
2023-06-07T00:00:00,False,2023-06-08,50.0,1.0,18665.6,1065.0,18600.0,18900.0,EOD,75.0,702.5,492.5,210.0,True,0.1981
2023-06-08T00:00:00,False,2023-06-08,50.0,0.5,18725.35,3625.0,18600.0,18650.0,TRAIL,67.0,3285.22,501.2,2784.02,True,-0.4552
2023-06-09T00:00:00,False,2023-06-15,50.0,6.0,18655.9,5170.0,18700.0,18700.0,EOD,75.0,-320.0,516.69,-836.69,False,0.0662
2023-06-12T00:00:00,False,2023-06-15,50.0,3.0,18595.05,3737.5,18600.0,18700.0,EOD,75.0,265.0,505.83,-240.83,False,0.0731
2023-06-13T00:00:00,False,2023-06-15,50.0,2.0,18631.8,3137.5,18700.0,18900.0,EOD,75.0,1320.0,501.77,818.23,True,0.4179
2023-06-14T00:00:00,False,2023-06-15,50.0,1.0,18744.6,1215.0,18700.0,18900.0,EOD,75.0,242.5,493.85,-251.35,False,0.169
2023-06-15T00:00:00,False,2023-06-15,50.0,0.5,18774.45,3567.5,18650.0,18700.0,TRAIL,62.0,2832.88,499.23,2333.65,True,-0.7016
2023-06-16T00:00:00,False,2023-06-22,50.0,6.0,18723.3,3757.5,18700.0,18800.0,EOD,75.0,-900.0,507.13,-1407.13,False,0.0112
2023-06-19T00:00:00,False,2023-06-22,50.0,3.0,18873.3,2172.5,18700.0,19000.0,EOD,75.0,780.0,497.56,282.44,True,-0.0389
2023-06-20T00:00:00,False,2023-06-22,50.0,2.0,18752.35,1585.0,18700.0,19000.0,EOD,75.0,785.0,495.07,289.93,True,0.1668
2023-06-21T00:00:00,False,2023-06-22,50.0,1.0,18849.4,1795.0,18800.0,19000.0,EOD,75.0,885.0,494.88,390.12,True,0.1891
2023-06-22T00:00:00,False,2023-06-22,50.0,0.5,18853.6,285.0,18700.0,19000.0,TRAIL,58.0,435.87,490.08,-54.21,False,0.0017
2023-06-23T00:00:00,False,2023-06-29,50.0,6.0,18741.85,2712.5,18000.0,18800.0,EOD,75.0,1202.5,504.5,698.0,True,-0.178
2023-06-26T00:00:00,False,2023-06-29,50.0,3.0,18682.35,4015.0,18700.0,18800.0,EOD,75.0,720.0,505.55,214.45,True,0.1129
2023-06-27T00:00:00,False,2023-06-29,50.0,2.0,18748.55,1210.0,18700.0,18900.0,EOD,75.0,460.0,495.48,-35.48,False,0.1192
2023-06-28T00:00:00,False,2023-06-28,50.0,0.5,18908.15,2500.0,18900.0,19000.0,TRAIL,58.0,1915.68,496.16,1419.52,True,0.2599
2023-06-30T00:00:00,False,2023-07-06,50.0,6.0,19076.85,1832.5,19000.0,19500.0,EOD,75.0,930.0,501.05,428.95,True,0.1595
2023-07-03T00:00:00,False,2023-07-06,50.0,3.0,19246.5,4882.5,19300.0,19500.0,EOD,75.0,2435.0,510.98,1924.02,True,0.1713
2023-07-04T00:00:00,False,2023-07-06,50.0,2.0,19406.6,3025.0,19300.0,19400.0,EOD,75.0,-62.5,503.82,-566.32,False,-0.2047
2023-07-05T00:00:00,False,2023-07-06,50.0,1.0,19405.95,1555.0,19300.0,19500.0,EOD,75.0,307.5,495.28,-187.78,False,0.0064
2023-07-06T00:00:00,False,2023-07-06,50.0,0.5,19385.7,2600.0,19400.0,19500.0,TRAIL,59.0,1975.38,497.26,1478.12,True,0.2674
2023-07-07T00:00:00,False,2023-07-13,50.0,6.0,19422.8,3777.5,19400.0,19400.0,EOD,75.0,-1667.5,523.19,-2190.69,False,-0.0248
2023-07-10T00:00:00,False,2023-07-13,50.0,3.0,19400.35,4212.5,19400.0,19500.0,EOD,75.0,130.0,509.76,-379.76,False,0.036
2023-07-11T00:00:00,False,2023-07-13,50.0,2.0,19427.1,3682.5,19400.0,19500.0,EOD,75.0,940.0,504.19,435.81,True,0.0231
2023-07-12T00:00:00,False,2023-07-13,50.0,1.0,19497.45,2127.5,19300.0,19500.0,EOD,75.0,905.0,495.92,409.08,True,-0.2892
2023-07-13T00:00:00,False,2023-07-13,50.0,0.5,19495.2,1097.5,19400.0,19600.0,TRAIL,58.0,868.31,492.76,375.55,True,0.0785
2023-07-14T00:00:00,False,2023-07-20,50.0,6.0,19493.45,2392.5,19500.0,20000.0,EOD,75.0,677.5,504.44,173.06,True,0.2122
2023-07-17T00:00:00,False,2023-07-20,50.0,3.0,19612.15,2557.5,19600.0,20000.0,EOD,75.0,1275.0,502.42,772.58,True,0.2152
2023-07-18T00:00:00,False,2023-07-20,50.0,2.0,19787.5,685.0,19600.0,20000.0,EOD,75.0,-245.0,494.78,-739.78,False,0.0376
2023-07-19T00:00:00,False,2023-07-20,50.0,1.0,19802.95,3040.0,19800.0,20000.0,EOD,75.0,1480.0,501.51,978.49,True,0.2114
2023-07-20T00:00:00,False,2023-07-20,50.0,0.5,19831.7,3925.0,19900.0,20000.0,TRAIL,58.0,3137.8,501.36,2636.44,True,0.4036
2023-07-21T00:00:00,False,2023-07-27,50.0,6.0,19800.45,2880.0,19000.0,19900.0,EOD,75.0,1082.5,506.43,576.07,True,-0.1489
2023-07-24T00:00:00,False,2023-07-27,50.0,3.0,19748.45,3160.0,19000.0,19800.0,EOD,75.0,1630.0,507.43,1122.57,True,-0.1671
2023-07-25T00:00:00,False,2023-07-27,50.0,2.0,19729.35,1897.5,19500.0,19800.0,EOD,75.0,325.0,498.24,-173.24,False,-0.1193
2023-07-26T00:00:00,False,2023-07-27,50.0,1.0,19733.35,2107.5,19700.0,20000.0,EOD,75.0,872.5,498.17,374.33,True,0.219
2023-07-27T00:00:00,False,2023-07-27,50.0,0.5,19850.9,4385.0,19600.0,19700.0,TRAIL,58.0,5129.64,506.76,4622.88,True,-0.4545
2023-07-28T00:00:00,False,2023-08-03,50.0,6.0,19659.75,3632.5,19600.0,19800.0,EOD,75.0,180.0,510.4,-330.4,False,0.0698
2023-07-31T00:00:00,False,2023-08-03,50.0,3.0,19666.35,3842.5,19600.0,19800.0,EOD,75.0,880.0,504.93,375.07,True,0.0436
2023-08-01T00:00:00,False,2023-08-03,50.0,2.0,19784.0,3092.5,19600.0,19800.0,EOD,75.0,872.5,500.36,372.14,True,-0.1794
2023-08-02T00:00:00,False,2023-08-03,50.0,1.0,19655.4,1882.5,19500.0,19800.0,EOD,75.0,-145.0,494.63,-639.63,False,-0.0493
2023-08-03T00:00:00,False,2023-08-03,50.0,0.5,19463.75,3685.0,19300.0,19400.0,TRAIL,58.0,3658.92,503.92,3155.0,True,-0.2972
2023-08-04T00:00:00,False,2023-08-10,50.0,6.0,19462.8,3375.0,19400.0,19600.0,EOD,75.0,172.5,508.74,-336.24,False,0.0288
2023-08-07T00:00:00,False,2023-08-10,50.0,3.0,19576.85,2110.0,19500.0,20000.0,EOD,75.0,925.0,499.23,425.77,True,0.1837
2023-08-08T00:00:00,False,2023-08-10,50.0,2.0,19627.2,4290.0,19500.0,19600.0,EOD,75.0,1000.0,505.84,494.16,True,-0.1729
2023-08-09T00:00:00,False,2023-08-10,50.0,1.0,19578.8,1567.5,19500.0,19800.0,EOD,75.0,1027.5,494.72,532.78,True,0.1836
2023-08-10T00:00:00,False,2023-08-10,50.0,0.5,19605.55,4780.0,19500.0,19550.0,TRAIL,58.0,4021.41,504.21,3517.2,True,-0.255
2023-08-11T00:00:00,False,2023-08-17,50.0,6.0,19554.25,3482.5,19400.0,19600.0,EOD,75.0,387.5,507.52,-120.02,False,-0.0734
2023-08-14T00:00:00,False,2023-08-17,50.0,3.0,19383.95,3812.5,19400.0,19600.0,EOD,75.0,1505.0,504.53,1000.47,True,0.1913
2023-08-16T00:00:00,False,2023-08-17,50.0,1.0,19369.0,1830.0,19300.0,19600.0,EOD,75.0,1265.0,494.93,770.07,True,0.1593
2023-08-17T00:00:00,False,2023-08-17,50.0,0.5,19450.55,3995.0,19350.0,19400.0,TRAIL,58.0,3215.08,500.54,2714.54,True,-0.3138
2023-08-18T00:00:00,False,2023-08-24,50.0,6.0,19301.75,4540.0,19300.0,19400.0,EOD,75.0,425.0,516.51,-91.51,False,0.0454
2023-08-21T00:00:00,False,2023-08-24,50.0,3.0,19320.65,4385.0,19300.0,19400.0,EOD,75.0,630.0,508.45,121.55,True,0.0045
2023-08-22T00:00:00,False,2023-08-24,50.0,2.0,19417.1,3352.5,19300.0,19400.0,EOD,75.0,277.5,501.58,-224.08,False,-0.2
2023-08-23T00:00:00,False,2023-08-24,50.0,1.0,19439.2,1837.5,19300.0,19500.0,EOD,75.0,677.5,494.28,183.22,True,-0.0327
2023-08-24T00:00:00,False,2023-08-24,50.0,0.5,19535.15,4342.5,19300.0,19400.0,TRAIL,69.0,3339.45,504.27,2835.18,True,-0.5385
2023-08-25T00:00:00,False,2023-08-31,50.0,6.0,19297.4,1355.0,19000.0,19500.0,EOD,75.0,105.0,495.49,-390.49,False,-0.052
2023-08-28T00:00:00,False,2023-08-31,50.0,3.0,19298.35,3707.5,19300.0,19500.0,EOD,75.0,1017.5,509.65,507.85,True,0.0963
2023-08-29T00:00:00,False,2023-08-31,50.0,2.0,19374.85,2115.0,19300.0,19500.0,EOD,75.0,295.0,498.24,-203.24,False,0.0647
2023-08-30T00:00:00,False,2023-08-31,50.0,1.0,19433.45,1240.0,19300.0,19500.0,EOD,75.0,87.5,492.96,-405.46,False,-0.0854
2023-08-31T00:00:00,False,2023-08-31,50.0,0.5,19375.55,3395.0,19250.0,19300.0,TRAIL,58.0,2682.92,498.24,2184.68,True,-0.6994
2023-09-01T00:00:00,False,2023-09-07,50.0,6.0,19258.15,3150.0,19300.0,19600.0,EOD,75.0,1132.5,505.86,626.64,True,0.215
2023-09-04T00:00:00,False,2023-09-07,50.0,3.0,19525.05,1705.0,19400.0,19700.0,EOD,75.0,585.0,497.79,87.21,True,0.0548
2023-09-05T00:00:00,False,2023-09-07,50.0,2.0,19564.65,3170.0,19500.0,19600.0,EOD,75.0,630.0,500.43,129.57,True,-0.0992
2023-09-06T00:00:00,False,2023-09-07,50.0,1.0,19581.2,1247.5,19500.0,19700.0,EOD,75.0,732.5,493.25,239.25,True,0.0535
2023-09-07T00:00:00,False,2023-09-07,50.0,0.5,19598.65,4847.5,19700.0,19750.0,TRAIL,64.0,3753.16,503.26,3249.9,True,0.4947
2023-09-08T00:00:00,False,2023-09-14,50.0,6.0,19774.8,1740.0,19600.0,20000.0,EOD,75.0,175.0,497.14,-322.14,False,0.0506
2023-09-11T00:00:00,False,2023-09-14,50.0,3.0,19890.0,4325.0,19900.0,20000.0,EOD,75.0,495.0,507.61,-12.61,False,0.0659
2023-09-12T00:00:00,False,2023-09-14,50.0,2.0,20110.15,3622.5,19900.0,20100.0,EOD,75.0,1455.0,501.87,953.13,True,-0.2602
2023-09-13T00:00:00,False,2023-09-14,50.0,1.0,19989.5,2232.5,19900.0,20100.0,EOD,75.0,200.0,497.74,-297.74,False,0.0051
2023-09-14T00:00:00,False,2023-09-14,50.0,0.5,20127.95,3232.5,20050.0,20100.0,TRAIL,58.0,2653.03,498.49,2154.54,True,-0.3029
2023-09-15T00:00:00,False,2023-09-21,50.0,6.0,20156.45,4417.5,20100.0,20200.0,EOD,75.0,-32.5,512.63,-545.13,False,-0.0089
2023-09-18T00:00:00,False,2023-09-21,50.0,3.0,20155.95,4425.0,20100.0,20200.0,EOD,75.0,1000.0,509.44,490.56,True,-0.0001
2023-09-20T00:00:00,False,2023-09-21,50.0,1.0,19980.75,3377.5,19900.0,20000.0,EOD,75.0,762.5,505.75,256.75,True,-0.0603
2023-09-21T00:00:00,False,2023-09-21,50.0,0.5,19840.55,4675.0,19750.0,19750.0,TRAIL,60.0,3532.67,507.2,3025.47,True,-0.2154
2023-09-22T00:00:00,False,2023-09-28,50.0,6.0,19744.85,2807.5,19000.0,19800.0,EOD,75.0,1012.5,503.8,508.7,True,-0.1874
2023-09-25T00:00:00,False,2023-09-28,50.0,3.0,19678.2,1572.5,19000.0,19800.0,EOD,75.0,242.5,496.93,-254.43,False,-0.1583
2023-09-26T00:00:00,False,2023-09-28,50.0,2.0,19682.8,1192.5,19000.0,19800.0,EOD,75.0,465.0,493.71,-28.71,False,-0.1732
2023-09-27T00:00:00,False,2023-09-28,50.0,1.0,19637.05,1565.0,19600.0,19800.0,EOD,75.0,487.5,494.88,-7.38,False,0.1569
2023-09-28T00:00:00,False,2023-09-28,50.0,0.5,19761.8,5665.0,19500.0,19550.0,TRAIL,58.0,5783.34,516.86,5266.48,True,-0.1359
2023-09-29T00:00:00,False,2023-10-05,50.0,6.0,19581.2,5040.0,19600.0,19800.0,EOD,75.0,2110.0,515.18,1594.82,True,0.0898
2023-10-03T00:00:00,False,2023-10-05,50.0,2.0,19622.4,1790.0,19500.0,19700.0,EOD,75.0,-650.0,500.83,-1150.83,False,-0.0797
2023-10-04T00:00:00,False,2023-10-05,50.0,1.0,19446.3,1632.5,19400.0,19600.0,EOD,75.0,35.0,495.71,-460.71,False,0.1372
2023-10-05T00:00:00,False,2023-10-05,50.0,0.5,19521.85,2565.0,19500.0,19550.0,TRAIL,59.0,1969.01,499.33,1469.68,True,0.0798
2023-10-06T00:00:00,False,2023-10-12,50.0,6.0,19621.2,1735.0,19500.0,20000.0,EOD,75.0,615.0,498.35,116.65,True,0.1161
2023-10-09T00:00:00,False,2023-10-12,50.0,3.0,19539.45,1765.0,19500.0,19800.0,EOD,75.0,-725.0,500.27,-1225.27,False,0.1105
2023-10-10T00:00:00,False,2023-10-12,50.0,2.0,19565.6,2307.5,19600.0,20000.0,EOD,75.0,1040.0,506.39,533.61,True,0.2257
2023-10-11T00:00:00,False,2023-10-12,50.0,1.0,19767.0,1087.5,19600.0,20000.0,EOD,75.0,802.5,494.0,308.5,True,0.0826
2023-10-12T00:00:00,False,2023-10-12,50.0,0.5,19822.7,4297.5,19800.0,19800.0,TRAIL,61.0,3242.24,500.37,2741.87,True,-0.1518
2023-10-13T00:00:00,False,2023-10-19,50.0,6.0,19654.55,5300.0,19700.0,19800.0,EOD,75.0,860.0,518.6,341.4,True,0.0923
2023-10-16T00:00:00,False,2023-10-19,50.0,3.0,19737.25,3910.0,19700.0,19800.0,EOD,75.0,-217.5,510.35,-727.85,False,-0.031
2023-10-17T00:00:00,False,2023-10-19,50.0,2.0,19843.2,1685.0,19700.0,20000.0,EOD,75.0,430.0,497.13,-67.13,False,-0.0362
2023-10-18T00:00:00,False,2023-10-19,50.0,1.0,19820.45,3045.0,19600.0,19800.0,EOD,75.0,1642.5,500.07,1142.43,True,-0.2715
2023-10-19T00:00:00,False,2023-10-19,50.0,0.5,19545.2,3022.5,19600.0,19650.0,TRAIL,58.0,3743.08,497.52,3245.56,True,0.5931
2023-10-20T00:00:00,False,2023-10-26,50.0,6.0,19542.15,365.0,19000.0,20000.0,EOD,75.0,160.0,491.38,-331.38,False,-0.0009
2023-10-23T00:00:00,False,2023-10-26,50.0,3.0,19521.6,1512.5,19000.0,19600.0,EOD,75.0,810.0,497.45,312.55,True,-0.1744
2023-10-25T00:00:00,False,2023-10-26,50.0,1.0,19286.45,315.0,19000.0,19500.0,STOP,44.0,-546.76,492.56,-1039.32,False,-0.0279
2023-10-26T00:00:00,False,2023-10-26,50.0,0.5,19027.25,5335.0,18850.0,18900.0,TRAIL,58.0,4428.98,510.36,3918.62,True,-0.2983
2023-10-27T00:00:00,False,2023-11-02,50.0,6.0,18928.75,5225.0,19000.0,19200.0,EOD,75.0,1425.0,529.32,895.68,True,0.0276
2023-10-30T00:00:00,False,2023-11-02,50.0,3.0,19053.4,2335.0,19000.0,19500.0,EOD,75.0,1252.5,501.96,750.54,True,0.1568
2023-10-31T00:00:00,False,2023-11-02,50.0,2.0,19232.95,3677.5,19000.0,19200.0,EOD,75.0,1137.5,507.31,630.19,True,-0.2252
2023-11-01T00:00:00,False,2023-11-02,50.0,1.0,19064.05,2930.0,18800.0,19100.0,EOD,75.0,1837.5,500.4,1337.1,True,-0.1854
2023-11-02T00:00:00,False,2023-11-02,50.0,0.5,19120.0,3477.5,19100.0,19150.0,TRAIL,58.0,2731.73,501.48,2230.25,True,-0.0825
2023-11-03T00:00:00,False,2023-11-09,50.0,6.0,19241.0,3777.5,19200.0,19300.0,EOD,75.0,-525.0,513.45,-1038.45,False,-0.0123
2023-11-06T00:00:00,False,2023-11-09,50.0,3.0,19345.85,2242.5,19300.0,19500.0,EOD,75.0,-175.0,500.46,-675.46,False,0.0547
2023-11-07T00:00:00,False,2023-11-09,50.0,2.0,19404.05,1967.5,19300.0,19500.0,EOD,75.0,122.5,497.12,-374.62,False,-0.0449
2023-11-08T00:00:00,False,2023-11-09,50.0,1.0,19449.6,2172.5,19300.0,19500.0,EOD,75.0,1032.5,495.98,536.52,True,-0.1943
2023-11-09T00:00:00,False,2023-11-09,50.0,0.5,19457.4,3570.0,19400.0,19400.0,TRAIL,62.0,2935.81,498.65,2437.16,True,-0.4699
2023-11-10T00:00:00,False,2023-11-16,50.0,6.0,19351.85,3910.0,19400.0,19500.0,EOD,75.0,-177.5,513.08,-690.58,False,0.1348
2023-11-13T00:00:00,False,2023-11-16,50.0,3.0,19486.75,3790.0,19400.0,19500.0,EOD,75.0,667.5,504.52,162.98,True,-0.0635
2023-11-15T00:00:00,False,2023-11-16,50.0,1.0,19651.4,1502.5,19600.0,19800.0,EOD,75.0,527.5,496.41,31.09,True,0.0912
2023-11-16T00:00:00,False,2023-11-16,50.0,0.5,19674.7,2400.0,19700.0,19800.0,TRAIL,70.0,1916.09,494.95,1421.14,True,0.4617
2023-11-17T00:00:00,False,2023-11-23,50.0,6.0,19674.75,3555.0,19700.0,19900.0,EOD,75.0,67.5,509.65,-442.15,False,0.1399
2023-11-20T00:00:00,False,2023-11-23,50.0,3.0,19731.15,2462.5,19000.0,19800.0,EOD,75.0,770.0,501.83,268.17,True,-0.1872
2023-11-21T00:00:00,False,2023-11-23,50.0,2.0,19770.9,3435.0,19700.0,19800.0,EOD,75.0,85.0,505.71,-420.71,False,-0.0472
2023-11-22T00:00:00,False,2023-11-23,50.0,1.0,19784.0,3465.0,19800.0,19900.0,EOD,75.0,1670.0,500.15,1169.85,True,0.2061
2023-11-23T00:00:00,False,2023-11-23,50.0,0.5,19828.45,3952.5,19800.0,19800.0,TRAIL,60.0,3008.53,499.44,2509.09,True,-0.176
2023-11-24T00:00:00,False,2023-11-30,50.0,6.0,19809.6,4440.0,19800.0,19900.0,EOD,75.0,582.5,509.38,73.12,True,0.0434
2023-11-28T00:00:00,False,2023-11-30,50.0,2.0,19844.65,2597.5,19800.0,20000.0,EOD,75.0,530.0,499.65,30.35,True,0.0857
2023-11-29T00:00:00,False,2023-11-30,50.0,1.0,19976.55,2100.0,20000.0,20200.0,EOD,75.0,967.5,497.92,469.58,True,0.3255
2023-11-30T00:00:00,False,2023-11-30,50.0,0.5,20108.5,2330.0,20050.0,20150.0,TRAIL,58.0,1876.22,495.43,1380.79,True,-0.1103
2023-12-01T00:00:00,False,2023-12-07,50.0,6.0,20194.1,915.0,20000.0,21000.0,EOD,75.0,75.0,498.21,-423.21,False,0.0939
2023-12-04T00:00:00,False,2023-12-07,50.0,3.0,20601.95,1590.0,20500.0,21000.0,EOD,75.0,175.0,500.51,-325.51,False,0.0954
2023-12-05T00:00:00,False,2023-12-07,50.0,2.0,20808.9,2100.0,20700.0,21000.0,EOD,75.0,262.5,503.26,-240.76,False,0.0183
2023-12-06T00:00:00,False,2023-12-07,50.0,1.0,20950.75,2332.5,20800.0,21000.0,EOD,75.0,352.5,503.23,-150.73,False,-0.0724
2023-12-07T00:00:00,False,2023-12-07,50.0,0.5,20932.4,4565.0,20900.0,20900.0,TRAIL,60.0,3432.99,504.0,2928.99,True,-0.0577
2023-12-08T00:00:00,False,2023-12-14,50.0,6.0,20934.1,2730.0,20000.0,21000.0,EOD,75.0,-230.0,508.39,-738.39,False,-0.1518
2023-12-11T00:00:00,False,2023-12-14,50.0,3.0,20965.3,4410.0,20900.0,21000.0,EOD,75.0,-22.5,517.34,-539.84,False,-0.0081
2023-12-12T00:00:00,False,2023-12-14,50.0,2.0,21018.55,4130.0,20900.0,21000.0,EOD,75.0,145.0,510.89,-365.89,False,-0.0485
2023-12-13T00:00:00,False,2023-12-14,50.0,1.0,20929.75,2182.5,20500.0,21000.0,TRAIL,62.0,1671.75,497.56,1174.19,True,-0.2169
2023-12-14T00:00:00,False,2023-12-14,50.0,0.5,21110.4,3990.0,21150.0,21200.0,TRAIL,58.0,3210.32,501.87,2708.45,True,0.298
2023-12-15T00:00:00,False,2023-12-21,50.0,6.0,21287.45,2147.5,21300.0,22000.0,EOD,75.0,820.0,505.05,314.95,True,0.2124
2023-12-18T00:00:00,False,2023-12-21,50.0,3.0,21434.8,4400.0,21300.0,21500.0,EOD,75.0,910.0,517.63,392.37,True,-0.0434
2023-12-19T00:00:00,False,2023-12-21,50.0,2.0,21477.65,4252.5,21400.0,21500.0,EOD,75.0,865.0,510.25,354.75,True,-0.0792
2023-12-20T00:00:00,False,2023-12-21,50.0,1.0,21543.5,2110.0,21000.0,21500.0,TRAIL,58.0,2720.16,499.71,2220.45,True,-0.3859
2023-12-21T00:00:00,False,2023-12-21,50.0,0.5,21033.95,3657.5,21250.0,21500.0,TRAIL,64.0,2765.58,519.51,2246.07,True,0.3323
2023-12-22T00:00:00,False,2023-12-28,50.0,6.0,21295.85,852.5,21000.0,22000.0,EOD,75.0,212.5,496.28,-283.78,False,0.0597
2023-12-26T00:00:00,False,2023-12-28,50.0,2.0,21365.2,1617.5,21300.0,22000.0,EOD,75.0,672.5,501.79,170.71,True,0.1464
2023-12-27T00:00:00,False,2023-12-28,50.0,1.0,21497.65,1595.0,21500.0,22000.0,EOD,75.0,1062.5,500.39,562.11,True,0.2387
2023-12-28T00:00:00,False,2023-12-28,50.0,0.5,21715.0,4110.0,21750.0,21750.0,EOD,75.0,2922.5,504.51,2417.99,True,0.0383
2023-12-29T00:00:00,False,2024-01-04,50.0,6.0,21737.65,3055.0,21500.0,22000.0,EOD,75.0,677.5,512.75,164.75,True,-0.0115
2024-01-01T00:00:00,False,2024-01-04,50.0,3.0,21727.75,4130.0,21700.0,22000.0,EOD,75.0,1142.5,513.47,629.03,True,0.0749
2024-01-02T00:00:00,False,2024-01-04,50.0,2.0,21751.35,3562.5,21000.0,21800.0,EOD,75.0,2377.5,504.8,1872.7,True,-0.2035
2024-01-03T00:00:00,False,2024-01-04,50.0,1.0,21661.1,1632.5,21500.0,22000.0,EOD,75.0,-487.5,495.7,-983.2,False,0.1166
2024-01-04T00:00:00,False,2024-01-04,50.0,0.5,21605.8,5190.0,21650.0,21650.0,TRAIL,59.0,3904.81,508.11,3396.7,True,0.0117
2024-01-05T00:00:00,False,2024-01-11,50.0,6.0,21705.75,135.0,21000.0,22500.0,EOD,75.0,37.5,490.31,-452.81,False,0.0078
2024-01-08T00:00:00,False,2024-01-11,50.0,3.0,21747.6,3452.5,21000.0,21700.0,EOD,75.0,2137.5,509.07,1628.43,True,-0.233
2024-01-09T00:00:00,False,2024-01-11,50.0,2.0,21653.6,2400.0,21000.0,21700.0,EOD,75.0,1305.0,499.23,805.77,True,-0.2359
2024-01-10T00:00:00,False,2024-01-11,50.0,1.0,21529.3,2140.0,21500.0,21800.0,EOD,75.0,1207.5,500.09,707.41,True,0.1652
2024-01-11T00:00:00,False,2024-01-11,50.0,0.5,21688.0,4175.0,21600.0,21650.0,TRAIL,58.0,3249.38,500.42,2748.96,True,-0.2824
2024-01-12T00:00:00,False,2024-01-18,50.0,6.0,21773.55,3610.0,21700.0,22500.0,EOD,75.0,2265.0,512.82,1752.18,True,0.143
2024-01-15T00:00:00,False,2024-01-18,,,,,,,NOLEG,,,,0.0,,
2024-01-16T00:00:00,False,2024-01-18,50.0,2.0,22080.5,1762.5,22000.0,22500.0,EOD,75.0,-510.0,500.89,-1010.89,False,0.1306
2024-01-17T00:00:00,False,2024-01-18,50.0,1.0,21647.25,2122.5,21000.0,21800.0,TRAIL,73.0,1643.22,499.67,1143.55,True,-0.1369
2024-01-18T00:00:00,False,2024-01-18,50.0,0.5,21414.2,3320.0,21450.0,21500.0,TRAIL,59.0,2505.17,506.13,1999.04,True,0.1518
2024-01-19T00:00:00,False,2024-01-25,50.0,6.0,21615.2,137.5,20500.0,22500.0,EOD,75.0,-7.5,490.99,-498.49,False,-0.0113
2024-01-23T00:00:00,False,2024-01-25,50.0,2.0,21716.7,757.5,20500.0,22000.0,TRAIL,58.0,797.95,493.84,304.11,True,-0.1087
2024-01-24T00:00:00,False,2024-01-25,50.0,1.0,21185.25,1462.5,21000.0,22000.0,TRAIL,61.0,1105.14,497.11,608.03,True,0.1191
2024-01-25T00:00:00,False,2024-01-25,50.0,0.5,21454.6,4250.0,21250.0,21300.0,TRAIL,58.0,3356.23,520.29,2835.94,True,-0.2268
2024-01-29T00:00:00,False,2024-02-01,50.0,3.0,21433.1,3695.0,21500.0,22500.0,EOD,75.0,1967.5,530.59,1436.91,True,0.1241
2024-01-30T00:00:00,False,2024-02-01,50.0,2.0,21775.75,370.0,21000.0,22500.0,EOD,75.0,-122.5,492.2,-614.7,False,0.0063
2024-01-31T00:00:00,False,2024-02-01,50.0,1.0,21487.25,2717.5,21500.0,22500.0,EOD,75.0,1552.5,511.19,1041.31,True,0.1785
2024-02-01T00:00:00,False,2024-02-01,50.0,0.5,21780.65,5560.0,21700.0,21700.0,TRAIL,61.0,4203.32,527.86,3675.46,True,-0.0743
2024-02-02T00:00:00,False,2024-02-08,,,,,,,NOSIM,,,,0.0,,
2024-02-05T00:00:00,False,2024-02-08,50.0,3.0,21921.05,2357.5,21000.0,22000.0,EOD,75.0,915.0,506.67,408.33,True,-0.146
2024-02-06T00:00:00,False,2024-02-08,50.0,2.0,21825.2,235.0,21000.0,22500.0,EOD,75.0,125.0,490.32,-365.32,False,-0.0002
2024-02-07T00:00:00,False,2024-02-08,50.0,1.0,22045.05,1745.0,21900.0,22300.0,EOD,75.0,-260.0,501.47,-761.47,False,0.0165
2024-02-08T00:00:00,False,2024-02-08,50.0,0.5,22009.65,6585.0,21700.0,21750.0,TRAIL,58.0,6315.24,533.09,5782.15,True,-0.1803
2024-02-09T00:00:00,False,2024-02-15,50.0,6.0,21727.0,4615.0,21500.0,22000.0,EOD,75.0,1690.0,517.97,1172.03,True,-0.006
2024-02-12T00:00:00,False,2024-02-15,50.0,3.0,21800.8,2080.0,21000.0,22000.0,EOD,75.0,1067.5,501.32,566.18,True,-0.1127
2024-02-13T00:00:00,False,2024-02-15,50.0,2.0,21664.3,1060.0,21000.0,22000.0,EOD,75.0,85.0,494.23,-409.23,False,-0.0628
2024-02-14T00:00:00,False,2024-02-15,50.0,1.0,21578.15,552.5,21000.0,22000.0,EOD,75.0,-562.5,490.93,-1053.43,False,-0.0298
2024-02-15T00:00:00,False,2024-02-15,50.0,0.5,21906.55,4172.5,21900.0,21950.0,TRAIL,60.0,3198.97,504.23,2694.74,True,-0.0087
2024-02-16T00:00:00,False,2024-02-22,50.0,6.0,22020.3,67.5,21000.0,23000.0,EOD,75.0,-35.0,490.15,-525.15,False,0.0021
2024-02-19T00:00:00,False,2024-02-22,50.0,3.0,22103.45,2462.5,22000.0,23000.0,EOD,75.0,577.5,509.94,67.56,True,0.1246
2024-02-20T00:00:00,False,2024-02-22,50.0,2.0,22099.2,2242.5,22000.0,23000.0,EOD,75.0,1055.0,504.98,550.02,True,0.1473
2024-02-21T00:00:00,False,2024-02-22,50.0,1.0,22248.85,557.5,21500.0,22500.0,TRAIL,58.0,539.89,491.33,48.56,True,-0.0818
2024-02-22T00:00:00,False,2024-02-22,50.0,0.5,22081.55,6802.5,22200.0,22250.0,TRAIL,63.0,5241.24,524.3,4716.94,True,0.0762
2024-02-23T00:00:00,False,2024-02-29,50.0,6.0,22290.0,112.5,21000.0,23000.0,EOD,75.0,15.0,490.55,-475.55,False,-0.0118
2024-02-26T00:00:00,False,2024-02-29,50.0,3.0,22169.2,85.0,21000.0,23000.0,EOD,75.0,42.5,489.81,-447.31,False,-0.0061
2024-02-27T00:00:00,False,2024-02-29,50.0,2.0,22090.2,167.5,21500.0,23000.0,EOD,75.0,102.5,490.07,-387.57,False,0.0154
2024-02-28T00:00:00,False,2024-02-29,50.0,1.0,22214.1,3080.0,21500.0,22200.0,TRAIL,73.0,2458.93,505.11,1953.82,True,-0.235
2024-02-29T00:00:00,False,2024-02-29,50.0,0.5,21935.2,5070.0,22000.0,22000.0,EOD,75.0,3350.0,516.36,2833.64,True,0.0377
2024-03-01T00:00:00,False,2024-03-07,50.0,6.0,22048.3,990.0,22000.0,23000.0,EOD,75.0,-132.5,505.73,-638.23,False,0.1379
2024-03-04T00:00:00,False,2024-03-07,50.0,3.0,22403.5,1462.5,22200.0,23000.0,EOD,75.0,117.5,501.01,-383.51,False,0.0873
2024-03-05T00:00:00,False,2024-03-07,50.0,2.0,22371.25,1430.0,22200.0,23000.0,EOD,75.0,245.0,499.68,-254.68,False,0.1096
2024-03-06T00:00:00,False,2024-03-07,50.0,1.0,22327.5,472.5,22000.0,23000.0,TRAIL,65.0,354.73,492.0,-137.27,False,0.0583
2024-03-07T00:00:00,False,2024-03-07,50.0,0.5,22505.3,3465.0,22450.0,22500.0,TRAIL,64.0,2694.78,502.73,2192.05,True,-0.141
2024-03-11T00:00:00,False,2024-03-14,50.0,3.0,22517.5,175.0,21500.0,23000.0,TRAIL,66.0,131.35,490.35,-359.0,False,-0.0239
2024-03-12T00:00:00,False,2024-03-14,50.0,2.0,22334.45,2240.0,22000.0,22500.0,EOD,75.0,207.5,500.04,-292.54,False,-0.0876
2024-03-13T00:00:00,False,2024-03-14,50.0,1.0,22446.75,2177.5,21700.0,22500.0,TRAIL,58.0,1983.4,498.15,1485.25,True,-0.2329
2024-03-14T00:00:00,False,2024-03-14,50.0,0.5,21982.55,6460.0,22100.0,22150.0,TRAIL,58.0,4910.94,520.27,4390.67,True,0.0547
2024-03-15T00:00:00,False,2024-03-21,50.0,6.0,22064.85,50.0,21000.0,23000.0,EOD,75.0,-10.0,489.79,-499.79,False,-0.0024
2024-03-18T00:00:00,False,2024-03-21,50.0,3.0,21990.1,67.5,21000.0,23000.0,EOD,75.0,37.5,489.57,-452.07,False,0.0011
2024-03-19T00:00:00,False,2024-03-21,50.0,2.0,21946.45,4172.5,21000.0,22000.0,EOD,75.0,2945.0,509.59,2435.41,True,-0.1838
2024-03-20T00:00:00,False,2024-03-21,50.0,1.0,21843.9,1567.5,21500.0,22000.0,EOD,75.0,575.0,497.25,77.75,True,-0.0981
2024-03-21T00:00:00,False,2024-03-21,50.0,0.5,21989.9,4090.0,22000.0,22050.0,TRAIL,58.0,3067.78,505.01,2562.77,True,0.0226
2024-03-22T00:00:00,False,2024-03-28,50.0,6.0,21932.2,2365.0,22000.0,23000.0,EOD,75.0,970.0,507.23,462.77,True,0.2946
2024-03-26T00:00:00,False,2024-03-28,50.0,2.0,21947.9,2320.0,22000.0,22500.0,EOD,75.0,582.5,505.54,76.96,True,0.2631
2024-03-27T00:00:00,False,2024-03-28,50.0,1.0,22053.95,1505.0,22000.0,22500.0,EOD,75.0,927.5,498.58,428.92,True,0.1257
2024-03-28T00:00:00,False,2024-03-28,50.0,0.5,22163.6,4197.5,22300.0,22600.0,TRAIL,58.0,10743.87,506.25,10237.62,True,0.5475
2024-04-01T00:00:00,False,2024-04-04,50.0,3.0,22455.0,3822.5,22300.0,22500.0,EOD,75.0,-267.5,515.88,-783.38,False,-0.0865
2024-04-02T00:00:00,False,2024-04-04,50.0,2.0,22458.8,320.0,22000.0,23000.0,EOD,75.0,177.5,490.77,-313.27,False,0.018
2024-04-03T00:00:00,False,2024-04-04,50.0,1.0,22385.7,1447.5,22000.0,22500.0,EOD,75.0,87.5,495.54,-408.04,False,-0.1517
2024-04-04T00:00:00,False,2024-04-04,50.0,0.5,22592.1,1170.0,22500.0,22700.0,STOP,8.0,-2798.5,494.18,-3292.68,False,0.0325
2024-04-05T00:00:00,False,2024-04-10,50.0,5.0,22486.4,2680.0,22500.0,23000.0,EOD,75.0,62.5,510.71,-448.21,False,0.1539
2024-04-08T00:00:00,False,2024-04-10,50.0,2.0,22580.25,1857.5,22500.0,23000.0,EOD,75.0,705.0,503.21,201.79,True,0.1247
2024-04-09T00:00:00,False,2024-04-10,50.0,1.0,22760.0,1102.5,22500.0,23000.0,EOD,75.0,405.0,493.73,-88.73,False,0.0385
2024-04-10T00:00:00,False,2024-04-10,50.0,0.5,22721.25,3285.0,22700.0,22750.0,TRAIL,64.0,2479.16,499.62,1979.54,True,-0.0294
2024-04-12T00:00:00,False,2024-04-18,50.0,6.0,22677.4,4197.5,22200.0,22700.0,EOD,75.0,1795.0,515.33,1279.67,True,-0.1291
2024-04-15T00:00:00,False,2024-04-18,50.0,3.0,22356.7,580.0,22000.0,22700.0,EOD,75.0,-307.5,495.86,-803.36,False,-0.0099
2024-04-16T00:00:00,False,2024-04-18,50.0,2.0,22125.3,1045.0,22000.0,22500.0,EOD,75.0,-5.0,498.46,-503.46,False,0.1022
2024-04-18T00:00:00,False,2024-04-18,50.0,0.5,22212.35,6470.0,22000.0,22000.0,TRAIL,66.0,5087.81,526.6,4561.21,True,-0.1876
2024-04-19T00:00:00,False,2024-04-25,50.0,6.0,21861.5,1055.0,22000.0,23000.0,EOD,75.0,-815.0,524.95,-1339.95,False,0.2561
2024-04-22T00:00:00,False,2024-04-25,50.0,3.0,22336.9,1237.5,22000.0,23000.0,EOD,75.0,695.0,499.65,195.35,True,0.0743
2024-04-23T00:00:00,False,2024-04-25,50.0,2.0,22447.05,175.0,22000.0,23000.0,EOD,75.0,-87.5,492.33,-579.83,False,0.021
2024-04-24T00:00:00,False,2024-04-25,50.0,1.0,22421.55,1522.5,22000.0,22500.0,EOD,75.0,432.5,495.63,-63.13,False,-0.2003
2024-04-25T00:00:00,False,2024-04-25,50.0,0.5,22316.9,7767.5,22600.0,22600.0,TRAIL,70.0,5999.33,530.09,5469.24,True,-0.033
2024-04-26T00:00:00,False,2024-05-02,25.0,6.0,22620.4,7.5,21500.0,23500.0,STOP,49.0,-11.4,339.56,-350.96,False,0.0002
2024-04-29T00:00:00,False,2024-05-02,25.0,3.0,22475.55,1558.75,22500.0,23000.0,EOD,75.0,908.75,349.86,558.89,True,0.1681
2024-04-30T00:00:00,False,2024-05-02,25.0,2.0,22679.65,121.25,22000.0,23000.0,EOD,75.0,62.5,339.78,-277.28,False,-0.0354
2024-05-02T00:00:00,False,2024-05-02,25.0,0.5,22567.85,2690.0,22650.0,22650.0,TRAIL,58.0,2375.56,348.6,2026.96,True,0.3854
2024-05-03T00:00:00,False,2024-05-09,25.0,6.0,22766.35,1010.0,22000.0,22800.0,EOD,75.0,235.0,350.09,-115.09,False,-0.1235
2024-05-06T00:00:00,False,2024-05-09,25.0,3.0,22561.6,373.75,22000.0,23000.0,EOD,75.0,93.75,341.36,-247.61,False,-0.0346
2024-05-07T00:00:00,False,2024-05-09,25.0,2.0,22489.75,281.25,22000.0,23000.0,EOD,75.0,-47.5,340.29,-387.79,False,-0.0058
2024-05-08T00:00:00,False,2024-05-09,25.0,1.0,22231.19921875,383.75,22000.0,22800.0,EOD,75.0,255.0,340.67,-85.67,False,0.0736
2024-05-09T00:00:00,False,2024-05-09,25.0,0.5,22224.80078125,3368.75,21950.0,22000.0,TRAIL,61.0,2554.58,362.28,2192.3,True,-0.0958
2024-05-10T00:00:00,False,2024-05-16,25.0,6.0,21990.94921875,38.75,21000.0,23000.0,EOD,75.0,-10.0,339.91,-349.91,False,0.0014
2024-05-13T00:00:00,False,2024-05-16,25.0,3.0,22027.94921875,43.75,21000.0,23000.0,EOD,75.0,17.5,339.32,-321.82,False,0.0029
2024-05-14T00:00:00,False,2024-05-16,25.0,2.0,22112.900390625,817.5,22000.0,23000.0,EOD,75.0,423.75,344.04,79.71,True,0.1543
2024-05-15T00:00:00,False,2024-05-16,25.0,1.0,22255.599609375,577.5,22000.0,22500.0,EOD,75.0,263.75,341.41,-77.66,False,-0.0113
2024-05-16T00:00:00,False,2024-05-16,25.0,0.5,22319.19921875,2756.25,22400.0,22450.0,TRAIL,68.0,2194.87,350.69,1844.18,True,0.1172
2024-05-17T00:00:00,False,2024-05-23,25.0,6.0,22415.25,180.0,21500.0,23000.0,EOD,75.0,70.0,340.33,-270.33,False,-0.0283
2024-05-21T00:00:00,False,2024-05-23,25.0,2.0,22404.55078125,1417.5,22500.0,23000.0,EOD,75.0,265.0,349.46,-84.46,False,0.3165
2024-05-22T00:00:00,False,2024-05-23,25.0,1.0,22576.599609375,132.5,22000.0,23000.0,TRAIL,70.0,101.02,339.56,-238.54,False,0.0045
2024-05-23T00:00:00,False,2024-05-23,25.0,0.5,22614.099609375,3308.75,22950.0,23000.0,TRAIL,60.0,2642.39,368.25,2274.14,True,0.1317
2024-05-24T00:00:00,False,2024-05-30,25.0,6.0,22930.75,1777.5,23000.0,24000.0,EOD,75.0,383.75,354.56,29.19,True,0.1626
2024-05-27T00:00:00,False,2024-05-30,25.0,3.0,23038.94921875,1201.25,23000.0,24000.0,EOD,75.0,-355.0,349.82,-704.82,False,0.1489
2024-05-28T00:00:00,False,2024-05-30,25.0,2.0,22977.150390625,198.75,22500.0,24000.0,EOD,75.0,18.75,340.46,-321.71,False,0.0387
2024-05-29T00:00:00,False,2024-05-30,25.0,1.0,22762.75,60.0,22000.0,23500.0,TRAIL,65.0,45.6,339.27,-293.67,False,-0.0049
2024-05-30T00:00:00,False,2024-05-30,25.0,0.5,22617.44921875,2462.5,22500.0,22500.0,TRAIL,75.0,1897.5,354.96,1542.54,True,-0.0487
2024-05-31T00:00:00,False,2024-06-06,,,,,,,NOLEG,,,,0.0,,
2024-06-03T00:00:00,False,2024-06-06,,,,,,,NOLEG,,,,0.0,,
2024-06-04T00:00:00,False,2024-06-06,,,,,,,NOLEG,,,,0.0,,
2024-06-05T00:00:00,False,2024-06-06,,,,,,,NOLEG,,,,0.0,,
2024-06-06T00:00:00,False,2024-06-06,25.0,0.5,22798.599609375,2082.5,22800.0,23500.0,TRAIL,58.0,1688.91,360.92,1327.99,True,0.1917
2024-06-07T00:00:00,False,2024-06-13,25.0,6.0,22821.849609375,803.75,23000.0,24000.0,EOD,75.0,307.5,371.89,-64.39,False,0.1419
2024-06-10T00:00:00,False,2024-06-13,25.0,3.0,23319.150390625,732.5,23000.0,24000.0,EOD,75.0,-218.75,349.61,-568.36,False,0.0564
2024-06-11T00:00:00,False,2024-06-13,25.0,2.0,23283.75,162.5,22500.0,24000.0,EOD,75.0,112.5,340.48,-227.98,False,-0.0125
2024-06-12T00:00:00,False,2024-06-13,25.0,1.0,23344.44921875,331.25,23000.0,24000.0,TRAIL,66.0,257.68,340.98,-83.3,False,0.065
2024-06-13T00:00:00,False,2024-06-13,25.0,0.5,23480.94921875,2625.0,23400.0,23400.0,TRAIL,58.0,2078.82,349.98,1728.84,True,-0.2953
2024-06-14T00:00:00,False,2024-06-20,25.0,6.0,23464.94921875,1220.0,23400.0,24000.0,EOD,75.0,127.5,350.74,-223.24,False,0.1095
2024-06-18T00:00:00,False,2024-06-20,25.0,2.0,23570.80078125,256.25,23000.0,24000.0,EOD,75.0,181.25,340.08,-158.83,False,-0.0105
2024-06-19T00:00:00,False,2024-06-20,25.0,1.0,23629.849609375,63.75,23000.0,24000.0,STOP,17.0,-100.76,339.29,-440.05,False,-0.005
2024-06-20T00:00:00,False,2024-06-20,25.0,0.5,23586.150390625,1882.5,23550.0,23600.0,TRAIL,58.0,1433.21,347.59,1085.62,True,-0.0812
2024-06-21T00:00:00,False,2024-06-27,25.0,6.0,23661.150390625,567.5,23000.0,24000.0,EOD,75.0,223.75,341.62,-117.87,False,-0.0601
2024-06-24T00:00:00,False,2024-06-27,25.0,3.0,23382.30078125,427.5,23000.0,24000.0,EOD,75.0,187.5,341.15,-153.65,False,0.0474
2024-06-25T00:00:00,False,2024-06-27,25.0,2.0,23577.099609375,235.0,23000.0,24000.0,EOD,75.0,-80.0,340.17,-420.17,False,-0.0098
2024-06-26T00:00:00,False,2024-06-27,25.0,1.0,23723.099609375,196.25,23000.0,24000.0,STOP,37.0,-295.37,340.19,-635.56,False,-0.0436
2024-06-27T00:00:00,False,2024-06-27,25.0,0.5,23881.55078125,2891.25,24000.0,24050.0,TRAIL,60.0,2174.39,354.02,1820.37,True,0.0846
2024-06-28T00:00:00,False,2024-07-04,25.0,6.0,24085.900390625,76.25,23000.0,25000.0,EOD,75.0,23.75,339.94,-316.19,False,0.0042
2024-07-01T00:00:00,False,2024-07-04,25.0,3.0,23992.94921875,1475.0,24000.0,25000.0,EOD,75.0,658.75,349.63,309.12,True,0.1812
2024-07-02T00:00:00,False,2024-07-04,25.0,2.0,24228.75,756.25,24000.0,25000.0,EOD,75.0,61.25,343.91,-282.66,False,0.1092
2024-07-03T00:00:00,False,2024-07-04,25.0,1.0,24291.75,206.25,24000.0,25000.0,EOD,75.0,52.5,340.62,-288.12,False,0.0546
2024-07-04T00:00:00,False,2024-07-04,25.0,0.5,24369.94921875,1821.25,24300.0,24350.0,TRAIL,61.0,1384.58,346.76,1037.82,True,-0.1798
2024-07-05T00:00:00,False,2024-07-11,25.0,6.0,24213.349609375,680.0,24000.0,25000.0,EOD,75.0,296.25,343.39,-47.14,False,0.1024
2024-07-08T00:00:00,False,2024-07-11,25.0,3.0,24329.44921875,346.25,24000.0,25000.0,EOD,75.0,73.75,341.16,-267.41,False,0.0613
2024-07-09T00:00:00,False,2024-07-11,25.0,2.0,24351.0,273.75,24000.0,25000.0,TRAIL,70.0,211.72,340.1,-128.38,False,0.0692
2024-07-10T00:00:00,False,2024-07-11,25.0,1.0,24459.849609375,1212.5,24000.0,24500.0,TRAIL,58.0,1047.62,342.93,704.69,True,-0.2851
2024-07-11T00:00:00,False,2024-07-11,25.0,0.5,24396.55078125,1842.5,24300.0,24350.0,TRAIL,58.0,1458.33,345.81,1112.52,True,-0.2531
2024-07-12T00:00:00,False,2024-07-18,25.0,6.0,24387.94921875,193.75,24000.0,25000.0,EOD,75.0,-21.25,340.53,-361.78,False,0.0221
2024-07-15T00:00:00,False,2024-07-18,25.0,3.0,24587.6,941.25,24500.0,25000.0,EOD,75.0,95.0,346.38,-251.38,False,0.1159
2024-07-16T00:00:00,False,2024-07-18,25.0,2.0,24615.900390625,107.5,24000.0,25000.0,EOD,75.0,80.0,339.48,-259.48,False,-0.0216
2024-07-18T00:00:00,False,2024-07-18,25.0,0.5,24543.80078125,2608.75,24800.0,25000.0,TRAIL,58.0,2146.82,355.21,1791.61,True,0.0078
2024-07-19T00:00:00,False,2024-07-25,25.0,6.0,24853.80078125,350.0,23500.0,25500.0,EOD,75.0,100.0,341.77,-241.77,False,-0.0404
2024-07-22T00:00:00,False,2024-07-25,25.0,3.0,24445.75,1058.75,24000.0,25500.0,EOD,75.0,503.75,346.45,157.3,True,0.0731
2024-07-23T00:00:00,False,2024-07-25,25.0,2.0,24568.900390625,946.25,24000.0,25000.0,EOD,75.0,656.25,349.48,306.77,True,-0.0245
2024-07-24T00:00:00,False,2024-07-25,25.0,1.0,24444.94921875,196.25,24000.0,25000.0,EOD,75.0,118.75,340.44,-221.69,False,0.0126
2024-07-25T00:00:00,False,2024-07-25,25.0,0.5,24230.94921875,2187.5,24400.0,24400.0,TRAIL,58.0,2125.99,352.62,1773.37,True,0.3026
2024-07-26T00:00:00,False,2024-08-01,,,,,,,NOLEG,,,,0.0,,
2024-07-29T00:00:00,False,2024-08-01,25.0,3.0,24943.30078125,217.5,24000.0,25500.0,EOD,75.0,150.0,339.98,-189.98,False,-0.016
2024-07-30T00:00:00,False,2024-08-01,25.0,2.0,24839.400390625,46.25,24000.0,25500.0,EOD,75.0,20.0,339.45,-319.45,False,-0.0025
2024-07-31T00:00:00,False,2024-08-01,25.0,1.0,24886.69921875,170.0,24500.0,25500.0,EOD,75.0,88.75,339.9,-251.15,False,0.0416
2024-08-01T00:00:00,False,2024-08-01,25.0,0.5,25030.94921875,2050.0,25000.0,25050.0,TRAIL,59.0,1542.0,348.38,1193.62,True,-0.0804
2024-08-02T00:00:00,False,2024-08-08,25.0,6.0,24789.0,200.0,24000.0,26000.0,EOD,75.0,82.5,339.89,-257.39,False,0.0297
2024-08-05T00:00:00,False,2024-08-08,25.0,3.0,24302.849609375,222.5,24000.0,26000.0,STOP,19.0,-353.07,344.93,-698.0,False,0.0551
2024-08-06T00:00:00,False,2024-08-08,,,,,,,NOLEG,,,,0.0,,
2024-08-07T00:00:00,False,2024-08-08,25.0,1.0,24289.400390625,370.0,24000.0,25000.0,EOD,75.0,193.75,343.37,-149.62,False,0.0697
2024-08-08T00:00:00,False,2024-08-08,25.0,0.5,24248.55078125,1951.25,24100.0,24150.0,TRAIL,58.0,1469.97,353.26,1116.71,True,-0.1235
2024-08-09T00:00:00,False,2024-08-14,25.0,5.0,24386.849609375,48.75,23000.0,25000.0,EOD,75.0,-50.0,340.32,-390.32,False,-0.0156
2024-08-12T00:00:00,False,2024-08-14,25.0,2.0,24320.05078125,118.75,23500.0,25000.0,EOD,75.0,66.25,340.13,-273.88,False,-0.0018
2024-08-13T00:00:00,False,2024-08-14,25.0,1.0,24342.349609375,25.0,23500.0,25000.0,EOD,75.0,0.0,339.33,-339.33,False,-0.0014
2024-08-14T00:00:00,False,2024-08-14,25.0,0.5,24184.400390625,2975.0,24150.0,24150.0,TRAIL,61.0,2246.21,350.74,1895.47,True,-0.0469
2024-08-16T00:00:00,False,2024-08-22,25.0,6.0,24334.849609375,41.25,23000.0,25000.0,STOP,45.0,-58.0,339.86,-397.86,False,0.0019
2024-08-19T00:00:00,False,2024-08-22,25.0,3.0,24636.349609375,358.75,24000.0,25000.0,EOD,75.0,202.5,340.92,-138.42,False,-0.0206
2024-08-20T00:00:00,False,2024-08-22,25.0,2.0,24648.900390625,481.25,24300.0,25000.0,EOD,75.0,295.0,341.06,-46.06,False,0.0431
2024-08-21T00:00:00,False,2024-08-22,25.0,1.0,24680.55078125,478.75,24500.0,25000.0,EOD,75.0,306.25,341.2,-34.95,False,0.0807
2024-08-22T00:00:00,False,2024-08-22,25.0,0.5,24863.400390625,2170.0,24800.0,24800.0,TRAIL,63.0,1695.39,346.12,1349.27,True,-0.442
2024-08-23T00:00:00,False,2024-08-29,25.0,6.0,24845.400390625,3.75,24000.0,26000.0,STOP,1.0,-7.11,339.66,-346.77,False,0.0057
2024-08-26T00:00:00,False,2024-08-29,25.0,3.0,24906.099609375,5.0,24000.0,26000.0,STOP,50.0,-7.21,339.46,-346.67,False,0.0034
2024-08-27T00:00:00,False,2024-08-29,25.0,2.0,25024.80078125,2855.0,25000.0,25000.0,EOD,75.0,212.5,354.93,-142.43,False,-0.027
2024-08-28T00:00:00,False,2024-08-29,25.0,1.0,25030.80078125,1215.0,25000.0,25500.0,EOD,75.0,422.5,344.52,77.98,True,0.2272
2024-08-29T00:00:00,False,2024-08-29,25.0,0.5,25035.30078125,1405.0,25100.0,25200.0,TRAIL,68.0,1073.57,345.47,728.1,True,0.3526
2024-08-30T00:00:00,False,2024-09-05,25.0,6.0,25249.69921875,277.5,25000.0,26000.0,EOD,75.0,-140.0,343.3,-483.3,False,0.0707
2024-09-02T00:00:00,False,2024-09-05,25.0,3.0,25333.599609375,281.25,25000.0,26000.0,EOD,75.0,-108.75,341.12,-449.87,False,0.0625
2024-09-03T00:00:00,False,2024-09-05,25.0,2.0,25313.400390625,342.5,25000.0,26000.0,EOD,75.0,116.25,340.87,-224.62,False,0.0723
2024-09-04T00:00:00,False,2024-09-05,25.0,1.0,25089.94921875,1258.75,25000.0,25300.0,EOD,75.0,547.5,344.38,203.12,True,0.0868
2024-09-05T00:00:00,False,2024-09-05,25.0,0.5,25250.5,1370.0,25150.0,25200.0,TRAIL,58.0,1039.07,345.18,693.89,True,-0.4215
2024-09-06T00:00:00,False,2024-09-12,,,,,,,NOLEG,,,,0.0,,
2024-09-09T00:00:00,False,2024-09-12,,,,,,,NOSIM,,,,0.0,,
2024-09-10T00:00:00,False,2024-09-12,25.0,2.0,24999.400390625,213.75,24600.0,26000.0,TRAIL,58.0,179.0,340.17,-161.17,False,0.0501
2024-09-11T00:00:00,False,2024-09-12,25.0,1.0,25034.0,1731.25,24500.0,25000.0,TRAIL,68.0,1420.77,345.85,1074.92,True,-0.3015
2024-09-12T00:00:00,False,2024-09-12,25.0,0.5,25059.650390625,3738.75,25400.0,25400.0,TRAIL,64.0,2834.03,378.3,2455.73,True,0.0368
2024-09-13T00:00:00,False,2024-09-19,25.0,6.0,25430.44921875,183.75,25000.0,26000.0,EOD,75.0,-226.25,343.45,-569.7,False,0.0229
2024-09-16T00:00:00,False,2024-09-19,25.0,3.0,25406.650390625,202.5,25000.0,26000.0,EOD,75.0,-7.5,341.65,-349.15,False,0.0131
2024-09-17T00:00:00,False,2024-09-19,25.0,2.0,25416.900390625,128.75,25000.0,26000.0,EOD,75.0,-42.5,340.26,-382.76,False,0.0246
2024-09-18T00:00:00,False,2024-09-19,25.0,1.0,25402.400390625,205.0,25000.0,26000.0,EOD,75.0,-66.25,340.31,-406.56,False,0.0444
2024-09-19T00:00:00,False,2024-09-19,25.0,0.5,25487.05078125,2100.0,25400.0,25400.0,TRAIL,58.0,1595.5,351.26,1244.24,True,-0.1995
2024-09-20T00:00:00,False,2024-09-26,25.0,6.0,25525.94921875,153.75,25000.0,27000.0,EOD,75.0,5.0,341.59,-336.59,False,0.0293
2024-09-23T00:00:00,False,2024-09-26,25.0,3.0,25872.55078125,172.5,25000.0,27000.0,TRAIL,71.0,133.51,340.75,-207.24,False,0.0205
2024-09-24T00:00:00,False,2024-09-26,,,,,,,NOSIM,,,,0.0,,
2024-09-25T00:00:00,False,2024-09-26,25.0,1.0,25899.44921875,11.25,25000.0,27000.0,TRAIL,58.0,14.57,339.24,-324.67,False,-0.0029
2024-09-26T00:00:00,False,2024-09-26,25.0,0.5,26005.400390625,3562.5,26200.0,26250.0,TRAIL,65.0,2967.78,355.7,2612.08,True,0.1237
2024-09-27T00:00:00,False,2024-10-03,25.0,6.0,26248.25,77.5,25000.0,27000.0,EOD,75.0,43.75,340.2,-296.45,False,-0.0099
2024-09-30T00:00:00,False,2024-10-03,,,,,,,NOLEG,,,,0.0,,
2024-10-01T00:00:00,False,2024-10-03,,,,,,,NOLEG,,,,0.0,,
2024-10-03T00:00:00,False,2024-10-03,25.0,0.5,25452.849609375,5017.5,25250.0,25250.0,TRAIL,58.0,3813.12,367.13,3445.99,True,-0.0382
2024-10-04T00:00:00,False,2024-10-10,,,,,,,NOLEG,,,,0.0,,
2024-10-07T00:00:00,False,2024-10-10,,,,,,,NOLEG,,,,0.0,,
2024-10-08T00:00:00,False,2024-10-10,,,,,,,NOLEG,,,,0.0,,
2024-10-09T00:00:00,False,2024-10-10,25.0,1.0,25065.80078125,203.75,24000.0,25500.0,TRAIL,69.0,153.89,340.33,-186.44,False,-0.0416
2024-10-10T00:00:00,False,2024-10-10,25.0,0.5,25067.05078125,2541.25,25000.0,25000.0,TRAIL,58.0,1913.4,350.83,1562.57,True,-0.2263
2024-10-11T00:00:00,False,2024-10-17,25.0,6.0,24985.30078125,1162.5,25000.0,26000.0,EOD,75.0,-435.0,353.96,-788.96,False,0.1345
2024-10-14T00:00:00,False,2024-10-17,25.0,3.0,25023.44921875,1655.0,25000.0,26000.0,EOD,75.0,863.75,352.5,511.25,True,0.1407
2024-10-15T00:00:00,False,2024-10-17,25.0,2.0,25186.30078125,2012.5,25000.0,25200.0,EOD,75.0,295.0,349.34,-54.34,False,-0.1223
2024-10-16T00:00:00,False,2024-10-17,25.0,1.0,25008.55078125,46.25,24500.0,25500.0,EOD,75.0,21.25,339.3,-318.05,False,-0.0039
2024-10-17T00:00:00,False,2024-10-17,25.0,0.5,25027.400390625,3242.5,24750.0,24750.0,TRAIL,60.0,2437.45,359.83,2077.62,True,0.0297
2024-10-18T00:00:00,False,2024-10-24,25.0,6.0,24664.94921875,180.0,24000.0,26000.0,EOD,75.0,117.5,340.83,-223.33,False,0.0282
2024-10-21T00:00:00,False,2024-10-24,25.0,3.0,24956.150390625,1181.25,24000.0,25000.0,EOD,75.0,655.0,347.07,307.93,True,-0.1782
2024-10-22T00:00:00,False,2024-10-24,25.0,2.0,24798.650390625,356.25,24000.0,25000.0,EOD,75.0,111.25,341.78,-230.53,False,-0.0898
2024-10-23T00:00:00,False,2024-10-24,25.0,1.0,24378.150390625,246.25,24000.0,25000.0,EOD,75.0,177.5,340.59,-163.09,False,0.0382
2024-10-24T00:00:00,False,2024-10-24,25.0,0.5,24412.69921875,2681.25,24400.0,24400.0,TRAIL,59.0,2041.48,350.63,1690.85,True,0.0049
2024-10-25T00:00:00,False,2024-10-31,25.0,6.0,24418.05078125,251.25,23000.0,25000.0,EOD,75.0,171.25,340.53,-169.28,False,-0.0468
2024-10-28T00:00:00,False,2024-10-31,25.0,3.0,24251.099609375,930.0,24000.0,25000.0,EOD,75.0,593.75,345.73,248.02,True,0.0857
2024-10-29T00:00:00,False,2024-10-31,25.0,2.0,24328.849609375,107.5,24000.0,25000.0,STOP,7.0,-161.53,340.47,-502.0,False,0.0262
2024-10-30T00:00:00,False,2024-10-31,25.0,1.0,24371.44921875,12.5,24000.0,25000.0,STOP,54.0,-30.2,340.22,-370.42,False,0.0403
2024-10-31T00:00:00,False,2024-10-31,25.0,0.5,24349.849609375,2887.5,24200.0,24200.0,TRAIL,58.0,2342.85,353.95,1988.9,True,-0.1651
2024-11-04T00:00:00,False,2024-11-07,,,,,,,NOLEG,,,,0.0,,
2024-11-05T00:00:00,False,2024-11-07,,,,,,,NOLEG,,,,0.0,,
2024-11-06T00:00:00,False,2024-11-07,,,,,,,NOLEG,,,,0.0,,
2024-11-07T00:00:00,False,2024-11-07,25.0,0.5,24489.599609375,2352.5,24200.0,24200.0,TRAIL,58.0,1979.2,360.48,1618.72,True,-0.0591
2024-11-08T00:00:00,False,2024-11-14,,,,,,,NOLEG,,,,0.0,,
2024-11-11T00:00:00,False,2024-11-14,,,,,,,NOLEG,,,,0.0,,
2024-11-12T00:00:00,False,2024-11-14,,,,,,,NOLEG,,,,0.0,,
2024-11-13T00:00:00,False,2024-11-14,,,,,,,NOLEG,,,,0.0,,
2024-11-14T00:00:00,False,2024-11-14,25.0,0.5,23542.150390625,3080.0,23500.0,23550.0,TRAIL,58.0,2360.64,352.75,2007.89,True,0.0013
2024-11-18T00:00:00,False,2024-11-21,,,,,,,NOLEG,,,,0.0,,
2024-11-19T00:00:00,False,2024-11-21,25.0,2.0,23529.55078125,180.0,23000.0,24000.0,EOD,75.0,-11.25,339.97,-351.22,False,0.0091
2024-11-21T00:00:00,False,2024-11-21,75.0,0.5,23488.44921875,6577.5,23350.0,23350.0,TRAIL,58.0,5139.03,694.7,4444.33,True,-0.1504
2024-11-22T00:00:00,False,2024-11-28,,,,,,,NOLEG,,,,0.0,,
2024-11-25T00:00:00,False,2024-11-28,75.0,3.0,24253.55078125,682.5,22500.0,25000.0,TRAIL,70.0,575.24,642.49,-67.25,False,-0.023
2024-11-26T00:00:00,False,2024-11-28,75.0,2.0,24343.30078125,161.25,23000.0,25000.0,EOD,75.0,78.75,641.63,-562.88,False,-0.0154
2024-11-27T00:00:00,False,2024-11-28,75.0,1.0,24204.80078125,1275.0,24000.0,25000.0,EOD,75.0,888.75,648.19,240.56,True,0.0961
2024-11-28T00:00:00,False,2024-11-28,75.0,0.5,24274.150390625,22038.75,23900.0,23900.0,TRAIL,61.0,16575.24,779.46,15795.78,True,0.1021
2024-11-29T00:00:00,False,2024-12-05,75.0,6.0,23927.150390625,337.5,23000.0,25000.0,EOD,75.0,161.25,642.45,-481.2,False,0.0075
2024-12-02T00:00:00,False,2024-12-05,75.0,3.0,24140.849609375,120.0,23000.0,25000.0,EOD,75.0,-71.25,640.65,-711.9,False,-0.0037
2024-12-03T00:00:00,False,2024-12-05,75.0,2.0,24367.5,502.5,23500.0,25000.0,EOD,75.0,240.0,642.3,-402.3,False,-0.0002
2024-12-04T00:00:00,False,2024-12-05,75.0,1.0,24488.75,198.75,23500.0,25000.0,EOD,75.0,60.0,640.44,-580.44,False,-0.0165
2024-12-05T00:00:00,False,2024-12-05,75.0,0.5,24539.150390625,7747.5,24700.0,25000.0,TRAIL,59.0,5827.64,705.32,5122.32,True,0.142
2024-12-06T00:00:00,False,2024-12-12,,,,,,,NOLEG,,,,0.0,,
2024-12-09T00:00:00,False,2024-12-12,,,,,,,NOLEG,,,,0.0,,
2024-12-10T00:00:00,False,2024-12-12,75.0,2.0,24652.650390625,262.5,24000.0,26000.0,EOD,75.0,41.25,642.04,-600.79,False,0.0195
2024-12-11T00:00:00,False,2024-12-12,75.0,1.0,24620.5,918.75,24000.0,25000.0,EOD,75.0,581.25,644.1,-62.85,False,-0.037
2024-12-12T00:00:00,False,2024-12-12,75.0,0.5,24604.44921875,6198.75,24550.0,24550.0,TRAIL,58.0,4665.33,668.58,3996.75,True,-0.1202
2024-12-13T00:00:00,False,2024-12-19,75.0,6.0,24498.349609375,3750.0,24500.0,26000.0,EOD,75.0,2115.0,681.07,1433.93,True,0.1438
2024-12-16T00:00:00,False,2024-12-19,75.0,3.0,24753.400390625,1267.5,24000.0,26000.0,TRAIL,70.0,959.61,644.2,315.41,True,0.0551
2024-12-17T00:00:00,False,2024-12-19,75.0,2.0,24584.80078125,1395.0,23900.0,25000.0,EOD,76.0,705.0,648.01,56.99,True,-0.0448
2024-12-18T00:00:00,False,2024-12-19,75.0,1.0,24297.94921875,825.0,24000.0,25500.0,EOD,75.0,-150.0,643.85,-793.85,False,0.0763
2024-12-19T00:00:00,False,2024-12-19,75.0,0.5,23877.150390625,6221.25,23950.0,23950.0,TRAIL,58.0,4968.57,676.01,4292.56,True,0.3101
2024-12-20T00:00:00,False,2024-12-26,75.0,6.0,23960.69921875,551.25,23000.0,25000.0,EOD,75.0,-285.0,645.75,-930.75,False,0.0019
2024-12-23T00:00:00,False,2024-12-26,75.0,3.0,23738.19921875,1372.5,23500.0,25000.0,EOD,75.0,465.0,661.44,-196.44,False,0.0782
2024-12-24T00:00:00,False,2024-12-26,75.0,2.0,23769.099609375,1027.5,22000.0,24000.0,EOD,75.0,363.75,646.59,-282.84,False,-0.0884
2024-12-26T00:00:00,False,2024-12-26,75.0,0.5,23775.80078125,5835.0,23700.0,23750.0,TRAIL,58.0,4558.56,665.19,3893.37,True,-0.1284
2024-12-27T00:00:00,False,2025-01-02,,,,,,,NOLEG,,,,0.0,,
2024-12-30T00:00:00,False,2025-01-02,,,,,,,NOLEG,,,,0.0,,
2024-12-31T00:00:00,False,2025-01-02,,,,,,,NOLEG,,,,0.0,,
2025-01-01T00:00:00,False,2025-01-02,75.0,1.0,23637.650390625,221.25,23000.0,24500.0,TRAIL,62.0,167.14,641.08,-473.94,False,0.018
2025-01-02T00:00:00,False,2025-01-02,75.0,0.5,23783.0,9836.25,24150.0,24200.0,TRAIL,58.0,7754.85,736.34,7018.51,True,0.0778
2025-01-03T00:00:00,False,2025-01-09,,,,,,,NOLEG,,,,0.0,,
2025-01-06T00:00:00,False,2025-01-09,,,,,,,NOLEG,,,,0.0,,
2025-01-07T00:00:00,False,2025-01-09,75.0,2.0,23679.900390625,1106.25,23000.0,24500.0,TRAIL,66.0,837.21,646.82,190.39,True,0.0207
2025-01-08T00:00:00,False,2025-01-09,75.0,1.0,23746.650390625,1053.75,23000.0,24000.0,EOD,75.0,521.25,645.36,-124.11,False,-0.0754
2025-01-09T00:00:00,False,2025-01-09,75.0,0.5,23674.75,6678.75,23500.0,23550.0,TRAIL,58.0,6230.65,674.61,5556.04,True,-0.3125
2025-01-10T00:00:00,False,2025-01-16,75.0,6.0,23551.900390625,150.0,22000.0,24500.0,EOD,75.0,33.75,640.79,-607.04,False,-0.0044
2025-01-13T00:00:00,False,2025-01-16,,,,,,,NOLEG,,,,0.0,,
2025-01-14T00:00:00,False,2025-01-16,75.0,2.0,23165.900390625,2475.0,23000.0,24000.0,EOD,75.0,1601.25,660.3,940.95,True,0.1071
2025-01-15T00:00:00,False,2025-01-16,75.0,1.0,23250.44921875,6018.75,23200.0,23300.0,EOD,75.0,2505.0,667.3,1837.7,True,-0.0068
2025-01-16T00:00:00,False,2025-01-16,75.0,0.5,23377.25,6026.25,23300.0,23300.0,TRAIL,58.0,5173.19,662.28,4510.91,True,-0.4555
2025-01-17T00:00:00,False,2025-01-23,75.0,6.0,23277.099609375,495.0,22000.0,24000.0,EOD,75.0,247.5,643.19,-395.69,False,-0.0182
2025-01-20T00:00:00,False,2025-01-23,75.0,3.0,23290.400390625,127.5,22000.0,24000.0,EOD,76.0,-138.75,641.14,-779.89,False,-0.0134
2025-01-21T00:00:00,False,2025-01-23,75.0,2.0,23421.650390625,393.75,22000.0,24000.0,TRAIL,58.0,533.12,641.33,-108.21,False,-0.0202
2025-01-22T00:00:00,False,2025-01-23,75.0,1.0,23099.150390625,3172.5,23000.0,23500.0,EOD,75.0,2216.25,661.85,1554.4,True,0.0938
2025-01-23T00:00:00,False,2025-01-23,75.0,0.5,23128.30078125,6915.0,23200.0,23250.0,TRAIL,58.0,5946.85,663.72,5283.13,True,0.2905
2025-01-24T00:00:00,False,2025-01-30,75.0,6.0,23183.900390625,401.25,22000.0,24000.0,EOD,75.0,142.5,642.88,-500.38,False,-0.0141
2025-01-27T00:00:00,False,2025-01-30,75.0,3.0,22940.150390625,337.5,22000.0,24000.0,EOD,75.0,123.75,641.42,-517.67,False,0.0103
2025-01-28T00:00:00,False,2025-01-30,75.0,2.0,22960.44921875,213.75,22000.0,24000.0,EOD,75.0,138.75,640.59,-501.84,False,0.0006
2025-01-29T00:00:00,False,2025-01-30,75.0,1.0,23026.75,3108.75,23000.0,24000.0,EOD,75.0,-0.0,669.3,-669.3,False,0.1538
2025-01-30T00:00:00,False,2025-01-30,75.0,0.5,23169.5,2381.25,23000.0,23250.0,TRAIL,58.0,2915.48,663.58,2251.9,True,-0.1102
2025-01-31T00:00:00,False,2025-02-06,,,,,,,NOLEG,,,,0.0,,
2025-02-03T00:00:00,False,2025-02-06,,,,,,,NOLEG,,,,0.0,,
2025-02-04T00:00:00,False,2025-02-06,75.0,2.0,23509.900390625,723.75,23000.0,24000.0,EOD,75.0,-33.75,644.51,-678.26,False,0.0014
2025-02-05T00:00:00,False,2025-02-06,75.0,1.0,23801.75,843.75,23000.0,24000.0,EOD,76.0,270.0,643.23,-373.23,False,-0.0862
2025-02-06T00:00:00,False,2025-02-06,75.0,0.5,23761.94921875,7410.0,23600.0,23600.0,TRAIL,58.0,8474.09,673.96,7800.13,True,-0.2912
2025-02-07T00:00:00,False,2025-02-13,,,,,,,NOLEG,,,,0.0,,
2025-02-10T00:00:00,False,2025-02-13,,,,,,,NOLEG,,,,0.0,,
2025-02-11T00:00:00,False,2025-02-13,,,,,,,NOSIM,,,,0.0,,
2025-02-12T00:00:00,False,2025-02-13,75.0,1.0,23050.80078125,228.75,22500.0,24000.0,STOP,7.0,-497.44,640.39,-1137.83,False,0.02
2025-02-13T00:00:00,False,2025-02-13,75.0,0.5,23055.75,7545.0,23000.0,23050.0,TRAIL,59.0,5763.93,672.21,5091.72,True,-0.0413
2025-02-14T00:00:00,False,2025-02-20,,,,,,,NOLEG,,,,0.0,,
2025-02-17T00:00:00,False,2025-02-20,75.0,3.0,22809.900390625,251.25,22000.0,24000.0,EOD,75.0,112.5,641.58,-529.08,False,0.0124
2025-02-18T00:00:00,False,2025-02-20,75.0,2.0,22963.650390625,727.5,22000.0,23500.0,EOD,75.0,498.75,643.17,-144.42,False,-0.0393
2025-02-19T00:00:00,False,2025-02-20,75.0,1.0,22847.25,1128.75,22500.0,23500.0,TRAIL,59.0,860.66,643.7,216.96,True,0.0776
2025-02-20T00:00:00,False,2025-02-20,75.0,0.5,22821.099609375,5707.5,22900.0,22950.0,TRAIL,58.0,4690.59,668.18,4022.41,True,0.3125
2025-02-21T00:00:00,False,2025-02-27,75.0,6.0,22857.19921875,153.75,22000.0,24000.0,EOD,75.0,-3.75,641.06,-644.81,False,0.0064
2025-02-24T00:00:00,False,2025-02-27,75.0,3.0,22609.35,3915.0,22500.0,23000.0,EOD,76.0,1128.75,664.12,464.63,True,0.0644
2025-02-25T00:00:00,False,2025-02-27,75.0,2.0,22516.44921875,6588.75,22600.0,22700.0,EOD,76.0,2981.25,676.49,2304.76,True,0.2357
2025-02-27T00:00:00,False,2025-02-27,75.0,0.5,22568.94921875,6547.5,22550.0,22550.0,TRAIL,59.0,4932.19,660.57,4271.62,True,-0.1279
2025-02-28T00:00:00,False,2025-03-06,,,,,,,NOLEG,,,,0.0,,
2025-03-03T00:00:00,False,2025-03-06,75.0,3.0,22194.55078125,116.25,20800.0,23000.0,EOD,75.0,71.25,640.18,-568.93,False,-0.0029
2025-03-04T00:00:00,False,2025-03-06,75.0,2.0,21974.44921875,750.0,21500.0,22500.0,EOD,75.0,333.75,643.27,-309.52,False,-0.0001
2025-03-05T00:00:00,False,2025-03-06,75.0,1.0,22073.05078125,3022.5,22000.0,22600.0,TRAIL,72.0,2268.72,655.3,1613.42,True,0.1724
2025-03-06T00:00:00,False,2025-03-06,75.0,0.5,22476.349609375,6397.5,22500.0,22550.0,TRAIL,58.0,4886.78,662.79,4223.99,True,0.0571
2025-03-07T00:00:00,False,2025-03-13,75.0,6.0,22508.650390625,517.5,21500.0,23100.0,EOD,75.0,123.75,642.44,-518.69,False,-0.0234
2025-03-10T00:00:00,False,2025-03-13,75.0,3.0,22521.849609375,1083.75,22000.0,23000.0,EOD,75.0,356.25,645.4,-289.15,False,0.0033
2025-03-11T00:00:00,False,2025-03-13,75.0,2.0,22345.94921875,2538.75,22200.0,23000.0,EOD,75.0,1515.0,654.41,860.59,True,0.1266
2025-03-12T00:00:00,False,2025-03-13,75.0,1.0,22536.349609375,307.5,22000.0,23000.0,EOD,75.0,195.0,640.89,-445.89,False,0.0046
2025-03-13T00:00:00,False,2025-03-13,75.0,0.5,22541.5,8535.0,22400.0,22400.0,TRAIL,63.0,6609.61,673.03,5936.58,True,-0.3771
2025-03-17T00:00:00,False,2025-03-20,75.0,3.0,22353.150390625,750.0,22000.0,23500.0,EOD,75.0,427.5,644.76,-217.26,False,0.0573
2025-03-18T00:00:00,False,2025-03-20,75.0,2.0,22662.25,2171.25,22500.0,23000.0,EOD,76.0,-112.5,652.65,-765.15,False,0.0864
2025-03-19T00:00:00,False,2025-03-20,75.0,1.0,22874.94921875,637.5,22500.0,23300.0,EOD,75.0,187.5,642.87,-455.37,False,0.0269
2025-03-20T00:00:00,False,2025-03-20,75.0,0.5,23036.599609375,9048.75,23200.0,23200.0,TRAIL,58.0,7185.09,686.75,6498.34,True,0.1512
2025-03-21T00:00:00,False,2025-03-27,75.0,6.0,23168.25,2148.75,23000.0,24000.0,EOD,75.0,1132.5,656.87,475.63,True,0.1061
2025-03-24T00:00:00,False,2025-03-27,75.0,3.0,23515.400390625,127.5,22500.0,25000.0,EOD,75.0,37.5,640.25,-602.75,False,0.0078
2025-03-25T00:00:00,False,2025-03-27,75.0,2.0,23752.85,153.75,23000.0,25000.0,TRAIL,58.0,136.5,641.78,-505.28,False,0.0141
2025-03-26T00:00:00,False,2025-03-27,75.0,1.0,23700.94921875,1068.75,23000.0,24000.0,TRAIL,58.0,829.27,645.08,184.19,True,-0.0623
2025-03-27T00:00:00,False,2025-03-27,75.0,0.5,23433.94921875,7563.75,23600.0,23600.0,TRAIL,58.0,7347.46,677.02,6670.44,True,0.3402
2025-03-28T00:00:00,False,2025-04-03,,,,,,,NOLEG,,,,0.0,,
2025-04-01T00:00:00,False,2025-04-03,,,,,,,NOLEG,,,,0.0,,
2025-04-02T00:00:00,False,2025-04-03,75.0,1.0,23192.599609375,2253.75,23000.0,23500.0,EOD,75.0,963.75,652.25,311.5,True,0.0807
2025-04-03T00:00:00,False,2025-04-03,75.0,0.5,23150.30078125,4597.5,23250.0,23250.0,TRAIL,58.0,5062.65,668.26,4394.39,True,0.4711
2025-04-04T00:00:00,False,2025-04-09,,,,,,,NOLEG,,,,0.0,,
2025-04-07T00:00:00,False,2025-04-09,,,,,,,NOLEG,,,,0.0,,
2025-04-08T00:00:00,False,2025-04-09,75.0,1.0,22446.75,566.25,21000.0,23500.0,EOD,76.0,341.25,648.42,-307.17,False,0.0035
2025-04-09T00:00:00,False,2025-04-09,75.0,0.5,22460.30078125,13455.0,22400.0,22400.0,TRAIL,58.0,10244.25,705.06,9539.19,True,0.0181
2025-04-11T00:00:00,False,2025-04-17,,,,,,,NOLEG,,,,0.0,,
2025-04-15T00:00:00,False,2025-04-17,75.0,2.0,23368.349609375,6120.0,23300.0,24000.0,EOD,75.0,2133.75,710.95,1422.8,True,0.058
2025-04-16T00:00:00,False,2025-04-17,75.0,1.0,23344.099609375,967.5,23000.0,24000.0,EOD,75.0,592.5,644.67,-52.17,False,0.0436
2025-04-17T00:00:00,False,2025-04-17,75.0,0.5,23401.849609375,11786.25,23850.0,23850.0,TRAIL,58.0,8919.94,780.06,8139.88,True,0.0053
2025-04-21T00:00:00,False,2025-04-24,,,,,,,NOLEG,,,,0.0,,
2025-04-22T00:00:00,False,2025-04-24,75.0,2.0,24185.400390625,41.25,23000.0,25500.0,EOD,75.0,-30.0,641.79,-671.79,False,0.0029
2025-04-23T00:00:00,False,2025-04-24,75.0,1.0,24357.599609375,840.0,24000.0,25000.0,STOP,19.0,-1345.76,643.64,-1989.4,False,0.0633
2025-04-24T00:00:00,False,2025-04-24,75.0,0.5,24277.900390625,4623.75,24250.0,24250.0,TRAIL,62.0,3518.32,663.76,2854.56,True,-0.035
2025-04-25T00:00:00,False,2025-04-30,75.0,5.0,24289.0,1657.5,23500.0,25000.0,EOD,75.0,555.0,649.66,-94.66,False,0.015
2025-04-28T00:00:00,False,2025-04-30,75.0,2.0,24070.25,2471.25,24000.0,25000.0,EOD,75.0,1788.75,678.31,1110.44,True,0.0999
2025-04-29T00:00:00,False,2025-04-30,75.0,1.0,24370.69921875,3990.0,24300.0,24500.0,EOD,75.0,1335.0,667.63,667.37,True,0.0284
2025-04-30T00:00:00,False,2025-04-30,75.0,0.5,24342.05,5733.75,24350.0,24350.0,TRAIL,60.0,4342.37,661.86,3680.51,True,-0.0133
2025-05-02T00:00:00,False,2025-05-08,,,,,,,NOLEG,,,,0.0,,
2025-05-05T00:00:00,False,2025-05-08,,,,,,,NOLEG,,,,0.0,,
2025-05-06T00:00:00,False,2025-05-08,75.0,2.0,24500.75,3082.5,24000.0,24500.0,EOD,75.0,1541.25,665.32,875.93,True,-0.2621
2025-05-07T00:00:00,False,2025-05-08,75.0,1.0,24233.30078125,2921.25,24300.0,24500.0,EOD,75.0,1027.5,668.88,358.62,True,0.2376
2025-05-08T00:00:00,False,2025-05-08,75.0,0.5,24431.5,1747.5,24300.0,24400.0,TRAIL,58.0,6181.79,655.98,5525.81,True,-0.4412
2025-05-09T00:00:00,False,2025-05-15,,,,,,,NOLEG,,,,0.0,,
2025-05-12T00:00:00,False,2025-05-15,,,,,,,NOSIM,,,,0.0,,
2025-05-13T00:00:00,False,2025-05-15,75.0,2.0,24864.05,243.75,24000.0,26000.0,EOD,76.0,-180.0,645.56,-825.56,False,0.0009
2025-05-14T00:00:00,False,2025-05-15,75.0,1.0,24613.80078125,1560.0,24000.0,25000.0,TRAIL,64.0,1205.35,648.91,556.44,True,-0.0527
2025-05-15T00:00:00,False,2025-05-15,75.0,0.5,24694.44921875,10106.25,25050.0,25100.0,TRAIL,58.0,8557.75,747.4,7810.35,True,0.074
2025-05-16T00:00:00,False,2025-05-22,75.0,6.0,25064.650390625,4770.0,25000.0,26000.0,EOD,75.0,382.5,689.88,-307.38,False,0.0909
2025-05-19T00:00:00,False,2025-05-22,75.0,3.0,25005.35,82.5,24000.0,26000.0,STOP,42.0,-118.48,643.74,-762.22,False,-0.0017
2025-05-20T00:00:00,False,2025-05-22,75.0,2.0,24996.19921875,4233.75,24000.0,25000.0,EOD,75.0,2790.0,676.56,2113.44,True,-0.1553
2025-05-21T00:00:00,False,2025-05-22,75.0,1.0,24744.25,71.25,24000.0,25500.0,STOP,13.0,-124.93,641.44,-766.37,False,-0.0034
2025-05-22T00:00:00,False,2025-05-22,75.0,0.5,24733.94921875,6630.0,24600.0,24600.0,TRAIL,66.0,5039.71,698.59,4341.12,True,-0.0836
2025-05-23T00:00:00,False,2025-05-29,75.0,6.0,24639.5,420.0,24000.0,26000.0,EOD,75.0,-146.25,647.76,-794.01,False,0.021
2025-05-26T00:00:00,False,2025-05-29,75.0,3.0,24919.349609375,378.75,24000.0,26000.0,EOD,76.0,-48.75,643.88,-692.63,False,0.0103
2025-05-27T00:00:00,False,2025-05-29,75.0,2.0,24956.650390625,270.0,24000.0,26000.0,EOD,75.0,-11.25,643.14,-654.39,False,0.0016
2025-05-28T00:00:00,False,2025-05-29,75.0,1.0,24832.5,232.5,24000.0,26000.0,EOD,75.0,127.5,640.6,-513.1,False,0.0096
2025-05-29T00:00:00,False,2025-05-29,75.0,0.5,24825.099609375,7950.0,24800.0,24850.0,TRAIL,58.0,6088.07,677.73,5410.34,True,-0.0445
2025-05-30T00:00:00,False,2025-06-05,,,,,,,NOLEG,,,,0.0,,
2025-06-02T00:00:00,False,2025-06-05,75.0,3.0,24669.7,630.0,24000.0,26000.0,EOD,76.0,-150.0,645.01,-795.01,False,0.0284
2025-06-03T00:00:00,False,2025-06-05,75.0,2.0,24786.30078125,521.25,24000.0,25500.0,EOD,75.0,41.25,647.25,-606.0,False,-0.0021
2025-06-04T00:00:00,False,2025-06-05,75.0,1.0,24560.44921875,405.0,24000.0,25500.0,TRAIL,69.0,307.14,642.14,-335.0,False,0.0225
2025-06-05T00:00:00,False,2025-06-05,75.0,0.5,24691.19921875,6843.75,24700.0,24750.0,TRAIL,58.0,5214.53,671.7,4542.83,True,0.0315
2025-06-06T00:00:00,False,2025-06-12,75.0,6.0,24748.69921875,378.75,24000.0,26000.0,EOD,75.0,161.25,644.58,-483.33,False,0.015
2025-06-09T00:00:00,False,2025-06-12,75.0,3.0,25160.099609375,172.5,24000.0,26000.0,EOD,75.0,60.0,641.4,-581.4,False,0.001
2025-06-10T00:00:00,False,2025-06-12,75.0,2.0,25196.05078125,108.75,24000.0,26000.0,EOD,75.0,41.25,640.29,-599.04,False,0.0006
2025-06-11T00:00:00,False,2025-06-12,75.0,1.0,25134.150390625,153.75,24500.0,26000.0,EOD,75.0,86.25,640.49,-554.24,False,0.0121
2025-06-12T00:00:00,False,2025-06-12,75.0,0.5,25164.44921875,11126.25,24850.0,24900.0,TRAIL,58.0,9848.04,703.88,9144.16,True,-0.0437
2025-06-13T00:00:00,False,2025-06-19,,,,,,,NOLEG,,,,0.0,,
2025-06-16T00:00:00,False,2025-06-19,,,,,,,NOLEG,,,,0.0,,
2025-06-17T00:00:00,False,2025-06-19,75.0,2.0,24977.849609375,172.5,24000.0,26000.0,EOD,75.0,22.5,642.07,-619.57,False,0.0064
2025-06-18T00:00:00,False,2025-06-19,75.0,1.0,24788.349609375,1920.0,24000.0,25000.0,EOD,75.0,806.25,648.78,157.47,True,-0.1112
2025-06-19T00:00:00,False,2025-06-19,75.0,0.5,24803.25,4282.5,24800.0,24800.0,TRAIL,60.0,3237.21,667.64,2569.57,True,-0.0123
2025-06-20T00:00:00,False,2025-06-26,75.0,6.0,24787.650390625,7680.0,25000.0,26000.0,EOD,75.0,4736.25,727.58,4008.67,True,0.1139
2025-06-23T00:00:00,False,2025-06-26,75.0,3.0,24939.75,112.5,24000.0,26000.0,EOD,75.0,-63.75,644.79,-708.54,False,0.0038
2025-06-24T00:00:00,False,2025-06-26,,,,,,,NOSIM,,,,0.0,,
2025-06-25T00:00:00,False,2025-06-26,75.0,1.0,25150.349609375,4158.75,25200.0,26000.0,EOD,75.0,2126.25,665.08,1461.17,True,0.2653
2025-06-26T00:00:00,False,2025-06-26,75.0,0.5,25268.94921875,9641.25,25500.0,25550.0,TRAIL,58.0,8472.11,695.76,7776.35,True,0.237
2025-06-27T00:00:00,False,2025-07-03,75.0,6.0,25576.650390625,787.5,25000.0,26500.0,EOD,75.0,337.5,649.51,-312.01,False,0.0295
2025-06-30T00:00:00,False,2025-07-03,,,,,,,NOLEG,,,,0.0,,
2025-07-01T00:00:00,False,2025-07-03,75.0,2.0,25551.349609375,4638.75,25500.0,26000.0,EOD,75.0,1481.25,668.72,812.53,True,0.1237
2025-07-02T00:00:00,False,2025-07-03,75.0,1.0,25588.30078125,243.75,25000.0,26000.0,EOD,75.0,78.75,640.78,-562.03,False,-0.0218
2025-07-03T00:00:00,False,2025-07-03,75.0,0.5,25505.099609375,4293.75,25400.0,25500.0,TRAIL,58.0,3252.77,656.94,2595.83,True,-0.1286
2025-07-04T00:00:00,False,2025-07-10,75.0,6.0,25428.849609375,941.25,25000.0,26500.0,EOD,75.0,270.0,647.92,-377.92,False,0.0444
2025-07-07T00:00:00,False,2025-07-10,75.0,3.0,25450.44921875,888.75,25000.0,26000.0,EOD,75.0,150.0,647.0,-497.0,False,0.0011
2025-07-08T00:00:00,False,2025-07-10,75.0,2.0,25427.849609375,2925.0,25400.0,26000.0,EOD,75.0,1113.75,663.07,450.68,True,0.1611
2025-07-09T00:00:00,False,2025-07-10,75.0,1.0,25514.599609375,1076.25,25400.0,26000.0,EOD,75.0,-480.0,648.58,-1128.58,False,0.1037
2025-07-10T00:00:00,False,2025-07-10,75.0,0.5,25511.650390625,6532.5,25350.0,25400.0,TRAIL,58.0,4974.9,668.11,4306.79,True,-0.3725
2025-07-11T00:00:00,False,2025-07-17,75.0,6.0,25255.5,2400.0,24000.0,25500.0,EOD,75.0,1196.25,656.12,540.13,True,-0.1061
2025-07-14T00:00:00,False,2025-07-17,75.0,3.0,25149.5,3266.25,25000.0,25500.0,EOD,75.0,457.5,659.98,-202.48,False,0.0709
2025-07-15T00:00:00,False,2025-07-17,75.0,2.0,25089.5,2538.75,25000.0,26000.0,EOD,75.0,1773.75,651.97,1121.78,True,0.1793
2025-07-16T00:00:00,False,2025-07-17,75.0,1.0,25196.599609375,1263.75,25000.0,25500.0,EOD,75.0,596.25,644.81,-48.56,False,0.0232
2025-07-17T00:00:00,False,2025-07-17,75.0,0.5,25230.75,3716.25,25100.0,25200.0,TRAIL,58.0,2993.63,653.89,2339.74,True,-0.2848
2025-07-18T00:00:00,False,2025-07-24,75.0,6.0,25108.55078125,97.5,24000.0,26000.0,EOD,75.0,-41.25,640.58,-681.83,False,-0.0055
2025-07-21T00:00:00,False,2025-07-24,75.0,3.0,24999.0,165.0,24000.0,26000.0,EOD,75.0,101.25,640.37,-539.12,False,0.0061
2025-07-22T00:00:00,False,2025-07-24,75.0,2.0,25166.650390625,6138.75,25000.0,25100.0,EOD,75.0,1170.0,674.89,495.11,True,-0.16
2025-07-23T00:00:00,False,2025-07-24,75.0,1.0,25139.349609375,2073.75,25100.0,25500.0,EOD,75.0,1267.5,651.5,616.0,True,0.1969
2025-07-24T00:00:00,False,2025-07-24,75.0,0.5,25243.30078125,8546.25,25050.0,25100.0,TRAIL,62.0,6932.96,672.05,6260.91,True,-0.3515
2025-07-25T00:00:00,False,2025-07-31,75.0,6.0,25010.349609375,5460.0,24000.0,25000.0,EOD,75.0,3048.75,677.4,2371.35,True,-0.1679
2025-07-28T00:00:00,False,2025-07-31,75.0,3.0,24782.44921875,2486.25,24000.0,25000.0,EOD,75.0,1335.0,653.35,681.65,True,-0.1147
2025-07-29T00:00:00,False,2025-07-31,75.0,2.0,24609.650390625,952.5,24000.0,25000.0,EOD,75.0,-386.25,646.91,-1033.16,False,-0.044
2025-07-30T00:00:00,False,2025-07-31,75.0,1.0,24890.400390625,3660.0,24800.0,25000.0,EOD,75.0,1012.5,656.0,356.5,True,0.045
2025-07-31T00:00:00,False,2025-07-31,75.0,0.5,24642.25,4023.75,24750.0,24800.0,TRAIL,58.0,11816.91,666.77,11150.14,True,0.4631
2025-08-01T00:00:00,False,2025-08-07,75.0,6.0,24734.900390625,3011.25,24200.0,25000.0,EOD,75.0,810.0,661.18,148.82,True,-0.0701
2025-08-04T00:00:00,False,2025-08-07,75.0,3.0,24596.05078125,1170.0,23500.0,25000.0,EOD,75.0,-127.5,646.62,-774.12,False,-0.0648
2025-08-05T00:00:00,False,2025-08-07,75.0,2.0,24720.25,1267.5,24000.0,25000.0,EOD,75.0,772.5,646.16,126.34,True,-0.078
2025-08-06T00:00:00,False,2025-08-07,75.0,1.0,24641.349609375,465.0,24000.0,25000.0,EOD,75.0,258.75,641.35,-382.6,False,-0.0362
2025-08-07T00:00:00,False,2025-08-07,75.0,0.5,24464.19921875,5662.5,24550.0,24600.0,TRAIL,73.0,4607.62,664.74,3942.88,True,0.4591
2025-08-08T00:00:00,False,2025-08-14,,,,,,,NOLEG,,,,0.0,,
2025-08-11T00:00:00,False,2025-08-14,75.0,3.0,24371.5,213.75,23500.0,25000.0,STOP,70.0,-314.05,642.61,-956.66,False,-0.0149
2025-08-12T00:00:00,False,2025-08-14,75.0,2.0,24563.349609375,510.0,24000.0,25000.0,EOD,76.0,262.5,642.25,-379.75,False,-0.014
2025-08-13T00:00:00,False,2025-08-14,75.0,1.0,24586.19921875,3963.75,24600.0,25000.0,EOD,76.0,1758.75,660.58,1098.17,True,0.2422
2025-08-14T00:00:00,False,2025-08-14,75.0,0.5,24607.25,5471.25,24600.0,24650.0,TRAIL,59.0,4113.25,656.72,3456.53,True,0.0598
2025-08-18T00:00:00,False,2025-08-21,75.0,3.0,24938.19921875,2268.75,24000.0,25000.0,EOD,75.0,-1166.25,662.85,-1829.1,False,-0.1385
2025-08-19T00:00:00,False,2025-08-21,75.0,2.0,24891.349609375,7545.0,24900.0,25000.0,EOD,75.0,1770.0,678.8,1091.2,True,0.0638
2025-08-20T00:00:00,False,2025-08-21,75.0,1.0,24965.80078125,3975.0,25000.0,25500.0,EOD,75.0,2148.75,657.17,1491.58,True,0.3187
2025-08-21T00:00:00,False,2025-08-21,75.0,0.5,25142.0,5160.0,25050.0,25100.0,TRAIL,65.0,4088.4,654.66,3433.74,True,-0.4263
2025-08-22T00:00:00,False,2025-08-28,75.0,6.0,25064.150390625,7815.0,24000.0,25000.0,EOD,75.0,4860.0,683.17,4176.83,True,-0.1818
2025-08-25T00:00:00,False,2025-08-28,75.0,3.0,24949.15,8550.0,25000.0,25000.0,EOD,76.0,1076.25,696.52,379.73,True,-0.0031
2025-08-26T00:00:00,False,2025-08-28,75.0,2.0,24899.5,2332.5,24000.0,25000.0,TRAIL,72.0,1813.27,650.88,1162.39,True,-0.1784
2025-08-28T00:00:00,False,2025-08-28,75.0,0.5,24695.80078125,7571.25,24500.0,24500.0,TRAIL,58.0,5931.79,692.64,5239.15,True,-0.2513
2025-08-29T00:00:00,False,2025-09-02,75.0,4.0,24466.69921875,371.25,23500.0,25000.0,EOD,75.0,221.25,641.54,-420.29,False,-0.0227
2025-09-01T00:00:00,False,2025-09-02,75.0,1.0,24432.69921875,4151.25,24500.0,25000.0,TRAIL,59.0,3205.0,662.43,2542.57,True,0.343
2025-09-02T00:00:00,False,2025-09-02,75.0,0.5,24653.0,5411.25,24550.0,24600.0,TRAIL,58.0,4395.77,657.07,3738.7,True,-0.3048
2025-09-03T00:00:00,False,2025-09-09,75.0,6.0,24616.5,3480.0,24500.0,25000.0,EOD,75.0,866.25,666.59,199.66,True,0.0663
2025-09-04T00:00:00,False,2025-09-09,75.0,5.0,24980.75,2265.0,24500.0,25000.0,EOD,76.0,127.5,663.45,-535.95,False,-0.1429
2025-09-05T00:00:00,False,2025-09-09,75.0,4.0,24818.849609375,1282.5,24000.0,25000.0,EOD,75.0,337.5,645.44,-307.94,False,-0.1212
2025-09-08T00:00:00,False,2025-09-09,75.0,1.0,24802.599609375,1218.75,24500.0,25000.0,EOD,75.0,517.5,645.21,-127.71,False,-0.0442
2025-09-09T00:00:00,False,2025-09-09,75.0,0.5,24864.099609375,4260.0,24850.0,24900.0,TRAIL,58.0,3207.21,653.35,2553.86,True,0.0224
2025-09-10T00:00:00,False,2025-09-16,75.0,6.0,24991.0,63.75,24000.0,26000.0,EOD,75.0,-26.25,640.18,-666.43,False,0.002
2025-09-11T00:00:00,False,2025-09-16,75.0,5.0,24945.5,2726.25,25000.0,26000.0,EOD,75.0,-277.5,663.23,-940.73,False,0.2984
2025-09-12T00:00:00,False,2025-09-16,75.0,4.0,25074.44921875,2628.75,25000.0,26000.0,EOD,75.0,1327.5,651.3,676.2,True,0.2022
2025-09-15T00:00:00,False,2025-09-16,75.0,1.0,25118.900390625,5497.5,25000.0,25100.0,EOD,75.0,1725.0,664.24,1060.76,True,-0.1475
2025-09-16T00:00:00,False,2025-09-16,75.0,0.5,25073.599609375,6772.5,25200.0,25250.0,TRAIL,65.0,5265.9,663.79,4602.11,True,0.5324
2025-09-17T00:00:00,False,2025-09-23,75.0,6.0,25276.599609375,2685.0,25200.0,26000.0,EOD,75.0,937.5,659.47,278.03,True,0.1507
2025-09-18T00:00:00,False,2025-09-23,75.0,5.0,25441.05078125,116.25,25000.0,26000.0,STOP,59.0,-169.97,643.08,-813.05,False,0.0003
2025-09-19T00:00:00,False,2025-09-23,75.0,4.0,25410.19921875,1083.75,25300.0,26000.0,STOP,25.0,-1555.93,646.05,-2201.98,False,0.1342
2025-09-22T00:00:00,False,2025-09-23,75.0,1.0,25238.099609375,2148.75,25200.0,25500.0,EOD,75.0,-146.25,647.93,-794.18,False,0.1604
2025-09-23T00:00:00,False,2025-09-23,75.0,0.5,25209.0,4687.5,25150.0,25200.0,TRAIL,63.0,3606.44,654.4,2952.04,True,-0.1503
2025-09-24T00:00:00,False,2025-09-30,75.0,6.0,25108.75,1766.25,25000.0,26000.0,EOD,75.0,-810.0,652.29,-1462.29,False,0.1332
2025-09-25T00:00:00,False,2025-09-30,75.0,5.0,25034.5,67.5,24000.0,26000.0,EOD,75.0,0.0,640.18,-640.18,False,-0.0016
2025-09-26T00:00:00,False,2025-09-30,75.0,4.0,24818.55078125,3735.0,24500.0,25000.0,EOD,75.0,1931.25,655.31,1275.94,True,-0.1333
2025-09-29T00:00:00,False,2025-09-30,75.0,1.0,24728.55078125,427.5,24000.0,25000.0,EOD,75.0,281.25,643.1,-361.85,False,-0.0446
2025-09-30T00:00:00,False,2025-09-30,75.0,0.5,24691.94921875,5088.75,24600.0,24650.0,TRAIL,58.0,3985.7,657.81,3327.89,True,-0.265
2025-10-01T00:00:00,False,2025-10-07,75.0,6.0,24620.55078125,6191.25,24700.0,25000.0,EOD,75.0,2557.5,679.74,1877.76,True,0.1757
2025-10-03T00:00:00,False,2025-10-07,75.0,4.0,24759.55078125,33.75,24000.0,26000.0,EOD,75.0,-11.25,639.99,-651.24,False,0.0049
2025-10-06T00:00:00,False,2025-10-07,75.0,1.0,24916.55,5550.0,25000.0,25200.0,EOD,75.0,3813.75,664.99,3148.76,True,0.3263
2025-10-07T00:00:00,False,2025-10-07,75.0,0.5,25085.3,4132.5,25100.0,25150.0,TRAIL,63.0,3245.86,651.59,2594.27,True,0.1732
2025-10-08T00:00:00,False,2025-10-14,75.0,6.0,25079.75,1946.25,25000.0,26000.0,EOD,75.0,-1211.25,651.74,-1862.99,False,0.1701
2025-10-09T00:00:00,False,2025-10-14,75.0,5.0,25074.3,2460.0,25000.0,26000.0,EOD,75.0,1455.0,655.35,799.65,True,0.1689
2025-10-10T00:00:00,False,2025-10-14,75.0,4.0,25167.65,4368.75,25200.0,26000.0,TRAIL,58.0,3535.52,658.18,2877.34,True,0.3133
2025-10-13T00:00:00,False,2025-10-14,75.0,1.0,25177.3,4053.75,25200.0,25300.0,EOD,75.0,108.75,659.48,-550.73,False,0.217
2025-10-14T00:00:00,False,2025-10-14,75.0,0.5,25277.55,8223.75,25150.0,25150.0,TRAIL,58.0,6922.68,669.54,6253.14,True,-0.3751
2025-10-15T00:00:00,False,2025-10-20,75.0,5.0,25181.95,4290.0,25300.0,26000.0,EOD,75.0,1687.5,688.26,999.24,True,0.2041
2025-10-16T00:00:00,False,2025-10-20,75.0,4.0,25394.9,105.0,24500.0,26000.0,STOP,59.0,-167.6,640.67,-808.27,False,-0.0026
2025-10-17T00:00:00,False,2025-10-20,75.0,3.0,25546.85,2531.25,25500.0,26000.0,EOD,75.0,1327.5,655.36,672.14,True,0.1844
2025-10-20T00:00:00,False,2025-10-20,75.0,0.5,25824.6,6326.25,25800.0,25850.0,TRAIL,58.0,4794.89,664.36,4130.53,True,-0.0065
2025-10-23T00:00:00,False,2025-10-28,,,,,,,NOSIM,,,,0.0,,
2025-10-24T00:00:00,False,2025-10-28,75.0,4.0,25935.1,318.75,25500.0,26500.0,STOP,53.0,-484.21,643.7,-1127.91,False,-0.0032
2025-10-27T00:00:00,False,2025-10-28,75.0,1.0,25843.2,4500.0,25900.0,26500.0,EOD,75.0,2887.5,666.47,2221.03,True,0.2734
2025-10-28T00:00:00,False,2025-10-28,75.0,0.5,25939.95,6585.0,25900.0,25950.0,TRAIL,69.0,5241.03,669.19,4571.84,True,-0.001
2025-10-29T00:00:00,False,2025-11-04,75.0,6.0,25982.0,4657.5,26000.0,27000.0,EOD,75.0,1552.5,680.05,872.45,True,0.1496
2025-10-30T00:00:00,False,2025-11-04,75.0,5.0,25984.4,101.25,25000.0,27000.0,EOD,75.0,3.75,640.88,-637.13,False,-0.0038
2025-10-31T00:00:00,False,2025-11-04,75.0,4.0,25863.8,78.75,25000.0,27000.0,EOD,76.0,-18.75,640.31,-659.06,False,0.0019
2025-11-03T00:00:00,False,2025-11-04,75.0,1.0,25696.85,4440.0,25700.0,26000.0,EOD,75.0,1687.5,659.58,1027.92,True,0.2154
2025-11-04T00:00:00,False,2025-11-04,75.0,0.5,25744.75,9288.75,25600.0,25600.0,TRAIL,60.0,7004.72,687.15,6317.57,True,-0.0869
2025-11-06T00:00:00,False,2025-11-11,75.0,5.0,25593.35,1128.75,25000.0,26000.0,EOD,75.0,630.0,648.57,-18.57,False,-0.0385
2025-11-07T00:00:00,False,2025-11-11,75.0,4.0,25433.8,1807.5,25300.0,26000.0,EOD,76.0,592.5,648.54,-56.04,False,0.1284
2025-11-10T00:00:00,False,2025-11-11,75.0,1.0,25503.5,5253.75,25500.0,25700.0,EOD,75.0,2512.5,661.24,1851.26,True,0.1595
2025-11-11T00:00:00,False,2025-11-11,75.0,0.5,25617.0,5021.25,25650.0,25700.0,TRAIL,59.0,3846.62,653.57,3193.05,True,0.271
2025-11-12T00:00:00,False,2025-11-18,75.0,6.0,25834.3,7353.75,25800.0,26000.0,EOD,75.0,806.25,693.19,113.06,True,0.0181
2025-11-13T00:00:00,False,2025-11-18,75.0,5.0,25906.1,116.25,25000.0,27000.0,EOD,75.0,-67.5,641.33,-708.83,False,0.0046
2025-11-14T00:00:00,False,2025-11-18,,,,,,,NOSIM,,,,0.0,,
2025-11-17T00:00:00,False,2025-11-18,75.0,1.0,25948.2,6723.75,25900.0,26000.0,EOD,75.0,1256.25,674.96,581.29,True,0.0091
2025-11-18T00:00:00,False,2025-11-18,75.0,0.5,26021.8,6600.0,25900.0,25950.0,TRAIL,63.0,5059.05,665.46,4393.59,True,-0.222
2025-11-19T00:00:00,False,2025-11-25,75.0,6.0,25918.1,9367.5,26000.0,26000.0,EOD,76.0,-52.5,723.71,-776.21,False,0.0283
2025-11-20T00:00:00,False,2025-11-25,75.0,5.0,26132.1,4095.0,26000.0,26500.0,EOD,75.0,1128.75,668.13,460.62,True,0.0503
2025-11-21T00:00:00,False,2025-11-25,75.0,4.0,26109.55,1920.0,26000.0,27000.0,EOD,75.0,-993.75,653.51,-1647.26,False,0.1412
2025-11-24T00:00:00,False,2025-11-25,75.0,1.0,26122.8,7110.0,26000.0,26100.0,EOD,75.0,1620.0,676.03,943.97,True,-0.1021
2025-11-25T00:00:00,False,2025-11-25,75.0,0.5,25998.5,7237.5,25850.0,25900.0,TRAIL,64.0,5472.5,673.38,4799.12,True,-0.1664
2025-11-26T00:00:00,False,2025-12-02,75.0,6.0,25842.95,6877.5,26000.0,26500.0,EOD,76.0,3487.5,688.86,2798.64,True,0.2359
2025-11-27T00:00:00,False,2025-12-02,75.0,5.0,26261.25,2696.25,26000.0,26500.0,EOD,75.0,258.75,659.78,-401.03,False,-0.0085
2025-11-28T00:00:00,False,2025-12-02,75.0,4.0,26237.45,2212.5,26000.0,26500.0,EOD,76.0,645.0,650.88,-5.88,False,-0.0052
2025-12-01T00:00:00,False,2025-12-02,75.0,1.0,26325.8,4233.75,26000.0,26300.0,EOD,75.0,2152.5,661.41,1491.09,True,-0.2333
2025-12-02T00:00:00,False,2025-12-02,75.0,0.5,26087.95,7646.25,26000.0,26050.0,TRAIL,58.0,5845.08,668.15,5176.93,True,-0.0896
2025-12-03T00:00:00,False,2025-12-09,75.0,6.0,26004.9,645.0,25500.0,27000.0,EOD,75.0,292.5,641.75,-349.25,False,0.0463
2025-12-04T00:00:00,False,2025-12-09,75.0,5.0,25981.85,4173.75,26000.0,27000.0,EOD,75.0,1087.5,665.55,421.95,True,0.2187
2025-12-05T00:00:00,False,2025-12-09,75.0,4.0,25999.8,3671.25,26000.0,26500.0,EOD,75.0,2478.75,657.82,1820.93,True,0.23
2025-12-08T00:00:00,False,2025-12-09,75.0,1.0,26159.8,4252.5,25900.0,26200.0,EOD,75.0,1676.25,656.6,1019.65,True,-0.2096
2025-12-09T00:00:00,False,2025-12-09,75.0,0.5,25867.1,6108.75,25800.0,25850.0,TRAIL,61.0,4750.45,662.23,4088.22,True,-0.0797
2025-12-10T00:00:00,False,2025-12-16,75.0,6.0,25864.05,3547.5,25500.0,26000.0,EOD,75.0,240.0,666.01,-426.01,False,-0.0962
2025-12-11T00:00:00,False,2025-12-16,75.0,5.0,25771.4,1728.75,25000.0,26000.0,EOD,75.0,-1462.5,653.1,-2115.6,False,-0.095
2025-12-12T00:00:00,False,2025-12-16,75.0,4.0,25971.2,3495.0,26000.0,26500.0,EOD,75.0,836.25,665.57,170.68,True,0.2158
2025-12-15T00:00:00,False,2025-12-16,75.0,1.0,25930.05,2771.25,25900.0,26200.0,EOD,76.0,1256.25,651.85,604.4,True,0.1916
2025-12-16T00:00:00,False,2025-12-16,75.0,0.5,25951.5,6787.5,25850.0,25900.0,TRAIL,58.0,5147.23,666.86,4480.37,True,-0.1695
2025-12-17T00:00:00,False,2025-12-23,75.0,6.0,25902.4,3907.5,25000.0,26000.0,EOD,76.0,1286.25,661.95,624.3,True,-0.1595
2025-12-18T00:00:00,False,2025-12-23,75.0,5.0,25764.7,2868.75,25500.0,26000.0,EOD,75.0,438.75,654.79,-216.04,False,-0.0534
2025-12-19T00:00:00,False,2025-12-23,75.0,4.0,25911.5,6281.25,25900.0,26000.0,EOD,75.0,577.5,673.22,-95.72,False,0.0096
2025-12-22T00:00:00,False,2025-12-23,75.0,1.0,26055.85,5775.0,26100.0,26200.0,EOD,75.0,1916.25,663.65,1252.6,True,0.2129
2025-12-23T00:00:00,False,2025-12-23,75.0,0.5,26205.2,5156.25,26150.0,26200.0,TRAIL,59.0,3903.02,654.36,3248.66,True,-0.1555
2025-12-24T00:00:00,False,2025-12-30,75.0,6.0,26170.65,6746.25,26000.0,26200.0,EOD,75.0,1597.5,678.83,918.67,True,-0.0675
2025-12-26T00:00:00,False,2025-12-30,75.0,4.0,26121.25,4942.5,26000.0,26200.0,EOD,75.0,1462.5,658.83,803.67,True,-0.0412
2025-12-29T00:00:00,False,2025-12-30,75.0,1.0,26063.35,3517.5,25900.0,26100.0,EOD,75.0,1263.75,652.63,611.12,True,-0.1549
2025-12-30T00:00:00,False,2025-12-30,65.0,0.5,25940.9,4491.5,25900.0,25950.0,TRAIL,58.0,3555.13,591.55,2963.58,True,-0.0735
2025-12-31T00:00:00,False,2026-01-06,65.0,6.0,25971.05,3529.5,26000.0,26400.0,EOD,75.0,1095.25,602.19,493.06,True,0.2033
2026-01-01T00:00:00,False,2026-01-06,65.0,5.0,26173.3,4595.5,26000.0,26200.0,EOD,75.0,373.75,604.4,-230.65,False,-0.0719
2026-01-02T00:00:00,False,2026-01-06,65.0,4.0,26155.1,858.0,26000.0,27000.0,TRAIL,58.0,650.9,583.25,67.65,True,0.1187
2026-01-05T00:00:00,False,2026-01-06,65.0,1.0,26333.7,5057.0,26000.0,26300.0,EOD,76.0,3649.75,597.28,3052.47,True,-0.3082
2026-01-06T00:00:00,False,2026-01-06,65.0,0.5,26189.7,3692.0,26150.0,26200.0,TRAIL,58.0,2822.79,591.06,2231.73,True,-0.0953
2026-01-07T00:00:00,False,2026-01-13,65.0,6.0,26143.1,747.5,25500.0,26500.0,EOD,75.0,318.5,583.18,-264.68,False,-0.057
2026-01-08T00:00:00,False,2026-01-13,65.0,5.0,26106.5,2739.75,25500.0,26200.0,EOD,75.0,1852.5,593.61,1258.89,True,-0.1707
2026-01-09T00:00:00,False,2026-01-13,65.0,4.0,25840.4,2470.0,25500.0,26000.0,EOD,75.0,991.25,591.23,400.02,True,-0.1153
2026-01-12T00:00:00,False,2026-01-13,65.0,1.0,25669.05,1088.75,25500.0,26000.0,STOP,28.0,-1747.72,588.23,-2335.95,False,0.0574
2026-01-13T00:00:00,False,2026-01-13,65.0,0.5,25897.35,7244.25,25700.0,25750.0,TRAIL,58.0,9762.74,609.37,9153.37,True,-0.3671
2026-01-14T00:00:00,False,2026-01-20,65.0,6.0,25648.55,1300.0,24500.0,26000.0,EOD,75.0,221.0,589.08,-368.08,False,-0.0724
2026-01-16T00:00:00,False,2026-01-20,65.0,4.0,25696.05,2340.0,25500.0,26000.0,EOD,76.0,344.5,594.38,-249.88,False,0.0306
2026-01-19T00:00:00,False,2026-01-20,65.0,1.0,25653.1,3103.75,25500.0,25800.0,EOD,75.0,955.5,594.94,360.56,True,0.004
2026-01-20T00:00:00,False,2026-01-20,65.0,0.5,25580.3,9015.5,25200.0,25250.0,TRAIL,71.0,7057.74,653.6,6404.14,True,-0.0932
2026-01-21T00:00:00,False,2026-01-27,65.0,6.0,25141.0,1274.0,25000.0,26000.0,EOD,75.0,-1049.75,598.98,-1648.73,False,0.092
2026-01-22T00:00:00,False,2026-01-27,65.0,5.0,25344.15,1742.0,25000.0,26000.0,EOD,76.0,744.25,593.08,151.17,True,0.064
2026-01-23T00:00:00,False,2026-01-27,65.0,4.0,25344.6,2362.75,24000.0,25500.0,TRAIL,58.0,1937.74,592.66,1345.08,True,-0.144
2026-01-27T00:00:00,False,2026-01-27,65.0,0.5,25063.35,6903.0,25150.0,25200.0,TRAIL,67.0,5288.65,615.69,4672.96,True,0.1276
2026-01-28T00:00:00,False,2026-02-03,,,,,,,NOLEG,,,,0.0,,
2026-01-29T00:00:00,False,2026-02-03,,,,,,,NOLEG,,,,0.0,,
2026-01-30T00:00:00,False,2026-02-03,65.0,4.0,25247.55,750.75,24000.0,26000.0,EOD,75.0,0.0,585.23,-585.23,False,-0.0215
2026-02-02T00:00:00,False,2026-02-03,65.0,1.0,24796.5,81.25,24000.0,26000.0,STOP,26.0,-127.36,583.27,-710.63,False,0.0126
2026-02-03T00:00:00,False,2026-02-03,65.0,0.5,26308.05,14664.0,25700.0,25750.0,TRAIL,60.0,11033.47,705.91,10327.56,True,0.1068
2026-02-04T00:00:00,False,2026-02-10,65.0,6.0,25675.05,334.75,25000.0,27000.0,EOD,75.0,3.25,587.83,-584.58,False,0.0224
2026-02-05T00:00:00,False,2026-02-10,65.0,5.0,25755.9,325.0,25000.0,27000.0,EOD,75.0,152.75,584.24,-431.49,False,0.0137
2026-02-06T00:00:00,False,2026-02-10,65.0,4.0,25605.8,2031.25,25500.0,27000.0,EOD,75.0,669.5,596.98,72.52,True,0.1373
2026-02-09T00:00:00,False,2026-02-10,65.0,1.0,25888.7,4387.5,25800.0,26000.0,EOD,75.0,1667.25,606.77,1060.48,True,0.0254
2026-02-10T00:00:00,False,2026-02-10,65.0,0.5,25922.65,5622.5,25900.0,25950.0,TRAIL,60.0,4235.65,600.7,3634.95,True,-0.0085
2026-02-11T00:00:00,False,2026-02-17,65.0,6.0,25997.45,4111.25,24500.0,26000.0,EOD,75.0,396.5,607.45,-210.95,False,-0.1857
2026-02-12T00:00:00,False,2026-02-17,65.0,5.0,25906.7,3337.75,24500.0,26000.0,EOD,75.0,1569.75,600.41,969.34,True,-0.1557
2026-02-13T00:00:00,False,2026-02-17,65.0,4.0,25571.15,819.0,25000.0,26000.0,EOD,75.0,178.75,587.1,-408.35,False,-0.0398
2026-02-16T00:00:00,False,2026-02-17,65.0,1.0,25423.6,1280.5,25500.0,26000.0,EOD,75.0,221.0,610.33,-389.33,False,0.257
2026-02-17T00:00:00,False,2026-02-17,65.0,0.5,25637.95,4956.25,25700.0,25750.0,TRAIL,58.0,3841.18,603.82,3237.36,True,0.1655
2026-02-18T00:00:00,False,2026-02-24,65.0,6.0,25752.65,32.5,24000.0,27000.0,STOP,69.0,-45.61,580.43,-626.04,False,-0.0025
2026-02-19T00:00:00,False,2026-02-24,65.0,5.0,25873.35,16.25,25000.0,27000.0,STOP,3.0,-29.94,582.12,-612.06,False,0.0029
2026-02-20T00:00:00,False,2026-02-24,65.0,4.0,25406.55,533.0,25000.0,27000.0,EOD,75.0,143.0,588.62,-445.62,False,0.0465
2026-02-23T00:00:00,False,2026-02-24,65.0,1.0,25678.4,1930.5,25500.0,26000.0,EOD,75.0,728.0,597.03,130.97,True,0.0644
2026-02-24T00:00:00,False,2026-02-24,65.0,0.5,25641.8,5931.25,25400.0,25450.0,TRAIL,58.0,6547.13,626.6,5920.53,True,-0.274
2026-02-25T00:00:00,False,2026-03-02,65.0,5.0,25512.6,6584.5,25500.0,25600.0,EOD,76.0,-195.0,650.61,-845.61,False,-0.0183
2026-02-26T00:00:00,False,2026-03-02,65.0,4.0,25556.3,565.5,24000.0,26000.0,EOD,75.0,256.75,583.99,-327.24,False,-0.0464
2026-02-27T00:00:00,False,2026-03-02,65.0,3.0,25459.85,221.0,25000.0,26000.0,STOP,13.0,-369.02,584.39,-953.41,False,0.0114
2026-03-02T00:00:00,False,2026-03-02,65.0,0.5,24659.25,5128.5,24850.0,24900.0,TRAIL,65.0,4132.82,622.68,3510.14,True,0.2693
2026-03-04T00:00:00,False,2026-03-10,,,,,,,NOLEG,,,,0.0,,
2026-03-05T00:00:00,False,2026-03-10,,,,,,,NOLEG,,,,0.0,,
2026-03-06T00:00:00,False,2026-03-10,,,,,,,NOLEG,,,,0.0,,
2026-03-09T00:00:00,False,2026-03-10,65.0,1.0,23868.05,406.25,23000.0,25000.0,EOD,75.0,-68.25,590.26,-658.51,False,0.0178
2026-03-10T00:00:00,False,2026-03-10,65.0,0.5,24280.8,4605.25,24250.0,24300.0,TRAIL,61.0,3495.93,629.28,2866.65,True,-0.0854
2026-03-11T00:00:00,False,2026-03-17,65.0,6.0,24231.85,370.5,23000.0,26000.0,STOP,62.0,-529.36,587.26,-1116.62,False,0.012
2026-03-12T00:00:00,False,2026-03-17,,,,,,,NOLEG,,,,0.0,,
2026-03-13T00:00:00,False,2026-03-17,65.0,4.0,23462.5,104.0,21500.0,25000.0,EOD,75.0,-52.0,582.08,-634.08,False,0.0021
2026-03-16T00:00:00,False,2026-03-17,65.0,1.0,23116.1,562.25,22000.0,24000.0,TRAIL,58.0,483.9,585.26,-101.36,False,-0.0158
2026-03-17T00:00:00,False,2026-03-17,65.0,0.5,23493.2,13568.75,23550.0,23600.0,TRAIL,58.0,10256.4,632.57,9623.83,True,0.0258
2026-03-18T00:00:00,False,2026-03-24,,,,,,,NOLEG,,,,0.0,,
2026-03-19T00:00:00,False,2026-03-24,65.0,5.0,23197.75,165.75,21000.0,25000.0,EOD,75.0,61.75,582.03,-520.28,False,0.0041
2026-03-20T00:00:00,False,2026-03-24,65.0,4.0,23110.15,198.25,21000.0,25000.0,EOD,75.0,130.0,581.25,-451.25,False,0.0058
2026-03-23T00:00:00,False,2026-03-24,,,,,,,NOSIM,,,,0.0,,
2026-03-24T00:00:00,False,2026-03-24,65.0,0.5,22878.45,6659.25,22900.0,23000.0,TRAIL,61.0,5038.09,637.01,4401.08,True,-0.0061
2026-03-25T00:00:00,False,2026-03-30,,,,,,,NOLEG,,,,0.0,,
2026-03-27T00:00:00,False,2026-03-30,,,,,,,NOLEG,,,,0.0,,
2026-03-30T00:00:00,False,2026-03-30,65.0,0.5,22549.65,6119.75,22300.0,22350.0,TRAIL,61.0,4605.56,655.34,3950.22,True,-0.0527
2026-04-01T00:00:00,False,2026-04-07,,,,,,,NOLEG,,,,0.0,,
2026-04-02T00:00:00,False,2026-04-07,,,,,,,NOLEG,,,,0.0,,
2026-04-06T00:00:00,False,2026-04-07,65.0,1.0,22780.3,32.5,21500.0,24000.0,STOP,1.0,-49.78,582.54,-632.32,False,0.0049
2026-04-07T00:00:00,False,2026-04-07,65.0,0.5,22838.7,7806.5,23100.0,23150.0,TRAIL,61.0,5868.46,650.64,5217.82,True,0.0858
2026-04-08T00:00:00,False,2026-04-13,65.0,5.0,23855.15,477.75,21000.0,25000.0,EOD,75.0,208.0,582.19,-374.19,False,-0.0193
2026-04-09T00:00:00,False,2026-04-13,65.0,4.0,23909.05,97.5,23000.0,25000.0,STOP,18.0,-152.59,586.56,-739.15,False,0.0085
2026-04-10T00:00:00,False,2026-04-13,65.0,3.0,23880.55,48.75,23000.0,25000.0,STOP,24.0,-68.81,583.13,-651.94,False,-0.0017
2026-04-13T00:00:00,False,2026-04-13,65.0,0.5,23589.6,6119.75,23800.0,23850.0,TRAIL,58.0,9437.96,631.73,8806.23,True,0.2561
2026-04-15T00:00:00,False,2026-04-21,65.0,6.0,24163.8,1121.25,23000.0,25000.0,EOD,75.0,500.5,588.54,-88.04,False,-0.0003
2026-04-16T00:00:00,False,2026-04-21,65.0,5.0,24385.2,516.75,23000.0,25000.0,EOD,75.0,195.0,584.55,-389.55,False,-0.0154
2026-04-17T00:00:00,False,2026-04-21,65.0,4.0,24165.9,104.0,23000.0,25000.0,STOP,59.0,-151.41,581.13,-732.54,False,-0.0045
2026-04-20T00:00:00,False,2026-04-21,65.0,1.0,24391.5,9.75,23500.0,25000.0,STOP,8.0,-14.56,581.38,-595.94,False,-0.0076
2026-04-21T00:00:00,False,2026-04-21,65.0,0.5,24374.55,6565.0,24550.0,24600.0,TRAIL,58.0,5015.15,636.45,4378.7,True,0.1073
2026-04-22T00:00:00,False,2026-04-28,65.0,6.0,24470.85,136.5,23000.0,26000.0,EOD,75.0,35.75,581.81,-546.06,False,0.0044
2026-04-23T00:00:00,False,2026-04-28,65.0,5.0,24202.35,188.5,23000.0,26000.0,EOD,76.0,68.25,580.81,-512.56,False,0.0104
2026-04-24T00:00:00,False,2026-04-28,65.0,4.0,24100.55,250.25,23000.0,25000.0,EOD,75.0,-48.75,581.09,-629.84,False,0.0111
2026-04-27T00:00:00,False,2026-04-28,65.0,1.0,23945.45,3081.0,24000.0,25000.0,EOD,75.0,1248.0,624.57,623.43,True,0.1492
2026-04-28T00:00:00,False,2026-04-28,65.0,0.5,24049.9,4667.0,23950.0,24000.0,TRAIL,60.0,3506.62,605.72,2900.9,True,-0.1225
2026-04-29T00:00:00,False,2026-05-05,65.0,6.0,24096.9,338.0,23000.0,25000.0,EOD,75.0,-58.5,583.21,-641.71,False,-0.0054
2026-04-30T00:00:00,False,2026-05-05,65.0,5.0,23996.95,87.75,23000.0,25000.0,STOP,12.0,-136.56,581.8,-718.36,False,0.0041
2026-05-04T00:00:00,False,2026-05-05,65.0,1.0,24063.55,367.25,23500.0,25000.0,EOD,75.0,230.75,584.16,-353.41,False,0.0228
2026-05-05T00:00:00,False,2026-05-05,65.0,0.5,24052.6,6600.75,24000.0,24050.0,TRAIL,60.0,5030.79,609.73,4421.06,True,-0.0059
2026-05-06T00:00:00,False,2026-05-12,65.0,6.0,24171.0,334.75,23000.0,25000.0,STOP,66.0,-470.94,582.61,-1053.55,False,-0.0079
2026-05-07T00:00:00,False,2026-05-12,65.0,5.0,24398.5,500.5,23500.0,25000.0,EOD,76.0,-130.0,586.56,-716.56,False,-0.0262
2026-05-08T00:00:00,False,2026-05-12,65.0,4.0,24233.65,263.25,23500.0,25500.0,EOD,75.0,52.0,581.03,-529.03,False,0.0168
2026-05-11T00:00:00,False,2026-05-12,65.0,1.0,23970.1,484.25,23500.0,25000.0,TRAIL,58.0,487.73,581.22,-93.49,False,0.0467
2026-05-12T00:00:00,False,2026-05-12,65.0,0.5,23722.6,8008.0,23350.0,23400.0,TRAIL,59.0,6312.67,657.63,5655.04,True,-0.1438
2026-05-13T00:00:00,False,2026-05-19,65.0,6.0,23362.45,182.0,22000.0,25000.0,EOD,75.0,16.25,582.1,-565.85,False,0.0005
2026-05-14T00:00:00,False,2026-05-19,65.0,5.0,23530.25,260.0,22000.0,24500.0,EOD,75.0,32.5,582.73,-550.23,False,-0.0048
2026-05-15T00:00:00,False,2026-05-19,65.0,4.0,23731.4,357.5,23000.0,24500.0,EOD,76.0,-224.25,582.88,-807.13,False,0.0146
2026-05-18T00:00:00,False,2026-05-19,65.0,1.0,23482.2,1277.25,23000.0,24000.0,EOD,76.0,659.75,587.08,72.67,True,0.011
2026-05-19T00:00:00,False,2026-05-19,65.0,0.5,23675.3,6305.0,23600.0,23650.0,TRAIL,63.0,4739.85,609.91,4129.94,True,-0.08
2026-05-20T00:00:00,False,2026-05-26,65.0,6.0,23457.25,354.25,22500.0,24500.0,EOD,75.0,-68.25,585.39,-653.64,False,0.0085
2026-05-21T00:00:00,False,2026-05-26,65.0,5.0,23830.05,110.5,22500.0,25000.0,EOD,76.0,6.5,580.94,-574.44,False,0.0052
2026-05-22T00:00:00,False,2026-05-26,65.0,4.0,23671.2,1891.5,23000.0,24000.0,EOD,75.0,156.0,592.81,-436.81,False,-0.0648
2026-05-25T00:00:00,False,2026-05-26,65.0,1.0,23940.25,5343.0,24000.0,25000.0,EOD,75.0,2892.5,613.48,2279.02,True,0.1908
2026-05-26T00:00:00,False,2026-05-26,65.0,0.5,24004.1,8674.25,23900.0,23950.0,TRAIL,59.0,6621.86,619.27,6002.59,True,-0.0279
2026-05-27T00:00:00,False,2026-06-02,65.0,6.0,23880.35,260.0,23000.0,25000.0,EOD,76.0,133.25,581.69,-448.44,False,0.0146
2026-05-29T00:00:00,False,2026-06-02,65.0,4.0,23902.15,2544.75,23000.0,24000.0,EOD,75.0,796.25,604.47,191.78,True,-0.1174
2026-06-01T00:00:00,False,2026-06-02,65.0,1.0,23654.5,1449.5,23000.0,24000.0,TRAIL,65.0,1097.04,589.43,507.61,True,-0.0693
2026-06-02T00:00:00,False,2026-06-02,65.0,0.5,23229.15,9269.0,23450.0,23500.0,TRAIL,58.0,9695.88,624.69,9071.19,True,0.1519
2026-06-03T00:00:00,False,2026-06-09,65.0,6.0,23415.95,1231.75,22000.0,24000.0,EOD,76.0,87.75,586.74,-498.99,False,-0.061
2026-06-04T00:00:00,False,2026-06-09,65.0,5.0,23282.45,198.25,22500.0,24000.0,STOP,44.0,-285.41,589.75,-875.16,False,0.0123
2026-06-05T00:00:00,False,2026-06-09,65.0,4.0,23478.95,578.5,22500.0,24000.0,EOD,75.0,130.0,584.97,-454.97,False,-0.0337
2026-06-08T00:00:00,False,2026-06-09,65.0,1.0,23080.7,347.75,22500.0,24000.0,TRAIL,66.0,266.25,580.96,-314.71,False,0.0204
2026-06-09T00:00:00,False,2026-06-09,65.0,0.5,23259.05,7322.25,23200.0,23250.0,TRAIL,58.0,5629.89,606.1,5023.79,True,-0.0827
2026-06-10T00:00:00,False,2026-06-16,,,,,,,NOLEG,,,,0.0,,
2026-06-11T00:00:00,False,2026-06-16,,,,,,,NOLEG,,,,0.0,,
2026-06-12T00:00:00,False,2026-06-16,65.0,4.0,23412.55,289.25,22500.0,24000.0,STOP,58.0,-417.54,581.05,-998.59,False,-0.0105
2026-06-15T00:00:00,False,2026-06-16,65.0,1.0,23984.85,2444.0,23500.0,24000.0,EOD,76.0,637.0,603.38,33.62,True,-0.1659
2026-06-16T00:00:00,False,2026-06-16,65.0,0.5,23923.9,6067.75,23950.0,24000.0,TRAIL,58.0,4558.4,601.95,3956.45,True,0.0786
2026-06-17T00:00:00,False,2026-06-23,65.0,6.0,24044.5,4407.0,24000.0,25000.0,EOD,75.0,1043.25,616.71,426.54,True,0.1275
2026-06-18T00:00:00,False,2026-06-23,65.0,5.0,24073.8,3458.0,24000.0,24500.0,EOD,75.0,984.75,609.13,375.62,True,0.0965
2026-06-19T00:00:00,False,2026-06-23,65.0,4.0,23991.2,214.5,23500.0,25000.0,EOD,75.0,45.5,581.08,-535.58,False,0.0204
2026-06-22T00:00:00,False,2026-06-23,65.0,1.0,24106.6,4511.0,24000.0,24200.0,EOD,75.0,1865.5,601.73,1263.77,True,-0.0642
2026-06-23T00:00:00,False,2026-06-23,65.0,0.5,24071.3,10536.5,23800.0,23850.0,TRAIL,70.0,8717.21,627.72,8089.49,True,-0.0378
2026-06-24T00:00:00,False,2026-06-30,65.0,6.0,23795.8,3315.0,24000.0,25000.0,EOD,76.0,-58.5,643.38,-701.88,False,0.2059
2026-06-25T00:00:00,False,2026-06-30,65.0,5.0,24125.85,2908.75,24000.0,25000.0,EOD,75.0,575.25,598.83,-23.58,False,0.1368
2026-06-29T00:00:00,False,2026-06-30,65.0,1.0,24061.75,84.5,23500.0,25000.0,EOD,75.0,-32.5,580.07,-612.57,False,0.0077
2026-06-30T00:00:00,False,2026-06-30,65.0,0.5,24032.05,5115.5,23850.0,23900.0,TRAIL,58.0,5714.9,605.88,5109.02,True,-0.4298
2026-07-01T00:00:00,False,2026-07-07,65.0,6.0,23897.65,7517.25,24000.0,24000.0,EOD,75.0,-611.0,654.61,-1265.61,False,0.0621
2026-07-02T00:00:00,False,2026-07-07,65.0,5.0,24062.2,2840.5,24000.0,25000.0,EOD,75.0,1283.75,602.9,680.85,True,0.1491
2026-07-03T00:00:00,False,2026-07-07,65.0,4.0,24375.65,708.5,24000.0,25000.0,EOD,76.0,55.25,583.59,-528.34,False,0.0515
2026-07-06T00:00:00,False,2026-07-07,65.0,1.0,24306.85,929.5,24000.0,24500.0,EOD,75.0,-581.75,584.0,-1165.75,False,-0.0555
2026-07-07T00:00:00,False,2026-07-07,65.0,0.5,24464.45,6266.0,24400.0,24400.0,TRAIL,70.0,4760.61,598.98,4161.63,True,-0.2462
2026-07-08T00:00:00,False,2026-07-14,65.0,6.0,24259.55,1241.5,23500.0,24500.0,EOD,75.0,-867.75,591.52,-1459.27,False,-0.077
2026-07-09T00:00:00,False,2026-07-14,65.0,5.0,23928.95,1283.75,23600.0,24500.0,EOD,75.0,29.25,602.08,-572.83,False,0.0238
2026-07-10T00:00:00,False,2026-07-14,65.0,4.0,24124.7,555.75,23000.0,24500.0,EOD,75.0,-74.75,582.75,-657.5,False,-0.0604
2026-07-13T00:00:00,False,2026-07-14,65.0,1.0,24039.4,2177.5,24000.0,24500.0,EOD,76.0,1014.0,593.46,420.54,True,0.1721
2026-07-14T00:00:00,False,2026-07-14,65.0,0.5,24068.0,5707.0,24050.0,24100.0,TRAIL,58.0,4321.37,605.24,3716.13,True,0.0378
2026-07-15T00:00:00,False,2026-07-21,65.0,6.0,24085.85,2964.0,23000.0,24200.0,EOD,75.0,91.0,603.16,-512.16,False,-0.128
2026-07-16T00:00:00,False,2026-07-21,65.0,5.0,24142.1,3610.75,23000.0,24200.0,EOD,75.0,877.5,601.71,275.79,True,-0.1722
2026-07-17T00:00:00,False,2026-07-21,65.0,4.0,24127.6,52.0,23000.0,25000.0,EOD,75.0,-45.5,579.75,-625.25,False,-0.0034
2026-07-20T00:00:00,False,2026-07-21,65.0,1.0,24190.05,3380.0,24200.0,24500.0,EOD,75.0,822.25,604.82,217.43,True,0.2015
2026-07-21T00:00:00,False,2026-07-21,65.0,0.5,24216.05,5200.0,24150.0,24200.0,TRAIL,59.0,3922.35,599.82,3322.53,True,-0.069
2026-07-22T00:00:00,False,2026-07-28,65.0,6.0,24150.45,5889.0,24000.0,24200.0,EOD,75.0,-429.0,629.47,-1058.47,False,-0.0149
2026-07-23T00:00:00,False,2026-07-28,65.0,5.0,23904.8,104.0,23000.0,25000.0,EOD,75.0,-6.5,581.1,-587.6,False,0.0039
2026-07-24T00:00:00,False,2026-07-28,65.0,4.0,23666.35,377.0,23000.0,25000.0,EOD,75.0,263.25,581.34,-318.09,False,0.0299
2026-07-27T00:00:00,False,2026-07-28,65.0,1.0,23928.4,913.25,23000.0,24200.0,EOD,75.0,282.75,582.96,-300.21,False,-0.0868
2026-07-28T00:00:00,False,2026-07-28,65.0,0.5,23971.25,4988.75,23950.0,24000.0,TRAIL,60.0,3784.34,594.03,3190.31,True,0.0157
2026-07-29T00:00:00,False,2026-08-04,65.0,6.0,24176.65,2385.5,24000.0,25000.0,EOD,75.0,760.5,597.26,163.24,True,0.1097
2026-07-30T00:00:00,False,2026-08-04,65.0,5.0,24249.55,1339.0,24000.0,24600.0,EOD,75.0,-217.75,592.84,-810.59,False,0.0268
2026-07-31T00:00:00,False,2026-08-04,65.0,4.0,24361.45,1384.5,24000.0,24600.0,EOD,75.0,383.5,586.69,-203.19,False,-0.0143
2026-08-03T00:00:00,False,2026-08-04,65.0,1.0,24572.7,2856.75,24200.0,24600.0,TRAIL,58.0,4045.02,589.81,3455.21,True,-0.2413
2026-08-04T00:00:00,False,2026-08-04,65.0,0.5,24703.9,5382.0,24600.0,24650.0,TRAIL,58.0,5039.6,594.79,4444.81,True,-0.5263
2026-08-05T00:00:00,False,2026-08-11,65.0,6.0,24669.2,728.0,24000.0,25000.0,EOD,76.0,-386.75,588.08,-974.83,False,-0.0344
2026-08-06T00:00:00,False,2026-08-11,65.0,5.0,24641.0,991.25,24000.0,25000.0,EOD,75.0,-146.25,585.67,-731.92,False,-0.0398
2026-08-07T00:00:00,False,2026-08-11,65.0,4.0,24538.9,4842.5,24000.0,24600.0,EOD,75.0,880.75,603.48,277.27,True,-0.1674
2026-08-10T00:00:00,False,2026-08-11,65.0,1.0,24581.25,5954.0,24500.0,24600.0,EOD,75.0,747.5,613.08,134.42,True,0.0
2026-08-11T00:00:00,False,2026-08-11,65.0,0.5,24575.1,5853.25,24450.0,24500.0,TRAIL,65.0,4433.58,607.37,3826.21,True,-0.1224
2026-08-12T00:00:00,False,2026-08-18,65.0,6.0,24472.45,968.5,24000.0,25000.0,EOD,75.0,273.0,585.03,-312.03,False,0.008
2026-08-13T00:00:00,False,2026-08-18,65.0,5.0,24431.6,770.25,24000.0,25000.0,EOD,75.0,409.5,582.62,-173.12,False,0.0342
2026-08-14T00:00:00,False,2026-08-18,65.0,4.0,24361.9,318.5,24000.0,25000.0,EOD,75.0,117.0,580.81,-463.81,False,0.0282
2026-08-17T00:00:00,False,2026-08-18,65.0,1.0,24343.45,3825.25,24300.0,24500.0,EOD,75.0,1433.25,593.25,840.0,True,0.0877
2026-08-18T00:00:00,False,2026-08-18,65.0,0.5,24223.85,5798.0,24150.0,24200.0,TRAIL,72.0,4511.49,600.63,3910.86,True,-0.1547
2026-08-19T00:00:00,False,2026-08-25,65.0,6.0,24152.05,2921.75,24000.0,24500.0,EOD,75.0,-65.0,599.61,-664.61,False,0.0411
2026-08-20T00:00:00,False,2026-08-25,65.0,5.0,24225.2,2083.25,24000.0,24500.0,EOD,75.0,396.5,592.66,-196.16,False,0.0409
2026-08-21T00:00:00,False,2026-08-25,65.0,4.0,24282.0,3890.25,24000.0,24300.0,EOD,75.0,152.75,602.78,-450.03,False,-0.1452
2026-08-24T00:00:00,False,2026-08-25,65.0,1.0,24285.05,3513.25,24000.0,24300.0,EOD,75.0,1875.25,595.0,1280.25,True,-0.2041
2026-08-25T00:00:00,False,2026-08-25,65.0,0.5,24175.75,5863.0,24300.0,24350.0,TRAIL,75.0,5079.75,605.43,4474.32,True,0.3826
2026-08-26T00:00:00,False,2026-09-01,65.0,6.0,24341.95,4485.0,24200.0,24500.0,EOD,75.0,659.75,603.23,56.52,True,-0.0183
2026-08-27T00:00:00,False,2026-09-01,65.0,5.0,24277.6,5102.5,24000.0,24300.0,EOD,75.0,1508.0,609.17,898.83,True,-0.1037
2026-08-28T00:00:00,False,2026-09-01,65.0,4.0,24122.6,2044.25,24000.0,24300.0,EOD,75.0,-1257.75,596.24,-1853.99,False,-0.0318
2026-08-31T00:00:00,False,2026-09-01,65.0,1.0,24117.55,971.75,24000.0,24500.0,STOP,17.0,-1449.56,584.66,-2034.22,False,0.1153
2026-09-01T00:00:00,False,2026-09-01,65.0,0.5,24077.55,5193.5,24050.0,24100.0,TRAIL,74.0,3920.21,594.08,3326.13,True,-0.0356
2026-09-02T00:00:00,False,2026-09-08,65.0,6.0,23858.0,981.5,23000.0,24200.0,EOD,75.0,-299.0,586.39,-885.39,False,-0.0697
2026-09-03T00:00:00,False,2026-09-08,65.0,5.0,23997.95,5622.5,23000.0,24000.0,EOD,75.0,2720.25,606.44,2113.81,True,-0.202
2026-09-04T00:00:00,False,2026-09-08,65.0,4.0,23910.9,2795.0,23000.0,24000.0,EOD,75.0,-250.25,594.96,-845.21,False,-0.1725
2026-09-07T00:00:00,False,2026-09-08,65.0,1.0,23883.15,2925.0,23500.0,24000.0,TRAIL,65.0,2213.1,589.09,1624.01,True,-0.2073
2026-09-08T00:00:00,False,2026-09-08,65.0,0.5,23743.1,5502.25,23600.0,23650.0,EOD,75.0,3955.25,600.22,3355.03,True,-0.3419
2026-09-09T00:00:00,False,2026-09-15,65.0,6.0,23522.05,942.5,23000.0,24000.0,EOD,75.0,286.0,586.71,-300.71,False,-0.0132
2026-09-10T00:00:00,False,2026-09-15,65.0,5.0,23446.6,318.5,23000.0,24000.0,EOD,75.0,-156.0,584.34,-740.34,False,0.0283
2026-09-11T00:00:00,False,2026-09-15,65.0,4.0,23270.3,3084.25,23300.0,24000.0,EOD,75.0,1342.25,602.01,740.24,True,0.2286
2026-09-15T00:00:00,False,2026-09-15,65.0,0.5,23576.15,11105.25,23100.0,23300.0,TRAIL,58.0,10350.08,640.22,9709.86,True,0.1527
2026-09-16T00:00:00,False,2026-09-22,65.0,6.0,23201.05,2499.25,23000.0,24000.0,EOD,75.0,630.5,603.75,26.75,True,0.0925
2026-09-17T00:00:00,False,2026-09-22,65.0,5.0,23195.25,74.75,22000.0,24500.0,EOD,75.0,29.25,580.54,-551.29,False,0.0033
2026-09-18T00:00:00,False,2026-09-22,65.0,4.0,23334.7,2505.75,23300.0,24000.0,EOD,75.0,13.0,599.29,-586.29,False,0.1659
2026-09-21T00:00:00,False,2026-09-22,65.0,1.0,23330.2,5291.0,23400.0,23500.0,EOD,75.0,1368.25,606.01,762.24,True,0.1635
2026-09-22T00:00:00,False,2026-09-22,65.0,0.5,23454.05,6483.75,23300.0,23350.0,TRAIL,58.0,4983.4,604.38,4379.02,True,-0.2677
2026-09-23T00:00:00,False,2026-09-29,65.0,6.0,23352.15,702.0,23000.0,24000.0,EOD,75.0,214.5,585.59,-371.09,False,0.0422
2026-09-24T00:00:00,False,2026-09-29,65.0,5.0,23221.8,87.75,22000.0,24000.0,EOD,75.0,-58.5,580.24,-638.74,False,-0.0004
2026-09-25T00:00:00,False,2026-09-29,65.0,4.0,23035.0,2886.0,23000.0,24000.0,EOD,75.0,1566.5,598.46,968.04,True,0.1962
