date,signal,side,wall,wing,spot_open,dte0,sell_open,buy_open,credit_pts,drift_sell,drift_buy,max_leg_drift,exit_reason,net_pnl,net_pnl_stressed,lot,expiry,put_wall_t1,call_wall_t1
2021-01-04T00:00:00,DTE_HOLD,call,14000.0,,14100.8999,3.0,,,,,,,,,,,2021-01-07,14000.0,14000.0
2021-01-05T00:00:00,STANDDOWN,none,,,14076.2999,2.0,,,,,,,,,,,2021-01-07,14000.0,14500.0
2021-01-06T00:00:00,STANDDOWN,none,14500.0,,14263.6,1.0,,,,,,,,,,,2021-01-07,14000.0,14500.0
2021-01-07T00:00:00,STANDDOWN,none,14000.0,,14249.3999,0.5,,,,,,,,,,,2021-01-07,14000.0,14500.0
2021-01-08T00:00:00,STANDDOWN,none,,,14261.5,6.0,,,,,,,,,,,2021-01-14,13000.0,15000.0
2021-01-11T00:00:00,STANDDOWN,none,,,14473.7999,3.0,,,,,,,,,,,2021-01-14,14200.0,14500.0
2021-01-12T00:00:00,STANDDOWN,none,,,14470.7,2.0,,,,,,,,,,,2021-01-14,14200.0,14800.0
2021-01-13T00:00:00,STANDDOWN,none,15000.0,,14640.3999,1.0,,,,,,,,,,,2021-01-14,13500.0,15000.0
2021-01-14T00:00:00,STANDDOWN,none,14500.0,,14551.2,0.5,,,,,,,,,,,2021-01-14,14500.0,14700.0
2021-01-15T00:00:00,STANDDOWN,none,,,14601.1,6.0,,,,,,,,,,,2021-01-21,13500.0,15000.0
2021-01-18T00:00:00,DTE_HOLD,put,14500.0,,14458.0,3.0,,,,,,,,,,,2021-01-21,14500.0,14600.0
2021-01-19T00:00:00,STANDDOWN,none,,,14371.3999,2.0,,,,,,,,,,,2021-01-21,13500.0,14600.0
2021-01-20T00:00:00,STANDDOWN,none,14600.0,,14550.0,1.0,,,,,,,,,,,2021-01-21,14400.0,14600.0
2021-01-21T00:00:00,TRADE,call,14700.0,14850.0,14732.5,0.5,33.2,5.5,27.7,-5.06,-0.75,5.06,TARGET,1966.74,-2680.27,75.0,2021-01-21,14000.0,14700.0
2021-01-22T00:00:00,STANDDOWN,none,,,14587.1,6.0,,,,,,,,,,,2021-01-28,14000.0,15000.0
2021-01-25T00:00:00,STANDDOWN,none,,,14487.5,3.0,,,,,,,,,,,2021-01-28,14000.0,15000.0
2021-01-27T00:00:00,STANDDOWN,none,14000.0,,14259.2,1.0,,,,,,,,,,,2021-01-28,14000.0,15000.0
2021-01-28T00:00:00,STANDDOWN,none,13500.0,,13812.7999,0.5,,,,,,,,,,,2021-01-28,13500.0,14700.0
2021-01-29T00:00:00,STANDDOWN,none,,,13937.2999,6.0,,,,,,,,,,,2021-02-04,13500.0,16000.0
2021-02-01T00:00:00,DTE_HOLD,put,13800.0,,13751.7,3.0,,,,,,,,,,,2021-02-04,13800.0,16000.0
2021-02-02T00:00:00,STANDDOWN,none,,,14485.8999,2.0,,,,,,,,,,,2021-02-04,13000.0,15000.0
2021-02-03T00:00:00,STANDDOWN,none,15000.0,,14749.8999,1.0,,,,,,,,,,,2021-02-04,13500.0,15000.0
2021-02-04T00:00:00,STANDDOWN,none,15000.0,,14801.5,0.5,,,,,,,,,,,2021-02-04,14000.0,15000.0
2021-02-05T00:00:00,STANDDOWN,none,,,14984.6,6.0,,,,,,,,,,,2021-02-11,14000.0,15000.0
2021-02-08T00:00:00,STANDDOWN,none,,,15071.2,3.0,,,,,,,,,,,2021-02-11,14000.0,16000.0
2021-02-09T00:00:00,STANDDOWN,none,,,15165.2,2.0,,,,,,,,,,,2021-02-11,14000.0,15500.0
2021-02-10T00:00:00,STANDDOWN,none,15000.0,,15117.2999,1.0,,,,,,,,,,,2021-02-11,15000.0,15500.0
2021-02-11T00:00:00,STANDDOWN,none,15000.0,,15071.5,0.5,,,,,,,,,,,2021-02-11,15000.0,15300.0
2021-02-12T00:00:00,STANDDOWN,none,,,15188.1,6.0,,,,,,,,,,,2021-02-18,14000.0,15500.0
2021-02-15T00:00:00,STANDDOWN,none,,,15266.6,3.0,,,,,,,,,,,2021-02-18,14000.0,16000.0
2021-02-16T00:00:00,STANDDOWN,none,,,15372.2999,2.0,,,,,,,,,,,2021-02-18,15000.0,15500.0
2021-02-17T00:00:00,STANDDOWN,none,15400.0,,15278.7999,1.0,,,,,,,,,,,2021-02-18,15000.0,15400.0
2021-02-18T00:00:00,STANDDOWN,none,15300.0,,15249.3999,0.5,,,,,,,,,,,2021-02-18,15000.0,15300.0
2021-02-19T00:00:00,STANDDOWN,none,,,15079.7999,6.0,,,,,,,,,,,2021-02-25,14000.0,16000.0
2021-02-22T00:00:00,STANDDOWN,none,,,15005.5,3.0,,,,,,,,,,,2021-02-25,14000.0,16000.0
2021-02-23T00:00:00,STANDDOWN,none,,,14775.7999,2.0,,,,,,,,,,,2021-02-25,14000.0,15000.0
2021-02-24T00:00:00,STANDDOWN,none,15000.0,,14691.2999,1.0,,,,,,,,,,,2021-02-25,14000.0,15000.0
2021-02-25T00:00:00,TRADE,call,15000.0,15150.0,15086.7999,0.5,162.0,23.95,138.05,38.07,22.63,38.07,EOD,2447.08,-2102.74,75.0,2021-02-25,14000.0,15000.0
2021-02-26T00:00:00,STANDDOWN,none,,,14884.7999,6.0,,,,,,,,,,,2021-03-04,14000.0,16500.0
2021-03-01T00:00:00,STANDDOWN,none,,,14703.2999,3.0,,,,,,,,,,,2021-03-04,14000.0,15000.0
2021-03-02T00:00:00,STANDDOWN,none,,,14885.8999,2.0,,,,,,,,,,,2021-03-04,14500.0,15000.0
2021-03-03T00:00:00,TRADE,call,15000.0,15150.0,15063.7999,1.0,90.45,29.95,60.5,-17.44,-7.22,17.44,EOD,-6016.98,-4209.45,75.0,2021-03-04,14700.0,15000.0
2021-03-04T00:00:00,STANDDOWN,none,15000.0,,15032.7999,0.5,,,,,,,,,,,2021-03-04,15000.0,15500.0
2021-03-05T00:00:00,STANDDOWN,none,,,14972.0,5.0,,,,,,,,,,,2021-03-10,14000.0,16500.0
2021-03-08T00:00:00,STANDDOWN,none,,,15010.2,2.0,,,,,,,,,,,2021-03-10,14000.0,15500.0
2021-03-09T00:00:00,STANDDOWN,none,15500.0,,15041.0,1.0,,,,,,,,,,,2021-03-10,14500.0,15500.0
2021-03-10T00:00:00,STANDDOWN,none,15000.0,,15205.3999,0.5,,,,,,,,,,,2021-03-10,15000.0,15500.0
2021-03-12T00:00:00,STANDDOWN,none,,,15315.0,6.0,,,,,,,,,,,2021-03-18,14000.0,16500.0
2021-03-15T00:00:00,STANDDOWN,none,,,15046.8999,3.0,,,,,,,,,,,2021-03-18,15000.0,16000.0
2021-03-16T00:00:00,STANDDOWN,none,,,14994.7999,2.0,,,,,,,,,,,2021-03-18,14500.0,16000.0
2021-03-17T00:00:00,STANDDOWN,none,14500.0,,14945.3999,1.0,,,,,,,,,,,2021-03-18,14500.0,16000.0
2021-03-18T00:00:00,STANDDOWN,none,14500.0,,14857.8999,0.5,,,,,,,,,,,2021-03-18,14500.0,15500.0
2021-03-19T00:00:00,DTE_HOLD,put,14500.0,,14475.8999,6.0,,,,,,,,,,,2021-03-25,14500.0,16000.0
2021-03-22T00:00:00,STANDDOWN,none,,,14743.1,3.0,,,,,,,,,,,2021-03-25,14500.0,16000.0
2021-03-23T00:00:00,STANDDOWN,none,,,14768.0,2.0,,,,,,,,,,,2021-03-25,14500.0,15500.0
2021-03-24T00:00:00,STANDDOWN,none,15000.0,,14711.0,1.0,,,,,,,,,,,2021-03-25,14000.0,15000.0
2021-03-25T00:00:00,STANDDOWN,none,15000.0,,14575.2999,0.5,,,,,,,,,,,2021-03-25,14000.0,15000.0
2021-03-26T00:00:00,STANDDOWN,none,,,14505.5,6.0,,,,,,,,,,,2021-04-01,14000.0,15000.0
2021-03-30T00:00:00,NODATA,,,,,,,,,,,,,,,,,,
2021-03-31T00:00:00,STANDDOWN,none,15000.0,,14812.6,1.0,,,,,,,,,,,2021-04-01,14000.0,15000.0
2021-04-01T00:00:00,STANDDOWN,none,15000.0,,14797.2,0.5,,,,,,,,,,,2021-04-01,14000.0,15000.0
2021-04-05T00:00:00,STANDDOWN,none,,,14845.2,3.0,,,,,,,,,,,2021-04-08,14700.0,16000.0
2021-04-06T00:00:00,STANDDOWN,none,,,14728.1,2.0,,,,,,,,,,,2021-04-08,14000.0,15000.0
2021-04-07T00:00:00,STANDDOWN,none,15000.0,,14717.0,1.0,,,,,,,,,,,2021-04-08,14000.0,15000.0
2021-04-08T00:00:00,STANDDOWN,none,15000.0,,14873.1,0.5,,,,,,,,,,,2021-04-08,14000.0,15000.0
2021-04-09T00:00:00,STANDDOWN,none,,,14876.8999,6.0,,,,,,,,,,,2021-04-15,14000.0,15000.0
2021-04-12T00:00:00,STANDDOWN,none,,,14646.6,3.0,,,,,,,,,,,2021-04-15,13500.0,15500.0
2021-04-13T00:00:00,STANDDOWN,none,,,14363.1,2.0,,,,,,,,,,,2021-04-15,14000.0,15000.0
2021-04-15T00:00:00,STANDDOWN,none,15000.0,,14532.2,0.5,,,,,,,,,,,2021-04-15,14000.0,15000.0
2021-04-16T00:00:00,STANDDOWN,none,,,14598.7999,6.0,,,,,,,,,,,2021-04-22,14000.0,15000.0
2021-04-19T00:00:00,STANDDOWN,none,,,14309.3999,3.0,,,,,,,,,,,2021-04-22,14000.0,15000.0
2021-04-20T00:00:00,STANDDOWN,none,,,14527.0,2.0,,,,,,,,,,,2021-04-22,14000.0,15000.0
2021-04-22T00:00:00,STANDDOWN,none,14000.0,,14220.5,0.5,,,,,,,,,,,2021-04-22,14000.0,15000.0
2021-04-23T00:00:00,STANDDOWN,none,,,14324.5,6.0,,,,,,,,,,,2021-04-29,14000.0,15000.0
2021-04-26T00:00:00,STANDDOWN,none,,,14438.7,3.0,,,,,,,,,,,2021-04-29,14000.0,15000.0
2021-04-27T00:00:00,STANDDOWN,none,,,14492.7,2.0,,,,,,,,,,,2021-04-29,14000.0,15000.0
2021-04-28T00:00:00,STANDDOWN,none,15000.0,,14710.3999,1.0,,,,,,,,,,,2021-04-29,14000.0,15000.0
2021-04-29T00:00:00,STANDDOWN,none,15000.0,,14982.7,0.5,,,,,,,,,,,2021-04-29,14000.0,15000.0
2021-04-30T00:00:00,STANDDOWN,none,,,14744.2999,6.0,,,,,,,,,,,2021-05-06,14500.0,15500.0
2021-05-03T00:00:00,STANDDOWN,none,,,14487.2,3.0,,,,,,,,,,,2021-05-06,14000.0,16000.0
2021-05-04T00:00:00,STANDDOWN,none,,,14685.0,2.0,,,,,,,,,,,2021-05-06,14000.0,15000.0
2021-05-05T00:00:00,STANDDOWN,none,15000.0,,14606.7999,1.0,,,,,,,,,,,2021-05-06,14000.0,15000.0
2021-05-06T00:00:00,STANDDOWN,none,15000.0,,14675.7999,0.5,,,,,,,,,,,2021-05-06,14000.0,15000.0
2021-05-07T00:00:00,STANDDOWN,none,,,14810.8999,5.0,,,,,,,,,,,2021-05-12,13500.0,16000.0
2021-05-10T00:00:00,STANDDOWN,none,,,14926.2,2.0,,,,,,,,,,,2021-05-12,14500.0,16000.0
2021-05-11T00:00:00,STANDDOWN,none,14500.0,,14792.3999,1.0,,,,,,,,,,,2021-05-12,14500.0,15500.0
2021-05-12T00:00:00,STANDDOWN,none,14800.0,,14823.8999,0.5,,,,,,,,,,,2021-05-12,14800.0,15000.0
2021-05-14T00:00:00,STANDDOWN,none,,,14754.2999,6.0,,,,,,,,,,,2021-05-20,13500.0,15500.0
2021-05-17T00:00:00,STANDDOWN,none,,,14756.2999,3.0,,,,,,,,,,,2021-05-20,14000.0,15500.0
2021-05-18T00:00:00,DTE_HOLD,call,15000.0,,15061.7999,2.0,,,,,,,,,,,2021-05-20,14700.0,15000.0
2021-05-19T00:00:00,STANDDOWN,none,14700.0,,15062.2999,1.0,,,,,,,,,,,2021-05-20,14700.0,15500.0
2021-05-20T00:00:00,STANDDOWN,none,14900.0,,15037.3999,0.5,,,,,,,,,,,2021-05-20,14900.0,15300.0
2021-05-21T00:00:00,STANDDOWN,none,,,14986.5,6.0,,,,,,,,,,,2021-05-27,14000.0,15000.0
2021-05-24T00:00:00,STANDDOWN,none,,,15211.2999,3.0,,,,,,,,,,,2021-05-27,14000.0,15500.0
2021-05-25T00:00:00,STANDDOWN,none,,,15289.1,2.0,,,,,,,,,,,2021-05-27,15000.0,15500.0
2021-05-26T00:00:00,STANDDOWN,none,15500.0,,15262.0,1.0,,,,,,,,,,,2021-05-27,14000.0,15500.0
2021-05-27T00:00:00,STANDDOWN,none,15200.0,,15321.7999,0.5,,,,,,,,,,,2021-05-27,15200.0,15500.0
2021-05-28T00:00:00,STANDDOWN,none,,,15421.0,6.0,,,,,,,,,,,2021-06-03,15200.0,16000.0
2021-05-31T00:00:00,STANDDOWN,none,,,15447.3999,3.0,,,,,,,,,,,2021-06-03,15300.0,16000.0
2021-06-01T00:00:00,STANDDOWN,none,,,15630.2999,2.0,,,,,,,,,,,2021-06-03,15400.0,16000.0
2021-06-02T00:00:00,STANDDOWN,none,16000.0,,15520.3999,1.0,,,,,,,,,,,2021-06-03,15000.0,16000.0
2021-06-03T00:00:00,STANDDOWN,none,15700.0,,15654.0,0.5,,,,,,,,,,,2021-06-03,15000.0,15700.0
2021-06-04T00:00:00,STANDDOWN,none,,,15723.7999,6.0,,,,,,,,,,,2021-06-10,14500.0,16000.0
2021-06-07T00:00:00,DTE_HOLD,call,15700.0,,15721.7999,3.0,,,,,,,,,,,2021-06-10,15500.0,15700.0
2021-06-08T00:00:00,STANDDOWN,none,,,15774.2999,2.0,,,,,,,,,,,2021-06-10,15700.0,16000.0
2021-06-09T00:00:00,STANDDOWN,none,16000.0,,15764.3999,1.0,,,,,,,,,,,2021-06-10,15000.0,16000.0
2021-06-10T00:00:00,STANDDOWN,none,15800.0,,15688.2999,0.5,,,,,,,,,,,2021-06-10,15500.0,15800.0
2021-06-11T00:00:00,STANDDOWN,none,,,15796.2,6.0,,,,,,,,,,,2021-06-17,14800.0,16000.0
2021-06-14T00:00:00,STANDDOWN,none,,,15784.6,3.0,,,,,,,,,,,2021-06-17,15000.0,16000.0
2021-06-15T00:00:00,STANDDOWN,none,,,15867.1,2.0,,,,,,,,,,,2021-06-17,15000.0,16000.0
2021-06-16T00:00:00,STANDDOWN,none,16000.0,,15855.5,1.0,,,,,,,,,,,2021-06-17,15000.0,16000.0
2021-06-17T00:00:00,STANDDOWN,none,15600.0,,15647.8999,0.5,,,,,,,,,,,2021-06-17,15600.0,15900.0
2021-06-18T00:00:00,STANDDOWN,none,,,15757.7,6.0,,,,,,,,,,,2021-06-24,15000.0,16500.0
2021-06-21T00:00:00,STANDDOWN,none,,,15530.8999,3.0,,,,,,,,,,,2021-06-24,15000.0,16000.0
2021-06-22T00:00:00,STANDDOWN,none,,,15844.1,2.0,,,,,,,,,,,2021-06-24,15000.0,16000.0
2021-06-23T00:00:00,STANDDOWN,none,16000.0,,15858.7999,1.0,,,,,,,,,,,2021-06-24,15500.0,16000.0
2021-06-24T00:00:00,STANDDOWN,none,15800.0,,15738.3999,0.5,,,,,,,,,,,2021-06-24,15500.0,15800.0
2021-06-25T00:00:00,DTE_HOLD,call,15800.0,,15827.7999,6.0,,,,,,,,,,,2021-07-01,15700.0,15800.0
2021-06-28T00:00:00,STANDDOWN,none,,,15915.6,3.0,,,,,,,,,,,2021-07-01,15000.0,16000.0
2021-06-29T00:00:00,STANDDOWN,none,,,15818.5,2.0,,,,,,,,,,,2021-07-01,15800.0,16000.0
2021-06-30T00:00:00,STANDDOWN,none,15900.0,,15764.2999,1.0,,,,,,,,,,,2021-07-01,15500.0,15900.0
2021-07-01T00:00:00,STANDDOWN,none,15900.0,,15754.6,0.5,,,,,,,,,,,2021-07-01,15500.0,15900.0
2021-07-02T00:00:00,STANDDOWN,none,,,15708.3999,6.0,,,,,,,,,,,2021-07-08,15700.0,15800.0
2021-07-05T00:00:00,STANDDOWN,none,,,15793.8999,3.0,,,,,,,,,,,2021-07-08,15000.0,15800.0
2021-07-06T00:00:00,STANDDOWN,none,,,15816.7,2.0,,,,,,,,,,,2021-07-08,15700.0,16000.0
2021-07-07T00:00:00,STANDDOWN,none,15700.0,,15816.5,1.0,,,,,,,,,,,2021-07-08,15700.0,16000.0
2021-07-08T00:00:00,STANDDOWN,none,15800.0,,15853.6,0.5,,,,,,,,,,,2021-07-08,15800.0,16000.0
2021-07-09T00:00:00,STANDDOWN,none,,,15684.3999,6.0,,,,,,,,,,,2021-07-15,15000.0,15800.0
2021-07-12T00:00:00,STANDDOWN,none,,,15766.6,3.0,,,,,,,,,,,2021-07-15,15000.0,15800.0
2021-07-13T00:00:00,STANDDOWN,none,,,15792.2,2.0,,,,,,,,,,,2021-07-15,15700.0,15800.0
2021-07-14T00:00:00,STANDDOWN,none,15700.0,,15802.0,1.0,,,,,,,,,,,2021-07-15,15700.0,16000.0
2021-07-15T00:00:00,STANDDOWN,none,15800.0,,15868.7,0.5,,,,,,,,,,,2021-07-15,15800.0,16000.0
2021-07-16T00:00:00,STANDDOWN,none,,,15961.7999,6.0,,,,,,,,,,,2021-07-22,15800.0,16200.0
2021-07-19T00:00:00,DTE_HOLD,put,15900.0,,15754.2999,3.0,,,,,,,,,,,2021-07-22,15900.0,16000.0
2021-07-20T00:00:00,STANDDOWN,none,,,15703.3999,2.0,,,,,,,,,,,2021-07-22,15700.0,15800.0
2021-07-22T00:00:00,STANDDOWN,none,15800.0,,15739.8999,0.5,,,,,,,,,,,2021-07-22,15500.0,15800.0
2021-07-23T00:00:00,STANDDOWN,none,,,15845.7999,6.0,,,,,,,,,,,2021-07-29,15000.0,16000.0
2021-07-26T00:00:00,STANDDOWN,none,,,15862.7999,3.0,,,,,,,,,,,2021-07-29,15000.0,16000.0
2021-07-27T00:00:00,STANDDOWN,none,,,15860.2999,2.0,,,,,,,,,,,2021-07-29,15800.0,16000.0
2021-07-28T00:00:00,STANDDOWN,none,15900.0,,15767.3999,1.0,,,,,,,,,,,2021-07-29,15000.0,15900.0
2021-07-29T00:00:00,STANDDOWN,none,15800.0,,15759.5,0.5,,,,,,,,,,,2021-07-29,15500.0,15800.0
2021-07-30T00:00:00,DTE_HOLD,call,15800.0,,15807.2,6.0,,,,,,,,,,,2021-08-05,15700.0,15800.0
2021-08-02T00:00:00,STANDDOWN,none,,,15872.6,3.0,,,,,,,,,,,2021-08-05,15700.0,15900.0
2021-08-03T00:00:00,DTE_HOLD,call,15900.0,,15950.6,2.0,,,,,,,,,,,2021-08-05,15800.0,15900.0
2021-08-04T00:00:00,STANDDOWN,none,16200.0,,16191.2,1.0,,,,,,,,,,,2021-08-05,15900.0,16200.0
2021-08-05T00:00:00,STANDDOWN,none,16400.0,,16288.7999,0.5,,,,,,,,,,,2021-08-05,16000.0,16400.0
2021-08-06T00:00:00,DTE_HOLD,call,16300.0,,16301.6,6.0,,,,,,,,,,,2021-08-12,16300.0,16300.0
2021-08-09T00:00:00,STANDDOWN,none,,,16284.7,3.0,,,,,,,,,,,2021-08-12,15500.0,16300.0
2021-08-10T00:00:00,STANDDOWN,none,,,16278.7,2.0,,,,,,,,,,,2021-08-12,16200.0,16300.0
2021-08-11T00:00:00,TRADE,call,16300.0,16450.0,16326.6,1.0,50.5,10.35,40.15,-2.56,-0.66,2.56,TARGET,1767.28,180.85,50.0,2021-08-12,16200.0,16300.0
2021-08-12T00:00:00,STANDDOWN,none,16300.0,,16297.8999,0.5,,,,,,,,,,,2021-08-12,16200.0,16300.0
2021-08-13T00:00:00,STANDDOWN,none,,,16384.9,5.0,,,,,,,,,,,2021-08-18,16300.0,16500.0
2021-08-16T00:00:00,STANDDOWN,none,,,16518.7999,2.0,,,,,,,,,,,2021-08-18,16400.0,16800.0
2021-08-17T00:00:00,STANDDOWN,none,16400.0,,16544.0,1.0,,,,,,,,,,,2021-08-18,16400.0,17000.0
2021-08-18T00:00:00,STANDDOWN,none,16700.0,,16681.2,0.5,,,,,,,,,,,2021-08-18,16500.0,16700.0
2021-08-20T00:00:00,DTE_HOLD,put,16500.0,,16403.0,6.0,,,,,,,,,,,2021-08-26,16500.0,17000.0
2021-08-23T00:00:00,DTE_HOLD,call,16500.0,,16591.9,3.0,,,,,,,,,,,2021-08-26,15500.0,16500.0
2021-08-24T00:00:00,STANDDOWN,none,,,16540.7999,2.0,,,,,,,,,,,2021-08-26,16000.0,16600.0
2021-08-25T00:00:00,STANDDOWN,none,16800.0,,16658.0,1.0,,,,,,,,,,,2021-08-26,16500.0,16800.0
2021-08-26T00:00:00,STANDDOWN,none,16700.0,,16627.2,0.5,,,,,,,,,,,2021-08-26,16500.0,16700.0
2021-08-27T00:00:00,STANDDOWN,none,,,16634.7,6.0,,,,,,,,,,,2021-09-02,16600.0,16700.0
2021-08-30T00:00:00,STANDDOWN,none,,,16765.0,3.0,,,,,,,,,,,2021-09-02,16600.0,17000.0
2021-08-31T00:00:00,STANDDOWN,none,,,16951.2,2.0,,,,,,,,,,,2021-09-02,16700.0,17000.0
2021-09-01T00:00:00,TRADE,call,17100.0,17250.0,17188.7999,1.0,98.15,22.0,76.15,-23.62,-7.81,23.62,EOD,2054.74,485.03,50.0,2021-09-02,16000.0,17100.0
2021-09-02T00:00:00,STANDDOWN,none,17000.0,,17095.9,0.5,,,,,,,,,,,2021-09-02,17000.0,17200.0
2021-09-03T00:00:00,STANDDOWN,none,,,17260.2,6.0,,,,,,,,,,,2021-09-09,16500.0,18000.0
2021-09-06T00:00:00,STANDDOWN,none,,,17402.5999,3.0,,,,,,,,,,,2021-09-09,17000.0,18000.0
2021-09-07T00:00:00,STANDDOWN,none,,,17407.9,2.0,,,,,,,,,,,2021-09-09,16500.0,18000.0
2021-09-08T00:00:00,STANDDOWN,none,17300.0,,17379.0,1.0,,,,,,,,,,,2021-09-09,17300.0,18000.0
2021-09-09T00:00:00,STANDDOWN,none,17300.0,,17312.0,0.5,,,,,,,,,,,2021-09-09,17300.0,17500.0
2021-09-13T00:00:00,STANDDOWN,none,,,17362.7999,3.0,,,,,,,,,,,2021-09-16,16500.0,18000.0
2021-09-14T00:00:00,DTE_HOLD,call,17400.0,,17418.2,2.0,,,,,,,,,,,2021-09-16,16500.0,17400.0
2021-09-15T00:00:00,STANDDOWN,none,17400.0,,17389.7,1.0,,,,,,,,,,,2021-09-16,17300.0,17400.0
2021-09-16T00:00:00,TRADE,call,17500.0,17650.0,17548.0999,0.5,55.95,4.3,51.65,16.65,2.71,16.65,STOP,-4314.02,-2517.71,50.0,2021-09-16,17400.0,17500.0
2021-09-17T00:00:00,STANDDOWN,none,,,17707.2,6.0,,,,,,,,,,,2021-09-23,17000.0,18000.0
2021-09-20T00:00:00,STANDDOWN,none,,,17447.9,3.0,,,,,,,,,,,2021-09-23,17000.0,18500.0
2021-09-21T00:00:00,STANDDOWN,none,,,17455.5999,2.0,,,,,,,,,,,2021-09-23,17000.0,18000.0
2021-09-22T00:00:00,STANDDOWN,none,18000.0,,17578.9,1.0,,,,,,,,,,,2021-09-23,17000.0,18000.0
2021-09-23T00:00:00,STANDDOWN,none,18000.0,,17677.5,0.5,,,,,,,,,,,2021-09-23,17000.0,18000.0
2021-09-24T00:00:00,STANDDOWN,none,,,17898.2999,6.0,,,,,,,,,,,2021-09-30,17000.0,18500.0
2021-09-27T00:00:00,STANDDOWN,none,,,17935.7,3.0,,,,,,,,,,,2021-09-30,17000.0,18500.0
2021-09-28T00:00:00,STANDDOWN,none,,,17906.0999,2.0,,,,,,,,,,,2021-09-30,17000.0,18000.0
2021-09-29T00:00:00,STANDDOWN,none,18000.0,,17656.0,1.0,,,,,,,,,,,2021-09-30,17000.0,18000.0
2021-09-30T00:00:00,STANDDOWN,none,18000.0,,17718.7999,0.5,,,,,,,,,,,2021-09-30,17000.0,18000.0
2021-10-01T00:00:00,STANDDOWN,none,,,17530.3496,6.0,,,,,,,,,,,2021-10-07,17500.0,19000.0
2021-10-04T00:00:00,STANDDOWN,none,,,17610.3008,3.0,,,,,,,,,,,2021-10-07,17400.0,18500.0
2021-10-05T00:00:00,STANDDOWN,none,,,17660.8496,2.0,,,,,,,,,,,2021-10-07,17600.0,18000.0
2021-10-06T00:00:00,STANDDOWN,none,18000.0,,17856.6504,1.0,,,,,,,,,,,2021-10-07,17600.0,18000.0
2021-10-07T00:00:00,STANDDOWN,none,18000.0,,17802.75,0.5,,,,,,,,,,,2021-10-07,17500.0,18000.0
2021-10-08T00:00:00,DTE_HOLD,call,17800.0,,17887.5,6.0,,,,,,,,,,,2021-10-14,17800.0,17800.0
2021-10-11T00:00:00,STANDDOWN,none,,,17855.0,3.0,,,,,,,,,,,2021-10-14,17800.0,18000.0
2021-10-12T00:00:00,STANDDOWN,none,,,17922.0,2.0,,,,,,,,,,,2021-10-14,17800.0,18500.0
2021-10-13T00:00:00,TRADE,call,18000.0,18150.0,18088.25,1.0,100.5,31.0,69.5,-16.3,-6.51,16.3,EOD,-2481.52,-3668.37,50.0,2021-10-14,17800.0,18000.0
2021-10-14T00:00:00,TRADE,call,18200.0,18350.0,18280.9492,0.5,60.05,7.55,52.5,23.62,0.5,23.62,STOP,-4037.15,-2351.87,50.0,2021-10-14,18000.0,18200.0
2021-10-18T00:00:00,STANDDOWN,none,,,18475.4004,3.0,,,,,,,,,,,2021-10-21,18100.0,19000.0
2021-10-19T00:00:00,STANDDOWN,none,,,18585.3008,2.0,,,,,,,,,,,2021-10-21,18300.0,19000.0
2021-10-20T00:00:00,STANDDOWN,none,18300.0,,18445.8496,1.0,,,,,,,,,,,2021-10-21,18300.0,19000.0
2021-10-21T00:00:00,STANDDOWN,none,18500.0,,18374.9004,0.5,,,,,,,,,,,2021-10-21,18000.0,18500.0
2021-10-22T00:00:00,STANDDOWN,none,,,18232.25,6.0,,,,,,,,,,,2021-10-28,18200.0,18500.0
2021-10-25T00:00:00,STANDDOWN,none,,,18236.6504,3.0,,,,,,,,,,,2021-10-28,17500.0,19000.0
2021-10-26T00:00:00,STANDDOWN,none,,,18158.6504,2.0,,,,,,,,,,,2021-10-28,17500.0,19000.0
2021-10-27T00:00:00,STANDDOWN,none,18500.0,,18297.0508,1.0,,,,,,,,,,,2021-10-28,18000.0,18500.0
2021-10-28T00:00:00,STANDDOWN,none,18000.0,,18185.0508,0.5,,,,,,,,,,,2021-10-28,18000.0,18500.0
2021-10-29T00:00:00,DTE_HOLD,put,18000.0,,17827.8008,5.0,,,,,,,,,,,2021-11-03,18000.0,20000.0
2021-11-01T00:00:00,STANDDOWN,none,,,17772.75,2.0,,,,,,,,,,,2021-11-03,17000.0,18000.0
2021-11-02T00:00:00,STANDDOWN,none,18000.0,,17985.1992,1.0,,,,,,,,,,,2021-11-03,17800.0,18000.0
2021-11-03T00:00:00,STANDDOWN,none,18000.0,,17946.5996,0.5,,,,,,,,,,,2021-11-03,17500.0,18000.0
2021-11-08T00:00:00,DTE_HOLD,call,18000.0,,18011.5508,3.0,,,,,,,,,,,2021-11-11,17000.0,18000.0
2021-11-09T00:00:00,STANDDOWN,none,,,18084.3496,2.0,,,,,,,,,,,2021-11-11,17900.0,18500.0
2021-11-10T00:00:00,STANDDOWN,none,17900.0,,17968.1992,1.0,,,,,,,,,,,2021-11-11,17900.0,18200.0
2021-11-11T00:00:00,STANDDOWN,none,17900.0,,17962.5508,0.5,,,,,,,,,,,2021-11-11,17900.0,18200.0
2021-11-12T00:00:00,STANDDOWN,none,,,17967.9004,6.0,,,,,,,,,,,2021-11-18,17500.0,18000.0
2021-11-15T00:00:00,STANDDOWN,none,,,18149.4492,3.0,,,,,,,,,,,2021-11-18,18000.0,18500.0
2021-11-16T00:00:00,STANDDOWN,none,,,18125.3496,2.0,,,,,,,,,,,2021-11-18,18000.0,18500.0
2021-11-17T00:00:00,STANDDOWN,none,17800.0,,17938.6504,1.0,,,,,,,,,,,2021-11-18,17800.0,18200.0
2021-11-18T00:00:00,STANDDOWN,none,17800.0,,17894.5508,0.5,,,,,,,,,,,2021-11-18,17800.0,18200.0
2021-11-22T00:00:00,STANDDOWN,none,,,17787.8008,3.0,,,,,,,,,,,2021-11-25,17500.0,18000.0
2021-11-23T00:00:00,STANDDOWN,none,,,17281.3496,2.0,,,,,,,,,,,2021-11-25,17000.0,18000.0
2021-11-24T00:00:00,STANDDOWN,none,18000.0,,17555.0508,1.0,,,,,,,,,,,2021-11-25,17000.0,18000.0
2021-11-25T00:00:00,STANDDOWN,none,17000.0,,17408.5508,0.5,,,,,,,,,,,2021-11-25,17000.0,18000.0
2021-11-26T00:00:00,DTE_HOLD,put,17500.0,,17339.0,6.0,,,,,,,,,,,2021-12-02,17500.0,18000.0
2021-11-29T00:00:00,STANDDOWN,none,,,17065.6504,3.0,,,,,,,,,,,2021-12-02,17000.0,17500.0
2021-11-30T00:00:00,STANDDOWN,none,,,17060.4492,2.0,,,,,,,,,,,2021-12-02,16000.0,17500.0
2021-12-01T00:00:00,STANDDOWN,none,17500.0,,17091.4492,1.0,,,,,,,,,,,2021-12-02,16000.0,17500.0
2021-12-02T00:00:00,STANDDOWN,none,17500.0,,17188.0,0.5,,,,,,,,,,,2021-12-02,16500.0,17500.0
2021-12-03T00:00:00,STANDDOWN,none,,,17423.25,6.0,,,,,,,,,,,2021-12-09,17000.0,18000.0
2021-12-06T00:00:00,STANDDOWN,none,,,17203.5996,3.0,,,,,,,,,,,2021-12-09,17000.0,18000.0
2021-12-07T00:00:00,STANDDOWN,none,,,17033.9492,2.0,,,,,,,,,,,2021-12-09,16000.0,17500.0
2021-12-08T00:00:00,STANDDOWN,none,17000.0,,17312.5508,1.0,,,,,,,,,,,2021-12-09,17000.0,18000.0
2021-12-09T00:00:00,STANDDOWN,none,17600.0,,17525.6992,0.5,,,,,,,,,,,2021-12-09,17000.0,17600.0
2021-12-10T00:00:00,DTE_HOLD,put,17500.0,,17487.5508,6.0,,,,,,,,,,,2021-12-16,17500.0,17500.0
2021-12-13T00:00:00,STANDDOWN,none,,,17609.5508,3.0,,,,,,,,,,,2021-12-16,17400.0,18000.0
2021-12-14T00:00:00,STANDDOWN,none,,,17284.5996,2.0,,,,,,,,,,,2021-12-16,17000.0,17600.0
2021-12-15T00:00:00,STANDDOWN,none,17000.0,,17335.5996,1.0,,,,,,,,,,,2021-12-16,17000.0,18000.0
2021-12-16T00:00:00,STANDDOWN,none,17500.0,,17374.5996,0.5,,,,,,,,,,,2021-12-16,17000.0,17500.0
2021-12-17T00:00:00,DTE_HOLD,put,17300.0,,17292.4492,6.0,,,,,,,,,,,2021-12-23,17300.0,18500.0
2021-12-20T00:00:00,DTE_HOLD,put,17000.0,,16828.5,3.0,,,,,,,,,,,2021-12-23,17000.0,18000.0
2021-12-21T00:00:00,STANDDOWN,none,,,16770.0,2.0,,,,,,,,,,,2021-12-23,16000.0,17000.0
2021-12-22T00:00:00,STANDDOWN,none,17500.0,,16857.1504,1.0,,,,,,,,,,,2021-12-23,16000.0,17500.0
2021-12-23T00:00:00,STANDDOWN,none,17200.0,,17059.5508,0.5,,,,,,,,,,,2021-12-23,16800.0,17200.0
2021-12-24T00:00:00,STANDDOWN,none,,,17151.4492,6.0,,,,,,,,,,,2021-12-30,17000.0,18000.0
2021-12-27T00:00:00,STANDDOWN,none,,,16936.5,3.0,,,,,,,,,,,2021-12-30,16500.0,18000.0
2021-12-28T00:00:00,STANDDOWN,none,,,17178.6504,2.0,,,,,,,,,,,2021-12-30,17000.0,18000.0
2021-12-29T00:00:00,STANDDOWN,none,17000.0,,17219.8496,1.0,,,,,,,,,,,2021-12-30,17000.0,18000.0
2021-12-30T00:00:00,STANDDOWN,none,17000.0,,17192.1504,0.5,,,,,,,,,,,2021-12-30,17000.0,17500.0
2021-12-31T00:00:00,DTE_HOLD,call,17200.0,,17246.4492,6.0,,,,,,,,,,,2022-01-06,17200.0,17200.0
2022-01-03T00:00:00,STANDDOWN,none,,,17392.3008,3.0,,,,,,,,,,,2022-01-06,17300.0,18000.0
2022-01-04T00:00:00,STANDDOWN,none,,,17671.0996,2.0,,,,,,,,,,,2022-01-06,17300.0,18000.0
2022-01-05T00:00:00,STANDDOWN,none,18000.0,,17811.5508,1.0,,,,,,,,,,,2022-01-06,17000.0,18000.0
2022-01-06T00:00:00,TRADE,put,17800.0,17650.0,17768.8496,0.5,32.0,5.0,27.0,20.47,2.65,20.47,STOP,-3916.42,-1008.42,50.0,2022-01-06,17800.0,18000.0
2022-01-07T00:00:00,STANDDOWN,none,,,17792.8496,6.0,,,,,,,,,,,2022-01-13,17500.0,18000.0
2022-01-10T00:00:00,STANDDOWN,none,,,17916.75,3.0,,,,,,,,,,,2022-01-13,17500.0,18000.0
2022-01-11T00:00:00,STANDDOWN,none,,,18005.0996,2.0,,,,,,,,,,,2022-01-13,17500.0,18500.0
2022-01-12T00:00:00,STANDDOWN,none,18500.0,,18159.3008,1.0,,,,,,,,,,,2022-01-13,17500.0,18500.0
2022-01-13T00:00:00,STANDDOWN,none,18500.0,,18252.8008,0.5,,,,,,,,,,,2022-01-13,17700.0,18500.0
2022-01-14T00:00:00,STANDDOWN,none,,,18181.0508,6.0,,,,,,,,,,,2022-01-20,17000.0,19000.0
2022-01-17T00:00:00,STANDDOWN,none,,,18246.6992,3.0,,,,,,,,,,,2022-01-20,18200.0,19000.0
2022-01-18T00:00:00,STANDDOWN,none,,,18339.6504,2.0,,,,,,,,,,,2022-01-20,17500.0,19000.0
2022-01-19T00:00:00,STANDDOWN,none,18300.0,,18121.0996,1.0,,,,,,,,,,,2022-01-20,17500.0,18300.0
2022-01-20T00:00:00,STANDDOWN,none,18300.0,,17934.3008,0.5,,,,,,,,,,,2022-01-20,17500.0,18300.0
2022-01-21T00:00:00,DTE_HOLD,put,18000.0,,17618.5996,6.0,,,,,,,,,,,2022-01-27,18000.0,18000.0
2022-01-24T00:00:00,STANDDOWN,none,,,17560.0,3.0,,,,,,,,,,,2022-01-27,17000.0,18000.0
2022-01-25T00:00:00,STANDDOWN,none,,,17002.3008,2.0,,,,,,,,,,,2022-01-27,16500.0,18000.0
2022-01-27T00:00:00,STANDDOWN,none,18000.0,,17066.25,0.5,,,,,,,,,,,2022-01-27,16000.0,18000.0
2022-01-28T00:00:00,STANDDOWN,none,,,17226.6992,6.0,,,,,,,,,,,2022-02-03,15100.0,19800.0
2022-01-31T00:00:00,STANDDOWN,none,,,17302.5996,3.0,,,,,,,,,,,2022-02-03,15100.0,19000.0
2022-02-01T00:00:00,STANDDOWN,none,,,17532.3008,2.0,,,,,,,,,,,2022-02-03,15100.0,18500.0
2022-02-02T00:00:00,STANDDOWN,none,18000.0,,17697.25,1.0,,,,,,,,,,,2022-02-03,16500.0,18000.0
2022-02-03T00:00:00,STANDDOWN,none,18000.0,,17772.0508,0.5,,,,,,,,,,,2022-02-03,17000.0,18000.0
2022-02-04T00:00:00,STANDDOWN,none,,,17580.0996,6.0,,,,,,,,,,,2022-02-10,17000.0,18500.0
2022-02-07T00:00:00,DTE_HOLD,put,17500.0,,17463.6504,3.0,,,,,,,,,,,2022-02-10,17500.0,17800.0
2022-02-08T00:00:00,STANDDOWN,none,,,17275.0508,2.0,,,,,,,,,,,2022-02-10,17000.0,18000.0
2022-02-09T00:00:00,STANDDOWN,none,17500.0,,17360.4492,1.0,,,,,,,,,,,2022-02-10,16500.0,17500.0
2022-02-10T00:00:00,STANDDOWN,none,18000.0,,17538.0996,0.5,,,,,,,,,,,2022-02-10,17000.0,18000.0
2022-02-11T00:00:00,STANDDOWN,none,,,17444.4492,6.0,,,,,,,,,,,2022-02-17,16500.0,17600.0
2022-02-14T00:00:00,STANDDOWN,none,,,17077.1504,3.0,,,,,,,,,,,2022-02-17,16500.0,18000.0
2022-02-15T00:00:00,STANDDOWN,none,,,16933.0508,2.0,,,,,,,,,,,2022-02-17,16000.0,17500.0
2022-02-16T00:00:00,STANDDOWN,none,17700.0,,17414.5,1.0,,,,,,,,,,,2022-02-17,17000.0,17700.0
2022-02-17T00:00:00,STANDDOWN,none,17500.0,,17387.25,0.5,,,,,,,,,,,2022-02-17,17000.0,17500.0
2022-02-18T00:00:00,STANDDOWN,none,,,17230.1504,6.0,,,,,,,,,,,2022-02-24,17000.0,18000.0
2022-02-21T00:00:00,STANDDOWN,none,,,17202.5,3.0,,,,,,,,,,,2022-02-24,17000.0,18000.0
2022-02-22T00:00:00,DTE_HOLD,put,17000.0,,16864.3008,2.0,,,,,,,,,,,2022-02-24,17000.0,18000.0
2022-02-23T00:00:00,STANDDOWN,none,17000.0,,17194.25,1.0,,,,,,,,,,,2022-02-24,17000.0,18000.0
2022-02-24T00:00:00,STANDDOWN,none,16500.0,,16574.1504,0.5,,,,,,,,,,,2022-02-24,16500.0,18000.0
2022-02-25T00:00:00,STANDDOWN,none,,,16513.1992,6.0,,,,,,,,,,,2022-03-03,16000.0,17500.0
2022-02-28T00:00:00,STANDDOWN,none,,,16498.0508,3.0,,,,,,,,,,,2022-03-03,16000.0,17500.0
2022-03-02T00:00:00,STANDDOWN,none,16000.0,,16588.9004,1.0,,,,,,,,,,,2022-03-03,16000.0,17500.0
2022-03-04T00:00:00,STANDDOWN,none,,,16336.5,6.0,,,,,,,,,,,2022-03-10,15000.0,19800.0
2022-03-07T00:00:00,STANDDOWN,none,,,15863.5,3.0,,,,,,,,,,,2022-03-10,15000.0,17500.0
2022-03-08T00:00:00,STANDDOWN,none,,,15752.7998,2.0,,,,,,,,,,,2022-03-10,14750.0,17000.0
2022-03-09T00:00:00,STANDDOWN,none,17000.0,,16080.75,1.0,,,,,,,,,,,2022-03-10,15000.0,17000.0
2022-03-10T00:00:00,STANDDOWN,none,17000.0,,16709.4492,0.5,,,,,,,,,,,2022-03-10,15500.0,17000.0
2022-03-11T00:00:00,STANDDOWN,none,,,16532.6992,6.0,,,,,,,,,,,2022-03-17,16000.0,18000.0
2022-03-14T00:00:00,STANDDOWN,none,,,16646.8496,3.0,,,,,,,,,,,2022-03-17,16000.0,17500.0
2022-03-15T00:00:00,STANDDOWN,none,,,16893.0508,2.0,,,,,,,,,,,2022-03-17,16000.0,17500.0
2022-03-16T00:00:00,STANDDOWN,none,17500.0,,16863.75,1.0,,,,,,,,,,,2022-03-17,16000.0,17500.0
2022-03-17T00:00:00,STANDDOWN,none,17500.0,,17201.3496,0.5,,,,,,,,,,,2022-03-17,16000.0,17500.0
2022-03-21T00:00:00,STANDDOWN,none,,,17327.9004,3.0,,,,,,,,,,,2022-03-24,16000.0,18000.0
2022-03-22T00:00:00,STANDDOWN,none,,,17120.5508,2.0,,,,,,,,,,,2022-03-24,16000.0,18000.0
2022-03-23T00:00:00,STANDDOWN,none,18000.0,,17410.5996,1.0,,,,,,,,,,,2022-03-24,16300.0,18000.0
2022-03-24T00:00:00,STANDDOWN,none,16500.0,,17094.8008,0.5,,,,,,,,,,,2022-03-24,16500.0,18000.0
2022-03-25T00:00:00,STANDDOWN,none,,,17289.0,6.0,,,,,,,,,,,2022-03-31,16000.0,18000.0
2022-03-28T00:00:00,STANDDOWN,none,,,17181.85,3.0,,,,,,,,,,,2022-03-31,16000.0,18000.0
2022-03-29T00:00:00,STANDDOWN,none,,,17297.2,2.0,,,,,,,,,,,2022-03-31,16000.0,18000.0
2022-03-30T00:00:00,STANDDOWN,none,18000.0,,17468.15,1.0,,,,,,,,,,,2022-03-31,16500.0,18000.0
2022-03-31T00:00:00,STANDDOWN,none,18000.0,,17519.2,0.5,,,,,,,,,,,2022-03-31,17000.0,18000.0
2022-04-01T00:00:00,DTE_HOLD,put,17500.0,,17436.9,6.0,,,,,,,,,,,2022-04-07,17500.0,17500.0
2022-04-04T00:00:00,STANDDOWN,none,,,17809.1,3.0,,,,,,,,,,,2022-04-07,16500.0,18000.0
2022-04-05T00:00:00,STANDDOWN,none,,,18080.6,2.0,,,,,,,,,,,2022-04-07,17500.0,19000.0
2022-04-06T00:00:00,TRADE,put,18000.0,17850.0,17842.75,1.0,155.1,63.0,92.1,-21.97,-11.72,21.97,EOD,-1396.15,-3079.61,50.0,2022-04-07,18000.0,18500.0
2022-04-07T00:00:00,STANDDOWN,none,17500.0,,17723.3,0.5,,,,,,,,,,,2022-04-07,17500.0,18000.0
2022-04-08T00:00:00,DTE_HOLD,put,17800.0,,17698.15,5.0,,,,,,,,,,,2022-04-13,17800.0,19000.0
2022-04-11T00:00:00,STANDDOWN,none,,,17740.9004,2.0,,,,,,,,,,,2022-04-13,17000.0,18500.0
2022-04-12T00:00:00,STANDDOWN,none,18000.0,,17584.8496,1.0,,,,,,,,,,,2022-04-13,17000.0,18000.0
2022-04-13T00:00:00,STANDDOWN,none,18000.0,,17599.9004,0.5,,,,,,,,,,,2022-04-13,17000.0,18000.0
2022-04-18T00:00:00,STANDDOWN,none,,,17183.4492,3.0,,,,,,,,,,,2022-04-21,17000.0,18500.0
2022-04-19T00:00:00,STANDDOWN,none,,,17258.9492,2.0,,,,,,,,,,,2022-04-21,16500.0,18000.0
2022-04-20T00:00:00,STANDDOWN,none,17500.0,,17045.25,1.0,,,,,,,,,,,2022-04-21,16500.0,17500.0
2022-04-21T00:00:00,STANDDOWN,none,17000.0,,17234.5996,0.5,,,,,,,,,,,2022-04-21,17000.0,17500.0
2022-04-22T00:00:00,STANDDOWN,none,,,17242.75,6.0,,,,,,,,,,,2022-04-28,17000.0,19000.0
2022-04-25T00:00:00,STANDDOWN,none,,,17009.0508,3.0,,,,,,,,,,,2022-04-28,17000.0,18000.0
2022-04-26T00:00:00,STANDDOWN,none,,,17121.3008,2.0,,,,,,,,,,,2022-04-28,16000.0,17800.0
2022-04-27T00:00:00,STANDDOWN,none,17000.0,,17073.3496,1.0,,,,,,,,,,,2022-04-28,17000.0,17500.0
2022-04-28T00:00:00,STANDDOWN,none,17000.0,,17189.5,0.5,,,,,,,,,,,2022-04-28,17000.0,17500.0
2022-04-29T00:00:00,STANDDOWN,none,,,17329.25,6.0,,,,,,,,,,,2022-05-05,16000.0,18000.0
2022-05-02T00:00:00,DTE_HOLD,put,17000.0,,16924.4492,3.0,,,,,,,,,,,2022-05-05,17000.0,18000.0
2022-05-04T00:00:00,STANDDOWN,none,17000.0,,17096.5996,1.0,,,,,,,,,,,2022-05-05,17000.0,17500.0
2022-05-05T00:00:00,STANDDOWN,none,17000.0,,16854.75,0.5,,,,,,,,,,,2022-05-05,16000.0,17000.0
2022-05-06T00:00:00,STANDDOWN,none,,,16415.5508,6.0,,,,,,,,,,,2022-05-12,15100.0,17000.0
2022-05-09T00:00:00,STANDDOWN,none,,,16227.7002,3.0,,,,,,,,,,,2022-05-12,15100.0,17000.0
2022-05-10T00:00:00,STANDDOWN,none,,,16248.9004,2.0,,,,,,,,,,,2022-05-12,16000.0,17000.0
2022-05-11T00:00:00,STANDDOWN,none,16000.0,,16270.0498,1.0,,,,,,,,,,,2022-05-12,16000.0,17000.0
2022-05-12T00:00:00,STANDDOWN,none,15500.0,,16021.0996,0.5,,,,,,,,,,,2022-05-12,15500.0,17000.0
2022-05-13T00:00:00,DTE_HOLD,put,16000.0,,15977.0,6.0,,,,,,,,,,,2022-05-19,16000.0,17000.0
2022-05-16T00:00:00,STANDDOWN,none,,,15845.0996,3.0,,,,,,,,,,,2022-05-19,15000.0,17000.0
2022-05-17T00:00:00,STANDDOWN,none,,,15912.5996,2.0,,,,,,,,,,,2022-05-19,15000.0,17000.0
2022-05-18T00:00:00,STANDDOWN,none,17000.0,,16318.1504,1.0,,,,,,,,,,,2022-05-19,15000.0,17000.0
2022-05-19T00:00:00,TRADE,put,16000.0,15850.0,15917.4004,0.5,89.95,25.0,64.95,-5.36,-1.9,5.36,STOP,-4852.82,-4627.36,50.0,2022-05-19,16000.0,16500.0
2022-05-20T00:00:00,STANDDOWN,none,,,16043.7998,6.0,,,,,,,,,,,2022-05-26,15000.0,17000.0
2022-05-23T00:00:00,STANDDOWN,none,,,16290.9502,3.0,,,,,,,,,,,2022-05-26,16000.0,17000.0
2022-05-24T00:00:00,STANDDOWN,none,,,16225.5498,2.0,,,,,,,,,,,2022-05-26,16000.0,17000.0
2022-05-25T00:00:00,STANDDOWN,none,16000.0,,16196.3496,1.0,,,,,,,,,,,2022-05-26,16000.0,17000.0
2022-05-26T00:00:00,STANDDOWN,none,16500.0,,16105.0,0.5,,,,,,,,,,,2022-05-26,15500.0,16500.0
2022-05-27T00:00:00,STANDDOWN,none,,,16296.5996,6.0,,,,,,,,,,,2022-06-02,14500.0,17000.0
2022-05-30T00:00:00,STANDDOWN,none,,,16527.9004,3.0,,,,,,,,,,,2022-06-02,16000.0,17000.0
2022-05-31T00:00:00,STANDDOWN,none,,,16578.4492,2.0,,,,,,,,,,,2022-06-02,16300.0,17000.0
2022-06-01T00:00:00,STANDDOWN,none,17000.0,,16594.4004,1.0,,,,,,,,,,,2022-06-02,16000.0,17000.0
2022-06-02T00:00:00,STANDDOWN,none,16000.0,,16481.6504,0.5,,,,,,,,,,,2022-06-02,16000.0,17000.0
2022-06-03T00:00:00,STANDDOWN,none,,,16761.6504,6.0,,,,,,,,,,,2022-06-09,16000.0,17500.0
2022-06-06T00:00:00,STANDDOWN,none,,,16530.6992,3.0,,,,,,,,,,,2022-06-09,16300.0,17500.0
2022-06-07T00:00:00,STANDDOWN,none,,,16469.5996,2.0,,,,,,,,,,,2022-06-09,16300.0,17200.0
2022-06-08T00:00:00,STANDDOWN,none,16000.0,,16474.9492,1.0,,,,,,,,,,,2022-06-09,16000.0,17000.0
2022-06-09T00:00:00,STANDDOWN,none,16000.0,,16263.8496,0.5,,,,,,,,,,,2022-06-09,16000.0,16800.0
2022-06-10T00:00:00,STANDDOWN,none,,,16283.9502,6.0,,,,,,,,,,,2022-06-16,16200.0,17000.0
2022-06-13T00:00:00,STANDDOWN,none,,,15877.5498,3.0,,,,,,,,,,,2022-06-16,15000.0,17000.0
2022-06-14T00:00:00,STANDDOWN,none,,,15674.25,2.0,,,,,,,,,,,2022-06-16,15000.0,16500.0
2022-06-15T00:00:00,STANDDOWN,none,15000.0,,15729.25,1.0,,,,,,,,,,,2022-06-16,15000.0,16500.0
2022-06-16T00:00:00,STANDDOWN,none,16000.0,,15832.25,0.5,,,,,,,,,,,2022-06-16,15000.0,16000.0
2022-06-17T00:00:00,STANDDOWN,none,,,15272.6504,6.0,,,,,,,,,,,2022-06-23,14200.0,16500.0
2022-06-20T00:00:00,STANDDOWN,none,,,15334.5,3.0,,,,,,,,,,,2022-06-23,15000.0,16000.0
2022-06-21T00:00:00,STANDDOWN,none,,,15455.9502,2.0,,,,,,,,,,,2022-06-23,15000.0,16000.0
2022-06-22T00:00:00,STANDDOWN,none,16000.0,,15545.6504,1.0,,,,,,,,,,,2022-06-23,15000.0,16000.0
2022-06-23T00:00:00,STANDDOWN,none,15000.0,,15451.5498,0.5,,,,,,,,,,,2022-06-23,15000.0,16000.0
2022-06-24T00:00:00,STANDDOWN,none,,,15657.4004,6.0,,,,,,,,,,,2022-06-30,14000.0,16000.0
2022-06-27T00:00:00,STANDDOWN,none,,,15926.2002,3.0,,,,,,,,,,,2022-06-30,15500.0,16000.0
2022-06-28T00:00:00,STANDDOWN,none,,,15757.4502,2.0,,,,,,,,,,,2022-06-30,15000.0,16000.0
2022-06-29T00:00:00,STANDDOWN,none,16000.0,,15701.7002,1.0,,,,,,,,,,,2022-06-30,15000.0,16000.0
2022-06-30T00:00:00,STANDDOWN,none,16000.0,,15774.5,0.5,,,,,,,,,,,2022-06-30,15500.0,16000.0
2022-07-01T00:00:00,DTE_HOLD,put,15800.0,,15703.7002,6.0,,,,,,,,,,,2022-07-07,15800.0,16000.0
2022-07-04T00:00:00,STANDDOWN,none,,,15710.5,3.0,,,,,,,,,,,2022-07-07,15500.0,16500.0
2022-07-05T00:00:00,STANDDOWN,none,,,15909.1504,2.0,,,,,,,,,,,2022-07-07,15000.0,16500.0
2022-07-06T00:00:00,STANDDOWN,none,16000.0,,15818.2002,1.0,,,,,,,,,,,2022-07-07,15500.0,16000.0
2022-07-07T00:00:00,STANDDOWN,none,16200.0,,16113.75,0.5,,,,,,,,,,,2022-07-07,15800.0,16200.0
2022-07-08T00:00:00,DTE_HOLD,call,16200.0,,16273.6504,6.0,,,,,,,,,,,2022-07-14,15000.0,16200.0
2022-07-11T00:00:00,STANDDOWN,none,,,16136.1504,3.0,,,,,,,,,,,2022-07-14,16000.0,16200.0
2022-07-12T00:00:00,STANDDOWN,none,,,16126.2002,2.0,,,,,,,,,,,2022-07-14,16000.0,16600.0
2022-07-13T00:00:00,STANDDOWN,none,16200.0,,16128.2002,1.0,,,,,,,,,,,2022-07-14,15700.0,16200.0
2022-07-14T00:00:00,STANDDOWN,none,16500.0,,16018.8496,0.5,,,,,,,,,,,2022-07-14,15500.0,16500.0
2022-07-15T00:00:00,DTE_HOLD,call,16000.0,,16010.7998,6.0,,,,,,,,,,,2022-07-21,14000.0,16000.0
2022-07-18T00:00:00,STANDDOWN,none,,,16151.4004,3.0,,,,,,,,,,,2022-07-21,16000.0,16600.0
2022-07-19T00:00:00,STANDDOWN,none,,,16187.0498,2.0,,,,,,,,,,,2022-07-21,16000.0,16600.0
2022-07-20T00:00:00,STANDDOWN,none,16600.0,,16562.8008,1.0,,,,,,,,,,,2022-07-21,16200.0,16600.0
2022-07-21T00:00:00,STANDDOWN,none,16600.0,,16523.5508,0.5,,,,,,,,,,,2022-07-21,16000.0,16600.0
2022-07-22T00:00:00,STANDDOWN,none,,,16661.25,6.0,,,,,,,,,,,2022-07-28,15500.0,17000.0
2022-07-25T00:00:00,STANDDOWN,none,,,16662.5508,3.0,,,,,,,,,,,2022-07-28,16500.0,17000.0
2022-07-26T00:00:00,STANDDOWN,none,,,16632.9004,2.0,,,,,,,,,,,2022-07-28,16000.0,17000.0
2022-07-27T00:00:00,STANDDOWN,none,16000.0,,16475.3496,1.0,,,,,,,,,,,2022-07-28,16000.0,17000.0
2022-07-28T00:00:00,STANDDOWN,none,17000.0,,16774.8496,0.5,,,,,,,,,,,2022-07-28,16000.0,17000.0
2022-07-29T00:00:00,DTE_HOLD,call,17000.0,,17079.5,6.0,,,,,,,,,,,2022-08-04,16000.0,17000.0
2022-08-01T00:00:00,STANDDOWN,none,,,17243.1992,3.0,,,,,,,,,,,2022-08-04,17000.0,17600.0
2022-08-02T00:00:00,STANDDOWN,none,,,17310.1504,2.0,,,,,,,,,,,2022-08-04,16500.0,17500.0
2022-08-03T00:00:00,STANDDOWN,none,17200.0,,17349.25,1.0,,,,,,,,,,,2022-08-04,17200.0,17500.0
2022-08-04T00:00:00,STANDDOWN,none,17500.0,,17463.0996,0.5,,,,,,,,,,,2022-08-04,17000.0,17500.0
2022-08-05T00:00:00,STANDDOWN,none,,,17423.6504,6.0,,,,,,,,,,,2022-08-11,17000.0,18000.0
2022-08-08T00:00:00,STANDDOWN,none,,,17401.5,3.0,,,,,,,,,,,2022-08-11,17000.0,18000.0
2022-08-10T00:00:00,STANDDOWN,none,17400.0,,17566.0996,1.0,,,,,,,,,,,2022-08-11,17400.0,18000.0
2022-08-11T00:00:00,STANDDOWN,none,18000.0,,17711.6504,0.5,,,,,,,,,,,2022-08-11,17000.0,18000.0
2022-08-12T00:00:00,STANDDOWN,none,,,17659.6504,6.0,,,,,,,,,,,2022-08-18,17500.0,17700.0
2022-08-16T00:00:00,STANDDOWN,none,,,17797.1992,2.0,,,,,,,,,,,2022-08-18,17000.0,17800.0
2022-08-17T00:00:00,TRADE,call,17800.0,17950.0,17868.1504,1.0,105.0,35.55,69.45,-15.32,-7.11,15.32,EOD,-2310.03,-3652.1,50.0,2022-08-18,17700.0,17800.0
2022-08-18T00:00:00,STANDDOWN,none,17800.0,,17898.6504,0.5,,,,,,,,,,,2022-08-18,17800.0,18000.0
2022-08-19T00:00:00,STANDDOWN,none,,,17966.5508,6.0,,,,,,,,,,,2022-08-25,17000.0,18000.0
2022-08-22T00:00:00,STANDDOWN,none,,,17682.9004,3.0,,,,,,,,,,,2022-08-25,17000.0,18000.0
2022-08-23T00:00:00,STANDDOWN,none,,,17357.3496,2.0,,,,,,,,,,,2022-08-25,17000.0,18000.0
2022-08-24T00:00:00,STANDDOWN,none,17500.0,,17525.4492,1.0,,,,,,,,,,,2022-08-25,17500.0,18000.0
2022-08-25T00:00:00,STANDDOWN,none,18000.0,,17679.0,0.5,,,,,,,,,,,2022-08-25,17000.0,18000.0
2022-08-26T00:00:00,STANDDOWN,none,,,17619.3008,6.0,,,,,,,,,,,2022-09-01,17000.0,18500.0
2022-08-29T00:00:00,STANDDOWN,none,,,17188.6504,3.0,,,,,,,,,,,2022-09-01,17000.0,17700.0
2022-08-30T00:00:00,STANDDOWN,none,,,17414.9492,2.0,,,,,,,,,,,2022-09-01,17000.0,18000.0
2022-09-01T00:00:00,STANDDOWN,none,17000.0,,17485.6992,0.5,,,,,,,,,,,2022-09-01,17000.0,18000.0
2022-09-02T00:00:00,STANDDOWN,none,,,17598.4004,6.0,,,,,,,,,,,2022-09-08,17000.0,18000.0
2022-09-05T00:00:00,STANDDOWN,none,,,17546.4492,3.0,,,,,,,,,,,2022-09-08,17000.0,18000.0
2022-09-06T00:00:00,STANDDOWN,none,,,17695.6992,2.0,,,,,,,,,,,2022-09-08,17000.0,18000.0
2022-09-07T00:00:00,STANDDOWN,none,17800.0,,17519.4004,1.0,,,,,,,,,,,2022-09-08,17000.0,17800.0
2022-09-08T00:00:00,STANDDOWN,none,18000.0,,17748.1504,0.5,,,,,,,,,,,2022-09-08,17000.0,18000.0
2022-09-09T00:00:00,STANDDOWN,none,,,17923.3496,6.0,,,,,,,,,,,2022-09-15,17500.0,18000.0
2022-09-12T00:00:00,STANDDOWN,none,,,17890.8496,3.0,,,,,,,,,,,2022-09-15,17000.0,18000.0
2022-09-13T00:00:00,DTE_HOLD,call,18000.0,,18044.4492,2.0,,,,,,,,,,,2022-09-15,17900.0,18000.0
2022-09-14T00:00:00,TRADE,put,18000.0,17850.0,17771.1504,1.0,175.0,84.0,91.0,-38.92,-61.35,61.35,TARGET,4493.11,1695.66,50.0,2022-09-15,18000.0,18500.0
2022-09-15T00:00:00,STANDDOWN,none,17900.0,,18046.3496,0.5,,,,,,,,,,,2022-09-15,17900.0,18200.0
2022-09-16T00:00:00,STANDDOWN,none,,,17796.8008,6.0,,,,,,,,,,,2022-09-22,16500.0,18700.0
2022-09-19T00:00:00,STANDDOWN,none,,,17540.6504,3.0,,,,,,,,,,,2022-09-22,17000.0,19000.0
2022-09-20T00:00:00,STANDDOWN,none,,,17770.4004,2.0,,,,,,,,,,,2022-09-22,17500.0,18000.0
2022-09-21T00:00:00,STANDDOWN,none,18000.0,,17766.3496,1.0,,,,,,,,,,,2022-09-22,17000.0,18000.0
2022-09-22T00:00:00,STANDDOWN,none,17500.0,,17609.6504,0.5,,,,,,,,,,,2022-09-22,17500.0,18000.0
2022-09-23T00:00:00,STANDDOWN,none,,,17593.8496,6.0,,,,,,,,,,,2022-09-29,16000.0,19000.0
2022-09-26T00:00:00,STANDDOWN,none,,,17156.3008,3.0,,,,,,,,,,,2022-09-29,16000.0,18000.0
2022-09-27T00:00:00,STANDDOWN,none,,,17110.9004,2.0,,,,,,,,,,,2022-09-29,16000.0,18000.0
2022-09-28T00:00:00,STANDDOWN,none,16000.0,,16870.5508,1.0,,,,,,,,,,,2022-09-29,16000.0,18000.0
2022-09-29T00:00:00,STANDDOWN,none,17000.0,,16993.5996,0.5,,,,,,,,,,,2022-09-29,16800.0,17000.0
2022-09-30T00:00:00,STANDDOWN,none,,,16798.0508,6.0,,,,,,,,,,,2022-10-06,15000.0,17000.0
2022-10-03T00:00:00,STANDDOWN,none,,,17102.0996,3.0,,,,,,,,,,,2022-10-06,16700.0,17500.0
2022-10-04T00:00:00,DTE_HOLD,call,17000.0,,17147.4492,2.0,,,,,,,,,,,2022-10-06,16000.0,17000.0
2022-10-06T00:00:00,STANDDOWN,none,17500.0,,17379.25,0.5,,,,,,,,,,,2022-10-06,17000.0,17500.0
2022-10-07T00:00:00,STANDDOWN,none,,,17287.1992,6.0,,,,,,,,,,,2022-10-13,17000.0,17500.0
2022-10-10T00:00:00,STANDDOWN,none,,,17094.3496,3.0,,,,,,,,,,,2022-10-13,17000.0,18000.0
2022-10-11T00:00:00,STANDDOWN,none,,,17256.0508,2.0,,,,,,,,,,,2022-10-13,17000.0,18000.0
2022-10-12T00:00:00,STANDDOWN,none,17200.0,,17025.5508,1.0,,,,,,,,,,,2022-10-13,16000.0,17200.0
2022-10-13T00:00:00,STANDDOWN,none,17000.0,,17087.3496,0.5,,,,,,,,,,,2022-10-13,17000.0,17500.0
2022-10-14T00:00:00,DTE_HOLD,call,17000.0,,17322.3008,6.0,,,,,,,,,,,2022-10-20,17000.0,17000.0
2022-10-17T00:00:00,STANDDOWN,none,,,17144.8008,3.0,,,,,,,,,,,2022-10-20,16500.0,18000.0
2022-10-18T00:00:00,DTE_HOLD,call,17300.0,,17438.75,2.0,,,,,,,,,,,2022-10-20,17000.0,17300.0
2022-10-19T00:00:00,TRADE,call,17500.0,17650.0,17568.1504,1.0,105.55,33.6,71.95,-4.58,-2.15,4.58,EOD,805.13,469.28,50.0,2022-10-20,17000.0,17500.0
2022-10-20T00:00:00,STANDDOWN,none,17600.0,,17423.0996,0.5,,,,,,,,,,,2022-10-20,17000.0,17600.0
2022-10-21T00:00:00,STANDDOWN,none,,,17622.8496,6.0,,,,,,,,,,,2022-10-27,16500.0,18000.0
2022-10-25T00:00:00,STANDDOWN,none,,,17808.3008,2.0,,,,,,,,,,,2022-10-27,17000.0,18000.0
2022-10-27T00:00:00,STANDDOWN,none,18000.0,,17771.4004,0.5,,,,,,,,,,,2022-10-27,17500.0,18000.0
2022-10-28T00:00:00,STANDDOWN,none,,,17756.4004,6.0,,,,,,,,,,,2022-11-03,17700.0,18400.0
2022-10-31T00:00:00,STANDDOWN,none,,,17910.1992,3.0,,,,,,,,,,,2022-11-03,17700.0,18200.0
2022-11-01T00:00:00,STANDDOWN,none,,,18130.6992,2.0,,,,,,,,,,,2022-11-03,17800.0,18500.0
2022-11-02T00:00:00,STANDDOWN,none,18000.0,,18177.9004,1.0,,,,,,,,,,,2022-11-03,18000.0,18400.0
2022-11-03T00:00:00,TRADE,put,18000.0,17850.0,17968.3496,0.5,65.0,21.0,44.0,-27.51,-9.65,27.51,TARGET,2006.53,673.28,50.0,2022-11-03,18000.0,18400.0
2022-11-04T00:00:00,STANDDOWN,none,,,18053.4004,6.0,,,,,,,,,,,2022-11-10,18000.0,19000.0
2022-11-07T00:00:00,STANDDOWN,none,,,18211.75,3.0,,,,,,,,,,,2022-11-10,18000.0,19000.0
2022-11-09T00:00:00,STANDDOWN,none,18000.0,,18288.25,1.0,,,,,,,,,,,2022-11-10,18000.0,19000.0
2022-11-10T00:00:00,STANDDOWN,none,18000.0,,18044.3496,0.5,,,,,,,,,,,2022-11-10,18000.0,18300.0
2022-11-11T00:00:00,STANDDOWN,none,,,18272.3496,6.0,,,,,,,,,,,2022-11-17,18000.0,19000.0
2022-11-14T00:00:00,STANDDOWN,none,,,18376.4004,3.0,,,,,,,,,,,2022-11-17,18000.0,19000.0
2022-11-15T00:00:00,STANDDOWN,none,,,18362.75,2.0,,,,,,,,,,,2022-11-17,18000.0,19000.0
2022-11-16T00:00:00,STANDDOWN,none,18300.0,,18398.25,1.0,,,,,,,,,,,2022-11-17,18300.0,19000.0
2022-11-17T00:00:00,STANDDOWN,none,18400.0,,18358.6992,0.5,,,,,,,,,,,2022-11-17,18300.0,18400.0
2022-11-18T00:00:00,STANDDOWN,none,,,18382.9492,6.0,,,,,,,,,,,2022-11-24,18000.0,19000.0
2022-11-21T00:00:00,DTE_HOLD,put,18300.0,,18246.4004,3.0,,,,,,,,,,,2022-11-24,18300.0,18400.0
2022-11-22T00:00:00,STANDDOWN,none,,,18179.1504,2.0,,,,,,,,,,,2022-11-24,18000.0,18300.0
2022-11-23T00:00:00,TRADE,call,18300.0,18450.0,18325.1992,1.0,67.4,14.45,52.95,-12.92,-3.98,12.92,EOD,704.0,-139.92,50.0,2022-11-24,18200.0,18300.0
2022-11-24T00:00:00,TRADE,call,18300.0,18450.0,18326.0996,0.5,42.15,3.05,39.1,-15.14,-1.55,15.14,STOP,-3321.98,1154.95,50.0,2022-11-24,18000.0,18300.0
2022-11-25T00:00:00,DTE_HOLD,call,18300.0,,18528.4492,6.0,,,,,,,,,,,2022-12-01,18300.0,18300.0
2022-11-28T00:00:00,STANDDOWN,none,,,18430.5508,3.0,,,,,,,,,,,2022-12-01,18300.0,19000.0
2022-11-29T00:00:00,STANDDOWN,none,,,18552.4492,2.0,,,,,,,,,,,2022-12-01,18500.0,19000.0
2022-11-30T00:00:00,STANDDOWN,none,18500.0,,18625.6992,1.0,,,,,,,,,,,2022-12-01,18500.0,19000.0
2022-12-01T00:00:00,STANDDOWN,none,19000.0,,18871.9492,0.5,,,,,,,,,,,2022-12-01,18600.0,19000.0
2022-12-02T00:00:00,DTE_HOLD,put,18800.0,,18752.4004,6.0,,,,,,,,,,,2022-12-08,18800.0,19000.0
2022-12-05T00:00:00,STANDDOWN,none,,,18719.5508,3.0,,,,,,,,,,,2022-12-08,18700.0,19000.0
2022-12-06T00:00:00,DTE_HOLD,put,18700.0,,18600.6504,2.0,,,,,,,,,,,2022-12-08,18700.0,19000.0
2022-12-07T00:00:00,STANDDOWN,none,18600.0,,18638.8496,1.0,,,,,,,,,,,2022-12-08,18600.0,19000.0
2022-12-08T00:00:00,STANDDOWN,none,18500.0,,18570.8496,0.5,,,,,,,,,,,2022-12-08,18500.0,18800.0
2022-12-09T00:00:00,DTE_HOLD,call,18600.0,,18662.4004,6.0,,,,,,,,,,,2022-12-15,18600.0,18600.0
2022-12-12T00:00:00,DTE_HOLD,put,18600.0,,18402.1504,3.0,,,,,,,,,,,2022-12-15,18600.0,18600.0
2022-12-13T00:00:00,STANDDOWN,none,,,18524.4004,2.0,,,,,,,,,,,2022-12-15,18400.0,18600.0
2022-12-14T00:00:00,STANDDOWN,none,18500.0,,18671.25,1.0,,,,,,,,,,,2022-12-15,18500.0,19000.0
2022-12-15T00:00:00,STANDDOWN,none,18600.0,,18614.4004,0.5,,,,,,,,,,,2022-12-15,18600.0,19000.0
2022-12-16T00:00:00,STANDDOWN,none,,,18319.0996,6.0,,,,,,,,,,,2022-12-22,18000.0,18600.0
2022-12-19T00:00:00,STANDDOWN,none,,,18288.0996,3.0,,,,,,,,,,,2022-12-22,18000.0,18600.0
2022-12-20T00:00:00,STANDDOWN,none,,,18340.3008,2.0,,,,,,,,,,,2022-12-22,18300.0,19000.0
2022-12-21T00:00:00,STANDDOWN,none,18300.0,,18435.1504,1.0,,,,,,,,,,,2022-12-22,18300.0,18600.0
2022-12-22T00:00:00,STANDDOWN,none,18500.0,,18288.8008,0.5,,,,,,,,,,,2022-12-22,18000.0,18500.0
2022-12-23T00:00:00,DTE_HOLD,put,18000.0,,17977.6504,6.0,,,,,,,,,,,2022-12-29,18000.0,19000.0
2022-12-26T00:00:00,STANDDOWN,none,,,17830.4004,3.0,,,,,,,,,,,2022-12-29,17000.0,18000.0
2022-12-27T00:00:00,STANDDOWN,none,,,18089.8008,2.0,,,,,,,,,,,2022-12-29,17000.0,18200.0
2022-12-28T00:00:00,STANDDOWN,none,18000.0,,18084.75,1.0,,,,,,,,,,,2022-12-29,18000.0,18200.0
2022-12-29T00:00:00,STANDDOWN,none,18000.0,,18045.6992,0.5,,,,,,,,,,,2022-12-29,18000.0,18200.0
2022-12-30T00:00:00,DTE_HOLD,call,18200.0,,18259.0996,6.0,,,,,,,,,,,2023-01-05,18000.0,18200.0
2023-01-02T00:00:00,STANDDOWN,none,,,18131.6992,3.0,,,,,,,,,,,2023-01-05,17500.0,18200.0
2023-01-03T00:00:00,STANDDOWN,none,,,18163.1992,2.0,,,,,,,,,,,2023-01-05,18000.0,18200.0
2023-01-04T00:00:00,TRADE,call,18200.0,18350.0,18230.6504,1.0,101.7,30.0,71.7,-10.76,-4.93,10.76,EOD,2758.45,1974.59,50.0,2023-01-05,18200.0,18200.0
2023-01-05T00:00:00,STANDDOWN,none,18200.0,,18101.9492,0.5,,,,,,,,,,,2023-01-05,18000.0,18200.0
2023-01-06T00:00:00,DTE_HOLD,call,18000.0,,18008.0508,6.0,,,,,,,,,,,2023-01-12,18000.0,18000.0
2023-01-09T00:00:00,DTE_HOLD,put,18000.0,,17952.5508,3.0,,,,,,,,,,,2023-01-12,18000.0,18000.0
2023-01-10T00:00:00,STANDDOWN,none,,,18121.3008,2.0,,,,,,,,,,,2023-01-12,18000.0,18300.0
2023-01-11T00:00:00,STANDDOWN,none,18000.0,,17924.25,1.0,,,,,,,,,,,2023-01-12,17700.0,18000.0
2023-01-12T00:00:00,STANDDOWN,none,18000.0,,17920.8496,0.5,,,,,,,,,,,2023-01-12,17800.0,18000.0
2023-01-13T00:00:00,DTE_HOLD,put,17900.0,,17867.5,6.0,,,,,,,,,,,2023-01-19,17900.0,19000.0
2023-01-16T00:00:00,DTE_HOLD,call,17900.0,,18033.1504,3.0,,,,,,,,,,,2023-01-19,17900.0,17900.0
2023-01-17T00:00:00,STANDDOWN,none,,,17922.8008,2.0,,,,,,,,,,,2023-01-19,17900.0,18000.0
2023-01-18T00:00:00,STANDDOWN,none,18200.0,,18074.3008,1.0,,,,,,,,,,,2023-01-19,17900.0,18200.0
2023-01-19T00:00:00,STANDDOWN,none,18000.0,,18119.8008,0.5,,,,,,,,,,,2023-01-19,18000.0,18300.0
2023-01-20T00:00:00,STANDDOWN,none,,,18115.5996,5.0,,,,,,,,,,,2023-01-25,18000.0,18500.0
2023-01-23T00:00:00,DTE_HOLD,call,18100.0,,18118.4492,2.0,,,,,,,,,,,2023-01-25,18100.0,18100.0
2023-01-24T00:00:00,STANDDOWN,none,18100.0,,18183.9492,1.0,,,,,,,,,,,2023-01-25,18100.0,19000.0
2023-01-25T00:00:00,STANDDOWN,none,18100.0,,18093.3496,0.5,,,,,,,,,,,2023-01-25,18000.0,18100.0
2023-01-27T00:00:00,DTE_HOLD,put,18000.0,,17877.1992,6.0,,,,,,,,,,,2023-02-02,18000.0,19000.0
2023-01-30T00:00:00,STANDDOWN,none,,,17541.9492,3.0,,,,,,,,,,,2023-02-02,17000.0,19000.0
2023-01-31T00:00:00,STANDDOWN,none,,,17731.4492,2.0,,,,,,,,,,,2023-02-02,17000.0,18000.0
2023-02-01T00:00:00,STANDDOWN,none,18000.0,,17811.5996,1.0,,,,,,,,,,,2023-02-02,17000.0,18000.0
2023-02-02T00:00:00,STANDDOWN,none,18000.0,,17517.0996,0.5,,,,,,,,,,,2023-02-02,17000.0,18000.0
2023-02-03T00:00:00,STANDDOWN,none,,,17721.75,6.0,,,,,,,,,,,2023-02-09,16100.0,18500.0
2023-02-06T00:00:00,STANDDOWN,none,,,17818.5508,3.0,,,,,,,,,,,2023-02-09,17600.0,18000.0
2023-02-07T00:00:00,STANDDOWN,none,,,17790.0996,2.0,,,,,,,,,,,2023-02-09,17000.0,18000.0
2023-02-08T00:00:00,STANDDOWN,none,18000.0,,17750.3008,1.0,,,,,,,,,,,2023-02-09,17000.0,18000.0
2023-02-09T00:00:00,STANDDOWN,none,17800.0,,17885.5,0.5,,,,,,,,,,,2023-02-09,17800.0,18000.0
2023-02-10T00:00:00,STANDDOWN,none,,,17847.5508,6.0,,,,,,,,,,,2023-02-16,17800.0,18000.0
2023-02-13T00:00:00,STANDDOWN,none,,,17859.0996,3.0,,,,,,,,,,,2023-02-16,17800.0,18000.0
2023-02-14T00:00:00,STANDDOWN,none,,,17840.3496,2.0,,,,,,,,,,,2023-02-16,17800.0,18000.0
2023-02-15T00:00:00,STANDDOWN,none,17800.0,,17896.5996,1.0,,,,,,,,,,,2023-02-16,17800.0,18200.0
2023-02-16T00:00:00,STANDDOWN,none,18200.0,,18094.75,0.5,,,,,,,,,,,2023-02-16,17800.0,18200.0
2023-02-17T00:00:00,DTE_HOLD,put,18000.0,,17974.8496,6.0,,,,,,,,,,,2023-02-23,18000.0,18100.0
2023-02-20T00:00:00,DTE_HOLD,put,18000.0,,17965.5508,3.0,,,,,,,,,,,2023-02-23,18000.0,18000.0
2023-02-21T00:00:00,STANDDOWN,none,,,17905.8008,2.0,,,,,,,,,,,2023-02-23,17500.0,18000.0
2023-02-22T00:00:00,STANDDOWN,none,18000.0,,17755.3496,1.0,,,,,,,,,,,2023-02-23,17500.0,18000.0
2023-02-23T00:00:00,STANDDOWN,none,17500.0,,17574.6504,0.5,,,,,,,,,,,2023-02-23,17500.0,18000.0
2023-02-24T00:00:00,STANDDOWN,none,,,17591.3496,6.0,,,,,,,,,,,2023-03-02,17500.0,18500.0
2023-02-27T00:00:00,STANDDOWN,none,,,17428.5996,3.0,,,,,,,,,,,2023-03-02,17000.0,17600.0
2023-02-28T00:00:00,STANDDOWN,none,,,17383.25,2.0,,,,,,,,,,,2023-03-02,17000.0,18500.0
2023-03-01T00:00:00,STANDDOWN,none,17400.0,,17360.0996,1.0,,,,,,,,,,,2023-03-02,17000.0,17400.0
2023-03-02T00:00:00,STANDDOWN,none,17400.0,,17421.5,0.5,,,,,,,,,,,2023-03-02,17400.0,17500.0
2023-03-03T00:00:00,STANDDOWN,none,,,17451.25,6.0,,,,,,,,,,,2023-03-09,17000.0,18000.0
2023-03-06T00:00:00,STANDDOWN,none,,,17680.3496,3.0,,,,,,,,,,,2023-03-09,17500.0,18000.0
2023-03-08T00:00:00,STANDDOWN,none,17800.0,,17665.75,1.0,,,,,,,,,,,2023-03-09,17500.0,17800.0
2023-03-09T00:00:00,STANDDOWN,none,17800.0,,17772.0508,0.5,,,,,,,,,,,2023-03-09,17600.0,17800.0
2023-03-10T00:00:00,DTE_HOLD,put,17600.0,,17443.8008,6.0,,,,,,,,,,,2023-03-16,17600.0,17700.0
2023-03-13T00:00:00,STANDDOWN,none,,,17421.9004,3.0,,,,,,,,,,,2023-03-16,17400.0,18000.0
2023-03-14T00:00:00,STANDDOWN,none,,,17160.5508,2.0,,,,,,,,,,,2023-03-16,17000.0,17500.0
2023-03-15T00:00:00,STANDDOWN,none,17000.0,,17166.4492,1.0,,,,,,,,,,,2023-03-16,17000.0,17500.0
2023-03-16T00:00:00,STANDDOWN,none,16800.0,,16994.6504,0.5,,,,,,,,,,,2023-03-16,16800.0,17200.0
2023-03-17T00:00:00,STANDDOWN,none,,,17111.8008,6.0,,,,,,,,,,,2023-03-23,17000.0,17800.0
2023-03-20T00:00:00,STANDDOWN,none,,,17066.5996,3.0,,,,,,,,,,,2023-03-23,17000.0,17800.0
2023-03-21T00:00:00,STANDDOWN,none,,,17060.4004,2.0,,,,,,,,,,,2023-03-23,16900.0,17200.0
2023-03-22T00:00:00,STANDDOWN,none,17000.0,,17177.4492,1.0,,,,,,,,,,,2023-03-23,17000.0,17800.0
2023-03-23T00:00:00,STANDDOWN,none,17000.0,,17097.4004,0.5,,,,,,,,,,,2023-03-23,17000.0,17500.0
2023-03-24T00:00:00,DTE_HOLD,put,17100.0,,17076.1992,5.0,,,,,,,,,,,2023-03-29,17100.0,18000.0
2023-03-27T00:00:00,DTE_HOLD,put,17000.0,,16984.3008,2.0,,,,,,,,,,,2023-03-29,17000.0,18000.0
2023-03-28T00:00:00,STANDDOWN,none,17000.0,,17031.75,1.0,,,,,,,,,,,2023-03-29,17000.0,18000.0
2023-03-29T00:00:00,TRADE,put,17000.0,16850.0,16977.3008,0.5,62.95,9.0,53.95,-10.53,-2.49,10.53,EOD,2382.6,1732.44,50.0,2023-03-29,17000.0,17000.0
2023-03-31T00:00:00,STANDDOWN,none,,,17210.3496,6.0,,,,,,,,,,,2023-04-06,17000.0,17800.0
2023-04-03T00:00:00,STANDDOWN,none,,,17427.9492,3.0,,,,,,,,,,,2023-04-06,17000.0,17700.0
2023-04-05T00:00:00,STANDDOWN,none,17700.0,,17422.3008,1.0,,,,,,,,,,,2023-04-06,17000.0,17700.0
2023-04-06T00:00:00,STANDDOWN,none,17500.0,,17533.8496,0.5,,,,,,,,,,,2023-04-06,17500.0,17700.0
2023-04-10T00:00:00,STANDDOWN,none,,,17634.9004,3.0,,,,,,,,,,,2023-04-13,17500.0,18000.0
2023-04-11T00:00:00,STANDDOWN,none,,,17704.8008,2.0,,,,,,,,,,,2023-04-13,17600.0,18000.0
2023-04-12T00:00:00,STANDDOWN,none,17700.0,,17759.5508,1.0,,,,,,,,,,,2023-04-13,17700.0,18000.0
2023-04-13T00:00:00,STANDDOWN,none,17700.0,,17807.3008,0.5,,,,,,,,,,,2023-04-13,17700.0,18000.0
2023-04-17T00:00:00,STANDDOWN,none,,,17863.0,3.0,,,,,,,,,,,2023-04-20,17800.0,18000.0
2023-04-18T00:00:00,STANDDOWN,none,,,17766.5996,2.0,,,,,,,,,,,2023-04-20,17700.0,18000.0
2023-04-19T00:00:00,STANDDOWN,none,17700.0,,17653.3496,1.0,,,,,,,,,,,2023-04-20,17500.0,17700.0
2023-04-20T00:00:00,STANDDOWN,none,17700.0,,17638.5996,0.5,,,,,,,,,,,2023-04-20,17500.0,17700.0
2023-04-21T00:00:00,DTE_HOLD,put,17700.0,,17639.75,6.0,,,,,,,,,,,2023-04-27,17700.0,18500.0
2023-04-24T00:00:00,DTE_HOLD,call,17700.0,,17707.5508,3.0,,,,,,,,,,,2023-04-27,17000.0,17700.0
2023-04-25T00:00:00,DTE_HOLD,call,17700.0,,17761.5508,2.0,,,,,,,,,,,2023-04-27,17700.0,17700.0
2023-04-26T00:00:00,STANDDOWN,none,17700.0,,17767.3008,1.0,,,,,,,,,,,2023-04-27,17700.0,18000.0
2023-04-27T00:00:00,STANDDOWN,none,17700.0,,17813.0996,0.5,,,,,,,,,,,2023-04-27,17700.0,18000.0
2023-04-28T00:00:00,STANDDOWN,none,,,17950.4004,6.0,,,,,,,,,,,2023-05-04,17800.0,18700.0
2023-05-02T00:00:00,DTE_HOLD,call,18000.0,,18124.80078125,2.0,,,,,,,,,,,2023-05-04,18000.0,18000.0
2023-05-03T00:00:00,STANDDOWN,none,18200.0,,18113.80078125,1.0,,,,,,,,,,,2023-05-04,17800.0,18200.0
2023-05-04T00:00:00,STANDDOWN,none,18000.0,,18081.0,0.5,,,,,,,,,,,2023-05-04,18000.0,18200.0
2023-05-05T00:00:00,DTE_HOLD,put,18200.0,,18117.30078125,6.0,,,,,,,,,,,2023-05-11,18200.0,18200.0
2023-05-08T00:00:00,DTE_HOLD,put,18200.0,,18120.599609375,3.0,,,,,,,,,,,2023-05-11,18200.0,18200.0
2023-05-09T00:00:00,STANDDOWN,none,,,18303.400390625,2.0,,,,,,,,,,,2023-05-11,18200.0,18500.0
2023-05-10T00:00:00,TRADE,call,18300.0,18450.0,18313.599609375,1.0,56.0,9.0,47.0,-0.14,-0.04,0.14,EOD,-406.63,-415.19,50.0,2023-05-11,18200.0,18300.0
2023-05-11T00:00:00,STANDDOWN,none,18500.0,,18357.80078125,0.5,,,,,,,,,,,2023-05-11,18200.0,18500.0
2023-05-12T00:00:00,DTE_HOLD,put,18300.0,,18273.75,6.0,,,,,,,,,,,2023-05-18,18300.0,19000.0
2023-05-15T00:00:00,DTE_HOLD,call,18300.0,,18339.3,3.0,,,,,,,,,,,2023-05-18,18200.0,18300.0
2023-05-16T00:00:00,STANDDOWN,none,,,18432.35,2.0,,,,,,,,,,,2023-05-18,18300.0,18500.0
2023-05-17T00:00:00,STANDDOWN,none,18300.0,,18300.45,1.0,,,,,,,,,,,2023-05-18,18300.0,18400.0
2023-05-18T00:00:00,STANDDOWN,none,18400.0,,18287.5,0.5,,,,,,,,,,,2023-05-18,18000.0,18400.0
2023-05-19T00:00:00,DTE_HOLD,put,18200.0,,18186.15,6.0,,,,,,,,,,,2023-05-25,18200.0,19000.0
2023-05-22T00:00:00,DTE_HOLD,call,18200.0,,18201.1,3.0,,,,,,,,,,,2023-05-25,18200.0,18200.0
2023-05-23T00:00:00,STANDDOWN,none,,,18362.9,2.0,,,,,,,,,,,2023-05-25,18200.0,18500.0
2023-05-24T00:00:00,TRADE,put,18300.0,18150.0,18294.8,1.0,38.65,12.3,26.35,-3.69,-1.12,3.69,EOD,-835.07,-1075.4,50.0,2023-05-25,18300.0,18400.0
2023-05-25T00:00:00,STANDDOWN,none,18200.0,,18268.9,0.5,,,,,,,,,,,2023-05-25,18200.0,18400.0
2023-05-26T00:00:00,STANDDOWN,none,,,18368.35,6.0,,,,,,,,,,,2023-06-01,18300.0,19200.0
2023-05-29T00:00:00,STANDDOWN,none,,,18619.15,3.0,,,,,,,,,,,2023-06-01,18300.0,19000.0
2023-05-30T00:00:00,STANDDOWN,none,,,18606.65,2.0,,,,,,,,,,,2023-06-01,18300.0,18800.0
2023-05-31T00:00:00,STANDDOWN,none,18800.0,,18594.2,1.0,,,,,,,,,,,2023-06-01,18300.0,18800.0
2023-06-01T00:00:00,STANDDOWN,none,18600.0,,18579.4,0.5,,,,,,,,,,,2023-06-01,18500.0,18600.0
2023-06-02T00:00:00,STANDDOWN,none,,,18550.85,6.0,,,,,,,,,,,2023-06-08,18500.0,19500.0
2023-06-05T00:00:00,STANDDOWN,none,,,18612.0,3.0,,,,,,,,,,,2023-06-08,18500.0,19500.0
2023-06-06T00:00:00,STANDDOWN,none,,,18600.8,2.0,,,,,,,,,,,2023-06-08,18500.0,19500.0
2023-06-07T00:00:00,TRADE,call,18600.0,18750.0,18665.6,1.0,66.6,30.55,36.05,-12.18,-4.26,12.18,STOP,-2789.4,-1663.26,50.0,2023-06-08,18500.0,18600.0
2023-06-08T00:00:00,STANDDOWN,none,18600.0,,18725.35,0.5,,,,,,,,,,,2023-06-08,18600.0,18900.0
2023-06-09T00:00:00,DTE_HOLD,put,18700.0,,18655.9,6.0,,,,,,,,,,,2023-06-15,18700.0,18700.0
2023-06-12T00:00:00,DTE_HOLD,put,18700.0,,18595.05,3.0,,,,,,,,,,,2023-06-15,18700.0,18700.0
2023-06-13T00:00:00,STANDDOWN,none,,,18631.8,2.0,,,,,,,,,,,2023-06-15,18600.0,18700.0
2023-06-14T00:00:00,STANDDOWN,none,18700.0,,18744.6,1.0,,,,,,,,,,,2023-06-15,18700.0,18900.0
2023-06-15T00:00:00,STANDDOWN,none,18700.0,,18774.45,0.5,,,,,,,,,,,2023-06-15,18700.0,18900.0
2023-06-16T00:00:00,STANDDOWN,none,,,18723.3,6.0,,,,,,,,,,,2023-06-22,18700.0,18800.0
2023-06-19T00:00:00,DTE_HOLD,call,18800.0,,18873.3,3.0,,,,,,,,,,,2023-06-22,18700.0,18800.0
2023-06-20T00:00:00,STANDDOWN,none,,,18752.35,2.0,,,,,,,,,,,2023-06-22,18700.0,19000.0
2023-06-21T00:00:00,STANDDOWN,none,18700.0,,18849.4,1.0,,,,,,,,,,,2023-06-22,18700.0,19000.0
2023-06-22T00:00:00,STANDDOWN,none,18800.0,,18853.6,0.5,,,,,,,,,,,2023-06-22,18800.0,19000.0
2023-06-23T00:00:00,DTE_HOLD,put,18800.0,,18741.85,6.0,,,,,,,,,,,2023-06-29,18800.0,18800.0
2023-06-26T00:00:00,STANDDOWN,none,,,18682.35,3.0,,,,,,,,,,,2023-06-29,18000.0,18800.0
2023-06-27T00:00:00,STANDDOWN,none,,,18748.55,2.0,,,,,,,,,,,2023-06-29,18700.0,18800.0
2023-06-28T00:00:00,TRADE,call,18900.0,19050.0,18908.15,0.5,25.25,3.0,22.25,-16.15,-1.87,16.15,STOP,-1836.4,368.33,50.0,2023-06-28,18700.0,18900.0
2023-06-30T00:00:00,STANDDOWN,none,,,19076.85,6.0,,,,,,,,,,,2023-07-06,18900.0,19500.0
2023-07-03T00:00:00,STANDDOWN,none,,,19246.5,3.0,,,,,,,,,,,2023-07-06,19000.0,19500.0
2023-07-04T00:00:00,STANDDOWN,none,,,19406.6,2.0,,,,,,,,,,,2023-07-06,19300.0,19500.0
2023-07-05T00:00:00,TRADE,call,19400.0,19550.0,19405.95,1.0,52.05,10.2,41.85,-11.96,-3.15,11.96,EOD,-146.32,-900.77,50.0,2023-07-06,19300.0,19400.0
2023-07-06T00:00:00,STANDDOWN,none,19300.0,,19385.7,0.5,,,,,,,,,,,2023-07-06,19300.0,19500.0
2023-07-07T00:00:00,STANDDOWN,none,,,19422.8,6.0,,,,,,,,,,,2023-07-13,19400.0,19500.0
2023-07-10T00:00:00,DTE_HOLD,call,19400.0,,19400.35,3.0,,,,,,,,,,,2023-07-13,19400.0,19400.0
2023-07-11T00:00:00,STANDDOWN,none,,,19427.1,2.0,,,,,,,,,,,2023-07-13,19400.0,19500.0
2023-07-12T00:00:00,STANDDOWN,none,19500.0,,19497.45,1.0,,,,,,,,,,,2023-07-13,19400.0,19500.0
2023-07-13T00:00:00,STANDDOWN,none,19500.0,,19495.2,0.5,,,,,,,,,,,2023-07-13,19300.0,19500.0
2023-07-14T00:00:00,DTE_HOLD,put,19500.0,,19493.45,6.0,,,,,,,,,,,2023-07-20,19500.0,19500.0
2023-07-17T00:00:00,STANDDOWN,none,,,19612.15,3.0,,,,,,,,,,,2023-07-20,19500.0,20000.0
2023-07-18T00:00:00,STANDDOWN,none,,,19787.5,2.0,,,,,,,,,,,2023-07-20,19600.0,20000.0
2023-07-19T00:00:00,STANDDOWN,none,20000.0,,19802.95,1.0,,,,,,,,,,,2023-07-20,19600.0,20000.0
2023-07-20T00:00:00,STANDDOWN,none,19800.0,,19831.7,0.5,,,,,,,,,,,2023-07-20,19800.0,20000.0
2023-07-21T00:00:00,STANDDOWN,none,,,19800.45,6.0,,,,,,,,,,,2023-07-27,19800.0,20000.0
2023-07-24T00:00:00,STANDDOWN,none,,,19748.45,3.0,,,,,,,,,,,2023-07-27,19000.0,19900.0
2023-07-25T00:00:00,STANDDOWN,none,,,19729.35,2.0,,,,,,,,,,,2023-07-27,19000.0,19800.0
2023-07-26T00:00:00,STANDDOWN,none,19800.0,,19733.35,1.0,,,,,,,,,,,2023-07-27,19500.0,19800.0
2023-07-27T00:00:00,STANDDOWN,none,20000.0,,19850.9,0.5,,,,,,,,,,,2023-07-27,19700.0,20000.0
2023-07-28T00:00:00,DTE_HOLD,put,19800.0,,19659.75,6.0,,,,,,,,,,,2023-08-03,19800.0,19800.0
2023-07-31T00:00:00,STANDDOWN,none,,,19666.35,3.0,,,,,,,,,,,2023-08-03,19600.0,19800.0
2023-08-01T00:00:00,STANDDOWN,none,,,19784.0,2.0,,,,,,,,,,,2023-08-03,19600.0,19800.0
2023-08-02T00:00:00,STANDDOWN,none,19600.0,,19655.4,1.0,,,,,,,,,,,2023-08-03,19600.0,19800.0
2023-08-03T00:00:00,TRADE,put,19500.0,19350.0,19463.75,0.5,75.0,12.0,63.0,-12.97,-3.54,12.97,STOP,-5017.06,-3810.2,50.0,2023-08-03,19500.0,19800.0
2023-08-04T00:00:00,STANDDOWN,none,,,19462.8,6.0,,,,,,,,,,,2023-08-10,18000.0,20000.0
2023-08-07T00:00:00,STANDDOWN,none,,,19576.85,3.0,,,,,,,,,,,2023-08-10,19400.0,19600.0
2023-08-08T00:00:00,STANDDOWN,none,,,19627.2,2.0,,,,,,,,,,,2023-08-10,19500.0,20000.0
2023-08-09T00:00:00,STANDDOWN,none,19600.0,,19578.8,1.0,,,,,,,,,,,2023-08-10,19500.0,19600.0
2023-08-10T00:00:00,STANDDOWN,none,19500.0,,19605.55,0.5,,,,,,,,,,,2023-08-10,19500.0,19800.0
2023-08-11T00:00:00,STANDDOWN,none,,,19554.25,6.0,,,,,,,,,,,2023-08-17,19500.0,19600.0
2023-08-14T00:00:00,DTE_HOLD,put,19400.0,,19383.95,3.0,,,,,,,,,,,2023-08-17,19400.0,19600.0
2023-08-16T00:00:00,TRADE,put,19400.0,19250.0,19369.0,1.0,61.0,20.0,41.0,6.76,2.49,6.76,EOD,821.59,359.44,50.0,2023-08-17,19400.0,19600.0
2023-08-17T00:00:00,STANDDOWN,none,19600.0,,19450.55,0.5,,,,,,,,,,,2023-08-17,19300.0,19600.0
2023-08-18T00:00:00,STANDDOWN,none,,,19301.75,6.0,,,,,,,,,,,2023-08-24,19300.0,19400.0
2023-08-21T00:00:00,STANDDOWN,none,,,19320.65,3.0,,,,,,,,,,,2023-08-24,19300.0,19400.0
2023-08-22T00:00:00,DTE_HOLD,call,19400.0,,19417.1,2.0,,,,,,,,,,,2023-08-24,19300.0,19400.0
2023-08-23T00:00:00,TRADE,call,19400.0,19550.0,19439.2,1.0,50.05,9.05,41.0,-13.97,-2.83,13.97,EOD,-913.47,1165.04,50.0,2023-08-24,19300.0,19400.0
2023-08-24T00:00:00,TRADE,call,19500.0,19650.0,19535.15,0.5,40.05,3.0,37.05,-0.83,-0.08,0.83,TARGET,1627.3,1624.72,50.0,2023-08-24,19300.0,19500.0
2023-08-25T00:00:00,STANDDOWN,none,,,19297.4,6.0,,,,,,,,,,,2023-08-31,19000.0,19500.0
2023-08-28T00:00:00,STANDDOWN,none,,,19298.35,3.0,,,,,,,,,,,2023-08-31,19000.0,19500.0
2023-08-29T00:00:00,STANDDOWN,none,,,19374.85,2.0,,,,,,,,,,,2023-08-31,19300.0,19500.0
2023-08-30T00:00:00,STANDDOWN,none,19500.0,,19433.45,1.0,,,,,,,,,,,2023-08-31,19300.0,19500.0
2023-08-31T00:00:00,STANDDOWN,none,19300.0,,19375.55,0.5,,,,,,,,,,,2023-08-31,19300.0,19500.0
2023-09-01T00:00:00,STANDDOWN,none,,,19258.15,6.0,,,,,,,,,,,2023-09-07,19200.0,19400.0
2023-09-04T00:00:00,STANDDOWN,none,,,19525.05,3.0,,,,,,,,,,,2023-09-07,19300.0,19600.0
2023-09-05T00:00:00,STANDDOWN,none,,,19564.65,2.0,,,,,,,,,,,2023-09-07,19400.0,19700.0
2023-09-06T00:00:00,STANDDOWN,none,19600.0,,19581.2,1.0,,,,,,,,,,,2023-09-07,19500.0,19600.0
2023-09-07T00:00:00,STANDDOWN,none,19500.0,,19598.65,0.5,,,,,,,,,,,2023-09-07,19500.0,19700.0
2023-09-08T00:00:00,STANDDOWN,none,,,19774.8,6.0,,,,,,,,,,,2023-09-14,19600.0,20000.0
2023-09-11T00:00:00,STANDDOWN,none,,,19890.0,3.0,,,,,,,,,,,2023-09-14,19600.0,20000.0
2023-09-12T00:00:00,DTE_HOLD,call,20000.0,,20110.15,2.0,,,,,,,,,,,2023-09-14,19900.0,20000.0
2023-09-13T00:00:00,STANDDOWN,none,19900.0,,19989.5,1.0,,,,,,,,,,,2023-09-14,19900.0,20100.0
2023-09-14T00:00:00,TRADE,call,20100.0,20250.0,20127.95,0.5,51.0,5.35,45.65,1.86,0.34,1.86,TARGET,2241.38,2145.16,50.0,2023-09-14,19900.0,20100.0
2023-09-15T00:00:00,STANDDOWN,none,,,20156.45,6.0,,,,,,,,,,,2023-09-21,20000.0,20200.0
2023-09-18T00:00:00,STANDDOWN,none,,,20155.95,3.0,,,,,,,,,,,2023-09-21,20100.0,20200.0
2023-09-20T00:00:00,TRADE,put,20100.0,19950.0,19980.75,1.0,89.0,33.75,55.25,-1.08,-11.22,11.22,EOD,-3370.55,-3461.89,50.0,2023-09-21,20100.0,20200.0
2023-09-21T00:00:00,TRADE,put,19900.0,19750.0,19840.55,0.5,65.0,10.95,54.05,15.79,3.94,15.79,STOP,-4675.43,-2663.17,50.0,2023-09-21,19900.0,20000.0
2023-09-22T00:00:00,STANDDOWN,none,,,19744.85,6.0,,,,,,,,,,,2023-09-28,19000.0,20000.0
2023-09-25T00:00:00,STANDDOWN,none,,,19678.2,3.0,,,,,,,,,,,2023-09-28,19000.0,19800.0
2023-09-26T00:00:00,STANDDOWN,none,,,19682.8,2.0,,,,,,,,,,,2023-09-28,19000.0,19800.0
2023-09-27T00:00:00,STANDDOWN,none,19800.0,,19637.05,1.0,,,,,,,,,,,2023-09-28,19000.0,19800.0
2023-09-28T00:00:00,STANDDOWN,none,19800.0,,19761.8,0.5,,,,,,,,,,,2023-09-28,19600.0,19800.0
2023-09-29T00:00:00,STANDDOWN,none,,,19581.2,6.0,,,,,,,,,,,2023-10-05,19500.0,19700.0
2023-10-03T00:00:00,STANDDOWN,none,,,19622.4,2.0,,,,,,,,,,,2023-10-05,19600.0,19800.0
2023-10-04T00:00:00,TRADE,put,19500.0,19350.0,19446.3,1.0,76.1,23.0,53.1,30.66,12.46,30.66,EOD,-837.92,-1517.5,50.0,2023-10-05,19500.0,19700.0
2023-10-05T00:00:00,STANDDOWN,none,19600.0,,19521.85,0.5,,,,,,,,,,,2023-10-05,19400.0,19600.0
2023-10-06T00:00:00,DTE_HOLD,call,19600.0,,19621.2,6.0,,,,,,,,,,,2023-10-12,19500.0,19600.0
2023-10-09T00:00:00,STANDDOWN,none,,,19539.45,3.0,,,,,,,,,,,2023-10-12,19500.0,20000.0
2023-10-10T00:00:00,STANDDOWN,none,,,19565.6,2.0,,,,,,,,,,,2023-10-12,19500.0,19800.0
2023-10-11T00:00:00,STANDDOWN,none,19600.0,,19767.0,1.0,,,,,,,,,,,2023-10-12,19600.0,20000.0
2023-10-12T00:00:00,STANDDOWN,none,20000.0,,19822.7,0.5,,,,,,,,,,,2023-10-12,19600.0,20000.0
2023-10-13T00:00:00,DTE_HOLD,put,19800.0,,19654.55,6.0,,,,,,,,,,,2023-10-19,19800.0,19800.0
2023-10-16T00:00:00,STANDDOWN,none,,,19737.25,3.0,,,,,,,,,,,2023-10-19,19700.0,19800.0
2023-10-17T00:00:00,DTE_HOLD,call,19800.0,,19843.2,2.0,,,,,,,,,,,2023-10-19,19700.0,19800.0
2023-10-18T00:00:00,STANDDOWN,none,19700.0,,19820.45,1.0,,,,,,,,,,,2023-10-19,19700.0,20000.0
2023-10-19T00:00:00,TRADE,put,19600.0,19450.0,19545.2,0.5,49.75,6.0,43.75,12.22,0.94,12.22,TARGET,3108.39,2836.32,50.0,2023-10-19,19600.0,19800.0
2023-10-20T00:00:00,STANDDOWN,none,,,19542.15,6.0,,,,,,,,,,,2023-10-26,19500.0,19800.0
2023-10-23T00:00:00,STANDDOWN,none,,,19521.6,3.0,,,,,,,,,,,2023-10-26,19000.0,20000.0
2023-10-25T00:00:00,STANDDOWN,none,19000.0,,19286.45,1.0,,,,,,,,,,,2023-10-26,19000.0,19600.0
2023-10-26T00:00:00,STANDDOWN,none,19000.0,,19027.25,0.5,,,,,,,,,,,2023-10-26,19000.0,19500.0
2023-10-27T00:00:00,STANDDOWN,none,,,18928.75,6.0,,,,,,,,,,,2023-11-02,17600.0,21000.0
2023-10-30T00:00:00,STANDDOWN,none,,,19053.4,3.0,,,,,,,,,,,2023-11-02,19000.0,19200.0
2023-10-31T00:00:00,STANDDOWN,none,,,19232.95,2.0,,,,,,,,,,,2023-11-02,19000.0,19500.0
2023-11-01T00:00:00,STANDDOWN,none,19000.0,,19064.05,1.0,,,,,,,,,,,2023-11-02,19000.0,19200.0
2023-11-02T00:00:00,TRADE,call,19100.0,19250.0,19120.0,0.5,45.05,4.5,40.55,14.23,2.6,14.23,EOD,67.59,-1936.52,50.0,2023-11-02,18800.0,19100.0
2023-11-03T00:00:00,DTE_HOLD,call,19200.0,,19241.0,6.0,,,,,,,,,,,2023-11-09,18000.0,19200.0
2023-11-06T00:00:00,DTE_HOLD,call,19300.0,,19345.85,3.0,,,,,,,,,,,2023-11-09,19200.0,19300.0
2023-11-07T00:00:00,STANDDOWN,none,,,19404.05,2.0,,,,,,,,,,,2023-11-09,19300.0,19500.0
2023-11-08T00:00:00,STANDDOWN,none,19500.0,,19449.6,1.0,,,,,,,,,,,2023-11-09,19300.0,19500.0
2023-11-09T00:00:00,STANDDOWN,none,19500.0,,19457.4,0.5,,,,,,,,,,,2023-11-09,19300.0,19500.0
2023-11-10T00:00:00,DTE_HOLD,put,19400.0,,19351.85,6.0,,,,,,,,,,,2023-11-16,19400.0,19500.0
2023-11-13T00:00:00,STANDDOWN,none,,,19486.75,3.0,,,,,,,,,,,2023-11-16,19400.0,19500.0
2023-11-15T00:00:00,TRADE,call,19500.0,19650.0,19651.4,1.0,100.0,41.0,59.0,13.89,-16.33,16.33,EOD,-3502.58,-2299.05,50.0,2023-11-16,19400.0,19500.0
2023-11-16T00:00:00,STANDDOWN,none,19600.0,,19674.7,0.5,,,,,,,,,,,2023-11-16,19600.0,19800.0
2023-11-17T00:00:00,DTE_HOLD,put,19700.0,,19674.75,6.0,,,,,,,,,,,2023-11-23,19700.0,19900.0
2023-11-20T00:00:00,STANDDOWN,none,,,19731.15,3.0,,,,,,,,,,,2023-11-23,19700.0,19900.0
2023-11-21T00:00:00,STANDDOWN,none,,,19770.9,2.0,,,,,,,,,,,2023-11-23,19000.0,19800.0
2023-11-22T00:00:00,STANDDOWN,none,19800.0,,19784.0,1.0,,,,,,,,,,,2023-11-23,19700.0,19800.0
2023-11-23T00:00:00,STANDDOWN,none,19800.0,,19828.45,0.5,,,,,,,,,,,2023-11-23,19800.0,19900.0
2023-11-24T00:00:00,STANDDOWN,none,,,19809.6,6.0,,,,,,,,,,,2023-11-30,19800.0,20000.0
2023-11-28T00:00:00,STANDDOWN,none,,,19844.65,2.0,,,,,,,,,,,2023-11-30,19800.0,19900.0
2023-11-29T00:00:00,STANDDOWN,none,20000.0,,19976.55,1.0,,,,,,,,,,,2023-11-30,19800.0,20000.0
2023-11-30T00:00:00,STANDDOWN,none,20200.0,,20108.5,0.5,,,,,,,,,,,2023-11-30,20000.0,20200.0
2023-12-01T00:00:00,STANDDOWN,none,,,20194.1,6.0,,,,,,,,,,,2023-12-07,20000.0,21000.0
2023-12-04T00:00:00,STANDDOWN,none,,,20601.95,3.0,,,,,,,,,,,2023-12-07,20000.0,21000.0
2023-12-05T00:00:00,STANDDOWN,none,,,20808.9,2.0,,,,,,,,,,,2023-12-07,20500.0,21000.0
2023-12-06T00:00:00,STANDDOWN,none,21000.0,,20950.75,1.0,,,,,,,,,,,2023-12-07,20700.0,21000.0
2023-12-07T00:00:00,STANDDOWN,none,21000.0,,20932.4,0.5,,,,,,,,,,,2023-12-07,20800.0,21000.0
2023-12-08T00:00:00,STANDDOWN,none,,,20934.1,6.0,,,,,,,,,,,2023-12-14,20000.0,21000.0
2023-12-11T00:00:00,STANDDOWN,none,,,20965.3,3.0,,,,,,,,,,,2023-12-14,20000.0,21000.0
2023-12-12T00:00:00,DTE_HOLD,call,21000.0,,21018.55,2.0,,,,,,,,,,,2023-12-14,20900.0,21000.0
2023-12-13T00:00:00,STANDDOWN,none,20900.0,,20929.75,1.0,,,,,,,,,,,2023-12-14,20900.0,21000.0
2023-12-14T00:00:00,TRADE,call,21000.0,21150.0,21110.4,0.5,125.0,18.8,106.2,-1.44,-0.58,1.44,EOD,-2455.39,-2556.34,50.0,2023-12-14,20500.0,21000.0
2023-12-15T00:00:00,STANDDOWN,none,,,21287.45,6.0,,,,,,,,,,,2023-12-21,20500.0,22000.0
2023-12-18T00:00:00,STANDDOWN,none,,,21434.8,3.0,,,,,,,,,,,2023-12-21,21300.0,22000.0
2023-12-19T00:00:00,STANDDOWN,none,,,21477.65,2.0,,,,,,,,,,,2023-12-21,21300.0,21500.0
2023-12-20T00:00:00,TRADE,call,21500.0,21650.0,21543.5,1.0,66.6,26.0,40.6,12.9,5.19,12.9,TARGET,1841.31,915.07,50.0,2023-12-21,21400.0,21500.0
2023-12-21T00:00:00,STANDDOWN,none,21000.0,,21033.95,0.5,,,,,,,,,,,2023-12-21,21000.0,21500.0
2023-12-22T00:00:00,STANDDOWN,none,,,21295.85,6.0,,,,,,,,,,,2023-12-28,21000.0,22000.0
2023-12-26T00:00:00,STANDDOWN,none,,,21365.2,2.0,,,,,,,,,,,2023-12-28,21000.0,22000.0
2023-12-27T00:00:00,STANDDOWN,none,21300.0,,21497.65,1.0,,,,,,,,,,,2023-12-28,21300.0,22000.0
2023-12-28T00:00:00,STANDDOWN,none,21500.0,,21715.0,0.5,,,,,,,,,,,2023-12-28,21500.0,22000.0
2023-12-29T00:00:00,STANDDOWN,none,,,21737.65,6.0,,,,,,,,,,,2024-01-04,21500.0,22500.0
2024-01-01T00:00:00,STANDDOWN,none,,,21727.75,3.0,,,,,,,,,,,2024-01-04,21500.0,22000.0
2024-01-02T00:00:00,STANDDOWN,none,,,21751.35,2.0,,,,,,,,,,,2024-01-04,21700.0,22000.0
2024-01-03T00:00:00,STANDDOWN,none,21800.0,,21661.1,1.0,,,,,,,,,,,2024-01-04,21000.0,21800.0
2024-01-04T00:00:00,STANDDOWN,none,21500.0,,21605.8,0.5,,,,,,,,,,,2024-01-04,21500.0,22000.0
2024-01-05T00:00:00,STANDDOWN,none,,,21705.75,6.0,,,,,,,,,,,2024-01-11,21000.0,22500.0
2024-01-08T00:00:00,STANDDOWN,none,,,21747.6,3.0,,,,,,,,,,,2024-01-11,21000.0,22500.0
2024-01-09T00:00:00,STANDDOWN,none,,,21653.6,2.0,,,,,,,,,,,2024-01-11,21000.0,21700.0
2024-01-10T00:00:00,STANDDOWN,none,21700.0,,21529.3,1.0,,,,,,,,,,,2024-01-11,21000.0,21700.0
2024-01-11T00:00:00,STANDDOWN,none,21800.0,,21688.0,0.5,,,,,,,,,,,2024-01-11,21500.0,21800.0
2024-01-12T00:00:00,DTE_HOLD,call,21700.0,,21773.55,6.0,,,,,,,,,,,2024-01-18,21000.0,21700.0
2024-01-15T00:00:00,STANDDOWN,none,,,22053.15,3.0,,,,,,,,,,,2024-01-18,21700.0,22500.0
2024-01-16T00:00:00,STANDDOWN,none,,,22080.5,2.0,,,,,,,,,,,2024-01-18,19650.0,22500.0
2024-01-17T00:00:00,TRADE,put,22000.0,21850.0,21647.25,1.0,250.0,137.0,113.0,-96.78,-112.58,112.58,EOD,-1697.44,-7132.98,50.0,2024-01-18,22000.0,22500.0
2024-01-18T00:00:00,STANDDOWN,none,21800.0,,21414.2,0.5,,,,,,,,,,,2024-01-18,21000.0,21800.0
2024-01-19T00:00:00,STANDDOWN,none,,,21615.2,6.0,,,,,,,,,,,2024-01-25,21000.0,22000.0
2024-01-23T00:00:00,STANDDOWN,none,,,21716.7,2.0,,,,,,,,,,,2024-01-25,20500.0,22500.0
2024-01-24T00:00:00,STANDDOWN,none,20500.0,,21185.25,1.0,,,,,,,,,,,2024-01-25,20500.0,22000.0
2024-01-25T00:00:00,STANDDOWN,none,21000.0,,21454.6,0.5,,,,,,,,,,,2024-01-25,21000.0,22000.0
2024-01-29T00:00:00,STANDDOWN,none,,,21433.1,3.0,,,,,,,,,,,2024-02-01,20000.0,22500.0
2024-01-30T00:00:00,STANDDOWN,none,,,21775.75,2.0,,,,,,,,,,,2024-02-01,21500.0,22500.0
2024-01-31T00:00:00,STANDDOWN,none,21000.0,,21487.25,1.0,,,,,,,,,,,2024-02-01,21000.0,22500.0
2024-02-01T00:00:00,STANDDOWN,none,21500.0,,21780.65,0.5,,,,,,,,,,,2024-02-01,21500.0,22500.0
2024-02-02T00:00:00,STANDDOWN,none,,,21812.75,6.0,,,,,,,,,,,2024-02-08,21700.0,22000.0
2024-02-05T00:00:00,STANDDOWN,none,,,21921.05,3.0,,,,,,,,,,,2024-02-08,21000.0,23000.0
2024-02-06T00:00:00,STANDDOWN,none,,,21825.2,2.0,,,,,,,,,,,2024-02-08,21000.0,22000.0
2024-02-07T00:00:00,STANDDOWN,none,22500.0,,22045.05,1.0,,,,,,,,,,,2024-02-08,21000.0,22500.0
2024-02-08T00:00:00,STANDDOWN,none,21900.0,,22009.65,0.5,,,,,,,,,,,2024-02-08,21900.0,22300.0
2024-02-09T00:00:00,STANDDOWN,none,,,21727.0,6.0,,,,,,,,,,,2024-02-15,21000.0,22000.0
2024-02-12T00:00:00,STANDDOWN,none,,,21800.8,3.0,,,,,,,,,,,2024-02-15,21500.0,22000.0
2024-02-13T00:00:00,STANDDOWN,none,,,21664.3,2.0,,,,,,,,,,,2024-02-15,21000.0,22000.0
2024-02-14T00:00:00,STANDDOWN,none,22000.0,,21578.15,1.0,,,,,,,,,,,2024-02-15,21000.0,22000.0
2024-02-15T00:00:00,STANDDOWN,none,22000.0,,21906.55,0.5,,,,,,,,,,,2024-02-15,21000.0,22000.0
2024-02-16T00:00:00,DTE_HOLD,call,22000.0,,22020.3,6.0,,,,,,,,,,,2024-02-22,21000.0,22000.0
2024-02-19T00:00:00,STANDDOWN,none,,,22103.45,3.0,,,,,,,,,,,2024-02-22,21000.0,23000.0
2024-02-20T00:00:00,STANDDOWN,none,,,22099.2,2.0,,,,,,,,,,,2024-02-22,22000.0,23000.0
2024-02-21T00:00:00,STANDDOWN,none,22000.0,,22248.85,1.0,,,,,,,,,,,2024-02-22,22000.0,23000.0
2024-02-22T00:00:00,STANDDOWN,none,22500.0,,22081.55,0.5,,,,,,,,,,,2024-02-22,21500.0,22500.0
2024-02-23T00:00:00,STANDDOWN,none,,,22290.0,6.0,,,,,,,,,,,2024-02-29,21000.0,23000.0
2024-02-26T00:00:00,STANDDOWN,none,,,22169.2,3.0,,,,,,,,,,,2024-02-29,21000.0,23000.0
2024-02-27T00:00:00,STANDDOWN,none,,,22090.2,2.0,,,,,,,,,,,2024-02-29,21000.0,23000.0
2024-02-28T00:00:00,STANDDOWN,none,21500.0,,22214.1,1.0,,,,,,,,,,,2024-02-29,21500.0,23000.0
2024-02-29T00:00:00,STANDDOWN,none,22200.0,,21935.2,0.5,,,,,,,,,,,2024-02-29,21500.0,22200.0
2024-03-01T00:00:00,STANDDOWN,none,,,22048.3,6.0,,,,,,,,,,,2024-03-07,21000.0,23000.0
2024-03-04T00:00:00,STANDDOWN,none,,,22403.5,3.0,,,,,,,,,,,2024-03-07,22000.0,23000.0
2024-03-05T00:00:00,STANDDOWN,none,,,22371.25,2.0,,,,,,,,,,,2024-03-07,22200.0,23000.0
2024-03-06T00:00:00,STANDDOWN,none,22200.0,,22327.5,1.0,,,,,,,,,,,2024-03-07,22200.0,23000.0
2024-03-07T00:00:00,STANDDOWN,none,23000.0,,22505.3,0.5,,,,,,,,,,,2024-03-07,22000.0,23000.0
2024-03-11T00:00:00,DTE_HOLD,call,22500.0,,22517.5,3.0,,,,,,,,,,,2024-03-14,22400.0,22500.0
2024-03-12T00:00:00,STANDDOWN,none,,,22334.45,2.0,,,,,,,,,,,2024-03-14,21500.0,23000.0
2024-03-13T00:00:00,STANDDOWN,none,22500.0,,22446.75,1.0,,,,,,,,,,,2024-03-14,22000.0,22500.0
2024-03-14T00:00:00,STANDDOWN,none,21700.0,,21982.55,0.5,,,,,,,,,,,2024-03-14,21700.0,22500.0
2024-03-15T00:00:00,STANDDOWN,none,,,22064.85,6.0,,,,,,,,,,,2024-03-21,22000.0,23000.0
2024-03-18T00:00:00,STANDDOWN,none,,,21990.1,3.0,,,,,,,,,,,2024-03-21,21000.0,23000.0
2024-03-19T00:00:00,STANDDOWN,none,,,21946.45,2.0,,,,,,,,,,,2024-03-21,21000.0,23000.0
2024-03-20T00:00:00,STANDDOWN,none,22000.0,,21843.9,1.0,,,,,,,,,,,2024-03-21,21000.0,22000.0
2024-03-21T00:00:00,STANDDOWN,none,22000.0,,21989.9,0.5,,,,,,,,,,,2024-03-21,21500.0,22000.0
2024-03-22T00:00:00,DTE_HOLD,put,22000.0,,21932.2,6.0,,,,,,,,,,,2024-03-28,22000.0,23000.0
2024-03-26T00:00:00,DTE_HOLD,put,22000.0,,21947.9,2.0,,,,,,,,,,,2024-03-28,22000.0,23000.0
2024-03-27T00:00:00,STANDDOWN,none,22000.0,,22053.95,1.0,,,,,,,,,,,2024-03-28,22000.0,22500.0
2024-03-28T00:00:00,STANDDOWN,none,22000.0,,22163.6,0.5,,,,,,,,,,,2024-03-28,22000.0,22500.0
2024-04-01T00:00:00,STANDDOWN,none,,,22455.0,3.0,,,,,,,,,,,2024-04-04,22000.0,22500.0
2024-04-02T00:00:00,STANDDOWN,none,,,22458.8,2.0,,,,,,,,,,,2024-04-04,22300.0,22500.0
2024-04-03T00:00:00,STANDDOWN,none,22000.0,,22385.7,1.0,,,,,,,,,,,2024-04-04,22000.0,23000.0
2024-04-04T00:00:00,TRADE,call,22500.0,22650.0,22592.1,0.5,79.0,23.65,55.35,2.07,-3.39,3.39,TARGET,3886.72,3757.1,50.0,2024-04-04,22000.0,22500.0
2024-04-05T00:00:00,DTE_HOLD,put,22500.0,,22486.4,5.0,,,,,,,,,,,2024-04-10,22500.0,23000.0
2024-04-08T00:00:00,STANDDOWN,none,,,22580.25,2.0,,,,,,,,,,,2024-04-10,22500.0,23000.0
2024-04-09T00:00:00,STANDDOWN,none,23000.0,,22760.0,1.0,,,,,,,,,,,2024-04-10,22500.0,23000.0
2024-04-10T00:00:00,STANDDOWN,none,22500.0,,22721.25,0.5,,,,,,,,,,,2024-04-10,22500.0,23000.0
2024-04-12T00:00:00,STANDDOWN,none,,,22677.4,6.0,,,,,,,,,,,2024-04-18,21800.0,23200.0
2024-04-15T00:00:00,STANDDOWN,none,,,22356.7,3.0,,,,,,,,,,,2024-04-18,22200.0,22700.0
2024-04-16T00:00:00,STANDDOWN,none,,,22125.3,2.0,,,,,,,,,,,2024-04-18,22000.0,22700.0
2024-04-18T00:00:00,STANDDOWN,none,22000.0,,22212.35,0.5,,,,,,,,,,,2024-04-18,22000.0,22500.0
2024-04-19T00:00:00,DTE_HOLD,put,22000.0,,21861.5,6.0,,,,,,,,,,,2024-04-25,22000.0,23000.0
2024-04-22T00:00:00,STANDDOWN,none,,,22336.9,3.0,,,,,,,,,,,2024-04-25,22000.0,23000.0
2024-04-23T00:00:00,STANDDOWN,none,,,22447.05,2.0,,,,,,,,,,,2024-04-25,22000.0,23000.0
2024-04-24T00:00:00,STANDDOWN,none,22000.0,,22421.55,1.0,,,,,,,,,,,2024-04-25,22000.0,23000.0
2024-04-25T00:00:00,STANDDOWN,none,22500.0,,22316.9,0.5,,,,,,,,,,,2024-04-25,22000.0,22500.0
2024-04-26T00:00:00,STANDDOWN,none,,,22620.4,6.0,,,,,,,,,,,2024-05-02,21500.0,23500.0
2024-04-29T00:00:00,STANDDOWN,none,,,22475.55,3.0,,,,,,,,,,,2024-05-02,21500.0,23500.0
2024-04-30T00:00:00,STANDDOWN,none,,,22679.65,2.0,,,,,,,,,,,2024-05-02,22500.0,23000.0
2024-05-02T00:00:00,STANDDOWN,none,23000.0,,22567.85,0.5,,,,,,,,,,,2024-05-02,22000.0,23000.0
2024-05-03T00:00:00,STANDDOWN,none,,,22766.35,6.0,,,,,,,,,,,2024-05-09,22000.0,23500.0
2024-05-06T00:00:00,STANDDOWN,none,,,22561.6,3.0,,,,,,,,,,,2024-05-09,22000.0,22800.0
2024-05-07T00:00:00,STANDDOWN,none,,,22489.75,2.0,,,,,,,,,,,2024-05-09,22000.0,23000.0
2024-05-08T00:00:00,STANDDOWN,none,22000.0,,22231.19921875,1.0,,,,,,,,,,,2024-05-09,22000.0,23000.0
2024-05-09T00:00:00,STANDDOWN,none,22000.0,,22224.80078125,0.5,,,,,,,,,,,2024-05-09,22000.0,22800.0
2024-05-10T00:00:00,STANDDOWN,none,,,21990.94921875,6.0,,,,,,,,,,,2024-05-16,21000.0,23000.0
2024-05-13T00:00:00,STANDDOWN,none,,,22027.94921875,3.0,,,,,,,,,,,2024-05-16,21000.0,23000.0
2024-05-14T00:00:00,STANDDOWN,none,,,22112.900390625,2.0,,,,,,,,,,,2024-05-16,21000.0,23000.0
2024-05-15T00:00:00,STANDDOWN,none,22000.0,,22255.599609375,1.0,,,,,,,,,,,2024-05-16,22000.0,23000.0
2024-05-16T00:00:00,STANDDOWN,none,22500.0,,22319.19921875,0.5,,,,,,,,,,,2024-05-16,22000.0,22500.0
2024-05-17T00:00:00,STANDDOWN,none,,,22415.25,6.0,,,,,,,,,,,2024-05-23,20200.0,23000.0
2024-05-21T00:00:00,STANDDOWN,none,,,22404.55078125,2.0,,,,,,,,,,,2024-05-23,21500.0,23000.0
2024-05-22T00:00:00,STANDDOWN,none,22500.0,,22576.599609375,1.0,,,,,,,,,,,2024-05-23,22500.0,23000.0
2024-05-23T00:00:00,STANDDOWN,none,23000.0,,22614.099609375,0.5,,,,,,,,,,,2024-05-23,22000.0,23000.0
2024-05-24T00:00:00,STANDDOWN,none,,,22930.75,6.0,,,,,,,,,,,2024-05-30,21000.0,24000.0
2024-05-27T00:00:00,STANDDOWN,none,,,23038.94921875,3.0,,,,,,,,,,,2024-05-30,23000.0,24000.0
2024-05-28T00:00:00,DTE_HOLD,put,23000.0,,22977.150390625,2.0,,,,,,,,,,,2024-05-30,23000.0,24000.0
2024-05-29T00:00:00,STANDDOWN,none,22500.0,,22762.75,1.0,,,,,,,,,,,2024-05-30,22500.0,24000.0
2024-05-30T00:00:00,STANDDOWN,none,22000.0,,22617.44921875,0.5,,,,,,,,,,,2024-05-30,22000.0,23500.0
2024-05-31T00:00:00,STANDDOWN,none,,,22568.099609375,6.0,,,,,,,,,,,2024-06-06,21000.0,24000.0
2024-06-03T00:00:00,DTE_HOLD,call,23000.0,,23337.9,3.0,,,,,,,,,,,2024-06-06,20200.0,23000.0
2024-06-04T00:00:00,STANDDOWN,none,,,23179.5,2.0,,,,,,,,,,,2024-06-06,20200.0,24700.0
2024-06-05T00:00:00,STANDDOWN,none,20200.0,,22128.349609375,1.0,,,,,,,,,,,2024-06-06,20200.0,24700.0
2024-06-06T00:00:00,STANDDOWN,none,24000.0,,22798.599609375,0.5,,,,,,,,,,,2024-06-06,20200.0,24000.0
2024-06-07T00:00:00,STANDDOWN,none,,,22821.849609375,6.0,,,,,,,,,,,2024-06-13,20200.0,24000.0
2024-06-10T00:00:00,STANDDOWN,none,,,23319.150390625,3.0,,,,,,,,,,,2024-06-13,23000.0,24000.0
2024-06-11T00:00:00,STANDDOWN,none,,,23283.75,2.0,,,,,,,,,,,2024-06-13,23000.0,24000.0
2024-06-12T00:00:00,STANDDOWN,none,24000.0,,23344.44921875,1.0,,,,,,,,,,,2024-06-13,22500.0,24000.0
2024-06-13T00:00:00,STANDDOWN,none,23000.0,,23480.94921875,0.5,,,,,,,,,,,2024-06-13,23000.0,24000.0
2024-06-14T00:00:00,STANDDOWN,none,,,23464.94921875,6.0,,,,,,,,,,,2024-06-20,22500.0,24000.0
2024-06-18T00:00:00,STANDDOWN,none,,,23570.80078125,2.0,,,,,,,,,,,2024-06-20,23400.0,24000.0
2024-06-19T00:00:00,STANDDOWN,none,24000.0,,23629.849609375,1.0,,,,,,,,,,,2024-06-20,23000.0,24000.0
2024-06-20T00:00:00,STANDDOWN,none,24000.0,,23586.150390625,0.5,,,,,,,,,,,2024-06-20,23000.0,24000.0
2024-06-21T00:00:00,STANDDOWN,none,,,23661.150390625,6.0,,,,,,,,,,,2024-06-27,23000.0,24000.0
2024-06-24T00:00:00,STANDDOWN,none,,,23382.30078125,3.0,,,,,,,,,,,2024-06-27,23000.0,24000.0
2024-06-25T00:00:00,STANDDOWN,none,,,23577.099609375,2.0,,,,,,,,,,,2024-06-27,23000.0,24000.0
2024-06-26T00:00:00,STANDDOWN,none,24000.0,,23723.099609375,1.0,,,,,,,,,,,2024-06-27,23000.0,24000.0
2024-06-27T00:00:00,STANDDOWN,none,24000.0,,23881.55078125,0.5,,,,,,,,,,,2024-06-27,23000.0,24000.0
2024-06-28T00:00:00,STANDDOWN,none,,,24085.900390625,6.0,,,,,,,,,,,2024-07-04,24000.0,25000.0
2024-07-01T00:00:00,STANDDOWN,none,,,23992.94921875,3.0,,,,,,,,,,,2024-07-04,23000.0,25000.0
2024-07-02T00:00:00,STANDDOWN,none,,,24228.75,2.0,,,,,,,,,,,2024-07-04,24000.0,25000.0
2024-07-03T00:00:00,STANDDOWN,none,24000.0,,24291.75,1.0,,,,,,,,,,,2024-07-04,24000.0,25000.0
2024-07-04T00:00:00,STANDDOWN,none,24000.0,,24369.94921875,0.5,,,,,,,,,,,2024-07-04,24000.0,25000.0
2024-07-05T00:00:00,STANDDOWN,none,,,24213.349609375,6.0,,,,,,,,,,,2024-07-11,23000.0,25000.0
2024-07-08T00:00:00,STANDDOWN,none,,,24329.44921875,3.0,,,,,,,,,,,2024-07-11,24000.0,25000.0
2024-07-09T00:00:00,STANDDOWN,none,,,24351.0,2.0,,,,,,,,,,,2024-07-11,24000.0,25000.0
2024-07-10T00:00:00,STANDDOWN,none,24000.0,,24459.849609375,1.0,,,,,,,,,,,2024-07-11,24000.0,25000.0
2024-07-11T00:00:00,STANDDOWN,none,24500.0,,24396.55078125,0.5,,,,,,,,,,,2024-07-11,24000.0,24500.0
2024-07-12T00:00:00,STANDDOWN,none,,,24387.94921875,6.0,,,,,,,,,,,2024-07-18,23500.0,25000.0
2024-07-15T00:00:00,STANDDOWN,none,,,24587.6,3.0,,,,,,,,,,,2024-07-18,24000.0,25000.0
2024-07-16T00:00:00,STANDDOWN,none,,,24615.900390625,2.0,,,,,,,,,,,2024-07-18,24500.0,25000.0
2024-07-18T00:00:00,STANDDOWN,none,25000.0,,24543.80078125,0.5,,,,,,,,,,,2024-07-18,24000.0,25000.0
2024-07-19T00:00:00,STANDDOWN,none,,,24853.80078125,6.0,,,,,,,,,,,2024-07-25,24000.0,25500.0
2024-07-22T00:00:00,STANDDOWN,none,,,24445.75,3.0,,,,,,,,,,,2024-07-25,23500.0,25500.0
2024-07-23T00:00:00,STANDDOWN,none,,,24568.900390625,2.0,,,,,,,,,,,2024-07-25,24000.0,25500.0
2024-07-24T00:00:00,STANDDOWN,none,24000.0,,24444.94921875,1.0,,,,,,,,,,,2024-07-25,24000.0,25000.0
2024-07-25T00:00:00,STANDDOWN,none,24000.0,,24230.94921875,0.5,,,,,,,,,,,2024-07-25,24000.0,25000.0
2024-07-26T00:00:00,STANDDOWN,none,,,24423.349609375,6.0,,,,,,,,,,,2024-08-01,24000.0,25000.0
2024-07-29T00:00:00,STANDDOWN,none,,,24943.30078125,3.0,,,,,,,,,,,2024-08-01,21750.0,25000.0
2024-07-30T00:00:00,STANDDOWN,none,,,24839.400390625,2.0,,,,,,,,,,,2024-08-01,24000.0,25500.0
2024-07-31T00:00:00,STANDDOWN,none,25500.0,,24886.69921875,1.0,,,,,,,,,,,2024-08-01,24000.0,25500.0
2024-08-01T00:00:00,STANDDOWN,none,25500.0,,25030.94921875,0.5,,,,,,,,,,,2024-08-01,24500.0,25500.0
2024-08-02T00:00:00,STANDDOWN,none,,,24789.0,6.0,,,,,,,,,,,2024-08-08,24000.0,26000.0
2024-08-05T00:00:00,STANDDOWN,none,,,24302.849609375,3.0,,,,,,,,,,,2024-08-08,24000.0,26000.0
2024-08-06T00:00:00,STANDDOWN,none,,,24189.849609375,2.0,,,,,,,,,,,2024-08-08,24000.0,26000.0
2024-08-07T00:00:00,STANDDOWN,none,25000.0,,24289.400390625,1.0,,,,,,,,,,,2024-08-08,22300.0,25000.0
2024-08-08T00:00:00,STANDDOWN,none,24000.0,,24248.55078125,0.5,,,,,,,,,,,2024-08-08,24000.0,25000.0
2024-08-09T00:00:00,STANDDOWN,none,,,24386.849609375,5.0,,,,,,,,,,,2024-08-14,23000.0,25000.0
2024-08-12T00:00:00,STANDDOWN,none,,,24320.05078125,2.0,,,,,,,,,,,2024-08-14,23000.0,25000.0
2024-08-13T00:00:00,STANDDOWN,none,25000.0,,24342.349609375,1.0,,,,,,,,,,,2024-08-14,23500.0,25000.0
2024-08-14T00:00:00,STANDDOWN,none,23500.0,,24184.400390625,0.5,,,,,,,,,,,2024-08-14,23500.0,25000.0
2024-08-16T00:00:00,STANDDOWN,none,,,24334.849609375,6.0,,,,,,,,,,,2024-08-22,23000.0,25000.0
2024-08-19T00:00:00,STANDDOWN,none,,,24636.349609375,3.0,,,,,,,,,,,2024-08-22,23000.0,25000.0
2024-08-20T00:00:00,STANDDOWN,none,,,24648.900390625,2.0,,,,,,,,,,,2024-08-22,24000.0,25000.0
2024-08-21T00:00:00,STANDDOWN,none,25000.0,,24680.55078125,1.0,,,,,,,,,,,2024-08-22,24300.0,25000.0
2024-08-22T00:00:00,STANDDOWN,none,25000.0,,24863.400390625,0.5,,,,,,,,,,,2024-08-22,24500.0,25000.0
2024-08-23T00:00:00,STANDDOWN,none,,,24845.400390625,6.0,,,,,,,,,,,2024-08-29,24000.0,26000.0
2024-08-26T00:00:00,STANDDOWN,none,,,24906.099609375,3.0,,,,,,,,,,,2024-08-29,24000.0,26000.0
2024-08-27T00:00:00,STANDDOWN,none,,,25024.80078125,2.0,,,,,,,,,,,2024-08-29,24000.0,26000.0
2024-08-28T00:00:00,TRADE,call,25000.0,25150.0,25030.80078125,1.0,76.65,25.0,51.65,6.35,2.72,6.35,EOD,-513.8,-740.35,25.0,2024-08-29,25000.0,25000.0
2024-08-29T00:00:00,STANDDOWN,none,25000.0,,25035.30078125,0.5,,,,,,,,,,,2024-08-29,25000.0,25500.0
2024-08-30T00:00:00,STANDDOWN,none,,,25249.69921875,6.0,,,,,,,,,,,2024-09-05,25000.0,26000.0
2024-09-02T00:00:00,STANDDOWN,none,,,25333.599609375,3.0,,,,,,,,,,,2024-09-05,25000.0,26000.0
2024-09-03T00:00:00,STANDDOWN,none,,,25313.400390625,2.0,,,,,,,,,,,2024-09-05,25000.0,26000.0
2024-09-04T00:00:00,STANDDOWN,none,25000.0,,25089.94921875,1.0,,,,,,,,,,,2024-09-05,25000.0,26000.0
2024-09-05T00:00:00,STANDDOWN,none,25300.0,,25250.5,0.5,,,,,,,,,,,2024-09-05,25000.0,25300.0
2024-09-06T00:00:00,STANDDOWN,none,,,25093.69921875,6.0,,,,,,,,,,,2024-09-12,25000.0,26000.0
2024-09-09T00:00:00,STANDDOWN,none,,,24823.400390625,3.0,,,,,,,,,,,2024-09-12,22350.0,26000.0
2024-09-10T00:00:00,STANDDOWN,none,,,24999.400390625,2.0,,,,,,,,,,,2024-09-12,24000.0,26000.0
2024-09-11T00:00:00,STANDDOWN,none,24600.0,,25034.0,1.0,,,,,,,,,,,2024-09-12,24600.0,26000.0
2024-09-12T00:00:00,TRADE,call,25000.0,25150.0,25059.650390625,0.5,64.0,17.3,46.7,-32.16,-8.12,32.16,TARGET,1063.24,476.44,25.0,2024-09-12,24500.0,25000.0
2024-09-13T00:00:00,STANDDOWN,none,,,25430.44921875,6.0,,,,,,,,,,,2024-09-19,24500.0,26000.0
2024-09-16T00:00:00,STANDDOWN,none,,,25406.650390625,3.0,,,,,,,,,,,2024-09-19,25000.0,26000.0
2024-09-17T00:00:00,STANDDOWN,none,,,25416.900390625,2.0,,,,,,,,,,,2024-09-19,25000.0,26000.0
2024-09-18T00:00:00,STANDDOWN,none,25000.0,,25402.400390625,1.0,,,,,,,,,,,2024-09-19,25000.0,26000.0
2024-09-19T00:00:00,STANDDOWN,none,25000.0,,25487.05078125,0.5,,,,,,,,,,,2024-09-19,25000.0,26000.0
2024-09-20T00:00:00,STANDDOWN,none,,,25525.94921875,6.0,,,,,,,,,,,2024-09-26,25000.0,27000.0
2024-09-23T00:00:00,STANDDOWN,none,,,25872.55078125,3.0,,,,,,,,,,,2024-09-26,25000.0,27000.0
2024-09-24T00:00:00,STANDDOWN,none,,,25921.44921875,2.0,,,,,,,,,,,2024-09-26,25000.0,27000.0
2024-09-25T00:00:00,STANDDOWN,none,25000.0,,25899.44921875,1.0,,,,,,,,,,,2024-09-26,25000.0,27000.0
2024-09-26T00:00:00,STANDDOWN,none,27000.0,,26005.400390625,0.5,,,,,,,,,,,2024-09-26,25000.0,27000.0
2024-09-27T00:00:00,STANDDOWN,none,,,26248.25,6.0,,,,,,,,,,,2024-10-03,25000.0,27500.0
2024-09-30T00:00:00,STANDDOWN,none,,,26061.30078125,3.0,,,,,,,,,,,2024-10-03,25000.0,27000.0
2024-10-01T00:00:00,STANDDOWN,none,,,25788.44921875,2.0,,,,,,,,,,,2024-10-03,23050.0,26000.0
2024-10-03T00:00:00,STANDDOWN,none,26000.0,,25452.849609375,0.5,,,,,,,,,,,2024-10-03,23050.0,26000.0
2024-10-04T00:00:00,STANDDOWN,none,,,25181.900390625,6.0,,,,,,,,,,,2024-10-10,23100.0,27950.0
2024-10-07T00:00:00,STANDDOWN,none,,,25084.099609375,3.0,,,,,,,,,,,2024-10-10,23100.0,27950.0
2024-10-08T00:00:00,STANDDOWN,none,,,24832.19921875,2.0,,,,,,,,,,,2024-10-10,23100.0,27950.0
2024-10-09T00:00:00,STANDDOWN,none,23100.0,,25065.80078125,1.0,,,,,,,,,,,2024-10-10,23100.0,27950.0
2024-10-10T00:00:00,STANDDOWN,none,25500.0,,25067.05078125,0.5,,,,,,,,,,,2024-10-10,24000.0,25500.0
2024-10-11T00:00:00,DTE_HOLD,put,25000.0,,24985.30078125,6.0,,,,,,,,,,,2024-10-17,25000.0,26000.0
2024-10-14T00:00:00,STANDDOWN,none,,,25023.44921875,3.0,,,,,,,,,,,2024-10-17,25000.0,26000.0
2024-10-15T00:00:00,STANDDOWN,none,,,25186.30078125,2.0,,,,,,,,,,,2024-10-17,25000.0,26000.0
2024-10-16T00:00:00,STANDDOWN,none,25000.0,,25008.55078125,1.0,,,,,,,,,,,2024-10-17,25000.0,25200.0
2024-10-17T00:00:00,STANDDOWN,none,25500.0,,25027.400390625,0.5,,,,,,,,,,,2024-10-17,24500.0,25500.0
2024-10-18T00:00:00,STANDDOWN,none,,,24664.94921875,6.0,,,,,,,,,,,2024-10-24,23500.0,26000.0
2024-10-21T00:00:00,STANDDOWN,none,,,24956.150390625,3.0,,,,,,,,,,,2024-10-24,24000.0,26000.0
2024-10-22T00:00:00,STANDDOWN,none,,,24798.650390625,2.0,,,,,,,,,,,2024-10-24,24000.0,25000.0
2024-10-23T00:00:00,STANDDOWN,none,24000.0,,24378.150390625,1.0,,,,,,,,,,,2024-10-24,24000.0,25000.0
2024-10-24T00:00:00,STANDDOWN,none,24000.0,,24412.69921875,0.5,,,,,,,,,,,2024-10-24,24000.0,25000.0
2024-10-25T00:00:00,DTE_HOLD,put,24500.0,,24418.05078125,6.0,,,,,,,,,,,2024-10-31,24500.0,25000.0
2024-10-28T00:00:00,STANDDOWN,none,,,24251.099609375,3.0,,,,,,,,,,,2024-10-31,23000.0,25000.0
2024-10-29T00:00:00,STANDDOWN,none,,,24328.849609375,2.0,,,,,,,,,,,2024-10-31,24000.0,25000.0
2024-10-30T00:00:00,STANDDOWN,none,24000.0,,24371.44921875,1.0,,,,,,,,,,,2024-10-31,24000.0,25000.0
2024-10-31T00:00:00,STANDDOWN,none,24000.0,,24349.849609375,0.5,,,,,,,,,,,2024-10-31,24000.0,25000.0
2024-11-04T00:00:00,STANDDOWN,none,,,24315.75,3.0,,,,,,,,,,,2024-11-07,22450.0,27000.0
2024-11-05T00:00:00,STANDDOWN,none,,,23916.5,2.0,,,,,,,,,,,2024-11-07,22450.0,27000.0
2024-11-06T00:00:00,STANDDOWN,none,22450.0,,24308.75,1.0,,,,,,,,,,,2024-11-07,22450.0,27000.0
2024-11-07T00:00:00,STANDDOWN,none,24000.0,,24489.599609375,0.5,,,,,,,,,,,2024-11-07,24000.0,27000.0
2024-11-08T00:00:00,STANDDOWN,none,,,24207.69921875,6.0,,,,,,,,,,,2024-11-14,22250.0,26900.0
2024-11-11T00:00:00,STANDDOWN,none,,,24087.25,3.0,,,,,,,,,,,2024-11-14,22250.0,25000.0
2024-11-12T00:00:00,STANDDOWN,none,,,24225.80078125,2.0,,,,,,,,,,,2024-11-14,22250.0,26900.0
2024-11-13T00:00:00,STANDDOWN,none,22250.0,,23822.44921875,1.0,,,,,,,,,,,2024-11-14,22250.0,26900.0
2024-11-14T00:00:00,STANDDOWN,none,23000.0,,23542.150390625,0.5,,,,,,,,,,,2024-11-14,23000.0,26900.0
2024-11-18T00:00:00,STANDDOWN,none,,,23605.30078125,3.0,,,,,,,,,,,2024-11-21,22500.0,26500.0
2024-11-19T00:00:00,STANDDOWN,none,,,23529.55078125,2.0,,,,,,,,,,,2024-11-21,21800.0,24000.0
2024-11-21T00:00:00,STANDDOWN,none,23000.0,,23488.44921875,0.5,,,,,,,,,,,2024-11-21,23000.0,24000.0
2024-11-22T00:00:00,STANDDOWN,none,,,23411.80078125,6.0,,,,,,,,,,,2024-11-28,21700.0,24000.0
2024-11-25T00:00:00,STANDDOWN,none,,,24253.55078125,3.0,,,,,,,,,,,2024-11-28,21700.0,25000.0
2024-11-26T00:00:00,STANDDOWN,none,,,24343.30078125,2.0,,,,,,,,,,,2024-11-28,22500.0,25000.0
2024-11-27T00:00:00,STANDDOWN,none,25000.0,,24204.80078125,1.0,,,,,,,,,,,2024-11-28,23000.0,25000.0
2024-11-28T00:00:00,STANDDOWN,none,24000.0,,24274.150390625,0.5,,,,,,,,,,,2024-11-28,24000.0,25000.0
2024-11-29T00:00:00,STANDDOWN,none,,,23927.150390625,6.0,,,,,,,,,,,2024-12-05,23500.0,26000.0
2024-12-02T00:00:00,STANDDOWN,none,,,24140.849609375,3.0,,,,,,,,,,,2024-12-05,23000.0,25000.0
2024-12-03T00:00:00,STANDDOWN,none,,,24367.5,2.0,,,,,,,,,,,2024-12-05,23000.0,25000.0
2024-12-04T00:00:00,STANDDOWN,none,25000.0,,24488.75,1.0,,,,,,,,,,,2024-12-05,23500.0,25000.0
2024-12-05T00:00:00,STANDDOWN,none,25000.0,,24539.150390625,0.5,,,,,,,,,,,2024-12-05,23500.0,25000.0
2024-12-06T00:00:00,STANDDOWN,none,,,24729.44921875,6.0,,,,,,,,,,,2024-12-12,21600.0,26000.0
2024-12-09T00:00:00,STANDDOWN,none,,,24633.900390625,3.0,,,,,,,,,,,2024-12-12,21600.0,26200.0
2024-12-10T00:00:00,STANDDOWN,none,,,24652.650390625,2.0,,,,,,,,,,,2024-12-12,21600.0,26000.0
2024-12-11T00:00:00,STANDDOWN,none,24000.0,,24620.5,1.0,,,,,,,,,,,2024-12-12,24000.0,26000.0
2024-12-12T00:00:00,STANDDOWN,none,25000.0,,24604.44921875,0.5,,,,,,,,,,,2024-12-12,24000.0,25000.0
2024-12-13T00:00:00,STANDDOWN,none,,,24498.349609375,6.0,,,,,,,,,,,2024-12-19,23000.0,26000.0
2024-12-16T00:00:00,STANDDOWN,none,,,24753.400390625,3.0,,,,,,,,,,,2024-12-19,24500.0,26000.0
2024-12-17T00:00:00,STANDDOWN,none,,,24584.80078125,2.0,,,,,,,,,,,2024-12-19,24000.0,26000.0
2024-12-18T00:00:00,STANDDOWN,none,23900.0,,24297.94921875,1.0,,,,,,,,,,,2024-12-19,23900.0,25000.0
2024-12-19T00:00:00,TRADE,put,24000.0,23850.0,23877.150390625,0.5,105.0,75.05,29.95,-23.94,-17.45,23.94,TARGET,2080.9,1342.84,75.0,2024-12-19,24000.0,25500.0
2024-12-20T00:00:00,DTE_HOLD,put,24000.0,,23960.69921875,6.0,,,,,,,,,,,2024-12-26,24000.0,25000.0
2024-12-23T00:00:00,STANDDOWN,none,,,23738.19921875,3.0,,,,,,,,,,,2024-12-26,23000.0,25000.0
2024-12-24T00:00:00,STANDDOWN,none,,,23769.099609375,2.0,,,,,,,,,,,2024-12-26,23500.0,25000.0
2024-12-26T00:00:00,STANDDOWN,none,24000.0,,23775.80078125,0.5,,,,,,,,,,,2024-12-26,22000.0,24000.0
2024-12-27T00:00:00,STANDDOWN,none,,,23801.400390625,6.0,,,,,,,,,,,2025-01-02,21600.0,26500.0
2024-12-30T00:00:00,STANDDOWN,none,,,23796.900390625,3.0,,,,,,,,,,,2025-01-02,21600.0,25000.0
2024-12-31T00:00:00,STANDDOWN,none,,,23560.599609375,2.0,,,,,,,,,,,2025-01-02,21600.0,25000.0
2025-01-01T00:00:00,STANDDOWN,none,24500.0,,23637.650390625,1.0,,,,,,,,,,,2025-01-02,21600.0,24500.0
2025-01-02T00:00:00,STANDDOWN,none,24500.0,,23783.0,0.5,,,,,,,,,,,2025-01-02,23000.0,24500.0
2025-01-03T00:00:00,STANDDOWN,none,,,24196.400390625,6.0,,,,,,,,,,,2025-01-09,21850.0,26500.0
2025-01-06T00:00:00,STANDDOWN,none,,,24045.80078125,3.0,,,,,,,,,,,2025-01-09,21850.0,26500.0
2025-01-07T00:00:00,STANDDOWN,none,,,23679.900390625,2.0,,,,,,,,,,,2025-01-09,21850.0,25000.0
2025-01-08T00:00:00,STANDDOWN,none,23000.0,,23746.650390625,1.0,,,,,,,,,,,2025-01-09,23000.0,24500.0
2025-01-09T00:00:00,STANDDOWN,none,24000.0,,23674.75,0.5,,,,,,,,,,,2025-01-09,23000.0,24000.0
2025-01-10T00:00:00,STANDDOWN,none,,,23551.900390625,6.0,,,,,,,,,,,2025-01-16,22500.0,26500.0
2025-01-13T00:00:00,STANDDOWN,none,,,23195.400390625,3.0,,,,,,,,,,,2025-01-16,22000.0,24500.0
2025-01-14T00:00:00,STANDDOWN,none,,,23165.900390625,2.0,,,,,,,,,,,2025-01-16,22000.0,26500.0
2025-01-15T00:00:00,STANDDOWN,none,23000.0,,23250.44921875,1.0,,,,,,,,,,,2025-01-16,23000.0,24000.0
2025-01-16T00:00:00,TRADE,call,23300.0,23450.0,23377.25,0.5,70.55,20.35,50.2,-29.87,-9.19,29.87,TARGET,3613.77,1684.47,75.0,2025-01-16,23200.0,23300.0
2025-01-17T00:00:00,STANDDOWN,none,,,23277.099609375,6.0,,,,,,,,,,,2025-01-23,22000.0,24500.0
2025-01-20T00:00:00,STANDDOWN,none,,,23290.400390625,3.0,,,,,,,,,,,2025-01-23,22000.0,24000.0
2025-01-21T00:00:00,STANDDOWN,none,,,23421.650390625,2.0,,,,,,,,,,,2025-01-23,22000.0,24000.0
2025-01-22T00:00:00,STANDDOWN,none,24000.0,,23099.150390625,1.0,,,,,,,,,,,2025-01-23,22000.0,24000.0
2025-01-23T00:00:00,STANDDOWN,none,23000.0,,23128.30078125,0.5,,,,,,,,,,,2025-01-23,23000.0,23500.0
2025-01-24T00:00:00,STANDDOWN,none,,,23183.900390625,6.0,,,,,,,,,,,2025-01-30,22000.0,24000.0
2025-01-27T00:00:00,STANDDOWN,none,,,22940.150390625,3.0,,,,,,,,,,,2025-01-30,22000.0,24000.0
2025-01-28T00:00:00,STANDDOWN,none,,,22960.44921875,2.0,,,,,,,,,,,2025-01-30,22000.0,24000.0
2025-01-29T00:00:00,STANDDOWN,none,24000.0,,23026.75,1.0,,,,,,,,,,,2025-01-30,22000.0,24000.0
2025-01-30T00:00:00,STANDDOWN,none,23000.0,,23169.5,0.5,,,,,,,,,,,2025-01-30,23000.0,24000.0
2025-01-31T00:00:00,STANDDOWN,none,,,23296.75,6.0,,,,,,,,,,,2025-02-06,21100.0,25950.0
2025-02-03T00:00:00,STANDDOWN,none,,,23319.349609375,3.0,,,,,,,,,,,2025-02-06,21100.0,25950.0
2025-02-04T00:00:00,STANDDOWN,none,,,23509.900390625,2.0,,,,,,,,,,,2025-02-06,21100.0,24000.0
2025-02-05T00:00:00,STANDDOWN,none,24000.0,,23801.75,1.0,,,,,,,,,,,2025-02-06,23000.0,24000.0
2025-02-06T00:00:00,STANDDOWN,none,24000.0,,23761.94921875,0.5,,,,,,,,,,,2025-02-06,23000.0,24000.0
2025-02-07T00:00:00,STANDDOWN,none,,,23649.5,6.0,,,,,,,,,,,2025-02-13,22500.0,25500.0
2025-02-10T00:00:00,STANDDOWN,none,,,23543.80078125,3.0,,,,,,,,,,,2025-02-13,22500.0,25500.0
2025-02-11T00:00:00,STANDDOWN,none,,,23383.55078125,2.0,,,,,,,,,,,2025-02-13,22500.0,25500.0
2025-02-12T00:00:00,STANDDOWN,none,22500.0,,23050.80078125,1.0,,,,,,,,,,,2025-02-13,22500.0,24000.0
2025-02-13T00:00:00,STANDDOWN,none,22500.0,,23055.75,0.5,,,,,,,,,,,2025-02-13,22500.0,24000.0
2025-02-14T00:00:00,STANDDOWN,none,,,23096.44921875,6.0,,,,,,,,,,,2025-02-20,22000.0,24000.0
2025-02-17T00:00:00,STANDDOWN,none,,,22809.900390625,3.0,,,,,,,,,,,2025-02-20,22000.0,25500.0
2025-02-18T00:00:00,STANDDOWN,none,,,22963.650390625,2.0,,,,,,,,,,,2025-02-20,22000.0,24000.0
2025-02-19T00:00:00,STANDDOWN,none,23500.0,,22847.25,1.0,,,,,,,,,,,2025-02-20,22000.0,23500.0
2025-02-20T00:00:00,STANDDOWN,none,22500.0,,22821.099609375,0.5,,,,,,,,,,,2025-02-20,22500.0,23500.0
2025-02-21T00:00:00,STANDDOWN,none,,,22857.19921875,6.0,,,,,,,,,,,2025-02-27,22000.0,26500.0
2025-02-24T00:00:00,STANDDOWN,none,,,22609.35,3.0,,,,,,,,,,,2025-02-27,22000.0,24000.0
2025-02-25T00:00:00,STANDDOWN,none,,,22516.44921875,2.0,,,,,,,,,,,2025-02-27,22500.0,23000.0
2025-02-27T00:00:00,TRADE,put,22600.0,22450.0,22568.94921875,0.5,59.0,14.2,44.8,-6.27,-1.88,6.27,EOD,-725.36,-1335.64,75.0,2025-02-27,22600.0,22700.0
2025-02-28T00:00:00,DTE_HOLD,put,22500.0,,22433.400390625,6.0,,,,,,,,,,,2025-03-06,22500.0,25500.0
2025-03-03T00:00:00,STANDDOWN,none,,,22194.55078125,3.0,,,,,,,,,,,2025-03-06,20800.0,22500.0
2025-03-04T00:00:00,STANDDOWN,none,,,21974.44921875,2.0,,,,,,,,,,,2025-03-06,20800.0,23000.0
2025-03-05T00:00:00,STANDDOWN,none,22500.0,,22073.05078125,1.0,,,,,,,,,,,2025-03-06,21500.0,22500.0
2025-03-06T00:00:00,STANDDOWN,none,22600.0,,22476.349609375,0.5,,,,,,,,,,,2025-03-06,22000.0,22600.0
2025-03-07T00:00:00,STANDDOWN,none,,,22508.650390625,6.0,,,,,,,,,,,2025-03-13,21000.0,23000.0
2025-03-10T00:00:00,STANDDOWN,none,,,22521.849609375,3.0,,,,,,,,,,,2025-03-13,21500.0,23100.0
2025-03-11T00:00:00,STANDDOWN,none,,,22345.94921875,2.0,,,,,,,,,,,2025-03-13,22000.0,23000.0
2025-03-12T00:00:00,STANDDOWN,none,22200.0,,22536.349609375,1.0,,,,,,,,,,,2025-03-13,22200.0,23000.0
2025-03-13T00:00:00,STANDDOWN,none,23000.0,,22541.5,0.5,,,,,,,,,,,2025-03-13,22000.0,23000.0
2025-03-17T00:00:00,STANDDOWN,none,,,22353.150390625,3.0,,,,,,,,,,,2025-03-20,22000.0,23500.0
2025-03-18T00:00:00,STANDDOWN,none,,,22662.25,2.0,,,,,,,,,,,2025-03-20,22000.0,23500.0
2025-03-19T00:00:00,STANDDOWN,none,23000.0,,22874.94921875,1.0,,,,,,,,,,,2025-03-20,22500.0,23000.0
2025-03-20T00:00:00,STANDDOWN,none,23300.0,,23036.599609375,0.5,,,,,,,,,,,2025-03-20,22500.0,23300.0
2025-03-21T00:00:00,STANDDOWN,none,,,23168.25,6.0,,,,,,,,,,,2025-03-27,22000.0,24000.0
2025-03-24T00:00:00,STANDDOWN,none,,,23515.400390625,3.0,,,,,,,,,,,2025-03-27,23000.0,24000.0
2025-03-25T00:00:00,STANDDOWN,none,,,23752.85,2.0,,,,,,,,,,,2025-03-27,22500.0,25000.0
2025-03-26T00:00:00,STANDDOWN,none,23000.0,,23700.94921875,1.0,,,,,,,,,,,2025-03-27,23000.0,25000.0
2025-03-27T00:00:00,STANDDOWN,none,23000.0,,23433.94921875,0.5,,,,,,,,,,,2025-03-27,23000.0,24000.0
2025-03-28T00:00:00,STANDDOWN,none,,,23600.400390625,6.0,,,,,,,,,,,2025-04-03,22500.0,25400.0
2025-04-01T00:00:00,STANDDOWN,none,,,23341.099609375,2.0,,,,,,,,,,,2025-04-03,22500.0,25400.0
2025-04-02T00:00:00,STANDDOWN,none,22500.0,,23192.599609375,1.0,,,,,,,,,,,2025-04-03,22500.0,25400.0
2025-04-03T00:00:00,STANDDOWN,none,23000.0,,23150.30078125,0.5,,,,,,,,,,,2025-04-03,23000.0,23500.0
2025-04-04T00:00:00,STANDDOWN,none,,,23190.400390625,5.0,,,,,,,,,,,2025-04-09,23000.0,25400.0
2025-04-07T00:00:00,DTE_HOLD,put,22000.0,,21758.400390625,2.0,,,,,,,,,,,2025-04-09,22000.0,25400.0
2025-04-08T00:00:00,STANDDOWN,none,20650.0,,22446.75,1.0,,,,,,,,,,,2025-04-09,20650.0,25400.0
2025-04-09T00:00:00,STANDDOWN,none,23500.0,,22460.30078125,0.5,,,,,,,,,,,2025-04-09,21000.0,23500.0
2025-04-11T00:00:00,STANDDOWN,none,,,22695.400390625,6.0,,,,,,,,,,,2025-04-17,20400.0,25400.0
2025-04-15T00:00:00,STANDDOWN,none,,,23368.349609375,2.0,,,,,,,,,,,2025-04-17,20400.0,25400.0
2025-04-16T00:00:00,STANDDOWN,none,23300.0,,23344.099609375,1.0,,,,,,,,,,,2025-04-17,23300.0,24000.0
2025-04-17T00:00:00,STANDDOWN,none,23000.0,,23401.849609375,0.5,,,,,,,,,,,2025-04-17,23000.0,24000.0
2025-04-21T00:00:00,STANDDOWN,none,,,23949.150390625,3.0,,,,,,,,,,,2025-04-24,23500.0,25500.0
2025-04-22T00:00:00,STANDDOWN,none,,,24185.400390625,2.0,,,,,,,,,,,2025-04-24,23000.0,25500.0
2025-04-23T00:00:00,STANDDOWN,none,25500.0,,24357.599609375,1.0,,,,,,,,,,,2025-04-24,23000.0,25500.0
2025-04-24T00:00:00,STANDDOWN,none,24000.0,,24277.900390625,0.5,,,,,,,,,,,2025-04-24,24000.0,25000.0
2025-04-25T00:00:00,STANDDOWN,none,,,24289.0,5.0,,,,,,,,,,,2025-04-30,24000.0,25500.0
2025-04-28T00:00:00,STANDDOWN,none,,,24070.25,2.0,,,,,,,,,,,2025-04-30,23500.0,25000.0
2025-04-29T00:00:00,STANDDOWN,none,24000.0,,24370.69921875,1.0,,,,,,,,,,,2025-04-30,24000.0,25000.0
2025-04-30T00:00:00,STANDDOWN,none,24300.0,,24342.05,0.5,,,,,,,,,,,2025-04-30,24300.0,24500.0
2025-05-02T00:00:00,STANDDOWN,none,,,24311.900390625,6.0,,,,,,,,,,,2025-05-08,22000.0,26100.0
2025-05-05T00:00:00,STANDDOWN,none,,,24419.5,3.0,,,,,,,,,,,2025-05-08,24000.0,26000.0
2025-05-06T00:00:00,STANDDOWN,none,,,24500.75,2.0,,,,,,,,,,,2025-05-08,24000.0,26000.0
2025-05-07T00:00:00,STANDDOWN,none,24000.0,,24233.30078125,1.0,,,,,,,,,,,2025-05-08,24000.0,24500.0
2025-05-08T00:00:00,STANDDOWN,none,24500.0,,24431.5,0.5,,,,,,,,,,,2025-05-08,24300.0,24500.0
2025-05-09T00:00:00,STANDDOWN,none,,,23935.75,6.0,,,,,,,,,,,2025-05-15,22000.0,26000.0
2025-05-12T00:00:00,STANDDOWN,none,,,24420.099609375,3.0,,,,,,,,,,,2025-05-15,20650.0,26000.0
2025-05-13T00:00:00,STANDDOWN,none,,,24864.05,2.0,,,,,,,,,,,2025-05-15,23000.0,26000.0
2025-05-14T00:00:00,STANDDOWN,none,24000.0,,24613.80078125,1.0,,,,,,,,,,,2025-05-15,24000.0,26000.0
2025-05-15T00:00:00,STANDDOWN,none,25000.0,,24694.44921875,0.5,,,,,,,,,,,2025-05-15,24000.0,25000.0
2025-05-16T00:00:00,STANDDOWN,none,,,25064.650390625,6.0,,,,,,,,,,,2025-05-22,23000.0,26000.0
2025-05-19T00:00:00,STANDDOWN,none,,,25005.35,3.0,,,,,,,,,,,2025-05-22,25000.0,26000.0
2025-05-20T00:00:00,STANDDOWN,none,,,24996.19921875,2.0,,,,,,,,,,,2025-05-22,24000.0,26000.0
2025-05-21T00:00:00,STANDDOWN,none,25000.0,,24744.25,1.0,,,,,,,,,,,2025-05-22,24000.0,25000.0
2025-05-22T00:00:00,STANDDOWN,none,24000.0,,24733.94921875,0.5,,,,,,,,,,,2025-05-22,24000.0,25500.0
2025-05-23T00:00:00,STANDDOWN,none,,,24639.5,6.0,,,,,,,,,,,2025-05-29,24000.0,26000.0
2025-05-26T00:00:00,STANDDOWN,none,,,24919.349609375,3.0,,,,,,,,,,,2025-05-29,24000.0,26000.0
2025-05-27T00:00:00,STANDDOWN,none,,,24956.650390625,2.0,,,,,,,,,,,2025-05-29,24000.0,26000.0
2025-05-28T00:00:00,STANDDOWN,none,24000.0,,24832.5,1.0,,,,,,,,,,,2025-05-29,24000.0,26000.0
2025-05-29T00:00:00,STANDDOWN,none,24000.0,,24825.099609375,0.5,,,,,,,,,,,2025-05-29,24000.0,26000.0
2025-05-30T00:00:00,STANDDOWN,none,,,24812.599609375,6.0,,,,,,,,,,,2025-06-05,24000.0,26800.0
2025-06-02T00:00:00,STANDDOWN,none,,,24669.7,3.0,,,,,,,,,,,2025-06-05,24000.0,26800.0
2025-06-03T00:00:00,STANDDOWN,none,,,24786.30078125,2.0,,,,,,,,,,,2025-06-05,24000.0,26000.0
2025-06-04T00:00:00,STANDDOWN,none,24000.0,,24560.44921875,1.0,,,,,,,,,,,2025-06-05,24000.0,25500.0
2025-06-05T00:00:00,STANDDOWN,none,24000.0,,24691.19921875,0.5,,,,,,,,,,,2025-06-05,24000.0,25500.0
2025-06-06T00:00:00,STANDDOWN,none,,,24748.69921875,6.0,,,,,,,,,,,2025-06-12,23500.0,26000.0
2025-06-09T00:00:00,STANDDOWN,none,,,25160.099609375,3.0,,,,,,,,,,,2025-06-12,24000.0,26000.0
2025-06-10T00:00:00,STANDDOWN,none,,,25196.05078125,2.0,,,,,,,,,,,2025-06-12,24000.0,26000.0
2025-06-11T00:00:00,STANDDOWN,none,26000.0,,25134.150390625,1.0,,,,,,,,,,,2025-06-12,24000.0,26000.0
2025-06-12T00:00:00,STANDDOWN,none,24500.0,,25164.44921875,0.5,,,,,,,,,,,2025-06-12,24500.0,26000.0
2025-06-13T00:00:00,STANDDOWN,none,,,24473.0,6.0,,,,,,,,,,,2025-06-19,24000.0,26000.0
2025-06-16T00:00:00,STANDDOWN,none,,,24732.349609375,3.0,,,,,,,,,,,2025-06-19,22800.0,26000.0
2025-06-17T00:00:00,STANDDOWN,none,,,24977.849609375,2.0,,,,,,,,,,,2025-06-19,22800.0,26000.0
2025-06-18T00:00:00,STANDDOWN,none,24000.0,,24788.349609375,1.0,,,,,,,,,,,2025-06-19,24000.0,26000.0
2025-06-19T00:00:00,STANDDOWN,none,25000.0,,24803.25,0.5,,,,,,,,,,,2025-06-19,24000.0,25000.0
2025-06-20T00:00:00,STANDDOWN,none,,,24787.650390625,6.0,,,,,,,,,,,2025-06-26,24000.0,26000.0
2025-06-23T00:00:00,DTE_HOLD,put,25000.0,,24939.75,3.0,,,,,,,,,,,2025-06-26,25000.0,26000.0
2025-06-24T00:00:00,STANDDOWN,none,,,25179.900390625,2.0,,,,,,,,,,,2025-06-26,24000.0,26000.0
2025-06-25T00:00:00,STANDDOWN,none,26000.0,,25150.349609375,1.0,,,,,,,,,,,2025-06-26,24000.0,26000.0
2025-06-26T00:00:00,STANDDOWN,none,25200.0,,25268.94921875,0.5,,,,,,,,,,,2025-06-26,25200.0,26000.0
2025-06-27T00:00:00,STANDDOWN,none,,,25576.650390625,6.0,,,,,,,,,,,2025-07-03,25000.0,26500.0
2025-06-30T00:00:00,STANDDOWN,none,,,25661.650390625,3.0,,,,,,,,,,,2025-07-03,25000.0,26500.0
2025-07-01T00:00:00,STANDDOWN,none,,,25551.349609375,2.0,,,,,,,,,,,2025-07-03,22800.0,26500.0
2025-07-02T00:00:00,STANDDOWN,none,25500.0,,25588.30078125,1.0,,,,,,,,,,,2025-07-03,25500.0,26000.0
2025-07-03T00:00:00,STANDDOWN,none,26000.0,,25505.099609375,0.5,,,,,,,,,,,2025-07-03,25000.0,26000.0
2025-07-04T00:00:00,STANDDOWN,none,,,25428.849609375,6.0,,,,,,,,,,,2025-07-10,25000.0,25500.0
2025-07-07T00:00:00,STANDDOWN,none,,,25450.44921875,3.0,,,,,,,,,,,2025-07-10,25000.0,26500.0
2025-07-08T00:00:00,STANDDOWN,none,,,25427.849609375,2.0,,,,,,,,,,,2025-07-10,25000.0,26000.0
2025-07-09T00:00:00,STANDDOWN,none,25400.0,,25514.599609375,1.0,,,,,,,,,,,2025-07-10,25400.0,26000.0
2025-07-10T00:00:00,STANDDOWN,none,25400.0,,25511.650390625,0.5,,,,,,,,,,,2025-07-10,25400.0,26000.0
2025-07-11T00:00:00,STANDDOWN,none,,,25255.5,6.0,,,,,,,,,,,2025-07-17,24000.0,26500.0
2025-07-14T00:00:00,STANDDOWN,none,,,25149.5,3.0,,,,,,,,,,,2025-07-17,24000.0,25500.0
2025-07-15T00:00:00,STANDDOWN,none,,,25089.5,2.0,,,,,,,,,,,2025-07-17,25000.0,25500.0
2025-07-16T00:00:00,STANDDOWN,none,25000.0,,25196.599609375,1.0,,,,,,,,,,,2025-07-17,25000.0,26000.0
2025-07-17T00:00:00,STANDDOWN,none,25000.0,,25230.75,0.5,,,,,,,,,,,2025-07-17,25000.0,25500.0
2025-07-18T00:00:00,STANDDOWN,none,,,25108.55078125,6.0,,,,,,,,,,,2025-07-24,24000.0,26000.0
2025-07-21T00:00:00,STANDDOWN,none,,,24999.0,3.0,,,,,,,,,,,2025-07-24,24000.0,26000.0
2025-07-22T00:00:00,STANDDOWN,none,,,25166.650390625,2.0,,,,,,,,,,,2025-07-24,24000.0,26000.0
2025-07-23T00:00:00,TRADE,call,25100.0,25250.0,25139.349609375,1.0,74.85,18.8,56.05,-4.1,-1.47,4.1,EOD,-3717.52,-4135.11,75.0,2025-07-24,25000.0,25100.0
2025-07-24T00:00:00,STANDDOWN,none,25100.0,,25243.30078125,0.5,,,,,,,,,,,2025-07-24,25100.0,25500.0
2025-07-25T00:00:00,STANDDOWN,none,,,25010.349609375,6.0,,,,,,,,,,,2025-07-31,24000.0,26000.0
2025-07-28T00:00:00,STANDDOWN,none,,,24782.44921875,3.0,,,,,,,,,,,2025-07-31,24000.0,25000.0
2025-07-29T00:00:00,STANDDOWN,none,,,24609.650390625,2.0,,,,,,,,,,,2025-07-31,24000.0,25000.0
2025-07-30T00:00:00,STANDDOWN,none,25000.0,,24890.400390625,1.0,,,,,,,,,,,2025-07-31,24000.0,25000.0
2025-07-31T00:00:00,TRADE,put,24800.0,24650.0,24642.25,0.5,125.0,51.95,73.05,-5.24,-17.57,17.57,TARGET,6662.85,4068.55,75.0,2025-07-31,24800.0,25000.0
2025-08-01T00:00:00,STANDDOWN,none,,,24734.900390625,6.0,,,,,,,,,,,2025-08-07,24000.0,26000.0
2025-08-04T00:00:00,STANDDOWN,none,,,24596.05078125,3.0,,,,,,,,,,,2025-08-07,24200.0,25000.0
2025-08-05T00:00:00,STANDDOWN,none,,,24720.25,2.0,,,,,,,,,,,2025-08-07,23500.0,25000.0
2025-08-06T00:00:00,STANDDOWN,none,25000.0,,24641.349609375,1.0,,,,,,,,,,,2025-08-07,24000.0,25000.0
2025-08-07T00:00:00,STANDDOWN,none,24000.0,,24464.19921875,0.5,,,,,,,,,,,2025-08-07,24000.0,25000.0
2025-08-08T00:00:00,STANDDOWN,none,,,24544.25,6.0,,,,,,,,,,,2025-08-14,23500.0,25000.0
2025-08-11T00:00:00,STANDDOWN,none,,,24371.5,3.0,,,,,,,,,,,2025-08-14,22800.0,25000.0
2025-08-12T00:00:00,STANDDOWN,none,,,24563.349609375,2.0,,,,,,,,,,,2025-08-14,23500.0,25000.0
2025-08-13T00:00:00,STANDDOWN,none,25000.0,,24586.19921875,1.0,,,,,,,,,,,2025-08-14,24000.0,25000.0
2025-08-14T00:00:00,STANDDOWN,none,24600.0,,24607.25,0.5,,,,,,,,,,,2025-08-14,24600.0,25000.0
2025-08-18T00:00:00,STANDDOWN,none,,,24938.19921875,3.0,,,,,,,,,,,2025-08-21,22600.0,25500.0
2025-08-19T00:00:00,STANDDOWN,none,,,24891.349609375,2.0,,,,,,,,,,,2025-08-21,24000.0,25000.0
2025-08-20T00:00:00,STANDDOWN,none,25000.0,,24965.80078125,1.0,,,,,,,,,,,2025-08-21,24900.0,25000.0
2025-08-21T00:00:00,STANDDOWN,none,25000.0,,25142.0,0.5,,,,,,,,,,,2025-08-21,25000.0,25500.0
2025-08-22T00:00:00,STANDDOWN,none,,,25064.150390625,6.0,,,,,,,,,,,2025-08-28,25000.0,26000.0
2025-08-25T00:00:00,STANDDOWN,none,,,24949.15,3.0,,,,,,,,,,,2025-08-28,24000.0,25000.0
2025-08-26T00:00:00,DTE_HOLD,put,25000.0,,24899.5,2.0,,,,,,,,,,,2025-08-28,25000.0,25000.0
2025-08-28T00:00:00,STANDDOWN,none,25000.0,,24695.80078125,0.5,,,,,,,,,,,2025-08-28,24000.0,25000.0
2025-08-29T00:00:00,STANDDOWN,none,,,24466.69921875,4.0,,,,,,,,,,,2025-09-02,24000.0,25000.0
2025-09-01T00:00:00,STANDDOWN,none,25000.0,,24432.69921875,1.0,,,,,,,,,,,2025-09-02,23500.0,25000.0
2025-09-02T00:00:00,STANDDOWN,none,24500.0,,24653.0,0.5,,,,,,,,,,,2025-09-02,24500.0,25000.0
2025-09-03T00:00:00,STANDDOWN,none,,,24616.5,6.0,,,,,,,,,,,2025-09-09,24500.0,25000.0
2025-09-04T00:00:00,STANDDOWN,none,,,24980.75,5.0,,,,,,,,,,,2025-09-09,24500.0,25000.0
2025-09-05T00:00:00,STANDDOWN,none,,,24818.849609375,4.0,,,,,,,,,,,2025-09-09,24500.0,25000.0
2025-09-08T00:00:00,STANDDOWN,none,25000.0,,24802.599609375,1.0,,,,,,,,,,,2025-09-09,24000.0,25000.0
2025-09-09T00:00:00,STANDDOWN,none,25000.0,,24864.099609375,0.5,,,,,,,,,,,2025-09-09,24500.0,25000.0
2025-09-10T00:00:00,STANDDOWN,none,,,24991.0,6.0,,,,,,,,,,,2025-09-16,24000.0,25000.0
2025-09-11T00:00:00,STANDDOWN,none,,,24945.5,5.0,,,,,,,,,,,2025-09-16,24000.0,26000.0
2025-09-12T00:00:00,STANDDOWN,none,,,25074.44921875,4.0,,,,,,,,,,,2025-09-16,25000.0,26000.0
2025-09-15T00:00:00,STANDDOWN,none,25000.0,,25118.900390625,1.0,,,,,,,,,,,2025-09-16,25000.0,26000.0
2025-09-16T00:00:00,STANDDOWN,none,25100.0,,25073.599609375,0.5,,,,,,,,,,,2025-09-16,25000.0,25100.0
2025-09-17T00:00:00,STANDDOWN,none,,,25276.599609375,6.0,,,,,,,,,,,2025-09-23,25200.0,26000.0
2025-09-18T00:00:00,STANDDOWN,none,,,25441.05078125,5.0,,,,,,,,,,,2025-09-23,25200.0,26000.0
2025-09-19T00:00:00,STANDDOWN,none,,,25410.19921875,4.0,,,,,,,,,,,2025-09-23,25000.0,26000.0
2025-09-22T00:00:00,TRADE,put,25300.0,25150.0,25238.099609375,1.0,65.0,21.1,43.9,-12.86,-4.78,12.86,EOD,-2223.76,1882.99,75.0,2025-09-23,25300.0,26000.0
2025-09-23T00:00:00,STANDDOWN,none,25200.0,,25209.0,0.5,,,,,,,,,,,2025-09-23,25200.0,25500.0
2025-09-24T00:00:00,STANDDOWN,none,,,25108.75,6.0,,,,,,,,,,,2025-09-30,25000.0,26000.0
2025-09-25T00:00:00,STANDDOWN,none,,,25034.5,5.0,,,,,,,,,,,2025-09-30,25000.0,26000.0
2025-09-26T00:00:00,STANDDOWN,none,,,24818.55078125,4.0,,,,,,,,,,,2025-09-30,24000.0,26000.0
2025-09-29T00:00:00,STANDDOWN,none,24500.0,,24728.55078125,1.0,,,,,,,,,,,2025-09-30,24500.0,25000.0
2025-09-30T00:00:00,STANDDOWN,none,25000.0,,24691.94921875,0.5,,,,,,,,,,,2025-09-30,24000.0,25000.0
2025-10-01T00:00:00,STANDDOWN,none,,,24620.55078125,6.0,,,,,,,,,,,2025-10-07,24600.0,25000.0
2025-10-03T00:00:00,STANDDOWN,none,,,24759.55078125,4.0,,,,,,,,,,,2025-10-07,24700.0,25000.0
2025-10-06T00:00:00,STANDDOWN,none,24000.0,,24916.55,1.0,,,,,,,,,,,2025-10-07,24000.0,26000.0
2025-10-07T00:00:00,STANDDOWN,none,25000.0,,25085.3,0.5,,,,,,,,,,,2025-10-07,25000.0,25200.0
2025-10-08T00:00:00,STANDDOWN,none,,,25079.75,6.0,,,,,,,,,,,2025-10-14,25000.0,25200.0
2025-10-09T00:00:00,STANDDOWN,none,,,25074.3,5.0,,,,,,,,,,,2025-10-14,25000.0,26000.0
2025-10-10T00:00:00,STANDDOWN,none,,,25167.65,4.0,,,,,,,,,,,2025-10-14,25000.0,26000.0
2025-10-13T00:00:00,TRADE,put,25200.0,25050.0,25177.3,1.0,47.0,20.0,27.0,-18.97,-6.73,18.97,EOD,-285.58,491.91,75.0,2025-10-14,25200.0,26000.0
2025-10-14T00:00:00,STANDDOWN,none,25300.0,,25277.55,0.5,,,,,,,,,,,2025-10-14,25200.0,25300.0
2025-10-15T00:00:00,STANDDOWN,none,,,25181.95,5.0,,,,,,,,,,,2025-10-20,24000.0,26000.0
2025-10-16T00:00:00,STANDDOWN,none,,,25394.9,4.0,,,,,,,,,,,2025-10-20,25300.0,26000.0
2025-10-17T00:00:00,STANDDOWN,none,,,25546.85,3.0,,,,,,,,,,,2025-10-20,24500.0,26000.0
2025-10-20T00:00:00,STANDDOWN,none,26000.0,,25824.6,0.5,,,,,,,,,,,2025-10-20,25500.0,26000.0
2025-10-23T00:00:00,DTE_HOLD,call,26000.0,,26057.2,5.0,,,,,,,,,,,2025-10-28,25000.0,26000.0
2025-10-24T00:00:00,STANDDOWN,none,,,25935.1,4.0,,,,,,,,,,,2025-10-28,25000.0,27000.0
2025-10-27T00:00:00,STANDDOWN,none,25500.0,,25843.2,1.0,,,,,,,,,,,2025-10-28,25500.0,26500.0
2025-10-28T00:00:00,STANDDOWN,none,25900.0,,25939.95,0.5,,,,,,,,,,,2025-10-28,25900.0,26500.0
2025-10-29T00:00:00,STANDDOWN,none,,,25982.0,6.0,,,,,,,,,,,2025-11-04,25500.0,27000.0
2025-10-30T00:00:00,DTE_HOLD,put,26000.0,,25984.4,5.0,,,,,,,,,,,2025-11-04,26000.0,27000.0
2025-10-31T00:00:00,STANDDOWN,none,,,25863.8,4.0,,,,,,,,,,,2025-11-04,25000.0,27000.0
2025-11-03T00:00:00,STANDDOWN,none,25000.0,,25696.85,1.0,,,,,,,,,,,2025-11-04,25000.0,27000.0
2025-11-04T00:00:00,STANDDOWN,none,25700.0,,25744.75,0.5,,,,,,,,,,,2025-11-04,25700.0,26000.0
2025-11-06T00:00:00,STANDDOWN,none,,,25593.35,5.0,,,,,,,,,,,2025-11-11,25000.0,26000.0
2025-11-07T00:00:00,STANDDOWN,none,,,25433.8,4.0,,,,,,,,,,,2025-11-11,25000.0,26000.0
2025-11-10T00:00:00,STANDDOWN,none,25300.0,,25503.5,1.0,,,,,,,,,,,2025-11-11,25300.0,26000.0
2025-11-11T00:00:00,STANDDOWN,none,25700.0,,25617.0,0.5,,,,,,,,,,,2025-11-11,25500.0,25700.0
2025-11-12T00:00:00,STANDDOWN,none,,,25834.3,6.0,,,,,,,,,,,2025-11-18,25000.0,27000.0
2025-11-13T00:00:00,STANDDOWN,none,,,25906.1,5.0,,,,,,,,,,,2025-11-18,25800.0,26000.0
2025-11-14T00:00:00,STANDDOWN,none,,,25767.9,4.0,,,,,,,,,,,2025-11-18,25000.0,27000.0
2025-11-17T00:00:00,STANDDOWN,none,25000.0,,25948.2,1.0,,,,,,,,,,,2025-11-18,25000.0,27000.0
2025-11-18T00:00:00,TRADE,call,26000.0,26150.0,26021.8,0.5,68.0,13.7,54.3,-34.1,-9.09,34.1,EOD,3728.22,992.48,75.0,2025-11-18,25900.0,26000.0
2025-11-19T00:00:00,DTE_HOLD,put,26000.0,,25918.1,6.0,,,,,,,,,,,2025-11-25,26000.0,26000.0
2025-11-20T00:00:00,DTE_HOLD,call,26000.0,,26132.1,5.0,,,,,,,,,,,2025-11-25,26000.0,26000.0
2025-11-21T00:00:00,STANDDOWN,none,,,26109.55,4.0,,,,,,,,,,,2025-11-25,26000.0,26500.0
2025-11-24T00:00:00,STANDDOWN,none,26000.0,,26122.8,1.0,,,,,,,,,,,2025-11-25,26000.0,27000.0
2025-11-25T00:00:00,TRADE,put,26000.0,25850.0,25998.5,0.5,60.0,18.9,41.1,18.35,7.48,18.35,STOP,-4938.35,-2676.53,75.0,2025-11-25,26000.0,26100.0
2025-11-26T00:00:00,DTE_HOLD,put,26000.0,,25842.95,6.0,,,,,,,,,,,2025-12-02,26000.0,26000.0
2025-11-27T00:00:00,STANDDOWN,none,,,26261.25,5.0,,,,,,,,,,,2025-12-02,26000.0,26500.0
2025-11-28T00:00:00,STANDDOWN,none,,,26237.45,4.0,,,,,,,,,,,2025-12-02,26000.0,26500.0
2025-12-01T00:00:00,STANDDOWN,none,26500.0,,26325.8,1.0,,,,,,,,,,,2025-12-02,26000.0,26500.0
2025-12-02T00:00:00,STANDDOWN,none,26000.0,,26087.95,0.5,,,,,,,,,,,2025-12-02,26000.0,26300.0
2025-12-03T00:00:00,STANDDOWN,none,,,26004.9,6.0,,,,,,,,,,,2025-12-09,25500.0,27000.0
2025-12-04T00:00:00,STANDDOWN,none,,,25981.85,5.0,,,,,,,,,,,2025-12-09,25500.0,27000.0
2025-12-05T00:00:00,DTE_HOLD,put,26000.0,,25999.8,4.0,,,,,,,,,,,2025-12-09,26000.0,27000.0
2025-12-08T00:00:00,STANDDOWN,none,26000.0,,26159.8,1.0,,,,,,,,,,,2025-12-09,26000.0,26500.0
2025-12-09T00:00:00,TRADE,put,25900.0,25750.0,25867.1,0.5,51.1,11.9,39.2,34.76,10.49,34.76,STOP,-4598.23,-2504.56,75.0,2025-12-09,25900.0,26200.0
2025-12-10T00:00:00,STANDDOWN,none,,,25864.05,6.0,,,,,,,,,,,2025-12-16,25000.0,27000.0
2025-12-11T00:00:00,STANDDOWN,none,,,25771.4,5.0,,,,,,,,,,,2025-12-16,25500.0,26000.0
2025-12-12T00:00:00,STANDDOWN,none,,,25971.2,4.0,,,,,,,,,,,2025-12-16,25000.0,26000.0
2025-12-15T00:00:00,TRADE,put,26000.0,25850.0,25930.05,1.0,94.95,37.75,57.2,-15.56,-7.01,15.56,EOD,1312.21,-378.91,75.0,2025-12-16,26000.0,26500.0
2025-12-16T00:00:00,STANDDOWN,none,25900.0,,25951.5,0.5,,,,,,,,,,,2025-12-16,25900.0,26200.0
2025-12-17T00:00:00,STANDDOWN,none,,,25902.4,6.0,,,,,,,,,,,2025-12-23,25000.0,27000.0
2025-12-18T00:00:00,STANDDOWN,none,,,25764.7,5.0,,,,,,,,,,,2025-12-23,25000.0,26000.0
2025-12-19T00:00:00,STANDDOWN,none,,,25911.5,4.0,,,,,,,,,,,2025-12-23,25500.0,26000.0
2025-12-22T00:00:00,TRADE,call,26000.0,26150.0,26055.85,1.0,82.5,28.0,54.5,27.63,12.27,27.63,EOD,-4571.58,-3078.26,75.0,2025-12-23,25900.0,26000.0
2025-12-23T00:00:00,TRADE,call,26200.0,26350.0,26205.2,0.5,43.0,5.25,37.75,-17.16,-2.83,17.16,EOD,2372.55,875.56,75.0,2025-12-23,26100.0,26200.0
2025-12-24T00:00:00,STANDDOWN,none,,,26170.65,6.0,,,,,,,,,,,2025-12-30,26000.0,27000.0
2025-12-26T00:00:00,STANDDOWN,none,,,26121.25,4.0,,,,,,,,,,,2025-12-30,26000.0,26200.0
2025-12-29T00:00:00,STANDDOWN,none,26000.0,,26063.35,1.0,,,,,,,,,,,2025-12-30,26000.0,26200.0
2025-12-30T00:00:00,STANDDOWN,none,25900.0,,25940.9,0.5,,,,,,,,,,,2025-12-30,25900.0,26100.0
2025-12-31T00:00:00,DTE_HOLD,put,26000.0,,25971.05,6.0,,,,,,,,,,,2026-01-06,26000.0,26000.0
2026-01-01T00:00:00,STANDDOWN,none,,,26173.3,5.0,,,,,,,,,,,2026-01-06,26000.0,26400.0
2026-01-02T00:00:00,STANDDOWN,none,,,26155.1,4.0,,,,,,,,,,,2026-01-06,26000.0,26200.0
2026-01-05T00:00:00,STANDDOWN,none,26000.0,,26333.7,1.0,,,,,,,,,,,2026-01-06,26000.0,27000.0
2026-01-06T00:00:00,STANDDOWN,none,26300.0,,26189.7,0.5,,,,,,,,,,,2026-01-06,26000.0,26300.0
2026-01-07T00:00:00,STANDDOWN,none,,,26143.1,6.0,,,,,,,,,,,2026-01-13,25500.0,26500.0
2026-01-08T00:00:00,STANDDOWN,none,,,26106.5,5.0,,,,,,,,,,,2026-01-13,25500.0,26500.0
2026-01-09T00:00:00,STANDDOWN,none,,,25840.4,4.0,,,,,,,,,,,2026-01-13,25500.0,26200.0
2026-01-12T00:00:00,STANDDOWN,none,25500.0,,25669.05,1.0,,,,,,,,,,,2026-01-13,25500.0,26000.0
2026-01-13T00:00:00,STANDDOWN,none,26000.0,,25897.35,0.5,,,,,,,,,,,2026-01-13,25500.0,26000.0
2026-01-14T00:00:00,STANDDOWN,none,,,25648.55,6.0,,,,,,,,,,,2026-01-20,24500.0,26000.0
2026-01-16T00:00:00,STANDDOWN,none,,,25696.05,4.0,,,,,,,,,,,2026-01-20,24500.0,26000.0
2026-01-19T00:00:00,STANDDOWN,none,25500.0,,25653.1,1.0,,,,,,,,,,,2026-01-20,25500.0,26000.0
2026-01-20T00:00:00,STANDDOWN,none,25500.0,,25580.3,0.5,,,,,,,,,,,2026-01-20,25500.0,25800.0
2026-01-21T00:00:00,STANDDOWN,none,,,25141.0,6.0,,,,,,,,,,,2026-01-27,25000.0,26000.0
2026-01-22T00:00:00,STANDDOWN,none,,,25344.15,5.0,,,,,,,,,,,2026-01-27,25000.0,26000.0
2026-01-23T00:00:00,STANDDOWN,none,,,25344.6,4.0,,,,,,,,,,,2026-01-27,25000.0,26000.0
2026-01-27T00:00:00,STANDDOWN,none,25500.0,,25063.35,0.5,,,,,,,,,,,2026-01-27,24000.0,25500.0
2026-01-28T00:00:00,STANDDOWN,none,,,25258.85,6.0,,,,,,,,,,,2026-02-03,25000.0,26000.0
2026-01-29T00:00:00,STANDDOWN,none,,,25345.0,5.0,,,,,,,,,,,2026-02-03,23300.0,26000.0
2026-01-30T00:00:00,STANDDOWN,none,,,25247.55,4.0,,,,,,,,,,,2026-02-03,23300.0,26000.0
2026-02-02T00:00:00,STANDDOWN,none,24000.0,,24796.5,1.0,,,,,,,,,,,2026-02-03,24000.0,26000.0
2026-02-03T00:00:00,SKIP_CREDIT,call,26000.0,26150.0,26308.05,0.5,201.5,257.0,-55.5,,,,,,,,2026-02-03,24000.0,26000.0
2026-02-04T00:00:00,STANDDOWN,none,,,25675.05,6.0,,,,,,,,,,,2026-02-10,24000.0,27000.0
2026-02-05T00:00:00,STANDDOWN,none,,,25755.9,5.0,,,,,,,,,,,2026-02-10,25000.0,27000.0
2026-02-06T00:00:00,STANDDOWN,none,,,25605.8,4.0,,,,,,,,,,,2026-02-10,25000.0,27000.0
2026-02-09T00:00:00,STANDDOWN,none,25500.0,,25888.7,1.0,,,,,,,,,,,2026-02-10,25500.0,27000.0
2026-02-10T00:00:00,STANDDOWN,none,26000.0,,25922.65,0.5,,,,,,,,,,,2026-02-10,25800.0,26000.0
2026-02-11T00:00:00,STANDDOWN,none,,,25997.45,6.0,,,,,,,,,,,2026-02-17,24000.0,27500.0
2026-02-12T00:00:00,STANDDOWN,none,,,25906.7,5.0,,,,,,,,,,,2026-02-17,24500.0,26000.0
2026-02-13T00:00:00,STANDDOWN,none,,,25571.15,4.0,,,,,,,,,,,2026-02-17,24500.0,26000.0
2026-02-16T00:00:00,STANDDOWN,none,25000.0,,25423.6,1.0,,,,,,,,,,,2026-02-17,25000.0,26000.0
2026-02-17T00:00:00,STANDDOWN,none,25500.0,,25637.95,0.5,,,,,,,,,,,2026-02-17,25500.0,26000.0
2026-02-18T00:00:00,STANDDOWN,none,,,25752.65,6.0,,,,,,,,,,,2026-02-24,25000.0,27000.0
2026-02-19T00:00:00,STANDDOWN,none,,,25873.35,5.0,,,,,,,,,,,2026-02-24,24000.0,27000.0
2026-02-20T00:00:00,STANDDOWN,none,,,25406.55,4.0,,,,,,,,,,,2026-02-24,25000.0,27000.0
2026-02-23T00:00:00,STANDDOWN,none,25000.0,,25678.4,1.0,,,,,,,,,,,2026-02-24,25000.0,27000.0
2026-02-24T00:00:00,STANDDOWN,none,25500.0,,25641.8,0.5,,,,,,,,,,,2026-02-24,25500.0,26000.0
2026-02-25T00:00:00,DTE_HOLD,call,25500.0,,25512.6,5.0,,,,,,,,,,,2026-03-02,25000.0,25500.0
2026-02-26T00:00:00,STANDDOWN,none,,,25556.3,4.0,,,,,,,,,,,2026-03-02,25500.0,25600.0
2026-02-27T00:00:00,STANDDOWN,none,,,25459.85,3.0,,,,,,,,,,,2026-03-02,24000.0,26000.0
2026-03-02T00:00:00,TRADE,put,25000.0,24850.0,24659.25,0.5,240.0,121.2,118.8,-132.79,-116.85,132.79,EOD,-1449.87,-12358.57,65.0,2026-03-02,25000.0,26000.0
2026-03-04T00:00:00,STANDDOWN,none,,,24388.8,6.0,,,,,,,,,,,2026-03-10,24000.0,26000.0
2026-03-05T00:00:00,STANDDOWN,none,,,24615.95,5.0,,,,,,,,,,,2026-03-10,23100.0,26000.0
2026-03-06T00:00:00,STANDDOWN,none,,,24656.4,4.0,,,,,,,,,,,2026-03-10,22750.0,26000.0
2026-03-09T00:00:00,STANDDOWN,none,22750.0,,23868.05,1.0,,,,,,,,,,,2026-03-10,22750.0,26000.0
2026-03-10T00:00:00,STANDDOWN,none,25000.0,,24280.8,0.5,,,,,,,,,,,2026-03-10,23000.0,25000.0
2026-03-11T00:00:00,STANDDOWN,none,,,24231.85,6.0,,,,,,,,,,,2026-03-17,21500.0,26000.0
2026-03-12T00:00:00,STANDDOWN,none,,,23674.85,5.0,,,,,,,,,,,2026-03-17,23000.0,26000.0
2026-03-13T00:00:00,STANDDOWN,none,,,23462.5,4.0,,,,,,,,,,,2026-03-17,21500.0,25000.0
2026-03-16T00:00:00,STANDDOWN,none,21500.0,,23116.1,1.0,,,,,,,,,,,2026-03-17,21500.0,25000.0
2026-03-17T00:00:00,STANDDOWN,none,24000.0,,23493.2,0.5,,,,,,,,,,,2026-03-17,22000.0,24000.0
2026-03-18T00:00:00,STANDDOWN,none,,,23632.9,6.0,,,,,,,,,,,2026-03-24,21000.0,25000.0
2026-03-19T00:00:00,STANDDOWN,none,,,23197.75,5.0,,,,,,,,,,,2026-03-24,21000.0,25000.0
2026-03-20T00:00:00,STANDDOWN,none,,,23110.15,4.0,,,,,,,,,,,2026-03-24,21000.0,25000.0
2026-03-23T00:00:00,STANDDOWN,none,21000.0,,22824.35,1.0,,,,,,,,,,,2026-03-24,21000.0,25000.0
2026-03-24T00:00:00,STANDDOWN,none,24000.0,,22878.45,0.5,,,,,,,,,,,2026-03-24,21000.0,24000.0
2026-03-25T00:00:00,STANDDOWN,none,,,23064.4,5.0,,,,,,,,,,,2026-03-30,20000.0,24000.0
2026-03-27T00:00:00,STANDDOWN,none,,,23173.55,3.0,,,,,,,,,,,2026-03-30,20000.0,25000.0
2026-03-30T00:00:00,STANDDOWN,none,24000.0,,22549.65,0.5,,,,,,,,,,,2026-03-30,20000.0,24000.0
2026-04-01T00:00:00,STANDDOWN,none,,,22899.0,6.0,,,,,,,,,,,2026-04-07,20500.0,24000.0
2026-04-02T00:00:00,STANDDOWN,none,,,22383.4,5.0,,,,,,,,,,,2026-04-07,20200.0,24000.0
2026-04-06T00:00:00,STANDDOWN,none,24000.0,,22780.3,1.0,,,,,,,,,,,2026-04-07,20200.0,24000.0
2026-04-07T00:00:00,STANDDOWN,none,24000.0,,22838.7,0.5,,,,,,,,,,,2026-04-07,21500.0,24000.0
2026-04-08T00:00:00,STANDDOWN,none,,,23855.15,5.0,,,,,,,,,,,2026-04-13,20100.0,25000.0
2026-04-09T00:00:00,STANDDOWN,none,,,23909.05,4.0,,,,,,,,,,,2026-04-13,21000.0,25000.0
2026-04-10T00:00:00,STANDDOWN,none,,,23880.55,3.0,,,,,,,,,,,2026-04-13,23000.0,25000.0
2026-04-13T00:00:00,STANDDOWN,none,23000.0,,23589.6,0.5,,,,,,,,,,,2026-04-13,23000.0,25000.0
2026-04-15T00:00:00,STANDDOWN,none,,,24163.8,6.0,,,,,,,,,,,2026-04-21,23000.0,25000.0
2026-04-16T00:00:00,STANDDOWN,none,,,24385.2,5.0,,,,,,,,,,,2026-04-21,23000.0,25000.0
2026-04-17T00:00:00,STANDDOWN,none,,,24165.9,4.0,,,,,,,,,,,2026-04-21,23000.0,25000.0
2026-04-20T00:00:00,STANDDOWN,none,25000.0,,24391.5,1.0,,,,,,,,,,,2026-04-21,23000.0,25000.0
2026-04-21T00:00:00,STANDDOWN,none,25000.0,,24374.55,0.5,,,,,,,,,,,2026-04-21,23500.0,25000.0
2026-04-22T00:00:00,STANDDOWN,none,,,24470.85,6.0,,,,,,,,,,,2026-04-28,23000.0,26000.0
2026-04-23T00:00:00,STANDDOWN,none,,,24202.35,5.0,,,,,,,,,,,2026-04-28,23000.0,26000.0
2026-04-24T00:00:00,STANDDOWN,none,,,24100.55,4.0,,,,,,,,,,,2026-04-28,23000.0,26000.0
2026-04-27T00:00:00,STANDDOWN,none,23000.0,,23945.45,1.0,,,,,,,,,,,2026-04-28,23000.0,25000.0
2026-04-28T00:00:00,STANDDOWN,none,24000.0,,24049.9,0.5,,,,,,,,,,,2026-04-28,24000.0,25000.0
2026-04-29T00:00:00,STANDDOWN,none,,,24096.9,6.0,,,,,,,,,,,2026-05-05,23000.0,25000.0
2026-04-30T00:00:00,STANDDOWN,none,,,23996.95,5.0,,,,,,,,,,,2026-05-05,23000.0,25000.0
2026-05-04T00:00:00,STANDDOWN,none,25000.0,,24063.55,1.0,,,,,,,,,,,2026-05-05,23000.0,25000.0
2026-05-05T00:00:00,STANDDOWN,none,23500.0,,24052.6,0.5,,,,,,,,,,,2026-05-05,23500.0,25000.0
2026-05-06T00:00:00,STANDDOWN,none,,,24171.0,6.0,,,,,,,,,,,2026-05-12,24000.0,26000.0
2026-05-07T00:00:00,STANDDOWN,none,,,24398.5,5.0,,,,,,,,,,,2026-05-12,23000.0,25000.0
2026-05-08T00:00:00,STANDDOWN,none,,,24233.65,4.0,,,,,,,,,,,2026-05-12,23500.0,25000.0
2026-05-11T00:00:00,STANDDOWN,none,23500.0,,23970.1,1.0,,,,,,,,,,,2026-05-12,23500.0,25500.0
2026-05-12T00:00:00,STANDDOWN,none,23500.0,,23722.6,0.5,,,,,,,,,,,2026-05-12,23500.0,25000.0
2026-05-13T00:00:00,STANDDOWN,none,,,23362.45,6.0,,,,,,,,,,,2026-05-19,23000.0,24000.0
2026-05-14T00:00:00,STANDDOWN,none,,,23530.25,5.0,,,,,,,,,,,2026-05-19,22000.0,25000.0
2026-05-15T00:00:00,STANDDOWN,none,,,23731.4,4.0,,,,,,,,,,,2026-05-19,22000.0,24500.0
2026-05-18T00:00:00,STANDDOWN,none,23000.0,,23482.2,1.0,,,,,,,,,,,2026-05-19,23000.0,24500.0
2026-05-19T00:00:00,STANDDOWN,none,24000.0,,23675.3,0.5,,,,,,,,,,,2026-05-19,23000.0,24000.0
2026-05-20T00:00:00,STANDDOWN,none,,,23457.25,6.0,,,,,,,,,,,2026-05-26,23000.0,24000.0
2026-05-21T00:00:00,STANDDOWN,none,,,23830.05,5.0,,,,,,,,,,,2026-05-26,22500.0,24500.0
2026-05-22T00:00:00,STANDDOWN,none,,,23671.2,4.0,,,,,,,,,,,2026-05-26,22500.0,25000.0
2026-05-25T00:00:00,STANDDOWN,none,24000.0,,23940.25,1.0,,,,,,,,,,,2026-05-26,23000.0,24000.0
2026-05-26T00:00:00,STANDDOWN,none,24000.0,,24004.1,0.5,,,,,,,,,,,2026-05-26,24000.0,25000.0
2026-05-27T00:00:00,STANDDOWN,none,,,23880.35,6.0,,,,,,,,,,,2026-06-02,23000.0,24000.0
2026-05-29T00:00:00,STANDDOWN,none,,,23902.15,4.0,,,,,,,,,,,2026-06-02,23000.0,25000.0
2026-06-01T00:00:00,STANDDOWN,none,24000.0,,23654.5,1.0,,,,,,,,,,,2026-06-02,23000.0,24000.0
2026-06-02T00:00:00,STANDDOWN,none,23000.0,,23229.15,0.5,,,,,,,,,,,2026-06-02,23000.0,24000.0
2026-06-03T00:00:00,STANDDOWN,none,,,23415.95,6.0,,,,,,,,,,,2026-06-09,23300.0,24000.0
2026-06-04T00:00:00,STANDDOWN,none,,,23282.45,5.0,,,,,,,,,,,2026-06-09,22000.0,24000.0
2026-06-05T00:00:00,STANDDOWN,none,,,23478.95,4.0,,,,,,,,,,,2026-06-09,22500.0,24000.0
2026-06-08T00:00:00,STANDDOWN,none,22500.0,,23080.7,1.0,,,,,,,,,,,2026-06-09,22500.0,24000.0
2026-06-09T00:00:00,STANDDOWN,none,24000.0,,23259.05,0.5,,,,,,,,,,,2026-06-09,22500.0,24000.0
2026-06-10T00:00:00,STANDDOWN,none,,,23233.95,6.0,,,,,,,,,,,2026-06-16,21200.0,24000.0
2026-06-11T00:00:00,STANDDOWN,none,,,23104.4,5.0,,,,,,,,,,,2026-06-16,21200.0,24000.0
2026-06-12T00:00:00,STANDDOWN,none,,,23412.55,4.0,,,,,,,,,,,2026-06-16,21200.0,24000.0
2026-06-15T00:00:00,STANDDOWN,none,24000.0,,23984.85,1.0,,,,,,,,,,,2026-06-16,22500.0,24000.0
2026-06-16T00:00:00,STANDDOWN,none,24000.0,,23923.9,0.5,,,,,,,,,,,2026-06-16,23500.0,24000.0
2026-06-17T00:00:00,DTE_HOLD,call,24000.0,,24044.5,6.0,,,,,,,,,,,2026-06-23,24000.0,24000.0
2026-06-18T00:00:00,STANDDOWN,none,,,24073.8,5.0,,,,,,,,,,,2026-06-23,24000.0,25000.0
2026-06-19T00:00:00,DTE_HOLD,put,24000.0,,23991.2,4.0,,,,,,,,,,,2026-06-23,24000.0,24500.0
2026-06-22T00:00:00,STANDDOWN,none,23500.0,,24106.6,1.0,,,,,,,,,,,2026-06-23,23500.0,25000.0
2026-06-23T00:00:00,STANDDOWN,none,24000.0,,24071.3,0.5,,,,,,,,,,,2026-06-23,24000.0,24200.0
2026-06-24T00:00:00,DTE_HOLD,put,24000.0,,23795.8,6.0,,,,,,,,,,,2026-06-30,24000.0,25000.0
2026-06-25T00:00:00,STANDDOWN,none,,,24125.85,5.0,,,,,,,,,,,2026-06-30,24000.0,25000.0
2026-06-29T00:00:00,STANDDOWN,none,24000.0,,24061.75,1.0,,,,,,,,,,,2026-06-30,24000.0,25000.0
2026-06-30T00:00:00,STANDDOWN,none,23500.0,,24032.05,0.5,,,,,,,,,,,2026-06-30,23500.0,25000.0
2026-07-01T00:00:00,STANDDOWN,none,,,23897.65,6.0,,,,,,,,,,,2026-07-07,23400.0,24000.0
2026-07-02T00:00:00,DTE_HOLD,call,24000.0,,24062.2,5.0,,,,,,,,,,,2026-07-07,24000.0,24000.0
2026-07-03T00:00:00,STANDDOWN,none,,,24375.65,4.0,,,,,,,,,,,2026-07-07,24000.0,25000.0
2026-07-06T00:00:00,STANDDOWN,none,24000.0,,24306.85,1.0,,,,,,,,,,,2026-07-07,24000.0,25000.0
2026-07-07T00:00:00,STANDDOWN,none,24500.0,,24464.45,0.5,,,,,,,,,,,2026-07-07,24000.0,24500.0
2026-07-08T00:00:00,DTE_HOLD,put,24500.0,,24259.55,6.0,,,,,,,,,,,2026-07-14,24500.0,24500.0
2026-07-09T00:00:00,STANDDOWN,none,,,23928.95,5.0,,,,,,,,,,,2026-07-14,23500.0,24500.0
2026-07-10T00:00:00,STANDDOWN,none,,,24124.7,4.0,,,,,,,,,,,2026-07-14,23600.0,24500.0
2026-07-13T00:00:00,STANDDOWN,none,24500.0,,24039.4,1.0,,,,,,,,,,,2026-07-14,23000.0,24500.0
2026-07-14T00:00:00,STANDDOWN,none,24000.0,,24068.0,0.5,,,,,,,,,,,2026-07-14,24000.0,24500.0
2026-07-15T00:00:00,STANDDOWN,none,,,24085.85,6.0,,,,,,,,,,,2026-07-21,23000.0,24100.0
2026-07-16T00:00:00,STANDDOWN,none,,,24142.1,5.0,,,,,,,,,,,2026-07-21,23000.0,24200.0
2026-07-17T00:00:00,STANDDOWN,none,,,24127.6,4.0,,,,,,,,,,,2026-07-21,23000.0,24200.0
2026-07-20T00:00:00,STANDDOWN,none,25000.0,,24190.05,1.0,,,,,,,,,,,2026-07-21,23000.0,25000.0
2026-07-21T00:00:00,STANDDOWN,none,24200.0,,24216.05,0.5,,,,,,,,,,,2026-07-21,24200.0,24500.0
2026-07-22T00:00:00,DTE_HOLD,put,24200.0,,24150.45,6.0,,,,,,,,,,,2026-07-28,24200.0,24200.0
2026-07-23T00:00:00,DTE_HOLD,put,24000.0,,23904.8,5.0,,,,,,,,,,,2026-07-28,24000.0,24200.0
2026-07-24T00:00:00,STANDDOWN,none,,,23666.35,4.0,,,,,,,,,,,2026-07-28,23000.0,25000.0
2026-07-27T00:00:00,STANDDOWN,none,23000.0,,23928.4,1.0,,,,,,,,,,,2026-07-28,23000.0,25000.0
2026-07-28T00:00:00,STANDDOWN,none,24200.0,,23971.25,0.5,,,,,,,,,,,2026-07-28,23000.0,24200.0
2026-07-29T00:00:00,DTE_HOLD,call,24000.0,,24176.65,6.0,,,,,,,,,,,2026-08-04,24000.0,24000.0
2026-07-30T00:00:00,STANDDOWN,none,,,24249.55,5.0,,,,,,,,,,,2026-08-04,24000.0,25000.0
2026-07-31T00:00:00,STANDDOWN,none,,,24361.45,4.0,,,,,,,,,,,2026-08-04,24000.0,24600.0
2026-08-03T00:00:00,STANDDOWN,none,24600.0,,24572.7,1.0,,,,,,,,,,,2026-08-04,24000.0,24600.0
2026-08-04T00:00:00,TRADE,call,24600.0,24750.0,24703.9,0.5,74.95,21.05,53.9,-56.89,-18.15,56.89,TARGET,5143.83,4359.21,65.0,2026-08-04,24200.0,24600.0
2026-08-05T00:00:00,DTE_HOLD,call,24600.0,,24669.2,6.0,,,,,,,,,,,2026-08-11,24000.0,24600.0
2026-08-06T00:00:00,STANDDOWN,none,,,24641.0,5.0,,,,,,,,,,,2026-08-11,24000.0,25000.0
2026-08-07T00:00:00,STANDDOWN,none,,,24538.9,4.0,,,,,,,,,,,2026-08-11,24000.0,25000.0
2026-08-10T00:00:00,STANDDOWN,none,24600.0,,24581.25,1.0,,,,,,,,,,,2026-08-11,24000.0,24600.0
2026-08-11T00:00:00,STANDDOWN,none,24600.0,,24575.1,0.5,,,,,,,,,,,2026-08-11,24500.0,24600.0
2026-08-12T00:00:00,STANDDOWN,none,,,24472.45,6.0,,,,,,,,,,,2026-08-18,24000.0,25000.0
2026-08-13T00:00:00,STANDDOWN,none,,,24431.6,5.0,,,,,,,,,,,2026-08-18,24000.0,25000.0
2026-08-14T00:00:00,STANDDOWN,none,,,24361.9,4.0,,,,,,,,,,,2026-08-18,24000.0,25000.0
2026-08-17T00:00:00,STANDDOWN,none,24000.0,,24343.45,1.0,,,,,,,,,,,2026-08-18,24000.0,25000.0
2026-08-18T00:00:00,TRADE,put,24300.0,24150.0,24223.85,0.5,52.0,9.1,42.9,10.94,-2.55,10.94,STOP,-4311.98,-3170.48,65.0,2026-08-18,24300.0,24500.0
2026-08-19T00:00:00,STANDDOWN,none,,,24152.05,6.0,,,,,,,,,,,2026-08-25,24000.0,25000.0
2026-08-20T00:00:00,STANDDOWN,none,,,24225.2,5.0,,,,,,,,,,,2026-08-25,24000.0,24500.0
2026-08-21T00:00:00,STANDDOWN,none,,,24282.0,4.0,,,,,,,,,,,2026-08-25,24000.0,24500.0
2026-08-24T00:00:00,STANDDOWN,none,24300.0,,24285.05,1.0,,,,,,,,,,,2026-08-25,24000.0,24300.0
2026-08-25T00:00:00,STANDDOWN,none,24300.0,,24175.75,0.5,,,,,,,,,,,2026-08-25,24000.0,24300.0
2026-08-26T00:00:00,STANDDOWN,none,,,24341.95,6.0,,,,,,,,,,,2026-09-01,24200.0,24500.0
2026-08-27T00:00:00,STANDDOWN,none,,,24277.6,5.0,,,,,,,,,,,2026-09-01,24200.0,24500.0
2026-08-28T00:00:00,STANDDOWN,none,,,24122.6,4.0,,,,,,,,,,,2026-09-01,24000.0,24300.0
2026-08-31T00:00:00,STANDDOWN,none,24000.0,,24117.55,1.0,,,,,,,,,,,2026-09-01,24000.0,24300.0
2026-09-01T00:00:00,STANDDOWN,none,24000.0,,24077.55,0.5,,,,,,,,,,,2026-09-01,24000.0,24500.0
2026-09-02T00:00:00,STANDDOWN,none,,,23858.0,6.0,,,,,,,,,,,2026-09-08,23500.0,24200.0
2026-09-03T00:00:00,STANDDOWN,none,,,23997.95,5.0,,,,,,,,,,,2026-09-08,23000.0,24200.0
2026-09-04T00:00:00,STANDDOWN,none,,,23910.9,4.0,,,,,,,,,,,2026-09-08,23000.0,24000.0
2026-09-07T00:00:00,STANDDOWN,none,24000.0,,23883.15,1.0,,,,,,,,,,,2026-09-08,23000.0,24000.0
2026-09-08T00:00:00,STANDDOWN,none,23500.0,,23743.1,0.5,,,,,,,,,,,2026-09-08,23500.0,24000.0
2026-09-09T00:00:00,STANDDOWN,none,,,23522.05,6.0,,,,,,,,,,,2026-09-15,23000.0,24000.0
2026-09-10T00:00:00,STANDDOWN,none,,,23446.6,5.0,,,,,,,,,,,2026-09-15,23000.0,24000.0
2026-09-11T00:00:00,STANDDOWN,none,,,23270.3,4.0,,,,,,,,,,,2026-09-15,23000.0,24000.0
2026-09-15T00:00:00,STANDDOWN,none,23300.0,,23576.15,0.5,,,,,,,,,,,2026-09-15,23300.0,24000.0
2026-09-16T00:00:00,STANDDOWN,none,,,23201.05,6.0,,,,,,,,,,,2026-09-22,21700.0,25000.0
2026-09-17T00:00:00,STANDDOWN,none,,,23195.25,5.0,,,,,,,,,,,2026-09-22,23000.0,24000.0
2026-09-18T00:00:00,STANDDOWN,none,,,23334.7,4.0,,,,,,,,,,,2026-09-22,22000.0,24500.0
2026-09-21T00:00:00,STANDDOWN,none,23300.0,,23330.2,1.0,,,,,,,,,,,2026-09-22,23300.0,24000.0
2026-09-22T00:00:00,STANDDOWN,none,23500.0,,23454.05,0.5,,,,,,,,,,,2026-09-22,23400.0,23500.0
2026-09-23T00:00:00,STANDDOWN,none,,,23352.15,6.0,,,,,,,,,,,2026-09-29,23000.0,24000.0
2026-09-24T00:00:00,STANDDOWN,none,,,23221.8,5.0,,,,,,,,,,,2026-09-29,23000.0,24000.0
2026-09-25T00:00:00,STANDDOWN,none,,,23035.0,4.0,,,,,,,,,,,2026-09-29,22000.0,24000.0
