date,is_rule_day,expiry,exit_reason,net_pnl,bars_held,gross_pnl,friction,win,net_delta,credit,put_wall,call_wall
2021-01-04T00:00:00,False,2021-01-07,EOD,-314.41,75.0,30.0,344.41,False,0.1136,580.0,14000.0,14500.0
2021-01-05T00:00:00,False,2021-01-07,EOD,-142.84,75.0,200.0,342.84,False,0.1572,536.25,14000.0,14500.0
2021-01-06T00:00:00,False,2021-01-07,EOD,-120.92,75.0,220.0,340.92,False,0.0704,475.0,14000.0,14500.0
2021-01-07T00:00:00,False,2021-01-07,TARGET,824.51,53.0,1167.78,343.27,True,-0.529,1506.25,14100.0,14200.0
2021-01-08T00:00:00,False,2021-01-14,EOD,-313.91,75.0,35.0,348.91,False,0.0469,1460.0,14200.0,14500.0
2021-01-11T00:00:00,False,2021-01-14,EOD,-197.47,75.0,145.0,342.47,False,0.0646,550.0,14200.0,14800.0
2021-01-12T00:00:00,False,2021-01-14,EOD,-358.18,75.0,-18.75,339.43,False,-0.0024,22.5,13500.0,15000.0
2021-01-13T00:00:00,False,2021-01-14,EOD,403.2,75.0,747.5,344.3,True,-0.1217,1293.75,14500.0,14700.0
2021-01-14T00:00:00,False,2021-01-14,TARGET,545.36,59.0,887.24,341.88,True,-0.051,1177.5,14500.0,14600.0
2021-01-15T00:00:00,False,2021-01-21,EOD,147.17,75.0,506.25,359.08,True,-0.0549,3131.25,14500.0,14600.0
2021-01-18T00:00:00,False,2021-01-21,EOD,448.66,75.0,793.75,345.09,True,-0.1556,1175.0,13500.0,14600.0
2021-01-19T00:00:00,False,2021-01-21,EOD,22.49,75.0,376.25,353.76,True,0.0263,1857.5,14400.0,14600.0
2021-01-20T00:00:00,False,2021-01-21,EOD,-412.67,75.0,-72.5,340.17,False,-0.1258,397.5,14000.0,14700.0
2021-01-21T00:00:00,False,2021-01-21,TARGET,-251.71,9.0,87.47,339.18,False,-0.156,106.25,14000.0,14800.0
2021-01-22T00:00:00,False,2021-01-28,EOD,-352.58,75.0,-10.0,342.58,False,-0.0263,471.25,14000.0,15000.0
2021-01-25T00:00:00,False,2021-01-28,EOD,-293.72,75.0,47.5,341.22,False,0.0414,455.0,14000.0,15000.0
2021-01-27T00:00:00,False,2021-01-28,TARGET,-272.65,20.0,66.71,339.36,False,-0.0267,88.75,13500.0,14700.0
2021-01-28T00:00:00,False,2021-01-28,TARGET,94.23,41.0,434.6,340.37,True,-0.1375,563.75,13500.0,14000.0
2021-01-29T00:00:00,False,2021-02-04,EOD,-891.92,75.0,-538.75,353.17,False,0.1049,1327.5,13800.0,16000.0
2021-02-01T00:00:00,False,2021-02-04,TARGET,-218.45,27.0,123.82,342.27,False,0.0123,156.25,13000.0,15000.0
2021-02-02T00:00:00,False,2021-02-04,STOP,-584.78,4.0,-244.51,340.27,False,-0.0262,161.25,13500.0,15000.0
2021-02-03T00:00:00,False,2021-02-04,EOD,-55.99,75.0,285.0,340.99,False,-0.1115,451.25,14000.0,15000.0
2021-02-04T00:00:00,False,2021-02-04,TARGET,-36.51,51.0,304.55,341.06,False,0.096,400.0,14700.0,15000.0
2021-02-05T00:00:00,False,2021-02-11,NOSIM,0.0,,,,,,,,
2021-02-08T00:00:00,False,2021-02-11,EOD,-260.91,75.0,80.0,340.91,False,-0.0778,272.5,14000.0,15500.0
2021-02-09T00:00:00,False,2021-02-11,EOD,-73.34,75.0,272.5,345.84,False,0.0516,1160.0,15000.0,15500.0
2021-02-10T00:00:00,False,2021-02-11,EOD,-232.69,75.0,113.75,346.44,False,-0.0055,853.75,15000.0,15300.0
2021-02-11T00:00:00,False,2021-02-11,TARGET,661.19,50.0,1003.91,342.72,True,0.0447,1336.25,15000.0,15200.0
2021-02-12T00:00:00,False,2021-02-18,NOSIM,0.0,,,,,,,,
2021-02-15T00:00:00,False,2021-02-18,EOD,-580.18,75.0,-236.25,343.93,False,-0.0494,522.5,15000.0,15500.0
2021-02-16T00:00:00,False,2021-02-18,EOD,187.91,75.0,533.75,345.84,True,-0.1961,1565.0,15000.0,15400.0
2021-02-17T00:00:00,False,2021-02-18,EOD,827.48,75.0,1172.5,345.02,True,-0.2281,1793.75,15000.0,15300.0
2021-02-18T00:00:00,False,2021-02-18,TARGET,1325.3,30.0,1671.45,346.15,True,-0.5809,2128.75,15100.0,15150.0
2021-02-19T00:00:00,False,2021-02-25,EOD,-299.86,75.0,40.0,339.86,False,0.0033,103.75,14000.0,16000.0
2021-02-22T00:00:00,False,2021-02-25,TARGET,1349.29,73.0,1698.84,349.55,True,-0.195,2181.25,14000.0,15000.0
2021-02-23T00:00:00,False,2021-02-25,EOD,-209.24,75.0,132.5,341.74,False,-0.0687,332.5,14000.0,15000.0
2021-02-24T00:00:00,False,2021-02-25,STOP,-721.93,10.0,-381.97,339.96,False,-0.0604,217.5,14000.0,15000.0
2021-02-25T00:00:00,False,2021-02-25,TARGET,318.73,70.0,660.18,341.45,True,-0.3418,830.0,14000.0,15100.0
2021-02-26T00:00:00,False,2021-03-04,EOD,1130.27,75.0,1482.5,352.23,True,-0.14,2462.5,14000.0,15000.0
2021-03-01T00:00:00,False,2021-03-04,EOD,-889.55,75.0,-533.75,355.8,False,-0.036,822.5,14500.0,15000.0
2021-03-02T00:00:00,False,2021-03-04,EOD,646.65,75.0,998.75,352.1,True,-0.0322,2528.75,14700.0,15000.0
2021-03-03T00:00:00,False,2021-03-04,TARGET,577.25,70.0,922.52,345.27,True,0.1964,1187.5,15000.0,15500.0
2021-03-04T00:00:00,False,2021-03-04,TARGET,834.4,56.0,1178.64,344.24,True,0.1426,1555.0,15000.0,15200.0
2021-03-05T00:00:00,False,2021-03-10,EOD,-191.08,75.0,152.5,343.58,False,-0.0733,506.25,14000.0,15500.0
2021-03-08T00:00:00,False,2021-03-10,EOD,-151.8,75.0,192.5,344.3,False,-0.0101,496.25,14500.0,15500.0
2021-03-09T00:00:00,False,2021-03-10,EOD,-56.77,75.0,290.0,346.77,False,0.1501,958.75,15000.0,15500.0
2021-03-10T00:00:00,False,2021-03-10,TARGET,1039.3,58.0,1384.04,344.74,True,-0.135,1831.25,15150.0,15200.0
2021-03-12T00:00:00,False,2021-03-18,EOD,-884.24,75.0,-540.0,344.24,False,0.0844,820.0,15000.0,16000.0
2021-03-15T00:00:00,False,2021-03-18,EOD,-286.14,75.0,55.0,341.14,False,0.0391,283.75,14500.0,16000.0
2021-03-16T00:00:00,False,2021-03-18,EOD,-297.38,75.0,42.5,339.88,False,0.0461,173.75,14500.0,16000.0
2021-03-17T00:00:00,False,2021-03-18,STOP,-510.49,71.0,-170.86,339.63,False,0.0008,91.25,14500.0,15500.0
2021-03-18T00:00:00,False,2021-03-18,TARGET,-282.7,19.0,56.61,339.31,False,0.0028,62.5,14500.0,15500.0
2021-03-19T00:00:00,False,2021-03-25,EOD,590.92,75.0,947.5,356.58,True,0.1302,1658.75,14500.0,16000.0
2021-03-22T00:00:00,False,2021-03-25,EOD,-105.07,75.0,241.25,346.32,False,0.0821,862.5,14500.0,15500.0
2021-03-23T00:00:00,False,2021-03-25,EOD,-177.3,75.0,165.0,342.3,False,-0.1263,807.5,14000.0,15000.0
2021-03-24T00:00:00,False,2021-03-25,TARGET,27.24,67.0,367.79,340.55,True,-0.094,450.0,14000.0,15000.0
2021-03-25T00:00:00,False,2021-03-25,STOP,-366.18,33.0,-27.14,339.04,False,-0.0071,18.75,14000.0,15000.0
2021-03-26T00:00:00,False,2021-04-01,EOD,-76.09,75.0,268.75,344.84,False,-0.0242,643.75,14000.0,15000.0
2021-03-31T00:00:00,False,2021-04-01,TARGET,200.54,63.0,542.33,341.79,True,-0.1395,705.0,14000.0,15000.0
2021-04-01T00:00:00,False,2021-04-01,TARGET,190.51,19.0,531.06,340.55,True,-0.1717,648.75,14000.0,15000.0
2021-04-05T00:00:00,False,2021-04-08,TARGET,636.43,46.0,981.64,345.21,True,-0.1502,1301.25,14000.0,15000.0
2021-04-06T00:00:00,False,2021-04-08,EOD,-227.35,75.0,113.75,341.1,False,-0.0614,340.0,14000.0,15000.0
2021-04-07T00:00:00,False,2021-04-08,EOD,-337.43,75.0,2.5,339.93,False,-0.0486,213.75,14000.0,15000.0
2021-04-08T00:00:00,False,2021-04-08,TARGET,354.69,64.0,696.3,341.61,True,-0.3202,895.0,14500.0,14900.0
2021-04-09T00:00:00,False,2021-04-15,TARGET,-248.43,71.0,91.24,339.67,False,-0.0204,121.25,13500.0,15500.0
2021-04-12T00:00:00,False,2021-04-15,STOP,-455.15,1.0,-113.73,341.42,False,0.0219,67.5,14000.0,15000.0
2021-04-13T00:00:00,False,2021-04-15,EOD,-312.89,75.0,30.0,342.89,False,0.0307,125.0,14000.0,15000.0
2021-04-15T00:00:00,False,2021-04-15,TARGET,268.47,8.0,609.85,341.38,True,-0.2647,791.25,14000.0,14600.0
2021-04-16T00:00:00,False,2021-04-22,EOD,-212.97,75.0,130.0,342.97,False,-0.0414,576.25,14000.0,15000.0
2021-04-19T00:00:00,False,2021-04-22,EOD,125.62,75.0,470.0,344.38,True,0.0672,875.0,14000.0,15000.0
2021-04-20T00:00:00,False,2021-04-22,STOP,-609.29,68.0,-267.99,341.3,False,0.0267,172.5,14000.0,15000.0
2021-04-22T00:00:00,False,2021-04-22,TARGET,1629.92,55.0,1986.35,356.43,True,0.2232,2543.75,14400.0,14700.0
2021-04-23T00:00:00,False,2021-04-29,EOD,-261.67,75.0,86.25,347.92,False,0.0332,745.0,14000.0,15000.0
2021-04-26T00:00:00,False,2021-04-29,EOD,-215.14,75.0,128.75,343.89,False,0.0359,443.75,14000.0,15000.0
2021-04-27T00:00:00,False,2021-04-29,EOD,-103.17,75.0,237.5,340.67,False,0.035,351.25,14000.0,15000.0
2021-04-28T00:00:00,False,2021-04-29,STOP,-447.71,23.0,-108.19,339.52,False,-0.0195,72.5,14000.0,15000.0
2021-04-29T00:00:00,False,2021-04-29,TARGET,81.15,26.0,422.09,340.94,True,-0.3108,553.75,14500.0,15000.0
2021-04-30T00:00:00,False,2021-05-06,NOSIM,0.0,,,,,,,,
2021-05-03T00:00:00,False,2021-05-06,EOD,-283.1,75.0,61.25,344.35,False,0.0099,488.75,14000.0,15000.0
2021-05-04T00:00:00,False,2021-05-06,EOD,-78.52,75.0,262.5,341.02,False,-0.0526,440.0,14000.0,15000.0
2021-05-05T00:00:00,False,2021-05-06,TARGET,-235.06,60.0,104.74,339.8,False,-0.0183,137.5,14000.0,15000.0
2021-05-06T00:00:00,False,2021-05-06,TARGET,1227.1,70.0,1571.86,344.76,True,0.3442,1891.25,14700.0,15000.0
2021-05-07T00:00:00,False,2021-05-12,STOP,-557.81,48.0,-214.68,343.13,False,0.0437,143.75,14500.0,16000.0
2021-05-10T00:00:00,False,2021-05-12,EOD,-285.83,75.0,55.0,340.83,False,0.0693,166.25,14500.0,15500.0
2021-05-11T00:00:00,False,2021-05-12,EOD,196.96,75.0,543.75,346.79,True,0.146,1607.5,14800.0,15000.0
2021-05-12T00:00:00,False,2021-05-12,TARGET,1303.62,62.0,1648.61,344.99,True,-0.2384,2160.0,14700.0,14800.0
2021-05-14T00:00:00,False,2021-05-20,EOD,-327.59,75.0,12.5,340.09,False,0.0082,93.75,14000.0,15500.0
2021-05-17T00:00:00,False,2021-05-20,EOD,-570.13,75.0,-221.25,348.88,False,0.0168,1292.5,14700.0,15000.0
2021-05-18T00:00:00,False,2021-05-20,EOD,-245.89,75.0,95.0,340.89,False,0.0283,208.75,14700.0,15500.0
2021-05-19T00:00:00,False,2021-05-20,EOD,-141.61,75.0,200.0,341.61,False,0.0411,560.0,14900.0,15300.0
2021-05-20T00:00:00,False,2021-05-20,TARGET,1209.11,61.0,1553.84,344.73,True,-0.2895,2022.5,14900.0,15000.0
2021-05-21T00:00:00,False,2021-05-27,EOD,-517.48,75.0,-177.5,339.98,False,-0.0204,185.0,14000.0,15500.0
2021-05-24T00:00:00,False,2021-05-27,EOD,-198.52,75.0,146.25,344.77,False,-0.0094,741.25,15000.0,15500.0
2021-05-25T00:00:00,False,2021-05-27,TARGET,0.49,54.0,340.82,340.33,True,-0.1218,433.75,14000.0,15500.0
2021-05-26T00:00:00,False,2021-05-27,EOD,80.32,75.0,422.5,342.18,True,0.1841,827.5,15200.0,15500.0
2021-05-27T00:00:00,False,2021-05-27,TARGET,996.88,56.0,1340.5,343.62,True,0.0153,1786.25,15300.0,15350.0
2021-05-28T00:00:00,False,2021-06-03,EOD,150.73,75.0,497.5,346.77,True,0.1503,1327.5,15300.0,16000.0
2021-05-31T00:00:00,False,2021-06-03,EOD,681.28,75.0,1027.5,346.22,True,0.2093,1605.0,15400.0,16000.0
2021-06-01T00:00:00,False,2021-06-03,EOD,-296.97,75.0,42.5,339.47,False,-0.0045,90.0,15000.0,16000.0
2021-06-02T00:00:00,False,2021-06-03,TARGET,-28.11,34.0,312.26,340.37,False,-0.1151,408.75,15000.0,15700.0
2021-06-03T00:00:00,False,2021-06-03,TARGET,-172.52,21.0,167.22,339.74,False,-0.21,208.75,15000.0,15700.0
2021-06-04T00:00:00,False,2021-06-10,EOD,534.02,75.0,886.25,352.23,True,-0.0281,2810.0,15500.0,15700.0
2021-06-07T00:00:00,False,2021-06-10,EOD,-291.41,75.0,55.0,346.41,False,0.1299,1196.25,15700.0,16000.0
2021-06-08T00:00:00,False,2021-06-10,EOD,-240.93,75.0,98.75,339.68,False,-0.0656,175.0,15000.0,16000.0
2021-06-09T00:00:00,False,2021-06-10,EOD,330.45,75.0,672.5,342.05,True,-0.2604,958.75,15500.0,15800.0
2021-06-10T00:00:00,False,2021-06-10,TARGET,432.14,55.0,774.25,342.11,True,0.2871,1011.25,15700.0,15800.0
2021-06-11T00:00:00,False,2021-06-17,EOD,-180.05,75.0,161.25,341.3,False,-0.1325,546.25,15000.0,16000.0
2021-06-14T00:00:00,False,2021-06-17,EOD,-296.7,75.0,43.75,340.45,False,-0.0985,330.0,15000.0,16000.0
2021-06-15T00:00:00,False,2021-06-17,EOD,-263.97,75.0,76.25,340.22,False,-0.1475,382.5,15000.0,16000.0
2021-06-16T00:00:00,False,2021-06-17,EOD,209.24,75.0,551.25,342.01,True,-0.23,1001.25,15600.0,15900.0
2021-06-17T00:00:00,False,2021-06-17,TARGET,644.14,60.0,985.72,341.58,True,-0.3195,1050.0,15000.0,15700.0
2021-06-18T00:00:00,False,2021-06-24,EOD,-120.02,75.0,221.25,341.27,False,-0.088,493.75,15000.0,16000.0
2021-06-21T00:00:00,False,2021-06-24,EOD,-376.84,75.0,-36.25,340.59,False,-0.0467,150.0,15000.0,16000.0
2021-06-22T00:00:00,False,2021-06-24,EOD,-154.04,75.0,187.5,341.54,False,-0.1001,465.0,15500.0,16000.0
2021-06-23T00:00:00,False,2021-06-24,TARGET,712.76,12.0,1056.91,344.15,True,-0.535,1383.75,15500.0,15800.0
2021-06-24T00:00:00,False,2021-06-24,TARGET,-96.42,34.0,243.62,340.04,False,-0.1261,317.5,15500.0,15800.0
2021-06-25T00:00:00,False,2021-07-01,EOD,-131.24,75.0,211.25,342.49,False,-0.1568,850.0,15000.0,16000.0
2021-06-28T00:00:00,False,2021-07-01,EOD,-116.06,75.0,230.0,346.06,False,-0.0595,1765.0,15800.0,16000.0
2021-06-29T00:00:00,False,2021-07-01,EOD,284.85,75.0,627.5,342.65,True,-0.1686,1011.25,15500.0,15900.0
2021-06-30T00:00:00,False,2021-07-01,EOD,-86.42,75.0,253.75,340.17,False,-0.108,358.75,15500.0,15900.0
2021-07-01T00:00:00,False,2021-07-01,TARGET,660.82,17.0,1003.36,342.54,True,-0.6858,1305.0,15500.0,15700.0
2021-07-02T00:00:00,False,2021-07-08,EOD,-88.31,75.0,255.0,343.31,False,-0.2088,1081.25,15000.0,15800.0
2021-07-05T00:00:00,False,2021-07-08,EOD,262.14,75.0,605.0,342.86,True,0.1178,1096.25,15700.0,16000.0
2021-07-06T00:00:00,False,2021-07-08,EOD,-215.7,75.0,125.0,340.7,False,0.0632,481.25,15700.0,16000.0
2021-07-07T00:00:00,False,2021-07-08,EOD,318.8,75.0,661.25,342.45,True,0.2736,1055.0,15800.0,16000.0
2021-07-08T00:00:00,False,2021-07-08,TARGET,756.82,44.0,1100.21,343.39,True,-0.591,1335.0,15700.0,15800.0
2021-07-09T00:00:00,False,2021-07-15,EOD,27.93,75.0,372.5,344.57,True,-0.1761,1250.0,15000.0,15800.0
2021-07-12T00:00:00,False,2021-07-15,EOD,-342.51,75.0,5.0,347.51,False,-0.0463,1812.5,15700.0,15800.0
2021-07-13T00:00:00,False,2021-07-15,EOD,214.69,75.0,557.5,342.81,True,0.1236,943.75,15700.0,16000.0
2021-07-14T00:00:00,False,2021-07-15,EOD,239.99,75.0,582.5,342.51,True,0.3,1033.75,15800.0,16000.0
2021-07-15T00:00:00,False,2021-07-15,TARGET,574.85,34.0,917.19,342.34,True,0.4597,1182.5,15900.0,16000.0
2021-07-16T00:00:00,False,2021-07-22,EOD,285.54,75.0,635.0,349.46,True,-0.0563,2487.5,15900.0,16000.0
2021-07-19T00:00:00,False,2021-07-22,EOD,-644.48,75.0,-296.25,348.23,False,-0.0047,1336.25,15700.0,15800.0
2021-07-20T00:00:00,False,2021-07-22,EOD,195.33,75.0,537.5,342.17,True,-0.1522,898.75,15500.0,15800.0
2021-07-22T00:00:00,False,2021-07-22,TARGET,850.87,50.0,1195.5,344.63,True,0.4344,1523.75,15800.0,16000.0
2021-07-23T00:00:00,False,2021-07-29,EOD,-226.16,75.0,115.0,341.16,False,-0.1616,575.0,15000.0,16000.0
2021-07-26T00:00:00,False,2021-07-29,EOD,-476.14,75.0,-131.25,344.89,False,0.0193,1107.5,15800.0,16000.0
2021-07-27T00:00:00,False,2021-07-29,TARGET,305.55,47.0,646.92,341.37,True,-0.2992,820.0,15000.0,15900.0
2021-07-28T00:00:00,False,2021-07-29,EOD,75.87,75.0,417.5,341.63,True,-0.2664,821.25,15500.0,15800.0
2021-07-29T00:00:00,False,2021-07-29,TARGET,356.58,62.0,698.22,341.64,True,-0.0176,930.0,15700.0,15800.0
2021-07-30T00:00:00,False,2021-08-05,EOD,-271.25,75.0,76.25,347.5,False,-0.0634,1500.0,15700.0,15900.0
2021-08-02T00:00:00,False,2021-08-05,EOD,-643.86,75.0,-297.5,346.36,False,-0.0809,1452.5,15800.0,15900.0
2021-08-03T00:00:00,False,2021-08-05,EOD,-227.79,75.0,116.25,344.04,False,0.19,962.5,15900.0,16200.0
2021-08-04T00:00:00,False,2021-08-05,EOD,-173.81,75.0,167.5,341.31,False,-0.0181,272.5,16000.0,16400.0
2021-08-05T00:00:00,False,2021-08-05,TARGET,1273.53,67.0,1618.47,344.94,True,0.0184,2123.75,16300.0,16300.0
2021-08-06T00:00:00,False,2021-08-12,EOD,568.56,75.0,916.25,347.69,True,-0.232,1922.5,15500.0,16300.0
2021-08-09T00:00:00,False,2021-08-12,EOD,-326.36,75.0,21.25,347.61,False,-0.1061,1765.0,16200.0,16300.0
2021-08-10T00:00:00,False,2021-08-12,EOD,-146.5,75.0,198.75,345.25,False,-0.1046,1673.75,16200.0,16300.0
2021-08-11T00:00:00,False,2021-08-12,EOD,-7.29,75.0,336.25,343.54,False,-0.3098,1345.0,16200.0,16300.0
2021-08-12T00:00:00,False,2021-08-12,EOD,-102.42,75.0,241.25,343.67,False,-0.013,1848.75,16300.0,16300.0
2021-08-13T00:00:00,False,2021-08-18,EOD,488.99,75.0,836.25,347.26,True,0.2131,1467.5,16400.0,16800.0
2021-08-16T00:00:00,False,2021-08-18,EOD,-417.17,75.0,-73.75,343.42,False,0.0787,262.5,16400.0,17000.0
2021-08-17T00:00:00,False,2021-08-18,EOD,-377.16,75.0,-35.0,342.16,False,0.0909,395.0,16500.0,16700.0
2021-08-18T00:00:00,False,2021-08-18,TARGET,1174.09,46.0,1518.68,344.59,True,-0.6436,1962.5,16500.0,16600.0
2021-08-20T00:00:00,False,2021-08-26,EOD,-106.19,75.0,241.25,347.44,False,-0.1442,1408.75,15500.0,16500.0
2021-08-23T00:00:00,False,2021-08-26,EOD,95.52,75.0,438.75,343.23,True,-0.2755,1133.75,16000.0,16600.0
2021-08-24T00:00:00,False,2021-08-26,EOD,466.66,75.0,811.25,344.59,True,0.1746,1233.75,16500.0,16800.0
2021-08-25T00:00:00,False,2021-08-26,EOD,131.78,75.0,473.75,341.97,True,-0.1681,950.0,16500.0,16700.0
2021-08-26T00:00:00,False,2021-08-26,TARGET,1041.81,59.0,1385.24,343.43,True,-0.0244,1823.75,16600.0,16650.0
2021-08-27T00:00:00,False,2021-09-02,EOD,-171.41,75.0,175.0,346.41,False,0.1585,1077.5,16600.0,17000.0
2021-08-30T00:00:00,False,2021-09-02,EOD,139.36,75.0,486.25,346.89,True,0.0918,1527.5,16700.0,17000.0
2021-08-31T00:00:00,False,2021-09-02,STOP,-1133.98,70.0,-793.51,340.47,False,-0.141,428.75,16000.0,17100.0
2021-09-01T00:00:00,False,2021-09-02,EOD,82.43,75.0,426.25,343.82,True,-0.2088,927.5,17000.0,17200.0
2021-09-02T00:00:00,False,2021-09-02,TARGET,1560.58,58.0,1908.12,347.54,True,0.3886,2402.5,17200.0,17250.0
2021-09-03T00:00:00,False,2021-09-09,EOD,-68.34,75.0,273.75,342.09,False,0.0868,546.25,17000.0,18000.0
2021-09-06T00:00:00,False,2021-09-09,EOD,-303.28,75.0,36.25,339.53,False,-0.0066,71.25,16500.0,18000.0
2021-09-07T00:00:00,False,2021-09-09,EOD,-146.9,75.0,196.25,343.15,False,0.1705,896.25,17300.0,18000.0
2021-09-08T00:00:00,False,2021-09-09,EOD,44.65,75.0,387.5,342.85,True,0.0296,1012.5,17300.0,17500.0
2021-09-09T00:00:00,False,2021-09-09,TARGET,414.29,55.0,756.15,341.86,True,0.1353,1007.5,17300.0,17400.0
2021-09-13T00:00:00,False,2021-09-16,EOD,84.47,75.0,430.0,345.53,True,-0.2308,1521.25,16500.0,17400.0
2021-09-14T00:00:00,False,2021-09-16,EOD,-173.77,75.0,172.5,346.27,False,-0.1527,1812.5,17300.0,17400.0
2021-09-15T00:00:00,False,2021-09-16,EOD,-422.92,75.0,-78.75,344.17,False,0.1661,1396.25,17400.0,17500.0
2021-09-16T00:00:00,False,2021-09-16,TARGET,64.39,48.0,405.06,340.67,True,0.1579,540.0,17500.0,17650.0
2021-09-17T00:00:00,False,2021-09-23,STOP,-362.53,29.0,-22.77,339.76,False,0.0036,13.75,17000.0,18500.0
2021-09-20T00:00:00,False,2021-09-23,EOD,-428.57,75.0,-87.5,341.07,False,0.0049,213.75,17000.0,18000.0
2021-09-21T00:00:00,False,2021-09-23,EOD,-224.39,75.0,117.5,341.89,False,0.0236,191.25,17000.0,18000.0
2021-09-22T00:00:00,False,2021-09-23,EOD,-348.27,75.0,-8.75,339.52,False,-0.0128,28.75,17000.0,18000.0
2021-09-23T00:00:00,False,2021-09-23,TARGET,897.59,62.0,1241.61,344.02,True,0.37,1597.5,17700.0,18000.0
2021-09-24T00:00:00,False,2021-09-30,EOD,-287.71,75.0,52.5,340.21,False,-0.0045,132.5,17000.0,18500.0
2021-09-27T00:00:00,False,2021-09-30,EOD,834.84,75.0,1181.25,346.41,True,-0.2182,1917.5,17000.0,18000.0
2021-09-28T00:00:00,False,2021-09-30,TARGET,356.36,45.0,699.49,343.13,True,-0.1899,925.0,17000.0,18000.0
2021-09-29T00:00:00,False,2021-09-30,STOP,-413.47,60.0,-73.46,340.01,False,-0.0233,43.75,17000.0,18000.0
2021-09-30T00:00:00,False,2021-09-30,TARGET,-310.7,40.0,28.52,339.22,False,-0.0176,28.75,17000.0,18000.0
2021-10-01T00:00:00,False,2021-10-07,EOD,1222.46,75.0,1576.25,353.79,True,0.1252,2503.75,17400.0,18500.0
2021-10-04T00:00:00,False,2021-10-07,EOD,-206.95,75.0,145.0,351.95,False,0.0984,1130.0,17600.0,18000.0
2021-10-05T00:00:00,False,2021-10-07,EOD,192.63,75.0,537.5,344.87,True,0.1407,1070.0,17600.0,18000.0
2021-10-06T00:00:00,False,2021-10-07,TARGET,32.07,48.0,372.88,340.81,True,-0.109,490.0,17500.0,18000.0
2021-10-07T00:00:00,False,2021-10-07,TARGET,216.86,70.0,557.92,341.06,True,-0.3889,608.75,17400.0,17800.0
2021-10-08T00:00:00,False,2021-10-14,EOD,57.2,75.0,411.25,354.05,True,-0.0482,2323.75,17800.0,18000.0
2021-10-11T00:00:00,False,2021-10-14,EOD,-28.42,75.0,316.25,344.67,False,0.1754,881.25,17800.0,18500.0
2021-10-12T00:00:00,False,2021-10-14,EOD,-334.32,75.0,12.5,346.82,False,-0.0646,1745.0,17800.0,18000.0
2021-10-13T00:00:00,False,2021-10-14,EOD,-509.33,75.0,-165.0,344.33,False,0.0065,886.25,18000.0,18200.0
2021-10-14T00:00:00,False,2021-10-14,TARGET,995.68,58.0,1341.24,345.56,True,0.142,1736.25,18300.0,18350.0
2021-10-18T00:00:00,False,2021-10-21,EOD,-2.46,75.0,343.75,346.21,False,0.0916,893.75,18300.0,19000.0
2021-10-19T00:00:00,False,2021-10-21,EOD,-450.28,75.0,-108.75,341.53,False,0.0753,542.5,18300.0,19000.0
2021-10-20T00:00:00,False,2021-10-21,TARGET,425.45,61.0,770.46,345.01,True,-0.1822,1008.75,18000.0,18500.0
2021-10-21T00:00:00,False,2021-10-21,TARGET,2185.46,13.0,2536.78,351.32,True,-0.3489,3295.0,18000.0,18200.0
2021-10-22T00:00:00,False,2021-10-28,EOD,-337.79,75.0,2.5,340.29,False,-0.0031,147.5,17500.0,19000.0
2021-10-25T00:00:00,False,2021-10-28,EOD,-357.65,75.0,-17.5,340.15,False,-0.002,72.5,17500.0,19000.0
2021-10-26T00:00:00,False,2021-10-28,EOD,148.4,75.0,493.75,345.35,True,0.066,1105.0,18000.0,18500.0
2021-10-27T00:00:00,False,2021-10-28,EOD,-8.88,75.0,332.5,341.38,False,-0.0888,576.25,18000.0,18500.0
2021-10-28T00:00:00,False,2021-10-28,TARGET,-282.25,11.0,57.05,339.3,False,-0.0153,73.75,17800.0,18500.0
2021-10-29T00:00:00,False,2021-11-03,EOD,474.39,75.0,825.0,350.61,True,-0.0952,1381.25,17000.0,18000.0
2021-11-01T00:00:00,False,2021-11-03,EOD,-733.72,75.0,-378.75,354.97,False,0.0938,1481.25,17800.0,18000.0
2021-11-02T00:00:00,False,2021-11-03,EOD,-586.1,75.0,-237.5,348.6,False,-0.137,305.0,17500.0,18000.0
2021-11-03T00:00:00,False,2021-11-03,TARGET,526.45,56.0,869.16,342.71,True,-0.0751,1091.25,17800.0,18000.0
2021-11-08T00:00:00,False,2021-11-11,EOD,328.02,75.0,675.0,346.98,True,0.106,1208.75,17900.0,18500.0
2021-11-09T00:00:00,False,2021-11-11,EOD,81.87,75.0,427.5,345.63,True,-0.0717,1485.0,17900.0,18200.0
2021-11-10T00:00:00,False,2021-11-11,EOD,92.99,75.0,436.25,343.26,True,0.1203,1046.25,17900.0,18200.0
2021-11-11T00:00:00,False,2021-11-11,TARGET,505.05,54.0,847.33,342.28,True,-0.1922,1121.25,17800.0,18000.0
2021-11-12T00:00:00,False,2021-11-18,EOD,-206.41,75.0,146.25,352.66,False,0.1441,1072.5,18000.0,18500.0
2021-11-15T00:00:00,False,2021-11-18,EOD,-438.17,75.0,-93.75,344.42,False,0.1298,677.5,18000.0,18500.0
2021-11-16T00:00:00,False,2021-11-18,EOD,423.64,75.0,768.75,345.11,True,-0.1651,1483.75,17800.0,18200.0
2021-11-17T00:00:00,False,2021-11-18,EOD,-109.53,75.0,232.5,342.03,False,0.0649,735.0,17800.0,18200.0
2021-11-18T00:00:00,False,2021-11-18,TARGET,601.81,50.0,944.51,342.7,True,-0.2476,1231.25,17750.0,17900.0
2021-11-22T00:00:00,False,2021-11-25,EOD,156.87,75.0,500.0,343.13,True,-0.1163,780.0,17000.0,18000.0
2021-11-23T00:00:00,False,2021-11-25,NOSIM,0.0,,,,,,,,
2021-11-24T00:00:00,False,2021-11-25,TARGET,-272.2,25.0,67.38,339.58,False,0.0077,87.5,17000.0,18000.0
2021-11-25T00:00:00,False,2021-11-25,TARGET,979.34,36.0,1326.15,346.81,True,0.4185,1751.25,17500.0,17700.0
2021-11-26T00:00:00,False,2021-12-02,EOD,-2.09,75.0,348.75,350.84,False,-0.0482,1935.0,17000.0,17500.0
2021-11-29T00:00:00,False,2021-12-02,EOD,-178.75,75.0,162.5,341.25,False,-0.0452,357.5,16000.0,17500.0
2021-11-30T00:00:00,False,2021-12-02,STOP,-551.63,4.0,-211.41,340.22,False,-0.0265,130.0,16000.0,17500.0
2021-12-01T00:00:00,False,2021-12-02,TARGET,-174.65,74.0,165.27,339.92,False,0.0174,220.0,16500.0,17500.0
2021-12-02T00:00:00,False,2021-12-02,TARGET,-318.18,23.0,20.98,339.16,False,-0.0099,26.25,16500.0,17500.0
2021-12-03T00:00:00,False,2021-12-09,EOD,-487.99,75.0,-143.75,344.24,False,0.0427,626.25,17000.0,18000.0
2021-12-06T00:00:00,False,2021-12-09,TARGET,318.36,65.0,661.59,343.23,True,-0.1166,863.75,16000.0,17500.0
2021-12-07T00:00:00,False,2021-12-09,EOD,-329.07,75.0,20.0,349.07,False,0.1336,506.25,17000.0,18000.0
2021-12-08T00:00:00,False,2021-12-09,EOD,-436.28,75.0,-95.0,341.28,False,0.0233,223.75,17000.0,17600.0
2021-12-09T00:00:00,False,2021-12-09,TARGET,611.89,70.0,953.93,342.04,True,0.2453,942.5,17500.0,17700.0
2021-12-10T00:00:00,False,2021-12-16,EOD,-142.3,75.0,206.25,348.55,False,0.0791,1141.25,17400.0,18000.0
2021-12-13T00:00:00,False,2021-12-16,EOD,713.44,75.0,1062.5,349.06,True,-0.1773,1936.25,17000.0,17600.0
2021-12-14T00:00:00,False,2021-12-16,EOD,-332.96,75.0,8.75,341.71,False,0.052,242.5,17000.0,18000.0
2021-12-15T00:00:00,False,2021-12-16,EOD,-204.39,75.0,137.5,341.89,False,-0.084,511.25,17000.0,17500.0
2021-12-16T00:00:00,False,2021-12-16,TARGET,995.0,10.0,1342.05,347.05,True,-0.4336,1632.5,17200.0,17300.0
2021-12-17T00:00:00,False,2021-12-23,STOP,-970.97,13.0,-627.09,343.88,False,0.0665,427.5,17000.0,18000.0
2021-12-20T00:00:00,False,2021-12-23,TARGET,446.35,41.0,796.73,350.38,True,-0.1059,1046.25,16000.0,17000.0
2021-12-21T00:00:00,False,2021-12-23,NOSIM,0.0,,,,,,,,
2021-12-22T00:00:00,False,2021-12-23,TARGET,1104.09,70.0,1449.42,345.33,True,0.2264,1912.5,16800.0,17200.0
2021-12-23T00:00:00,False,2021-12-23,TARGET,1120.59,58.0,1466.39,345.8,True,0.0191,1923.75,17050.0,17100.0
2021-12-24T00:00:00,False,2021-12-30,EOD,-325.02,75.0,16.25,341.27,False,0.0306,258.75,16500.0,18000.0
2021-12-27T00:00:00,False,2021-12-30,EOD,1162.95,75.0,1516.25,353.3,True,0.1721,2380.0,17000.0,18000.0
2021-12-28T00:00:00,False,2021-12-30,EOD,260.83,75.0,605.0,344.17,True,0.1269,856.25,17000.0,18000.0
2021-12-29T00:00:00,False,2021-12-30,NOSIM,0.0,,,,,,,,
2021-12-30T00:00:00,False,2021-12-30,TARGET,599.32,46.0,942.15,342.83,True,0.3398,1248.75,17200.0,17500.0
2021-12-31T00:00:00,False,2022-01-06,EOD,140.04,75.0,493.75,353.71,True,0.1636,1593.75,17300.0,18000.0
2022-01-03T00:00:00,False,2022-01-06,EOD,665.97,75.0,1012.5,346.53,True,0.1576,1406.25,17300.0,18000.0
2022-01-04T00:00:00,False,2022-01-06,EOD,-387.56,75.0,-47.5,340.06,False,-0.0329,236.25,17000.0,18000.0
2022-01-05T00:00:00,False,2022-01-06,EOD,625.34,75.0,971.25,345.91,True,0.1289,1750.0,17800.0,18000.0
2022-01-06T00:00:00,False,2022-01-06,TARGET,-97.98,62.0,242.71,340.69,False,0.0461,276.25,17700.0,18000.0
2022-01-07T00:00:00,False,2022-01-13,EOD,-197.57,75.0,152.5,350.07,False,-0.0553,1460.0,17500.0,18000.0
2022-01-10T00:00:00,False,2022-01-13,EOD,-356.56,75.0,-15.0,341.56,False,0.0262,153.75,17500.0,18500.0
2022-01-11T00:00:00,False,2022-01-13,TARGET,-46.45,71.0,293.6,340.05,False,0.0457,381.25,17500.0,18500.0
2022-01-12T00:00:00,False,2022-01-13,EOD,-229.78,75.0,110.0,339.78,False,0.0042,156.25,17700.0,18500.0
2022-01-13T00:00:00,False,2022-01-13,TARGET,-322.1,57.0,16.98,339.08,False,-0.0019,22.5,17700.0,18500.0
2022-01-14T00:00:00,False,2022-01-20,EOD,-647.92,75.0,-296.25,351.67,False,0.1509,862.5,18200.0,19000.0
2022-01-17T00:00:00,False,2022-01-20,EOD,-314.52,75.0,25.0,339.52,False,0.0097,60.0,17500.0,19000.0
2022-01-18T00:00:00,False,2022-01-20,TARGET,1193.85,72.0,1542.89,349.04,True,-0.2323,2002.5,17500.0,18300.0
2022-01-19T00:00:00,False,2022-01-20,TARGET,-116.68,65.0,223.64,340.32,False,-0.0959,285.0,17500.0,18300.0
2022-01-20T00:00:00,False,2022-01-20,TARGET,1529.08,48.0,1881.67,352.59,True,-0.2172,2448.75,17700.0,17800.0
2022-01-21T00:00:00,False,2022-01-27,EOD,-505.52,75.0,-161.25,344.27,False,-0.0156,378.75,17000.0,18000.0
2022-01-24T00:00:00,False,2022-01-27,EOD,-233.41,75.0,107.5,340.91,False,-0.0453,296.25,16500.0,18000.0
2022-01-25T00:00:00,False,2022-01-27,TARGET,-271.83,52.0,68.1,339.93,False,0.0037,90.0,16000.0,18000.0
2022-01-27T00:00:00,False,2022-01-27,TARGET,155.71,61.0,502.82,347.11,True,0.0657,660.0,17000.0,17400.0
2022-01-28T00:00:00,False,2022-02-03,NOLEG,0.0,,,,,,,,
2022-01-31T00:00:00,False,2022-02-03,NOLEG,0.0,,,,,,,,
2022-02-01T00:00:00,False,2022-02-03,EOD,-10.46,75.0,335.0,345.46,False,-0.0445,648.75,16500.0,18000.0
2022-02-02T00:00:00,False,2022-02-03,EOD,45.66,75.0,387.5,341.84,True,-0.0968,573.75,17000.0,18000.0
2022-02-03T00:00:00,False,2022-02-03,TARGET,1004.61,72.0,1350.83,346.22,True,-0.3768,1728.75,17200.0,17700.0
2022-02-04T00:00:00,False,2022-02-10,EOD,-951.64,75.0,-595.0,356.64,False,0.003,1310.0,17500.0,17800.0
2022-02-07T00:00:00,False,2022-02-10,EOD,-538.42,75.0,-196.25,342.17,False,0.0237,535.0,17000.0,18000.0
2022-02-08T00:00:00,False,2022-02-10,EOD,-200.57,75.0,142.5,343.07,False,-0.079,505.0,16500.0,17500.0
2022-02-09T00:00:00,False,2022-02-10,TARGET,-188.82,66.0,151.33,340.15,False,0.0444,197.5,17000.0,18000.0
2022-02-10T00:00:00,False,2022-02-10,TARGET,960.41,44.0,1306.82,346.41,True,0.3334,1736.25,17600.0,17800.0
2022-02-11T00:00:00,False,2022-02-17,EOD,-173.52,75.0,167.5,341.02,False,-0.0371,310.0,16500.0,18000.0
2022-02-14T00:00:00,False,2022-02-17,EOD,-292.2,75.0,51.25,343.45,False,-0.0601,310.0,16000.0,17500.0
2022-02-15T00:00:00,False,2022-02-17,TARGET,1194.35,73.0,1558.58,364.23,True,0.0955,2032.5,17000.0,17700.0
2022-02-16T00:00:00,False,2022-02-17,EOD,371.54,75.0,717.5,345.96,True,-0.188,1268.75,17000.0,17500.0
2022-02-17T00:00:00,False,2022-02-17,TARGET,597.71,40.0,941.47,343.76,True,0.0904,1220.0,17300.0,17500.0
2022-02-18T00:00:00,False,2022-02-24,EOD,1025.33,75.0,1380.0,354.67,True,0.0964,2193.75,17000.0,18000.0
2022-02-21T00:00:00,False,2022-02-24,EOD,-736.86,75.0,-385.0,351.86,False,0.0511,362.5,17000.0,18000.0
2022-02-22T00:00:00,False,2022-02-24,TARGET,277.05,1.0,629.71,352.66,True,0.4997,143.75,17000.0,18000.0
2022-02-23T00:00:00,False,2022-02-24,EOD,-364.27,75.0,-23.75,340.52,False,0.0075,35.0,16500.0,18000.0
2022-02-24T00:00:00,False,2022-02-24,TARGET,712.69,70.0,1065.92,353.23,True,-0.2179,1207.5,16000.0,16500.0
2022-02-25T00:00:00,False,2022-03-03,EOD,607.02,75.0,965.0,357.98,True,0.0366,1533.75,16000.0,17500.0
2022-02-28T00:00:00,False,2022-03-03,EOD,-426.66,75.0,-77.5,349.16,False,0.0315,383.75,16000.0,17500.0
2022-03-02T00:00:00,False,2022-03-03,EOD,-243.01,75.0,98.75,341.76,False,0.006,165.0,15500.0,17500.0
2022-03-04T00:00:00,False,2022-03-10,NOSIM,0.0,,,,,,,,
2022-03-07T00:00:00,False,2022-03-10,NOLEG,0.0,,,,,,,,
2022-03-08T00:00:00,False,2022-03-10,TARGET,86.85,72.0,430.13,343.28,True,0.0464,570.0,15000.0,17000.0
2022-03-09T00:00:00,False,2022-03-10,TARGET,-132.95,73.0,209.44,342.39,False,0.0325,277.5,15500.0,17000.0
2022-03-10T00:00:00,False,2022-03-10,TARGET,-223.51,4.0,116.76,340.27,False,-0.0831,138.75,16000.0,17000.0
2022-03-11T00:00:00,False,2022-03-17,STOP,-392.26,4.0,-41.74,350.52,False,0.0017,21.25,16000.0,17500.0
2022-03-14T00:00:00,False,2022-03-17,STOP,-566.2,61.0,-222.09,344.11,False,0.0098,156.25,16000.0,17500.0
2022-03-15T00:00:00,False,2022-03-17,EOD,-325.63,75.0,16.25,341.88,False,-0.0106,336.25,16000.0,17500.0
2022-03-16T00:00:00,False,2022-03-17,TARGET,-89.06,75.0,251.25,340.31,False,0.0205,332.5,16000.0,17500.0
2022-03-17T00:00:00,False,2022-03-17,TARGET,189.17,71.0,530.44,341.27,True,-0.1866,586.25,16000.0,17300.0
2022-03-21T00:00:00,False,2022-03-24,EOD,-263.06,75.0,77.5,340.56,False,-0.0173,190.0,16000.0,18000.0
2022-03-22T00:00:00,False,2022-03-24,EOD,-255.17,75.0,85.0,340.17,False,0.0058,146.25,16300.0,18000.0
2022-03-23T00:00:00,False,2022-03-24,TARGET,-288.75,62.0,50.61,339.36,False,-0.0039,63.75,16500.0,18000.0
2022-03-24T00:00:00,False,2022-03-24,TARGET,616.15,1.0,963.71,347.56,True,0.5784,1242.5,17200.0,17500.0
2022-03-25T00:00:00,False,2022-03-31,EOD,-316.88,75.0,23.75,340.63,False,-0.0066,133.75,16000.0,18000.0
2022-03-28T00:00:00,False,2022-03-31,EOD,-322.31,75.0,17.5,339.81,False,-0.0068,55.0,16000.0,18000.0
2022-03-29T00:00:00,False,2022-03-31,EOD,-317.0,75.0,22.5,339.5,False,-0.0014,62.5,16500.0,18000.0
2022-03-30T00:00:00,False,2022-03-31,EOD,-240.96,75.0,98.75,339.71,False,0.0171,145.0,17000.0,18000.0
2022-03-31T00:00:00,False,2022-03-31,TARGET,1225.55,57.0,1570.51,344.96,True,-0.2359,2082.5,17400.0,17500.0
2022-04-01T00:00:00,False,2022-04-07,EOD,-437.15,75.0,-96.25,340.9,False,-0.0373,340.0,16500.0,18000.0
2022-04-04T00:00:00,False,2022-04-07,TARGET,324.32,11.0,667.13,342.81,True,0.1248,842.5,17500.0,19000.0
2022-04-05T00:00:00,False,2022-04-07,EOD,-1177.78,75.0,-832.5,345.28,False,0.0945,648.75,18000.0,18500.0
2022-04-06T00:00:00,False,2022-04-07,EOD,57.63,75.0,400.0,342.37,True,-0.0611,670.0,17500.0,18000.0
2022-04-07T00:00:00,False,2022-04-07,TARGET,1352.3,60.0,1700.88,348.58,True,-0.1742,2153.75,17600.0,17650.0
2022-04-08T00:00:00,False,2022-04-13,TARGET,-327.2,8.0,12.82,340.02,False,-0.0118,15.0,17000.0,18500.0
2022-04-11T00:00:00,False,2022-04-13,TARGET,292.41,74.0,635.11,342.7,True,-0.1276,842.5,17000.0,18000.0
2022-04-12T00:00:00,False,2022-04-13,EOD,-275.72,75.0,63.75,339.47,False,-0.0199,90.0,17000.0,18000.0
2022-04-13T00:00:00,False,2022-04-13,TARGET,1280.8,36.0,1626.8,346.0,True,-0.5725,1665.0,17400.0,17500.0
2022-04-18T00:00:00,False,2022-04-21,EOD,-226.45,75.0,113.75,340.2,False,0.0082,186.25,16500.0,18000.0
2022-04-19T00:00:00,False,2022-04-21,TARGET,-1.13,47.0,340.19,341.32,False,-0.096,443.75,16500.0,17500.0
2022-04-20T00:00:00,False,2022-04-21,NOSIM,0.0,,,,,,,,
2022-04-21T00:00:00,False,2022-04-21,TARGET,1525.71,54.0,1875.8,350.09,True,0.2636,2435.0,17350.0,17400.0
2022-04-22T00:00:00,False,2022-04-28,EOD,-511.89,75.0,-166.25,345.64,False,0.0723,682.5,17000.0,18000.0
2022-04-25T00:00:00,False,2022-04-28,EOD,-269.6,75.0,70.0,339.6,False,-0.0017,120.0,16000.0,17800.0
2022-04-26T00:00:00,False,2022-04-28,EOD,92.13,75.0,440.0,347.87,True,0.0787,1066.25,17000.0,17500.0
2022-04-27T00:00:00,False,2022-04-28,EOD,-113.47,75.0,231.25,344.72,False,0.1526,1090.0,17000.0,17500.0
2022-04-28T00:00:00,False,2022-04-28,TARGET,1511.77,54.0,1857.93,346.16,True,0.1851,2458.75,17200.0,17300.0
2022-04-29T00:00:00,False,2022-05-05,EOD,-582.64,75.0,-238.75,343.89,False,0.0864,772.5,17000.0,18000.0
2022-05-02T00:00:00,False,2022-05-05,EOD,-423.35,75.0,-68.75,354.6,False,0.1627,1195.0,17000.0,17500.0
2022-05-04T00:00:00,False,2022-05-05,TARGET,1309.13,64.0,1663.23,354.1,True,-0.1928,2167.5,16000.0,17000.0
2022-05-05T00:00:00,False,2022-05-05,TARGET,1191.22,59.0,1540.89,349.67,True,-0.4334,1962.5,16500.0,16700.0
2022-05-06T00:00:00,False,2022-05-12,NOLEG,0.0,,,,,,,,
2022-05-09T00:00:00,False,2022-05-12,EOD,206.43,75.0,553.75,347.32,True,0.1059,1163.75,16000.0,17000.0
2022-05-10T00:00:00,False,2022-05-12,EOD,-407.43,75.0,-63.75,343.68,False,0.0824,482.5,16000.0,17000.0
2022-05-11T00:00:00,False,2022-05-12,STOP,-372.36,16.0,-33.13,339.23,False,-0.0003,18.75,15500.0,17000.0
2022-05-12T00:00:00,False,2022-05-12,STOP,-646.8,3.0,-307.28,339.52,False,0.0727,185.0,15800.0,16500.0
2022-05-13T00:00:00,False,2022-05-19,TARGET,-177.33,53.0,163.43,340.76,False,0.018,217.5,15000.0,17000.0
2022-05-16T00:00:00,False,2022-05-19,EOD,-358.81,75.0,-18.75,340.06,False,0.0069,61.25,15000.0,17000.0
2022-05-17T00:00:00,False,2022-05-19,TARGET,-305.4,34.0,33.99,339.39,False,0.0083,45.0,15000.0,17000.0
2022-05-18T00:00:00,False,2022-05-19,EOD,101.6,75.0,445.0,343.4,True,-0.086,817.5,16000.0,16500.0
2022-05-19T00:00:00,False,2022-05-19,NOSIM,0.0,,,,,,,,
2022-05-20T00:00:00,False,2022-05-26,EOD,-451.6,75.0,-90.0,361.6,False,0.0769,747.5,16000.0,17000.0
2022-05-23T00:00:00,False,2022-05-26,EOD,-566.7,75.0,-220.0,346.7,False,0.0607,642.5,16000.0,17000.0
2022-05-24T00:00:00,False,2022-05-26,EOD,-382.54,75.0,-35.0,347.54,False,0.0933,936.25,16000.0,17000.0
2022-05-25T00:00:00,False,2022-05-26,TARGET,-80.57,61.0,259.77,340.34,False,-0.05,342.5,15500.0,16500.0
2022-05-26T00:00:00,False,2022-05-26,TARGET,741.57,52.0,1085.43,343.86,True,0.0208,1427.5,16000.0,16200.0
2022-05-27T00:00:00,False,2022-06-02,EOD,-446.09,75.0,-100.0,346.09,False,0.0617,550.0,16000.0,17000.0
2022-05-30T00:00:00,False,2022-06-02,NOSIM,0.0,,,,,,,,
2022-05-31T00:00:00,False,2022-06-02,EOD,-180.98,75.0,160.0,340.98,False,-0.0312,362.5,16000.0,17000.0
2022-06-01T00:00:00,False,2022-06-02,EOD,-292.4,75.0,47.5,339.9,False,0.0171,96.25,16000.0,17000.0
2022-06-02T00:00:00,False,2022-06-02,TARGET,1450.05,55.0,1800.9,350.85,True,0.2801,2362.5,16600.0,17000.0
2022-06-03T00:00:00,False,2022-06-09,EOD,-366.54,75.0,-23.75,342.79,False,0.0556,590.0,16300.0,17500.0
2022-06-06T00:00:00,False,2022-06-09,EOD,-224.15,75.0,120.0,344.15,False,0.0854,686.25,16300.0,17200.0
2022-06-07T00:00:00,False,2022-06-09,EOD,-202.92,75.0,137.5,340.42,False,0.0205,320.0,16000.0,17000.0
2022-06-08T00:00:00,False,2022-06-09,TARGET,-168.54,70.0,171.39,339.93,False,-0.0205,212.5,16000.0,16800.0
2022-06-09T00:00:00,False,2022-06-09,TARGET,1581.41,68.0,1934.03,352.62,True,0.3498,2452.5,16450.0,16500.0
2022-06-10T00:00:00,False,2022-06-16,EOD,-318.41,75.0,21.25,339.66,False,-0.0163,76.25,15000.0,17000.0
2022-06-13T00:00:00,False,2022-06-16,EOD,-329.73,75.0,11.25,340.98,False,-0.0268,168.75,15000.0,16500.0
2022-06-14T00:00:00,False,2022-06-16,EOD,-251.67,75.0,88.75,340.42,False,0.0124,147.5,15000.0,16500.0
2022-06-15T00:00:00,False,2022-06-16,EOD,-74.12,75.0,267.5,341.62,False,-0.1138,617.5,15000.0,16000.0
2022-06-16T00:00:00,False,2022-06-16,TARGET,2381.84,51.0,2761.28,379.44,True,-0.1145,3402.5,15000.0,15400.0
2022-06-17T00:00:00,False,2022-06-23,EOD,-283.15,75.0,66.25,349.4,False,0.0432,880.0,15000.0,16000.0
2022-06-20T00:00:00,False,2022-06-23,EOD,-43.04,75.0,302.5,345.54,False,0.0687,823.75,15000.0,16000.0
2022-06-21T00:00:00,False,2022-06-23,EOD,-65.29,75.0,276.25,341.54,False,0.0486,456.25,15000.0,16000.0
2022-06-22T00:00:00,False,2022-06-23,EOD,-257.41,75.0,82.5,339.91,False,0.0083,177.5,15000.0,16000.0
2022-06-23T00:00:00,False,2022-06-23,STOP,-648.03,6.0,-308.3,339.73,False,-0.0911,218.75,15000.0,15600.0
2022-06-24T00:00:00,False,2022-06-30,EOD,-525.57,75.0,-173.75,351.82,False,-0.0097,1235.0,15500.0,16000.0
2022-06-27T00:00:00,False,2022-06-30,EOD,-50.45,75.0,296.25,346.7,False,-0.1575,1182.5,15000.0,16000.0
2022-06-28T00:00:00,False,2022-06-30,EOD,-369.48,75.0,-27.5,341.98,False,-0.1153,671.25,15000.0,16000.0
2022-06-29T00:00:00,False,2022-06-30,EOD,-244.64,75.0,97.5,342.14,False,0.0282,616.25,15500.0,16000.0
2022-06-30T00:00:00,False,2022-06-30,STOP,-580.65,5.0,-241.31,339.34,False,-0.0521,145.0,15400.0,16000.0
2022-07-01T00:00:00,False,2022-07-07,EOD,-259.7,75.0,90.0,349.7,False,0.0789,841.25,15500.0,16500.0
2022-07-04T00:00:00,False,2022-07-07,TARGET,-234.1,74.0,105.73,339.83,False,0.0108,140.0,15000.0,16500.0
2022-07-05T00:00:00,False,2022-07-07,EOD,448.11,75.0,793.75,345.64,True,-0.1667,1522.5,15500.0,16000.0
2022-07-06T00:00:00,False,2022-07-07,EOD,316.65,75.0,663.75,347.1,True,0.1732,1191.25,15800.0,16200.0
2022-07-07T00:00:00,False,2022-07-07,TARGET,680.67,57.0,1027.06,346.39,True,-0.0004,1362.5,16100.0,16200.0
2022-07-08T00:00:00,False,2022-07-14,EOD,-157.3,75.0,202.5,359.8,False,-0.0861,2625.0,16000.0,16200.0
2022-07-11T00:00:00,False,2022-07-14,EOD,-160.42,75.0,185.0,345.42,False,0.1051,908.75,16000.0,16600.0
2022-07-12T00:00:00,False,2022-07-14,EOD,231.86,75.0,576.25,344.39,True,-0.1443,1405.0,15700.0,16200.0
2022-07-13T00:00:00,False,2022-07-14,EOD,-321.74,75.0,17.5,339.24,False,-0.0119,52.5,15500.0,16500.0
2022-07-14T00:00:00,False,2022-07-14,TARGET,1593.69,53.0,1940.92,347.23,True,-0.2351,2572.5,15900.0,15950.0
2022-07-15T00:00:00,False,2022-07-21,EOD,107.2,75.0,460.0,352.8,True,0.128,1686.25,16000.0,16600.0
2022-07-18T00:00:00,False,2022-07-21,EOD,-162.79,75.0,180.0,342.79,False,0.0998,602.5,16000.0,16600.0
2022-07-19T00:00:00,False,2022-07-21,EOD,214.6,75.0,560.0,345.4,True,0.2371,1195.0,16200.0,16600.0
2022-07-20T00:00:00,False,2022-07-21,EOD,-446.92,75.0,-106.25,340.67,False,-0.2269,395.0,16000.0,16600.0
2022-07-21T00:00:00,False,2022-07-21,TARGET,274.82,61.0,616.63,341.81,True,0.2406,820.0,16500.0,16700.0
2022-07-22T00:00:00,False,2022-07-28,EOD,-235.83,75.0,111.25,347.08,False,0.042,1191.25,16500.0,17000.0
2022-07-25T00:00:00,False,2022-07-28,EOD,-76.02,75.0,265.0,341.02,False,-0.0839,461.25,16000.0,17000.0
2022-07-26T00:00:00,False,2022-07-28,TARGET,-221.73,61.0,117.94,339.67,False,-0.0269,155.0,16000.0,17000.0
2022-07-27T00:00:00,False,2022-07-28,EOD,-321.79,75.0,17.5,339.29,False,0.0136,68.75,16000.0,17000.0
2022-07-28T00:00:00,False,2022-07-28,TARGET,1113.31,54.0,1464.76,351.45,True,0.2423,1912.5,16900.0,16950.0
2022-07-29T00:00:00,False,2022-08-04,EOD,153.76,75.0,503.75,349.99,True,0.1089,1378.75,17000.0,17600.0
2022-08-01T00:00:00,False,2022-08-04,EOD,-647.49,75.0,-306.25,341.24,False,-0.0923,455.0,16500.0,17500.0
2022-08-02T00:00:00,False,2022-08-04,EOD,-175.19,75.0,171.25,346.44,False,0.0325,1366.25,17200.0,17500.0
2022-08-03T00:00:00,False,2022-08-04,EOD,-205.6,75.0,136.25,341.85,False,-0.1207,677.5,17000.0,17500.0
2022-08-04T00:00:00,False,2022-08-04,TARGET,1619.37,27.0,1965.13,345.76,True,-0.3895,2016.25,17000.0,17400.0
2022-08-05T00:00:00,False,2022-08-11,EOD,-163.2,75.0,181.25,344.45,False,0.0104,605.0,17000.0,18000.0
2022-08-08T00:00:00,False,2022-08-11,EOD,127.84,75.0,478.75,350.91,True,0.1481,1250.0,17400.0,18000.0
2022-08-10T00:00:00,False,2022-08-11,EOD,-333.21,75.0,6.25,339.46,False,-0.0077,45.0,17000.0,18000.0
2022-08-11T00:00:00,False,2022-08-11,TARGET,507.8,51.0,849.78,341.98,True,-0.4196,1056.25,17300.0,17700.0
2022-08-12T00:00:00,False,2022-08-18,EOD,-185.53,75.0,160.0,345.53,False,-0.1392,1157.5,17000.0,17800.0
2022-08-16T00:00:00,False,2022-08-18,EOD,-135.68,75.0,215.0,350.68,False,-0.1344,2258.75,17700.0,17800.0
2022-08-17T00:00:00,False,2022-08-18,EOD,144.56,75.0,488.75,344.19,True,0.0872,1641.25,17800.0,18000.0
2022-08-18T00:00:00,False,2022-08-18,TARGET,798.05,60.0,1141.3,343.25,True,0.1919,1496.25,17900.0,18000.0
2022-08-19T00:00:00,False,2022-08-25,EOD,228.91,75.0,577.5,348.59,True,-0.1604,1260.0,17000.0,18000.0
2022-08-22T00:00:00,False,2022-08-25,EOD,-111.32,75.0,230.0,341.32,False,-0.1132,423.75,17000.0,18000.0
2022-08-23T00:00:00,False,2022-08-25,TARGET,1570.34,8.0,1921.85,351.51,True,0.3266,2391.25,17500.0,18000.0
2022-08-24T00:00:00,False,2022-08-25,TARGET,-279.99,51.0,59.53,339.52,False,-0.0144,76.25,17000.0,18000.0
2022-08-25T00:00:00,False,2022-08-25,TARGET,-315.19,12.0,23.94,339.13,False,0.0007,31.25,17300.0,18000.0
2022-08-26T00:00:00,False,2022-09-01,EOD,-236.89,75.0,113.75,350.64,False,-0.1013,1423.75,17000.0,17700.0
2022-08-29T00:00:00,False,2022-09-01,EOD,218.19,75.0,562.5,344.31,True,0.1223,981.25,17000.0,18000.0
2022-08-30T00:00:00,False,2022-09-01,EOD,-226.7,75.0,113.75,340.45,False,0.0478,308.75,17000.0,18000.0
2022-09-01T00:00:00,False,2022-09-01,TARGET,323.64,5.0,667.4,343.76,True,0.3034,885.0,17500.0,18000.0
2022-09-02T00:00:00,False,2022-09-08,EOD,-44.47,75.0,300.0,344.47,False,-0.0508,843.75,17000.0,18000.0
2022-09-05T00:00:00,False,2022-09-08,EOD,-230.44,75.0,111.25,341.69,False,-0.0196,547.5,17000.0,18000.0
2022-09-06T00:00:00,False,2022-09-08,EOD,-17.42,75.0,327.5,344.92,False,-0.1642,1158.75,17000.0,17800.0
2022-09-07T00:00:00,False,2022-09-08,EOD,-235.86,75.0,103.75,339.61,False,-0.0135,158.75,17000.0,18000.0
2022-09-08T00:00:00,False,2022-09-08,TARGET,261.1,38.0,602.3,341.2,True,-0.2848,800.0,17000.0,17800.0
2022-09-09T00:00:00,False,2022-09-15,EOD,64.95,75.0,411.25,346.3,True,-0.1862,1458.75,17000.0,18000.0
2022-09-12T00:00:00,False,2022-09-15,EOD,299.89,75.0,657.5,357.61,True,-0.0166,3178.75,17900.0,18000.0
2022-09-13T00:00:00,False,2022-09-15,EOD,-449.85,75.0,-102.5,347.35,False,0.1407,775.0,18000.0,18500.0
2022-09-14T00:00:00,False,2022-09-15,EOD,966.99,75.0,1321.25,354.26,True,0.1922,2300.0,17900.0,18200.0
2022-09-15T00:00:00,False,2022-09-15,TARGET,1174.1,34.0,1520.28,346.18,True,-0.3266,2026.25,17500.0,18000.0
2022-09-16T00:00:00,False,2022-09-22,STOP,-483.06,49.0,-143.29,339.77,False,0.0161,100.0,17000.0,19000.0
2022-09-19T00:00:00,False,2022-09-22,EOD,-738.42,75.0,-386.25,352.17,False,0.0645,982.5,17500.0,18000.0
2022-09-20T00:00:00,False,2022-09-22,EOD,-472.94,75.0,-131.25,341.69,False,-0.1007,592.5,17000.0,18000.0
2022-09-21T00:00:00,False,2022-09-22,EOD,-397.38,75.0,-53.75,343.63,False,-0.0496,983.75,17500.0,18000.0
2022-09-22T00:00:00,False,2022-09-22,TARGET,1105.44,52.0,1451.07,345.63,True,0.2313,1733.75,17600.0,18000.0
2022-09-23T00:00:00,False,2022-09-29,EOD,-82.04,75.0,260.0,342.04,False,-0.0688,452.5,16000.0,18000.0
2022-09-26T00:00:00,False,2022-09-29,EOD,-263.64,75.0,76.25,339.89,False,-0.0082,108.75,16000.0,18000.0
2022-09-27T00:00:00,False,2022-09-29,NOSIM,0.0,,,,,,,,
2022-09-28T00:00:00,False,2022-09-29,EOD,-129.27,75.0,218.75,348.02,False,-0.0557,1606.25,16800.0,17000.0
2022-09-29T00:00:00,False,2022-09-29,TARGET,794.89,60.0,1138.7,343.81,True,-0.2273,1488.75,16800.0,17000.0
2022-09-30T00:00:00,False,2022-10-06,EOD,493.24,75.0,846.25,353.01,True,0.0887,1591.25,16700.0,17500.0
2022-10-03T00:00:00,False,2022-10-06,EOD,1094.54,75.0,1452.5,357.96,True,-0.1493,2562.5,16000.0,17000.0
2022-10-04T00:00:00,False,2022-10-06,EOD,-72.77,75.0,273.75,346.52,False,0.0875,745.0,17000.0,17500.0
2022-10-06T00:00:00,False,2022-10-06,TARGET,490.51,64.0,832.72,342.21,True,-0.3189,1058.75,17000.0,17400.0
2022-10-07T00:00:00,False,2022-10-13,EOD,-152.18,75.0,192.5,344.68,False,0.0794,708.75,17000.0,18000.0
2022-10-10T00:00:00,False,2022-10-13,EOD,231.61,75.0,578.75,347.14,True,0.1493,1173.75,17000.0,18000.0
2022-10-11T00:00:00,False,2022-10-13,EOD,1003.02,75.0,1353.75,350.73,True,-0.212,1930.0,16000.0,17200.0
2022-10-12T00:00:00,False,2022-10-13,EOD,376.44,75.0,723.75,347.31,True,0.1704,1426.25,17000.0,17500.0
2022-10-13T00:00:00,False,2022-10-13,TARGET,121.18,62.0,462.43,341.25,True,0.1939,587.5,17000.0,17500.0
2022-10-14T00:00:00,False,2022-10-20,NOSIM,0.0,,,,,,,,
2022-10-17T00:00:00,False,2022-10-20,EOD,-223.69,75.0,127.5,351.19,False,-0.0611,2257.5,17000.0,17300.0
2022-10-18T00:00:00,False,2022-10-20,EOD,-900.57,75.0,-556.25,344.32,False,-0.1763,986.25,17000.0,17500.0
2022-10-19T00:00:00,False,2022-10-20,EOD,471.67,75.0,815.0,343.33,True,-0.281,1327.5,17000.0,17600.0
2022-10-20T00:00:00,False,2022-10-20,TARGET,952.65,61.0,1298.53,345.88,True,0.3689,1713.75,17500.0,17600.0
2022-10-21T00:00:00,False,2022-10-27,EOD,-217.01,75.0,123.75,340.76,False,-0.0369,297.5,17000.0,18000.0
2022-10-25T00:00:00,False,2022-10-27,EOD,-415.84,75.0,-75.0,340.84,False,-0.0375,335.0,17500.0,18000.0
2022-10-27T00:00:00,False,2022-10-27,TARGET,754.99,52.0,1098.49,343.5,True,-0.3043,1451.25,17700.0,17750.0
2022-10-28T00:00:00,False,2022-11-03,EOD,-482.5,75.0,-133.75,348.75,False,0.1,1126.25,17700.0,18200.0
2022-10-31T00:00:00,False,2022-11-03,EOD,-118.26,75.0,226.25,344.51,False,0.1392,777.5,17800.0,18500.0
2022-11-01T00:00:00,False,2022-11-03,EOD,-228.35,75.0,116.25,344.6,False,0.139,857.5,18000.0,18400.0
2022-11-02T00:00:00,False,2022-11-03,EOD,-303.58,75.0,38.75,342.33,False,0.0221,886.25,18000.0,18400.0
2022-11-03T00:00:00,False,2022-11-03,TARGET,1158.06,56.0,1504.09,346.03,True,0.1456,2000.0,18000.0,18100.0
2022-11-04T00:00:00,False,2022-11-10,EOD,60.2,75.0,407.5,347.3,True,0.168,1255.0,18000.0,19000.0
2022-11-07T00:00:00,False,2022-11-10,EOD,-135.88,75.0,206.25,342.13,False,0.1086,531.25,18000.0,19000.0
2022-11-09T00:00:00,False,2022-11-10,EOD,319.1,75.0,662.5,343.4,True,-0.254,1180.0,18000.0,18300.0
2022-11-10T00:00:00,False,2022-11-10,TARGET,823.37,65.0,1167.43,344.06,True,-0.034,1491.25,18000.0,18050.0
2022-11-11T00:00:00,False,2022-11-17,EOD,149.4,75.0,492.5,343.1,True,0.0969,743.75,18000.0,19000.0
2022-11-14T00:00:00,False,2022-11-17,EOD,-356.47,75.0,-16.25,340.22,False,0.0396,167.5,18000.0,19000.0
2022-11-15T00:00:00,False,2022-11-17,EOD,274.18,75.0,617.5,343.32,True,0.2297,1132.5,18300.0,19000.0
2022-11-16T00:00:00,False,2022-11-17,EOD,192.69,75.0,538.75,346.06,True,-0.1573,2183.75,18300.0,18400.0
2022-11-17T00:00:00,False,2022-11-17,TARGET,630.52,69.0,972.8,342.28,True,-0.0925,1187.5,18300.0,18400.0
2022-11-18T00:00:00,False,2022-11-24,EOD,-288.82,75.0,65.0,353.82,False,-0.0355,2358.75,18300.0,18400.0
2022-11-21T00:00:00,False,2022-11-24,EOD,30.15,75.0,377.5,347.35,True,-0.1153,1462.5,18000.0,18300.0
2022-11-22T00:00:00,False,2022-11-24,EOD,-252.98,75.0,93.75,346.73,False,0.1053,1736.25,18200.0,18300.0
2022-11-23T00:00:00,False,2022-11-24,EOD,172.59,75.0,516.25,343.66,True,-0.3463,1410.0,18000.0,18300.0
2022-11-24T00:00:00,False,2022-11-24,TARGET,-311.48,4.0,27.64,339.12,False,-0.0214,36.25,18000.0,18500.0
2022-11-25T00:00:00,False,2022-12-01,EOD,-447.76,75.0,-106.25,341.51,False,0.0524,288.75,18300.0,19000.0
2022-11-28T00:00:00,False,2022-12-01,TARGET,697.74,39.0,1044.3,346.56,True,0.3515,1385.0,18500.0,19000.0
2022-11-29T00:00:00,False,2022-12-01,EOD,-142.15,75.0,200.0,342.15,False,0.1972,597.5,18500.0,19000.0
2022-11-30T00:00:00,False,2022-12-01,TARGET,289.54,73.0,631.65,342.11,True,0.2768,833.75,18600.0,19000.0
2022-12-01T00:00:00,False,2022-12-01,TARGET,349.95,47.0,691.56,341.61,True,-0.0437,915.0,18800.0,18900.0
2022-12-02T00:00:00,False,2022-12-08,EOD,-459.18,75.0,-111.25,347.93,False,0.0735,1526.25,18700.0,19000.0
2022-12-05T00:00:00,False,2022-12-08,EOD,-268.44,75.0,78.75,347.19,False,0.1441,1536.25,18700.0,19000.0
2022-12-06T00:00:00,False,2022-12-08,EOD,-322.36,75.0,21.25,343.61,False,0.2625,908.75,18600.0,19000.0
2022-12-07T00:00:00,False,2022-12-08,EOD,-151.0,75.0,191.25,342.25,False,-0.0095,845.0,18500.0,18800.0
2022-12-08T00:00:00,False,2022-12-08,TARGET,902.03,61.0,1245.7,343.67,True,0.2525,1643.75,18600.0,18650.0
2022-12-09T00:00:00,False,2022-12-15,EOD,-621.95,75.0,-265.0,356.95,False,-0.0201,2541.25,18600.0,18600.0
2022-12-12T00:00:00,False,2022-12-15,EOD,-510.73,75.0,-163.75,346.98,False,0.191,1295.0,18400.0,18600.0
2022-12-13T00:00:00,False,2022-12-15,EOD,36.75,75.0,380.0,343.25,True,0.2398,915.0,18500.0,19000.0
2022-12-14T00:00:00,False,2022-12-15,EOD,-262.29,75.0,80.0,342.29,False,0.17,657.5,18600.0,19000.0
2022-12-15T00:00:00,False,2022-12-15,TARGET,921.59,64.0,1265.73,344.14,True,-0.3279,1677.5,18400.0,18600.0
2022-12-16T00:00:00,False,2022-12-22,EOD,-52.78,75.0,291.25,344.03,False,-0.0467,872.5,18000.0,18600.0
2022-12-19T00:00:00,False,2022-12-22,EOD,490.18,75.0,837.5,347.32,True,0.2195,1306.25,18300.0,19000.0
2022-12-20T00:00:00,False,2022-12-22,EOD,-6.52,75.0,337.5,344.02,False,0.1476,1057.5,18300.0,18600.0
2022-12-21T00:00:00,False,2022-12-22,EOD,6.22,75.0,347.5,341.28,True,-0.237,652.5,18000.0,18500.0
2022-12-22T00:00:00,False,2022-12-22,STOP,-579.71,12.0,-239.5,340.21,False,0.0236,163.75,18100.0,18500.0
2022-12-23T00:00:00,False,2022-12-29,EOD,579.12,75.0,931.25,352.13,True,-0.149,1888.75,17000.0,18000.0
2022-12-26T00:00:00,False,2022-12-29,STOP,-814.28,64.0,-473.14,341.14,False,-0.0548,298.75,17000.0,18200.0
2022-12-27T00:00:00,False,2022-12-29,EOD,53.25,75.0,400.0,346.75,True,0.0006,1665.0,18000.0,18200.0
2022-12-28T00:00:00,False,2022-12-29,EOD,-74.15,75.0,270.0,344.15,False,-0.0617,1021.25,18000.0,18200.0
2022-12-29T00:00:00,False,2022-12-29,TARGET,137.3,44.0,478.45,341.15,True,0.1571,637.5,18000.0,18200.0
2022-12-30T00:00:00,False,2023-01-05,EOD,610.56,75.0,961.25,350.69,True,-0.2235,2150.0,17500.0,18200.0
2023-01-02T00:00:00,False,2023-01-05,EOD,-402.75,75.0,-53.75,349.0,False,-0.0327,1835.0,18000.0,18200.0
2023-01-03T00:00:00,False,2023-01-05,EOD,95.43,75.0,447.5,352.07,True,0.0403,3041.25,18200.0,18200.0
2023-01-04T00:00:00,False,2023-01-05,EOD,639.39,75.0,986.25,346.86,True,-0.2129,1991.25,18000.0,18200.0
2023-01-05T00:00:00,False,2023-01-05,TARGET,1159.46,11.0,1505.57,346.11,True,-0.6359,1852.5,17700.0,18000.0
2023-01-06T00:00:00,False,2023-01-12,EOD,-477.71,75.0,-117.5,360.21,False,-0.0121,2876.25,18000.0,18000.0
2023-01-09T00:00:00,False,2023-01-12,EOD,-53.43,75.0,296.25,349.68,False,0.1769,1260.0,18000.0,18300.0
2023-01-10T00:00:00,False,2023-01-12,TARGET,1184.38,43.0,1534.82,350.44,True,-0.3219,2033.75,17700.0,18000.0
2023-01-11T00:00:00,False,2023-01-12,EOD,-15.86,75.0,328.75,344.61,False,-0.0378,1328.75,17800.0,18000.0
2023-01-12T00:00:00,False,2023-01-12,TARGET,892.19,48.0,1236.43,344.24,True,-0.2787,1596.25,17800.0,17900.0
2023-01-13T00:00:00,False,2023-01-19,EOD,235.83,75.0,598.75,362.92,True,0.0166,3543.75,17900.0,17900.0
2023-01-16T00:00:00,False,2023-01-19,EOD,-398.88,75.0,-46.25,352.63,False,-0.1119,2156.25,17900.0,18000.0
2023-01-17T00:00:00,False,2023-01-19,EOD,212.52,75.0,558.75,346.23,True,0.1437,1325.0,17900.0,18200.0
2023-01-18T00:00:00,False,2023-01-19,EOD,30.05,75.0,372.5,342.45,True,0.1457,685.0,18000.0,18300.0
2023-01-19T00:00:00,False,2023-01-19,TARGET,614.38,53.0,957.03,342.65,True,0.1114,1267.5,18100.0,18200.0
2023-01-20T00:00:00,False,2023-01-25,EOD,-397.9,75.0,-41.25,356.65,False,-0.0334,2726.25,18100.0,18100.0
2023-01-23T00:00:00,False,2023-01-25,EOD,-764.29,75.0,-420.0,344.29,False,0.1935,390.0,18100.0,19000.0
2023-01-24T00:00:00,False,2023-01-25,EOD,391.21,75.0,738.75,347.54,True,-0.3094,2241.25,18000.0,18100.0
2023-01-25T00:00:00,False,2023-01-25,TARGET,2233.53,26.0,2587.76,354.23,True,-0.1951,3408.75,17850.0,17900.0
2023-01-27T00:00:00,False,2023-02-02,STOP,-436.08,12.0,-96.36,339.72,False,0.0107,60.0,17000.0,19000.0
2023-01-30T00:00:00,False,2023-02-02,EOD,-334.07,75.0,11.25,345.32,False,-0.0507,680.0,17000.0,18000.0
2023-01-31T00:00:00,False,2023-02-02,EOD,-79.06,75.0,266.25,345.31,False,-0.0918,972.5,17000.0,18000.0
2023-02-01T00:00:00,False,2023-02-02,TARGET,214.38,65.0,559.84,345.46,True,-0.1023,745.0,17000.0,18000.0
2023-02-02T00:00:00,False,2023-02-02,TARGET,893.71,7.0,1240.73,347.02,True,0.395,1497.5,17600.0,18000.0
2023-02-03T00:00:00,False,2023-02-09,EOD,126.16,75.0,478.75,352.59,True,0.0417,1853.75,17600.0,18000.0
2023-02-06T00:00:00,False,2023-02-09,EOD,-288.44,75.0,53.75,342.19,False,-0.1059,488.75,17000.0,18000.0
2023-02-07T00:00:00,False,2023-02-09,EOD,-156.95,75.0,183.75,340.7,False,-0.1098,393.75,17000.0,18000.0
2023-02-08T00:00:00,False,2023-02-09,EOD,662.39,75.0,1010.0,347.61,True,0.2208,1890.0,17800.0,18000.0
2023-02-09T00:00:00,False,2023-02-09,TARGET,763.91,60.0,1106.77,342.86,True,-0.0989,1450.0,17800.0,17900.0
2023-02-10T00:00:00,False,2023-02-16,EOD,-152.14,75.0,197.5,349.64,False,0.031,1872.5,17800.0,18000.0
2023-02-13T00:00:00,False,2023-02-16,EOD,-305.15,75.0,41.25,346.4,False,0.0437,1782.5,17800.0,18000.0
2023-02-14T00:00:00,False,2023-02-16,EOD,439.85,75.0,785.0,345.15,True,0.2064,1358.75,17800.0,18200.0
2023-02-15T00:00:00,False,2023-02-16,TARGET,183.39,70.0,524.61,341.22,True,0.1729,673.75,17800.0,18200.0
2023-02-16T00:00:00,False,2023-02-16,TARGET,384.74,53.0,726.34,341.6,True,-0.2236,941.25,18000.0,18100.0
2023-02-17T00:00:00,False,2023-02-23,EOD,-724.25,75.0,-368.75,355.5,False,0.0441,2433.75,18000.0,18000.0
2023-02-20T00:00:00,False,2023-02-23,EOD,173.76,75.0,518.75,344.99,True,-0.1963,1211.25,17500.0,18000.0
2023-02-21T00:00:00,False,2023-02-23,EOD,-121.99,75.0,220.0,341.99,False,-0.1598,616.25,17500.0,18000.0
2023-02-22T00:00:00,False,2023-02-23,EOD,-491.55,75.0,-151.25,340.3,False,-0.0458,450.0,17500.0,18000.0
2023-02-23T00:00:00,False,2023-02-23,STOP,-965.28,4.0,-624.61,340.67,False,0.2097,423.75,17500.0,18000.0
2023-02-24T00:00:00,False,2023-03-02,EOD,5.79,75.0,353.75,347.96,True,-0.1841,1272.5,17000.0,17600.0
2023-02-27T00:00:00,False,2023-03-02,EOD,-312.18,75.0,27.5,339.68,False,0.0279,107.5,17000.0,18500.0
2023-02-28T00:00:00,False,2023-03-02,EOD,582.09,75.0,928.75,346.66,True,-0.2228,1713.75,17000.0,17400.0
2023-03-01T00:00:00,False,2023-03-02,EOD,544.81,75.0,892.5,347.69,True,0.1373,2017.5,17400.0,17500.0
2023-03-02T00:00:00,False,2023-03-02,TARGET,1365.62,52.0,1711.43,345.81,True,-0.3538,2278.75,17300.0,17350.0
2023-03-03T00:00:00,False,2023-03-09,TARGET,1048.75,68.0,1397.63,348.88,True,0.2371,1850.0,17500.0,18000.0
2023-03-06T00:00:00,False,2023-03-09,EOD,-323.26,75.0,18.75,342.01,False,-0.0573,707.5,17500.0,17800.0
2023-03-08T00:00:00,False,2023-03-09,EOD,274.77,75.0,617.5,342.73,True,0.0756,1235.0,17600.0,17800.0
2023-03-09T00:00:00,False,2023-03-09,TARGET,2026.6,72.0,2376.59,349.99,True,-0.3392,2715.0,17600.0,17600.0
2023-03-10T00:00:00,False,2023-03-16,EOD,-781.44,75.0,-435.0,346.44,False,0.1504,846.25,17400.0,18000.0
2023-03-13T00:00:00,False,2023-03-16,EOD,-498.86,75.0,-155.0,343.86,False,-0.1437,823.75,17000.0,17500.0
2023-03-14T00:00:00,False,2023-03-16,EOD,-541.93,75.0,-197.5,344.43,False,0.0185,870.0,17000.0,17500.0
2023-03-15T00:00:00,False,2023-03-16,EOD,350.52,75.0,695.0,344.48,True,-0.2081,1077.5,16800.0,17200.0
2023-03-16T00:00:00,False,2023-03-16,TARGET,1612.54,74.0,1960.29,347.75,True,-0.036,2576.25,17000.0,17000.0
2023-03-17T00:00:00,False,2023-03-23,EOD,-403.82,75.0,-56.25,347.57,False,0.1032,792.5,17000.0,17800.0
2023-03-20T00:00:00,False,2023-03-23,EOD,-304.44,75.0,43.75,348.19,False,-0.0072,1553.75,16900.0,17200.0
2023-03-21T00:00:00,False,2023-03-23,EOD,-540.65,75.0,-195.0,345.65,False,0.1367,443.75,17000.0,17800.0
2023-03-22T00:00:00,False,2023-03-23,EOD,-29.24,75.0,312.5,341.74,False,0.1207,741.25,17000.0,17500.0
2023-03-23T00:00:00,False,2023-03-23,TARGET,1344.2,62.0,1690.54,346.34,True,-0.0448,2230.0,17050.0,17100.0
2023-03-24T00:00:00,False,2023-03-29,EOD,-920.07,75.0,-573.75,346.32,False,0.1555,972.5,17000.0,18000.0
2023-03-27T00:00:00,False,2023-03-29,EOD,99.66,75.0,447.5,347.84,True,0.2189,1496.25,17000.0,18000.0
2023-03-28T00:00:00,False,2023-03-29,EOD,77.81,75.0,428.75,350.94,True,-0.0285,2692.5,17000.0,17000.0
2023-03-29T00:00:00,False,2023-03-29,TARGET,843.1,58.0,1186.51,343.41,True,0.3061,1525.0,17000.0,17100.0
2023-03-31T00:00:00,False,2023-04-06,EOD,-80.32,75.0,262.5,342.82,False,0.1016,593.75,17000.0,17700.0
2023-04-03T00:00:00,False,2023-04-06,EOD,-155.66,75.0,185.0,340.66,False,-0.0133,265.0,17000.0,17700.0
2023-04-05T00:00:00,False,2023-04-06,EOD,1195.04,75.0,1543.75,348.71,True,0.2771,2107.5,17500.0,17700.0
2023-04-06T00:00:00,False,2023-04-06,TARGET,537.0,55.0,878.89,341.89,True,0.0437,1143.75,17500.0,17600.0
2023-04-10T00:00:00,False,2023-04-13,EOD,27.48,75.0,372.5,345.02,True,0.2036,1372.5,17600.0,18000.0
2023-04-11T00:00:00,False,2023-04-13,EOD,329.41,75.0,673.75,344.34,True,0.2692,1432.5,17700.0,18000.0
2023-04-12T00:00:00,False,2023-04-13,EOD,41.26,75.0,382.5,341.24,True,0.2245,686.25,17700.0,18000.0
2023-04-13T00:00:00,False,2023-04-13,TARGET,749.82,61.0,1092.58,342.76,True,0.0538,1410.0,17800.0,17850.0
2023-04-17T00:00:00,False,2023-04-20,EOD,-247.51,75.0,96.25,343.76,False,-0.0092,1168.75,17700.0,18000.0
2023-04-18T00:00:00,False,2023-04-20,EOD,219.8,75.0,566.25,346.45,True,-0.3464,1658.75,17500.0,17700.0
2023-04-19T00:00:00,False,2023-04-20,EOD,109.47,75.0,451.25,341.78,True,-0.2238,927.5,17500.0,17700.0
2023-04-20T00:00:00,False,2023-04-20,TARGET,505.74,61.0,847.45,341.71,True,-0.1115,1101.25,17600.0,17650.0
2023-04-21T00:00:00,False,2023-04-27,EOD,-176.78,75.0,167.5,344.28,False,-0.2124,1217.5,17000.0,17700.0
2023-04-24T00:00:00,False,2023-04-27,EOD,-602.48,75.0,-252.5,349.98,False,-0.081,2223.75,17700.0,17700.0
2023-04-25T00:00:00,False,2023-04-27,EOD,-198.84,75.0,142.5,341.34,False,0.1646,583.75,17700.0,18000.0
2023-04-26T00:00:00,False,2023-04-27,TARGET,229.44,72.0,570.65,341.21,True,0.2332,760.0,17700.0,18000.0
2023-04-27T00:00:00,False,2023-04-27,TARGET,130.8,42.0,471.49,340.69,True,0.3063,626.25,17800.0,17950.0
2023-04-28T00:00:00,False,2023-05-04,EOD,-441.79,75.0,-90.0,351.79,False,0.0406,2412.5,18000.0,18000.0
2023-05-02T00:00:00,False,2023-05-04,EOD,-656.17,75.0,-315.0,341.17,False,-0.2052,583.75,17800.0,18200.0
2023-05-03T00:00:00,False,2023-05-04,EOD,-269.95,75.0,71.25,341.2,False,-0.0768,688.75,18000.0,18200.0
2023-05-04T00:00:00,False,2023-05-04,TARGET,1780.73,62.0,2129.21,348.48,True,0.3569,2718.75,18200.0,18300.0
2023-05-05T00:00:00,False,2023-05-11,EOD,-953.71,75.0,-602.5,351.21,False,0.2201,2170.0,18200.0,18200.0
2023-05-08T00:00:00,False,2023-05-11,EOD,301.28,75.0,651.25,349.97,True,0.2425,1480.0,18200.0,18500.0
2023-05-09T00:00:00,False,2023-05-11,EOD,-194.31,75.0,151.25,345.56,False,-0.1705,1707.5,18200.0,18300.0
2023-05-10T00:00:00,False,2023-05-11,EOD,-52.36,75.0,288.75,341.11,False,0.127,595.0,18200.0,18500.0
2023-05-11T00:00:00,False,2023-05-11,TARGET,825.44,59.0,1169.06,343.62,True,-0.5009,1556.25,18200.0,18300.0
2023-05-12T00:00:00,False,2023-05-18,EOD,-396.64,75.0,-45.0,351.64,False,-0.0847,2175.0,18200.0,18300.0
2023-05-15T00:00:00,False,2023-05-18,EOD,106.8,75.0,453.75,346.95,True,0.0345,1685.0,18300.0,18500.0
2023-05-16T00:00:00,False,2023-05-18,EOD,301.36,75.0,648.75,347.39,True,-0.2006,2237.5,18300.0,18400.0
2023-05-17T00:00:00,False,2023-05-18,TARGET,407.35,71.0,749.08,341.73,True,-0.0672,983.75,18000.0,18400.0
2023-05-18T00:00:00,False,2023-05-18,TARGET,196.95,27.0,537.64,340.69,True,-0.3302,716.25,18100.0,18300.0
2023-05-19T00:00:00,False,2023-05-25,EOD,-1050.32,75.0,-697.5,352.82,False,0.0062,1973.75,18200.0,18200.0
2023-05-22T00:00:00,False,2023-05-25,EOD,287.43,75.0,632.5,345.07,True,0.2128,1300.0,18200.0,18500.0
2023-05-23T00:00:00,False,2023-05-25,EOD,3.33,75.0,348.75,345.42,True,-0.0969,1775.0,18300.0,18400.0
2023-05-24T00:00:00,False,2023-05-25,EOD,115.67,75.0,457.5,341.83,True,-0.0378,887.5,18200.0,18400.0
2023-05-25T00:00:00,False,2023-05-25,TARGET,632.25,69.0,974.98,342.73,True,0.3399,1225.0,18300.0,18350.0
2023-05-26T00:00:00,False,2023-06-01,EOD,407.65,75.0,752.5,344.85,True,0.1943,1170.0,18300.0,19000.0
2023-05-29T00:00:00,False,2023-06-01,EOD,-183.4,75.0,157.5,340.9,False,-0.0152,517.5,18300.0,18800.0
2023-05-30T00:00:00,False,2023-06-01,EOD,-171.92,75.0,168.75,340.67,False,-0.0531,381.25,18300.0,18800.0
2023-05-31T00:00:00,False,2023-06-01,EOD,220.3,75.0,565.0,344.7,True,-0.1373,1696.25,18500.0,18600.0
2023-06-01T00:00:00,False,2023-06-01,TARGET,1121.39,71.0,1465.11,343.72,True,-0.7083,1766.25,18450.0,18500.0
2023-06-02T00:00:00,False,2023-06-08,EOD,-560.85,75.0,-216.25,344.6,False,0.1708,626.25,18500.0,19500.0
2023-06-05T00:00:00,False,2023-06-08,EOD,-210.31,75.0,131.25,341.56,False,0.1706,598.75,18500.0,19500.0
2023-06-06T00:00:00,False,2023-06-08,EOD,203.16,75.0,550.0,346.84,True,-0.1019,2083.75,18500.0,18600.0
2023-06-07T00:00:00,False,2023-06-08,EOD,10.6,75.0,351.25,340.65,True,0.1981,532.5,18600.0,18900.0
2023-06-08T00:00:00,False,2023-06-08,TARGET,1297.61,67.0,1642.61,345.0,True,-0.4552,1812.5,18600.0,18650.0
2023-06-09T00:00:00,False,2023-06-15,EOD,-512.75,75.0,-160.0,352.75,False,0.0662,2585.0,18700.0,18700.0
2023-06-12T00:00:00,False,2023-06-15,EOD,-214.82,75.0,132.5,347.32,False,0.0731,1868.75,18600.0,18700.0
2023-06-13T00:00:00,False,2023-06-15,EOD,314.71,75.0,660.0,345.29,True,0.4179,1568.75,18700.0,18900.0
2023-06-14T00:00:00,False,2023-06-15,EOD,-220.07,75.0,121.25,341.32,False,0.169,607.5,18700.0,18900.0
2023-06-15T00:00:00,False,2023-06-15,TARGET,1072.43,62.0,1416.44,344.01,True,-0.7016,1783.75,18650.0,18700.0
2023-06-16T00:00:00,False,2023-06-22,EOD,-797.97,75.0,-450.0,347.97,False,0.0112,1878.75,18700.0,18800.0
2023-06-19T00:00:00,False,2023-06-22,EOD,46.82,75.0,390.0,343.18,True,-0.0389,1086.25,18700.0,19000.0
2023-06-20T00:00:00,False,2023-06-22,EOD,50.56,75.0,392.5,341.94,True,0.1668,792.5,18700.0,19000.0
2023-06-21T00:00:00,False,2023-06-22,EOD,100.66,75.0,442.5,341.84,True,0.1891,897.5,18800.0,19000.0
2023-06-22T00:00:00,False,2023-06-22,TARGET,-229.14,31.0,110.3,339.44,False,0.0017,142.5,18700.0,19000.0
2023-06-23T00:00:00,False,2023-06-29,EOD,254.6,75.0,601.25,346.65,True,-0.178,1356.25,18000.0,18800.0
2023-06-26T00:00:00,False,2023-06-29,EOD,12.83,75.0,360.0,347.17,True,0.1129,2007.5,18700.0,18800.0
2023-06-27T00:00:00,False,2023-06-29,EOD,-112.14,75.0,230.0,342.14,False,0.1192,605.0,18700.0,18900.0
2023-06-28T00:00:00,False,2023-06-28,TARGET,610.25,57.0,952.73,342.48,True,0.2599,1250.0,18900.0,19000.0
2023-06-30T00:00:00,False,2023-07-06,EOD,120.08,75.0,465.0,344.92,True,0.1595,916.25,19000.0,19500.0
2023-07-03T00:00:00,False,2023-07-06,EOD,867.61,75.0,1217.5,349.89,True,0.1713,2441.25,19300.0,19500.0
2023-07-04T00:00:00,False,2023-07-06,EOD,-377.56,75.0,-31.25,346.31,False,-0.2047,1512.5,19300.0,19400.0
2023-07-05T00:00:00,False,2023-07-06,EOD,-188.29,75.0,153.75,342.04,False,0.0064,777.5,19300.0,19500.0
2023-07-06T00:00:00,False,2023-07-06,TARGET,644.66,59.0,987.69,343.03,True,0.2674,1300.0,19400.0,19500.0
2023-07-07T00:00:00,False,2023-07-13,EOD,-1189.75,75.0,-833.75,356.0,False,-0.0248,1888.75,19400.0,19400.0
2023-07-10T00:00:00,False,2023-07-13,EOD,-284.28,75.0,65.0,349.28,False,0.036,2106.25,19400.0,19500.0
2023-07-11T00:00:00,False,2023-07-13,EOD,123.51,75.0,470.0,346.49,True,0.0231,1841.25,19400.0,19500.0
2023-07-12T00:00:00,False,2023-07-13,EOD,110.14,75.0,452.5,342.36,True,-0.2892,1063.75,19300.0,19500.0
2023-07-13T00:00:00,False,2023-07-13,TARGET,70.83,50.0,411.61,340.78,True,0.0785,548.75,19400.0,19600.0
2023-07-14T00:00:00,False,2023-07-20,EOD,-7.87,75.0,338.75,346.62,False,0.2122,1196.25,19500.0,20000.0
2023-07-17T00:00:00,False,2023-07-20,EOD,291.89,75.0,637.5,345.61,True,0.2152,1278.75,19600.0,20000.0
2023-07-18T00:00:00,False,2023-07-20,EOD,-464.29,75.0,-122.5,341.79,False,0.0376,342.5,19600.0,20000.0
2023-07-19T00:00:00,False,2023-07-20,EOD,394.84,75.0,740.0,345.16,True,0.2114,1520.0,19800.0,20000.0
2023-07-20T00:00:00,False,2023-07-20,TARGET,1223.82,58.0,1568.9,345.08,True,0.4036,1962.5,19900.0,20000.0
2023-07-21T00:00:00,False,2023-07-27,EOD,193.64,75.0,541.25,347.61,True,-0.1489,1440.0,19000.0,19900.0
2023-07-24T00:00:00,False,2023-07-27,EOD,466.89,75.0,815.0,348.11,True,-0.1671,1580.0,19000.0,19800.0
2023-07-25T00:00:00,False,2023-07-27,EOD,-181.02,75.0,162.5,343.52,False,-0.1193,948.75,19500.0,19800.0
2023-07-26T00:00:00,False,2023-07-27,EOD,92.77,75.0,436.25,343.48,True,0.219,1053.75,19700.0,20000.0
2023-07-27T00:00:00,False,2023-07-27,TARGET,1375.24,27.0,1723.02,347.78,True,-0.4545,2192.5,19600.0,19700.0
2023-07-28T00:00:00,False,2023-08-03,EOD,-259.6,75.0,90.0,349.6,False,0.0698,1816.25,19600.0,19800.0
2023-07-31T00:00:00,False,2023-08-03,EOD,93.13,75.0,440.0,346.87,True,0.0436,1921.25,19600.0,19800.0
2023-08-01T00:00:00,False,2023-08-03,EOD,91.67,75.0,436.25,344.58,True,-0.1794,1546.25,19600.0,19800.0
2023-08-02T00:00:00,False,2023-08-03,EOD,-414.22,75.0,-72.5,341.72,False,-0.0493,941.25,19500.0,19800.0
2023-08-03T00:00:00,False,2023-08-03,TARGET,1077.31,45.0,1423.67,346.36,True,-0.2972,1842.5,19300.0,19400.0
2023-08-04T00:00:00,False,2023-08-10,EOD,-262.52,75.0,86.25,348.77,False,0.0288,1687.5,19400.0,19600.0
2023-08-07T00:00:00,False,2023-08-10,EOD,118.48,75.0,462.5,344.02,True,0.1837,1055.0,19500.0,20000.0
2023-08-08T00:00:00,False,2023-08-10,EOD,152.68,75.0,500.0,347.32,True,-0.1729,2145.0,19500.0,19600.0
2023-08-09T00:00:00,False,2023-08-10,EOD,171.99,75.0,513.75,341.76,True,0.1836,783.75,19500.0,19800.0
2023-08-10T00:00:00,False,2023-08-10,TARGET,1478.59,55.0,1825.1,346.51,True,-0.255,2390.0,19500.0,19550.0
2023-08-11T00:00:00,False,2023-08-17,EOD,-154.41,75.0,193.75,348.16,False,-0.0734,1741.25,19400.0,19600.0
2023-08-14T00:00:00,False,2023-08-17,EOD,405.83,75.0,752.5,346.67,True,0.1913,1906.25,19400.0,19600.0
2023-08-16T00:00:00,False,2023-08-17,EOD,290.64,75.0,632.5,341.86,True,0.1593,915.0,19300.0,19600.0
2023-08-17T00:00:00,False,2023-08-17,TARGET,1168.73,51.0,1513.4,344.67,True,-0.3138,1997.5,19350.0,19400.0
2023-08-18T00:00:00,False,2023-08-24,EOD,-140.16,75.0,212.5,352.66,False,0.0454,2270.0,19300.0,19400.0
2023-08-21T00:00:00,False,2023-08-24,EOD,-33.63,75.0,315.0,348.63,False,0.0045,2192.5,19300.0,19400.0
2023-08-22T00:00:00,False,2023-08-24,EOD,-206.44,75.0,138.75,345.19,False,-0.2,1676.25,19300.0,19400.0
2023-08-23T00:00:00,False,2023-08-24,EOD,-2.79,75.0,338.75,341.54,False,-0.0327,918.75,19300.0,19500.0
2023-08-24T00:00:00,False,2023-08-24,TARGET,1323.19,69.0,1669.73,346.54,True,-0.5385,2171.25,19300.0,19400.0
2023-08-25T00:00:00,False,2023-08-31,EOD,-289.65,75.0,52.5,342.15,False,-0.052,677.5,19000.0,19500.0
2023-08-28T00:00:00,False,2023-08-31,EOD,159.53,75.0,508.75,349.22,True,0.0963,1853.75,19300.0,19500.0
2023-08-29T00:00:00,False,2023-08-31,EOD,-196.02,75.0,147.5,343.52,False,0.0647,1057.5,19300.0,19500.0
2023-08-30T00:00:00,False,2023-08-31,EOD,-297.13,75.0,43.75,340.88,False,-0.0854,620.0,19300.0,19500.0
2023-08-31T00:00:00,False,2023-08-31,TARGET,950.23,38.0,1293.75,343.52,True,-0.6994,1697.5,19250.0,19300.0
2023-09-01T00:00:00,False,2023-09-07,EOD,218.92,75.0,566.25,347.33,True,0.215,1575.0,19300.0,19600.0
2023-09-04T00:00:00,False,2023-09-07,EOD,-50.79,75.0,292.5,343.29,False,0.0548,852.5,19400.0,19700.0
2023-09-05T00:00:00,False,2023-09-07,EOD,-29.62,75.0,315.0,344.62,False,-0.0992,1585.0,19500.0,19600.0
2023-09-06T00:00:00,False,2023-09-07,EOD,25.22,75.0,366.25,341.03,True,0.0535,623.75,19500.0,19700.0
2023-09-07T00:00:00,False,2023-09-07,TARGET,1530.55,64.0,1876.58,346.03,True,0.4947,2423.75,19700.0,19750.0
2023-09-08T00:00:00,False,2023-09-14,EOD,-255.47,75.0,87.5,342.97,False,0.0506,870.0,19600.0,20000.0
2023-09-11T00:00:00,False,2023-09-14,EOD,-100.7,75.0,247.5,348.2,False,0.0659,2162.5,19900.0,20000.0
2023-09-12T00:00:00,False,2023-09-14,EOD,382.16,75.0,727.5,345.34,True,-0.2602,1811.25,19900.0,20100.0
2023-09-13T00:00:00,False,2023-09-14,EOD,-243.27,75.0,100.0,343.27,False,0.0051,1116.25,19900.0,20100.0
2023-09-14T00:00:00,False,2023-09-14,TARGET,882.19,55.0,1225.84,343.65,True,-0.3029,1616.25,20050.0,20100.0
2023-09-15T00:00:00,False,2023-09-21,EOD,-366.96,75.0,-16.25,350.71,False,-0.0089,2208.75,20100.0,20200.0
2023-09-18T00:00:00,False,2023-09-21,EOD,150.88,75.0,500.0,349.12,True,-0.0001,2212.5,20100.0,20200.0
2023-09-20T00:00:00,False,2023-09-21,EOD,33.97,75.0,381.25,347.28,True,-0.0603,1688.75,19900.0,20000.0
2023-09-21T00:00:00,False,2023-09-21,TARGET,1418.33,60.0,1766.33,348.0,True,-0.2154,2337.5,19750.0,19750.0
2023-09-22T00:00:00,False,2023-09-28,EOD,159.95,75.0,506.25,346.3,True,-0.1874,1403.75,19000.0,19800.0
2023-09-25T00:00:00,False,2023-09-28,EOD,-221.62,75.0,121.25,342.87,False,-0.1583,786.25,19000.0,19800.0
2023-09-26T00:00:00,False,2023-09-28,EOD,-108.75,75.0,232.5,341.25,False,-0.1732,596.25,19000.0,19800.0
2023-09-27T00:00:00,False,2023-09-28,EOD,-98.09,75.0,243.75,341.84,False,0.1569,782.5,19600.0,19800.0
2023-09-28T00:00:00,False,2023-09-28,TARGET,1869.33,49.0,2222.16,352.83,True,-0.1359,2832.5,19500.0,19550.0
2023-09-29T00:00:00,False,2023-10-05,EOD,703.01,75.0,1055.0,351.99,True,0.0898,2520.0,19600.0,19800.0
2023-10-03T00:00:00,False,2023-10-05,EOD,-669.82,75.0,-325.0,344.82,False,-0.0797,895.0,19500.0,19700.0
2023-10-04T00:00:00,False,2023-10-05,EOD,-324.76,75.0,17.5,342.26,False,0.1372,816.25,19400.0,19600.0
2023-10-05T00:00:00,False,2023-10-05,TARGET,640.44,59.0,984.51,344.07,True,0.0798,1282.5,19500.0,19550.0
2023-10-06T00:00:00,False,2023-10-12,EOD,-36.08,75.0,307.5,343.58,False,0.1161,867.5,19500.0,20000.0
2023-10-09T00:00:00,False,2023-10-12,EOD,-707.03,75.0,-362.5,344.53,False,0.1105,882.5,19500.0,19800.0
2023-10-10T00:00:00,False,2023-10-12,EOD,172.41,75.0,520.0,347.59,True,0.2257,1153.75,19600.0,20000.0
2023-10-11T00:00:00,False,2023-10-12,EOD,59.85,75.0,401.25,341.4,True,0.0826,543.75,19600.0,20000.0
2023-10-12T00:00:00,False,2023-10-12,TARGET,1276.53,61.0,1621.12,344.59,True,-0.1518,2148.75,19800.0,19800.0
2023-10-13T00:00:00,False,2023-10-19,EOD,76.3,75.0,430.0,353.7,True,0.0923,2650.0,19700.0,19800.0
2023-10-16T00:00:00,False,2023-10-19,EOD,-458.33,75.0,-108.75,349.58,False,-0.031,1955.0,19700.0,19800.0
2023-10-17T00:00:00,False,2023-10-19,EOD,-127.96,75.0,215.0,342.96,False,-0.0362,842.5,19700.0,20000.0
2023-10-18T00:00:00,False,2023-10-19,EOD,476.82,75.0,821.25,344.43,True,-0.2715,1522.5,19600.0,19800.0
2023-10-19T00:00:00,False,2023-10-19,TARGET,1006.14,27.0,1349.3,343.16,True,0.5931,1511.25,19600.0,19650.0
2023-10-20T00:00:00,False,2023-10-26,EOD,-260.09,75.0,80.0,340.09,False,-0.0009,182.5,19000.0,20000.0
2023-10-23T00:00:00,False,2023-10-26,EOD,61.88,75.0,405.0,343.12,True,-0.1744,756.25,19000.0,19600.0
2023-10-25T00:00:00,False,2023-10-26,STOP,-614.06,44.0,-273.38,340.68,False,-0.0279,157.5,19000.0,19500.0
2023-10-26T00:00:00,False,2023-10-26,TARGET,1679.16,50.0,2028.74,349.58,True,-0.2983,2667.5,18850.0,18900.0
2023-10-27T00:00:00,False,2023-11-02,EOD,353.44,75.0,712.5,359.06,True,0.0276,2612.5,19000.0,19200.0
2023-10-30T00:00:00,False,2023-11-02,EOD,280.87,75.0,626.25,345.38,True,0.1568,1167.5,19000.0,19500.0
2023-10-31T00:00:00,False,2023-11-02,EOD,220.69,75.0,568.75,348.06,True,-0.2252,1838.75,19000.0,19200.0
2023-11-01T00:00:00,False,2023-11-02,EOD,574.15,75.0,918.75,344.6,True,-0.1854,1465.0,18800.0,19100.0
2023-11-02T00:00:00,False,2023-11-02,TARGET,970.1,55.0,1315.24,345.14,True,-0.0825,1738.75,19100.0,19150.0
2023-11-03T00:00:00,False,2023-11-09,EOD,-613.62,75.0,-262.5,351.12,False,-0.0123,1888.75,19200.0,19300.0
2023-11-06T00:00:00,False,2023-11-09,EOD,-432.13,75.0,-87.5,344.63,False,0.0547,1121.25,19300.0,19500.0
2023-11-07T00:00:00,False,2023-11-09,EOD,-281.71,75.0,61.25,342.96,False,-0.0449,983.75,19300.0,19500.0
2023-11-08T00:00:00,False,2023-11-09,EOD,173.86,75.0,516.25,342.39,True,-0.1943,1086.25,19300.0,19500.0
2023-11-09T00:00:00,False,2023-11-09,TARGET,1124.17,62.0,1467.9,343.73,True,-0.4699,1785.0,19400.0,19400.0
2023-11-10T00:00:00,False,2023-11-16,EOD,-439.69,75.0,-88.75,350.94,False,0.1348,1955.0,19400.0,19500.0
2023-11-13T00:00:00,False,2023-11-16,EOD,-12.91,75.0,333.75,346.66,False,-0.0635,1895.0,19400.0,19500.0
2023-11-15T00:00:00,False,2023-11-16,EOD,-78.86,75.0,263.75,342.61,False,0.0912,751.25,19600.0,19800.0
2023-11-16T00:00:00,False,2023-11-16,TARGET,616.18,70.0,958.05,341.87,True,0.4617,1200.0,19700.0,19800.0
2023-11-17T00:00:00,False,2023-11-23,EOD,-315.48,75.0,33.75,349.23,False,0.1399,1777.5,19700.0,19900.0
2023-11-20T00:00:00,False,2023-11-23,EOD,39.69,75.0,385.0,345.31,True,-0.1872,1231.25,19000.0,19800.0
2023-11-21T00:00:00,False,2023-11-23,EOD,-304.76,75.0,42.5,347.26,False,-0.0472,1717.5,19700.0,19800.0
2023-11-22T00:00:00,False,2023-11-23,EOD,490.52,75.0,835.0,344.48,True,0.2061,1732.5,19800.0,19900.0
2023-11-23T00:00:00,False,2023-11-23,TARGET,1160.14,60.0,1504.26,344.12,True,-0.176,1976.25,19800.0,19800.0
2023-11-24T00:00:00,False,2023-11-30,EOD,-57.84,75.0,291.25,349.09,False,0.0434,2220.0,19800.0,19900.0
2023-11-28T00:00:00,False,2023-11-30,EOD,-79.22,75.0,265.0,344.22,False,0.0857,1298.75,19800.0,20000.0
2023-11-29T00:00:00,False,2023-11-30,EOD,140.39,75.0,483.75,343.36,True,0.3255,1050.0,20000.0,20200.0
2023-11-30T00:00:00,False,2023-11-30,TARGET,547.15,56.0,889.26,342.11,True,-0.1103,1165.0,20050.0,20150.0
2023-12-01T00:00:00,False,2023-12-07,EOD,-306.0,75.0,37.5,343.5,False,0.0939,457.5,20000.0,21000.0
2023-12-04T00:00:00,False,2023-12-07,EOD,-257.16,75.0,87.5,344.66,False,0.0954,795.0,20500.0,21000.0
2023-12-05T00:00:00,False,2023-12-07,EOD,-214.78,75.0,131.25,346.03,False,0.0183,1050.0,20700.0,21000.0
2023-12-06T00:00:00,False,2023-12-07,EOD,-169.76,75.0,176.25,346.01,False,-0.0724,1166.25,20800.0,21000.0
2023-12-07T00:00:00,False,2023-12-07,TARGET,1370.09,60.0,1716.49,346.4,True,-0.0577,2282.5,20900.0,20900.0
2023-12-08T00:00:00,False,2023-12-14,EOD,-463.6,75.0,-115.0,348.6,False,-0.1518,1365.0,20000.0,21000.0
2023-12-11T00:00:00,False,2023-12-14,EOD,-364.32,75.0,-11.25,353.07,False,-0.0081,2205.0,20900.0,21000.0
2023-12-12T00:00:00,False,2023-12-14,EOD,-277.34,75.0,72.5,349.84,False,-0.0485,2065.0,20900.0,21000.0
2023-12-13T00:00:00,False,2023-12-14,TARGET,493.28,29.0,836.46,343.18,True,-0.2169,1091.25,20500.0,21000.0
2023-12-14T00:00:00,False,2023-12-14,TARGET,1195.18,52.0,1540.51,345.33,True,0.298,1995.0,21150.0,21200.0
2023-12-15T00:00:00,False,2023-12-21,EOD,63.07,75.0,410.0,346.93,True,0.2124,1073.75,21300.0,22000.0
2023-12-18T00:00:00,False,2023-12-21,EOD,101.79,75.0,455.0,353.21,True,-0.0434,2200.0,21300.0,21500.0
2023-12-19T00:00:00,False,2023-12-21,EOD,82.98,75.0,432.5,349.52,True,-0.0792,2126.25,21400.0,21500.0
2023-12-20T00:00:00,False,2023-12-21,TARGET,453.08,48.0,797.33,344.25,True,-0.3859,1055.0,21000.0,21500.0
2023-12-21T00:00:00,False,2023-12-21,TARGET,1255.81,41.0,1609.97,354.16,True,0.3323,1828.75,21250.0,21500.0
2023-12-22T00:00:00,False,2023-12-28,EOD,-236.29,75.0,106.25,342.54,False,0.0597,426.25,21000.0,22000.0
2023-12-26T00:00:00,False,2023-12-28,EOD,-9.05,75.0,336.25,345.3,False,0.1464,808.75,21300.0,22000.0
2023-12-27T00:00:00,False,2023-12-28,EOD,186.66,75.0,531.25,344.59,True,0.2387,797.5,21500.0,22000.0
2023-12-28T00:00:00,False,2023-12-28,EOD,1114.59,75.0,1461.25,346.66,True,0.0383,2055.0,21750.0,21750.0
2023-12-29T00:00:00,False,2024-01-04,EOD,-12.03,75.0,338.75,350.78,False,-0.0115,1527.5,21500.0,22000.0
2024-01-01T00:00:00,False,2024-01-04,EOD,220.12,75.0,571.25,351.13,True,0.0749,2065.0,21700.0,22000.0
2024-01-02T00:00:00,False,2024-01-04,EOD,841.95,75.0,1188.75,346.8,True,-0.2035,1781.25,21000.0,21800.0
2024-01-03T00:00:00,False,2024-01-04,EOD,-586.0,75.0,-243.75,342.25,False,0.1166,816.25,21500.0,22000.0
2024-01-04T00:00:00,False,2024-01-04,TARGET,1603.95,59.0,1952.4,348.45,True,0.0117,2595.0,21650.0,21650.0
2024-01-05T00:00:00,False,2024-01-11,EOD,-320.81,75.0,18.75,339.56,False,0.0078,67.5,21000.0,22500.0
2024-01-08T00:00:00,False,2024-01-11,EOD,719.82,75.0,1068.75,348.93,True,-0.233,1726.25,21000.0,21700.0
2024-01-09T00:00:00,False,2024-01-11,EOD,308.48,75.0,652.5,344.02,True,-0.2359,1200.0,21000.0,21700.0
2024-01-10T00:00:00,False,2024-01-11,EOD,259.31,75.0,603.75,344.44,True,0.1652,1070.0,21500.0,21800.0
2024-01-11T00:00:00,False,2024-01-11,TARGET,1230.87,55.0,1575.48,344.61,True,-0.2824,2087.5,21600.0,21650.0
2024-01-12T00:00:00,False,2024-01-18,EOD,781.69,75.0,1132.5,350.81,True,0.143,1805.0,21700.0,22500.0
2024-01-15T00:00:00,False,2024-01-18,NOLEG,0.0,,,,,,,,
2024-01-16T00:00:00,False,2024-01-18,EOD,-599.85,75.0,-255.0,344.85,False,0.1306,881.25,22000.0,22500.0
2024-01-17T00:00:00,False,2024-01-18,TARGET,477.37,73.0,821.61,344.24,True,-0.1369,1061.25,21000.0,21800.0
2024-01-18T00:00:00,False,2024-01-18,TARGET,905.13,59.0,1252.59,347.46,True,0.1518,1660.0,21450.0,21500.0
2024-01-19T00:00:00,False,2024-01-25,EOD,-343.64,75.0,-3.75,339.89,False,-0.0113,68.75,20500.0,22500.0
2024-01-23T00:00:00,False,2024-01-25,TARGET,-36.41,17.0,304.91,341.32,False,-0.1087,378.75,20500.0,22000.0
2024-01-24T00:00:00,False,2024-01-25,TARGET,209.61,61.0,552.57,342.96,True,0.1191,731.25,21000.0,22000.0
2024-01-25T00:00:00,False,2024-01-25,TARGET,1249.45,45.0,1604.0,354.55,True,-0.2268,2125.0,21250.0,21300.0
2024-01-29T00:00:00,False,2024-02-01,EOD,624.05,75.0,983.75,359.7,True,0.1241,1847.5,21500.0,22500.0
2024-01-30T00:00:00,False,2024-02-01,EOD,-401.75,75.0,-61.25,340.5,False,0.0063,185.0,21000.0,22500.0
2024-01-31T00:00:00,False,2024-02-01,EOD,426.25,75.0,776.25,350.0,True,0.1785,1358.75,21500.0,22500.0
2024-02-01T00:00:00,False,2024-02-01,TARGET,1743.33,61.0,2101.66,358.33,True,-0.0743,2780.0,21700.0,21700.0
2024-02-02T00:00:00,False,2024-02-08,NOSIM,0.0,,,,,,,,
2024-02-05T00:00:00,False,2024-02-08,EOD,109.77,75.0,457.5,347.73,True,-0.146,1178.75,21000.0,22000.0
2024-02-06T00:00:00,False,2024-02-08,EOD,-277.06,75.0,62.5,339.56,False,-0.0002,117.5,21000.0,22500.0
2024-02-07T00:00:00,False,2024-02-08,EOD,-475.13,75.0,-130.0,345.13,False,0.0165,872.5,21900.0,22300.0
2024-02-08T00:00:00,False,2024-02-08,TARGET,2561.21,23.0,2922.16,360.95,True,-0.1803,3292.5,21700.0,21750.0
2024-02-09T00:00:00,False,2024-02-15,EOD,491.62,75.0,845.0,353.38,True,-0.006,2307.5,21500.0,22000.0
2024-02-12T00:00:00,False,2024-02-15,EOD,188.69,75.0,533.75,345.06,True,-0.1127,1040.0,21000.0,22000.0
2024-02-13T00:00:00,False,2024-02-15,EOD,-299.01,75.0,42.5,341.51,False,-0.0628,530.0,21000.0,22000.0
2024-02-14T00:00:00,False,2024-02-15,EOD,-621.11,75.0,-281.25,339.86,False,-0.0298,276.25,21000.0,22000.0
2024-02-15T00:00:00,False,2024-02-15,TARGET,1252.96,60.0,1599.48,346.52,True,-0.0087,2086.25,21900.0,21950.0
2024-02-16T00:00:00,False,2024-02-22,EOD,-356.98,75.0,-17.5,339.48,False,0.0021,33.75,21000.0,23000.0
2024-02-19T00:00:00,False,2024-02-22,EOD,-60.62,75.0,288.75,349.37,False,0.1246,1231.25,22000.0,23000.0
2024-02-20T00:00:00,False,2024-02-22,EOD,180.61,75.0,527.5,346.89,True,0.1473,1121.25,22000.0,23000.0
2024-02-21T00:00:00,False,2024-02-22,TARGET,-124.02,51.0,216.04,340.06,False,-0.0818,278.75,21500.0,22500.0
2024-02-22T00:00:00,False,2024-02-22,TARGET,2264.07,63.0,2620.62,356.55,True,0.0762,3401.25,22200.0,22250.0
2024-02-23T00:00:00,False,2024-02-29,EOD,-332.18,75.0,7.5,339.68,False,-0.0118,56.25,21000.0,23000.0
2024-02-26T00:00:00,False,2024-02-29,EOD,-318.06,75.0,21.25,339.31,False,-0.0061,42.5,21000.0,23000.0
2024-02-27T00:00:00,False,2024-02-29,EOD,-288.19,75.0,51.25,339.44,False,0.0154,83.75,21500.0,23000.0
2024-02-28T00:00:00,False,2024-02-29,TARGET,823.18,47.0,1170.14,346.96,True,-0.235,1540.0,21500.0,22200.0
2024-02-29T00:00:00,False,2024-02-29,EOD,1322.42,75.0,1675.0,352.58,True,0.0377,2535.0,22000.0,22000.0
2024-03-01T00:00:00,False,2024-03-07,EOD,-413.51,75.0,-66.25,347.26,False,0.1379,495.0,22000.0,23000.0
2024-03-04T00:00:00,False,2024-03-07,EOD,-286.15,75.0,58.75,344.9,False,0.0873,731.25,22200.0,23000.0
2024-03-05T00:00:00,False,2024-03-07,EOD,-221.74,75.0,122.5,344.24,False,0.1096,715.0,22200.0,23000.0
2024-03-06T00:00:00,False,2024-03-07,TARGET,-163.03,65.0,177.37,340.4,False,0.0583,236.25,22000.0,23000.0
2024-03-07T00:00:00,False,2024-03-07,TARGET,1001.62,64.0,1347.39,345.77,True,-0.141,1732.5,22450.0,22500.0
2024-03-11T00:00:00,False,2024-03-14,TARGET,-273.89,66.0,65.68,339.57,False,-0.0239,87.5,21500.0,23000.0
2024-03-12T00:00:00,False,2024-03-14,EOD,-240.67,75.0,103.75,344.42,False,-0.0876,1120.0,22000.0,22500.0
2024-03-13T00:00:00,False,2024-03-14,TARGET,483.83,24.0,827.3,343.47,True,-0.2329,1088.75,21700.0,22500.0
2024-03-14T00:00:00,False,2024-03-14,TARGET,2100.93,58.0,2455.47,354.54,True,0.0547,3230.0,22100.0,22150.0
2024-03-15T00:00:00,False,2024-03-21,EOD,-344.29,75.0,-5.0,339.29,False,-0.0024,25.0,21000.0,23000.0
2024-03-18T00:00:00,False,2024-03-21,EOD,-320.44,75.0,18.75,339.19,False,0.0011,33.75,21000.0,23000.0
2024-03-19T00:00:00,False,2024-03-21,EOD,1123.3,75.0,1472.5,349.2,True,-0.1838,2086.25,21000.0,22000.0
2024-03-20T00:00:00,False,2024-03-21,EOD,-55.52,75.0,287.5,343.02,False,-0.0981,783.75,21500.0,22000.0
2024-03-21T00:00:00,False,2024-03-21,TARGET,1186.98,58.0,1533.89,346.91,True,0.0226,2045.0,22000.0,22050.0
2024-03-22T00:00:00,False,2024-03-28,EOD,136.99,75.0,485.0,348.01,True,0.2946,1182.5,22000.0,23000.0
2024-03-26T00:00:00,False,2024-03-28,EOD,-55.92,75.0,291.25,347.17,False,0.2631,1160.0,22000.0,22500.0
2024-03-27T00:00:00,False,2024-03-28,EOD,120.06,75.0,463.75,343.69,True,0.1257,752.5,22000.0,22500.0
2024-03-28T00:00:00,False,2024-03-28,TARGET,2073.53,7.0,2421.06,347.53,True,0.5475,2098.75,22300.0,22600.0
2024-04-01T00:00:00,False,2024-04-04,EOD,-486.09,75.0,-133.75,352.34,False,-0.0865,1911.25,22300.0,22500.0
2024-04-02T00:00:00,False,2024-04-04,EOD,-251.03,75.0,88.75,339.78,False,0.018,160.0,22000.0,23000.0
2024-04-03T00:00:00,False,2024-04-04,EOD,-298.42,75.0,43.75,342.17,False,-0.1517,723.75,22000.0,22500.0
2024-04-04T00:00:00,False,2024-04-04,STOP,-1740.74,8.0,-1399.25,341.49,False,0.0325,585.0,22500.0,22700.0
2024-04-05T00:00:00,False,2024-04-10,EOD,-318.5,75.0,31.25,349.75,False,0.1539,1340.0,22500.0,23000.0
2024-04-08T00:00:00,False,2024-04-10,EOD,6.5,75.0,352.5,346.0,True,0.1247,928.75,22500.0,23000.0
2024-04-09T00:00:00,False,2024-04-10,EOD,-138.77,75.0,202.5,341.27,False,0.0385,551.25,22500.0,23000.0
2024-04-10T00:00:00,False,2024-04-10,TARGET,895.37,64.0,1239.58,344.21,True,-0.0294,1642.5,22700.0,22750.0
2024-04-12T00:00:00,False,2024-04-18,EOD,545.44,75.0,897.5,352.06,True,-0.1291,2098.75,22200.0,22700.0
2024-04-15T00:00:00,False,2024-04-18,EOD,-496.08,75.0,-153.75,342.33,False,-0.0099,290.0,22000.0,22700.0
2024-04-16T00:00:00,False,2024-04-18,EOD,-346.13,75.0,-2.5,343.63,False,0.1022,522.5,22000.0,22500.0
2024-04-18T00:00:00,False,2024-04-18,TARGET,2186.2,66.0,2543.9,357.7,True,-0.1876,3235.0,22000.0,22000.0
2024-04-19T00:00:00,False,2024-04-25,EOD,-764.38,75.0,-407.5,356.88,False,0.2561,527.5,22000.0,23000.0
2024-04-22T00:00:00,False,2024-04-25,EOD,3.28,75.0,347.5,344.22,True,0.0743,618.75,22000.0,23000.0
2024-04-23T00:00:00,False,2024-04-25,EOD,-384.31,75.0,-43.75,340.56,False,0.021,87.5,22000.0,23000.0
2024-04-24T00:00:00,False,2024-04-25,EOD,-125.97,75.0,216.25,342.22,False,-0.2003,761.25,22000.0,22500.0
2024-04-25T00:00:00,False,2024-04-25,TARGET,2640.22,70.0,2999.66,359.44,True,-0.033,3883.75,22600.0,22600.0
2024-04-26T00:00:00,False,2024-05-02,STOP,-350.96,49.0,-11.4,339.56,False,0.0002,7.5,21500.0,23500.0
2024-04-29T00:00:00,False,2024-05-02,EOD,558.89,75.0,908.75,349.86,True,0.1681,1558.75,22500.0,23000.0
2024-04-30T00:00:00,False,2024-05-02,EOD,-277.28,75.0,62.5,339.78,False,-0.0354,121.25,22000.0,23000.0
2024-05-02T00:00:00,False,2024-05-02,TARGET,1701.19,36.0,2049.79,348.6,True,0.3854,2690.0,22650.0,22650.0
2024-05-03T00:00:00,False,2024-05-09,EOD,-115.09,75.0,235.0,350.09,False,-0.1235,1010.0,22000.0,22800.0
2024-05-06T00:00:00,False,2024-05-09,EOD,-247.61,75.0,93.75,341.36,False,-0.0346,373.75,22000.0,23000.0
2024-05-07T00:00:00,False,2024-05-09,EOD,-387.79,75.0,-47.5,340.29,False,-0.0058,281.25,22000.0,23000.0
2024-05-08T00:00:00,False,2024-05-09,EOD,-85.67,75.0,255.0,340.67,False,0.0736,383.75,22000.0,22800.0
2024-05-09T00:00:00,False,2024-05-09,TARGET,2192.3,61.0,2554.58,362.28,True,-0.0958,3368.75,21950.0,22000.0
2024-05-10T00:00:00,False,2024-05-16,EOD,-349.91,75.0,-10.0,339.91,False,0.0014,38.75,21000.0,23000.0
2024-05-13T00:00:00,False,2024-05-16,EOD,-321.82,75.0,17.5,339.32,False,0.0029,43.75,21000.0,23000.0
2024-05-14T00:00:00,False,2024-05-16,EOD,79.71,75.0,423.75,344.04,True,0.1543,817.5,22000.0,23000.0
2024-05-15T00:00:00,False,2024-05-16,EOD,-77.66,75.0,263.75,341.41,False,-0.0113,577.5,22000.0,22500.0
2024-05-16T00:00:00,False,2024-05-16,TARGET,1844.18,68.0,2194.87,350.69,True,0.1172,2756.25,22400.0,22450.0
2024-05-17T00:00:00,False,2024-05-23,EOD,-270.33,75.0,70.0,340.33,False,-0.0283,180.0,21500.0,23000.0
2024-05-21T00:00:00,False,2024-05-23,EOD,-84.46,75.0,265.0,349.46,False,0.3165,1417.5,22500.0,23000.0
2024-05-22T00:00:00,False,2024-05-23,TARGET,-238.54,70.0,101.02,339.56,False,0.0045,132.5,22000.0,23000.0
2024-05-23T00:00:00,False,2024-05-23,TARGET,2274.14,60.0,2642.39,368.25,True,0.1317,3308.75,22950.0,23000.0
2024-05-24T00:00:00,False,2024-05-30,EOD,29.19,75.0,383.75,354.56,True,0.1626,1777.5,23000.0,24000.0
2024-05-27T00:00:00,False,2024-05-30,EOD,-704.82,75.0,-355.0,349.82,False,0.1489,1201.25,23000.0,24000.0
2024-05-28T00:00:00,False,2024-05-30,EOD,-321.71,75.0,18.75,340.46,False,0.0387,198.75,22500.0,24000.0
2024-05-29T00:00:00,False,2024-05-30,TARGET,-293.67,65.0,45.6,339.27,False,-0.0049,60.0,22000.0,23500.0
2024-05-30T00:00:00,False,2024-05-30,TARGET,1542.54,75.0,1897.5,354.96,True,-0.0487,2462.5,22500.0,22500.0
2024-05-31T00:00:00,False,2024-06-06,NOLEG,0.0,,,,,,,,
2024-06-03T00:00:00,False,2024-06-06,NOLEG,0.0,,,,,,,,
2024-06-04T00:00:00,False,2024-06-06,NOLEG,0.0,,,,,,,,
2024-06-05T00:00:00,False,2024-06-06,NOLEG,0.0,,,,,,,,
2024-06-06T00:00:00,False,2024-06-06,TARGET,1428.08,53.0,1789.0,360.92,True,0.1917,2082.5,22800.0,23500.0
2024-06-07T00:00:00,False,2024-06-13,TARGET,274.5,31.0,646.39,371.89,True,0.1419,803.75,23000.0,24000.0
2024-06-10T00:00:00,False,2024-06-13,EOD,-568.36,75.0,-218.75,349.61,False,0.0564,732.5,23000.0,24000.0
2024-06-11T00:00:00,False,2024-06-13,EOD,-227.98,75.0,112.5,340.48,False,-0.0125,162.5,22500.0,24000.0
2024-06-12T00:00:00,False,2024-06-13,TARGET,-85.73,52.0,255.25,340.98,False,0.065,331.25,23000.0,24000.0
2024-06-13T00:00:00,False,2024-06-13,TARGET,1640.32,55.0,1990.3,349.98,True,-0.2953,2625.0,23400.0,23400.0
2024-06-14T00:00:00,False,2024-06-20,EOD,-223.24,75.0,127.5,350.74,False,0.1095,1220.0,23400.0,24000.0
2024-06-18T00:00:00,False,2024-06-20,EOD,-158.83,75.0,181.25,340.08,False,-0.0105,256.25,23000.0,24000.0
2024-06-19T00:00:00,False,2024-06-20,STOP,-440.05,17.0,-100.76,339.29,False,-0.005,63.75,23000.0,24000.0
2024-06-20T00:00:00,False,2024-06-20,TARGET,1085.62,58.0,1433.21,347.59,True,-0.0812,1882.5,23550.0,23600.0
2024-06-21T00:00:00,False,2024-06-27,EOD,-117.87,75.0,223.75,341.62,False,-0.0601,567.5,23000.0,24000.0
2024-06-24T00:00:00,False,2024-06-27,EOD,-153.65,75.0,187.5,341.15,False,0.0474,427.5,23000.0,24000.0
2024-06-25T00:00:00,False,2024-06-27,EOD,-420.17,75.0,-80.0,340.17,False,-0.0098,235.0,23000.0,24000.0
2024-06-26T00:00:00,False,2024-06-27,STOP,-635.56,37.0,-295.37,340.19,False,-0.0436,196.25,23000.0,24000.0
2024-06-27T00:00:00,False,2024-06-27,TARGET,1820.37,60.0,2174.39,354.02,True,0.0846,2891.25,24000.0,24050.0
2024-06-28T00:00:00,False,2024-07-04,EOD,-316.19,75.0,23.75,339.94,False,0.0042,76.25,23000.0,25000.0
2024-07-01T00:00:00,False,2024-07-04,EOD,309.12,75.0,658.75,349.63,True,0.1812,1475.0,24000.0,25000.0
2024-07-02T00:00:00,False,2024-07-04,EOD,-282.66,75.0,61.25,343.91,False,0.1092,756.25,24000.0,25000.0
2024-07-03T00:00:00,False,2024-07-04,EOD,-288.12,75.0,52.5,340.62,False,0.0546,206.25,24000.0,25000.0
2024-07-04T00:00:00,False,2024-07-04,TARGET,1037.82,61.0,1384.58,346.76,True,-0.1798,1821.25,24300.0,24350.0
2024-07-05T00:00:00,False,2024-07-11,EOD,-47.14,75.0,296.25,343.39,False,0.1024,680.0,24000.0,25000.0
2024-07-08T00:00:00,False,2024-07-11,EOD,-267.41,75.0,73.75,341.16,False,0.0613,346.25,24000.0,25000.0
2024-07-09T00:00:00,False,2024-07-11,TARGET,-128.38,70.0,211.72,340.1,False,0.0692,273.75,24000.0,25000.0
2024-07-10T00:00:00,False,2024-07-11,TARGET,655.14,14.0,998.07,342.93,True,-0.2851,1212.5,24000.0,24500.0
2024-07-11T00:00:00,False,2024-07-11,TARGET,1039.03,52.0,1384.84,345.81,True,-0.2531,1842.5,24300.0,24350.0
2024-07-12T00:00:00,False,2024-07-18,EOD,-361.78,75.0,-21.25,340.53,False,0.0221,193.75,24000.0,25000.0
2024-07-15T00:00:00,False,2024-07-18,EOD,-251.38,75.0,95.0,346.38,False,0.1159,941.25,24500.0,25000.0
2024-07-16T00:00:00,False,2024-07-18,EOD,-259.48,75.0,80.0,339.48,False,-0.0216,107.5,24000.0,25000.0
2024-07-18T00:00:00,False,2024-07-18,TARGET,1610.17,57.0,1965.38,355.21,True,0.0078,2608.75,24800.0,25000.0
2024-07-19T00:00:00,False,2024-07-25,EOD,-241.77,75.0,100.0,341.77,False,-0.0404,350.0,23500.0,25500.0
2024-07-22T00:00:00,False,2024-07-25,EOD,157.3,75.0,503.75,346.45,True,0.0731,1058.75,24000.0,25500.0
2024-07-23T00:00:00,False,2024-07-25,EOD,306.77,75.0,656.25,349.48,True,-0.0245,946.25,24000.0,25000.0
2024-07-24T00:00:00,False,2024-07-25,EOD,-221.69,75.0,118.75,340.44,False,0.0126,196.25,24000.0,25000.0
2024-07-25T00:00:00,False,2024-07-25,TARGET,1302.39,44.0,1655.01,352.62,True,0.3026,2187.5,24400.0,24400.0
2024-07-26T00:00:00,False,2024-08-01,NOLEG,0.0,,,,,,,,
2024-07-29T00:00:00,False,2024-08-01,EOD,-189.98,75.0,150.0,339.98,False,-0.016,217.5,24000.0,25500.0
2024-07-30T00:00:00,False,2024-08-01,EOD,-319.45,75.0,20.0,339.45,False,-0.0025,46.25,24000.0,25500.0
2024-07-31T00:00:00,False,2024-08-01,EOD,-251.15,75.0,88.75,339.9,False,0.0416,170.0,24500.0,25500.0
2024-08-01T00:00:00,False,2024-08-01,TARGET,1193.62,59.0,1542.0,348.38,True,-0.0804,2050.0,25000.0,25050.0
2024-08-02T00:00:00,False,2024-08-08,EOD,-257.39,75.0,82.5,339.89,False,0.0297,200.0,24000.0,26000.0
2024-08-05T00:00:00,False,2024-08-08,STOP,-698.0,19.0,-353.07,344.93,False,0.0551,222.5,24000.0,26000.0
2024-08-06T00:00:00,False,2024-08-08,NOLEG,0.0,,,,,,,,
2024-08-07T00:00:00,False,2024-08-08,EOD,-149.62,75.0,193.75,343.37,False,0.0697,370.0,24000.0,25000.0
2024-08-08T00:00:00,False,2024-08-08,TARGET,1110.47,57.0,1463.73,353.26,True,-0.1235,1951.25,24100.0,24150.0
2024-08-09T00:00:00,False,2024-08-14,EOD,-390.32,75.0,-50.0,340.32,False,-0.0156,48.75,23000.0,25000.0
2024-08-12T00:00:00,False,2024-08-14,EOD,-273.88,75.0,66.25,340.13,False,-0.0018,118.75,23500.0,25000.0
2024-08-13T00:00:00,False,2024-08-14,TARGET,-319.09,52.0,20.24,339.33,False,-0.0014,25.0,23500.0,25000.0
2024-08-14T00:00:00,False,2024-08-14,TARGET,1895.47,61.0,2246.21,350.74,True,-0.0469,2975.0,24150.0,24150.0
2024-08-16T00:00:00,False,2024-08-22,STOP,-397.86,45.0,-58.0,339.86,False,0.0019,41.25,23000.0,25000.0
2024-08-19T00:00:00,False,2024-08-22,EOD,-138.42,75.0,202.5,340.92,False,-0.0206,358.75,24000.0,25000.0
2024-08-20T00:00:00,False,2024-08-22,EOD,-46.06,75.0,295.0,341.06,False,0.0431,481.25,24300.0,25000.0
2024-08-21T00:00:00,False,2024-08-22,EOD,-34.95,75.0,306.25,341.2,False,0.0807,478.75,24500.0,25000.0
2024-08-22T00:00:00,False,2024-08-22,TARGET,1349.27,63.0,1695.39,346.12,True,-0.442,2170.0,24800.0,24800.0
2024-08-23T00:00:00,False,2024-08-29,STOP,-346.77,1.0,-7.11,339.66,False,0.0057,3.75,24000.0,26000.0
2024-08-26T00:00:00,False,2024-08-29,STOP,-346.67,50.0,-7.21,339.46,False,0.0034,5.0,24000.0,26000.0
2024-08-27T00:00:00,False,2024-08-29,EOD,-142.43,75.0,212.5,354.93,False,-0.027,2855.0,25000.0,25000.0
2024-08-28T00:00:00,False,2024-08-29,EOD,77.98,75.0,422.5,344.52,True,0.2272,1215.0,25000.0,25500.0
2024-08-29T00:00:00,False,2024-08-29,TARGET,713.68,50.0,1059.15,345.47,True,0.3526,1405.0,25100.0,25200.0
2024-08-30T00:00:00,False,2024-09-05,EOD,-483.3,75.0,-140.0,343.3,False,0.0707,277.5,25000.0,26000.0
2024-09-02T00:00:00,False,2024-09-05,EOD,-449.87,75.0,-108.75,341.12,False,0.0625,281.25,25000.0,26000.0
2024-09-03T00:00:00,False,2024-09-05,EOD,-224.62,75.0,116.25,340.87,False,0.0723,342.5,25000.0,26000.0
2024-09-04T00:00:00,False,2024-09-05,EOD,203.12,75.0,547.5,344.38,True,0.0868,1258.75,25000.0,25300.0
2024-09-05T00:00:00,False,2024-09-05,TARGET,694.77,56.0,1039.95,345.18,True,-0.4215,1370.0,25150.0,25200.0
2024-09-06T00:00:00,False,2024-09-12,NOLEG,0.0,,,,,,,,
2024-09-09T00:00:00,False,2024-09-12,NOSIM,0.0,,,,,,,,
2024-09-10T00:00:00,False,2024-09-12,TARGET,-176.19,48.0,163.98,340.17,False,0.0501,213.75,24600.0,26000.0
2024-09-11T00:00:00,False,2024-09-12,TARGET,1074.92,68.0,1420.77,345.85,True,-0.3015,1731.25,24500.0,25000.0
2024-09-12T00:00:00,False,2024-09-12,TARGET,2455.73,64.0,2834.03,378.3,True,0.0368,3738.75,25400.0,25400.0
2024-09-13T00:00:00,False,2024-09-19,EOD,-569.7,75.0,-226.25,343.45,False,0.0229,183.75,25000.0,26000.0
2024-09-16T00:00:00,False,2024-09-19,EOD,-349.15,75.0,-7.5,341.65,False,0.0131,202.5,25000.0,26000.0
2024-09-17T00:00:00,False,2024-09-19,EOD,-382.76,75.0,-42.5,340.26,False,0.0246,128.75,25000.0,26000.0
2024-09-18T00:00:00,False,2024-09-19,EOD,-406.56,75.0,-66.25,340.31,False,0.0444,205.0,25000.0,26000.0
2024-09-19T00:00:00,False,2024-09-19,TARGET,1244.24,58.0,1595.5,351.26,True,-0.1995,2100.0,25400.0,25400.0
2024-09-20T00:00:00,False,2024-09-26,EOD,-336.59,75.0,5.0,341.59,False,0.0293,153.75,25000.0,27000.0
2024-09-23T00:00:00,False,2024-09-26,TARGET,-207.24,71.0,133.51,340.75,False,0.0205,172.5,25000.0,27000.0
2024-09-24T00:00:00,False,2024-09-26,NOSIM,0.0,,,,,,,,
2024-09-25T00:00:00,False,2024-09-26,TARGET,-330.28,30.0,8.96,339.24,False,-0.0029,11.25,25000.0,27000.0
2024-09-26T00:00:00,False,2024-09-26,TARGET,2612.08,65.0,2967.78,355.7,True,0.1237,3562.5,26200.0,26250.0
2024-09-27T00:00:00,False,2024-10-03,EOD,-296.45,75.0,43.75,340.2,False,-0.0099,77.5,25000.0,27000.0
2024-09-30T00:00:00,False,2024-10-03,NOLEG,0.0,,,,,,,,
2024-10-01T00:00:00,False,2024-10-03,NOLEG,0.0,,,,,,,,
2024-10-03T00:00:00,False,2024-10-03,TARGET,3445.99,58.0,3813.12,367.13,True,-0.0382,5017.5,25250.0,25250.0
2024-10-04T00:00:00,False,2024-10-10,NOLEG,0.0,,,,,,,,
2024-10-07T00:00:00,False,2024-10-10,NOLEG,0.0,,,,,,,,
2024-10-08T00:00:00,False,2024-10-10,NOLEG,0.0,,,,,,,,
2024-10-09T00:00:00,False,2024-10-10,TARGET,-186.44,69.0,153.89,340.33,False,-0.0416,203.75,24000.0,25500.0
2024-10-10T00:00:00,False,2024-10-10,TARGET,1562.57,58.0,1913.4,350.83,True,-0.2263,2541.25,25000.0,25000.0
2024-10-11T00:00:00,False,2024-10-17,EOD,-788.96,75.0,-435.0,353.96,False,0.1345,1162.5,25000.0,26000.0
2024-10-14T00:00:00,False,2024-10-17,EOD,511.25,75.0,863.75,352.5,True,0.1407,1655.0,25000.0,26000.0
2024-10-15T00:00:00,False,2024-10-17,EOD,-54.34,75.0,295.0,349.34,False,-0.1223,2012.5,25000.0,25200.0
2024-10-16T00:00:00,False,2024-10-17,EOD,-318.05,75.0,21.25,339.3,False,-0.0039,46.25,24500.0,25500.0
2024-10-17T00:00:00,False,2024-10-17,TARGET,2077.62,60.0,2437.45,359.83,True,0.0297,3242.5,24750.0,24750.0
2024-10-18T00:00:00,False,2024-10-24,EOD,-223.33,75.0,117.5,340.83,False,0.0282,180.0,24000.0,26000.0
2024-10-21T00:00:00,False,2024-10-24,EOD,307.93,75.0,655.0,347.07,True,-0.1782,1181.25,24000.0,25000.0
2024-10-22T00:00:00,False,2024-10-24,EOD,-230.53,75.0,111.25,341.78,False,-0.0898,356.25,24000.0,25000.0
2024-10-23T00:00:00,False,2024-10-24,EOD,-163.09,75.0,177.5,340.59,False,0.0382,246.25,24000.0,25000.0
2024-10-24T00:00:00,False,2024-10-24,TARGET,1690.85,59.0,2041.48,350.63,True,0.0049,2681.25,24400.0,24400.0
2024-10-25T00:00:00,False,2024-10-31,EOD,-169.28,75.0,171.25,340.53,False,-0.0468,251.25,23000.0,25000.0
2024-10-28T00:00:00,False,2024-10-31,EOD,248.02,75.0,593.75,345.73,True,0.0857,930.0,24000.0,25000.0
2024-10-29T00:00:00,False,2024-10-31,STOP,-502.0,7.0,-161.53,340.47,False,0.0262,107.5,24000.0,25000.0
2024-10-30T00:00:00,False,2024-10-31,TARGET,-326.13,2.0,14.09,340.22,False,0.0403,12.5,24000.0,25000.0
2024-10-31T00:00:00,False,2024-10-31,TARGET,1812.08,52.0,2166.03,353.95,True,-0.1651,2887.5,24200.0,24200.0
2024-11-04T00:00:00,False,2024-11-07,NOLEG,0.0,,,,,,,,
2024-11-05T00:00:00,False,2024-11-07,NOLEG,0.0,,,,,,,,
2024-11-06T00:00:00,False,2024-11-07,NOLEG,0.0,,,,,,,,
2024-11-07T00:00:00,False,2024-11-07,TARGET,1490.98,15.0,1851.46,360.48,True,-0.0591,2352.5,24200.0,24200.0
2024-11-08T00:00:00,False,2024-11-14,NOLEG,0.0,,,,,,,,
2024-11-11T00:00:00,False,2024-11-14,NOLEG,0.0,,,,,,,,
2024-11-12T00:00:00,False,2024-11-14,NOLEG,0.0,,,,,,,,
2024-11-13T00:00:00,False,2024-11-14,NOLEG,0.0,,,,,,,,
2024-11-14T00:00:00,False,2024-11-14,TARGET,1966.21,57.0,2318.96,352.75,True,0.0013,3080.0,23500.0,23550.0
2024-11-18T00:00:00,False,2024-11-21,NOLEG,0.0,,,,,,,,
2024-11-19T00:00:00,False,2024-11-21,EOD,-351.22,75.0,-11.25,339.97,False,0.0091,180.0,23000.0,24000.0
2024-11-21T00:00:00,False,2024-11-21,TARGET,4271.72,56.0,4966.42,694.7,True,-0.1504,6577.5,23350.0,23350.0
2024-11-22T00:00:00,False,2024-11-28,NOLEG,0.0,,,,,,,,
2024-11-25T00:00:00,False,2024-11-28,TARGET,-67.25,70.0,575.24,642.49,False,-0.023,682.5,22500.0,25000.0
2024-11-26T00:00:00,False,2024-11-28,EOD,-562.88,75.0,78.75,641.63,False,-0.0154,161.25,23000.0,25000.0
2024-11-27T00:00:00,False,2024-11-28,TARGET,319.12,55.0,967.31,648.19,True,0.0961,1275.0,24000.0,25000.0
2024-11-28T00:00:00,False,2024-11-28,TARGET,15795.78,61.0,16575.24,779.46,True,0.1021,22038.75,23900.0,23900.0
2024-11-29T00:00:00,False,2024-12-05,EOD,-481.2,75.0,161.25,642.45,False,0.0075,337.5,23000.0,25000.0
2024-12-02T00:00:00,False,2024-12-05,EOD,-711.9,75.0,-71.25,640.65,False,-0.0037,120.0,23000.0,25000.0
2024-12-03T00:00:00,False,2024-12-05,EOD,-402.3,75.0,240.0,642.3,False,-0.0002,502.5,23500.0,25000.0
2024-12-04T00:00:00,False,2024-12-05,EOD,-580.44,75.0,60.0,640.44,False,-0.0165,198.75,23500.0,25000.0
2024-12-05T00:00:00,False,2024-12-05,TARGET,5122.32,59.0,5827.64,705.32,True,0.142,7747.5,24700.0,25000.0
2024-12-06T00:00:00,False,2024-12-12,NOLEG,0.0,,,,,,,,
2024-12-09T00:00:00,False,2024-12-12,NOLEG,0.0,,,,,,,,
2024-12-10T00:00:00,False,2024-12-12,EOD,-600.79,75.0,41.25,642.04,False,0.0195,262.5,24000.0,26000.0
2024-12-11T00:00:00,False,2024-12-12,EOD,-62.85,75.0,581.25,644.1,False,-0.037,918.75,24000.0,25000.0
2024-12-12T00:00:00,False,2024-12-12,TARGET,3996.75,58.0,4665.33,668.58,True,-0.1202,6198.75,24550.0,24550.0
2024-12-13T00:00:00,False,2024-12-19,EOD,1433.93,75.0,2115.0,681.07,True,0.1438,3750.0,24500.0,26000.0
2024-12-16T00:00:00,False,2024-12-19,TARGET,315.41,70.0,959.61,644.2,True,0.0551,1267.5,24000.0,26000.0
2024-12-17T00:00:00,False,2024-12-19,EOD,56.99,76.0,705.0,648.01,True,-0.0448,1395.0,23900.0,25000.0
2024-12-18T00:00:00,False,2024-12-19,EOD,-793.85,75.0,-150.0,643.85,False,0.0763,825.0,24000.0,25500.0
2024-12-19T00:00:00,False,2024-12-19,TARGET,4093.57,56.0,4769.58,676.01,True,0.3101,6221.25,23950.0,23950.0
2024-12-20T00:00:00,False,2024-12-26,EOD,-930.75,75.0,-285.0,645.75,False,0.0019,551.25,23000.0,25000.0
2024-12-23T00:00:00,False,2024-12-26,EOD,-196.44,75.0,465.0,661.44,False,0.0782,1372.5,23500.0,25000.0
2024-12-24T00:00:00,False,2024-12-26,EOD,-282.84,75.0,363.75,646.59,False,-0.0884,1027.5,22000.0,24000.0
2024-12-26T00:00:00,False,2024-12-26,TARGET,3769.06,56.0,4434.25,665.19,True,-0.1284,5835.0,23700.0,23750.0
2024-12-27T00:00:00,False,2025-01-02,NOLEG,0.0,,,,,,,,
2024-12-30T00:00:00,False,2025-01-02,NOLEG,0.0,,,,,,,,
2024-12-31T00:00:00,False,2025-01-02,NOLEG,0.0,,,,,,,,
2025-01-01T00:00:00,False,2025-01-02,TARGET,-473.94,62.0,167.14,641.08,False,0.018,221.25,23000.0,24500.0
2025-01-02T00:00:00,False,2025-01-02,TARGET,7091.52,53.0,7827.86,736.34,True,0.0778,9836.25,24150.0,24200.0
2025-01-03T00:00:00,False,2025-01-09,NOLEG,0.0,,,,,,,,
2025-01-06T00:00:00,False,2025-01-09,NOLEG,0.0,,,,,,,,
2025-01-07T00:00:00,False,2025-01-09,TARGET,190.39,66.0,837.21,646.82,True,0.0207,1106.25,23000.0,24500.0
2025-01-08T00:00:00,False,2025-01-09,EOD,-124.11,75.0,521.25,645.36,False,-0.0754,1053.75,23000.0,24000.0
2025-01-09T00:00:00,False,2025-01-09,TARGET,4512.04,43.0,5186.65,674.61,True,-0.3125,6678.75,23500.0,23550.0
2025-01-10T00:00:00,False,2025-01-16,EOD,-607.04,75.0,33.75,640.79,False,-0.0044,150.0,22000.0,24500.0
2025-01-13T00:00:00,False,2025-01-16,NOLEG,0.0,,,,,,,,
2025-01-14T00:00:00,False,2025-01-16,EOD,940.95,75.0,1601.25,660.3,True,0.1071,2475.0,23000.0,24000.0
2025-01-15T00:00:00,False,2025-01-16,EOD,1837.7,75.0,2505.0,667.3,True,-0.0068,6018.75,23200.0,23300.0
2025-01-16T00:00:00,False,2025-01-16,TARGET,3986.45,25.0,4648.73,662.28,True,-0.4555,6026.25,23300.0,23300.0
2025-01-17T00:00:00,False,2025-01-23,EOD,-395.69,75.0,247.5,643.19,False,-0.0182,495.0,22000.0,24000.0
2025-01-20T00:00:00,False,2025-01-23,EOD,-779.89,76.0,-138.75,641.14,False,-0.0134,127.5,22000.0,24000.0
2025-01-21T00:00:00,False,2025-01-23,TARGET,-336.1,31.0,305.23,641.33,False,-0.0202,393.75,22000.0,24000.0
2025-01-22T00:00:00,False,2025-01-23,EOD,1554.4,75.0,2216.25,661.85,True,0.0938,3172.5,23000.0,23500.0
2025-01-23T00:00:00,False,2025-01-23,TARGET,4549.04,45.0,5212.76,663.72,True,0.2905,6915.0,23200.0,23250.0
2025-01-24T00:00:00,False,2025-01-30,EOD,-500.38,75.0,142.5,642.88,False,-0.0141,401.25,22000.0,24000.0
2025-01-27T00:00:00,False,2025-01-30,EOD,-517.67,75.0,123.75,641.42,False,0.0103,337.5,22000.0,24000.0
2025-01-28T00:00:00,False,2025-01-30,EOD,-501.84,75.0,138.75,640.59,False,0.0006,213.75,22000.0,24000.0
2025-01-29T00:00:00,False,2025-01-30,EOD,-669.3,75.0,-0.0,669.3,False,0.1538,3108.75,23000.0,24000.0
2025-01-30T00:00:00,False,2025-01-30,TARGET,1488.63,51.0,2152.21,663.58,True,-0.1102,2381.25,23000.0,23250.0
2025-01-31T00:00:00,False,2025-02-06,NOLEG,0.0,,,,,,,,
2025-02-03T00:00:00,False,2025-02-06,NOLEG,0.0,,,,,,,,
2025-02-04T00:00:00,False,2025-02-06,EOD,-678.26,75.0,-33.75,644.51,False,0.0014,723.75,23000.0,24000.0
2025-02-05T00:00:00,False,2025-02-06,EOD,-373.23,76.0,270.0,643.23,False,-0.0862,843.75,23000.0,24000.0
2025-02-06T00:00:00,False,2025-02-06,TARGET,5312.95,23.0,5986.91,673.96,True,-0.2912,7410.0,23600.0,23600.0
2025-02-07T00:00:00,False,2025-02-13,NOLEG,0.0,,,,,,,,
2025-02-10T00:00:00,False,2025-02-13,NOLEG,0.0,,,,,,,,
2025-02-11T00:00:00,False,2025-02-13,NOSIM,0.0,,,,,,,,
2025-02-12T00:00:00,False,2025-02-13,STOP,-1137.83,7.0,-497.44,640.39,False,0.02,228.75,22500.0,24000.0
2025-02-13T00:00:00,False,2025-02-13,TARGET,5091.72,59.0,5763.93,672.21,True,-0.0413,7545.0,23000.0,23050.0
2025-02-14T00:00:00,False,2025-02-20,NOLEG,0.0,,,,,,,,
2025-02-17T00:00:00,False,2025-02-20,EOD,-529.08,75.0,112.5,641.58,False,0.0124,251.25,22000.0,24000.0
2025-02-18T00:00:00,False,2025-02-20,EOD,-144.42,75.0,498.75,643.17,False,-0.0393,727.5,22000.0,23500.0
2025-02-19T00:00:00,False,2025-02-20,TARGET,216.96,59.0,860.66,643.7,True,0.0776,1128.75,22500.0,23500.0
2025-02-20T00:00:00,False,2025-02-20,TARGET,3797.41,54.0,4465.59,668.18,True,0.3125,5707.5,22900.0,22950.0
2025-02-21T00:00:00,False,2025-02-27,EOD,-644.81,75.0,-3.75,641.06,False,0.0064,153.75,22000.0,24000.0
2025-02-24T00:00:00,False,2025-02-27,EOD,464.63,76.0,1128.75,664.12,True,0.0644,3915.0,22500.0,23000.0
2025-02-25T00:00:00,False,2025-02-27,EOD,2304.76,76.0,2981.25,676.49,True,0.2357,6588.75,22600.0,22700.0
2025-02-27T00:00:00,False,2025-02-27,TARGET,4271.62,59.0,4932.19,660.57,True,-0.1279,6547.5,22550.0,22550.0
2025-02-28T00:00:00,False,2025-03-06,NOLEG,0.0,,,,,,,,
2025-03-03T00:00:00,False,2025-03-06,EOD,-568.93,75.0,71.25,640.18,False,-0.0029,116.25,20800.0,23000.0
2025-03-04T00:00:00,False,2025-03-06,EOD,-309.52,75.0,333.75,643.27,False,-0.0001,750.0,21500.0,22500.0
2025-03-05T00:00:00,False,2025-03-06,TARGET,1613.42,72.0,2268.72,655.3,True,0.1724,3022.5,22000.0,22600.0
2025-03-06T00:00:00,False,2025-03-06,TARGET,4151.55,57.0,4814.34,662.79,True,0.0571,6397.5,22500.0,22550.0
2025-03-07T00:00:00,False,2025-03-13,EOD,-518.69,75.0,123.75,642.44,False,-0.0234,517.5,21500.0,23100.0
2025-03-10T00:00:00,False,2025-03-13,EOD,-289.15,75.0,356.25,645.4,False,0.0033,1083.75,22000.0,23000.0
2025-03-11T00:00:00,False,2025-03-13,EOD,860.59,75.0,1515.0,654.41,True,0.1266,2538.75,22200.0,23000.0
2025-03-12T00:00:00,False,2025-03-13,EOD,-445.89,75.0,195.0,640.89,False,0.0046,307.5,22000.0,23000.0
2025-03-13T00:00:00,False,2025-03-13,TARGET,5936.58,63.0,6609.61,673.03,True,-0.3771,8535.0,22400.0,22400.0
2025-03-17T00:00:00,False,2025-03-20,EOD,-217.26,75.0,427.5,644.76,False,0.0573,750.0,22000.0,23500.0
2025-03-18T00:00:00,False,2025-03-20,EOD,-765.15,76.0,-112.5,652.65,False,0.0864,2171.25,22500.0,23000.0
2025-03-19T00:00:00,False,2025-03-20,EOD,-455.37,75.0,187.5,642.87,False,0.0269,637.5,22500.0,23300.0
2025-03-20T00:00:00,False,2025-03-20,TARGET,6156.34,56.0,6843.09,686.75,True,0.1512,9048.75,23200.0,23200.0
2025-03-21T00:00:00,False,2025-03-27,EOD,475.63,75.0,1132.5,656.87,True,0.1061,2148.75,23000.0,24000.0
2025-03-24T00:00:00,False,2025-03-27,EOD,-602.75,75.0,37.5,640.25,False,0.0078,127.5,22500.0,25000.0
2025-03-25T00:00:00,False,2025-03-27,TARGET,-508.18,55.0,133.6,641.78,False,0.0141,153.75,23000.0,25000.0
2025-03-26T00:00:00,False,2025-03-27,TARGET,162.6,57.0,807.68,645.08,True,-0.0623,1068.75,23000.0,24000.0
2025-03-27T00:00:00,False,2025-03-27,TARGET,5408.98,9.0,6086.0,677.02,True,0.3402,7563.75,23600.0,23600.0
2025-03-28T00:00:00,False,2025-04-03,NOLEG,0.0,,,,,,,,
2025-04-01T00:00:00,False,2025-04-03,NOLEG,0.0,,,,,,,,
2025-04-02T00:00:00,False,2025-04-03,EOD,311.5,75.0,963.75,652.25,True,0.0807,2253.75,23000.0,23500.0
2025-04-03T00:00:00,False,2025-04-03,TARGET,3199.57,3.0,3867.83,668.26,True,0.4711,4597.5,23250.0,23250.0
2025-04-04T00:00:00,False,2025-04-09,NOLEG,0.0,,,,,,,,
2025-04-07T00:00:00,False,2025-04-09,NOLEG,0.0,,,,,,,,
2025-04-08T00:00:00,False,2025-04-09,EOD,-307.17,76.0,341.25,648.42,False,0.0035,566.25,21000.0,23500.0
2025-04-09T00:00:00,False,2025-04-09,TARGET,9539.19,58.0,10244.25,705.06,True,0.0181,13455.0,22400.0,22400.0
2025-04-11T00:00:00,False,2025-04-17,NOLEG,0.0,,,,,,,,
2025-04-15T00:00:00,False,2025-04-17,EOD,1422.8,75.0,2133.75,710.95,True,0.058,6120.0,23300.0,24000.0
2025-04-16T00:00:00,False,2025-04-17,EOD,-52.17,75.0,592.5,644.67,False,0.0436,967.5,23000.0,24000.0
2025-04-17T00:00:00,False,2025-04-17,TARGET,8139.88,58.0,8919.94,780.06,True,0.0053,11786.25,23850.0,23850.0
2025-04-21T00:00:00,False,2025-04-24,NOLEG,0.0,,,,,,,,
2025-04-22T00:00:00,False,2025-04-24,EOD,-671.79,75.0,-30.0,641.79,False,0.0029,41.25,23000.0,25500.0
2025-04-23T00:00:00,False,2025-04-24,STOP,-1989.4,19.0,-1345.76,643.64,False,0.0633,840.0,24000.0,25000.0
2025-04-24T00:00:00,False,2025-04-24,TARGET,2854.56,62.0,3518.32,663.76,True,-0.035,4623.75,24250.0,24250.0
2025-04-25T00:00:00,False,2025-04-30,EOD,-94.66,75.0,555.0,649.66,False,0.015,1657.5,23500.0,25000.0
2025-04-28T00:00:00,False,2025-04-30,EOD,1110.44,75.0,1788.75,678.31,True,0.0999,2471.25,24000.0,25000.0
2025-04-29T00:00:00,False,2025-04-30,EOD,667.37,75.0,1335.0,667.63,True,0.0284,3990.0,24300.0,24500.0
2025-04-30T00:00:00,False,2025-04-30,TARGET,3680.51,60.0,4342.37,661.86,True,-0.0133,5733.75,24350.0,24350.0
2025-05-02T00:00:00,False,2025-05-08,NOLEG,0.0,,,,,,,,
2025-05-05T00:00:00,False,2025-05-08,NOLEG,0.0,,,,,,,,
2025-05-06T00:00:00,False,2025-05-08,EOD,875.93,75.0,1541.25,665.32,True,-0.2621,3082.5,24000.0,24500.0
2025-05-07T00:00:00,False,2025-05-08,EOD,358.62,75.0,1027.5,668.88,True,0.2376,2921.25,24300.0,24500.0
2025-05-08T00:00:00,False,2025-05-08,TARGET,856.45,4.0,1512.43,655.98,True,-0.4412,1747.5,24300.0,24400.0
2025-05-09T00:00:00,False,2025-05-15,NOLEG,0.0,,,,,,,,
2025-05-12T00:00:00,False,2025-05-15,NOSIM,0.0,,,,,,,,
2025-05-13T00:00:00,False,2025-05-15,EOD,-825.56,76.0,-180.0,645.56,False,0.0009,243.75,24000.0,26000.0
2025-05-14T00:00:00,False,2025-05-15,TARGET,556.44,64.0,1205.35,648.91,True,-0.0527,1560.0,24000.0,25000.0
2025-05-15T00:00:00,False,2025-05-15,TARGET,7214.12,55.0,7961.52,747.4,True,0.074,10106.25,25050.0,25100.0
2025-05-16T00:00:00,False,2025-05-22,EOD,-307.38,75.0,382.5,689.88,False,0.0909,4770.0,25000.0,26000.0
2025-05-19T00:00:00,False,2025-05-22,STOP,-762.22,42.0,-118.48,643.74,False,-0.0017,82.5,24000.0,26000.0
2025-05-20T00:00:00,False,2025-05-22,EOD,2113.44,75.0,2790.0,676.56,True,-0.1553,4233.75,24000.0,25000.0
2025-05-21T00:00:00,False,2025-05-22,STOP,-766.37,13.0,-124.93,641.44,False,-0.0034,71.25,24000.0,25500.0
2025-05-22T00:00:00,False,2025-05-22,TARGET,4341.12,66.0,5039.71,698.59,True,-0.0836,6630.0,24600.0,24600.0
2025-05-23T00:00:00,False,2025-05-29,EOD,-794.01,75.0,-146.25,647.76,False,0.021,420.0,24000.0,26000.0
2025-05-26T00:00:00,False,2025-05-29,EOD,-692.63,76.0,-48.75,643.88,False,0.0103,378.75,24000.0,26000.0
2025-05-27T00:00:00,False,2025-05-29,EOD,-654.39,75.0,-11.25,643.14,False,0.0016,270.0,24000.0,26000.0
2025-05-28T00:00:00,False,2025-05-29,EOD,-513.1,75.0,127.5,640.6,False,0.0096,232.5,24000.0,26000.0
2025-05-29T00:00:00,False,2025-05-29,TARGET,5333.33,57.0,6011.06,677.73,True,-0.0445,7950.0,24800.0,24850.0
2025-05-30T00:00:00,False,2025-06-05,NOLEG,0.0,,,,,,,,
2025-06-02T00:00:00,False,2025-06-05,EOD,-795.01,76.0,-150.0,645.01,False,0.0284,630.0,24000.0,26000.0
2025-06-03T00:00:00,False,2025-06-05,EOD,-606.0,75.0,41.25,647.25,False,-0.0021,521.25,24000.0,25500.0
2025-06-04T00:00:00,False,2025-06-05,TARGET,-335.0,69.0,307.14,642.14,False,0.0225,405.0,24000.0,25500.0
2025-06-05T00:00:00,False,2025-06-05,TARGET,4542.83,58.0,5214.53,671.7,True,0.0315,6843.75,24700.0,24750.0
2025-06-06T00:00:00,False,2025-06-12,EOD,-483.33,75.0,161.25,644.58,False,0.015,378.75,24000.0,26000.0
2025-06-09T00:00:00,False,2025-06-12,EOD,-581.4,75.0,60.0,641.4,False,0.001,172.5,24000.0,26000.0
2025-06-10T00:00:00,False,2025-06-12,EOD,-599.04,75.0,41.25,640.29,False,0.0006,108.75,24000.0,26000.0
2025-06-11T00:00:00,False,2025-06-12,EOD,-554.24,75.0,86.25,640.49,False,0.0121,153.75,24500.0,26000.0
2025-06-12T00:00:00,False,2025-06-12,TARGET,8118.05,55.0,8821.93,703.88,True,-0.0437,11126.25,24850.0,24900.0
2025-06-13T00:00:00,False,2025-06-19,NOLEG,0.0,,,,,,,,
2025-06-16T00:00:00,False,2025-06-19,NOLEG,0.0,,,,,,,,
2025-06-17T00:00:00,False,2025-06-19,EOD,-619.57,75.0,22.5,642.07,False,0.0064,172.5,24000.0,26000.0
2025-06-18T00:00:00,False,2025-06-19,EOD,157.47,75.0,806.25,648.78,True,-0.1112,1920.0,24000.0,25000.0
2025-06-19T00:00:00,False,2025-06-19,TARGET,2569.57,60.0,3237.21,667.64,True,-0.0123,4282.5,24800.0,24800.0
2025-06-20T00:00:00,False,2025-06-26,EOD,4008.67,75.0,4736.25,727.58,True,0.1139,7680.0,25000.0,26000.0
2025-06-23T00:00:00,False,2025-06-26,EOD,-708.54,75.0,-63.75,644.79,False,0.0038,112.5,24000.0,26000.0
2025-06-24T00:00:00,False,2025-06-26,NOSIM,0.0,,,,,,,,
2025-06-25T00:00:00,False,2025-06-26,EOD,1461.17,75.0,2126.25,665.08,True,0.2653,4158.75,25200.0,26000.0
2025-06-26T00:00:00,False,2025-06-26,TARGET,7102.48,57.0,7798.24,695.76,True,0.237,9641.25,25500.0,25550.0
2025-06-27T00:00:00,False,2025-07-03,EOD,-312.01,75.0,337.5,649.51,False,0.0295,787.5,25000.0,26500.0
2025-06-30T00:00:00,False,2025-07-03,NOLEG,0.0,,,,,,,,
2025-07-01T00:00:00,False,2025-07-03,EOD,812.53,75.0,1481.25,668.72,True,0.1237,4638.75,25500.0,26000.0
2025-07-02T00:00:00,False,2025-07-03,EOD,-562.03,75.0,78.75,640.78,False,-0.0218,243.75,25000.0,26000.0
2025-07-03T00:00:00,False,2025-07-03,TARGET,2609.05,57.0,3265.99,656.94,True,-0.1286,4293.75,25400.0,25500.0
2025-07-04T00:00:00,False,2025-07-10,EOD,-377.92,75.0,270.0,647.92,False,0.0444,941.25,25000.0,26500.0
2025-07-07T00:00:00,False,2025-07-10,EOD,-497.0,75.0,150.0,647.0,False,0.0011,888.75,25000.0,26000.0
2025-07-08T00:00:00,False,2025-07-10,EOD,450.68,75.0,1113.75,663.07,True,0.1611,2925.0,25400.0,26000.0
2025-07-09T00:00:00,False,2025-07-10,EOD,-1128.58,75.0,-480.0,648.58,False,0.1037,1076.25,25400.0,26000.0
2025-07-10T00:00:00,False,2025-07-10,TARGET,4573.05,54.0,5241.16,668.11,True,-0.3725,6532.5,25350.0,25400.0
2025-07-11T00:00:00,False,2025-07-17,EOD,540.13,75.0,1196.25,656.12,True,-0.1061,2400.0,24000.0,25500.0
2025-07-14T00:00:00,False,2025-07-17,EOD,-202.48,75.0,457.5,659.98,False,0.0709,3266.25,25000.0,25500.0
2025-07-15T00:00:00,False,2025-07-17,EOD,1121.78,75.0,1773.75,651.97,True,0.1793,2538.75,25000.0,26000.0
2025-07-16T00:00:00,False,2025-07-17,EOD,-48.56,75.0,596.25,644.81,False,0.0232,1263.75,25000.0,25500.0
2025-07-17T00:00:00,False,2025-07-17,TARGET,2146.21,53.0,2800.1,653.89,True,-0.2848,3716.25,25100.0,25200.0
2025-07-18T00:00:00,False,2025-07-24,EOD,-681.83,75.0,-41.25,640.58,False,-0.0055,97.5,24000.0,26000.0
2025-07-21T00:00:00,False,2025-07-24,EOD,-539.12,75.0,101.25,640.37,False,0.0061,165.0,24000.0,26000.0
2025-07-22T00:00:00,False,2025-07-24,EOD,495.11,75.0,1170.0,674.89,True,-0.16,6138.75,25000.0,25100.0
2025-07-23T00:00:00,False,2025-07-24,EOD,616.0,75.0,1267.5,651.5,True,0.1969,2073.75,25100.0,25500.0
2025-07-24T00:00:00,False,2025-07-24,TARGET,5986.83,33.0,6658.88,672.05,True,-0.3515,8546.25,25050.0,25100.0
2025-07-25T00:00:00,False,2025-07-31,EOD,2371.35,75.0,3048.75,677.4,True,-0.1679,5460.0,24000.0,25000.0
2025-07-28T00:00:00,False,2025-07-31,EOD,681.65,75.0,1335.0,653.35,True,-0.1147,2486.25,24000.0,25000.0
2025-07-29T00:00:00,False,2025-07-31,EOD,-1033.16,75.0,-386.25,646.91,False,-0.044,952.5,24000.0,25000.0
2025-07-30T00:00:00,False,2025-07-31,EOD,356.5,75.0,1012.5,656.0,True,0.045,3660.0,24800.0,25000.0
2025-07-31T00:00:00,False,2025-07-31,TARGET,3587.23,22.0,4254.0,666.77,True,0.4631,4023.75,24750.0,24800.0
2025-08-01T00:00:00,False,2025-08-07,EOD,148.82,75.0,810.0,661.18,True,-0.0701,3011.25,24200.0,25000.0
2025-08-04T00:00:00,False,2025-08-07,EOD,-774.12,75.0,-127.5,646.62,False,-0.0648,1170.0,23500.0,25000.0
2025-08-05T00:00:00,False,2025-08-07,EOD,126.34,75.0,772.5,646.16,True,-0.078,1267.5,24000.0,25000.0
2025-08-06T00:00:00,False,2025-08-07,EOD,-382.6,75.0,258.75,641.35,False,-0.0362,465.0,24000.0,25000.0
2025-08-07T00:00:00,False,2025-08-07,TARGET,3942.88,73.0,4607.62,664.74,True,0.4591,5662.5,24550.0,24600.0
2025-08-08T00:00:00,False,2025-08-14,NOLEG,0.0,,,,,,,,
2025-08-11T00:00:00,False,2025-08-14,STOP,-956.66,70.0,-314.05,642.61,False,-0.0149,213.75,23500.0,25000.0
2025-08-12T00:00:00,False,2025-08-14,EOD,-379.75,76.0,262.5,642.25,False,-0.014,510.0,24000.0,25000.0
2025-08-13T00:00:00,False,2025-08-14,EOD,1098.17,76.0,1758.75,660.58,True,0.2422,3963.75,24600.0,25000.0
2025-08-14T00:00:00,False,2025-08-14,TARGET,3456.53,59.0,4113.25,656.72,True,0.0598,5471.25,24600.0,24650.0
2025-08-18T00:00:00,False,2025-08-21,EOD,-1829.1,75.0,-1166.25,662.85,False,-0.1385,2268.75,24000.0,25000.0
2025-08-19T00:00:00,False,2025-08-21,EOD,1091.2,75.0,1770.0,678.8,True,0.0638,7545.0,24900.0,25000.0
2025-08-20T00:00:00,False,2025-08-21,EOD,1491.58,75.0,2148.75,657.17,True,0.3187,3975.0,25000.0,25500.0
2025-08-21T00:00:00,False,2025-08-21,TARGET,3433.74,65.0,4088.4,654.66,True,-0.4263,5160.0,25050.0,25100.0
2025-08-22T00:00:00,False,2025-08-28,EOD,4176.83,75.0,4860.0,683.17,True,-0.1818,7815.0,24000.0,25000.0
2025-08-25T00:00:00,False,2025-08-28,EOD,379.73,76.0,1076.25,696.52,True,-0.0031,8550.0,25000.0,25000.0
2025-08-26T00:00:00,False,2025-08-28,TARGET,1162.39,72.0,1813.27,650.88,True,-0.1784,2332.5,24000.0,25000.0
2025-08-28T00:00:00,False,2025-08-28,TARGET,5036.59,56.0,5729.23,692.64,True,-0.2513,7571.25,24500.0,24500.0
2025-08-29T00:00:00,False,2025-09-02,EOD,-420.29,75.0,221.25,641.54,False,-0.0227,371.25,23500.0,25000.0
2025-09-01T00:00:00,False,2025-09-02,TARGET,2542.57,59.0,3205.0,662.43,True,0.343,4151.25,24500.0,25000.0
2025-09-02T00:00:00,False,2025-09-02,TARGET,3447.91,57.0,4104.98,657.07,True,-0.3048,5411.25,24550.0,24600.0
2025-09-03T00:00:00,False,2025-09-09,EOD,199.66,75.0,866.25,666.59,True,0.0663,3480.0,24500.0,25000.0
2025-09-04T00:00:00,False,2025-09-09,EOD,-535.95,76.0,127.5,663.45,False,-0.1429,2265.0,24500.0,25000.0
2025-09-05T00:00:00,False,2025-09-09,EOD,-307.94,75.0,337.5,645.44,False,-0.1212,1282.5,24000.0,25000.0
2025-09-08T00:00:00,False,2025-09-09,EOD,-127.71,75.0,517.5,645.21,False,-0.0442,1218.75,24500.0,25000.0
2025-09-09T00:00:00,False,2025-09-09,TARGET,2553.86,58.0,3207.21,653.35,True,0.0224,4260.0,24850.0,24900.0
2025-09-10T00:00:00,False,2025-09-16,EOD,-666.43,75.0,-26.25,640.18,False,0.002,63.75,24000.0,26000.0
2025-09-11T00:00:00,False,2025-09-16,EOD,-940.73,75.0,-277.5,663.23,False,0.2984,2726.25,25000.0,26000.0
2025-09-12T00:00:00,False,2025-09-16,EOD,676.2,75.0,1327.5,651.3,True,0.2022,2628.75,25000.0,26000.0
2025-09-15T00:00:00,False,2025-09-16,EOD,1060.76,75.0,1725.0,664.24,True,-0.1475,5497.5,25000.0,25100.0
2025-09-16T00:00:00,False,2025-09-16,TARGET,4602.11,65.0,5265.9,663.79,True,0.5324,6772.5,25200.0,25250.0
2025-09-17T00:00:00,False,2025-09-23,EOD,278.03,75.0,937.5,659.47,True,0.1507,2685.0,25200.0,26000.0
2025-09-18T00:00:00,False,2025-09-23,STOP,-813.05,59.0,-169.97,643.08,False,0.0003,116.25,25000.0,26000.0
2025-09-19T00:00:00,False,2025-09-23,STOP,-2201.98,25.0,-1555.93,646.05,False,0.1342,1083.75,25300.0,26000.0
2025-09-22T00:00:00,False,2025-09-23,EOD,-794.18,75.0,-146.25,647.93,False,0.1604,2148.75,25200.0,25500.0
2025-09-23T00:00:00,False,2025-09-23,TARGET,2952.04,63.0,3606.44,654.4,True,-0.1503,4687.5,25150.0,25200.0
2025-09-24T00:00:00,False,2025-09-30,EOD,-1462.29,75.0,-810.0,652.29,False,0.1332,1766.25,25000.0,26000.0
2025-09-25T00:00:00,False,2025-09-30,EOD,-640.18,75.0,0.0,640.18,False,-0.0016,67.5,24000.0,26000.0
2025-09-26T00:00:00,False,2025-09-30,EOD,1275.94,75.0,1931.25,655.31,True,-0.1333,3735.0,24500.0,25000.0
2025-09-29T00:00:00,False,2025-09-30,EOD,-361.85,75.0,281.25,643.1,False,-0.0446,427.5,24000.0,25000.0
2025-09-30T00:00:00,False,2025-09-30,TARGET,3262.94,56.0,3920.75,657.81,True,-0.265,5088.75,24600.0,24650.0
2025-10-01T00:00:00,False,2025-10-07,EOD,1877.76,75.0,2557.5,679.74,True,0.1757,6191.25,24700.0,25000.0
2025-10-03T00:00:00,False,2025-10-07,EOD,-651.24,75.0,-11.25,639.99,False,0.0049,33.75,24000.0,26000.0
2025-10-06T00:00:00,False,2025-10-07,EOD,3148.76,75.0,3813.75,664.99,True,0.3263,5550.0,25000.0,25200.0
2025-10-07T00:00:00,False,2025-10-07,TARGET,2594.27,63.0,3245.86,651.59,True,0.1732,4132.5,25100.0,25150.0
2025-10-08T00:00:00,False,2025-10-14,EOD,-1862.99,75.0,-1211.25,651.74,False,0.1701,1946.25,25000.0,26000.0
2025-10-09T00:00:00,False,2025-10-14,EOD,799.65,75.0,1455.0,655.35,True,0.1689,2460.0,25000.0,26000.0
2025-10-10T00:00:00,False,2025-10-14,TARGET,2717.76,43.0,3375.94,658.18,True,0.3133,4368.75,25200.0,26000.0
2025-10-13T00:00:00,False,2025-10-14,EOD,-550.73,75.0,108.75,659.48,False,0.217,4053.75,25200.0,25300.0
2025-10-14T00:00:00,False,2025-10-14,TARGET,5986.21,35.0,6655.75,669.54,True,-0.3751,8223.75,25150.0,25150.0
2025-10-15T00:00:00,False,2025-10-20,EOD,999.24,75.0,1687.5,688.26,True,0.2041,4290.0,25300.0,26000.0
2025-10-16T00:00:00,False,2025-10-20,STOP,-808.27,59.0,-167.6,640.67,False,-0.0026,105.0,24500.0,26000.0
2025-10-17T00:00:00,False,2025-10-20,EOD,672.14,75.0,1327.5,655.36,True,0.1844,2531.25,25500.0,26000.0
2025-10-20T00:00:00,False,2025-10-20,TARGET,4130.53,58.0,4794.89,664.36,True,-0.0065,6326.25,25800.0,25850.0
2025-10-23T00:00:00,False,2025-10-28,NOSIM,0.0,,,,,,,,
2025-10-24T00:00:00,False,2025-10-28,STOP,-1127.91,53.0,-484.21,643.7,False,-0.0032,318.75,25500.0,26500.0
2025-10-27T00:00:00,False,2025-10-28,EOD,2221.03,75.0,2887.5,666.47,True,0.2734,4500.0,25900.0,26500.0
2025-10-28T00:00:00,False,2025-10-28,TARGET,4571.84,69.0,5241.03,669.19,True,-0.001,6585.0,25900.0,25950.0
2025-10-29T00:00:00,False,2025-11-04,EOD,872.45,75.0,1552.5,680.05,True,0.1496,4657.5,26000.0,27000.0
2025-10-30T00:00:00,False,2025-11-04,EOD,-637.13,75.0,3.75,640.88,False,-0.0038,101.25,25000.0,27000.0
2025-10-31T00:00:00,False,2025-11-04,EOD,-659.06,76.0,-18.75,640.31,False,0.0019,78.75,25000.0,27000.0
2025-11-03T00:00:00,False,2025-11-04,EOD,1027.92,75.0,1687.5,659.58,True,0.2154,4440.0,25700.0,26000.0
2025-11-04T00:00:00,False,2025-11-04,TARGET,6317.57,60.0,7004.72,687.15,True,-0.0869,9288.75,25600.0,25600.0
2025-11-06T00:00:00,False,2025-11-11,EOD,-18.57,75.0,630.0,648.57,False,-0.0385,1128.75,25000.0,26000.0
2025-11-07T00:00:00,False,2025-11-11,EOD,-56.04,76.0,592.5,648.54,False,0.1284,1807.5,25300.0,26000.0
2025-11-10T00:00:00,False,2025-11-11,EOD,1851.26,75.0,2512.5,661.24,True,0.1595,5253.75,25500.0,25700.0
2025-11-11T00:00:00,False,2025-11-11,TARGET,3193.05,59.0,3846.62,653.57,True,0.271,5021.25,25650.0,25700.0
2025-11-12T00:00:00,False,2025-11-18,EOD,113.06,75.0,806.25,693.19,True,0.0181,7353.75,25800.0,26000.0
2025-11-13T00:00:00,False,2025-11-18,EOD,-708.83,75.0,-67.5,641.33,False,0.0046,116.25,25000.0,27000.0
2025-11-14T00:00:00,False,2025-11-18,NOSIM,0.0,,,,,,,,
2025-11-17T00:00:00,False,2025-11-18,EOD,581.29,75.0,1256.25,674.96,True,0.0091,6723.75,25900.0,26000.0
2025-11-18T00:00:00,False,2025-11-18,TARGET,4393.59,63.0,5059.05,665.46,True,-0.222,6600.0,25900.0,25950.0
2025-11-19T00:00:00,False,2025-11-25,EOD,-776.21,76.0,-52.5,723.71,False,0.0283,9367.5,26000.0,26000.0
2025-11-20T00:00:00,False,2025-11-25,EOD,460.62,75.0,1128.75,668.13,True,0.0503,4095.0,26000.0,26500.0
2025-11-21T00:00:00,False,2025-11-25,EOD,-1647.26,75.0,-993.75,653.51,False,0.1412,1920.0,26000.0,27000.0
2025-11-24T00:00:00,False,2025-11-25,EOD,943.97,75.0,1620.0,676.03,True,-0.1021,7110.0,26000.0,26100.0
2025-11-25T00:00:00,False,2025-11-25,TARGET,4799.12,64.0,5472.5,673.38,True,-0.1664,7237.5,25850.0,25900.0
2025-11-26T00:00:00,False,2025-12-02,EOD,2798.64,76.0,3487.5,688.86,True,0.2359,6877.5,26000.0,26500.0
2025-11-27T00:00:00,False,2025-12-02,EOD,-401.03,75.0,258.75,659.78,False,-0.0085,2696.25,26000.0,26500.0
2025-11-28T00:00:00,False,2025-12-02,EOD,-5.88,76.0,645.0,650.88,False,-0.0052,2212.5,26000.0,26500.0
2025-12-01T00:00:00,False,2025-12-02,EOD,1491.09,75.0,2152.5,661.41,True,-0.2333,4233.75,26000.0,26300.0
2025-12-02T00:00:00,False,2025-12-02,TARGET,5176.93,58.0,5845.08,668.15,True,-0.0896,7646.25,26000.0,26050.0
2025-12-03T00:00:00,False,2025-12-09,EOD,-349.25,75.0,292.5,641.75,False,0.0463,645.0,25500.0,27000.0
2025-12-04T00:00:00,False,2025-12-09,EOD,421.95,75.0,1087.5,665.55,True,0.2187,4173.75,26000.0,27000.0
2025-12-05T00:00:00,False,2025-12-09,EOD,1820.93,75.0,2478.75,657.82,True,0.23,3671.25,26000.0,26500.0
2025-12-08T00:00:00,False,2025-12-09,EOD,1019.65,75.0,1676.25,656.6,True,-0.2096,4252.5,25900.0,26200.0
2025-12-09T00:00:00,False,2025-12-09,TARGET,4088.22,61.0,4750.45,662.23,True,-0.0797,6108.75,25800.0,25850.0
2025-12-10T00:00:00,False,2025-12-16,EOD,-426.01,75.0,240.0,666.01,False,-0.0962,3547.5,25500.0,26000.0
2025-12-11T00:00:00,False,2025-12-16,EOD,-2115.6,75.0,-1462.5,653.1,False,-0.095,1728.75,25000.0,26000.0
2025-12-12T00:00:00,False,2025-12-16,EOD,170.68,75.0,836.25,665.57,True,0.2158,3495.0,26000.0,26500.0
2025-12-15T00:00:00,False,2025-12-16,EOD,604.4,76.0,1256.25,651.85,True,0.1916,2771.25,25900.0,26200.0
2025-12-16T00:00:00,False,2025-12-16,TARGET,4480.37,58.0,5147.23,666.86,True,-0.1695,6787.5,25850.0,25900.0
2025-12-17T00:00:00,False,2025-12-23,EOD,624.3,76.0,1286.25,661.95,True,-0.1595,3907.5,25000.0,26000.0
2025-12-18T00:00:00,False,2025-12-23,EOD,-216.04,75.0,438.75,654.79,False,-0.0534,2868.75,25500.0,26000.0
2025-12-19T00:00:00,False,2025-12-23,EOD,-95.72,75.0,577.5,673.22,False,0.0096,6281.25,25900.0,26000.0
2025-12-22T00:00:00,False,2025-12-23,EOD,1252.6,75.0,1916.25,663.65,True,0.2129,5775.0,26100.0,26200.0
2025-12-23T00:00:00,False,2025-12-23,TARGET,3248.66,59.0,3903.02,654.36,True,-0.1555,5156.25,26150.0,26200.0
2025-12-24T00:00:00,False,2025-12-30,EOD,918.67,75.0,1597.5,678.83,True,-0.0675,6746.25,26000.0,26200.0
2025-12-26T00:00:00,False,2025-12-30,EOD,803.67,75.0,1462.5,658.83,True,-0.0412,4942.5,26000.0,26200.0
2025-12-29T00:00:00,False,2025-12-30,EOD,611.12,75.0,1263.75,652.63,True,-0.1549,3517.5,25900.0,26100.0
2025-12-30T00:00:00,False,2025-12-30,TARGET,2871.04,56.0,3462.59,591.55,True,-0.0735,4491.5,25900.0,25950.0
2025-12-31T00:00:00,False,2026-01-06,EOD,493.06,75.0,1095.25,602.19,True,0.2033,3529.5,26000.0,26400.0
2026-01-01T00:00:00,False,2026-01-06,EOD,-230.65,75.0,373.75,604.4,False,-0.0719,4595.5,26000.0,26200.0
2026-01-02T00:00:00,False,2026-01-06,TARGET,61.19,56.0,644.44,583.25,True,0.1187,858.0,26000.0,27000.0
2026-01-05T00:00:00,False,2026-01-06,EOD,3052.47,76.0,3649.75,597.28,True,-0.3082,5057.0,26000.0,26300.0
2026-01-06T00:00:00,False,2026-01-06,TARGET,2185.12,57.0,2776.18,591.06,True,-0.0953,3692.0,26150.0,26200.0
2026-01-07T00:00:00,False,2026-01-13,EOD,-264.68,75.0,318.5,583.18,False,-0.057,747.5,25500.0,26500.0
2026-01-08T00:00:00,False,2026-01-13,EOD,1258.89,75.0,1852.5,593.61,True,-0.1707,2739.75,25500.0,26200.0
2026-01-09T00:00:00,False,2026-01-13,EOD,400.02,75.0,991.25,591.23,True,-0.1153,2470.0,25500.0,26000.0
2026-01-12T00:00:00,False,2026-01-13,STOP,-2335.95,28.0,-1747.72,588.23,False,0.0574,1088.75,25500.0,26000.0
2026-01-13T00:00:00,False,2026-01-13,TARGET,5640.83,9.0,6250.2,609.37,True,-0.3671,7244.25,25700.0,25750.0
2026-01-14T00:00:00,False,2026-01-20,EOD,-368.08,75.0,221.0,589.08,False,-0.0724,1300.0,24500.0,26000.0
2026-01-16T00:00:00,False,2026-01-20,EOD,-249.88,76.0,344.5,594.38,False,0.0306,2340.0,25500.0,26000.0
2026-01-19T00:00:00,False,2026-01-20,EOD,360.56,75.0,955.5,594.94,True,0.004,3103.75,25500.0,25800.0
2026-01-20T00:00:00,False,2026-01-20,TARGET,6404.14,71.0,7057.74,653.6,True,-0.0932,9015.5,25200.0,25250.0
2026-01-21T00:00:00,False,2026-01-27,EOD,-1648.73,75.0,-1049.75,598.98,False,0.092,1274.0,25000.0,26000.0
2026-01-22T00:00:00,False,2026-01-27,EOD,151.17,76.0,744.25,593.08,True,0.064,1742.0,25000.0,26000.0
2026-01-23T00:00:00,False,2026-01-27,TARGET,1309.62,52.0,1902.28,592.66,True,-0.144,2362.75,24000.0,25500.0
2026-01-27T00:00:00,False,2026-01-27,TARGET,4672.96,67.0,5288.65,615.69,True,0.1276,6903.0,25150.0,25200.0
2026-01-28T00:00:00,False,2026-02-03,NOLEG,0.0,,,,,,,,
2026-01-29T00:00:00,False,2026-02-03,NOLEG,0.0,,,,,,,,
2026-01-30T00:00:00,False,2026-02-03,EOD,-585.23,75.0,0.0,585.23,False,-0.0215,750.75,24000.0,26000.0
2026-02-02T00:00:00,False,2026-02-03,TARGET,-512.7,8.0,70.57,583.27,False,0.0126,81.25,24000.0,26000.0
2026-02-03T00:00:00,False,2026-02-03,TARGET,10327.56,60.0,11033.47,705.91,True,0.1068,14664.0,25700.0,25750.0
2026-02-04T00:00:00,False,2026-02-10,EOD,-584.58,75.0,3.25,587.83,False,0.0224,334.75,25000.0,27000.0
2026-02-05T00:00:00,False,2026-02-10,EOD,-431.49,75.0,152.75,584.24,False,0.0137,325.0,25000.0,27000.0
2026-02-06T00:00:00,False,2026-02-10,EOD,72.52,75.0,669.5,596.98,True,0.1373,2031.25,25500.0,27000.0
2026-02-09T00:00:00,False,2026-02-10,EOD,1060.48,75.0,1667.25,606.77,True,0.0254,4387.5,25800.0,26000.0
2026-02-10T00:00:00,False,2026-02-10,TARGET,3634.95,60.0,4235.65,600.7,True,-0.0085,5622.5,25900.0,25950.0
2026-02-11T00:00:00,False,2026-02-17,EOD,-210.95,75.0,396.5,607.45,False,-0.1857,4111.25,24500.0,26000.0
2026-02-12T00:00:00,False,2026-02-17,EOD,969.34,75.0,1569.75,600.41,True,-0.1557,3337.75,24500.0,26000.0
2026-02-13T00:00:00,False,2026-02-17,EOD,-408.35,75.0,178.75,587.1,False,-0.0398,819.0,25000.0,26000.0
2026-02-16T00:00:00,False,2026-02-17,TARGET,604.7,4.0,1215.03,610.33,True,0.257,1280.5,25500.0,26000.0
2026-02-17T00:00:00,False,2026-02-17,TARGET,3123.16,56.0,3726.98,603.82,True,0.1655,4956.25,25700.0,25750.0
2026-02-18T00:00:00,False,2026-02-24,STOP,-626.04,69.0,-45.61,580.43,False,-0.0025,32.5,24000.0,27000.0
2026-02-19T00:00:00,False,2026-02-24,STOP,-612.06,3.0,-29.94,582.12,False,0.0029,16.25,25000.0,27000.0
2026-02-20T00:00:00,False,2026-02-24,EOD,-445.62,75.0,143.0,588.62,False,0.0465,533.0,25000.0,27000.0
2026-02-23T00:00:00,False,2026-02-24,EOD,130.97,75.0,728.0,597.03,True,0.0644,1930.5,25500.0,26000.0
2026-02-24T00:00:00,False,2026-02-24,TARGET,3837.66,35.0,4464.26,626.6,True,-0.274,5931.25,25400.0,25450.0
2026-02-25T00:00:00,False,2026-03-02,EOD,-845.61,76.0,-195.0,650.61,False,-0.0183,6584.5,25500.0,25600.0
2026-02-26T00:00:00,False,2026-03-02,EOD,-327.24,75.0,256.75,583.99,False,-0.0464,565.5,24000.0,26000.0
2026-02-27T00:00:00,False,2026-03-02,STOP,-953.41,13.0,-369.02,584.39,False,0.0114,221.0,25000.0,26000.0
2026-03-02T00:00:00,False,2026-03-02,TARGET,7796.41,1.0,8419.09,622.68,True,0.2693,5128.5,24850.0,24900.0
2026-03-04T00:00:00,False,2026-03-10,NOLEG,0.0,,,,,,,,
2026-03-05T00:00:00,False,2026-03-10,NOLEG,0.0,,,,,,,,
2026-03-06T00:00:00,False,2026-03-10,NOLEG,0.0,,,,,,,,
2026-03-09T00:00:00,False,2026-03-10,EOD,-658.51,75.0,-68.25,590.26,False,0.0178,406.25,23000.0,25000.0
2026-03-10T00:00:00,False,2026-03-10,TARGET,2866.65,61.0,3495.93,629.28,True,-0.0854,4605.25,24250.0,24300.0
2026-03-11T00:00:00,False,2026-03-17,STOP,-1116.62,62.0,-529.36,587.26,False,0.012,370.5,23000.0,26000.0
2026-03-12T00:00:00,False,2026-03-17,NOLEG,0.0,,,,,,,,
2026-03-13T00:00:00,False,2026-03-17,EOD,-634.08,75.0,-52.0,582.08,False,0.0021,104.0,21500.0,25000.0
2026-03-16T00:00:00,False,2026-03-17,TARGET,-161.59,51.0,423.67,585.26,False,-0.0158,562.25,22000.0,24000.0
2026-03-17T00:00:00,False,2026-03-17,TARGET,9623.83,58.0,10256.4,632.57,True,0.0258,13568.75,23550.0,23600.0
2026-03-18T00:00:00,False,2026-03-24,NOLEG,0.0,,,,,,,,
2026-03-19T00:00:00,False,2026-03-24,EOD,-520.28,75.0,61.75,582.03,False,0.0041,165.75,21000.0,25000.0
2026-03-20T00:00:00,False,2026-03-24,EOD,-451.25,75.0,130.0,581.25,False,0.0058,198.25,21000.0,25000.0
2026-03-23T00:00:00,False,2026-03-24,NOSIM,0.0,,,,,,,,
2026-03-24T00:00:00,False,2026-03-24,TARGET,4401.08,61.0,5038.09,637.01,True,-0.0061,6659.25,22900.0,23000.0
2026-03-25T00:00:00,False,2026-03-30,NOLEG,0.0,,,,,,,,
2026-03-27T00:00:00,False,2026-03-30,NOLEG,0.0,,,,,,,,
2026-03-30T00:00:00,False,2026-03-30,TARGET,3950.22,61.0,4605.56,655.34,True,-0.0527,6119.75,22300.0,22350.0
2026-04-01T00:00:00,False,2026-04-07,NOLEG,0.0,,,,,,,,
2026-04-02T00:00:00,False,2026-04-07,NOLEG,0.0,,,,,,,,
2026-04-06T00:00:00,False,2026-04-07,STOP,-632.32,1.0,-49.78,582.54,False,0.0049,32.5,21500.0,24000.0
2026-04-07T00:00:00,False,2026-04-07,TARGET,5217.82,61.0,5868.46,650.64,True,0.0858,7806.5,23100.0,23150.0
2026-04-08T00:00:00,False,2026-04-13,EOD,-374.19,75.0,208.0,582.19,False,-0.0193,477.75,21000.0,25000.0
2026-04-09T00:00:00,False,2026-04-13,STOP,-739.15,18.0,-152.59,586.56,False,0.0085,97.5,23000.0,25000.0
2026-04-10T00:00:00,False,2026-04-13,STOP,-651.94,24.0,-68.81,583.13,False,-0.0017,48.75,23000.0,25000.0
2026-04-13T00:00:00,False,2026-04-13,TARGET,4108.65,31.0,4740.38,631.73,True,0.2561,6119.75,23800.0,23850.0
2026-04-15T00:00:00,False,2026-04-21,EOD,-88.04,75.0,500.5,588.54,False,-0.0003,1121.25,23000.0,25000.0
2026-04-16T00:00:00,False,2026-04-21,EOD,-389.55,75.0,195.0,584.55,False,-0.0154,516.75,23000.0,25000.0
2026-04-17T00:00:00,False,2026-04-21,STOP,-732.54,59.0,-151.41,581.13,False,-0.0045,104.0,23000.0,25000.0
2026-04-20T00:00:00,False,2026-04-21,TARGET,-568.05,1.0,13.33,581.38,False,-0.0076,9.75,23500.0,25000.0
2026-04-21T00:00:00,False,2026-04-21,TARGET,4338.38,57.0,4974.83,636.45,True,0.1073,6565.0,24550.0,24600.0
2026-04-22T00:00:00,False,2026-04-28,EOD,-546.06,75.0,35.75,581.81,False,0.0044,136.5,23000.0,26000.0
2026-04-23T00:00:00,False,2026-04-28,EOD,-512.56,76.0,68.25,580.81,False,0.0104,188.5,23000.0,26000.0
2026-04-24T00:00:00,False,2026-04-28,EOD,-629.84,75.0,-48.75,581.09,False,0.0111,250.25,23000.0,25000.0
2026-04-27T00:00:00,False,2026-04-28,EOD,623.43,75.0,1248.0,624.57,True,0.1492,3081.0,24000.0,25000.0
2026-04-28T00:00:00,False,2026-04-28,TARGET,2900.9,60.0,3506.62,605.72,True,-0.1225,4667.0,23950.0,24000.0
2026-04-29T00:00:00,False,2026-05-05,EOD,-641.71,75.0,-58.5,583.21,False,-0.0054,338.0,23000.0,25000.0
2026-04-30T00:00:00,False,2026-05-05,STOP,-718.36,12.0,-136.56,581.8,False,0.0041,87.75,23000.0,25000.0
2026-05-04T00:00:00,False,2026-05-05,EOD,-353.41,75.0,230.75,584.16,False,0.0228,367.25,23500.0,25000.0
2026-05-05T00:00:00,False,2026-05-05,TARGET,4421.06,60.0,5030.79,609.73,True,-0.0059,6600.75,24000.0,24050.0
2026-05-06T00:00:00,False,2026-05-12,STOP,-1053.55,66.0,-470.94,582.61,False,-0.0079,334.75,23000.0,25000.0
2026-05-07T00:00:00,False,2026-05-12,EOD,-716.56,76.0,-130.0,586.56,False,-0.0262,500.5,23500.0,25000.0
2026-05-08T00:00:00,False,2026-05-12,EOD,-529.03,75.0,52.0,581.03,False,0.0168,263.25,23500.0,25500.0
2026-05-11T00:00:00,False,2026-05-12,TARGET,-209.47,50.0,371.75,581.22,False,0.0467,484.25,23500.0,25000.0
2026-05-12T00:00:00,False,2026-05-12,TARGET,5655.04,59.0,6312.67,657.63,True,-0.1438,8008.0,23350.0,23400.0
2026-05-13T00:00:00,False,2026-05-19,EOD,-565.85,75.0,16.25,582.1,False,0.0005,182.0,22000.0,25000.0
2026-05-14T00:00:00,False,2026-05-19,EOD,-550.23,75.0,32.5,582.73,False,-0.0048,260.0,22000.0,24500.0
2026-05-15T00:00:00,False,2026-05-19,EOD,-807.13,76.0,-224.25,582.88,False,0.0146,357.5,23000.0,24500.0
2026-05-18T00:00:00,False,2026-05-19,EOD,72.67,76.0,659.75,587.08,True,0.011,1277.25,23000.0,24000.0
2026-05-19T00:00:00,False,2026-05-19,TARGET,4129.94,63.0,4739.85,609.91,True,-0.08,6305.0,23600.0,23650.0
2026-05-20T00:00:00,False,2026-05-26,EOD,-653.64,75.0,-68.25,585.39,False,0.0085,354.25,22500.0,24500.0
2026-05-21T00:00:00,False,2026-05-26,EOD,-574.44,76.0,6.5,580.94,False,0.0052,110.5,22500.0,25000.0
2026-05-22T00:00:00,False,2026-05-26,EOD,-436.81,75.0,156.0,592.81,False,-0.0648,1891.5,23000.0,24000.0
2026-05-25T00:00:00,False,2026-05-26,EOD,2279.02,75.0,2892.5,613.48,True,0.1908,5343.0,24000.0,25000.0
2026-05-26T00:00:00,False,2026-05-26,TARGET,6002.59,59.0,6621.86,619.27,True,-0.0279,8674.25,23900.0,23950.0
2026-05-27T00:00:00,False,2026-06-02,EOD,-448.44,76.0,133.25,581.69,False,0.0146,260.0,23000.0,25000.0
2026-05-29T00:00:00,False,2026-06-02,EOD,191.78,75.0,796.25,604.47,True,-0.1174,2544.75,23000.0,24000.0
2026-06-01T00:00:00,False,2026-06-02,TARGET,507.61,65.0,1097.04,589.43,True,-0.0693,1449.5,23000.0,24000.0
2026-06-02T00:00:00,False,2026-06-02,TARGET,6535.95,50.0,7160.64,624.69,True,0.1519,9269.0,23450.0,23500.0
2026-06-03T00:00:00,False,2026-06-09,EOD,-498.99,76.0,87.75,586.74,False,-0.061,1231.75,22000.0,24000.0
2026-06-04T00:00:00,False,2026-06-09,STOP,-875.16,44.0,-285.41,589.75,False,0.0123,198.25,22500.0,24000.0
2026-06-05T00:00:00,False,2026-06-09,EOD,-454.97,75.0,130.0,584.97,False,-0.0337,578.5,22500.0,24000.0
2026-06-08T00:00:00,False,2026-06-09,TARGET,-314.71,66.0,266.25,580.96,False,0.0204,347.75,22500.0,24000.0
2026-06-09T00:00:00,False,2026-06-09,TARGET,4930.06,57.0,5536.16,606.1,True,-0.0827,7322.25,23200.0,23250.0
2026-06-10T00:00:00,False,2026-06-16,NOLEG,0.0,,,,,,,,
2026-06-11T00:00:00,False,2026-06-16,NOLEG,0.0,,,,,,,,
2026-06-12T00:00:00,False,2026-06-16,STOP,-998.59,58.0,-417.54,581.05,False,-0.0105,289.25,22500.0,24000.0
2026-06-15T00:00:00,False,2026-06-16,EOD,33.62,76.0,637.0,603.38,True,-0.1659,2444.0,23500.0,24000.0
2026-06-16T00:00:00,False,2026-06-16,TARGET,3956.45,58.0,4558.4,601.95,True,0.0786,6067.75,23950.0,24000.0
2026-06-17T00:00:00,False,2026-06-23,EOD,426.54,75.0,1043.25,616.71,True,0.1275,4407.0,24000.0,25000.0
2026-06-18T00:00:00,False,2026-06-23,EOD,375.62,75.0,984.75,609.13,True,0.0965,3458.0,24000.0,24500.0
2026-06-19T00:00:00,False,2026-06-23,EOD,-535.58,75.0,45.5,581.08,False,0.0204,214.5,23500.0,25000.0
2026-06-22T00:00:00,False,2026-06-23,EOD,1263.77,75.0,1865.5,601.73,True,-0.0642,4511.0,24000.0,24200.0
2026-06-23T00:00:00,False,2026-06-23,TARGET,8089.49,70.0,8717.21,627.72,True,-0.0378,10536.5,23800.0,23850.0
2026-06-24T00:00:00,False,2026-06-30,EOD,-701.88,76.0,-58.5,643.38,False,0.2059,3315.0,24000.0,25000.0
2026-06-25T00:00:00,False,2026-06-30,EOD,-23.58,75.0,575.25,598.83,False,0.1368,2908.75,24000.0,25000.0
2026-06-29T00:00:00,False,2026-06-30,EOD,-612.57,75.0,-32.5,580.07,False,0.0077,84.5,23500.0,25000.0
2026-06-30T00:00:00,False,2026-06-30,TARGET,4042.48,2.0,4648.36,605.88,True,-0.4298,5115.5,23850.0,23900.0
2026-07-01T00:00:00,False,2026-07-07,EOD,-1265.61,75.0,-611.0,654.61,False,0.0621,7517.25,24000.0,24000.0
2026-07-02T00:00:00,False,2026-07-07,EOD,680.85,75.0,1283.75,602.9,True,0.1491,2840.5,24000.0,25000.0
2026-07-03T00:00:00,False,2026-07-07,EOD,-528.34,76.0,55.25,583.59,False,0.0515,708.5,24000.0,25000.0
2026-07-06T00:00:00,False,2026-07-07,EOD,-1165.75,75.0,-581.75,584.0,False,-0.0555,929.5,24000.0,24500.0
2026-07-07T00:00:00,False,2026-07-07,TARGET,4161.63,70.0,4760.61,598.98,True,-0.2462,6266.0,24400.0,24400.0
2026-07-08T00:00:00,False,2026-07-14,EOD,-1459.27,75.0,-867.75,591.52,False,-0.077,1241.5,23500.0,24500.0
2026-07-09T00:00:00,False,2026-07-14,EOD,-572.83,75.0,29.25,602.08,False,0.0238,1283.75,23600.0,24500.0
2026-07-10T00:00:00,False,2026-07-14,EOD,-657.5,75.0,-74.75,582.75,False,-0.0604,555.75,23000.0,24500.0
2026-07-13T00:00:00,False,2026-07-14,EOD,420.54,76.0,1014.0,593.46,True,0.1721,2177.5,24000.0,24500.0
2026-07-14T00:00:00,False,2026-07-14,TARGET,3716.13,58.0,4321.37,605.24,True,0.0378,5707.0,24050.0,24100.0
2026-07-15T00:00:00,False,2026-07-21,EOD,-512.16,75.0,91.0,603.16,False,-0.128,2964.0,23000.0,24200.0
2026-07-16T00:00:00,False,2026-07-21,EOD,275.79,75.0,877.5,601.71,True,-0.1722,3610.75,23000.0,24200.0
2026-07-17T00:00:00,False,2026-07-21,EOD,-625.25,75.0,-45.5,579.75,False,-0.0034,52.0,23000.0,25000.0
2026-07-20T00:00:00,False,2026-07-21,EOD,217.43,75.0,822.25,604.82,True,0.2015,3380.0,24200.0,24500.0
2026-07-21T00:00:00,False,2026-07-21,TARGET,3322.53,59.0,3922.35,599.82,True,-0.069,5200.0,24150.0,24200.0
2026-07-22T00:00:00,False,2026-07-28,EOD,-1058.47,75.0,-429.0,629.47,False,-0.0149,5889.0,24000.0,24200.0
2026-07-23T00:00:00,False,2026-07-28,EOD,-587.6,75.0,-6.5,581.1,False,0.0039,104.0,23000.0,25000.0
2026-07-24T00:00:00,False,2026-07-28,EOD,-318.09,75.0,263.25,581.34,False,0.0299,377.0,23000.0,25000.0
2026-07-27T00:00:00,False,2026-07-28,EOD,-300.21,75.0,282.75,582.96,False,-0.0868,913.25,23000.0,24200.0
2026-07-28T00:00:00,False,2026-07-28,TARGET,3190.31,60.0,3784.34,594.03,True,0.0157,4988.75,23950.0,24000.0
2026-07-29T00:00:00,False,2026-08-04,EOD,163.24,75.0,760.5,597.26,True,0.1097,2385.5,24000.0,25000.0
2026-07-30T00:00:00,False,2026-08-04,EOD,-810.59,75.0,-217.75,592.84,False,0.0268,1339.0,24000.0,24600.0
2026-07-31T00:00:00,False,2026-08-04,EOD,-203.19,75.0,383.5,586.69,False,-0.0143,1384.5,24000.0,24600.0
2026-08-03T00:00:00,False,2026-08-04,TARGET,1687.72,34.0,2277.53,589.81,True,-0.2413,2856.75,24200.0,24600.0
2026-08-04T00:00:00,False,2026-08-04,TARGET,3467.5,28.0,4062.29,594.79,True,-0.5263,5382.0,24600.0,24650.0
2026-08-05T00:00:00,False,2026-08-11,EOD,-974.83,76.0,-386.75,588.08,False,-0.0344,728.0,24000.0,25000.0
2026-08-06T00:00:00,False,2026-08-11,EOD,-731.92,75.0,-146.25,585.67,False,-0.0398,991.25,24000.0,25000.0
2026-08-07T00:00:00,False,2026-08-11,EOD,277.27,75.0,880.75,603.48,True,-0.1674,4842.5,24000.0,24600.0
2026-08-10T00:00:00,False,2026-08-11,EOD,134.42,75.0,747.5,613.08,True,0.0,5954.0,24500.0,24600.0
2026-08-11T00:00:00,False,2026-08-11,TARGET,3826.21,65.0,4433.58,607.37,True,-0.1224,5853.25,24450.0,24500.0
2026-08-12T00:00:00,False,2026-08-18,EOD,-312.03,75.0,273.0,585.03,False,0.008,968.5,24000.0,25000.0
2026-08-13T00:00:00,False,2026-08-18,EOD,-173.12,75.0,409.5,582.62,False,0.0342,770.25,24000.0,25000.0
2026-08-14T00:00:00,False,2026-08-18,EOD,-463.81,75.0,117.0,580.81,False,0.0282,318.5,24000.0,25000.0
2026-08-17T00:00:00,False,2026-08-18,EOD,840.0,75.0,1433.25,593.25,True,0.0877,3825.25,24300.0,24500.0
2026-08-18T00:00:00,False,2026-08-18,TARGET,3910.86,72.0,4511.49,600.63,True,-0.1547,5798.0,24150.0,24200.0
2026-08-19T00:00:00,False,2026-08-25,EOD,-664.61,75.0,-65.0,599.61,False,0.0411,2921.75,24000.0,24500.0
2026-08-20T00:00:00,False,2026-08-25,EOD,-196.16,75.0,396.5,592.66,False,0.0409,2083.25,24000.0,24500.0
2026-08-21T00:00:00,False,2026-08-25,EOD,-450.03,75.0,152.75,602.78,False,-0.1452,3890.25,24000.0,24300.0
2026-08-24T00:00:00,False,2026-08-25,EOD,1280.25,75.0,1875.25,595.0,True,-0.2041,3513.25,24000.0,24300.0
2026-08-25T00:00:00,False,2026-08-25,TARGET,4474.32,75.0,5079.75,605.43,True,0.3826,5863.0,24300.0,24350.0
2026-08-26T00:00:00,False,2026-09-01,EOD,56.52,75.0,659.75,603.23,True,-0.0183,4485.0,24200.0,24500.0
2026-08-27T00:00:00,False,2026-09-01,EOD,898.83,75.0,1508.0,609.17,True,-0.1037,5102.5,24000.0,24300.0
2026-08-28T00:00:00,False,2026-09-01,EOD,-1853.99,75.0,-1257.75,596.24,False,-0.0318,2044.25,24000.0,24300.0
2026-08-31T00:00:00,False,2026-09-01,STOP,-2034.22,17.0,-1449.56,584.66,False,0.1153,971.75,24000.0,24500.0
2026-09-01T00:00:00,False,2026-09-01,TARGET,3326.13,74.0,3920.21,594.08,True,-0.0356,5193.5,24050.0,24100.0
2026-09-02T00:00:00,False,2026-09-08,EOD,-885.39,75.0,-299.0,586.39,False,-0.0697,981.5,23000.0,24200.0
2026-09-03T00:00:00,False,2026-09-08,EOD,2113.81,75.0,2720.25,606.44,True,-0.202,5622.5,23000.0,24000.0
2026-09-04T00:00:00,False,2026-09-08,EOD,-845.21,75.0,-250.25,594.96,False,-0.1725,2795.0,23000.0,24000.0
2026-09-07T00:00:00,False,2026-09-08,TARGET,1624.01,65.0,2213.1,589.09,True,-0.2073,2925.0,23500.0,24000.0
2026-09-08T00:00:00,False,2026-09-08,EOD,3355.03,75.0,3955.25,600.22,True,-0.3419,5502.25,23600.0,23650.0
2026-09-09T00:00:00,False,2026-09-15,EOD,-300.71,75.0,286.0,586.71,False,-0.0132,942.5,23000.0,24000.0
2026-09-10T00:00:00,False,2026-09-15,EOD,-740.34,75.0,-156.0,584.34,False,0.0283,318.5,23000.0,24000.0
2026-09-11T00:00:00,False,2026-09-15,EOD,740.24,75.0,1342.25,602.01,True,0.2286,3084.25,23300.0,24000.0
2026-09-15T00:00:00,False,2026-09-15,TARGET,7830.05,49.0,8470.27,640.22,True,0.1527,11105.25,23100.0,23300.0
2026-09-16T00:00:00,False,2026-09-22,EOD,26.75,75.0,630.5,603.75,True,0.0925,2499.25,23000.0,24000.0
2026-09-17T00:00:00,False,2026-09-22,EOD,-551.29,75.0,29.25,580.54,False,0.0033,74.75,22000.0,24500.0
2026-09-18T00:00:00,False,2026-09-22,EOD,-586.29,75.0,13.0,599.29,False,0.1659,2505.75,23300.0,24000.0
2026-09-21T00:00:00,False,2026-09-22,EOD,762.24,75.0,1368.25,606.01,True,0.1635,5291.0,23400.0,23500.0
2026-09-22T00:00:00,False,2026-09-22,TARGET,4297.23,56.0,4901.61,604.38,True,-0.2677,6483.75,23300.0,23350.0
2026-09-23T00:00:00,False,2026-09-29,EOD,-371.09,75.0,214.5,585.59,False,0.0422,702.0,23000.0,24000.0
2026-09-24T00:00:00,False,2026-09-29,EOD,-638.74,75.0,-58.5,580.24,False,-0.0004,87.75,22000.0,24000.0
2026-09-25T00:00:00,False,2026-09-29,EOD,968.04,75.0,1566.5,598.46,True,0.1962,2886.0,23000.0,24000.0
