date,is_rule_day,expiry,exit_reason,bars_held,gross_pnl,friction,net_pnl,win,net_delta,credit
2021-01-04T00:00:00,False,2021-01-07,EOD,75.0,30.0,344.41,-314.41,False,0.1136,580.0
2021-01-05T00:00:00,False,2021-01-07,EOD,75.0,200.0,342.84,-142.84,False,0.1572,536.25
2021-01-06T00:00:00,False,2021-01-07,TARGET,46.0,244.44,340.92,-96.48,False,0.0704,475.0
2021-01-07T00:00:00,False,2021-01-07,TARGET,14.0,769.1,343.27,425.83,True,-0.529,1506.25
2021-01-08T00:00:00,True,2021-01-14,EOD,75.0,35.0,348.91,-313.91,False,0.0469,1460.0
2021-01-11T00:00:00,False,2021-01-14,EOD,75.0,145.0,342.47,-197.47,False,0.0646,550.0
2021-01-12T00:00:00,False,2021-01-14,EOD,75.0,-18.75,339.43,-358.18,False,-0.0024,22.5
2021-01-13T00:00:00,False,2021-01-14,TARGET,68.0,673.73,344.3,329.43,True,-0.1217,1293.75
2021-01-14T00:00:00,False,2021-01-14,TARGET,41.0,621.05,341.88,279.17,True,-0.051,1177.5
2021-01-15T00:00:00,False,2021-01-21,EOD,75.0,506.25,359.08,147.17,True,-0.0549,3131.25
2021-01-18T00:00:00,False,2021-01-21,TARGET,30.0,602.12,345.09,257.03,True,-0.1556,1175.0
2021-01-19T00:00:00,False,2021-01-21,EOD,75.0,376.25,353.76,22.49,True,0.0263,1857.5
2021-01-20T00:00:00,False,2021-01-21,EOD,75.0,-72.5,340.17,-412.67,False,-0.1258,397.5
2021-01-21T00:00:00,False,2021-01-21,TARGET,8.0,72.04,339.18,-267.14,False,-0.156,106.25
2021-01-22T00:00:00,False,2021-01-28,EOD,75.0,-10.0,342.58,-352.58,False,-0.0263,471.25
2021-01-25T00:00:00,False,2021-01-28,TARGET,51.0,241.95,341.22,-99.27,False,0.0414,455.0
2021-01-27T00:00:00,False,2021-01-28,TARGET,6.0,44.92,339.36,-294.44,False,-0.0267,88.75
2021-01-28T00:00:00,False,2021-01-28,TARGET,36.0,287.19,340.37,-53.18,False,-0.1375,563.75
2021-01-29T00:00:00,False,2021-02-04,EOD,75.0,-538.75,353.17,-891.92,False,0.1049,1327.5
2021-02-01T00:00:00,False,2021-02-04,TARGET,20.0,82.15,342.27,-260.12,False,0.0123,156.25
2021-02-02T00:00:00,False,2021-02-04,STOP,4.0,-244.51,340.27,-584.78,False,-0.0262,161.25
2021-02-03T00:00:00,False,2021-02-04,TARGET,1.0,273.1,340.99,-67.89,False,-0.1115,451.25
2021-02-04T00:00:00,False,2021-02-04,TARGET,33.0,204.59,341.06,-136.47,False,0.096,400.0
2021-02-05T00:00:00,False,2021-02-11,NOSIM,,,,0.0,,,
2021-02-08T00:00:00,True,2021-02-11,EOD,75.0,80.0,340.91,-260.91,False,-0.0778,272.5
2021-02-09T00:00:00,False,2021-02-11,EOD,75.0,272.5,345.84,-73.34,False,0.0516,1160.0
2021-02-10T00:00:00,False,2021-02-11,EOD,75.0,113.75,346.44,-232.69,False,-0.0055,853.75
2021-02-11T00:00:00,True,2021-02-11,TARGET,34.0,692.3,342.72,349.58,True,0.0447,1336.25
2021-02-12T00:00:00,False,2021-02-18,NOSIM,,,,0.0,,,
2021-02-15T00:00:00,True,2021-02-18,EOD,75.0,-236.25,343.93,-580.18,False,-0.0494,522.5
2021-02-16T00:00:00,False,2021-02-18,EOD,75.0,533.75,345.84,187.91,True,-0.1961,1565.0
2021-02-17T00:00:00,False,2021-02-18,TARGET,52.0,917.35,345.02,572.33,True,-0.2281,1793.75
2021-02-18T00:00:00,False,2021-02-18,TARGET,29.0,1233.56,346.15,887.41,True,-0.5809,2128.75
2021-02-19T00:00:00,False,2021-02-25,EOD,75.0,40.0,339.86,-299.86,False,0.0033,103.75
2021-02-22T00:00:00,False,2021-02-25,TARGET,37.0,1134.69,349.55,785.14,True,-0.195,2181.25
2021-02-23T00:00:00,False,2021-02-25,EOD,75.0,132.5,341.74,-209.24,False,-0.0687,332.5
2021-02-24T00:00:00,False,2021-02-25,STOP,10.0,-381.97,339.96,-721.93,False,-0.0604,217.5
2021-02-25T00:00:00,False,2021-02-25,TARGET,34.0,435.33,341.45,93.88,True,-0.3418,830.0
2021-02-26T00:00:00,True,2021-03-04,TARGET,42.0,1248.82,352.23,896.59,True,-0.14,2462.5
2021-03-01T00:00:00,False,2021-03-04,EOD,75.0,-533.75,355.8,-889.55,False,-0.036,822.5
2021-03-02T00:00:00,False,2021-03-04,EOD,75.0,998.75,352.1,646.65,True,-0.0322,2528.75
2021-03-03T00:00:00,False,2021-03-04,TARGET,54.0,597.86,345.27,252.59,True,0.1964,1187.5
2021-03-04T00:00:00,False,2021-03-04,TARGET,34.0,780.17,344.24,435.93,True,0.1426,1555.0
2021-03-05T00:00:00,False,2021-03-10,EOD,75.0,152.5,343.58,-191.08,False,-0.0733,506.25
2021-03-08T00:00:00,True,2021-03-10,EOD,75.0,192.5,344.3,-151.8,False,-0.0101,496.25
2021-03-09T00:00:00,True,2021-03-10,EOD,75.0,290.0,346.77,-56.77,False,0.1501,958.75
2021-03-10T00:00:00,False,2021-03-10,TARGET,39.0,928.53,344.74,583.79,True,-0.135,1831.25
2021-03-12T00:00:00,False,2021-03-18,EOD,75.0,-540.0,344.24,-884.24,False,0.0844,820.0
2021-03-15T00:00:00,False,2021-03-18,EOD,75.0,55.0,341.14,-286.14,False,0.0391,283.75
2021-03-16T00:00:00,False,2021-03-18,TARGET,23.0,87.28,339.88,-252.6,False,0.0461,173.75
2021-03-17T00:00:00,False,2021-03-18,STOP,71.0,-170.86,339.63,-510.49,False,0.0008,91.25
2021-03-18T00:00:00,False,2021-03-18,TARGET,10.0,33.76,339.31,-305.55,False,0.0028,62.5
2021-03-19T00:00:00,False,2021-03-25,TARGET,64.0,911.43,356.58,554.85,True,0.1302,1658.75
2021-03-22T00:00:00,False,2021-03-25,EOD,75.0,241.25,346.32,-105.07,False,0.0821,862.5
2021-03-23T00:00:00,True,2021-03-25,EOD,75.0,165.0,342.3,-177.3,False,-0.1263,807.5
2021-03-24T00:00:00,False,2021-03-25,TARGET,26.0,231.99,340.55,-108.56,False,-0.094,450.0
2021-03-25T00:00:00,False,2021-03-25,STOP,33.0,-27.14,339.04,-366.18,False,-0.0071,18.75
2021-03-26T00:00:00,False,2021-04-01,EOD,75.0,268.75,344.84,-76.09,False,-0.0242,643.75
2021-03-31T00:00:00,False,2021-04-01,TARGET,28.0,362.68,341.79,20.89,True,-0.1395,705.0
2021-04-01T00:00:00,False,2021-04-01,TARGET,15.0,354.23,340.55,13.68,True,-0.1717,648.75
2021-04-05T00:00:00,False,2021-04-08,TARGET,10.0,705.95,345.21,360.74,True,-0.1502,1301.25
2021-04-06T00:00:00,False,2021-04-08,EOD,75.0,113.75,341.1,-227.35,False,-0.0614,340.0
2021-04-07T00:00:00,True,2021-04-08,EOD,75.0,2.5,339.93,-337.43,False,-0.0486,213.75
2021-04-08T00:00:00,False,2021-04-08,TARGET,64.0,696.3,341.61,354.69,True,-0.3202,895.0
2021-04-09T00:00:00,True,2021-04-15,TARGET,52.0,61.29,339.67,-278.38,False,-0.0204,121.25
2021-04-12T00:00:00,True,2021-04-15,STOP,1.0,-113.73,341.42,-455.15,False,0.0219,67.5
2021-04-13T00:00:00,False,2021-04-15,EOD,75.0,30.0,342.89,-312.89,False,0.0307,125.0
2021-04-15T00:00:00,False,2021-04-15,TARGET,5.0,475.9,341.38,134.52,True,-0.2647,791.25
2021-04-16T00:00:00,True,2021-04-22,EOD,75.0,130.0,342.97,-212.97,False,-0.0414,576.25
2021-04-19T00:00:00,False,2021-04-22,TARGET,70.0,440.95,344.38,96.57,True,0.0672,875.0
2021-04-20T00:00:00,True,2021-04-22,STOP,68.0,-267.99,341.3,-609.29,False,0.0267,172.5
2021-04-22T00:00:00,False,2021-04-22,TARGET,37.0,1289.64,356.43,933.21,True,0.2232,2543.75
2021-04-23T00:00:00,False,2021-04-29,EOD,75.0,86.25,347.92,-261.67,False,0.0332,745.0
2021-04-26T00:00:00,True,2021-04-29,EOD,75.0,128.75,343.89,-215.14,False,0.0359,443.75
2021-04-27T00:00:00,False,2021-04-29,TARGET,47.0,176.77,340.67,-163.9,False,0.035,351.25
2021-04-28T00:00:00,False,2021-04-29,STOP,23.0,-108.19,339.52,-447.71,False,-0.0195,72.5
2021-04-29T00:00:00,False,2021-04-29,TARGET,9.0,341.33,340.94,0.39,True,-0.3108,553.75
2021-04-30T00:00:00,False,2021-05-06,NOSIM,,,,0.0,,,
2021-05-03T00:00:00,False,2021-05-06,EOD,75.0,61.25,344.35,-283.1,False,0.0099,488.75
2021-05-04T00:00:00,False,2021-05-06,TARGET,53.0,221.44,341.02,-119.58,False,-0.0526,440.0
2021-05-05T00:00:00,False,2021-05-06,TARGET,38.0,70.01,339.8,-269.79,False,-0.0183,137.5
2021-05-06T00:00:00,False,2021-05-06,TARGET,44.0,1058.45,344.76,713.69,True,0.3442,1891.25
2021-05-07T00:00:00,False,2021-05-12,STOP,48.0,-214.68,343.13,-557.81,False,0.0437,143.75
2021-05-10T00:00:00,True,2021-05-12,EOD,75.0,55.0,340.83,-285.83,False,0.0693,166.25
2021-05-11T00:00:00,True,2021-05-12,EOD,75.0,543.75,346.79,196.96,True,0.146,1607.5
2021-05-12T00:00:00,False,2021-05-12,TARGET,37.0,1097.59,344.99,752.6,True,-0.2384,2160.0
2021-05-14T00:00:00,False,2021-05-20,EOD,75.0,12.5,340.09,-327.59,False,0.0082,93.75
2021-05-17T00:00:00,True,2021-05-20,EOD,75.0,-221.25,348.88,-570.13,False,0.0168,1292.5
2021-05-18T00:00:00,False,2021-05-20,EOD,75.0,95.0,340.89,-245.89,False,0.0283,208.75
2021-05-19T00:00:00,False,2021-05-20,EOD,75,200.0,341.61,-141.61,False,0.0411,560.0
2021-05-20T00:00:00,True,2021-05-20,TARGET,39,1037.49,344.73,692.76,True,-0.2895,2022.5
2021-05-21T00:00:00,False,2021-05-27,EOD,75,-177.5,339.98,-517.48,False,-0.0204,185.0
2021-05-24T00:00:00,False,2021-05-27,EOD,75,146.25,344.77,-198.52,False,-0.0094,741.25
2021-05-25T00:00:00,True,2021-05-27,TARGET,43,224.69,340.33,-115.64,False,-0.1218,433.75
2021-05-26T00:00:00,False,2021-05-27,TARGET,65,414.48,342.18,72.3,True,0.1841,827.5
2021-05-27T00:00:00,False,2021-05-27,TARGET,38,914.36,343.62,570.74,True,0.0153,1786.25
2021-05-28T00:00:00,True,2021-06-03,EOD,75,497.5,346.77,150.73,True,0.1503,1327.5
2021-05-31T00:00:00,True,2021-06-03,TARGET,43,817.01,346.22,470.79,True,0.2093,1605.0
2021-06-01T00:00:00,False,2021-06-03,TARGET,73,45.41,339.47,-294.06,False,-0.0045,90.0
2021-06-02T00:00:00,True,2021-06-03,TARGET,26,205.43,340.37,-134.94,False,-0.1151,408.75
2021-06-03T00:00:00,True,2021-06-03,TARGET,17,119.49,339.74,-220.25,False,-0.21,208.75
2021-06-04T00:00:00,True,2021-06-10,EOD,75,886.25,352.23,534.02,True,-0.0281,2810.0
2021-06-07T00:00:00,True,2021-06-10,EOD,75,55.0,346.41,-291.41,False,0.1299,1196.25
2021-06-08T00:00:00,True,2021-06-10,TARGET,33,88.89,339.68,-250.79,False,-0.0656,175.0
2021-06-09T00:00:00,True,2021-06-10,TARGET,48,567.34,342.05,225.29,True,-0.2604,958.75
2021-06-10T00:00:00,False,2021-06-10,TARGET,33,518.66,342.11,176.55,True,0.2871,1011.25
2021-06-11T00:00:00,False,2021-06-17,EOD,75,161.25,341.3,-180.05,False,-0.1325,546.25
2021-06-14T00:00:00,True,2021-06-17,TARGET,3,172.26,340.45,-168.19,False,-0.0985,330.0
2021-06-15T00:00:00,False,2021-06-17,EOD,75,76.25,340.22,-263.97,False,-0.1475,382.5
2021-06-16T00:00:00,True,2021-06-17,TARGET,71,508.2,342.01,166.19,True,-0.23,1001.25
2021-06-17T00:00:00,False,2021-06-17,TARGET,59,706.94,341.58,365.36,True,-0.3195,1050.0
2021-06-18T00:00:00,True,2021-06-24,TARGET,43,248.44,341.27,-92.83,False,-0.088,493.75
2021-06-21T00:00:00,False,2021-06-24,TARGET,35,76.92,340.59,-263.67,False,-0.0467,150.0
2021-06-22T00:00:00,False,2021-06-24,EOD,75,187.5,341.54,-154.04,False,-0.1001,465.0
2021-06-23T00:00:00,True,2021-06-24,TARGET,2,721.58,344.15,377.43,True,-0.535,1383.75
2021-06-24T00:00:00,False,2021-06-24,TARGET,28,187.44,340.04,-152.6,False,-0.1261,317.5
2021-06-25T00:00:00,False,2021-07-01,EOD,75,211.25,342.49,-131.24,False,-0.1568,850.0
2021-06-28T00:00:00,True,2021-07-01,EOD,75,230.0,346.06,-116.06,False,-0.0595,1765.0
2021-06-29T00:00:00,False,2021-07-01,TARGET,58,532.12,342.65,189.47,True,-0.1686,1011.25
2021-06-30T00:00:00,False,2021-07-01,TARGET,66,217.32,340.17,-122.85,False,-0.108,358.75
2021-07-01T00:00:00,False,2021-07-01,TARGET,12,669.61,342.54,327.07,True,-0.6858,1305.0
2021-07-02T00:00:00,False,2021-07-08,EOD,75,255.0,343.31,-88.31,False,-0.2088,1081.25
2021-07-05T00:00:00,True,2021-07-08,TARGET,70,555.06,342.86,212.2,True,0.1178,1096.25
2021-07-06T00:00:00,False,2021-07-08,EOD,75,125.0,340.7,-215.7,False,0.0632,481.25
2021-07-07T00:00:00,True,2021-07-08,TARGET,65,550.14,342.45,207.69,True,0.2736,1055.0
2021-07-08T00:00:00,False,2021-07-08,TARGET,34,669.22,343.39,325.83,True,-0.591,1335.0
2021-07-09T00:00:00,False,2021-07-15,EOD,75,372.5,344.57,27.93,True,-0.1761,1250.0
2021-07-12T00:00:00,True,2021-07-15,EOD,75,5.0,347.51,-342.51,False,-0.0463,1812.5
2021-07-13T00:00:00,False,2021-07-15,TARGET,67,492.84,342.81,150.03,True,0.1236,943.75
2021-07-14T00:00:00,True,2021-07-15,TARGET,43,544.5,342.51,201.99,True,0.3,1033.75
2021-07-15T00:00:00,False,2021-07-15,TARGET,18,591.56,342.34,249.22,True,0.4597,1182.5
2021-07-16T00:00:00,False,2021-07-22,EOD,75,635.0,349.46,285.54,True,-0.0563,2487.5
2021-07-19T00:00:00,True,2021-07-22,EOD,75,-296.25,348.23,-644.48,False,-0.0047,1336.25
2021-07-20T00:00:00,True,2021-07-22,TARGET,61,452.93,342.17,110.76,True,-0.1522,898.75
2021-07-22T00:00:00,False,2021-07-22,TARGET,19,833.53,344.63,488.9,True,0.4344,1523.75
2021-07-23T00:00:00,False,2021-07-29,EOD,75,115.0,341.16,-226.16,False,-0.1616,575.0
2021-07-26T00:00:00,True,2021-07-29,EOD,75,-131.25,344.89,-476.14,False,0.0193,1107.5
2021-07-27T00:00:00,True,2021-07-29,TARGET,41,473.86,341.37,132.49,True,-0.2992,820.0
2021-07-28T00:00:00,False,2021-07-29,TARGET,34,423.68,341.63,82.05,True,-0.2664,821.25
2021-07-29T00:00:00,False,2021-07-29,TARGET,39,470.99,341.64,129.35,True,-0.0176,930.0
2021-07-30T00:00:00,False,2021-08-05,EOD,75,76.25,347.5,-271.25,False,-0.0634,1500.0
2021-08-02T00:00:00,False,2021-08-05,EOD,75,-297.5,346.36,-643.86,False,-0.0809,1452.5
2021-08-03T00:00:00,True,2021-08-05,EOD,75,116.25,344.04,-227.79,False,0.19,962.5
2021-08-04T00:00:00,False,2021-08-05,TARGET,68,146.36,341.31,-194.95,False,-0.0181,272.5
2021-08-05T00:00:00,False,2021-08-05,TARGET,45,1084.88,344.94,739.94,True,0.0184,2123.75
2021-08-06T00:00:00,True,2021-08-12,TARGET,71,990.87,347.69,643.18,True,-0.232,1922.5
2021-08-09T00:00:00,True,2021-08-12,EOD,75,21.25,347.61,-326.36,False,-0.1061,1765.0
2021-08-10T00:00:00,True,2021-08-12,EOD,75,198.75,345.25,-146.5,False,-0.1046,1673.75
2021-08-11T00:00:00,True,2021-08-12,EOD,75,336.25,343.54,-7.29,False,-0.3098,1345.0
2021-08-12T00:00:00,True,2021-08-12,EOD,75,241.25,343.67,-102.42,False,-0.013,1848.75
2021-08-13T00:00:00,False,2021-08-18,TARGET,60,792.36,347.26,445.1,True,0.2131,1467.5
2021-08-16T00:00:00,False,2021-08-18,EOD,75,-73.75,343.42,-417.17,False,0.0787,262.5
2021-08-17T00:00:00,False,2021-08-18,EOD,75,-35.0,342.16,-377.16,False,0.0909,395.0
2021-08-18T00:00:00,False,2021-08-18,TARGET,43,1076.34,344.59,731.75,True,-0.6436,1962.5
2021-08-20T00:00:00,False,2021-08-26,EOD,75,241.25,347.44,-106.19,False,-0.1442,1408.75
2021-08-23T00:00:00,True,2021-08-26,TARGET,16,590.1,343.23,246.87,True,-0.2755,1133.75
2021-08-24T00:00:00,False,2021-08-26,TARGET,53,619.78,344.59,275.19,True,0.1746,1233.75
2021-08-25T00:00:00,False,2021-08-26,EOD,75,473.75,341.97,131.78,True,-0.1681,950.0
2021-08-26T00:00:00,True,2021-08-26,TARGET,39,919.9,343.43,576.47,True,-0.0244,1823.75
2021-08-27T00:00:00,True,2021-09-02,EOD,75,175.0,346.41,-171.41,False,0.1585,1077.5
2021-08-30T00:00:00,False,2021-09-02,EOD,75,486.25,346.89,139.36,True,0.0918,1527.5
2021-08-31T00:00:00,False,2021-09-02,STOP,70,-793.51,340.47,-1133.98,False,-0.141,428.75
2021-09-01T00:00:00,False,2021-09-02,TARGET,60,468.79,343.82,124.97,True,-0.2088,927.5
2021-09-02T00:00:00,False,2021-09-02,TARGET,32,1203.19,347.54,855.65,True,0.3886,2402.5
2021-09-03T00:00:00,False,2021-09-09,TARGET,73,277.94,342.09,-64.15,False,0.0868,546.25
2021-09-06T00:00:00,False,2021-09-09,TARGET,73,35.68,339.53,-303.85,False,-0.0066,71.25
2021-09-07T00:00:00,True,2021-09-09,EOD,75,196.25,343.15,-146.9,False,0.1705,896.25
2021-09-08T00:00:00,True,2021-09-09,EOD,75,387.5,342.85,44.65,True,0.0296,1012.5
2021-09-09T00:00:00,True,2021-09-09,TARGET,36,507.38,341.86,165.52,True,0.1353,1007.5
2021-09-13T00:00:00,True,2021-09-16,EOD,75,430.0,345.53,84.47,True,-0.2308,1521.25
2021-09-14T00:00:00,True,2021-09-16,EOD,75,172.5,346.27,-173.77,False,-0.1527,1812.5
2021-09-15T00:00:00,True,2021-09-16,EOD,75,-78.75,344.17,-422.92,False,0.1661,1396.25
2021-09-16T00:00:00,False,2021-09-16,TARGET,34,273.88,340.67,-66.79,False,0.1579,540.0
2021-09-17T00:00:00,False,2021-09-23,STOP,29,-22.77,339.76,-362.53,False,0.0036,13.75
2021-09-20T00:00:00,False,2021-09-23,EOD,75,-87.5,341.07,-428.57,False,0.0049,213.75
2021-09-21T00:00:00,False,2021-09-23,TARGET,61,96.25,341.89,-245.64,False,0.0236,191.25
2021-09-22T00:00:00,False,2021-09-23,EOD,75,-8.75,339.52,-348.27,False,-0.0128,28.75
2021-09-23T00:00:00,True,2021-09-23,TARGET,35,847.07,344.02,503.05,True,0.37,1597.5
2021-09-24T00:00:00,False,2021-09-30,EOD,75,52.5,340.21,-287.71,False,-0.0045,132.5
2021-09-27T00:00:00,True,2021-09-30,TARGET,29.0,987.67,346.41,641.26,True,-0.2182,1917.5
2021-09-28T00:00:00,False,2021-09-30,TARGET,32.0,489.47,343.13,146.34,True,-0.1899,925.0
2021-09-29T00:00:00,False,2021-09-30,STOP,60.0,-73.46,340.01,-413.47,False,-0.0233,43.75
2021-09-30T00:00:00,True,2021-09-30,TARGET,13.0,15.61,339.22,-323.61,False,-0.0176,28.75
2021-10-01T00:00:00,False,2021-10-07,TARGET,60.0,1255.84,353.79,902.05,True,0.1252,2503.75
2021-10-04T00:00:00,True,2021-10-07,EOD,75.0,145.0,351.95,-206.95,False,0.0984,1130.0
2021-10-05T00:00:00,False,2021-10-07,TARGET,74.0,535.31,344.87,190.44,True,0.1407,1070.0
2021-10-06T00:00:00,False,2021-10-07,TARGET,41.0,283.4,340.81,-57.41,False,-0.109,490.0
2021-10-07T00:00:00,False,2021-10-07,TARGET,66.0,378.5,341.06,37.44,True,-0.3889,608.75
2021-10-08T00:00:00,True,2021-10-14,EOD,75.0,411.25,354.05,57.2,True,-0.0482,2323.75
2021-10-11T00:00:00,True,2021-10-14,TARGET,18.0,453.2,344.67,108.53,True,0.1754,881.25
2021-10-12T00:00:00,False,2021-10-14,EOD,75.0,12.5,346.82,-334.32,False,-0.0646,1745.0
2021-10-13T00:00:00,False,2021-10-14,EOD,75.0,-165.0,344.33,-509.33,False,0.0065,886.25
2021-10-14T00:00:00,False,2021-10-14,TARGET,38.0,886.98,345.56,541.42,True,0.142,1736.25
2021-10-18T00:00:00,False,2021-10-21,EOD,75.0,343.75,346.21,-2.46,False,0.0916,893.75
2021-10-19T00:00:00,True,2021-10-21,EOD,75.0,-108.75,341.53,-450.28,False,0.0753,542.5
2021-10-20T00:00:00,False,2021-10-21,TARGET,32.0,519.13,345.01,174.12,True,-0.1822,1008.75
2021-10-21T00:00:00,False,2021-10-21,TARGET,4.0,1756.42,351.32,1405.1,True,-0.3489,3295.0
2021-10-22T00:00:00,False,2021-10-28,EOD,75.0,2.5,340.29,-337.79,False,-0.0031,147.5
2021-10-25T00:00:00,False,2021-10-28,EOD,75.0,-17.5,340.15,-357.65,False,-0.002,72.5
2021-10-26T00:00:00,False,2021-10-28,EOD,75.0,493.75,345.35,148.4,True,0.066,1105.0
2021-10-27T00:00:00,False,2021-10-28,TARGET,64.0,300.9,341.38,-40.48,False,-0.0888,576.25
2021-10-28T00:00:00,False,2021-10-28,TARGET,7.0,40.14,339.3,-299.16,False,-0.0153,73.75
2021-10-29T00:00:00,False,2021-11-03,TARGET,59.0,786.59,350.61,435.98,True,-0.0952,1381.25
2021-11-01T00:00:00,False,2021-11-03,EOD,75.0,-378.75,354.97,-733.72,False,0.0938,1481.25
2021-11-02T00:00:00,False,2021-11-03,TARGET,17.0,155.3,348.6,-193.3,False,-0.137,305.0
2021-11-03T00:00:00,False,2021-11-03,TARGET,32.0,553.26,342.71,210.55,True,-0.0751,1091.25
2021-11-08T00:00:00,True,2021-11-11,TARGET,71.0,616.9,346.98,269.92,True,0.106,1208.75
2021-11-09T00:00:00,False,2021-11-11,EOD,75.0,427.5,345.63,81.87,True,-0.0717,1485.0
2021-11-10T00:00:00,False,2021-11-11,EOD,75.0,436.25,343.26,92.99,True,0.1203,1046.25
2021-11-11T00:00:00,True,2021-11-11,TARGET,31.0,565.92,342.28,223.64,True,-0.1922,1121.25
2021-11-12T00:00:00,False,2021-11-18,EOD,75.0,146.25,352.66,-206.41,False,0.1441,1072.5
2021-11-15T00:00:00,False,2021-11-18,EOD,75.0,-93.75,344.42,-438.17,False,0.1298,677.5
2021-11-16T00:00:00,False,2021-11-18,TARGET,74.0,748.43,345.11,403.32,True,-0.1651,1483.75
2021-11-17T00:00:00,False,2021-11-18,EOD,75.0,232.5,342.03,-109.53,False,0.0649,735.0
2021-11-18T00:00:00,True,2021-11-18,TARGET,42.0,665.9,342.7,323.2,True,-0.2476,1231.25
2021-11-22T00:00:00,False,2021-11-25,TARGET,16.0,409.85,343.13,66.72,True,-0.1163,780.0
2021-11-23T00:00:00,False,2021-11-25,NOSIM,,,,0.0,,,
2021-11-24T00:00:00,False,2021-11-25,TARGET,17.0,44.24,339.58,-295.34,False,0.0077,87.5
2021-11-25T00:00:00,False,2021-11-25,TARGET,25.0,962.81,346.81,616.0,True,0.4185,1751.25
2021-11-26T00:00:00,False,2021-12-02,EOD,75.0,348.75,350.84,-2.09,False,-0.0482,1935.0
2021-11-29T00:00:00,False,2021-12-02,EOD,75.0,162.5,341.25,-178.75,False,-0.0452,357.5
2021-11-30T00:00:00,True,2021-12-02,STOP,4.0,-211.41,340.22,-551.63,False,-0.0265,130.0
2021-12-01T00:00:00,False,2021-12-02,TARGET,47.0,111.76,339.92,-228.16,False,0.0174,220.0
2021-12-02T00:00:00,False,2021-12-02,TARGET,20.0,18.22,339.16,-320.94,False,-0.0099,26.25
2021-12-03T00:00:00,False,2021-12-09,EOD,75.0,-143.75,344.24,-487.99,False,0.0427,626.25
2021-12-06T00:00:00,False,2021-12-09,TARGET,36.0,438.69,343.23,95.46,True,-0.1166,863.75
2021-12-07T00:00:00,False,2021-12-09,EOD,75.0,20.0,349.07,-329.07,False,0.1336,506.25
2021-12-08T00:00:00,False,2021-12-09,EOD,75.0,-95.0,341.28,-436.28,False,0.0233,223.75
2021-12-09T00:00:00,False,2021-12-09,TARGET,43.0,500.54,342.04,158.5,True,0.2453,942.5
2021-12-10T00:00:00,True,2021-12-16,EOD,75.0,206.25,348.55,-142.3,False,0.0791,1141.25
2021-12-13T00:00:00,True,2021-12-16,TARGET,46.0,998.0,349.06,648.94,True,-0.1773,1936.25
2021-12-14T00:00:00,False,2021-12-16,EOD,75.0,8.75,341.71,-332.96,False,0.052,242.5
2021-12-15T00:00:00,True,2021-12-16,EOD,75.0,137.5,341.89,-204.39,False,-0.084,511.25
2021-12-16T00:00:00,False,2021-12-16,TARGET,6.0,826.94,347.05,479.89,True,-0.4336,1632.5
2021-12-17T00:00:00,False,2021-12-23,STOP,13.0,-627.09,343.88,-970.97,False,0.0665,427.5
2021-12-20T00:00:00,False,2021-12-23,TARGET,12.0,534.51,350.38,184.13,True,-0.1059,1046.25
2021-12-21T00:00:00,False,2021-12-23,NOSIM,,,,0.0,,,
2021-12-22T00:00:00,False,2021-12-23,TARGET,61.0,1013.31,345.33,667.98,True,0.2264,1912.5
2021-12-23T00:00:00,False,2021-12-23,TARGET,39.0,972.87,345.8,627.07,True,0.0191,1923.75
2021-12-24T00:00:00,True,2021-12-30,EOD,75.0,16.25,341.27,-325.02,False,0.0306,258.75
2021-12-27T00:00:00,False,2021-12-30,TARGET,52.0,1218.65,353.3,865.35,True,0.1721,2380.0
2021-12-28T00:00:00,False,2021-12-30,TARGET,42.0,432.23,344.17,88.06,True,0.1269,856.25
2021-12-29T00:00:00,False,2021-12-30,NOSIM,,,,0.0,,,
2021-12-30T00:00:00,True,2021-12-30,TARGET,14.0,646.72,342.83,303.89,True,0.3398,1248.75
2021-12-31T00:00:00,True,2022-01-06,EOD,75.0,493.75,353.71,140.04,True,0.1636,1593.75
2022-01-03T00:00:00,False,2022-01-06,TARGET,41.0,709.68,346.53,363.15,True,0.1576,1406.25
2022-01-04T00:00:00,False,2022-01-06,EOD,75.0,-47.5,340.06,-387.56,False,-0.0329,236.25
2022-01-05T00:00:00,False,2022-01-06,TARGET,67.0,885.35,345.91,539.44,True,0.1289,1750.0
2022-01-06T00:00:00,False,2022-01-06,TARGET,53.0,176.88,340.69,-163.81,False,0.0461,276.25
2022-01-07T00:00:00,True,2022-01-13,EOD,75.0,152.5,350.07,-197.57,False,-0.0553,1460.0
2022-01-10T00:00:00,True,2022-01-13,EOD,75.0,-15.0,341.56,-356.56,False,0.0262,153.75
2022-01-11T00:00:00,False,2022-01-13,TARGET,45.0,192.89,340.05,-147.16,False,0.0457,381.25
2022-01-12T00:00:00,False,2022-01-13,TARGET,51.0,78.32,339.78,-261.46,False,0.0042,156.25
2022-01-13T00:00:00,True,2022-01-13,TARGET,37.0,11.43,339.08,-327.65,False,-0.0019,22.5
2022-01-14T00:00:00,True,2022-01-20,EOD,75.0,-296.25,351.67,-647.92,False,0.1509,862.5
2022-01-17T00:00:00,False,2022-01-20,EOD,75.0,25.0,339.52,-314.52,False,0.0097,60.0
2022-01-18T00:00:00,False,2022-01-20,TARGET,67.0,1061.68,349.04,712.64,True,-0.2323,2002.5
2022-01-19T00:00:00,False,2022-01-20,TARGET,4.0,145.75,340.32,-194.57,False,-0.0959,285.0
2022-01-20T00:00:00,False,2022-01-20,TARGET,26.0,1297.73,352.59,945.14,True,-0.2172,2448.75
2022-01-21T00:00:00,False,2022-01-27,EOD,75.0,-161.25,344.27,-505.52,False,-0.0156,378.75
2022-01-24T00:00:00,False,2022-01-27,TARGET,16.0,150.13,340.91,-190.78,False,-0.0453,296.25
2022-01-25T00:00:00,False,2022-01-27,TARGET,32.0,46.03,339.93,-293.9,False,0.0037,90.0
2022-01-27T00:00:00,False,2022-01-27,TARGET,53.0,334.16,347.11,-12.95,False,0.0657,660.0
2022-01-28T00:00:00,False,2022-02-03,NOLEG,,,,0.0,,,
2022-01-31T00:00:00,False,2022-02-03,NOLEG,,,,0.0,,,
2022-02-01T00:00:00,False,2022-02-03,TARGET,46.0,348.9,345.46,3.44,True,-0.0445,648.75
2022-02-02T00:00:00,False,2022-02-03,TARGET,47.0,293.78,341.84,-48.06,False,-0.0968,573.75
2022-02-03T00:00:00,False,2022-02-03,TARGET,32.0,869.38,346.22,523.16,True,-0.3768,1728.75
2022-02-04T00:00:00,False,2022-02-10,EOD,75.0,-595.0,356.64,-951.64,False,0.003,1310.0
2022-02-07T00:00:00,True,2022-02-10,EOD,75.0,-196.25,342.17,-538.42,False,0.0237,535.0
2022-02-08T00:00:00,False,2022-02-10,EOD,75.0,142.5,343.07,-200.57,False,-0.079,505.0
2022-02-09T00:00:00,True,2022-02-10,TARGET,37.0,99.49,340.15,-240.66,False,0.0444,197.5
2022-02-10T00:00:00,False,2022-02-10,TARGET,28.0,919.4,346.41,572.99,True,0.3334,1736.25
2022-02-11T00:00:00,False,2022-02-17,TARGET,73.0,157.17,341.02,-183.85,False,-0.0371,310.0
2022-02-14T00:00:00,False,2022-02-17,TARGET,1.0,156.72,343.45,-186.73,False,-0.0601,310.0
2022-02-15T00:00:00,False,2022-02-17,TARGET,55.0,1075.88,364.23,711.65,True,0.0955,2032.5
2022-02-16T00:00:00,False,2022-02-17,TARGET,68.0,646.51,345.96,300.55,True,-0.188,1268.75
2022-02-17T00:00:00,False,2022-02-17,TARGET,28.0,612.93,343.76,269.17,True,0.0904,1220.0
2022-02-18T00:00:00,False,2022-02-24,TARGET,47.0,1102.37,354.67,747.7,True,0.0964,2193.75
2022-02-21T00:00:00,True,2022-02-24,EOD,75.0,-385.0,351.86,-736.86,False,0.0511,362.5
2022-02-22T00:00:00,True,2022-02-24,TARGET,1.0,629.71,352.66,277.05,True,0.4997,143.75
2022-02-23T00:00:00,False,2022-02-24,EOD,75.0,-23.75,340.52,-364.27,False,0.0075,35.0
2022-02-24T00:00:00,False,2022-02-24,TARGET,68.0,719.48,353.23,366.25,True,-0.2179,1207.5
2022-02-25T00:00:00,False,2022-03-03,TARGET,58.0,775.11,357.98,417.13,True,0.0366,1533.75
2022-02-28T00:00:00,False,2022-03-03,EOD,75.0,-77.5,349.16,-426.66,False,0.0315,383.75
2022-03-02T00:00:00,False,2022-03-03,TARGET,70.0,86.58,341.76,-255.18,False,0.006,165.0
2022-03-04T00:00:00,False,2022-03-10,NOSIM,,,,0.0,,,
2022-03-07T00:00:00,False,2022-03-10,NOLEG,,,,0.0,,,
2022-03-08T00:00:00,True,2022-03-10,TARGET,59.0,315.66,343.28,-27.62,False,0.0464,570.0
2022-03-09T00:00:00,False,2022-03-10,TARGET,38.0,140.35,342.39,-202.04,False,0.0325,277.5
2022-03-10T00:00:00,False,2022-03-10,TARGET,2.0,86.22,340.27,-254.05,False,-0.0831,138.75
2022-03-11T00:00:00,False,2022-03-17,STOP,4.0,-41.74,350.52,-392.26,False,0.0017,21.25
2022-03-14T00:00:00,False,2022-03-17,STOP,61.0,-222.09,344.11,-566.2,False,0.0098,156.25
2022-03-15T00:00:00,False,2022-03-17,EOD,75.0,16.25,341.88,-325.63,False,-0.0106,336.25
2022-03-16T00:00:00,False,2022-03-17,TARGET,50.0,169.19,340.31,-171.12,False,0.0205,332.5
2022-03-17T00:00:00,False,2022-03-17,TARGET,67.0,397.61,341.27,56.34,True,-0.1866,586.25
2022-03-21T00:00:00,False,2022-03-24,EOD,75.0,77.5,340.56,-263.06,False,-0.0173,190.0
2022-03-22T00:00:00,False,2022-03-24,TARGET,44.0,74.45,340.17,-265.72,False,0.0058,146.25
2022-03-23T00:00:00,False,2022-03-24,TARGET,31.0,32.95,339.36,-306.41,False,-0.0039,63.75
2022-03-24T00:00:00,False,2022-03-24,TARGET,1.0,963.71,347.56,616.15,True,0.5784,1242.5
2022-03-25T00:00:00,False,2022-03-31,EOD,75.0,23.75,340.63,-316.88,False,-0.0066,133.75
2022-03-28T00:00:00,False,2022-03-31,EOD,75.0,17.5,339.81,-322.31,False,-0.0068,55.0
2022-03-29T00:00:00,False,2022-03-31,EOD,75.0,22.5,339.5,-317.0,False,-0.0014,62.5
2022-03-30T00:00:00,True,2022-03-31,TARGET,49.0,74.41,339.71,-265.3,False,0.0171,145.0
2022-03-31T00:00:00,True,2022-03-31,TARGET,35.0,1095.43,344.96,750.47,True,-0.2359,2082.5
2022-04-01T00:00:00,False,2022-04-07,EOD,75.0,-96.25,340.9,-437.15,False,-0.0373,340.0
2022-04-04T00:00:00,False,2022-04-07,TARGET,6.0,453.11,342.81,110.3,True,0.1248,842.5
2022-04-05T00:00:00,False,2022-04-07,EOD,75.0,-832.5,345.28,-1177.78,False,0.0945,648.75
2022-04-06T00:00:00,False,2022-04-07,TARGET,65.0,335.47,342.37,-6.9,False,-0.0611,670.0
2022-04-07T00:00:00,True,2022-04-07,TARGET,51.0,1198.95,348.58,850.37,True,-0.1742,2153.75
2022-04-08T00:00:00,True,2022-04-13,TARGET,3.0,9.87,340.02,-330.15,False,-0.0118,15.0
2022-04-11T00:00:00,False,2022-04-13,TARGET,65.0,436.38,342.7,93.68,True,-0.1276,842.5
2022-04-12T00:00:00,False,2022-04-13,TARGET,45.0,45.19,339.47,-294.28,False,-0.0199,90.0
2022-04-13T00:00:00,True,2022-04-13,TARGET,15.0,909.04,346.0,563.04,True,-0.5725,1665.0
2022-04-18T00:00:00,False,2022-04-21,TARGET,65.0,95.7,340.2,-244.5,False,0.0082,186.25
2022-04-19T00:00:00,True,2022-04-21,TARGET,20.0,228.68,341.32,-112.64,False,-0.096,443.75
2022-04-20T00:00:00,False,2022-04-21,NOSIM,,,,0.0,,,
2022-04-21T00:00:00,False,2022-04-21,TARGET,33.0,1249.44,350.09,899.35,True,0.2636,2435.0
2022-04-22T00:00:00,False,2022-04-28,EOD,75.0,-166.25,345.64,-511.89,False,0.0723,682.5
2022-04-25T00:00:00,False,2022-04-28,TARGET,69.0,61.6,339.6,-278.0,False,-0.0017,120.0
2022-04-26T00:00:00,False,2022-04-28,EOD,75.0,440.0,347.87,92.13,True,0.0787,1066.25
2022-04-27T00:00:00,False,2022-04-28,EOD,75.0,231.25,344.72,-113.47,False,0.1526,1090.0
2022-04-28T00:00:00,True,2022-04-28,TARGET,40.0,1246.92,346.16,900.76,True,0.1851,2458.75
2022-04-29T00:00:00,False,2022-05-05,EOD,75.0,-238.75,343.89,-582.64,False,0.0864,772.5
2022-05-02T00:00:00,False,2022-05-05,EOD,75.0,-68.75,354.6,-423.35,False,0.1627,1195.0
2022-05-04T00:00:00,False,2022-05-05,TARGET,41.0,1157.58,354.1,803.48,True,-0.1928,2167.5
2022-05-05T00:00:00,False,2022-05-05,TARGET,58.0,1094.83,349.67,745.16,True,-0.4334,1962.5
2022-05-06T00:00:00,False,2022-05-12,NOLEG,,,,0.0,,,
2022-05-09T00:00:00,True,2022-05-12,TARGET,66.0,583.66,347.32,236.34,True,0.1059,1163.75
2022-05-10T00:00:00,False,2022-05-12,EOD,75.0,-63.75,343.68,-407.43,False,0.0824,482.5
2022-05-11T00:00:00,True,2022-05-12,STOP,16.0,-33.13,339.23,-372.36,False,-0.0003,18.75
2022-05-12T00:00:00,False,2022-05-12,STOP,3.0,-307.28,339.52,-646.8,False,0.0727,185.0
2022-05-13T00:00:00,False,2022-05-19,TARGET,36.0,109.3,340.76,-231.46,False,0.018,217.5
2022-05-16T00:00:00,False,2022-05-19,EOD,75.0,-18.75,340.06,-358.81,False,0.0069,61.25
2022-05-17T00:00:00,True,2022-05-19,TARGET,14.0,23.04,339.39,-316.35,False,0.0083,45.0
2022-05-18T00:00:00,False,2022-05-19,TARGET,67.0,416.0,343.4,72.6,True,-0.086,817.5
2022-05-19T00:00:00,False,2022-05-19,NOSIM,,,,0.0,,,
2022-05-20T00:00:00,False,2022-05-26,EOD,75.0,-90.0,361.6,-451.6,False,0.0769,747.5
2022-05-23T00:00:00,False,2022-05-26,EOD,75.0,-220.0,346.7,-566.7,False,0.0607,642.5
2022-05-24T00:00:00,False,2022-05-26,EOD,75.0,-35.0,347.54,-382.54,False,0.0933,936.25
2022-05-25T00:00:00,False,2022-05-26,TARGET,36.0,173.11,340.34,-167.23,False,-0.05,342.5
2022-05-26T00:00:00,False,2022-05-26,TARGET,46.0,913.99,343.86,570.13,True,0.0208,1427.5
2022-05-27T00:00:00,False,2022-06-02,EOD,75.0,-100.0,346.09,-446.09,False,0.0617,550.0
2022-05-30T00:00:00,True,2022-06-02,NOSIM,,,,0.0,,,
2022-05-31T00:00:00,False,2022-06-02,EOD,75.0,160.0,340.98,-180.98,False,-0.0312,362.5
2022-06-01T00:00:00,True,2022-06-02,EOD,75.0,47.5,339.9,-292.4,False,0.0171,96.25
2022-06-02T00:00:00,False,2022-06-02,TARGET,39.0,1238.92,350.85,888.07,True,0.2801,2362.5
2022-06-03T00:00:00,False,2022-06-09,EOD,75.0,-23.75,342.79,-366.54,False,0.0556,590.0
2022-06-06T00:00:00,False,2022-06-09,EOD,75.0,120.0,344.15,-224.15,False,0.0854,686.25
2022-06-07T00:00:00,True,2022-06-09,EOD,75.0,137.5,340.42,-202.92,False,0.0205,320.0
2022-06-08T00:00:00,False,2022-06-09,TARGET,39.0,106.5,339.93,-233.43,False,-0.0205,212.5
2022-06-09T00:00:00,False,2022-06-09,TARGET,41.0,1385.64,352.62,1033.02,True,0.3498,2452.5
2022-06-10T00:00:00,False,2022-06-16,EOD,75.0,21.25,339.66,-318.41,False,-0.0163,76.25
2022-06-13T00:00:00,False,2022-06-16,EOD,75.0,11.25,340.98,-329.73,False,-0.0268,168.75
2022-06-14T00:00:00,False,2022-06-16,TARGET,63.0,74.17,340.42,-266.25,False,0.0124,147.5
2022-06-15T00:00:00,True,2022-06-16,EOD,75.0,267.5,341.62,-74.12,False,-0.1138,617.5
2022-06-16T00:00:00,True,2022-06-16,TARGET,46.0,1977.57,379.44,1598.13,True,-0.1145,3402.5
2022-06-17T00:00:00,False,2022-06-23,EOD,75.0,66.25,349.4,-283.15,False,0.0432,880.0
2022-06-20T00:00:00,True,2022-06-23,EOD,75.0,302.5,345.54,-43.04,False,0.0687,823.75
2022-06-21T00:00:00,True,2022-06-23,TARGET,66.0,251.07,341.54,-90.47,False,0.0486,456.25
2022-06-22T00:00:00,False,2022-06-23,TARGET,59.0,97.71,339.91,-242.2,False,0.0083,177.5
2022-06-23T00:00:00,False,2022-06-23,STOP,6.0,-308.3,339.73,-648.03,False,-0.0911,218.75
2022-06-24T00:00:00,False,2022-06-30,EOD,75.0,-173.75,351.82,-525.57,False,-0.0097,1235.0
2022-06-27T00:00:00,False,2022-06-30,EOD,75.0,296.25,346.7,-50.45,False,-0.1575,1182.5
2022-06-28T00:00:00,False,2022-06-30,EOD,75.0,-27.5,341.98,-369.48,False,-0.1153,671.25
2022-06-29T00:00:00,False,2022-06-30,EOD,75.0,97.5,342.14,-244.64,False,0.0282,616.25
2022-06-30T00:00:00,False,2022-06-30,STOP,5.0,-241.31,339.34,-580.65,False,-0.0521,145.0
2022-07-01T00:00:00,True,2022-07-07,EOD,75.0,90.0,349.7,-259.7,False,0.0789,841.25
2022-07-04T00:00:00,False,2022-07-07,TARGET,45.0,71.01,339.83,-268.82,False,0.0108,140.0
2022-07-05T00:00:00,False,2022-07-07,TARGET,70.0,784.02,345.64,438.38,True,-0.1667,1522.5
2022-07-06T00:00:00,False,2022-07-07,TARGET,48.0,613.82,347.1,266.72,True,0.1732,1191.25
2022-07-07T00:00:00,False,2022-07-07,TARGET,38.0,684.66,346.39,338.27,True,-0.0004,1362.5
2022-07-08T00:00:00,True,2022-07-14,EOD,75.0,202.5,359.8,-157.3,False,-0.0861,2625.0
2022-07-11T00:00:00,True,2022-07-14,EOD,75.0,185.0,345.42,-160.42,False,0.1051,908.75
2022-07-12T00:00:00,False,2022-07-14,EOD,75.0,576.25,344.39,231.86,True,-0.1443,1405.0
2022-07-13T00:00:00,False,2022-07-14,TARGET,30.0,27.12,339.24,-312.12,False,-0.0119,52.5
2022-07-14T00:00:00,False,2022-07-14,TARGET,34.0,1328.65,347.23,981.42,True,-0.2351,2572.5
2022-07-15T00:00:00,False,2022-07-21,EOD,75.0,460.0,352.8,107.2,True,0.128,1686.25
2022-07-18T00:00:00,False,2022-07-21,EOD,75.0,180.0,342.79,-162.79,False,0.0998,602.5
2022-07-19T00:00:00,False,2022-07-21,TARGET,68.0,612.56,345.4,267.16,True,0.2371,1195.0
2022-07-20T00:00:00,False,2022-07-21,EOD,75.0,-106.25,340.67,-446.92,False,-0.2269,395.0
2022-07-21T00:00:00,True,2022-07-21,TARGET,26.0,413.44,341.81,71.63,True,0.2406,820.0
2022-07-22T00:00:00,False,2022-07-28,EOD,75.0,111.25,347.08,-235.83,False,0.042,1191.25
2022-07-25T00:00:00,False,2022-07-28,TARGET,52.0,231.9,341.02,-109.12,False,-0.0839,461.25
2022-07-26T00:00:00,False,2022-07-28,TARGET,37.0,79.16,339.67,-260.51,False,-0.0269,155.0
2022-07-27T00:00:00,False,2022-07-28,TARGET,55.0,36.9,339.29,-302.39,False,0.0136,68.75
2022-07-28T00:00:00,False,2022-07-28,TARGET,29.0,984.09,351.45,632.64,True,0.2423,1912.5
2022-07-29T00:00:00,False,2022-08-04,EOD,75.0,503.75,349.99,153.76,True,0.1089,1378.75
2022-08-01T00:00:00,False,2022-08-04,EOD,75.0,-306.25,341.24,-647.49,False,-0.0923,455.0
2022-08-02T00:00:00,False,2022-08-04,EOD,75.0,171.25,346.44,-175.19,False,0.0325,1366.25
2022-08-03T00:00:00,True,2022-08-04,TARGET,53.0,340.36,341.85,-1.49,False,-0.1207,677.5
2022-08-04T00:00:00,False,2022-08-04,TARGET,25.0,1320.27,345.76,974.51,True,-0.3895,2016.25
2022-08-05T00:00:00,False,2022-08-11,EOD,75.0,181.25,344.45,-163.2,False,0.0104,605.0
2022-08-08T00:00:00,True,2022-08-11,EOD,75.0,478.75,350.91,127.84,True,0.1481,1250.0
2022-08-10T00:00:00,False,2022-08-11,EOD,75.0,6.25,339.46,-333.21,False,-0.0077,45.0
2022-08-11T00:00:00,True,2022-08-11,TARGET,28.0,596.57,341.98,254.59,True,-0.4196,1056.25
2022-08-12T00:00:00,True,2022-08-18,EOD,75.0,160.0,345.53,-185.53,False,-0.1392,1157.5
2022-08-16T00:00:00,True,2022-08-18,EOD,75.0,215.0,350.68,-135.68,False,-0.1344,2258.75
2022-08-17T00:00:00,True,2022-08-18,EOD,75.0,488.75,344.19,144.56,True,0.0872,1641.25
2022-08-18T00:00:00,False,2022-08-18,TARGET,45.0,764.72,343.25,421.47,True,0.1919,1496.25
2022-08-19T00:00:00,True,2022-08-25,EOD,75.0,577.5,348.59,228.91,True,-0.1604,1260.0
2022-08-22T00:00:00,False,2022-08-25,TARGET,11.0,212.74,341.32,-128.58,False,-0.1132,423.75
2022-08-23T00:00:00,False,2022-08-25,TARGET,5.0,1532.09,351.51,1180.58,True,0.3266,2391.25
2022-08-24T00:00:00,False,2022-08-25,TARGET,44.0,44.17,339.52,-295.35,False,-0.0144,76.25
2022-08-25T00:00:00,False,2022-08-25,TARGET,9.0,15.67,339.13,-323.46,False,0.0007,31.25
2022-08-26T00:00:00,False,2022-09-01,EOD,75.0,113.75,350.64,-236.89,False,-0.1013,1423.75
2022-08-29T00:00:00,True,2022-09-01,TARGET,40.0,507.83,344.31,163.52,True,0.1223,981.25
2022-08-30T00:00:00,False,2022-09-01,TARGET,28.0,154.66,340.45,-185.79,False,0.0478,308.75
2022-09-01T00:00:00,False,2022-09-01,TARGET,2.0,451.06,343.76,107.3,True,0.3034,885.0
2022-09-02T00:00:00,True,2022-09-08,EOD,75.0,300.0,344.47,-44.47,False,-0.0508,843.75
2022-09-05T00:00:00,True,2022-09-08,EOD,75.0,111.25,341.69,-230.44,False,-0.0196,547.5
2022-09-06T00:00:00,False,2022-09-08,EOD,75.0,327.5,344.92,-17.42,False,-0.1642,1158.75
2022-09-07T00:00:00,False,2022-09-08,TARGET,64.0,107.41,339.61,-232.2,False,-0.0135,158.75
2022-09-08T00:00:00,False,2022-09-08,TARGET,25.0,469.98,341.2,128.78,True,-0.2848,800.0
2022-09-09T00:00:00,False,2022-09-15,EOD,75.0,411.25,346.3,64.95,True,-0.1862,1458.75
2022-09-12T00:00:00,False,2022-09-15,EOD,75.0,657.5,357.61,299.89,True,-0.0166,3178.75
2022-09-13T00:00:00,False,2022-09-15,EOD,75.0,-102.5,347.35,-449.85,False,0.1407,775.0
2022-09-14T00:00:00,False,2022-09-15,TARGET,34.0,1152.95,354.26,798.69,True,0.1922,2300.0
2022-09-15T00:00:00,False,2022-09-15,TARGET,17.0,1061.09,346.18,714.91,True,-0.3266,2026.25
2022-09-16T00:00:00,False,2022-09-22,STOP,49.0,-143.29,339.77,-483.06,False,0.0161,100.0
2022-09-19T00:00:00,False,2022-09-22,EOD,75.0,-386.25,352.17,-738.42,False,0.0645,982.5
2022-09-20T00:00:00,False,2022-09-22,EOD,75.0,-131.25,341.69,-472.94,False,-0.1007,592.5
2022-09-21T00:00:00,False,2022-09-22,EOD,75.0,-53.75,343.63,-397.38,False,-0.0496,983.75
2022-09-22T00:00:00,False,2022-09-22,TARGET,46.0,869.85,345.63,524.22,True,0.2313,1733.75
2022-09-23T00:00:00,True,2022-09-29,TARGET,41.0,235.92,342.04,-106.12,False,-0.0688,452.5
2022-09-26T00:00:00,False,2022-09-29,TARGET,51.0,55.42,339.89,-284.47,False,-0.0082,108.75
2022-09-27T00:00:00,False,2022-09-29,NOSIM,,,,0.0,,,
2022-09-28T00:00:00,False,2022-09-29,EOD,75.0,218.75,348.02,-129.27,False,-0.0557,1606.25
2022-09-29T00:00:00,True,2022-09-29,TARGET,31.0,750.45,343.81,406.64,True,-0.2273,1488.75
2022-09-30T00:00:00,False,2022-10-06,TARGET,60.0,798.54,353.01,445.53,True,0.0887,1591.25
2022-10-03T00:00:00,False,2022-10-06,TARGET,66.0,1311.04,357.96,953.08,True,-0.1493,2562.5
2022-10-04T00:00:00,False,2022-10-06,EOD,75.0,273.75,346.52,-72.77,False,0.0875,745.0
2022-10-06T00:00:00,False,2022-10-06,TARGET,57.0,531.3,342.21,189.09,True,-0.3189,1058.75
2022-10-07T00:00:00,False,2022-10-13,EOD,75.0,192.5,344.68,-152.18,False,0.0794,708.75
2022-10-10T00:00:00,True,2022-10-13,TARGET,42.0,590.45,347.14,243.31,True,0.1493,1173.75
2022-10-11T00:00:00,False,2022-10-13,TARGET,69.0,1061.48,350.73,710.75,True,-0.212,1930.0
2022-10-12T00:00:00,False,2022-10-13,TARGET,71.0,716.83,347.31,369.52,True,0.1704,1426.25
2022-10-13T00:00:00,False,2022-10-13,TARGET,59.0,307.75,341.25,-33.5,False,0.1939,587.5
2022-10-14T00:00:00,False,2022-10-20,NOSIM,,,,0.0,,,
2022-10-17T00:00:00,False,2022-10-20,EOD,75.0,127.5,351.19,-223.69,False,-0.0611,2257.5
2022-10-18T00:00:00,False,2022-10-20,EOD,75.0,-556.25,344.32,-900.57,False,-0.1763,986.25
2022-10-19T00:00:00,False,2022-10-20,TARGET,46.0,698.41,343.33,355.08,True,-0.281,1327.5
2022-10-20T00:00:00,True,2022-10-20,TARGET,37.0,922.18,345.88,576.3,True,0.3689,1713.75
2022-10-21T00:00:00,False,2022-10-27,EOD,75.0,123.75,340.76,-217.01,False,-0.0369,297.5
2022-10-25T00:00:00,True,2022-10-27,EOD,75.0,-75.0,340.84,-415.84,False,-0.0375,335.0
2022-10-27T00:00:00,False,2022-10-27,TARGET,30.0,734.74,343.5,391.24,True,-0.3043,1451.25
2022-10-28T00:00:00,False,2022-11-03,EOD,75.0,-133.75,348.75,-482.5,False,0.1,1126.25
2022-10-31T00:00:00,False,2022-11-03,EOD,75.0,226.25,344.51,-118.26,False,0.1392,777.5
2022-11-01T00:00:00,False,2022-11-03,EOD,75.0,116.25,344.6,-228.35,False,0.139,857.5
2022-11-02T00:00:00,False,2022-11-03,EOD,75,38.75,342.33,-303.58,False,0.0221,886.25
2022-11-03T00:00:00,False,2022-11-03,TARGET,36,1009.77,346.03,663.74,True,0.1456,2000.0
2022-11-04T00:00:00,False,2022-11-10,EOD,75,407.5,347.3,60.2,True,0.168,1255.0
2022-11-07T00:00:00,False,2022-11-10,EOD,75,206.25,342.13,-135.88,False,0.1086,531.25
2022-11-09T00:00:00,True,2022-11-10,TARGET,65,599.93,343.4,256.53,True,-0.254,1180.0
2022-11-10T00:00:00,False,2022-11-10,TARGET,47,808.43,344.06,464.37,True,-0.034,1491.25
2022-11-11T00:00:00,True,2022-11-17,TARGET,57,389.35,343.1,46.25,True,0.0969,743.75
2022-11-14T00:00:00,False,2022-11-17,EOD,75,-16.25,340.22,-356.47,False,0.0396,167.5
2022-11-15T00:00:00,False,2022-11-17,TARGET,73,592.06,343.32,248.74,True,0.2297,1132.5
2022-11-16T00:00:00,True,2022-11-17,EOD,75,538.75,346.06,192.69,True,-0.1573,2183.75
2022-11-17T00:00:00,True,2022-11-17,TARGET,49,609.15,342.28,266.87,True,-0.0925,1187.5
2022-11-18T00:00:00,True,2022-11-24,EOD,75,65.0,353.82,-288.82,False,-0.0355,2358.75
2022-11-21T00:00:00,True,2022-11-24,EOD,75,377.5,347.35,30.15,True,-0.1153,1462.5
2022-11-22T00:00:00,False,2022-11-24,EOD,75,93.75,346.73,-252.98,False,0.1053,1736.25
2022-11-23T00:00:00,False,2022-11-24,EOD,75,516.25,343.66,172.59,True,-0.3463,1410.0
2022-11-24T00:00:00,False,2022-11-24,TARGET,2,19.48,339.12,-319.64,False,-0.0214,36.25
2022-11-25T00:00:00,False,2022-12-01,EOD,75,-106.25,341.51,-447.76,False,0.0524,288.75
2022-11-28T00:00:00,True,2022-12-01,TARGET,3,698.54,346.56,351.98,True,0.3515,1385.0
2022-11-29T00:00:00,False,2022-12-01,TARGET,16,303.73,342.15,-38.42,False,0.1972,597.5
2022-11-30T00:00:00,True,2022-12-01,TARGET,70,493.91,342.11,151.8,True,0.2768,833.75
2022-12-01T00:00:00,False,2022-12-01,TARGET,36,485.74,341.61,144.13,True,-0.0437,915.0
2022-12-02T00:00:00,True,2022-12-08,EOD,75,-111.25,347.93,-459.18,False,0.0735,1526.25
2022-12-05T00:00:00,False,2022-12-08,EOD,75,78.75,347.19,-268.44,False,0.1441,1536.25
2022-12-06T00:00:00,True,2022-12-08,EOD,75,21.25,343.61,-322.36,False,0.2625,908.75
2022-12-07T00:00:00,True,2022-12-08,EOD,75,191.25,342.25,-151.0,False,-0.0095,845.0
2022-12-08T00:00:00,True,2022-12-08,TARGET,46,856.8,343.67,513.13,True,0.2525,1643.75
2022-12-09T00:00:00,True,2022-12-15,EOD,75,-265.0,356.95,-621.95,False,-0.0201,2541.25
2022-12-12T00:00:00,False,2022-12-15,EOD,75,-163.75,346.98,-510.73,False,0.191,1295.0
2022-12-13T00:00:00,False,2022-12-15,EOD,75,380.0,343.25,36.75,True,0.2398,915.0
2022-12-14T00:00:00,False,2022-12-15,EOD,75,80.0,342.29,-262.29,False,0.17,657.5
2022-12-15T00:00:00,True,2022-12-15,TARGET,40,860.74,344.14,516.6,True,-0.3279,1677.5
2022-12-16T00:00:00,False,2022-12-22,EOD,75,291.25,344.03,-52.78,False,-0.0467,872.5
2022-12-19T00:00:00,True,2022-12-22,TARGET,65,674.73,347.32,327.41,True,0.2195,1306.25
2022-12-20T00:00:00,False,2022-12-22,EOD,75,337.5,344.02,-6.52,False,0.1476,1057.5
2022-12-21T00:00:00,True,2022-12-22,TARGET,14,337.01,341.28,-4.27,False,-0.237,652.5
2022-12-22T00:00:00,False,2022-12-22,STOP,12,-239.5,340.21,-579.71,False,0.0236,163.75
2022-12-23T00:00:00,False,2022-12-29,TARGET,70,946.88,352.13,594.75,True,-0.149,1888.75
2022-12-26T00:00:00,False,2022-12-29,STOP,64,-473.14,341.14,-814.28,False,-0.0548,298.75
2022-12-27T00:00:00,False,2022-12-29,EOD,75,400.0,346.75,53.25,True,0.0006,1665.0
2022-12-28T00:00:00,False,2022-12-29,EOD,75,270.0,344.15,-74.15,False,-0.0617,1021.25
2022-12-29T00:00:00,True,2022-12-29,TARGET,30,363.35,341.15,22.2,True,0.1571,637.5
2022-12-30T00:00:00,False,2023-01-05,TARGET,70,1127.02,350.69,776.33,True,-0.2235,2150.0
2023-01-02T00:00:00,False,2023-01-05,EOD,75,-53.75,349.0,-402.75,False,-0.0327,1835.0
2023-01-03T00:00:00,False,2023-01-05,EOD,75,447.5,352.07,95.43,True,0.0403,3041.25
2023-01-04T00:00:00,False,2023-01-05,EOD,75,986.25,346.86,639.39,True,-0.2129,1991.25
2023-01-05T00:00:00,False,2023-01-05,TARGET,2,1029.82,346.11,683.71,True,-0.6359,1852.5
2023-01-06T00:00:00,False,2023-01-12,EOD,75,-117.5,360.21,-477.71,False,-0.0121,2876.25
2023-01-09T00:00:00,False,2023-01-12,EOD,75,296.25,349.68,-53.43,False,0.1769,1260.0
2023-01-10T00:00:00,False,2023-01-12,TARGET,8,1029.64,350.44,679.2,True,-0.3219,2033.75
2023-01-11T00:00:00,False,2023-01-12,EOD,75,328.75,344.61,-15.86,False,-0.0378,1328.75
2023-01-12T00:00:00,True,2023-01-12,TARGET,23,822.09,344.24,477.85,True,-0.2787,1596.25
2023-01-13T00:00:00,False,2023-01-19,EOD,75,598.75,362.92,235.83,True,0.0166,3543.75
2023-01-16T00:00:00,False,2023-01-19,EOD,75,-46.25,352.63,-398.88,False,-0.1119,2156.25
2023-01-17T00:00:00,False,2023-01-19,EOD,75,558.75,346.23,212.52,True,0.1437,1325.0
2023-01-18T00:00:00,False,2023-01-19,TARGET,64,344.79,342.45,2.34,True,0.1457,685.0
2023-01-19T00:00:00,False,2023-01-19,TARGET,35,647.15,342.65,304.5,True,0.1114,1267.5
2023-01-20T00:00:00,True,2023-01-25,EOD,75,-41.25,356.65,-397.9,False,-0.0334,2726.25
2023-01-23T00:00:00,False,2023-01-25,EOD,75,-420.0,344.29,-764.29,False,0.1935,390.0
2023-01-24T00:00:00,True,2023-01-25,EOD,75,738.75,347.54,391.21,True,-0.3094,2241.25
2023-01-25T00:00:00,False,2023-01-25,TARGET,16,1716.6,354.23,1362.37,True,-0.1951,3408.75
2023-01-27T00:00:00,False,2023-02-02,STOP,12,-96.36,339.72,-436.08,False,0.0107,60.0
2023-01-30T00:00:00,False,2023-02-02,EOD,75,11.25,345.32,-334.07,False,-0.0507,680.0
2023-01-31T00:00:00,False,2023-02-02,EOD,75,266.25,345.31,-79.06,False,-0.0918,972.5
2023-02-01T00:00:00,True,2023-02-02,TARGET,56,384.13,345.46,38.67,True,-0.1023,745.0
2023-02-02T00:00:00,False,2023-02-02,TARGET,5,892.76,347.02,545.74,True,0.395,1497.5
2023-02-03T00:00:00,False,2023-02-09,EOD,75,478.75,352.59,126.16,True,0.0417,1853.75
2023-02-06T00:00:00,False,2023-02-09,EOD,75,53.75,342.19,-288.44,False,-0.1059,488.75
2023-02-07T00:00:00,True,2023-02-09,TARGET,41,206.87,340.7,-133.83,False,-0.1098,393.75
2023-02-08T00:00:00,False,2023-02-09,TARGET,59,955.08,347.61,607.47,True,0.2208,1890.0
2023-02-09T00:00:00,False,2023-02-09,TARGET,37,737.18,342.86,394.32,True,-0.0989,1450.0
2023-02-10T00:00:00,False,2023-02-16,EOD,75,197.5,349.64,-152.14,False,0.031,1872.5
2023-02-13T00:00:00,True,2023-02-16,EOD,75,41.25,346.4,-305.15,False,0.0437,1782.5
2023-02-14T00:00:00,False,2023-02-16,TARGET,56,701.45,345.15,356.3,True,0.2064,1358.75
2023-02-15T00:00:00,False,2023-02-16,TARGET,58,363.22,341.22,22.0,True,0.1729,673.75
2023-02-16T00:00:00,False,2023-02-16,TARGET,35,474.66,341.6,133.06,True,-0.2236,941.25
2023-02-17T00:00:00,True,2023-02-23,EOD,75,-368.75,355.5,-724.25,False,0.0441,2433.75
2023-02-20T00:00:00,True,2023-02-23,EOD,75,518.75,344.99,173.76,True,-0.1963,1211.25
2023-02-21T00:00:00,False,2023-02-23,EOD,75,220.0,341.99,-121.99,False,-0.1598,616.25
2023-02-22T00:00:00,True,2023-02-23,EOD,75,-151.25,340.3,-491.55,False,-0.0458,450.0
2023-02-23T00:00:00,False,2023-02-23,STOP,4,-624.61,340.67,-965.28,False,0.2097,423.75
2023-02-24T00:00:00,False,2023-03-02,EOD,75,353.75,347.96,5.79,True,-0.1841,1272.5
2023-02-27T00:00:00,False,2023-03-02,EOD,75,27.5,339.68,-312.18,False,0.0279,107.5
2023-02-28T00:00:00,True,2023-03-02,TARGET,58,947.42,346.66,600.76,True,-0.2228,1713.75
2023-03-01T00:00:00,False,2023-03-02,EOD,75,892.5,347.69,544.81,True,0.1373,2017.5
2023-03-02T00:00:00,False,2023-03-02,TARGET,41,1158.66,345.81,812.85,True,-0.3538,2278.75
2023-03-03T00:00:00,False,2023-03-09,TARGET,49,933.26,348.88,584.38,True,0.2371,1850.0
2023-03-06T00:00:00,False,2023-03-09,EOD,75,18.75,342.01,-323.26,False,-0.0573,707.5
2023-03-08T00:00:00,False,2023-03-09,TARGET,66,619.97,342.73,277.24,True,0.0756,1235.0
2023-03-09T00:00:00,False,2023-03-09,TARGET,53,1410.99,349.99,1061.0,True,-0.3392,2715.0
2023-03-10T00:00:00,False,2023-03-16,EOD,75,-435.0,346.44,-781.44,False,0.1504,846.25
2023-03-13T00:00:00,True,2023-03-16,EOD,75,-155.0,343.86,-498.86,False,-0.1437,823.75
2023-03-14T00:00:00,False,2023-03-16,EOD,75,-197.5,344.43,-541.93,False,0.0185,870.0
2023-03-15T00:00:00,False,2023-03-16,TARGET,56,565.24,344.48,220.76,True,-0.2081,1077.5
2023-03-16T00:00:00,False,2023-03-16,TARGET,49,1297.88,347.75,950.13,True,-0.036,2576.25
2023-03-17T00:00:00,True,2023-03-23,EOD,75,-56.25,347.57,-403.82,False,0.1032,792.5
2023-03-20T00:00:00,True,2023-03-23,EOD,75,43.75,348.19,-304.44,False,-0.0072,1553.75
2023-03-21T00:00:00,False,2023-03-23,EOD,75,-195.0,345.65,-540.65,False,0.1367,443.75
2023-03-22T00:00:00,False,2023-03-23,EOD,75,312.5,341.74,-29.24,False,0.1207,741.25
2023-03-23T00:00:00,True,2023-03-23,TARGET,49,1137.71,346.34,791.37,True,-0.0448,2230.0
2023-03-24T00:00:00,True,2023-03-29,EOD,75,-573.75,346.32,-920.07,False,0.1555,972.5
2023-03-27T00:00:00,False,2023-03-29,TARGET,61,822.92,347.84,475.08,True,0.2189,1496.25
2023-03-28T00:00:00,True,2023-03-29,EOD,75,428.75,350.94,77.81,True,-0.0285,2692.5
2023-03-29T00:00:00,False,2023-03-29,TARGET,49,879.07,343.41,535.66,True,0.3061,1525.0
2023-03-31T00:00:00,False,2023-04-06,EOD,75,262.5,342.82,-80.32,False,0.1016,593.75
2023-04-03T00:00:00,False,2023-04-06,TARGET,60,137.8,340.66,-202.86,False,-0.0133,265.0
2023-04-05T00:00:00,True,2023-04-06,TARGET,43,1091.24,348.71,742.53,True,0.2771,2107.5
2023-04-06T00:00:00,False,2023-04-06,TARGET,49,581.13,341.89,239.24,True,0.0437,1143.75
2023-04-10T00:00:00,False,2023-04-13,EOD,75,372.5,345.02,27.48,True,0.2036,1372.5
2023-04-11T00:00:00,True,2023-04-13,TARGET,72,720.7,344.34,376.36,True,0.2692,1432.5
2023-04-12T00:00:00,False,2023-04-13,TARGET,53,345.89,341.24,4.65,True,0.2245,686.25
2023-04-13T00:00:00,False,2023-04-13,TARGET,45,717.6,342.76,374.84,True,0.0538,1410.0
2023-04-17T00:00:00,True,2023-04-20,EOD,75,96.25,343.76,-247.51,False,-0.0092,1168.75
2023-04-18T00:00:00,False,2023-04-20,TARGET,54,851.77,346.45,505.32,True,-0.3464,1658.75
2023-04-19T00:00:00,False,2023-04-20,TARGET,69,465.86,341.78,124.08,True,-0.2238,927.5
2023-04-20T00:00:00,False,2023-04-20,TARGET,39,560.9,341.71,219.19,True,-0.1115,1101.25
2023-04-21T00:00:00,True,2023-04-27,EOD,75,167.5,344.28,-176.78,False,-0.2124,1217.5
2023-04-24T00:00:00,True,2023-04-27,EOD,75,-252.5,349.98,-602.48,False,-0.081,2223.75
2023-04-25T00:00:00,False,2023-04-27,EOD,75,142.5,341.34,-198.84,False,0.1646,583.75
2023-04-26T00:00:00,True,2023-04-27,TARGET,58,387.05,341.21,45.84,True,0.2332,760.0
2023-04-27T00:00:00,False,2023-04-27,TARGET,26,333.14,340.69,-7.55,False,0.3063,626.25
2023-04-28T00:00:00,False,2023-05-04,EOD,75,-90.0,351.79,-441.79,False,0.0406,2412.5
2023-05-02T00:00:00,False,2023-05-04,EOD,75,-315.0,341.17,-656.17,False,-0.2052,583.75
2023-05-03T00:00:00,True,2023-05-04,EOD,75,71.25,341.2,-269.95,False,-0.0768,688.75
2023-05-04T00:00:00,True,2023-05-04,TARGET,37,1370.43,348.48,1021.95,True,0.3569,2718.75
2023-05-05T00:00:00,False,2023-05-11,EOD,75,-602.5,351.21,-953.71,False,0.2201,2170.0
2023-05-08T00:00:00,False,2023-05-11,EOD,75,651.25,349.97,301.28,True,0.2425,1480.0
2023-05-09T00:00:00,False,2023-05-11,EOD,75,151.25,345.56,-194.31,False,-0.1705,1707.5
2023-05-10T00:00:00,True,2023-05-11,TARGET,71,300.86,341.11,-40.25,False,0.127,595.0
2023-05-11T00:00:00,True,2023-05-11,TARGET,31,865.33,343.62,521.71,True,-0.5009,1556.25
2023-05-12T00:00:00,True,2023-05-18,EOD,75,-45.0,351.64,-396.64,False,-0.0847,2175.0
2023-05-15T00:00:00,True,2023-05-18,EOD,75,453.75,346.95,106.8,True,0.0345,1685.0
2023-05-16T00:00:00,False,2023-05-18,EOD,75,648.75,347.39,301.36,True,-0.2006,2237.5
2023-05-17T00:00:00,False,2023-05-18,TARGET,64,560.26,341.73,218.53,True,-0.0672,983.75
2023-05-18T00:00:00,False,2023-05-18,TARGET,10,397.54,340.69,56.85,True,-0.3302,716.25
2023-05-19T00:00:00,False,2023-05-25,EOD,75,-697.5,352.82,-1050.32,False,0.0062,1973.75
2023-05-22T00:00:00,True,2023-05-25,TARGET,70,666.81,345.07,321.74,True,0.2128,1300.0
2023-05-23T00:00:00,False,2023-05-25,EOD,75,348.75,345.42,3.33,True,-0.0969,1775.0
2023-05-24T00:00:00,True,2023-05-25,TARGET,73,444.68,341.83,102.85,True,-0.0378,887.5
2023-05-25T00:00:00,True,2023-05-25,TARGET,66,668.25,342.73,325.52,True,0.3399,1225.0
2023-05-26T00:00:00,False,2023-06-01,TARGET,56,617.59,344.85,272.74,True,0.1943,1170.0
2023-05-29T00:00:00,False,2023-06-01,EOD,75,157.5,340.9,-183.4,False,-0.0152,517.5
2023-05-30T00:00:00,True,2023-06-01,EOD,75,168.75,340.67,-171.92,False,-0.0531,381.25
2023-05-31T00:00:00,False,2023-06-01,EOD,75,565.0,344.7,220.3,True,-0.1373,1696.25
2023-06-01T00:00:00,False,2023-06-01,TARGET,3,1115.1,343.72,771.38,True,-0.7083,1766.25
2023-06-02T00:00:00,False,2023-06-08,EOD,75,-216.25,344.6,-560.85,False,0.1708,626.25
2023-06-05T00:00:00,True,2023-06-08,EOD,75,131.25,341.56,-210.31,False,0.1706,598.75
2023-06-06T00:00:00,True,2023-06-08,EOD,75,550.0,346.84,203.16,True,-0.1019,2083.75
2023-06-07T00:00:00,True,2023-06-08,TARGET,64,274.88,340.65,-65.77,False,0.1981,532.5
2023-06-08T00:00:00,False,2023-06-08,TARGET,41,914.27,345.0,569.27,True,-0.4552,1812.5
2023-06-09T00:00:00,False,2023-06-15,EOD,75,-160.0,352.75,-512.75,False,0.0662,2585.0
2023-06-12T00:00:00,False,2023-06-15,EOD,75,132.5,347.32,-214.82,False,0.0731,1868.75
2023-06-13T00:00:00,True,2023-06-15,EOD,75,660.0,345.29,314.71,True,0.4179,1568.75
2023-06-14T00:00:00,True,2023-06-15,EOD,75,121.25,341.32,-220.07,False,0.169,607.5
2023-06-15T00:00:00,False,2023-06-15,TARGET,28,1016.3,344.01,672.29,True,-0.7016,1783.75
2023-06-16T00:00:00,False,2023-06-22,EOD,75,-450.0,347.97,-797.97,False,0.0112,1878.75
2023-06-19T00:00:00,False,2023-06-22,EOD,75,390.0,343.18,46.82,True,-0.0389,1086.25
2023-06-20T00:00:00,False,2023-06-22,EOD,75,392.5,341.94,50.56,True,0.1668,792.5
2023-06-21T00:00:00,True,2023-06-22,EOD,75,442.5,341.84,100.66,True,0.1891,897.5
2023-06-22T00:00:00,True,2023-06-22,TARGET,20,75.69,339.44,-263.75,False,0.0017,142.5
2023-06-23T00:00:00,True,2023-06-29,EOD,75,601.25,346.65,254.6,True,-0.178,1356.25
2023-06-26T00:00:00,False,2023-06-29,EOD,75,360.0,347.17,12.83,True,0.1129,2007.5
2023-06-27T00:00:00,True,2023-06-29,EOD,75,230.0,342.14,-112.14,False,0.1192,605.0
2023-06-28T00:00:00,False,2023-06-28,TARGET,32,631.72,342.48,289.24,True,0.2599,1250.0
2023-06-30T00:00:00,False,2023-07-06,TARGET,71,466.06,344.92,121.14,True,0.1595,916.25
2023-07-03T00:00:00,False,2023-07-06,TARGET,74,1226.08,349.89,876.19,True,0.1713,2441.25
2023-07-04T00:00:00,False,2023-07-06,EOD,75,-31.25,346.31,-377.56,False,-0.2047,1512.5
2023-07-05T00:00:00,True,2023-07-06,EOD,75,153.75,342.04,-188.29,False,0.0064,777.5
2023-07-06T00:00:00,False,2023-07-06,TARGET,31,650.55,343.03,307.52,True,0.2674,1300.0
2023-07-07T00:00:00,False,2023-07-13,EOD,75,-833.75,356.0,-1189.75,False,-0.0248,1888.75
2023-07-10T00:00:00,False,2023-07-13,EOD,75,65.0,349.28,-284.28,False,0.036,2106.25
2023-07-11T00:00:00,True,2023-07-13,EOD,75,470.0,346.49,123.51,True,0.0231,1841.25
2023-07-12T00:00:00,False,2023-07-13,EOD,75,452.5,342.36,110.14,True,-0.2892,1063.75
2023-07-13T00:00:00,False,2023-07-13,TARGET,36,279.35,340.78,-61.43,False,0.0785,548.75
2023-07-14T00:00:00,False,2023-07-20,EOD,75,338.75,346.62,-7.87,False,0.2122,1196.25
2023-07-17T00:00:00,False,2023-07-20,TARGET,72,671.14,345.61,325.53,True,0.2152,1278.75
2023-07-18T00:00:00,False,2023-07-20,EOD,75,-122.5,341.79,-464.29,False,0.0376,342.5
2023-07-19T00:00:00,True,2023-07-20,EOD,75,740.0,345.16,394.84,True,0.2114,1520.0
2023-07-20T00:00:00,True,2023-07-20,TARGET,44,1016.41,345.08,671.33,True,0.4036,1962.5
2023-07-21T00:00:00,False,2023-07-27,TARGET,69,752.55,347.61,404.94,True,-0.1489,1440.0
2023-07-24T00:00:00,False,2023-07-27,TARGET,73,800.93,348.11,452.82,True,-0.1671,1580.0
2023-07-25T00:00:00,False,2023-07-27,EOD,75,162.5,343.52,-181.02,False,-0.1193,948.75
2023-07-26T00:00:00,False,2023-07-27,TARGET,62,544.84,343.48,201.36,True,0.219,1053.75
2023-07-27T00:00:00,False,2023-07-27,TARGET,25,1106.23,347.78,758.45,True,-0.4545,2192.5
2023-07-28T00:00:00,False,2023-08-03,EOD,75,90.0,349.6,-259.6,False,0.0698,1816.25
2023-07-31T00:00:00,True,2023-08-03,EOD,75,440.0,346.87,93.13,True,0.0436,1921.25
2023-08-01T00:00:00,False,2023-08-03,EOD,75,436.25,344.58,91.67,True,-0.1794,1546.25
2023-08-02T00:00:00,True,2023-08-03,EOD,75,-72.5,341.72,-414.22,False,-0.0493,941.25
2023-08-03T00:00:00,False,2023-08-03,TARGET,39,1020.27,346.36,673.91,True,-0.2972,1842.5
2023-08-04T00:00:00,False,2023-08-10,EOD,75,86.25,348.77,-262.52,False,0.0288,1687.5
2023-08-07T00:00:00,False,2023-08-10,EOD,75,462.5,344.02,118.48,True,0.1837,1055.0
2023-08-08T00:00:00,False,2023-08-10,EOD,75,500.0,347.32,152.68,True,-0.1729,2145.0
2023-08-09T00:00:00,False,2023-08-10,TARGET,70,451.21,341.76,109.45,True,0.1836,783.75
2023-08-10T00:00:00,False,2023-08-10,TARGET,36,1267.78,346.51,921.27,True,-0.255,2390.0
2023-08-11T00:00:00,True,2023-08-17,EOD,75,193.75,348.16,-154.41,False,-0.0734,1741.25
2023-08-14T00:00:00,False,2023-08-17,EOD,75,752.5,346.67,405.83,True,0.1913,1906.25
2023-08-16T00:00:00,True,2023-08-17,TARGET,49,464.75,341.86,122.89,True,0.1593,915.0
2023-08-17T00:00:00,False,2023-08-17,TARGET,28,1013.67,344.67,669.0,True,-0.3138,1997.5
2023-08-18T00:00:00,True,2023-08-24,EOD,75,212.5,352.66,-140.16,False,0.0454,2270.0
2023-08-21T00:00:00,True,2023-08-24,EOD,75,315.0,348.63,-33.63,False,0.0045,2192.5
2023-08-22T00:00:00,False,2023-08-24,EOD,75,138.75,345.19,-206.44,False,-0.2,1676.25
2023-08-23T00:00:00,True,2023-08-24,EOD,75,338.75,341.54,-2.79,False,-0.0327,918.75
2023-08-24T00:00:00,True,2023-08-24,TARGET,39,1099.69,346.54,753.15,True,-0.5385,2171.25
2023-08-25T00:00:00,False,2023-08-31,EOD,75,52.5,342.15,-289.65,False,-0.052,677.5
2023-08-28T00:00:00,False,2023-08-31,EOD,75,508.75,349.22,159.53,True,0.0963,1853.75
2023-08-29T00:00:00,True,2023-08-31,EOD,75,147.5,343.52,-196.02,False,0.0647,1057.5
2023-08-30T00:00:00,True,2023-08-31,EOD,75,43.75,340.88,-297.13,False,-0.0854,620.0
2023-08-31T00:00:00,False,2023-08-31,TARGET,3,986.12,343.52,642.6,True,-0.6994,1697.5
2023-09-01T00:00:00,False,2023-09-07,EOD,75,566.25,347.33,218.92,True,0.215,1575.0
2023-09-04T00:00:00,False,2023-09-07,EOD,75,292.5,343.29,-50.79,False,0.0548,852.5
2023-09-05T00:00:00,True,2023-09-07,EOD,75,315.0,344.62,-29.62,False,-0.0992,1585.0
2023-09-06T00:00:00,True,2023-09-07,TARGET,70,358.01,341.03,16.98,True,0.0535,623.75
2023-09-07T00:00:00,True,2023-09-07,TARGET,58,1409.37,346.03,1063.34,True,0.4947,2423.75
2023-09-08T00:00:00,False,2023-09-14,EOD,75,87.5,342.97,-255.47,False,0.0506,870.0
2023-09-11T00:00:00,False,2023-09-14,EOD,75,247.5,348.2,-100.7,False,0.0659,2162.5
2023-09-12T00:00:00,False,2023-09-14,EOD,75,727.5,345.34,382.16,True,-0.2602,1811.25
2023-09-13T00:00:00,False,2023-09-14,EOD,75,100.0,343.27,-243.27,False,0.0051,1116.25
2023-09-14T00:00:00,False,2023-09-14,TARGET,31,811.64,343.65,467.99,True,-0.3029,1616.25
2023-09-15T00:00:00,True,2023-09-21,EOD,75,-16.25,350.71,-366.96,False,-0.0089,2208.75
2023-09-18T00:00:00,True,2023-09-21,EOD,75,500.0,349.12,150.88,True,-0.0001,2212.5
2023-09-20T00:00:00,True,2023-09-21,EOD,75,381.25,347.28,33.97,True,-0.0603,1688.75
2023-09-21T00:00:00,False,2023-09-21,TARGET,35,1173.34,348.0,825.34,True,-0.2154,2337.5
2023-09-22T00:00:00,False,2023-09-28,EOD,75,506.25,346.3,159.95,True,-0.1874,1403.75
2023-09-25T00:00:00,True,2023-09-28,EOD,75,121.25,342.87,-221.62,False,-0.1583,786.25
2023-09-26T00:00:00,True,2023-09-28,EOD,75,232.5,341.25,-108.75,False,-0.1732,596.25
2023-09-27T00:00:00,True,2023-09-28,EOD,75,243.75,341.84,-98.09,False,0.1569,782.5
2023-09-28T00:00:00,False,2023-09-28,TARGET,35,1426.11,352.83,1073.28,True,-0.1359,2832.5
2023-09-29T00:00:00,False,2023-10-05,EOD,75,1055.0,351.99,703.01,True,0.0898,2520.0
2023-10-03T00:00:00,True,2023-10-05,EOD,75,-325.0,344.82,-669.82,False,-0.0797,895.0
2023-10-04T00:00:00,False,2023-10-05,EOD,75,17.5,342.26,-324.76,False,0.1372,816.25
2023-10-05T00:00:00,True,2023-10-05,TARGET,39,656.9,344.07,312.83,True,0.0798,1282.5
2023-10-06T00:00:00,True,2023-10-12,EOD,75,307.5,343.58,-36.08,False,0.1161,867.5
2023-10-09T00:00:00,False,2023-10-12,EOD,75,-362.5,344.53,-707.03,False,0.1105,882.5
2023-10-10T00:00:00,False,2023-10-12,TARGET,61,592.33,347.59,244.74,True,0.2257,1153.75
2023-10-11T00:00:00,False,2023-10-12,TARGET,47,272.54,341.4,-68.86,False,0.0826,543.75
2023-10-12T00:00:00,False,2023-10-12,TARGET,41,1075.75,344.59,731.16,True,-0.1518,2148.75
2023-10-13T00:00:00,True,2023-10-19,EOD,75,430.0,353.7,76.3,True,0.0923,2650.0
2023-10-16T00:00:00,True,2023-10-19,EOD,75,-108.75,349.58,-458.33,False,-0.031,1955.0
2023-10-17T00:00:00,True,2023-10-19,EOD,75,215.0,342.96,-127.96,False,-0.0362,842.5
2023-10-18T00:00:00,True,2023-10-19,TARGET,66,772.87,344.43,428.44,True,-0.2715,1522.5
2023-10-19T00:00:00,False,2023-10-19,TARGET,27,1349.3,343.16,1006.14,True,0.5931,1511.25
2023-10-20T00:00:00,True,2023-10-26,EOD,75,80.0,340.09,-260.09,False,-0.0009,182.5
2023-10-23T00:00:00,True,2023-10-26,TARGET,68,389.54,343.12,46.42,True,-0.1744,756.25
2023-10-25T00:00:00,False,2023-10-26,STOP,44,-273.38,340.68,-614.06,False,-0.0279,157.5
2023-10-26T00:00:00,False,2023-10-26,TARGET,21,1514.84,349.58,1165.26,True,-0.2983,2667.5
2023-10-27T00:00:00,False,2023-11-02,EOD,75,712.5,359.06,353.44,True,0.0276,2612.5
2023-10-30T00:00:00,False,2023-11-02,TARGET,70,593.43,345.38,248.05,True,0.1568,1167.5
2023-10-31T00:00:00,False,2023-11-02,EOD,75,568.75,348.06,220.69,True,-0.2252,1838.75
2023-11-01T00:00:00,False,2023-11-02,TARGET,62,732.84,344.6,388.24,True,-0.1854,1465.0
2023-11-02T00:00:00,False,2023-11-02,TARGET,36,876.6,345.14,531.46,True,-0.0825,1738.75
2023-11-03T00:00:00,True,2023-11-09,EOD,75,-262.5,351.12,-613.62,False,-0.0123,1888.75
2023-11-06T00:00:00,True,2023-11-09,EOD,75,-87.5,344.63,-432.13,False,0.0547,1121.25
2023-11-07T00:00:00,False,2023-11-09,EOD,75,61.25,342.96,-281.71,False,-0.0449,983.75
2023-11-08T00:00:00,True,2023-11-09,EOD,75,516.25,342.39,173.86,True,-0.1943,1086.25
2023-11-09T00:00:00,True,2023-11-09,TARGET,45,904.65,343.73,560.92,True,-0.4699,1785.0
2023-11-10T00:00:00,True,2023-11-16,EOD,75,-88.75,350.94,-439.69,False,0.1348,1955.0
2023-11-13T00:00:00,False,2023-11-16,EOD,75,333.75,346.66,-12.91,False,-0.0635,1895.0
2023-11-15T00:00:00,True,2023-11-16,EOD,75,263.75,342.61,-78.86,False,0.0912,751.25
2023-11-16T00:00:00,True,2023-11-16,TARGET,22,718.71,341.87,376.84,True,0.4617,1200.0
2023-11-17T00:00:00,False,2023-11-23,EOD,75,33.75,349.23,-315.48,False,0.1399,1777.5
2023-11-20T00:00:00,False,2023-11-23,EOD,75,385.0,345.31,39.69,True,-0.1872,1231.25
2023-11-21T00:00:00,True,2023-11-23,EOD,75,42.5,347.26,-304.76,False,-0.0472,1717.5
2023-11-22T00:00:00,True,2023-11-23,EOD,75,835.0,344.48,490.52,True,0.2061,1732.5
2023-11-23T00:00:00,True,2023-11-23,TARGET,40,1025.0,344.12,680.88,True,-0.176,1976.25
2023-11-24T00:00:00,True,2023-11-30,EOD,75,291.25,349.09,-57.84,False,0.0434,2220.0
2023-11-28T00:00:00,True,2023-11-30,EOD,75,265.0,344.22,-79.22,False,0.0857,1298.75
2023-11-29T00:00:00,True,2023-11-30,EOD,75,483.75,343.36,140.39,True,0.3255,1050.0
2023-11-30T00:00:00,False,2023-11-30,TARGET,39,599.21,342.11,257.1,True,-0.1103,1165.0
2023-12-01T00:00:00,True,2023-12-07,EOD,75,37.5,343.5,-306.0,False,0.0939,457.5
2023-12-04T00:00:00,False,2023-12-07,EOD,75,87.5,344.66,-257.16,False,0.0954,795.0
2023-12-05T00:00:00,False,2023-12-07,EOD,75,131.25,346.03,-214.78,False,0.0183,1050.0
2023-12-06T00:00:00,False,2023-12-07,EOD,75.0,176.25,346.01,-169.76,False,-0.0724,1166.25
2023-12-07T00:00:00,True,2023-12-07,TARGET,40.0,1148.99,346.4,802.59,True,-0.0577,2282.5
2023-12-08T00:00:00,True,2023-12-14,EOD,75.0,-115.0,348.6,-463.6,False,-0.1518,1365.0
2023-12-11T00:00:00,True,2023-12-14,EOD,75.0,-11.25,353.07,-364.32,False,-0.0081,2205.0
2023-12-12T00:00:00,True,2023-12-14,EOD,75.0,72.5,349.84,-277.34,False,-0.0485,2065.0
2023-12-13T00:00:00,False,2023-12-14,TARGET,14.0,615.06,343.18,271.88,True,-0.2169,1091.25
2023-12-14T00:00:00,True,2023-12-14,TARGET,30.0,1000.77,345.33,655.44,True,0.298,1995.0
2023-12-15T00:00:00,False,2023-12-21,EOD,75.0,410.0,346.93,63.07,True,0.2124,1073.75
2023-12-18T00:00:00,False,2023-12-21,EOD,75.0,455.0,353.21,101.79,True,-0.0434,2200.0
2023-12-19T00:00:00,True,2023-12-21,EOD,75.0,432.5,349.52,82.98,True,-0.0792,2126.25
2023-12-20T00:00:00,True,2023-12-21,TARGET,47.0,696.01,344.25,351.76,True,-0.3859,1055.0
2023-12-21T00:00:00,False,2023-12-21,TARGET,22.0,1017.37,354.16,663.21,True,0.3323,1828.75
2023-12-22T00:00:00,False,2023-12-28,EOD,75.0,106.25,342.54,-236.29,False,0.0597,426.25
2023-12-26T00:00:00,True,2023-12-28,EOD,75.0,336.25,345.3,-9.05,False,0.1464,808.75
2023-12-27T00:00:00,False,2023-12-28,TARGET,27.0,405.94,344.59,61.35,True,0.2387,797.5
2023-12-28T00:00:00,False,2023-12-28,TARGET,52.0,1045.41,346.66,698.75,True,0.0383,2055.0
2023-12-29T00:00:00,True,2024-01-04,EOD,75.0,338.75,350.78,-12.03,False,-0.0115,1527.5
2024-01-01T00:00:00,True,2024-01-04,EOD,75.0,571.25,351.13,220.12,True,0.0749,2065.0
2024-01-02T00:00:00,True,2024-01-04,TARGET,17.0,1034.15,346.8,687.35,True,-0.2035,1781.25
2024-01-03T00:00:00,False,2024-01-04,EOD,75.0,-243.75,342.25,-586.0,False,0.1166,816.25
2024-01-04T00:00:00,False,2024-01-04,TARGET,41.0,1300.24,348.45,951.79,True,0.0117,2595.0
2024-01-05T00:00:00,False,2024-01-11,EOD,75.0,18.75,339.56,-320.81,False,0.0078,67.5
2024-01-08T00:00:00,True,2024-01-11,TARGET,32.0,887.26,348.93,538.33,True,-0.233,1726.25
2024-01-09T00:00:00,False,2024-01-11,TARGET,66.0,622.81,344.02,278.79,True,-0.2359,1200.0
2024-01-10T00:00:00,False,2024-01-11,TARGET,69.0,549.02,344.44,204.58,True,0.1652,1070.0
2024-01-11T00:00:00,False,2024-01-11,TARGET,36.0,1105.99,344.61,761.38,True,-0.2824,2087.5
2024-01-12T00:00:00,False,2024-01-18,TARGET,56.0,909.54,350.81,558.73,True,0.143,1805.0
2024-01-15T00:00:00,False,2024-01-18,NOLEG,,,,0.0,,,
2024-01-16T00:00:00,False,2024-01-18,EOD,75.0,-255.0,344.85,-599.85,False,0.1306,881.25
2024-01-17T00:00:00,False,2024-01-18,TARGET,62.0,551.23,344.24,206.99,True,-0.1369,1061.25
2024-01-18T00:00:00,False,2024-01-18,TARGET,39.0,873.66,347.46,526.2,True,0.1518,1660.0
2024-01-19T00:00:00,False,2024-01-25,EOD,75.0,-3.75,339.89,-343.64,False,-0.0113,68.75
2024-01-23T00:00:00,True,2024-01-25,TARGET,14.0,244.55,341.32,-96.77,False,-0.1087,378.75
2024-01-24T00:00:00,False,2024-01-25,TARGET,9.0,387.73,342.96,44.77,True,0.1191,731.25
2024-01-25T00:00:00,False,2024-01-25,TARGET,20.0,1154.05,354.55,799.5,True,-0.2268,2125.0
2024-01-29T00:00:00,False,2024-02-01,TARGET,58.0,958.08,359.7,598.38,True,0.1241,1847.5
2024-01-30T00:00:00,False,2024-02-01,EOD,75.0,-61.25,340.5,-401.75,False,0.0063,185.0
2024-01-31T00:00:00,False,2024-02-01,TARGET,28.0,794.76,350.0,444.76,True,0.1785,1358.75
2024-02-01T00:00:00,False,2024-02-01,TARGET,40.0,1408.11,358.33,1049.78,True,-0.0743,2780.0
2024-02-02T00:00:00,True,2024-02-08,NOSIM,,,,0.0,,,
2024-02-05T00:00:00,False,2024-02-08,EOD,75.0,457.5,347.73,109.77,True,-0.146,1178.75
2024-02-06T00:00:00,False,2024-02-08,TARGET,63.0,59.23,339.56,-280.33,False,-0.0002,117.5
2024-02-07T00:00:00,False,2024-02-08,EOD,75.0,-130.0,345.13,-475.13,False,0.0165,872.5
2024-02-08T00:00:00,False,2024-02-08,TARGET,22.0,2441.95,360.95,2081.0,True,-0.1803,3292.5
2024-02-09T00:00:00,False,2024-02-15,EOD,75.0,845.0,353.38,491.62,True,-0.006,2307.5
2024-02-12T00:00:00,True,2024-02-15,TARGET,69.0,534.17,345.06,189.11,True,-0.1127,1040.0
2024-02-13T00:00:00,False,2024-02-15,EOD,75.0,42.5,341.51,-299.01,False,-0.0628,530.0
2024-02-14T00:00:00,False,2024-02-15,TARGET,52.0,155.37,339.86,-184.49,False,-0.0298,276.25
2024-02-15T00:00:00,False,2024-02-15,TARGET,42.0,1055.17,346.52,708.65,True,-0.0087,2086.25
2024-02-16T00:00:00,True,2024-02-22,EOD,75.0,-17.5,339.48,-356.98,False,0.0021,33.75
2024-02-19T00:00:00,True,2024-02-22,EOD,75.0,288.75,349.37,-60.62,False,0.1246,1231.25
2024-02-20T00:00:00,True,2024-02-22,EOD,75.0,527.5,346.89,180.61,True,0.1473,1121.25
2024-02-21T00:00:00,False,2024-02-22,TARGET,18.0,151.55,340.06,-188.51,False,-0.0818,278.75
2024-02-22T00:00:00,False,2024-02-22,TARGET,49.0,1725.52,356.55,1368.97,True,0.0762,3401.25
2024-02-23T00:00:00,False,2024-02-29,EOD,75.0,7.5,339.68,-332.18,False,-0.0118,56.25
2024-02-26T00:00:00,False,2024-02-29,TARGET,75.0,21.25,339.31,-318.06,False,-0.0061,42.5
2024-02-27T00:00:00,True,2024-02-29,TARGET,53.0,42.08,339.44,-297.36,False,0.0154,83.75
2024-02-28T00:00:00,False,2024-02-29,TARGET,22.0,903.04,346.96,556.08,True,-0.235,1540.0
2024-02-29T00:00:00,False,2024-02-29,TARGET,55.0,1271.37,352.58,918.79,True,0.0377,2535.0
2024-03-01T00:00:00,False,2024-03-07,TARGET,6.0,264.67,347.26,-82.59,False,0.1379,495.0
2024-03-04T00:00:00,False,2024-03-07,EOD,75.0,58.75,344.9,-286.15,False,0.0873,731.25
2024-03-05T00:00:00,True,2024-03-07,EOD,75.0,122.5,344.24,-221.74,False,0.1096,715.0
2024-03-06T00:00:00,False,2024-03-07,TARGET,57.0,122.01,340.4,-218.39,False,0.0583,236.25
2024-03-07T00:00:00,False,2024-03-07,TARGET,39.0,895.44,345.77,549.67,True,-0.141,1732.5
2024-03-11T00:00:00,True,2024-03-14,TARGET,23.0,44.33,339.57,-295.24,False,-0.0239,87.5
2024-03-12T00:00:00,False,2024-03-14,EOD,75.0,103.75,344.42,-240.67,False,-0.0876,1120.0
2024-03-13T00:00:00,True,2024-03-14,TARGET,5.0,608.05,343.47,264.58,True,-0.2329,1088.75
2024-03-14T00:00:00,False,2024-03-14,TARGET,38.0,1630.75,354.54,1276.21,True,0.0547,3230.0
2024-03-15T00:00:00,False,2024-03-21,EOD,75.0,-5.0,339.29,-344.29,False,-0.0024,25.0
2024-03-18T00:00:00,True,2024-03-21,TARGET,71.0,17.64,339.19,-321.55,False,0.0011,33.75
2024-03-19T00:00:00,True,2024-03-21,TARGET,57.0,1087.51,349.2,738.31,True,-0.1838,2086.25
2024-03-20T00:00:00,False,2024-03-21,EOD,75.0,287.5,343.02,-55.52,False,-0.0981,783.75
2024-03-21T00:00:00,True,2024-03-21,TARGET,40.0,1043.41,346.91,696.5,True,0.0226,2045.0
2024-03-22T00:00:00,True,2024-03-28,TARGET,13.0,720.08,348.01,372.07,True,0.2946,1182.5
2024-03-26T00:00:00,False,2024-03-28,EOD,75.0,291.25,347.17,-55.92,False,0.2631,1160.0
2024-03-27T00:00:00,False,2024-03-28,TARGET,57.0,383.57,343.69,39.88,True,0.1257,752.5
2024-03-28T00:00:00,False,2024-03-28,TARGET,6.0,1522.96,347.53,1175.43,True,0.5475,2098.75
2024-04-01T00:00:00,False,2024-04-04,EOD,75.0,-133.75,352.34,-486.09,False,-0.0865,1911.25
2024-04-02T00:00:00,False,2024-04-04,TARGET,73.0,85.45,339.78,-254.33,False,0.018,160.0
2024-04-03T00:00:00,True,2024-04-04,EOD,75.0,43.75,342.17,-298.42,False,-0.1517,723.75
2024-04-04T00:00:00,False,2024-04-04,STOP,8.0,-1399.25,341.49,-1740.74,False,0.0325,585.0
2024-04-05T00:00:00,True,2024-04-10,EOD,75.0,31.25,349.75,-318.5,False,0.1539,1340.0
2024-04-08T00:00:00,True,2024-04-10,EOD,75.0,352.5,346.0,6.5,True,0.1247,928.75
2024-04-09T00:00:00,False,2024-04-10,EOD,75.0,202.5,341.27,-138.77,False,0.0385,551.25
2024-04-10T00:00:00,False,2024-04-10,TARGET,41.0,822.35,344.21,478.14,True,-0.0294,1642.5
2024-04-12T00:00:00,True,2024-04-18,EOD,75.0,897.5,352.06,545.44,True,-0.1291,2098.75
2024-04-15T00:00:00,False,2024-04-18,EOD,75.0,-153.75,342.33,-496.08,False,-0.0099,290.0
2024-04-16T00:00:00,False,2024-04-18,EOD,75.0,-2.5,343.63,-346.13,False,0.1022,522.5
2024-04-18T00:00:00,True,2024-04-18,TARGET,51.0,1628.9,357.7,1271.2,True,-0.1876,3235.0
2024-04-19T00:00:00,False,2024-04-25,EOD,75.0,-407.5,356.88,-764.38,False,0.2561,527.5
2024-04-22T00:00:00,False,2024-04-25,TARGET,74.0,314.59,344.22,-29.63,False,0.0743,618.75
2024-04-23T00:00:00,False,2024-04-25,EOD,75.0,-43.75,340.56,-384.31,False,0.021,87.5
2024-04-24T00:00:00,False,2024-04-25,EOD,75.0,216.25,342.22,-125.97,False,-0.2003,761.25
2024-04-25T00:00:00,True,2024-04-25,TARGET,41.0,1949.86,359.44,1590.42,True,-0.033,3883.75
2024-04-26T00:00:00,False,2024-05-02,STOP,49.0,-11.4,339.56,-350.96,False,0.0002,7.5
2024-04-29T00:00:00,False,2024-05-02,TARGET,57.0,786.67,349.86,436.81,True,0.1681,1558.75
2024-04-30T00:00:00,False,2024-05-02,TARGET,72.0,61.79,339.78,-277.99,False,-0.0354,121.25
2024-05-02T00:00:00,True,2024-05-02,TARGET,13.0,1371.18,348.6,1022.58,True,0.3854,2690.0
2024-05-03T00:00:00,False,2024-05-09,EOD,75.0,235.0,350.09,-115.09,False,-0.1235,1010.0
2024-05-06T00:00:00,False,2024-05-09,EOD,75.0,93.75,341.36,-247.61,False,-0.0346,373.75
2024-05-07T00:00:00,False,2024-05-09,EOD,75.0,-47.5,340.29,-387.79,False,-0.0058,281.25
2024-05-08T00:00:00,False,2024-05-09,TARGET,44.0,193.2,340.67,-147.47,False,0.0736,383.75
2024-05-09T00:00:00,True,2024-05-09,TARGET,43.0,1824.81,362.28,1462.53,True,-0.0958,3368.75
2024-05-10T00:00:00,False,2024-05-16,EOD,75.0,-10.0,339.91,-349.91,False,0.0014,38.75
2024-05-13T00:00:00,True,2024-05-16,EOD,75.0,17.5,339.32,-321.82,False,0.0029,43.75
2024-05-14T00:00:00,False,2024-05-16,TARGET,51.0,421.18,344.04,77.14,True,0.1543,817.5
2024-05-15T00:00:00,False,2024-05-16,EOD,75.0,263.75,341.41,-77.66,False,-0.0113,577.5
2024-05-16T00:00:00,True,2024-05-16,TARGET,65.0,1547.28,350.69,1196.59,True,0.1172,2756.25
2024-05-17T00:00:00,False,2024-05-23,EOD,75.0,70.0,340.33,-270.33,False,-0.0283,180.0
2024-05-21T00:00:00,True,2024-05-23,TARGET,33.0,724.19,349.46,374.73,True,0.3165,1417.5
2024-05-22T00:00:00,False,2024-05-23,TARGET,48.0,67.24,339.56,-272.32,False,0.0045,132.5
2024-05-23T00:00:00,True,2024-05-23,TARGET,45.0,1761.83,368.25,1393.58,True,0.1317,3308.75
2024-05-24T00:00:00,False,2024-05-30,EOD,75.0,383.75,354.56,29.19,True,0.1626,1777.5
2024-05-27T00:00:00,True,2024-05-30,EOD,75.0,-355.0,349.82,-704.82,False,0.1489,1201.25
2024-05-28T00:00:00,False,2024-05-30,EOD,75.0,18.75,340.46,-321.71,False,0.0387,198.75
2024-05-29T00:00:00,False,2024-05-30,TARGET,45.0,31.66,339.27,-307.61,False,-0.0049,60.0
2024-05-30T00:00:00,False,2024-05-30,TARGET,49.0,1246.86,354.96,891.9,True,-0.0487,2462.5
2024-05-31T00:00:00,False,2024-06-06,NOLEG,,,,0.0,,,
2024-06-03T00:00:00,True,2024-06-06,NOLEG,,,,0.0,,,
2024-06-04T00:00:00,False,2024-06-06,NOLEG,,,,0.0,,,
2024-06-05T00:00:00,False,2024-06-06,NOLEG,,,,0.0,,,
2024-06-06T00:00:00,False,2024-06-06,TARGET,21.0,1111.06,360.92,750.14,True,0.1917,2082.5
2024-06-07T00:00:00,False,2024-06-13,TARGET,9.0,402.92,371.89,31.03,True,0.1419,803.75
2024-06-10T00:00:00,False,2024-06-13,EOD,75.0,-218.75,349.61,-568.36,False,0.0564,732.5
2024-06-11T00:00:00,True,2024-06-13,TARGET,68.0,83.04,340.48,-257.44,False,-0.0125,162.5
2024-06-12T00:00:00,True,2024-06-13,TARGET,18.0,170.19,340.98,-170.79,False,0.065,331.25
2024-06-13T00:00:00,True,2024-06-13,TARGET,25.0,1353.18,349.98,1003.2,True,-0.2953,2625.0
2024-06-14T00:00:00,False,2024-06-20,EOD,75.0,127.5,350.74,-223.24,False,0.1095,1220.0
2024-06-18T00:00:00,True,2024-06-20,TARGET,53.0,129.56,340.08,-210.52,False,-0.0105,256.25
2024-06-19T00:00:00,True,2024-06-20,STOP,17.0,-100.76,339.29,-440.05,False,-0.005,63.75
2024-06-20T00:00:00,False,2024-06-20,TARGET,38.0,948.56,347.59,600.97,True,-0.0812,1882.5
2024-06-21T00:00:00,True,2024-06-27,EOD,75.0,223.75,341.62,-117.87,False,-0.0601,567.5
2024-06-24T00:00:00,False,2024-06-27,EOD,75.0,187.5,341.15,-153.65,False,0.0474,427.5
2024-06-25T00:00:00,False,2024-06-27,EOD,75.0,-80.0,340.17,-420.17,False,-0.0098,235.0
2024-06-26T00:00:00,False,2024-06-27,STOP,37.0,-295.37,340.19,-635.56,False,-0.0436,196.25
2024-06-27T00:00:00,False,2024-06-27,TARGET,39.0,1471.84,354.02,1117.82,True,0.0846,2891.25
2024-06-28T00:00:00,False,2024-07-04,EOD,75.0,23.75,339.94,-316.19,False,0.0042,76.25
2024-07-01T00:00:00,True,2024-07-04,TARGET,70.0,741.89,349.63,392.26,True,0.1812,1475.0
2024-07-02T00:00:00,False,2024-07-04,EOD,75.0,61.25,343.91,-282.66,False,0.1092,756.25
2024-07-03T00:00:00,True,2024-07-04,EOD,75.0,52.5,340.62,-288.12,False,0.0546,206.25
2024-07-04T00:00:00,True,2024-07-04,TARGET,40.0,924.95,346.76,578.19,True,-0.1798,1821.25
2024-07-05T00:00:00,False,2024-07-11,EOD,75.0,296.25,343.39,-47.14,False,0.1024,680.0
2024-07-08T00:00:00,False,2024-07-11,EOD,75.0,73.75,341.16,-267.41,False,0.0613,346.25
2024-07-09T00:00:00,True,2024-07-11,TARGET,45.0,144.5,340.1,-195.6,False,0.0692,273.75
2024-07-10T00:00:00,False,2024-07-11,TARGET,11.0,724.25,342.93,381.32,True,-0.2851,1212.5
2024-07-11T00:00:00,False,2024-07-11,TARGET,30.0,940.8,345.81,594.99,True,-0.2531,1842.5
2024-07-12T00:00:00,True,2024-07-18,EOD,75.0,-21.25,340.53,-361.78,False,0.0221,193.75
2024-07-15T00:00:00,False,2024-07-18,EOD,75.0,95.0,346.38,-251.38,False,0.1159,941.25
2024-07-16T00:00:00,True,2024-07-18,TARGET,59.0,62.16,339.48,-277.32,False,-0.0216,107.5
2024-07-18T00:00:00,True,2024-07-18,TARGET,45.0,1314.49,355.21,959.28,True,0.0078,2608.75
2024-07-19T00:00:00,False,2024-07-25,EOD,75.0,100.0,341.77,-241.77,False,-0.0404,350.0
2024-07-22T00:00:00,False,2024-07-25,EOD,75.0,503.75,346.45,157.3,True,0.0731,1058.75
2024-07-23T00:00:00,True,2024-07-25,TARGET,56.0,476.77,349.48,127.29,True,-0.0245,946.25
2024-07-24T00:00:00,True,2024-07-25,TARGET,66.0,101.2,340.44,-239.24,False,0.0126,196.25
2024-07-25T00:00:00,True,2024-07-25,TARGET,31.0,1187.46,352.62,834.84,True,0.3026,2187.5
2024-07-26T00:00:00,False,2024-08-01,NOLEG,,,,0.0,,,
2024-07-29T00:00:00,False,2024-08-01,TARGET,52.0,110.59,339.98,-229.39,False,-0.016,217.5
2024-07-30T00:00:00,False,2024-08-01,EOD,75.0,20.0,339.45,-319.45,False,-0.0025,46.25
2024-07-31T00:00:00,True,2024-08-01,TARGET,75.0,88.75,339.9,-251.15,False,0.0416,170.0
2024-08-01T00:00:00,False,2024-08-01,TARGET,39.0,1035.96,348.38,687.58,True,-0.0804,2050.0
2024-08-02T00:00:00,True,2024-08-08,TARGET,53.0,120.15,339.89,-219.74,False,0.0297,200.0
2024-08-05T00:00:00,False,2024-08-08,STOP,19.0,-353.07,344.93,-698.0,False,0.0551,222.5
2024-08-06T00:00:00,False,2024-08-08,NOLEG,,,,0.0,,,
2024-08-07T00:00:00,False,2024-08-08,TARGET,73.0,190.58,343.37,-152.79,False,0.0697,370.0
2024-08-08T00:00:00,False,2024-08-08,TARGET,45.0,1073.2,353.26,719.94,True,-0.1235,1951.25
2024-08-09T00:00:00,False,2024-08-14,EOD,75.0,-50.0,340.32,-390.32,False,-0.0156,48.75
2024-08-12T00:00:00,True,2024-08-14,TARGET,69.0,60.69,340.13,-279.44,False,-0.0018,118.75
2024-08-13T00:00:00,True,2024-08-14,TARGET,26.0,12.85,339.33,-326.48,False,-0.0014,25.0
2024-08-14T00:00:00,False,2024-08-14,TARGET,40.0,1491.58,350.74,1140.84,True,-0.0469,2975.0
2024-08-16T00:00:00,True,2024-08-22,STOP,45.0,-58.0,339.86,-397.86,False,0.0019,41.25
2024-08-19T00:00:00,False,2024-08-22,TARGET,66.0,180.13,340.92,-160.79,False,-0.0206,358.75
2024-08-20T00:00:00,True,2024-08-22,TARGET,56.0,240.88,341.06,-100.18,False,0.0431,481.25
2024-08-21T00:00:00,False,2024-08-22,TARGET,58.0,251.28,341.2,-89.92,False,0.0807,478.75
2024-08-22T00:00:00,False,2024-08-22,TARGET,40.0,1091.24,346.12,745.12,True,-0.442,2170.0
2024-08-23T00:00:00,True,2024-08-29,STOP,1.0,-7.11,339.66,-346.77,False,0.0057,3.75
2024-08-26T00:00:00,True,2024-08-29,TARGET,6.0,2.51,339.46,-336.95,False,0.0034,5.0
2024-08-27T00:00:00,False,2024-08-29,EOD,75.0,212.5,354.93,-142.43,False,-0.027,2855.0
2024-08-28T00:00:00,True,2024-08-29,TARGET,50.0,628.02,344.52,283.5,True,0.2272,1215.0
2024-08-29T00:00:00,True,2024-08-29,TARGET,38.0,714.53,345.47,369.06,True,0.3526,1405.0
2024-08-30T00:00:00,False,2024-09-05,EOD,75.0,-140.0,343.3,-483.3,False,0.0707,277.5
2024-09-02T00:00:00,True,2024-09-05,EOD,75.0,-108.75,341.12,-449.87,False,0.0625,281.25
2024-09-03T00:00:00,False,2024-09-05,EOD,75.0,116.25,340.87,-224.62,False,0.0723,342.5
2024-09-04T00:00:00,True,2024-09-05,EOD,75.0,547.5,344.38,203.12,True,0.0868,1258.75
2024-09-05T00:00:00,True,2024-09-05,TARGET,16.0,710.66,345.18,365.48,True,-0.4215,1370.0
2024-09-06T00:00:00,False,2024-09-12,NOLEG,,,,0.0,,,
2024-09-09T00:00:00,False,2024-09-12,NOSIM,,,,0.0,,,
2024-09-10T00:00:00,False,2024-09-12,TARGET,40.0,110.19,340.17,-229.98,False,0.0501,213.75
2024-09-11T00:00:00,True,2024-09-12,TARGET,58.0,917.71,345.85,571.86,True,-0.3015,1731.25
2024-09-12T00:00:00,False,2024-09-12,TARGET,47.0,1894.4,378.3,1516.1,True,0.0368,3738.75
2024-09-13T00:00:00,False,2024-09-19,EOD,75.0,-226.25,343.45,-569.7,False,0.0229,183.75
2024-09-16T00:00:00,True,2024-09-19,EOD,75.0,-7.5,341.65,-349.15,False,0.0131,202.5
2024-09-17T00:00:00,True,2024-09-19,EOD,75.0,-42.5,340.26,-382.76,False,0.0246,128.75
2024-09-18T00:00:00,True,2024-09-19,EOD,75.0,-66.25,340.31,-406.56,False,0.0444,205.0
2024-09-19T00:00:00,True,2024-09-19,TARGET,33.0,1054.55,351.26,703.29,True,-0.1995,2100.0
2024-09-20T00:00:00,True,2024-09-26,EOD,75.0,5.0,341.59,-336.59,False,0.0293,153.75
2024-09-23T00:00:00,False,2024-09-26,TARGET,53.0,87.08,340.75,-253.67,False,0.0205,172.5
2024-09-24T00:00:00,False,2024-09-26,NOSIM,,,,0.0,,,
2024-09-25T00:00:00,True,2024-09-26,TARGET,24.0,6.08,339.24,-333.16,False,-0.0029,11.25
2024-09-26T00:00:00,True,2024-09-26,TARGET,43.0,1804.71,355.7,1449.01,True,0.1237,3562.5
2024-09-27T00:00:00,False,2024-10-03,TARGET,68.0,39.38,340.2,-300.82,False,-0.0099,77.5
2024-09-30T00:00:00,True,2024-10-03,NOLEG,,,,0.0,,,
2024-10-01T00:00:00,False,2024-10-03,NOLEG,,,,0.0,,,
2024-10-03T00:00:00,True,2024-10-03,TARGET,40.0,2533.23,367.13,2166.1,True,-0.0382,5017.5
2024-10-04T00:00:00,False,2024-10-10,NOLEG,,,,0.0,,,
2024-10-07T00:00:00,False,2024-10-10,NOLEG,,,,0.0,,,
2024-10-08T00:00:00,False,2024-10-10,NOLEG,,,,0.0,,,
2024-10-09T00:00:00,False,2024-10-10,TARGET,62.0,117.24,340.33,-223.09,False,-0.0416,203.75
2024-10-10T00:00:00,False,2024-10-10,TARGET,40.0,1292.77,350.83,941.94,True,-0.2263,2541.25
2024-10-11T00:00:00,True,2024-10-17,EOD,75.0,-435.0,353.96,-788.96,False,0.1345,1162.5
2024-10-14T00:00:00,False,2024-10-17,TARGET,74.0,836.65,352.5,484.15,True,0.1407,1655.0
2024-10-15T00:00:00,False,2024-10-17,EOD,75.0,295.0,349.34,-54.34,False,-0.1223,2012.5
2024-10-16T00:00:00,False,2024-10-17,EOD,75.0,21.25,339.3,-318.05,False,-0.0039,46.25
2024-10-17T00:00:00,True,2024-10-17,TARGET,41.0,1626.11,359.83,1266.28,True,0.0297,3242.5
2024-10-18T00:00:00,False,2024-10-24,TARGET,39.0,97.69,340.83,-243.14,False,0.0282,180.0
2024-10-21T00:00:00,False,2024-10-24,TARGET,5.0,632.49,347.07,285.42,True,-0.1782,1181.25
2024-10-22T00:00:00,False,2024-10-24,TARGET,15.0,202.49,341.78,-139.29,False,-0.0898,356.25
2024-10-23T00:00:00,False,2024-10-24,TARGET,50.0,124.63,340.59,-215.96,False,0.0382,246.25
2024-10-24T00:00:00,True,2024-10-24,TARGET,39.0,1353.09,350.63,1002.46,True,0.0049,2681.25
2024-10-25T00:00:00,True,2024-10-31,TARGET,9.0,139.81,340.53,-200.72,False,-0.0468,251.25
2024-10-28T00:00:00,False,2024-10-31,TARGET,36.0,500.25,345.73,154.52,True,0.0857,930.0
2024-10-29T00:00:00,False,2024-10-31,STOP,7.0,-161.53,340.47,-502.0,False,0.0262,107.5
2024-10-30T00:00:00,False,2024-10-31,TARGET,2.0,14.09,340.22,-326.13,False,0.0403,12.5
2024-10-31T00:00:00,False,2024-10-31,TARGET,33.0,1458.89,353.95,1104.94,True,-0.1651,2887.5
2024-11-04T00:00:00,True,2024-11-07,NOLEG,,,,0.0,,,
2024-11-05T00:00:00,False,2024-11-07,NOLEG,,,,0.0,,,
2024-11-06T00:00:00,False,2024-11-07,NOLEG,,,,0.0,,,
2024-11-07T00:00:00,False,2024-11-07,TARGET,10.0,1558.72,360.48,1198.24,True,-0.0591,2352.5
2024-11-08T00:00:00,False,2024-11-14,NOLEG,,,,0.0,,,
2024-11-11T00:00:00,False,2024-11-14,NOLEG,,,,0.0,,,
2024-11-12T00:00:00,True,2024-11-14,NOLEG,,,,0.0,,,
2024-11-13T00:00:00,False,2024-11-14,NOLEG,,,,0.0,,,
2024-11-14T00:00:00,False,2024-11-14,TARGET,38.0,1546.03,352.75,1193.28,True,0.0013,3080.0
2024-11-18T00:00:00,True,2024-11-21,NOLEG,,,,0.0,,,
2024-11-19T00:00:00,False,2024-11-21,EOD,75.0,-11.25,339.97,-351.22,False,0.0091,180.0
2024-11-21T00:00:00,True,2024-11-21,TARGET,32.0,3344.28,694.7,2649.58,True,-0.1504,6577.5
2024-11-22T00:00:00,False,2024-11-28,NOLEG,,,,0.0,,,
2024-11-25T00:00:00,False,2024-11-28,TARGET,44.0,366.61,642.49,-275.88,False,-0.023,682.5
2024-11-26T00:00:00,False,2024-11-28,TARGET,9.0,83.62,641.63,-558.01,False,-0.0154,161.25
2024-11-27T00:00:00,False,2024-11-28,TARGET,40.0,716.9,648.19,68.71,True,0.0961,1275.0
2024-11-28T00:00:00,False,2024-11-28,TARGET,42.0,11109.54,779.46,10330.08,True,0.1021,22038.75
2024-11-29T00:00:00,False,2024-12-05,EOD,75.0,161.25,642.45,-481.2,False,0.0075,337.5
2024-12-02T00:00:00,False,2024-12-05,EOD,75.0,-71.25,640.65,-711.9,False,-0.0037,120.0
2024-12-03T00:00:00,False,2024-12-05,EOD,75.0,240.0,642.3,-402.3,False,-0.0002,502.5
2024-12-04T00:00:00,False,2024-12-05,EOD,75.0,60.0,640.44,-580.44,False,-0.0165,198.75
2024-12-05T00:00:00,True,2024-12-05,TARGET,37.0,3885.6,705.32,3180.28,True,0.142,7747.5
2024-12-06T00:00:00,False,2024-12-12,NOLEG,,,,0.0,,,
2024-12-09T00:00:00,True,2024-12-12,NOLEG,,,,0.0,,,
2024-12-10T00:00:00,False,2024-12-12,EOD,75.0,41.25,642.04,-600.79,False,0.0195,262.5
2024-12-11T00:00:00,True,2024-12-12,TARGET,66.0,493.56,644.1,-150.54,False,-0.037,918.75
2024-12-12T00:00:00,True,2024-12-12,TARGET,38.0,3144.05,668.58,2475.47,True,-0.1202,6198.75
2024-12-13T00:00:00,False,2024-12-19,TARGET,55.0,1901.48,681.07,1220.41,True,0.1438,3750.0
2024-12-16T00:00:00,False,2024-12-19,TARGET,58.0,730.56,644.2,86.36,True,0.0551,1267.5
2024-12-17T00:00:00,True,2024-12-19,TARGET,70.0,725.35,648.01,77.34,True,-0.0448,1395.0
2024-12-18T00:00:00,False,2024-12-19,TARGET,7.0,432.3,643.85,-211.55,False,0.0763,825.0
2024-12-19T00:00:00,False,2024-12-19,TARGET,28.0,3111.57,676.01,2435.56,True,0.3101,6221.25
2024-12-20T00:00:00,True,2024-12-26,EOD,75.0,-285.0,645.75,-930.75,False,0.0019,551.25
2024-12-23T00:00:00,False,2024-12-26,TARGET,25.0,708.39,661.44,46.95,True,0.0782,1372.5
2024-12-24T00:00:00,True,2024-12-26,EOD,75.0,363.75,646.59,-282.84,False,-0.0884,1027.5
2024-12-26T00:00:00,True,2024-12-26,TARGET,36.0,2986.35,665.19,2321.16,True,-0.1284,5835.0
2024-12-27T00:00:00,False,2025-01-02,NOLEG,,,,0.0,,,
2024-12-30T00:00:00,True,2025-01-02,NOLEG,,,,0.0,,,
2024-12-31T00:00:00,False,2025-01-02,NOLEG,,,,0.0,,,
2025-01-01T00:00:00,True,2025-01-02,TARGET,20.0,111.47,641.08,-529.61,False,0.018,221.25
2025-01-02T00:00:00,False,2025-01-02,TARGET,40.0,5112.5,736.34,4376.16,True,0.0778,9836.25
2025-01-03T00:00:00,False,2025-01-09,NOLEG,,,,0.0,,,
2025-01-06T00:00:00,False,2025-01-09,NOLEG,,,,0.0,,,
2025-01-07T00:00:00,False,2025-01-09,TARGET,41.0,556.84,646.82,-89.98,False,0.0207,1106.25
2025-01-08T00:00:00,False,2025-01-09,TARGET,50.0,549.61,645.36,-95.75,False,-0.0754,1053.75
2025-01-09T00:00:00,True,2025-01-09,TARGET,19.0,3663.63,674.61,2989.02,True,-0.3125,6678.75
2025-01-10T00:00:00,False,2025-01-16,EOD,75.0,33.75,640.79,-607.04,False,-0.0044,150.0
2025-01-13T00:00:00,False,2025-01-16,NOLEG,0.0,,,,,,
2025-01-14T00:00:00,False,2025-01-16,TARGET,579.21,61.0,1239.51,660.3,True,0.1071,2475.0
2025-01-15T00:00:00,True,2025-01-16,EOD,1837.7,75.0,2505.0,667.3,True,-0.0068,6018.75
2025-01-16T00:00:00,True,2025-01-16,TARGET,2514.42,10.0,3176.7,662.28,True,-0.4555,6026.25
2025-01-17T00:00:00,True,2025-01-23,EOD,-395.69,75.0,247.5,643.19,False,-0.0182,495.0
2025-01-20T00:00:00,False,2025-01-23,TARGET,-575.31,4.0,65.83,641.14,False,-0.0134,127.5
2025-01-21T00:00:00,False,2025-01-23,TARGET,-439.96,25.0,201.37,641.33,False,-0.0202,393.75
2025-01-22T00:00:00,False,2025-01-23,TARGET,970.86,62.0,1632.71,661.85,True,0.0938,3172.5
2025-01-23T00:00:00,True,2025-01-23,TARGET,2834.56,25.0,3498.28,663.72,True,0.2905,6915.0
2025-01-24T00:00:00,False,2025-01-30,EOD,-500.38,75.0,142.5,642.88,False,-0.0141,401.25
2025-01-27T00:00:00,False,2025-01-30,EOD,-517.67,75.0,123.75,641.42,False,0.0103,337.5
2025-01-28T00:00:00,False,2025-01-30,TARGET,-526.26,67.0,114.33,640.59,False,0.0006,213.75
2025-01-29T00:00:00,True,2025-01-30,EOD,-669.3,75.0,-0.0,669.3,False,0.1538,3108.75
2025-01-30T00:00:00,False,2025-01-30,TARGET,656.41,44.0,1319.99,663.58,True,-0.1102,2381.25
2025-01-31T00:00:00,False,2025-02-06,NOLEG,0.0,,,,,,
2025-02-03T00:00:00,False,2025-02-06,NOLEG,0.0,,,,,,
2025-02-04T00:00:00,True,2025-02-06,EOD,-678.26,75.0,-33.75,644.51,False,0.0014,723.75
2025-02-05T00:00:00,False,2025-02-06,EOD,-373.23,76.0,270.0,643.23,False,-0.0862,843.75
2025-02-06T00:00:00,True,2025-02-06,TARGET,3038.18,5.0,3712.14,673.96,True,-0.2912,7410.0
2025-02-07T00:00:00,False,2025-02-13,NOLEG,0.0,,,,,,
2025-02-10T00:00:00,False,2025-02-13,NOLEG,0.0,,,,,,
2025-02-11T00:00:00,False,2025-02-13,NOSIM,0.0,,,,,,
2025-02-12T00:00:00,False,2025-02-13,STOP,-1137.83,7.0,-497.44,640.39,False,0.02,228.75
2025-02-13T00:00:00,True,2025-02-13,TARGET,3356.5,48.0,4028.71,672.21,True,-0.0413,7545.0
2025-02-14T00:00:00,False,2025-02-20,NOLEG,0.0,,,,,,
2025-02-17T00:00:00,False,2025-02-20,EOD,-529.08,75.0,112.5,641.58,False,0.0124,251.25
2025-02-18T00:00:00,False,2025-02-20,TARGET,-275.33,23.0,367.84,643.17,False,-0.0393,727.5
2025-02-19T00:00:00,True,2025-02-20,TARGET,-62.66,9.0,581.04,643.7,False,0.0776,1128.75
2025-02-20T00:00:00,True,2025-02-20,TARGET,2209.11,23.0,2877.29,668.18,True,0.3125,5707.5
2025-02-21T00:00:00,True,2025-02-27,EOD,-644.81,75.0,-3.75,641.06,False,0.0064,153.75
2025-02-24T00:00:00,False,2025-02-27,EOD,464.63,76.0,1128.75,664.12,True,0.0644,3915.0
2025-02-25T00:00:00,False,2025-02-27,TARGET,2655.98,63.0,3332.47,676.49,True,0.2357,6588.75
2025-02-27T00:00:00,True,2025-02-27,TARGET,2618.95,38.0,3279.52,660.57,True,-0.1279,6547.5
2025-02-28T00:00:00,True,2025-03-06,NOLEG,0.0,,,,,,
2025-03-03T00:00:00,False,2025-03-06,TARGET,-580.73,62.0,59.45,640.18,False,-0.0029,116.25
2025-03-04T00:00:00,False,2025-03-06,EOD,-309.52,75.0,333.75,643.27,False,-0.0001,750.0
2025-03-05T00:00:00,False,2025-03-06,TARGET,887.93,6.0,1543.23,655.3,True,0.1724,3022.5
2025-03-06T00:00:00,False,2025-03-06,TARGET,2651.85,42.0,3314.64,662.79,True,0.0571,6397.5
2025-03-07T00:00:00,False,2025-03-13,EOD,-518.69,75.0,123.75,642.44,False,-0.0234,517.5
2025-03-10T00:00:00,True,2025-03-13,EOD,-289.15,75.0,356.25,645.4,False,0.0033,1083.75
2025-03-11T00:00:00,False,2025-03-13,TARGET,655.8,56.0,1310.21,654.41,True,0.1266,2538.75
2025-03-12T00:00:00,False,2025-03-13,TARGET,-482.95,67.0,157.94,640.89,False,0.0046,307.5
2025-03-13T00:00:00,True,2025-03-13,TARGET,4025.97,29.0,4699.0,673.03,True,-0.3771,8535.0
2025-03-17T00:00:00,False,2025-03-20,TARGET,-238.12,1.0,406.64,644.76,False,0.0573,750.0
2025-03-18T00:00:00,False,2025-03-20,EOD,-765.15,76.0,-112.5,652.65,False,0.0864,2171.25
2025-03-19T00:00:00,False,2025-03-20,EOD,-455.37,75.0,187.5,642.87,False,0.0269,637.5
2025-03-20T00:00:00,True,2025-03-20,TARGET,3903.36,42.0,4590.11,686.75,True,0.1512,9048.75
2025-03-21T00:00:00,False,2025-03-27,TARGET,420.2,34.0,1077.07,656.87,True,0.1061,2148.75
2025-03-24T00:00:00,False,2025-03-27,EOD,-602.75,75.0,37.5,640.25,False,0.0078,127.5
2025-03-25T00:00:00,False,2025-03-27,TARGET,-542.96,8.0,98.82,641.78,False,0.0141,153.75
2025-03-26T00:00:00,False,2025-03-27,TARGET,-44.78,33.0,600.3,645.08,False,-0.0623,1068.75
2025-03-27T00:00:00,False,2025-03-27,TARGET,3299.06,3.0,3976.08,677.02,True,0.3402,7563.75
2025-03-28T00:00:00,False,2025-04-03,NOLEG,0.0,,,,,,
2025-04-01T00:00:00,False,2025-04-03,NOLEG,0.0,,,,,,
2025-04-02T00:00:00,False,2025-04-03,EOD,311.5,75.0,963.75,652.25,True,0.0807,2253.75
2025-04-03T00:00:00,False,2025-04-03,TARGET,1919.66,1.0,2587.92,668.26,True,0.4711,4597.5
2025-04-04T00:00:00,False,2025-04-09,NOLEG,0.0,,,,,,
2025-04-07T00:00:00,False,2025-04-09,NOLEG,0.0,,,,,,
2025-04-08T00:00:00,False,2025-04-09,TARGET,-360.75,65.0,287.67,648.42,False,0.0035,566.25
2025-04-09T00:00:00,False,2025-04-09,TARGET,6180.47,39.0,6885.53,705.06,True,0.0181,13455.0
2025-04-11T00:00:00,False,2025-04-17,NOLEG,0.0,,,,,,
2025-04-15T00:00:00,False,2025-04-17,EOD,1422.8,75.0,2133.75,710.95,True,0.058,6120.0
2025-04-16T00:00:00,False,2025-04-17,TARGET,-138.37,60.0,506.3,644.67,False,0.0436,967.5
2025-04-17T00:00:00,False,2025-04-17,TARGET,5286.28,40.0,6066.34,780.06,True,0.0053,11786.25
2025-04-21T00:00:00,False,2025-04-24,NOLEG,0.0,,,,,,
2025-04-22T00:00:00,False,2025-04-24,EOD,-671.79,75.0,-30.0,641.79,False,0.0029,41.25
2025-04-23T00:00:00,True,2025-04-24,STOP,-1989.4,19.0,-1345.76,643.64,False,0.0633,840.0
2025-04-24T00:00:00,True,2025-04-24,TARGET,1667.66,41.0,2331.42,663.76,True,-0.035,4623.75
2025-04-25T00:00:00,False,2025-04-30,TARGET,223.59,57.0,873.25,649.66,True,0.015,1657.5
2025-04-28T00:00:00,False,2025-04-30,TARGET,578.27,20.0,1256.58,678.31,True,0.0999,2471.25
2025-04-29T00:00:00,False,2025-04-30,EOD,667.37,75.0,1335.0,667.63,True,0.0284,3990.0
2025-04-30T00:00:00,True,2025-04-30,TARGET,2267.27,41.0,2929.13,661.86,True,-0.0133,5733.75
2025-05-02T00:00:00,True,2025-05-08,NOLEG,0.0,,,,,,
2025-05-05T00:00:00,True,2025-05-08,NOLEG,0.0,,,,,,
2025-05-06T00:00:00,False,2025-05-08,TARGET,919.72,8.0,1585.04,665.32,True,-0.2621,3082.5
2025-05-07T00:00:00,False,2025-05-08,EOD,358.62,75.0,1027.5,668.88,True,0.2376,2921.25
2025-05-08T00:00:00,False,2025-05-08,TARGET,325.2,1.0,981.18,655.98,True,-0.4412,1747.5
2025-05-09T00:00:00,False,2025-05-15,NOLEG,0.0,,,,,,
2025-05-12T00:00:00,False,2025-05-15,NOSIM,0.0,,,,,,
2025-05-13T00:00:00,False,2025-05-15,EOD,-825.56,76.0,-180.0,645.56,False,0.0009,243.75
2025-05-14T00:00:00,False,2025-05-15,TARGET,136.08,43.0,784.99,648.91,True,-0.0527,1560.0
2025-05-15T00:00:00,True,2025-05-15,TARGET,4569.22,47.0,5316.62,747.4,True,0.074,10106.25
2025-05-16T00:00:00,False,2025-05-22,EOD,-307.38,75.0,382.5,689.88,False,0.0909,4770.0
2025-05-19T00:00:00,True,2025-05-22,STOP,-762.22,42.0,-118.48,643.74,False,-0.0017,82.5
2025-05-20T00:00:00,False,2025-05-22,TARGET,1476.22,47.0,2152.78,676.56,True,-0.1553,4233.75
2025-05-21T00:00:00,False,2025-05-22,STOP,-766.37,13.0,-124.93,641.44,False,-0.0034,71.25
2025-05-22T00:00:00,True,2025-05-22,TARGET,2631.07,42.0,3329.66,698.59,True,-0.0836,6630.0
2025-05-23T00:00:00,False,2025-05-29,EOD,-794.01,75.0,-146.25,647.76,False,0.021,420.0
2025-05-26T00:00:00,False,2025-05-29,EOD,-692.63,76.0,-48.75,643.88,False,0.0103,378.75
2025-05-27T00:00:00,False,2025-05-29,EOD,-654.39,75.0,-11.25,643.14,False,0.0016,270.0
2025-05-28T00:00:00,False,2025-05-29,TARGET,59.0,119.58,640.6,-521.02,False,0.0096,232.5
2025-05-29T00:00:00,False,2025-05-29,TARGET,38.0,4028.03,677.73,3350.3,True,-0.0445,7950.0
2025-05-30T00:00:00,True,2025-06-05,NOLEG,,,,0.0,,,
2025-06-02T00:00:00,False,2025-06-05,EOD,76.0,-150.0,645.01,-795.01,False,0.0284,630.0
2025-06-03T00:00:00,True,2025-06-05,EOD,75.0,41.25,647.25,-606.0,False,-0.0021,521.25
2025-06-04T00:00:00,False,2025-06-05,TARGET,45.0,203.91,642.14,-438.23,False,0.0225,405.0
2025-06-05T00:00:00,False,2025-06-05,TARGET,45.0,3733.31,671.7,3061.61,True,0.0315,6843.75
2025-06-06T00:00:00,False,2025-06-12,EOD,75.0,161.25,644.58,-483.33,False,0.015,378.75
2025-06-09T00:00:00,False,2025-06-12,EOD,75.0,60.0,641.4,-581.4,False,0.001,172.5
2025-06-10T00:00:00,True,2025-06-12,EOD,75.0,41.25,640.29,-599.04,False,0.0006,108.75
2025-06-11T00:00:00,True,2025-06-12,TARGET,31.0,77.82,640.49,-562.67,False,0.0121,153.75
2025-06-12T00:00:00,True,2025-06-12,TARGET,52.0,6492.89,703.88,5789.01,True,-0.0437,11126.25
2025-06-13T00:00:00,False,2025-06-19,NOLEG,,,,0.0,,,
2025-06-16T00:00:00,False,2025-06-19,NOLEG,,,,0.0,,,
2025-06-17T00:00:00,False,2025-06-19,EOD,75.0,22.5,642.07,-619.57,False,0.0064,172.5
2025-06-18T00:00:00,False,2025-06-19,TARGET,62.0,1006.63,648.78,357.85,True,-0.1112,1920.0
2025-06-19T00:00:00,True,2025-06-19,TARGET,39.0,2173.69,667.64,1506.05,True,-0.0123,4282.5
2025-06-20T00:00:00,True,2025-06-26,TARGET,49.0,4005.29,727.58,3277.71,True,0.1139,7680.0
2025-06-23T00:00:00,False,2025-06-26,EOD,75.0,-63.75,644.79,-708.54,False,0.0038,112.5
2025-06-24T00:00:00,True,2025-06-26,NOSIM,,,,0.0,,,
2025-06-25T00:00:00,False,2025-06-26,TARGET,50.0,2137.28,665.08,1472.2,True,0.2653,4158.75
2025-06-26T00:00:00,False,2025-06-26,TARGET,54.0,5024.02,695.76,4328.26,True,0.237,9641.25
2025-06-27T00:00:00,False,2025-07-03,EOD,75.0,337.5,649.51,-312.01,False,0.0295,787.5
2025-06-30T00:00:00,True,2025-07-03,NOLEG,,,,0.0,,,
2025-07-01T00:00:00,False,2025-07-03,EOD,75.0,1481.25,668.72,812.53,True,0.1237,4638.75
2025-07-02T00:00:00,True,2025-07-03,EOD,75.0,78.75,640.78,-562.03,False,-0.0218,243.75
2025-07-03T00:00:00,False,2025-07-03,TARGET,37.0,2211.31,656.94,1554.37,True,-0.1286,4293.75
2025-07-04T00:00:00,True,2025-07-10,EOD,75.0,270.0,647.92,-377.92,False,0.0444,941.25
2025-07-07T00:00:00,True,2025-07-10,EOD,75.0,150.0,647.0,-497.0,False,0.0011,888.75
2025-07-08T00:00:00,True,2025-07-10,EOD,75.0,1113.75,663.07,450.68,True,0.1611,2925.0
2025-07-09T00:00:00,False,2025-07-10,EOD,75.0,-480.0,648.58,-1128.58,False,0.1037,1076.25
2025-07-10T00:00:00,True,2025-07-10,TARGET,19.0,3390.85,668.11,2722.74,True,-0.3725,6532.5
2025-07-11T00:00:00,False,2025-07-17,EOD,75.0,1196.25,656.12,540.13,True,-0.1061,2400.0
2025-07-14T00:00:00,False,2025-07-17,EOD,75.0,457.5,659.98,-202.48,False,0.0709,3266.25
2025-07-15T00:00:00,True,2025-07-17,TARGET,22.0,1426.26,651.97,774.29,True,0.1793,2538.75
2025-07-16T00:00:00,False,2025-07-17,EOD,75.0,596.25,644.81,-48.56,False,0.0232,1263.75
2025-07-17T00:00:00,True,2025-07-17,TARGET,33.0,1879.27,653.89,1225.38,True,-0.2848,3716.25
2025-07-18T00:00:00,False,2025-07-24,EOD,75.0,-41.25,640.58,-681.83,False,-0.0055,97.5
2025-07-21T00:00:00,False,2025-07-24,TARGET,67.0,84.01,640.37,-556.36,False,0.0061,165.0
2025-07-22T00:00:00,False,2025-07-24,EOD,75.0,1170.0,674.89,495.11,True,-0.16,6138.75
2025-07-23T00:00:00,True,2025-07-24,TARGET,60.0,1163.97,651.5,512.47,True,0.1969,2073.75
2025-07-24T00:00:00,False,2025-07-24,TARGET,26.0,4780.53,672.05,4108.48,True,-0.3515,8546.25
2025-07-25T00:00:00,False,2025-07-31,TARGET,52.0,3029.76,677.4,2352.36,True,-0.1679,5460.0
2025-07-28T00:00:00,False,2025-07-31,TARGET,63.0,1252.24,653.35,598.89,True,-0.1147,2486.25
2025-07-29T00:00:00,False,2025-07-31,EOD,75.0,-386.25,646.91,-1033.16,False,-0.044,952.5
2025-07-30T00:00:00,False,2025-07-31,EOD,75.0,1012.5,656.0,356.5,True,0.045,3660.0
2025-07-31T00:00:00,True,2025-07-31,TARGET,2.0,2864.29,666.77,2197.52,True,0.4631,4023.75
2025-08-01T00:00:00,False,2025-08-07,EOD,75.0,810.0,661.18,148.82,True,-0.0701,3011.25
2025-08-04T00:00:00,False,2025-08-07,EOD,75.0,-127.5,646.62,-774.12,False,-0.0648,1170.0
2025-08-05T00:00:00,False,2025-08-07,TARGET,44.0,635.29,646.16,-10.87,False,-0.078,1267.5
2025-08-06T00:00:00,False,2025-08-07,TARGET,63.0,233.21,641.35,-408.14,False,-0.0362,465.0
2025-08-07T00:00:00,False,2025-08-07,TARGET,70.0,3363.08,664.74,2698.34,True,0.4591,5662.5
2025-08-08T00:00:00,False,2025-08-14,NOLEG,,,,0.0,,,
2025-08-11T00:00:00,False,2025-08-14,STOP,70.0,-314.05,642.61,-956.66,False,-0.0149,213.75
2025-08-12T00:00:00,False,2025-08-14,TARGET,73.0,256.14,642.25,-386.11,False,-0.014,510.0
2025-08-13T00:00:00,False,2025-08-14,EOD,76.0,1758.75,660.58,1098.17,True,0.2422,3963.75
2025-08-14T00:00:00,True,2025-08-14,TARGET,40.0,2772.82,656.72,2116.1,True,0.0598,5471.25
2025-08-18T00:00:00,True,2025-08-21,EOD,75.0,-1166.25,662.85,-1829.1,False,-0.1385,2268.75
2025-08-19T00:00:00,False,2025-08-21,EOD,75.0,1770.0,678.8,1091.2,True,0.0638,7545.0
2025-08-20T00:00:00,False,2025-08-21,TARGET,41.0,2001.12,657.17,1343.95,True,0.3187,3975.0
2025-08-21T00:00:00,True,2025-08-21,TARGET,36.0,2656.99,654.66,2002.33,True,-0.4263,5160.0
2025-08-22T00:00:00,True,2025-08-28,TARGET,62.0,4021.24,683.17,3338.07,True,-0.1818,7815.0
2025-08-25T00:00:00,False,2025-08-28,EOD,76.0,1076.25,696.52,379.73,True,-0.0031,8550.0
2025-08-26T00:00:00,True,2025-08-28,TARGET,5.0,1368.33,650.88,717.45,True,-0.1784,2332.5
2025-08-28T00:00:00,False,2025-08-28,TARGET,38.0,3995.34,692.64,3302.7,True,-0.2513,7571.25
2025-08-29T00:00:00,False,2025-09-02,TARGET,70.0,193.36,641.54,-448.18,False,-0.0227,371.25
2025-09-01T00:00:00,False,2025-09-02,TARGET,1.0,2098.2,662.43,1435.77,True,0.343,4151.25
2025-09-02T00:00:00,False,2025-09-02,TARGET,54.0,2821.41,657.07,2164.34,True,-0.3048,5411.25
2025-09-03T00:00:00,False,2025-09-09,EOD,75.0,866.25,666.59,199.66,True,0.0663,3480.0
2025-09-04T00:00:00,False,2025-09-09,EOD,76.0,127.5,663.45,-535.95,False,-0.1429,2265.0
2025-09-05T00:00:00,False,2025-09-09,TARGET,12.0,737.08,645.44,91.64,True,-0.1212,1282.5
2025-09-08T00:00:00,True,2025-09-09,EOD,75.0,517.5,645.21,-127.71,False,-0.0442,1218.75
2025-09-09T00:00:00,True,2025-09-09,TARGET,40.0,2173.2,653.35,1519.85,True,0.0224,4260.0
2025-09-10T00:00:00,True,2025-09-16,EOD,75.0,-26.25,640.18,-666.43,False,0.002,63.75
2025-09-11T00:00:00,True,2025-09-16,EOD,75.0,-277.5,663.23,-940.73,False,0.2984,2726.25
2025-09-12T00:00:00,False,2025-09-16,TARGET,57.0,1317.49,651.3,666.19,True,0.2022,2628.75
2025-09-15T00:00:00,False,2025-09-16,EOD,75.0,1725.0,664.24,1060.76,True,-0.1475,5497.5
2025-09-16T00:00:00,True,2025-09-16,TARGET,9.0,3619.48,663.79,2955.69,True,0.5324,6772.5
2025-09-17T00:00:00,False,2025-09-23,EOD,75.0,937.5,659.47,278.03,True,0.1507,2685.0
2025-09-18T00:00:00,True,2025-09-23,STOP,59.0,-169.97,643.08,-813.05,False,0.0003,116.25
2025-09-19T00:00:00,True,2025-09-23,STOP,25.0,-1555.93,646.05,-2201.98,False,0.1342,1083.75
2025-09-22T00:00:00,True,2025-09-23,EOD,75.0,-146.25,647.93,-794.18,False,0.1604,2148.75
2025-09-23T00:00:00,False,2025-09-23,TARGET,39.0,2472.81,654.4,1818.41,True,-0.1503,4687.5
2025-09-24T00:00:00,True,2025-09-30,EOD,75.0,-810.0,652.29,-1462.29,False,0.1332,1766.25
2025-09-25T00:00:00,False,2025-09-30,EOD,75.0,0.0,640.18,-640.18,False,-0.0016,67.5
2025-09-26T00:00:00,False,2025-09-30,TARGET,62.0,1873.73,655.31,1218.42,True,-0.1333,3735.0
2025-09-29T00:00:00,False,2025-09-30,TARGET,31.0,224.88,643.1,-418.22,False,-0.0446,427.5
2025-09-30T00:00:00,True,2025-09-30,TARGET,32.0,2572.05,657.81,1914.24,True,-0.265,5088.75
2025-10-01T00:00:00,False,2025-10-07,EOD,75.0,2557.5,679.74,1877.76,True,0.1757,6191.25
2025-10-03T00:00:00,False,2025-10-07,EOD,75.0,-11.25,639.99,-651.24,False,0.0049,33.75
2025-10-06T00:00:00,True,2025-10-07,TARGET,45.0,2982.52,664.99,2317.53,True,0.3263,5550.0
2025-10-07T00:00:00,False,2025-10-07,TARGET,52.0,2337.95,651.59,1686.36,True,0.1732,4132.5
2025-10-08T00:00:00,True,2025-10-14,EOD,75.0,-1211.25,651.74,-1862.99,False,0.1701,1946.25
2025-10-09T00:00:00,False,2025-10-14,TARGET,31.0,1238.12,655.35,582.77,True,0.1689,2460.0
2025-10-10T00:00:00,False,2025-10-14,TARGET,6.0,2221.16,658.18,1562.98,True,0.3133,4368.75
2025-10-13T00:00:00,False,2025-10-14,EOD,75.0,108.75,659.48,-550.73,False,0.217,4053.75
2025-10-14T00:00:00,True,2025-10-14,TARGET,25.0,5361.35,669.54,4691.81,True,-0.3751,8223.75
2025-10-15T00:00:00,False,2025-10-20,TARGET,52.0,2197.69,688.26,1509.43,True,0.2041,4290.0
2025-10-16T00:00:00,False,2025-10-20,STOP,59.0,-167.6,640.67,-808.27,False,-0.0026,105.0
2025-10-17T00:00:00,False,2025-10-20,TARGET,16.0,1342.44,655.36,687.08,True,0.1844,2531.25
2025-10-20T00:00:00,False,2025-10-20,TARGET,39.0,3208.01,664.36,2543.65,True,-0.0065,6326.25
2025-10-23T00:00:00,True,2025-10-28,NOSIM,,,,0.0,,,
2025-10-24T00:00:00,False,2025-10-28,STOP,53.0,-484.21,643.7,-1127.91,False,-0.0032,318.75
2025-10-27T00:00:00,False,2025-10-28,TARGET,11.0,2338.72,666.47,1672.25,True,0.2734,4500.0
2025-10-28T00:00:00,False,2025-10-28,TARGET,41.0,3337.0,669.19,2667.81,True,-0.001,6585.0
2025-10-29T00:00:00,False,2025-11-04,EOD,75.0,1552.5,680.05,872.45,True,0.1496,4657.5
2025-10-30T00:00:00,False,2025-11-04,EOD,75.0,3.75,640.88,-637.13,False,-0.0038,101.25
2025-10-31T00:00:00,False,2025-11-04,EOD,76.0,-18.75,640.31,-659.06,False,0.0019,78.75
2025-11-03T00:00:00,False,2025-11-04,EOD,75.0,1687.5,659.58,1027.92,True,0.2154,4440.0
2025-11-04T00:00:00,True,2025-11-04,TARGET,40.0,4695.02,687.15,4007.87,True,-0.0869,9288.75
2025-11-06T00:00:00,False,2025-11-11,TARGET,67.0,566.8,648.57,-81.77,False,-0.0385,1128.75
2025-11-07T00:00:00,False,2025-11-11,EOD,76.0,592.5,648.54,-56.04,False,0.1284,1807.5
2025-11-10T00:00:00,True,2025-11-11,EOD,75.0,2512.5,661.24,1851.26,True,0.1595,5253.75
2025-11-11T00:00:00,False,2025-11-11,TARGET,49.0,2514.02,653.57,1860.45,True,0.271,5021.25
2025-11-12T00:00:00,False,2025-11-18,EOD,75.0,806.25,693.19,113.06,True,0.0181,7353.75
2025-11-13T00:00:00,True,2025-11-18,EOD,75.0,-67.5,641.33,-708.83,False,0.0046,116.25
2025-11-14T00:00:00,True,2025-11-18,NOSIM,,,,0.0,,,
2025-11-17T00:00:00,True,2025-11-18,EOD,75.0,1256.25,674.96,581.29,True,0.0091,6723.75
2025-11-18T00:00:00,True,2025-11-18,TARGET,37.0,3423.78,665.46,2758.32,True,-0.222,6600.0
2025-11-19T00:00:00,True,2025-11-25,EOD,76.0,-52.5,723.71,-776.21,False,0.0283,9367.5
2025-11-20T00:00:00,False,2025-11-25,EOD,75.0,1128.75,668.13,460.62,True,0.0503,4095.0
2025-11-21T00:00:00,False,2025-11-25,EOD,75.0,-993.75,653.51,-1647.26,False,0.1412,1920.0
2025-11-24T00:00:00,False,2025-11-25,EOD,75.0,1620.0,676.03,943.97,True,-0.1021,7110.0
2025-11-25T00:00:00,False,2025-11-25,TARGET,45.0,3706.88,673.38,3033.5,True,-0.1664,7237.5
2025-11-26T00:00:00,False,2025-12-02,TARGET,7.0,3458.56,688.86,2769.7,True,0.2359,6877.5
2025-11-27T00:00:00,False,2025-12-02,EOD,75.0,258.75,659.78,-401.03,False,-0.0085,2696.25
2025-11-28T00:00:00,True,2025-12-02,EOD,76.0,645.0,650.88,-5.88,False,-0.0052,2212.5
2025-12-01T00:00:00,True,2025-12-02,TARGET,40.0,2122.44,661.41,1461.03,True,-0.2333,4233.75
2025-12-02T00:00:00,False,2025-12-02,TARGET,38.0,3848.46,668.15,3180.31,True,-0.0896,7646.25
2025-12-03T00:00:00,True,2025-12-09,EOD,75.0,292.5,641.75,-349.25,False,0.0463,645.0
2025-12-04T00:00:00,False,2025-12-09,EOD,75.0,1087.5,665.55,421.95,True,0.2187,4173.75
2025-12-05T00:00:00,False,2025-12-09,TARGET,22.0,1893.24,657.82,1235.42,True,0.23,3671.25
2025-12-08T00:00:00,False,2025-12-09,EOD,75.0,1676.25,656.6,1019.65,True,-0.2096,4252.5
2025-12-09T00:00:00,False,2025-12-09,TARGET,41.0,3125.22,662.23,2462.99,True,-0.0797,6108.75
2025-12-10T00:00:00,True,2025-12-16,EOD,75.0,240.0,666.01,-426.01,False,-0.0962,3547.5
2025-12-11T00:00:00,False,2025-12-16,EOD,75.0,-1462.5,653.1,-2115.6,False,-0.095,1728.75
2025-12-12T00:00:00,False,2025-12-16,EOD,75.0,836.25,665.57,170.68,True,0.2158,3495.0
2025-12-15T00:00:00,False,2025-12-16,EOD,76.0,1256.25,651.85,604.4,True,0.1916,2771.25
2025-12-16T00:00:00,True,2025-12-16,TARGET,35.0,3400.84,666.86,2733.98,True,-0.1695,6787.5
2025-12-17T00:00:00,False,2025-12-23,EOD,76.0,1286.25,661.95,624.3,True,-0.1595,3907.5
2025-12-18T00:00:00,True,2025-12-23,EOD,75.0,438.75,654.79,-216.04,False,-0.0534,2868.75
2025-12-19T00:00:00,True,2025-12-23,EOD,75.0,577.5,673.22,-95.72,False,0.0096,6281.25
2025-12-22T00:00:00,False,2025-12-23,EOD,75.0,1916.25,663.65,1252.6,True,0.2129,5775.0
2025-12-23T00:00:00,False,2025-12-23,TARGET,38.0,2583.98,654.36,1929.62,True,-0.1555,5156.25
2025-12-24T00:00:00,True,2025-12-30,EOD,75.0,1597.5,678.83,918.67,True,-0.0675,6746.25
2025-12-26T00:00:00,True,2025-12-30,EOD,75.0,1462.5,658.83,803.67,True,-0.0412,4942.5
2025-12-29T00:00:00,False,2025-12-30,EOD,75.0,1263.75,652.63,611.12,True,-0.1549,3517.5
2025-12-30T00:00:00,False,2025-12-30,TARGET,38.0,2262.3,591.55,1670.75,True,-0.0735,4491.5
2025-12-31T00:00:00,True,2026-01-06,EOD,75.0,1095.25,602.19,493.06,True,0.2033,3529.5
2026-01-01T00:00:00,False,2026-01-06,EOD,75.0,373.75,604.4,-230.65,False,-0.0719,4595.5
2026-01-02T00:00:00,True,2026-01-06,TARGET,6.0,490.65,583.25,-92.6,False,0.1187,858.0
2026-01-05T00:00:00,False,2026-01-06,TARGET,55.0,2642.5,597.28,2045.22,True,-0.3082,5057.0
2026-01-06T00:00:00,False,2026-01-06,TARGET,38.0,1865.71,591.06,1274.65,True,-0.0953,3692.0
2026-01-07T00:00:00,True,2026-01-13,TARGET,51.0,411.99,583.18,-171.19,False,-0.057,747.5
2026-01-08T00:00:00,True,2026-01-13,TARGET,33.0,1469.23,593.61,875.62,True,-0.1707,2739.75
2026-01-09T00:00:00,False,2026-01-13,EOD,75.0,991.25,591.23,400.02,True,-0.1153,2470.0
2026-01-12T00:00:00,False,2026-01-13,STOP,28.0,-1747.72,588.23,-2335.95,False,0.0574,1088.75
2026-01-13T00:00:00,False,2026-01-13,TARGET,3.0,4098.97,609.37,3489.6,True,-0.3671,7244.25
2026-01-14T00:00:00,False,2026-01-20,EOD,75.0,221.0,589.08,-368.08,False,-0.0724,1300.0
2026-01-16T00:00:00,True,2026-01-20,EOD,76.0,344.5,594.38,-249.88,False,0.0306,2340.0
2026-01-19T00:00:00,True,2026-01-20,EOD,75.0,955.5,594.94,360.56,True,0.004,3103.75
2026-01-20T00:00:00,False,2026-01-20,TARGET,59.0,4583.24,653.6,3929.64,True,-0.0932,9015.5
2026-01-21T00:00:00,False,2026-01-27,EOD,75.0,-1049.75,598.98,-1648.73,False,0.092,1274.0
2026-01-22T00:00:00,False,2026-01-27,EOD,76.0,744.25,593.08,151.17,True,0.064,1742.0
2026-01-23T00:00:00,True,2026-01-27,TARGET,31.0,1257.91,592.66,665.25,True,-0.144,2362.75
2026-01-27T00:00:00,False,2026-01-27,TARGET,44.0,3460.19,615.69,2844.5,True,0.1276,6903.0
2026-01-28T00:00:00,True,2026-02-03,NOLEG,,,,0.0,,,
2026-01-29T00:00:00,True,2026-02-03,NOLEG,,,,0.0,,,
2026-01-30T00:00:00,False,2026-02-03,EOD,75.0,0.0,585.23,-585.23,False,-0.0215,750.75
2026-02-02T00:00:00,True,2026-02-03,TARGET,2.0,50.94,583.27,-532.33,False,0.0126,81.25
2026-02-03T00:00:00,False,2026-02-03,TARGET,45.0,7348.09,705.91,6642.18,True,0.1068,14664.0
2026-02-04T00:00:00,False,2026-02-10,EOD,75.0,3.25,587.83,-584.58,False,0.0224,334.75
2026-02-05T00:00:00,False,2026-02-10,TARGET,70.0,168.74,584.24,-415.5,False,0.0137,325.0
2026-02-06T00:00:00,False,2026-02-10,EOD,75.0,669.5,596.98,72.52,True,0.1373,2031.25
2026-02-09T00:00:00,False,2026-02-10,EOD,75.0,1667.25,606.77,1060.48,True,0.0254,4387.5
2026-02-10T00:00:00,False,2026-02-10,TARGET,42.0,2841.71,600.7,2241.01,True,-0.0085,5622.5
2026-02-11T00:00:00,True,2026-02-17,EOD,75.0,396.5,607.45,-210.95,False,-0.1857,4111.25
2026-02-12T00:00:00,True,2026-02-17,TARGET,67.0,1820.43,600.41,1220.02,True,-0.1557,3337.75
2026-02-13T00:00:00,False,2026-02-17,EOD,75.0,178.75,587.1,-408.35,False,-0.0398,819.0
2026-02-16T00:00:00,False,2026-02-17,TARGET,1.0,706.91,610.33,96.58,True,0.257,1280.5
2026-02-17T00:00:00,False,2026-02-17,TARGET,35.0,2515.2,603.82,1911.38,True,0.1655,4956.25
2026-02-18T00:00:00,False,2026-02-24,STOP,69.0,-45.61,580.43,-626.04,False,-0.0025,32.5
2026-02-19T00:00:00,True,2026-02-24,STOP,3.0,-29.94,582.12,-612.06,False,0.0029,16.25
2026-02-20T00:00:00,False,2026-02-24,TARGET,14.0,273.33,588.62,-315.29,False,0.0465,533.0
2026-02-23T00:00:00,False,2026-02-24,EOD,75.0,728.0,597.03,130.97,True,0.0644,1930.5
2026-02-24T00:00:00,False,2026-02-24,TARGET,12.0,3295.9,626.6,2669.3,True,-0.274,5931.25
2026-02-25T00:00:00,False,2026-03-02,EOD,76.0,-195.0,650.61,-845.61,False,-0.0183,6584.5
2026-02-26T00:00:00,False,2026-03-02,TARGET,37.0,293.36,583.99,-290.63,False,-0.0464,565.5
2026-02-27T00:00:00,True,2026-03-02,STOP,13.0,-369.02,584.39,-953.41,False,0.0114,221.0
2026-03-02T00:00:00,False,2026-03-02,TARGET,1.0,8419.09,622.68,7796.41,True,0.2693,5128.5
2026-03-04T00:00:00,False,2026-03-10,NOLEG,,,,0.0,,,
2026-03-05T00:00:00,False,2026-03-10,NOLEG,,,,0.0,,,
2026-03-06T00:00:00,False,2026-03-10,NOLEG,,,,0.0,,,
2026-03-09T00:00:00,False,2026-03-10,EOD,75.0,-68.25,590.26,-658.51,False,0.0178,406.25
2026-03-10T00:00:00,False,2026-03-10,TARGET,37.0,2337.09,629.28,1707.81,True,-0.0854,4605.25
2026-03-11T00:00:00,False,2026-03-17,STOP,62.0,-529.36,587.26,-1116.62,False,0.012,370.5
2026-03-12T00:00:00,False,2026-03-17,NOLEG,,,,0.0,,,
2026-03-13T00:00:00,True,2026-03-17,EOD,75.0,-52.0,582.08,-634.08,False,0.0021,104.0
2026-03-16T00:00:00,False,2026-03-17,TARGET,40.0,307.26,585.26,-278.0,False,-0.0158,562.25
2026-03-17T00:00:00,False,2026-03-17,TARGET,40.0,6860.36,632.57,6227.79,True,0.0258,13568.75
2026-03-18T00:00:00,False,2026-03-24,NOLEG,,,,0.0,,,
2026-03-19T00:00:00,False,2026-03-24,EOD,75.0,61.75,582.03,-520.28,False,0.0041,165.75
2026-03-20T00:00:00,False,2026-03-24,TARGET,28.0,99.34,581.25,-481.91,False,0.0058,198.25
2026-03-23T00:00:00,True,2026-03-24,NOSIM,,,,0.0,,,
2026-03-24T00:00:00,False,2026-03-24,TARGET,39.0,3350.05,637.01,2713.04,True,-0.0061,6659.25
2026-03-25T00:00:00,False,2026-03-30,NOLEG,,,,0.0,,,
2026-03-27T00:00:00,False,2026-03-30,NOLEG,,,,0.0,,,
2026-03-30T00:00:00,False,2026-03-30,TARGET,43.0,3137.96,655.34,2482.62,True,-0.0527,6119.75
2026-04-01T00:00:00,False,2026-04-07,NOLEG,,,,0.0,,,
2026-04-02T00:00:00,True,2026-04-07,NOLEG,,,,0.0,,,
2026-04-06T00:00:00,False,2026-04-07,STOP,1.0,-49.78,582.54,-632.32,False,0.0049,32.5
2026-04-07T00:00:00,False,2026-04-07,TARGET,41.0,3969.59,650.64,3318.95,True,0.0858,7806.5
2026-04-08T00:00:00,False,2026-04-13,EOD,75.0,208.0,582.19,-374.19,False,-0.0193,477.75
2026-04-09T00:00:00,False,2026-04-13,STOP,18.0,-152.59,586.56,-739.15,False,0.0085,97.5
2026-04-10T00:00:00,False,2026-04-13,STOP,24.0,-68.81,583.13,-651.94,False,-0.0017,48.75
2026-04-13T00:00:00,False,2026-04-13,TARGET,17.0,3245.08,631.73,2613.35,True,0.2561,6119.75
2026-04-15T00:00:00,False,2026-04-21,EOD,75.0,500.5,588.54,-88.04,False,-0.0003,1121.25
2026-04-16T00:00:00,True,2026-04-21,EOD,75.0,195.0,584.55,-389.55,False,-0.0154,516.75
2026-04-17T00:00:00,False,2026-04-21,STOP,59.0,-151.41,581.13,-732.54,False,-0.0045,104.0
2026-04-20T00:00:00,False,2026-04-21,TARGET,1.0,13.33,581.38,-568.05,False,-0.0076,9.75
2026-04-21T00:00:00,False,2026-04-21,TARGET,35.0,3350.43,636.45,2713.98,True,0.1073,6565.0
2026-04-22T00:00:00,False,2026-04-28,EOD,75.0,35.75,581.81,-546.06,False,0.0044,136.5
2026-04-23T00:00:00,False,2026-04-28,TARGET,50.0,109.22,580.81,-471.59,False,0.0104,188.5
2026-04-24T00:00:00,True,2026-04-28,EOD,75.0,-48.75,581.09,-629.84,False,0.0111,250.25
2026-04-27T00:00:00,False,2026-04-28,EOD,75.0,1248.0,624.57,623.43,True,0.1492,3081.0
2026-04-28T00:00:00,False,2026-04-28,TARGET,40.0,2392.01,605.72,1786.29,True,-0.1225,4667.0
2026-04-29T00:00:00,True,2026-05-05,EOD,75.0,-58.5,583.21,-641.71,False,-0.0054,338.0
2026-04-30T00:00:00,False,2026-05-05,STOP,12.0,-136.56,581.8,-718.36,False,0.0041,87.75
2026-05-04T00:00:00,True,2026-05-05,TARGET,35.0,184.01,584.16,-400.15,False,0.0228,367.25
2026-05-05T00:00:00,True,2026-05-05,TARGET,43.0,3488.97,609.73,2879.24,True,-0.0059,6600.75
2026-05-06T00:00:00,True,2026-05-12,STOP,66.0,-470.94,582.61,-1053.55,False,-0.0079,334.75
2026-05-07T00:00:00,False,2026-05-12,EOD,76.0,-130.0,586.56,-716.56,False,-0.0262,500.5
2026-05-08T00:00:00,False,2026-05-12,EOD,75.0,52.0,581.03,-529.03,False,0.0168,263.25
2026-05-11T00:00:00,True,2026-05-12,TARGET,38.0,242.52,581.22,-338.7,False,0.0467,484.25
2026-05-12T00:00:00,False,2026-05-12,TARGET,40.0,4459.6,657.63,3801.97,True,-0.1438,8008.0
2026-05-13T00:00:00,False,2026-05-19,EOD,75.0,16.25,582.1,-565.85,False,0.0005,182.0
2026-05-14T00:00:00,True,2026-05-19,EOD,75.0,32.5,582.73,-550.23,False,-0.0048,260.0
2026-05-15T00:00:00,False,2026-05-19,EOD,76.0,-224.25,582.88,-807.13,False,0.0146,357.5
2026-05-18T00:00:00,False,2026-05-19,TARGET,64.0,647.64,587.08,60.56,True,0.011,1277.25
2026-05-19T00:00:00,False,2026-05-19,TARGET,45.0,3180.16,609.91,2570.25,True,-0.08,6305.0
2026-05-20T00:00:00,False,2026-05-26,EOD,75.0,-68.25,585.39,-653.64,False,0.0085,354.25
2026-05-21T00:00:00,False,2026-05-26,EOD,76.0,6.5,580.94,-574.44,False,0.0052,110.5
2026-05-22T00:00:00,False,2026-05-26,EOD,75.0,156.0,592.81,-436.81,False,-0.0648,1891.5
2026-05-25T00:00:00,True,2026-05-26,TARGET,75.0,2892.5,613.48,2279.02,True,0.1908,5343.0
2026-05-26T00:00:00,False,2026-05-26,TARGET,39.0,4350.47,619.27,3731.2,True,-0.0279,8674.25
2026-05-27T00:00:00,False,2026-06-02,TARGET,75.0,132.65,581.69,-449.04,False,0.0146,260.0
2026-05-29T00:00:00,True,2026-06-02,EOD,75.0,796.25,604.47,191.78,True,-0.1174,2544.75
2026-06-01T00:00:00,False,2026-06-02,TARGET,33.0,764.36,589.43,174.93,True,-0.0693,1449.5
2026-06-02T00:00:00,False,2026-06-02,TARGET,44.0,4710.93,624.69,4086.24,True,0.1519,9269.0
2026-06-03T00:00:00,False,2026-06-09,TARGET,23.0,644.48,586.74,57.74,True,-0.061,1231.75
2026-06-04T00:00:00,False,2026-06-09,STOP,44.0,-285.41,589.75,-875.16,False,0.0123,198.25
2026-06-05T00:00:00,True,2026-06-09,EOD,75.0,130.0,584.97,-454.97,False,-0.0337,578.5
2026-06-08T00:00:00,False,2026-06-09,TARGET,37.0,176.1,580.96,-404.86,False,0.0204,347.75
2026-06-09T00:00:00,True,2026-06-09,TARGET,38.0,3750.13,606.1,3144.03,True,-0.0827,7322.25
2026-06-10T00:00:00,False,2026-06-16,NOLEG,,,,0.0,,,
2026-06-11T00:00:00,True,2026-06-16,NOLEG,,,,0.0,,,
2026-06-12T00:00:00,True,2026-06-16,STOP,58.0,-417.54,581.05,-998.59,False,-0.0105,289.25
2026-06-15T00:00:00,False,2026-06-16,EOD,76.0,637.0,603.38,33.62,True,-0.1659,2444.0
2026-06-16T00:00:00,True,2026-06-16,TARGET,39.0,3045.06,601.95,2443.11,True,0.0786,6067.75
2026-06-17T00:00:00,True,2026-06-23,EOD,75.0,1043.25,616.71,426.54,True,0.1275,4407.0
2026-06-18T00:00:00,True,2026-06-23,EOD,75.0,984.75,609.13,375.62,True,0.0965,3458.0
2026-06-19T00:00:00,True,2026-06-23,EOD,75.0,45.5,581.08,-535.58,False,0.0204,214.5
2026-06-22T00:00:00,True,2026-06-23,EOD,75.0,1865.5,601.73,1263.77,True,-0.0642,4511.0
2026-06-23T00:00:00,True,2026-06-23,TARGET,51.0,5588.47,627.72,4960.75,True,-0.0378,10536.5
2026-06-24T00:00:00,False,2026-06-30,EOD,76.0,-58.5,643.38,-701.88,False,0.2059,3315.0
2026-06-25T00:00:00,False,2026-06-30,TARGET,34.0,1531.15,598.83,932.32,True,0.1368,2908.75
2026-06-29T00:00:00,True,2026-06-30,EOD,75.0,-32.5,580.07,-612.57,False,0.0077,84.5
2026-06-30T00:00:00,False,2026-06-30,TARGET,1.0,2984.83,605.88,2378.95,True,-0.4298,5115.5
2026-07-01T00:00:00,False,2026-07-07,EOD,75.0,-611.0,654.61,-1265.61,False,0.0621,7517.25
2026-07-02T00:00:00,False,2026-07-07,TARGET,69.0,1426.26,602.9,823.36,True,0.1491,2840.5
2026-07-03T00:00:00,False,2026-07-07,EOD,76,55.25,583.59,-528.34,False,0.0515,708.5
2026-07-06T00:00:00,False,2026-07-07,EOD,75,-581.75,584.0,-1165.75,False,-0.0555,929.5
2026-07-07T00:00:00,False,2026-07-07,TARGET,48,3312.46,598.98,2713.48,True,-0.2462,6266.0
2026-07-08T00:00:00,False,2026-07-14,EOD,75,-867.75,591.52,-1459.27,False,-0.077,1241.5
2026-07-09T00:00:00,False,2026-07-14,EOD,75,29.25,602.08,-572.83,False,0.0238,1283.75
2026-07-10T00:00:00,False,2026-07-14,EOD,75,-74.75,582.75,-657.5,False,-0.0604,555.75
2026-07-13T00:00:00,False,2026-07-14,EOD,76,1014.0,593.46,420.54,True,0.1721,2177.5
2026-07-14T00:00:00,False,2026-07-14,TARGET,38,2859.19,605.24,2253.95,True,0.0378,5707.0
2026-07-15T00:00:00,False,2026-07-21,EOD,75,91.0,603.16,-512.16,False,-0.128,2964.0
2026-07-16T00:00:00,True,2026-07-21,EOD,75,877.5,601.71,275.79,True,-0.1722,3610.75
2026-07-17T00:00:00,True,2026-07-21,EOD,75,-45.5,579.75,-625.25,False,-0.0034,52.0
2026-07-20T00:00:00,False,2026-07-21,EOD,75,822.25,604.82,217.43,True,0.2015,3380.0
2026-07-21T00:00:00,True,2026-07-21,TARGET,39,2623.51,599.82,2023.69,True,-0.069,5200.0
2026-07-22T00:00:00,False,2026-07-28,EOD,75,-429.0,629.47,-1058.47,False,-0.0149,5889.0
2026-07-23T00:00:00,False,2026-07-28,EOD,75,-6.5,581.1,-587.6,False,0.0039,104.0
2026-07-24T00:00:00,True,2026-07-28,TARGET,39,217.55,581.34,-363.79,False,0.0299,377.0
2026-07-27T00:00:00,False,2026-07-28,TARGET,52,497.94,582.96,-85.02,False,-0.0868,913.25
2026-07-28T00:00:00,False,2026-07-28,TARGET,43,2552.36,594.03,1958.33,True,0.0157,4988.75
2026-07-29T00:00:00,True,2026-08-04,EOD,75,760.5,597.26,163.24,True,0.1097,2385.5
2026-07-30T00:00:00,False,2026-08-04,EOD,75,-217.75,592.84,-810.59,False,0.0268,1339.0
2026-07-31T00:00:00,False,2026-08-04,EOD,75,383.5,586.69,-203.19,False,-0.0143,1384.5
2026-08-03T00:00:00,True,2026-08-04,TARGET,24,1511.72,589.81,921.91,True,-0.2413,2856.75
2026-08-04T00:00:00,True,2026-08-04,TARGET,3,2724.73,594.79,2129.94,True,-0.5263,5382.0
2026-08-05T00:00:00,True,2026-08-11,EOD,76,-386.75,588.08,-974.83,False,-0.0344,728.0
2026-08-06T00:00:00,True,2026-08-11,EOD,75,-146.25,585.67,-731.92,False,-0.0398,991.25
2026-08-07T00:00:00,False,2026-08-11,EOD,75,880.75,603.48,277.27,True,-0.1674,4842.5
2026-08-10T00:00:00,True,2026-08-11,EOD,75,747.5,613.08,134.42,True,0.0,5954.0
2026-08-11T00:00:00,True,2026-08-11,TARGET,41,2941.71,607.37,2334.34,True,-0.1224,5853.25
2026-08-12T00:00:00,False,2026-08-18,EOD,75,273.0,585.03,-312.03,False,0.008,968.5
2026-08-13T00:00:00,False,2026-08-18,TARGET,75,409.5,582.62,-173.12,False,0.0342,770.25
2026-08-14T00:00:00,True,2026-08-18,EOD,75,117.0,580.81,-463.81,False,0.0282,318.5
2026-08-17T00:00:00,True,2026-08-18,EOD,75,1433.25,593.25,840.0,True,0.0877,3825.25
2026-08-18T00:00:00,True,2026-08-18,TARGET,46,2904.33,600.63,2303.7,True,-0.1547,5798.0
2026-08-19T00:00:00,False,2026-08-25,EOD,75,-65.0,599.61,-664.61,False,0.0411,2921.75
2026-08-20T00:00:00,False,2026-08-25,EOD,75,396.5,592.66,-196.16,False,0.0409,2083.25
2026-08-21T00:00:00,True,2026-08-25,EOD,75,152.75,602.78,-450.03,False,-0.1452,3890.25
2026-08-24T00:00:00,True,2026-08-25,TARGET,46,1814.09,595.0,1219.09,True,-0.2041,3513.25
2026-08-25T00:00:00,False,2026-08-25,TARGET,69,2979.01,605.43,2373.58,True,0.3826,5863.0
2026-08-26T00:00:00,False,2026-09-01,EOD,75,659.75,603.23,56.52,True,-0.0183,4485.0
2026-08-27T00:00:00,True,2026-09-01,EOD,75,1508.0,609.17,898.83,True,-0.1037,5102.5
2026-08-28T00:00:00,False,2026-09-01,EOD,75,-1257.75,596.24,-1853.99,False,-0.0318,2044.25
2026-08-31T00:00:00,True,2026-09-01,STOP,17,-1449.56,584.66,-2034.22,False,0.1153,971.75
2026-09-01T00:00:00,True,2026-09-01,TARGET,44,2654.66,594.08,2060.58,True,-0.0356,5193.5
2026-09-02T00:00:00,False,2026-09-08,EOD,75,-299.0,586.39,-885.39,False,-0.0697,981.5
2026-09-03T00:00:00,True,2026-09-08,EOD,75,2720.25,606.44,2113.81,True,-0.202,5622.5
2026-09-04T00:00:00,False,2026-09-08,EOD,75,-250.25,594.96,-845.21,False,-0.1725,2795.0
2026-09-07T00:00:00,True,2026-09-08,TARGET,22,1511.25,589.09,922.16,True,-0.2073,2925.0
2026-09-08T00:00:00,False,2026-09-08,TARGET,35,2786.14,600.22,2185.92,True,-0.3419,5502.25
2026-09-09T00:00:00,False,2026-09-15,EOD,75,286.0,586.71,-300.71,False,-0.0132,942.5
2026-09-10T00:00:00,False,2026-09-15,EOD,75,-156.0,584.34,-740.34,False,0.0283,318.5
2026-09-11T00:00:00,True,2026-09-15,TARGET,58,1777.43,602.01,1175.42,True,0.2286,3084.25
2026-09-15T00:00:00,False,2026-09-15,TARGET,34,5580.0,640.22,4939.78,True,0.1527,11105.25
2026-09-16T00:00:00,False,2026-09-22,EOD,75,630.5,603.75,26.75,True,0.0925,2499.25
2026-09-17T00:00:00,True,2026-09-22,EOD,75,29.25,580.54,-551.29,False,0.0033,74.75
2026-09-18T00:00:00,True,2026-09-22,EOD,75,13.0,599.29,-586.29,False,0.1659,2505.75
2026-09-21T00:00:00,True,2026-09-22,EOD,75,1368.25,606.01,762.24,True,0.1635,5291.0
2026-09-22T00:00:00,False,2026-09-22,TARGET,36,3262.05,604.38,2657.67,True,-0.2677,6483.75
2026-09-23T00:00:00,False,2026-09-29,EOD,75,214.5,585.59,-371.09,False,0.0422,702.0
2026-09-24T00:00:00,True,2026-09-29,EOD,75,-58.5,580.24,-638.74,False,-0.0004,87.75
2026-09-25T00:00:00,False,2026-09-29,TARGET,58,1603.49,598.46,1005.03,True,0.1962,2886.0
