date,ok,reason,strike,front,next,spot_close,spot_entry_expiry_move,F0,B0,credit,F1,B1,tv1,gross,lot,friction_inr,friction2x_inr,net,net2x,gross_inr,friction,year,eligible,mark_inconsistent
2021-01-01,True,,14050.0,2021-01-07,2021-01-14,14148.4,98.4,208.9,353.35,144.45,98.3999,284.45,186.0501,-41.6001,75.0,729.61,1179.61,-3849.62,-4299.62,-3120.01,"{'brokerage': 160.0, 'stt': 42.33, 'exchange_turnover': 40.06, 'sebi_turnover': 0.08, 'stamp_duty': 1.11, 'gst': 36.03, 'slippage': 450.0, 'total_rupees': 729.61, 'points_equivalent': 9.73}",2021,True,False
2021-01-04,True,,14150.0,2021-01-07,2021-01-14,14148.4,1.6,163.05,303.35,140.3,1.6001,257.75,256.1499,-115.8499,75.0,703.85,1153.85,-9392.59,-9842.59,-8688.74,"{'brokerage': 160.0, 'stt': 28.34, 'exchange_turnover': 30.25, 'sebi_turnover': 0.06, 'stamp_duty': 0.95, 'gst': 34.26, 'slippage': 450.0, 'total_rupees': 703.85, 'points_equivalent': 9.38}",2021,True,False
2021-01-05,True,,14200.0,2021-01-07,2021-01-14,14148.4,51.6,147.4,308.4,161.0,51.6001,253.75,202.1499,-41.1499,75.0,708.96,1158.96,-3795.2,-4245.2,-3086.24,"{'brokerage': 160.0, 'stt': 32.12, 'exchange_turnover': 31.41, 'sebi_turnover': 0.06, 'stamp_duty': 0.9, 'gst': 34.47, 'slippage': 450.0, 'total_rupees': 708.96, 'points_equivalent': 9.45}",2021,True,False
2021-01-06,True,,14200.0,2021-01-07,2021-01-14,14148.4,51.6,114.45,297.15,182.7,51.6001,253.75,202.1499,-19.4499,75.0,702.41,1152.41,-2161.15,-2611.15,-1458.74,"{'brokerage': 160.0, 'stt': 28.98, 'exchange_turnover': 28.58, 'sebi_turnover': 0.06, 'stamp_duty': 0.83, 'gst': 33.96, 'slippage': 450.0, 'total_rupees': 702.41, 'points_equivalent': 9.37}",2021,True,False
2021-01-07,False,front_is_same_day,,,,,,,,,,,,,,,,,,,,2021,False,False
2021-01-08,True,,14400.0,2021-01-14,2021-01-21,14599.0,199.0,219.25,355.5,136.25,199.0,341.1,142.1,-5.85,75.0,748.32,1198.32,-1187.07,-1637.07,-438.75,"{'brokerage': 160.0, 'stt': 52.08, 'exchange_turnover': 47.52, 'sebi_turnover': 0.09, 'stamp_duty': 1.26, 'gst': 37.37, 'slippage': 450.0, 'total_rupees': 748.32, 'points_equivalent': 9.98}",2021,True,False
2021-01-11,True,,14500.0,2021-01-14,2021-01-21,14599.0,99.0,190.9,355.7,164.8,99.0,294.55,195.55,-30.75,75.0,729.86,1179.86,-3036.11,-3486.11,-2306.25,"{'brokerage': 160.0, 'stt': 42.72, 'exchange_turnover': 39.96, 'sebi_turnover': 0.08, 'stamp_duty': 1.09, 'gst': 36.01, 'slippage': 450.0, 'total_rupees': 729.86, 'points_equivalent': 9.73}",2021,True,False
2021-01-12,True,,14600.0,2021-01-14,2021-01-21,14599.0,1.0,154.5,331.1,176.6,1.0,268.75,267.75,-91.15,75.0,705.85,1155.85,-7542.1,-7992.1,-6836.25,"{'brokerage': 160.0, 'stt': 29.52, 'exchange_turnover': 30.94, 'sebi_turnover': 0.06, 'stamp_duty': 0.95, 'gst': 34.38, 'slippage': 450.0, 'total_rupees': 705.85, 'points_equivalent': 9.41}",2021,True,False
2021-01-13,True,,14600.0,2021-01-14,2021-01-21,14599.0,1.0,96.9,304.6,207.7,1.0,268.75,267.75,-60.05,75.0,697.07,1147.07,-5200.82,-5650.82,-4503.75,"{'brokerage': 160.0, 'stt': 25.72, 'exchange_turnover': 26.84, 'sebi_turnover': 0.05, 'stamp_duty': 0.82, 'gst': 33.64, 'slippage': 450.0, 'total_rupees': 697.07, 'points_equivalent': 9.29}",2021,True,False
2021-01-14,False,front_is_same_day,,,,,,,,,,,,,,,,,,,,2021,False,False
2021-01-15,True,,14500.0,2021-01-21,2021-01-28,14631.6,131.6,284.05,424.75,140.7,131.6,312.7,181.1,-40.4,75.0,753.58,1203.58,-3783.58,-4233.58,-3030.0,"{'brokerage': 160.0, 'stt': 54.29, 'exchange_turnover': 50.02, 'sebi_turnover': 0.1, 'stamp_duty': 1.34, 'gst': 37.82, 'slippage': 450.0, 'total_rupees': 753.58, 'points_equivalent': 10.05}",2021,True,False
2021-01-18,True,,14250.0,2021-01-21,2021-01-28,14631.6,381.6,235.55,420.35,184.8,381.6,451.0,69.4,115.4,75.0,779.23,1229.23,7875.77,7425.77,8655.0,"{'brokerage': 160.0, 'stt': 67.71, 'exchange_turnover': 60.2, 'sebi_turnover': 0.12, 'stamp_duty': 1.54, 'gst': 39.66, 'slippage': 450.0, 'total_rupees': 779.23, 'points_equivalent': 10.39}",2021,True,False
2021-01-19,True,,14550.0,2021-01-21,2021-01-28,14631.6,81.6,155.9,332.7,176.8,81.6,305.55,223.95,-47.15,75.0,719.18,1169.18,-4255.43,-4705.43,-3536.25,"{'brokerage': 160.0, 'stt': 36.74, 'exchange_turnover': 36.03, 'sebi_turnover': 0.07, 'stamp_duty': 1.04, 'gst': 35.3, 'slippage': 450.0, 'total_rupees': 719.18, 'points_equivalent': 9.59}",2021,True,False
2021-01-20,True,,14650.0,2021-01-21,2021-01-28,14631.6,18.4,88.95,262.0,173.05,18.4,289.25,270.85,-97.8,75.0,694.95,1144.95,-8029.95,-8479.95,-7335.0,"{'brokerage': 160.0, 'stt': 24.02, 'exchange_turnover': 26.46, 'sebi_turnover': 0.05, 'stamp_duty': 0.85, 'gst': 33.57, 'slippage': 450.0, 'total_rupees': 694.95, 'points_equivalent': 9.27}",2021,True,False
2021-01-21,False,front_is_same_day,,,,,,,,,,,,,,,,,,,,2021,False,False
2021-01-22,True,,14400.0,2021-01-28,2021-02-04,13821.0,579.0,280.6,511.2,230.6,579.0,655.4,76.4,154.2,75.0,829.06,1279.06,10735.94,10285.94,11565.0,"{'brokerage': 160.0, 'stt': 91.57, 'exchange_turnover': 81.69, 'sebi_turnover': 0.16, 'stamp_duty': 2.11, 'gst': 43.53, 'slippage': 450.0, 'total_rupees': 829.06, 'points_equivalent': 11.05}",2021,True,False
2021-01-25,True,,14300.0,2021-01-28,2021-02-04,13821.0,479.0,197.85,478.9,281.05,479.0,591.2,112.2,168.85,75.0,799.79,1249.79,11863.96,11413.96,12663.75,"{'brokerage': 160.0, 'stt': 77.57, 'exchange_turnover': 69.06, 'sebi_turnover': 0.14, 'stamp_duty': 1.78, 'gst': 41.25, 'slippage': 450.0, 'total_rupees': 799.79, 'points_equivalent': 10.66}",2021,True,False
2021-01-27,True,,14000.0,2021-01-28,2021-02-04,13821.0,179.0,130.1,465.05,334.95,179.0,459.55,280.55,54.4,75.0,750.42,1200.42,3329.58,2879.58,4080.0,"{'brokerage': 160.0, 'stt': 52.53, 'exchange_turnover': 48.86, 'sebi_turnover': 0.1, 'stamp_duty': 1.33, 'gst': 37.61, 'slippage': 450.0, 'total_rupees': 750.42, 'points_equivalent': 10.01}",2021,True,False
2021-01-28,False,front_is_same_day,,,,,,,,,,,,,,,,,,,,2021,False,False
2021-01-29,False,exit_mark_inconsistent,13700.0,2021-02-04,2021-02-11,14889.0,1189.0,433.75,551.55,117.8,1189.0,1166.05,-22.95,140.75,75.0,949.52,1399.52,9606.73,9156.73,10556.25,"{'brokerage': 160.0, 'stt': 147.45, 'exchange_turnover': 135.05, 'sebi_turnover': 0.27, 'stamp_duty': 3.6, 'gst': 53.16, 'slippage': 450.0, 'total_rupees': 949.52, 'points_equivalent': 12.66}",2021,True,True
2021-02-01,True,,14350.0,2021-02-04,2021-02-11,14889.0,539.0,265.8,432.2,166.4,539.0,589.7,50.7,115.7,75.0,813.83,1263.83,7863.67,7413.67,8677.5,"{'brokerage': 160.0, 'stt': 84.4, 'exchange_turnover': 75.02, 'sebi_turnover': 0.15, 'stamp_duty': 1.92, 'gst': 42.33, 'slippage': 450.0, 'total_rupees': 813.83, 'points_equivalent': 10.85}",2021,True,False
2021-02-02,True,,14650.0,2021-02-04,2021-02-11,14889.0,239.0,203.9,408.85,204.95,239.0,382.15,143.15,61.8,75.0,755.99,1205.99,3879.01,3429.01,4635.0,"{'brokerage': 160.0, 'stt': 56.12, 'exchange_turnover': 50.54, 'sebi_turnover': 0.1, 'stamp_duty': 1.32, 'gst': 37.91, 'slippage': 450.0, 'total_rupees': 755.99, 'points_equivalent': 10.08}",2021,True,False
2021-02-03,True,,14800.0,2021-02-04,2021-02-11,14889.0,89.0,137.35,375.95,238.6,89.0,330.15,241.15,-2.55,75.0,725.66,1175.66,-916.91,-1366.91,-191.25,"{'brokerage': 160.0, 'stt': 40.62, 'exchange_turnover': 38.22, 'sebi_turnover': 0.08, 'stamp_duty': 1.05, 'gst': 35.69, 'slippage': 450.0, 'total_rupees': 725.66, 'points_equivalent': 9.68}",2021,True,False
2021-02-04,False,front_is_same_day,,,,,,,,,,,,,,,,,,,,2021,False,False
2021-02-05,True,,14950.0,2021-02-11,2021-02-18,15176.6,226.6,306.4,465.7,159.3,226.6,358.8,132.2,27.1,75.0,773.45,1223.45,1259.05,809.05,2032.5,"{'brokerage': 160.0, 'stt': 64.72, 'exchange_turnover': 57.88, 'sebi_turnover': 0.11, 'stamp_duty': 1.5, 'gst': 39.24, 'slippage': 450.0, 'total_rupees': 773.45, 'points_equivalent': 10.31}",2021,True,False
2021-02-08,True,,15150.0,2021-02-11,2021-02-18,15176.6,26.6,240.3,424.65,184.35,26.6,287.7,261.1,-76.75,75.0,734.3,1184.3,-6490.55,-6940.55,-5756.25,"{'brokerage': 160.0, 'stt': 44.25, 'exchange_turnover': 42.34, 'sebi_turnover': 0.08, 'stamp_duty': 1.19, 'gst': 36.44, 'slippage': 450.0, 'total_rupees': 734.3, 'points_equivalent': 9.79}",2021,True,False
2021-02-09,True,,15100.0,2021-02-11,2021-02-18,15176.6,76.6,211.05,409.15,198.1,76.6,295.4,218.8,-20.7,75.0,733.55,1183.55,-2286.05,-2736.05,-1552.5,"{'brokerage': 160.0, 'stt': 44.41, 'exchange_turnover': 41.61, 'sebi_turnover': 0.08, 'stamp_duty': 1.14, 'gst': 36.3, 'slippage': 450.0, 'total_rupees': 733.55, 'points_equivalent': 9.78}",2021,True,False
2021-02-10,True,,15150.0,2021-02-11,2021-02-18,15176.6,26.6,138.4,328.25,189.85,26.6,287.7,261.1,-71.25,75.0,712.14,1162.14,-6055.89,-6505.89,-5343.75,"{'brokerage': 160.0, 'stt': 33.37, 'exchange_turnover': 32.99, 'sebi_turnover': 0.07, 'stamp_duty': 0.96, 'gst': 34.75, 'slippage': 450.0, 'total_rupees': 712.14, 'points_equivalent': 9.5}",2021,True,False
2021-02-11,False,front_is_same_day,,,,,,,,,,,,,,,,,,,,2021,False,False
2021-02-12,True,,15200.0,2021-02-18,2021-02-25,15120.3,79.7,247.1,397.3,150.2,79.7001,285.7,205.9999,-55.7999,75.0,733.39,1183.39,-4918.38,-5368.38,-4184.99,"{'brokerage': 160.0, 'stt': 43.53, 'exchange_turnover': 42.16, 'sebi_turnover': 0.08, 'stamp_duty': 1.2, 'gst': 36.4, 'slippage': 450.0, 'total_rupees': 733.39, 'points_equivalent': 9.78}",2021,True,False
2021-02-15,True,,15350.0,2021-02-18,2021-02-25,15120.3,229.7,189.75,348.65,158.9,229.7001,332.3,102.5999,56.3001,75.0,742.65,1192.65,3479.86,3029.86,4222.51,"{'brokerage': 160.0, 'stt': 49.65, 'exchange_turnover': 44.85, 'sebi_turnover': 0.09, 'stamp_duty': 1.17, 'gst': 36.89, 'slippage': 450.0, 'total_rupees': 742.65, 'points_equivalent': 9.9}",2021,True,False
2021-02-16,True,,15350.0,2021-02-18,2021-02-25,15120.3,229.7,161.75,333.55,171.8,229.7001,332.3,102.5999,69.2001,75.0,737.9,1187.9,4452.11,4002.11,5190.01,"{'brokerage': 160.0, 'stt': 47.51, 'exchange_turnover': 42.7, 'sebi_turnover': 0.08, 'stamp_duty': 1.11, 'gst': 36.5, 'slippage': 450.0, 'total_rupees': 737.9, 'points_equivalent': 9.84}",2021,True,False
2021-02-17,True,,15200.0,2021-02-18,2021-02-25,15120.3,79.7,121.3,318.0,196.7,79.7001,285.7,205.9999,-9.2999,75.0,713.45,1163.45,-1410.94,-1860.94,-697.49,"{'brokerage': 160.0, 'stt': 34.76, 'exchange_turnover': 32.97, 'sebi_turnover': 0.07, 'stamp_duty': 0.92, 'gst': 34.75, 'slippage': 450.0, 'total_rupees': 713.45, 'points_equivalent': 9.51}",2021,True,False
2021-02-18,False,front_is_same_day,,,,,,,,,,,,,,,,,,,,2021,False,False
2021-02-19,True,,15000.0,2021-02-25,2021-03-04,15103.8,103.8,264.3,411.45,147.15,103.7999,334.05,230.2501,-83.1001,75.0,745.55,1195.55,-6978.06,-7428.06,-6232.51,"{'brokerage': 160.0, 'stt': 49.22, 'exchange_turnover': 47.52, 'sebi_turnover': 0.09, 'stamp_duty': 1.35, 'gst': 37.37, 'slippage': 450.0, 'total_rupees': 745.55, 'points_equivalent': 9.94}",2021,True,False
2021-02-22,True,,14650.0,2021-02-25,2021-03-04,15103.8,453.8,243.9,430.45,186.55,453.7999,537.8,84.0001,102.5499,75.0,794.56,1244.56,6896.68,6446.68,7691.24,"{'brokerage': 160.0, 'stt': 74.51, 'exchange_turnover': 67.23, 'sebi_turnover': 0.13, 'stamp_duty': 1.76, 'gst': 40.93, 'slippage': 450.0, 'total_rupees': 794.56, 'points_equivalent': 10.59}",2021,True,False
2021-02-23,True,,14750.0,2021-02-25,2021-03-04,15103.8,353.8,189.6,383.85,194.25,353.7999,468.5,114.7001,79.5499,75.0,771.79,1221.79,5194.45,4744.45,5966.24,"{'brokerage': 160.0, 'stt': 63.89, 'exchange_turnover': 57.19, 'sebi_turnover': 0.11, 'stamp_duty': 1.48, 'gst': 39.11, 'slippage': 450.0, 'total_rupees': 771.79, 'points_equivalent': 10.29}",2021,True,False
2021-02-24,True,,15000.0,2021-02-25,2021-03-04,15103.8,103.8,133.05,346.7,213.65,103.7999,334.05,230.2501,-16.6001,75.0,722.8,1172.8,-1967.81,-2417.81,-1245.01,"{'brokerage': 160.0, 'stt': 38.84, 'exchange_turnover': 37.31, 'sebi_turnover': 0.07, 'stamp_duty': 1.05, 'gst': 35.53, 'slippage': 450.0, 'total_rupees': 722.8, 'points_equivalent': 9.64}",2021,True,False
2021-02-25,False,front_is_same_day,,,,,,,,,,,,,,,,,,,,2021,False,False
2021-02-26,True,,14500.0,2021-03-04,2021-03-10,15086.9,586.9,402.95,583.95,181.0,586.8999,672.9,86.0001,94.9999,75.0,851.77,1301.77,6273.22,5823.22,7124.99,"{'brokerage': 160.0, 'stt': 101.67, 'exchange_turnover': 92.09, 'sebi_turnover': 0.18, 'stamp_duty': 2.42, 'gst': 45.41, 'slippage': 450.0, 'total_rupees': 851.77, 'points_equivalent': 11.36}",2021,True,False
2021-03-01,True,,14800.0,2021-03-04,2021-03-10,15086.9,286.9,288.85,474.5,185.65,286.8999,480.85,193.9501,-8.3001,75.0,785.55,1235.55,-1408.06,-1858.06,-622.51,"{'brokerage': 160.0, 'stt': 69.22, 'exchange_turnover': 64.11, 'sebi_turnover': 0.13, 'stamp_duty': 1.73, 'gst': 40.36, 'slippage': 450.0, 'total_rupees': 785.55, 'points_equivalent': 10.47}",2021,True,False
2021-03-02,True,,14950.0,2021-03-04,2021-03-10,15086.9,136.9,193.5,380.35,186.85,136.8999,419.75,282.8501,-96.0001,75.0,742.12,1192.12,-7942.13,-8392.13,-7200.01,"{'brokerage': 160.0, 'stt': 46.63, 'exchange_turnover': 46.78, 'sebi_turnover': 0.09, 'stamp_duty': 1.38, 'gst': 37.24, 'slippage': 450.0, 'total_rupees': 742.12, 'points_equivalent': 9.89}",2021,True,False
2021-03-03,True,,15250.0,2021-03-04,2021-03-10,15086.9,163.1,121.6,345.05,223.45,163.1001,402.35,239.2499,-15.7999,75.0,731.78,1181.78,-1916.77,-2366.77,-1184.99,"{'brokerage': 160.0, 'stt': 42.79, 'exchange_turnover': 41.45, 'sebi_turnover': 0.08, 'stamp_duty': 1.18, 'gst': 36.28, 'slippage': 450.0, 'total_rupees': 731.78, 'points_equivalent': 9.76}",2021,True,False
2021-03-04,False,front_is_same_day,,,,,,,,,,,,,,,,,,,,2021,False,False
2021-03-05,True,,14950.0,2021-03-10,2021-03-18,15168.5,218.5,361.4,570.3,208.9,218.5,398.35,179.85,29.05,75.0,791.45,1241.45,1387.3,937.3,2178.75,"{'brokerage': 160.0, 'stt': 73.21, 'exchange_turnover': 65.75, 'sebi_turnover': 0.13, 'stamp_duty': 1.71, 'gst': 40.66, 'slippage': 450.0, 'total_rupees': 791.45, 'points_equivalent': 10.55}",2021,True,False
2021-03-08,True,,14950.0,2021-03-10,2021-03-18,15168.5,218.5,259.95,496.25,236.3,218.5,398.35,179.85,56.45,75.0,770.77,1220.77,3462.98,3012.98,4233.75,"{'brokerage': 160.0, 'stt': 63.25, 'exchange_turnover': 56.87, 'sebi_turnover': 0.11, 'stamp_duty': 1.48, 'gst': 39.06, 'slippage': 450.0, 'total_rupees': 770.77, 'points_equivalent': 10.28}",2021,True,False
2021-03-09,True,,15100.0,2021-03-10,2021-03-18,15168.5,68.5,144.4,387.85,243.45,68.5,341.9,273.4,-29.95,75.0,724.89,1174.89,-2971.14,-3421.14,-2246.25,"{'brokerage': 160.0, 'stt': 39.58, 'exchange_turnover': 38.41, 'sebi_turnover': 0.08, 'stamp_duty': 1.09, 'gst': 35.73, 'slippage': 450.0, 'total_rupees': 724.89, 'points_equivalent': 9.67}",2021,True,False
2021-03-10,False,front_is_same_day,,,,,,,,,,,,,,,,,,,,2021,False,False
2021-03-12,True,,15100.0,2021-03-18,2021-03-25,14582.0,518.0,326.95,509.45,182.5,518.0,580.75,62.75,119.75,75.0,820.78,1270.78,8160.47,7710.47,8981.25,"{'brokerage': 160.0, 'stt': 87.22, 'exchange_turnover': 78.42, 'sebi_turnover': 0.16, 'stamp_duty': 2.04, 'gst': 42.94, 'slippage': 450.0, 'total_rupees': 820.78, 'points_equivalent': 10.94}",2021,True,False
2021-03-15,True,,14950.0,2021-03-18,2021-03-25,14582.0,368.0,265.35,465.45,200.1,368.0,475.3,107.3,92.8,75.0,789.62,1239.62,6170.38,5720.38,6960.0,"{'brokerage': 160.0, 'stt': 72.62, 'exchange_turnover': 64.73, 'sebi_turnover': 0.13, 'stamp_duty': 1.67, 'gst': 40.47, 'slippage': 450.0, 'total_rupees': 789.62, 'points_equivalent': 10.53}",2021,True,False
2021-03-16,True,,14950.0,2021-03-18,2021-03-25,14582.0,368.0,218.55,417.5,198.95,368.0,475.3,107.3,91.65,75.0,777.89,1227.89,6095.86,5645.86,6873.75,"{'brokerage': 160.0, 'stt': 66.66, 'exchange_turnover': 59.94, 'sebi_turnover': 0.12, 'stamp_duty': 1.56, 'gst': 39.61, 'slippage': 450.0, 'total_rupees': 777.89, 'points_equivalent': 10.37}",2021,True,False
2021-03-17,True,,14750.0,2021-03-18,2021-03-25,14582.0,168.0,155.75,400.4,244.65,168.0,394.25,226.25,18.4,75.0,742.11,1192.11,637.89,187.89,1380.0,"{'brokerage': 160.0, 'stt': 48.49, 'exchange_turnover': 45.32, 'sebi_turnover': 0.09, 'stamp_duty': 1.24, 'gst': 36.97, 'slippage': 450.0, 'total_rupees': 742.11, 'points_equivalent': 9.89}",2021,True,False
2021-03-18,False,front_is_same_day,,,,,,,,,,,,,,,,,,,,2021,False,False
2021-03-19,True,,14800.0,2021-03-25,2021-04-01,14346.3,453.7,329.85,482.6,152.75,453.7001,497.6,43.8999,108.8501,75.0,807.22,1257.22,7356.54,6906.54,8163.76,"{'brokerage': 160.0, 'stt': 81.09, 'exchange_turnover': 72.29, 'sebi_turnover': 0.14, 'stamp_duty': 1.86, 'gst': 41.84, 'slippage': 450.0, 'total_rupees': 807.22, 'points_equivalent': 10.76}",2021,True,False
2021-03-22,True,,14750.0,2021-03-25,2021-04-01,14346.3,403.7,263.65,435.15,171.5,403.7001,464.35,60.6499,110.8501,75.0,788.84,1238.84,7524.92,7074.92,8313.76,"{'brokerage': 160.0, 'stt': 72.51, 'exchange_turnover': 64.19, 'sebi_turnover': 0.13, 'stamp_duty': 1.64, 'gst': 40.38, 'slippage': 450.0, 'total_rupees': 788.84, 'points_equivalent': 10.52}",2021,True,False
2021-03-23,True,,14850.0,2021-03-25,2021-04-01,14346.3,503.7,194.8,379.85,185.05,503.7001,524.3,20.5999,164.4501,75.0,789.42,1239.42,11544.34,11094.34,12333.76,"{'brokerage': 160.0, 'stt': 73.13, 'exchange_turnover': 64.17, 'sebi_turnover': 0.13, 'stamp_duty': 1.62, 'gst': 40.37, 'slippage': 450.0, 'total_rupees': 789.42, 'points_equivalent': 10.53}",2021,True,False
2021-03-24,True,,14550.0,2021-03-25,2021-04-01,14346.3,203.7,156.25,405.8,249.55,203.7001,381.85,178.1499,71.4001,75.0,746.64,1196.64,4608.37,4158.37,5355.01,"{'brokerage': 160.0, 'stt': 51.68, 'exchange_turnover': 46.48, 'sebi_turnover': 0.09, 'stamp_duty': 1.21, 'gst': 37.18, 'slippage': 450.0, 'total_rupees': 746.64, 'points_equivalent': 9.96}",2021,True,False
2021-03-25,False,front_is_same_day,,,,,,,,,,,,,,,,,,,,2021,False,False
2021-03-26,True,,14600.0,2021-04-01,2021-04-08,14865.5,265.5,280.65,427.7,147.05,265.5,376.55,111.05,36.0,75.0,773.68,1223.68,1926.32,1476.32,2700.0,"{'brokerage': 160.0, 'stt': 65.1, 'exchange_turnover': 57.77, 'sebi_turnover': 0.11, 'stamp_duty': 1.48, 'gst': 39.22, 'slippage': 450.0, 'total_rupees': 773.68, 'points_equivalent': 10.32}",2021,True,False
2021-03-31,True,,14700.0,2021-04-01,2021-04-08,14865.5,165.5,154.3,344.35,190.05,165.5,319.15,153.65,36.4,75.0,731.58,1181.58,1998.42,1548.42,2730.0,"{'brokerage': 160.0, 'stt': 44.15, 'exchange_turnover': 40.23, 'sebi_turnover': 0.08, 'stamp_duty': 1.07, 'gst': 36.06, 'slippage': 450.0, 'total_rupees': 731.58, 'points_equivalent': 9.75}",2021,True,False
2021-04-01,False,front_is_same_day,,,,,,,,,,,,,,,,,,,,2021,False,False
2021-04-05,True,,14700.0,2021-04-08,2021-04-15,14877.6,177.6,254.45,414.55,160.1,177.6,359.85,182.25,-22.15,75.0,757.02,1207.02,-2418.27,-2868.27,-1661.25,"{'brokerage': 160.0, 'stt': 55.93, 'exchange_turnover': 51.51, 'sebi_turnover': 0.1, 'stamp_duty': 1.38, 'gst': 38.09, 'slippage': 450.0, 'total_rupees': 757.02, 'points_equivalent': 10.09}",2021,True,False
2021-04-06,True,,14700.0,2021-04-08,2021-04-15,14877.6,177.6,200.8,366.9,166.1,177.6,359.85,182.25,-16.15,75.0,742.83,1192.83,-1954.08,-2404.08,-1211.25,"{'brokerage': 160.0, 'stt': 48.63, 'exchange_turnover': 45.79, 'sebi_turnover': 0.09, 'stamp_duty': 1.26, 'gst': 37.06, 'slippage': 450.0, 'total_rupees': 742.83, 'points_equivalent': 9.9}",2021,True,False
2021-04-07,True,,14850.0,2021-04-08,2021-04-15,14877.6,27.6,131.9,328.15,196.25,27.6,316.25,288.65,-92.4,75.0,711.94,1161.94,-7641.94,-8091.94,-6930.0,"{'brokerage': 160.0, 'stt': 32.6, 'exchange_turnover': 33.44, 'sebi_turnover': 0.07, 'stamp_duty': 1.01, 'gst': 34.83, 'slippage': 450.0, 'total_rupees': 711.94, 'points_equivalent': 9.49}",2021,True,False
2021-04-08,False,front_is_same_day,,,,,,,,,,,,,,,,,,,,2021,False,False
2021-04-09,True,,14900.0,2021-04-15,2021-04-22,14589.7,310.3,259.15,395.15,136.0,310.3,397.9,87.6,48.4,75.0,766.26,1216.26,2863.74,2413.74,3630.0,"{'brokerage': 160.0, 'stt': 60.46, 'exchange_turnover': 55.42, 'sebi_turnover': 0.11, 'stamp_duty': 1.48, 'gst': 38.8, 'slippage': 450.0, 'total_rupees': 766.26, 'points_equivalent': 10.22}",2021,True,False
2021-04-12,True,,14350.0,2021-04-15,2021-04-22,14589.7,239.7,274.2,459.25,185.05,239.7,398.05,158.35,26.7,75.0,772.78,1222.78,1229.72,779.72,2002.5,"{'brokerage': 160.0, 'stt': 64.1, 'exchange_turnover': 57.83, 'sebi_turnover': 0.11, 'stamp_duty': 1.51, 'gst': 39.23, 'slippage': 450.0, 'total_rupees': 772.78, 'points_equivalent': 10.3}",2021,True,False
2021-04-13,True,,14550.0,2021-04-15,2021-04-22,14589.7,39.7,148.45,336.9,188.45,39.7,324.7,285.0,-96.55,75.0,718.23,1168.23,-7959.48,-8409.48,-7241.25,"{'brokerage': 160.0, 'stt': 35.8, 'exchange_turnover': 36.0, 'sebi_turnover': 0.07, 'stamp_duty': 1.06, 'gst': 35.29, 'slippage': 450.0, 'total_rupees': 718.23, 'points_equivalent': 9.58}",2021,True,False
2021-04-15,False,front_is_same_day,,,,,,,,,,,,,,,,,,,,2021,False,False
2021-04-16,True,,14700.0,2021-04-22,2021-04-29,14398.7,301.3,275.2,428.3,153.1,301.3,418.9,117.6,35.5,75.0,770.8,1220.8,1891.7,1441.7,2662.5,"{'brokerage': 160.0, 'stt': 62.21, 'exchange_turnover': 57.7, 'sebi_turnover': 0.11, 'stamp_duty': 1.56, 'gst': 39.21, 'slippage': 450.0, 'total_rupees': 770.8, 'points_equivalent': 10.28}",2021,True,False
2021-04-19,True,,14400.0,2021-04-22,2021-04-29,14398.7,1.3,246.85,442.5,195.65,1.3,386.65,385.35,-189.7,75.0,733.63,1183.63,-14961.13,-15411.13,-14227.5,"{'brokerage': 160.0, 'stt': 40.72, 'exchange_turnover': 44.56, 'sebi_turnover': 0.09, 'stamp_duty': 1.43, 'gst': 36.84, 'slippage': 450.0, 'total_rupees': 733.63, 'points_equivalent': 9.78}",2021,True,False
2021-04-20,True,,14300.0,2021-04-22,2021-04-29,14398.7,98.7,178.95,420.4,241.45,98.7,410.45,311.75,-70.3,75.0,740.29,1190.29,-6012.79,-6462.79,-5272.5,"{'brokerage': 160.0, 'stt': 46.19, 'exchange_turnover': 45.65, 'sebi_turnover': 0.09, 'stamp_duty': 1.33, 'gst': 37.03, 'slippage': 450.0, 'total_rupees': 740.29, 'points_equivalent': 9.87}",2021,True,False
2021-04-22,False,front_is_same_day,,,,,,,,,,,,,,,,,,,,2021,False,False
2021-04-23,True,,14450.0,2021-04-29,2021-05-06,14888.3,438.3,328.65,508.5,179.85,438.2999,551.45,113.1501,66.6999,75.0,819.87,1269.87,4182.62,3732.62,5002.49,"{'brokerage': 160.0, 'stt': 87.46, 'exchange_turnover': 77.5, 'sebi_turnover': 0.15, 'stamp_duty': 1.98, 'gst': 42.78, 'slippage': 450.0, 'total_rupees': 819.87, 'points_equivalent': 10.93}",2021,True,False
2021-04-26,True,,14550.0,2021-04-29,2021-05-06,14888.3,338.3,262.05,445.8,183.75,338.2999,487.8,149.5001,34.2499,75.0,787.67,1237.67,1781.07,1331.07,2568.74,"{'brokerage': 160.0, 'stt': 71.13, 'exchange_turnover': 64.32, 'sebi_turnover': 0.13, 'stamp_duty': 1.69, 'gst': 40.4, 'slippage': 450.0, 'total_rupees': 787.67, 'points_equivalent': 10.5}",2021,True,False
2021-04-27,True,,14700.0,2021-04-29,2021-05-06,14888.3,188.3,188.6,379.9,191.3,188.2999,412.45,224.1501,-32.8501,75.0,749.76,1199.76,-3213.52,-3663.52,-2463.76,"{'brokerage': 160.0, 'stt': 51.78, 'exchange_turnover': 48.91, 'sebi_turnover': 0.1, 'stamp_duty': 1.35, 'gst': 37.62, 'slippage': 450.0, 'total_rupees': 749.76, 'points_equivalent': 10.0}",2021,True,False
2021-04-28,True,,14900.0,2021-04-29,2021-05-06,14888.3,11.7,142.15,351.9,209.75,11.7001,362.55,350.8499,-141.0999,75.0,712.04,1162.04,-11294.53,-11744.53,-10582.49,"{'brokerage': 160.0, 'stt': 31.0, 'exchange_turnover': 34.77, 'sebi_turnover': 0.07, 'stamp_duty': 1.14, 'gst': 35.07, 'slippage': 450.0, 'total_rupees': 712.04, 'points_equivalent': 9.49}",2021,True,False
2021-04-29,False,front_is_same_day,,,,,,,,,,,,,,,,,,,,2021,False,False
2021-04-30,True,,14700.0,2021-05-06,2021-05-12,14733.1,33.1,337.8,479.95,142.15,33.1,303.4,270.3,-128.15,75.0,753.02,1203.02,-10364.27,-10814.27,-9611.25,"{'brokerage': 160.0, 'stt': 52.64, 'exchange_turnover': 50.87, 'sebi_turnover': 0.1, 'stamp_duty': 1.44, 'gst': 37.97, 'slippage': 450.0, 'total_rupees': 753.02, 'points_equivalent': 10.04}",2021,True,False
2021-05-03,True,,14700.0,2021-05-06,2021-05-12,14733.1,33.1,266.05,415.75,149.7,33.1,303.4,270.3,-120.6,75.0,738.48,1188.48,-9783.48,-10233.48,-9045.0,"{'brokerage': 160.0, 'stt': 45.65, 'exchange_turnover': 44.62, 'sebi_turnover': 0.09, 'stamp_duty': 1.28, 'gst': 36.85, 'slippage': 450.0, 'total_rupees': 738.48, 'points_equivalent': 9.85}",2021,True,False
2021-05-04,True,,14500.0,2021-05-06,2021-05-12,14733.1,233.1,218.1,387.45,169.35,233.1,380.05,146.95,22.4,75.0,754.23,1204.23,925.77,475.77,1680.0,"{'brokerage': 160.0, 'stt': 54.66, 'exchange_turnover': 50.26, 'sebi_turnover': 0.1, 'stamp_duty': 1.35, 'gst': 37.86, 'slippage': 450.0, 'total_rupees': 754.23, 'points_equivalent': 10.06}",2021,True,False
2021-05-05,True,,14650.0,2021-05-06,2021-05-12,14733.1,83.1,143.3,336.1,192.8,83.1,316.35,233.25,-40.45,75.0,720.88,1170.88,-3754.63,-4204.63,-3033.75,"{'brokerage': 160.0, 'stt': 37.86, 'exchange_turnover': 36.53, 'sebi_turnover': 0.07, 'stamp_duty': 1.03, 'gst': 35.39, 'slippage': 450.0, 'total_rupees': 720.88, 'points_equivalent': 9.61}",2021,True,False
2021-05-06,False,front_is_same_day,,,,,,,,,,,,,,,,,,,,2021,False,False
2021-05-07,True,,14900.0,2021-05-12,2021-05-20,14699.1,200.9,250.75,414.85,164.1,200.9,327.5,126.6,37.5,75.0,750.57,1200.57,2061.93,1611.93,2812.5,"{'brokerage': 160.0, 'stt': 52.96, 'exchange_turnover': 48.64, 'sebi_turnover': 0.1, 'stamp_duty': 1.3, 'gst': 37.57, 'slippage': 450.0, 'total_rupees': 750.57, 'points_equivalent': 10.01}",2021,True,False
2021-05-10,True,,15000.0,2021-05-12,2021-05-20,14699.1,300.9,180.75,351.85,171.1,300.9,375.8,74.9,96.2,75.0,750.73,1200.73,6464.27,6014.27,7215.0,"{'brokerage': 160.0, 'stt': 53.69, 'exchange_turnover': 48.19, 'sebi_turnover': 0.1, 'stamp_duty': 1.25, 'gst': 37.49, 'slippage': 450.0, 'total_rupees': 750.73, 'points_equivalent': 10.01}",2021,True,False
2021-05-11,True,,14850.0,2021-05-12,2021-05-20,14699.1,150.9,126.25,317.6,191.35,150.9,312.45,161.55,29.8,75.0,722.99,1172.99,1512.01,1062.01,2235.0,"{'brokerage': 160.0, 'stt': 39.8, 'exchange_turnover': 36.71, 'sebi_turnover': 0.07, 'stamp_duty': 0.99, 'gst': 35.42, 'slippage': 450.0, 'total_rupees': 722.99, 'points_equivalent': 9.64}",2021,True,False
2021-05-12,False,front_is_same_day,,,,,,,,,,,,,,,,,,,,2021,False,False
2021-05-14,True,,14700.0,2021-05-20,2021-05-27,14920.5,220.5,252.35,415.95,163.6,220.5,364.3,143.8,19.8,75.0,759.69,1209.69,725.31,275.31,1485.0,"{'brokerage': 160.0, 'stt': 57.53, 'exchange_turnover': 52.41, 'sebi_turnover': 0.1, 'stamp_duty': 1.39, 'gst': 38.25, 'slippage': 450.0, 'total_rupees': 759.69, 'points_equivalent': 10.13}",2021,True,False
2021-05-17,True,,14950.0,2021-05-20,2021-05-27,14920.5,29.5,194.15,355.85,161.7,29.5,286.95,257.45,-95.75,75.0,717.89,1167.89,-7899.14,-8349.14,-7181.25,"{'brokerage': 160.0, 'stt': 35.35, 'exchange_turnover': 36.07, 'sebi_turnover': 0.07, 'stamp_duty': 1.08, 'gst': 35.31, 'slippage': 450.0, 'total_rupees': 717.89, 'points_equivalent': 9.57}",2021,True,False
2021-05-18,True,,15150.0,2021-05-20,2021-05-27,14920.5,229.5,159.45,319.6,160.15,229.5,323.05,93.55,66.6,75.0,735.13,1185.13,4259.87,3809.87,4995.0,"{'brokerage': 160.0, 'stt': 46.11, 'exchange_turnover': 41.56, 'sebi_turnover': 0.08, 'stamp_duty': 1.09, 'gst': 36.3, 'slippage': 450.0, 'total_rupees': 735.13, 'points_equivalent': 9.8}",2021,True,False
2021-05-19,True,,15050.0,2021-05-20,2021-05-27,14920.5,129.5,123.6,306.6,183.0,129.5,291.7,162.2,20.8,75.0,717.59,1167.59,842.41,392.41,1560.0,"{'brokerage': 160.0, 'stt': 37.1, 'exchange_turnover': 34.47, 'sebi_turnover': 0.07, 'stamp_duty': 0.93, 'gst': 35.02, 'slippage': 450.0, 'total_rupees': 717.59, 'points_equivalent': 9.57}",2021,True,False
2021-05-20,False,front_is_same_day,,,,,,,,,,,,,,,,,,,,2021,False,False
2021-05-21,True,,15250.0,2021-05-27,2021-06-03,15371.4,121.4,231.75,362.9,131.15,121.3999,272.1,150.7001,-19.5501,75.0,737.11,1187.11,-2203.37,-2653.37,-1466.26,"{'brokerage': 160.0, 'stt': 46.72, 'exchange_turnover': 42.68, 'sebi_turnover': 0.08, 'stamp_duty': 1.13, 'gst': 36.5, 'slippage': 450.0, 'total_rupees': 737.11, 'points_equivalent': 9.83}",2021,True,False
2021-05-24,True,,15250.0,2021-05-27,2021-06-03,15371.4,121.4,187.95,333.3,145.35,121.3999,272.1,150.7001,-5.3501,75.0,728.53,1178.53,-1129.79,-1579.79,-401.26,"{'brokerage': 160.0, 'stt': 42.64, 'exchange_turnover': 38.96, 'sebi_turnover': 0.08, 'stamp_duty': 1.04, 'gst': 35.83, 'slippage': 450.0, 'total_rupees': 728.53, 'points_equivalent': 9.71}",2021,True,False
2021-05-25,True,,15250.0,2021-05-27,2021-06-03,15371.4,121.4,147.55,300.55,153.0,121.3999,272.1,150.7001,2.2999,75.0,719.84,1169.84,-547.35,-997.35,172.49,"{'brokerage': 160.0, 'stt': 38.38, 'exchange_turnover': 35.28, 'sebi_turnover': 0.07, 'stamp_duty': 0.94, 'gst': 35.16, 'slippage': 450.0, 'total_rupees': 719.84, 'points_equivalent': 9.6}",2021,True,False
2021-05-26,True,,15300.0,2021-05-27,2021-06-03,15371.4,71.4,104.7,288.7,184.0,71.3999,262.3,190.9001,-6.9001,75.0,705.3,1155.3,-1222.81,-1672.81,-517.51,"{'brokerage': 160.0, 'stt': 30.83, 'exchange_turnover': 29.47, 'sebi_turnover': 0.06, 'stamp_duty': 0.83, 'gst': 34.11, 'slippage': 450.0, 'total_rupees': 705.3, 'points_equivalent': 9.4}",2021,True,False
2021-05-27,False,front_is_same_day,,,,,,,,,,,,,,,,,,,,2021,False,False
2021-05-28,True,,15450.0,2021-06-03,2021-06-10,15688.0,238.0,216.55,326.0,109.45,238.0,314.0,76.0,33.45,75.0,745.67,1195.67,1763.08,1313.08,2508.75,"{'brokerage': 160.0, 'stt': 51.29, 'exchange_turnover': 46.0, 'sebi_turnover': 0.09, 'stamp_duty': 1.19, 'gst': 37.1, 'slippage': 450.0, 'total_rupees': 745.67, 'points_equivalent': 9.94}",2021,True,False
2021-05-31,True,,15600.0,2021-06-03,2021-06-10,15688.0,88.0,177.45,299.35,121.9,88.0,240.9,152.9,-31.0,75.0,718.38,1168.38,-3043.38,-3493.38,-2325.0,"{'brokerage': 160.0, 'stt': 37.51, 'exchange_turnover': 34.79, 'sebi_turnover': 0.07, 'stamp_duty': 0.94, 'gst': 35.07, 'slippage': 450.0, 'total_rupees': 718.38, 'points_equivalent': 9.58}",2021,True,False
2021-06-01,True,,15600.0,2021-06-03,2021-06-10,15688.0,88.0,144.2,284.8,140.6,88.0,240.9,152.9,-12.3,75.0,711.24,1161.24,-1633.74,-2083.74,-922.5,"{'brokerage': 160.0, 'stt': 34.02, 'exchange_turnover': 31.77, 'sebi_turnover': 0.06, 'stamp_duty': 0.87, 'gst': 34.53, 'slippage': 450.0, 'total_rupees': 711.24, 'points_equivalent': 9.48}",2021,True,False
2021-06-02,True,,15600.0,2021-06-03,2021-06-10,15688.0,88.0,95.45,254.1,158.65,88.0,240.9,152.9,5.75,75.0,702.45,1152.45,-271.2,-721.2,431.25,"{'brokerage': 160.0, 'stt': 29.95, 'exchange_turnover': 27.86, 'sebi_turnover': 0.06, 'stamp_duty': 0.76, 'gst': 33.83, 'slippage': 450.0, 'total_rupees': 702.45, 'points_equivalent': 9.37}",2021,True,False
2021-06-03,False,front_is_same_day,,,,,,,,,,,,,,,,,,,,2021,False,False
2021-06-04,True,,15700.0,2021-06-10,2021-06-17,15745.2,45.2,200.05,303.45,103.4,45.2,226.45,181.25,-77.85,75.0,713.91,1163.91,-6552.66,-7002.66,-5838.75,"{'brokerage': 160.0, 'stt': 34.47, 'exchange_turnover': 33.56, 'sebi_turnover': 0.07, 'stamp_duty': 0.96, 'gst': 34.85, 'slippage': 450.0, 'total_rupees': 713.91, 'points_equivalent': 9.52}",2021,True,False
2021-06-07,True,,15750.0,2021-06-10,2021-06-17,15745.2,4.8,168.55,281.45,112.9,4.8,220.15,215.35,-102.45,75.0,702.14,1152.14,-8385.89,-8835.89,-7683.75,"{'brokerage': 160.0, 'stt': 28.21, 'exchange_turnover': 28.97, 'sebi_turnover': 0.06, 'stamp_duty': 0.87, 'gst': 34.03, 'slippage': 450.0, 'total_rupees': 702.14, 'points_equivalent': 9.36}",2021,True,False
2021-06-08,True,,15750.0,2021-06-10,2021-06-17,15745.2,4.8,130.25,256.95,126.7,4.8,220.15,215.35,-88.65,75.0,694.29,1144.29,-7343.04,-7793.04,-6648.75,"{'brokerage': 160.0, 'stt': 24.43, 'exchange_turnover': 25.61, 'sebi_turnover': 0.05, 'stamp_duty': 0.79, 'gst': 33.42, 'slippage': 450.0, 'total_rupees': 694.29, 'points_equivalent': 9.26}",2021,True,False
2021-06-09,True,,15650.0,2021-06-10,2021-06-17,15745.2,95.2,96.8,248.35,151.55,95.2,239.6,144.4,7.15,75.0,701.93,1151.93,-165.68,-615.68,536.25,"{'brokerage': 160.0, 'stt': 29.63, 'exchange_turnover': 27.7, 'sebi_turnover': 0.05, 'stamp_duty': 0.76, 'gst': 33.8, 'slippage': 450.0, 'total_rupees': 701.93, 'points_equivalent': 9.36}",2021,True,False
2021-06-10,False,front_is_same_day,,,,,,,,,,,,,,,,,,,,2021,False,False
2021-06-11,True,,15800.0,2021-06-17,2021-06-24,15681.0,119.0,181.0,297.5,116.5,119.0,251.65,132.65,-16.15,75.0,719.9,1169.9,-1931.15,-2381.15,-1211.25,"{'brokerage': 160.0, 'stt': 38.04, 'exchange_turnover': 35.6, 'sebi_turnover': 0.07, 'stamp_duty': 0.97, 'gst': 35.22, 'slippage': 450.0, 'total_rupees': 719.9, 'points_equivalent': 9.6}",2021,True,False
2021-06-14,True,,15850.0,2021-06-17,2021-06-24,15681.0,169.0,152.15,274.0,121.85,169.0,267.2,98.2,23.65,75.0,718.6,1168.6,1055.15,605.15,1773.75,"{'brokerage': 160.0, 'stt': 37.62, 'exchange_turnover': 34.88, 'sebi_turnover': 0.07, 'stamp_duty': 0.94, 'gst': 35.09, 'slippage': 450.0, 'total_rupees': 718.6, 'points_equivalent': 9.58}",2021,True,False
2021-06-15,True,,15900.0,2021-06-17,2021-06-24,15681.0,219.0,128.55,264.3,135.75,219.0,287.95,68.95,66.8,75.0,721.82,1171.82,4288.18,3838.18,5010.0,"{'brokerage': 160.0, 'stt': 39.72, 'exchange_turnover': 35.83, 'sebi_turnover': 0.07, 'stamp_duty': 0.94, 'gst': 35.26, 'slippage': 450.0, 'total_rupees': 721.82, 'points_equivalent': 9.62}",2021,True,False
2021-06-16,True,,15800.0,2021-06-17,2021-06-24,15681.0,119.0,109.9,265.55,155.65,119.0,251.65,132.65,23.0,75.0,707.18,1157.18,1017.82,567.82,1725.0,"{'brokerage': 160.0, 'stt': 32.17, 'exchange_turnover': 29.94, 'sebi_turnover': 0.06, 'stamp_duty': 0.81, 'gst': 34.2, 'slippage': 450.0, 'total_rupees': 707.18, 'points_equivalent': 9.43}",2021,True,False
2021-06-17,False,front_is_same_day,,,,,,,,,,,,,,,,,,,,2021,False,False
2021-06-18,True,,15700.0,2021-06-24,2021-07-01,15794.5,94.5,204.85,316.6,111.75,94.5,258.2,163.7,-51.95,75.0,722.57,1172.57,-4618.82,-5068.82,-3896.25,"{'brokerage': 160.0, 'stt': 38.82, 'exchange_turnover': 37.14, 'sebi_turnover': 0.07, 'stamp_duty': 1.04, 'gst': 35.5, 'slippage': 450.0, 'total_rupees': 722.57, 'points_equivalent': 9.63}",2021,True,False
2021-06-21,True,,15750.0,2021-06-24,2021-07-01,15794.5,44.5,168.75,305.85,137.1,44.5,245.85,201.35,-64.25,75.0,710.7,1160.7,-5529.45,-5979.45,-4818.75,"{'brokerage': 160.0, 'stt': 32.81, 'exchange_turnover': 32.27, 'sebi_turnover': 0.06, 'stamp_duty': 0.93, 'gst': 34.62, 'slippage': 450.0, 'total_rupees': 710.7, 'points_equivalent': 9.48}",2021,True,False
2021-06-22,True,,15800.0,2021-06-24,2021-07-01,15794.5,5.5,134.05,280.85,146.8,5.5,237.55,232.05,-85.25,75.0,697.04,1147.04,-7090.79,-7540.79,-6393.75,"{'brokerage': 160.0, 'stt': 25.53, 'exchange_turnover': 26.97, 'sebi_turnover': 0.05, 'stamp_duty': 0.84, 'gst': 33.66, 'slippage': 450.0, 'total_rupees': 697.04, 'points_equivalent': 9.29}",2021,True,False
2021-06-23,True,,15700.0,2021-06-24,2021-07-01,15794.5,94.5,110.5,277.55,167.05,94.5,258.2,163.7,3.35,75.0,707.63,1157.63,-456.38,-906.38,251.25,"{'brokerage': 160.0, 'stt': 32.24, 'exchange_turnover': 30.25, 'sebi_turnover': 0.06, 'stamp_duty': 0.83, 'gst': 34.26, 'slippage': 450.0, 'total_rupees': 707.63, 'points_equivalent': 9.44}",2021,True,False
2021-06-24,False,front_is_same_day,,,,,,,,,,,,,,,,,,,,2021,False,False
2021-06-25,True,,15900.0,2021-07-01,2021-07-08,15693.0,207.0,182.4,289.9,107.5,207.0,252.2,45.2,62.3,75.0,727.14,1177.14,3945.36,3495.36,4672.5,"{'brokerage': 160.0, 'stt': 42.52, 'exchange_turnover': 37.93, 'sebi_turnover': 0.08, 'stamp_duty': 0.98, 'gst': 35.64, 'slippage': 450.0, 'total_rupees': 727.14, 'points_equivalent': 9.7}",2021,True,False
2021-06-28,True,,15850.0,2021-07-01,2021-07-08,15693.0,157.0,170.4,268.65,98.25,157.0,225.15,68.15,30.1,75.0,716.95,1166.95,1540.55,1090.55,2257.5,"{'brokerage': 160.0, 'stt': 37.29, 'exchange_turnover': 33.81, 'sebi_turnover': 0.07, 'stamp_duty': 0.89, 'gst': 34.9, 'slippage': 450.0, 'total_rupees': 716.95, 'points_equivalent': 9.56}",2021,True,False
2021-06-29,True,,15750.0,2021-07-01,2021-07-08,15693.0,57.0,125.95,238.2,112.25,57.0,190.9,133.9,-21.65,75.0,697.07,1147.07,-2320.82,-2770.82,-1623.75,"{'brokerage': 160.0, 'stt': 27.16, 'exchange_turnover': 25.72, 'sebi_turnover': 0.05, 'stamp_duty': 0.71, 'gst': 33.44, 'slippage': 450.0, 'total_rupees': 697.07, 'points_equivalent': 9.29}",2021,True,False
2021-06-30,True,,15700.0,2021-07-01,2021-07-08,15693.0,7.0,86.55,217.2,130.65,7.0,187.8,180.8,-50.15,75.0,685.3,1135.3,-4446.55,-4896.55,-3761.25,"{'brokerage': 160.0, 'stt': 21.03, 'exchange_turnover': 21.01, 'sebi_turnover': 0.04, 'stamp_duty': 0.62, 'gst': 32.59, 'slippage': 450.0, 'total_rupees': 685.3, 'points_equivalent': 9.14}",2021,True,False
2021-07-01,False,front_is_same_day,,,,,,,,,,,,,,,,,,,,2021,False,False
2021-07-02,True,,15750.0,2021-07-08,2021-07-15,15728.0,22.0,151.1,228.5,77.4,22.0,211.05,189.05,-111.65,50.0,525.15,825.15,-6107.65,-6407.65,-5582.5,"{'brokerage': 160.0, 'stt': 15.65, 'exchange_turnover': 17.05, 'sebi_turnover': 0.03, 'stamp_duty': 0.54, 'gst': 31.87, 'slippage': 300.0, 'total_rupees': 525.15, 'points_equivalent': 10.5}",2021,True,False
2021-07-05,True,,15850.0,2021-07-08,2021-07-15,15728.0,122.0,120.35,204.85,84.5,122.0,228.05,106.05,-21.55,50.0,530.0,830.0,-1607.5,-1907.5,-1077.5,"{'brokerage': 160.0, 'stt': 18.96, 'exchange_turnover': 18.37, 'sebi_turnover': 0.04, 'stamp_duty': 0.52, 'gst': 32.11, 'slippage': 300.0, 'total_rupees': 530.0, 'points_equivalent': 10.6}",2021,True,False
2021-07-06,True,,15850.0,2021-07-08,2021-07-15,15728.0,122.0,103.2,205.2,102.0,122.0,228.05,106.05,-4.05,50.0,528.26,828.26,-730.76,-1030.76,-202.5,"{'brokerage': 160.0, 'stt': 18.2, 'exchange_turnover': 17.56, 'sebi_turnover': 0.03, 'stamp_duty': 0.5, 'gst': 31.97, 'slippage': 300.0, 'total_rupees': 528.26, 'points_equivalent': 10.57}",2021,True,False
2021-07-07,True,,15900.0,2021-07-08,2021-07-15,15728.0,172.0,76.9,200.05,123.15,172.0,245.75,73.75,49.4,50.0,530.63,830.63,1939.37,1639.37,2470.0,"{'brokerage': 160.0, 'stt': 19.86, 'exchange_turnover': 18.17, 'sebi_turnover': 0.04, 'stamp_duty': 0.48, 'gst': 32.08, 'slippage': 300.0, 'total_rupees': 530.63, 'points_equivalent': 10.61}",2021,True,False
2021-07-08,False,front_is_same_day,,,,,,,,,,,,,,,,,,,,2021,False,False
2021-07-09,True,,15700.0,2021-07-15,2021-07-22,15919.3,219.3,174.3,271.6,97.3,219.2999,278.75,59.4501,37.8499,50.0,548.61,848.61,1343.88,1043.88,1892.49,"{'brokerage': 160.0, 'stt': 28.55, 'exchange_turnover': 25.86, 'sebi_turnover': 0.05, 'stamp_duty': 0.68, 'gst': 33.46, 'slippage': 300.0, 'total_rupees': 548.61, 'points_equivalent': 10.97}",2021,True,False
2021-07-12,True,,15700.0,2021-07-15,2021-07-22,15919.3,219.3,140.4,240.9,100.5,219.2999,278.75,59.4501,41.0499,50.0,544.15,844.15,1508.34,1208.34,2052.49,"{'brokerage': 160.0, 'stt': 26.43, 'exchange_turnover': 23.93, 'sebi_turnover': 0.05, 'stamp_duty': 0.63, 'gst': 33.12, 'slippage': 300.0, 'total_rupees': 544.15, 'points_equivalent': 10.88}",2021,True,False
2021-07-13,True,,15850.0,2021-07-15,2021-07-22,15919.3,69.3,106.4,210.55,104.15,69.2999,195.45,126.1501,-22.0001,50.0,526.28,826.28,-1626.29,-1926.29,-1100.01,"{'brokerage': 160.0, 'stt': 17.54, 'exchange_turnover': 16.48, 'sebi_turnover': 0.03, 'stamp_duty': 0.45, 'gst': 31.77, 'slippage': 300.0, 'total_rupees': 526.28, 'points_equivalent': 10.53}",2021,True,False
2021-07-14,True,,15850.0,2021-07-15,2021-07-22,15919.3,69.3,76.35,198.8,122.45,69.2999,195.45,126.1501,-3.7001,50.0,521.73,821.73,-706.74,-1006.74,-185.01,"{'brokerage': 160.0, 'stt': 15.28, 'exchange_turnover': 14.58, 'sebi_turnover': 0.03, 'stamp_duty': 0.41, 'gst': 31.43, 'slippage': 300.0, 'total_rupees': 521.73, 'points_equivalent': 10.43}",2021,True,False
2021-07-15,False,front_is_same_day,,,,,,,,,,,,,,,,,,,,2021,False,False
2021-07-16,True,,15950.0,2021-07-22,2021-07-29,15828.7,121.3,150.35,244.95,94.6,121.3,198.4,77.1,17.5,50.0,534.22,834.22,340.78,40.78,875.0,"{'brokerage': 160.0, 'stt': 21.59, 'exchange_turnover': 19.71, 'sebi_turnover': 0.04, 'stamp_duty': 0.52, 'gst': 32.35, 'slippage': 300.0, 'total_rupees': 534.22, 'points_equivalent': 10.68}",2021,True,False
2021-07-19,True,,15750.0,2021-07-22,2021-07-29,15828.7,78.7,131.05,247.5,116.45,78.7,187.35,108.65,7.8,50.0,529.92,829.92,-139.92,-439.92,390.0,"{'brokerage': 160.0, 'stt': 19.5, 'exchange_turnover': 17.88, 'sebi_turnover': 0.04, 'stamp_duty': 0.48, 'gst': 32.03, 'slippage': 300.0, 'total_rupees': 529.92, 'points_equivalent': 10.6}",2021,True,False
2021-07-20,True,,15650.0,2021-07-22,2021-07-29,15828.7,178.7,104.45,243.6,139.15,178.7,233.65,54.95,84.2,50.0,537.48,837.48,3672.52,3372.52,4210.0,"{'brokerage': 160.0, 'stt': 23.84, 'exchange_turnover': 20.58, 'sebi_turnover': 0.04, 'stamp_duty': 0.51, 'gst': 32.51, 'slippage': 300.0, 'total_rupees': 537.48, 'points_equivalent': 10.75}",2021,True,False
2021-07-22,False,front_is_same_day,,,,,,,,,,,,,,,,,,,,2021,False,False
2021-07-23,True,,15900.0,2021-07-29,2021-08-05,15783.1,116.9,152.95,232.6,79.65,116.9,193.9,77.0,2.65,50.0,532.0,832.0,-399.5,-699.5,132.5,"{'brokerage': 160.0, 'stt': 20.24, 'exchange_turnover': 18.98, 'sebi_turnover': 0.04, 'stamp_duty': 0.52, 'gst': 32.22, 'slippage': 300.0, 'total_rupees': 532.0, 'points_equivalent': 10.64}",2021,True,False
2021-07-26,True,,15850.0,2021-07-29,2021-08-05,15783.1,66.9,138.15,231.45,93.3,66.9,182.5,115.6,-22.3,50.0,527.15,827.15,-1642.15,-1942.15,-1115.0,"{'brokerage': 160.0, 'stt': 17.72, 'exchange_turnover': 17.05, 'sebi_turnover': 0.03, 'stamp_duty': 0.48, 'gst': 31.87, 'slippage': 300.0, 'total_rupees': 527.15, 'points_equivalent': 10.54}",2021,True,False
2021-07-27,True,,15750.0,2021-07-29,2021-08-05,15783.1,33.1,122.25,237.85,115.6,33.1,187.4,154.3,-38.7,50.0,525.5,825.5,-2460.5,-2760.5,-1935.0,"{'brokerage': 160.0, 'stt': 16.9, 'exchange_turnover': 16.35, 'sebi_turnover': 0.03, 'stamp_duty': 0.46, 'gst': 31.75, 'slippage': 300.0, 'total_rupees': 525.5, 'points_equivalent': 10.51}",2021,True,False
2021-07-28,True,,15700.0,2021-07-29,2021-08-05,15783.1,83.1,92.75,232.3,139.55,83.1,201.9,118.8,20.75,50.0,526.55,826.55,510.95,210.95,1037.5,"{'brokerage': 160.0, 'stt': 17.86, 'exchange_turnover': 16.46, 'sebi_turnover': 0.03, 'stamp_duty': 0.44, 'gst': 31.77, 'slippage': 300.0, 'total_rupees': 526.55, 'points_equivalent': 10.53}",2021,True,False
2021-07-29,False,front_is_same_day,,,,,,,,,,,,,,,,,,,,2021,False,False
2021-07-30,True,,15800.0,2021-08-05,2021-08-12,16283.3,483.3,165.75,250.0,84.25,483.2999,508.7,25.4001,58.8499,50.0,576.72,876.72,2365.77,2065.77,2942.49,"{'brokerage': 160.0, 'stt': 41.81, 'exchange_turnover': 38.14, 'sebi_turnover': 0.08, 'stamp_duty': 1.01, 'gst': 35.68, 'slippage': 300.0, 'total_rupees': 576.72, 'points_equivalent': 11.53}",2021,True,False
2021-08-02,True,,15900.0,2021-08-05,2021-08-12,16283.3,383.3,130.25,225.55,95.3,383.2999,421.3,38.0001,57.2999,50.0,560.79,860.79,2304.21,2004.21,2865.0,"{'brokerage': 160.0, 'stt': 34.25, 'exchange_turnover': 31.22, 'sebi_turnover': 0.06, 'stamp_duty': 0.83, 'gst': 34.43, 'slippage': 300.0, 'total_rupees': 560.79, 'points_equivalent': 11.22}",2021,True,False
2021-08-03,True,,16150.0,2021-08-05,2021-08-12,16283.3,133.3,133.4,256.35,122.95,133.2999,245.1,111.8001,11.1499,50.0,538.38,838.38,19.12,-280.88,557.5,"{'brokerage': 160.0, 'stt': 23.61, 'exchange_turnover': 21.48, 'sebi_turnover': 0.04, 'stamp_duty': 0.57, 'gst': 32.67, 'slippage': 300.0, 'total_rupees': 538.38, 'points_equivalent': 10.77}",2021,True,False
2021-08-04,True,,16250.0,2021-08-05,2021-08-12,16283.3,33.3,89.95,235.95,146.0,33.2999,208.15,174.8501,-28.8501,50.0,523.16,823.16,-1965.67,-2265.67,-1442.51,"{'brokerage': 160.0, 'stt': 15.66, 'exchange_turnover': 15.44, 'sebi_turnover': 0.03, 'stamp_duty': 0.45, 'gst': 31.58, 'slippage': 300.0, 'total_rupees': 523.16, 'points_equivalent': 10.46}",2021,True,False
2021-08-05,False,front_is_same_day,,,,,,,,,,,,,,,,,,,,2021,False,False
2021-08-06,True,,16250.0,2021-08-12,2021-08-18,16361.3,111.3,172.55,254.5,81.95,111.2999,193.15,81.8501,0.0999,50.0,536.92,836.92,-531.93,-831.93,4.99,"{'brokerage': 160.0, 'stt': 22.95, 'exchange_turnover': 20.82, 'sebi_turnover': 0.04, 'stamp_duty': 0.55, 'gst': 32.56, 'slippage': 300.0, 'total_rupees': 536.92, 'points_equivalent': 10.74}",2021,True,False
2021-08-09,True,,16250.0,2021-08-12,2021-08-18,16361.3,111.3,138.75,224.9,86.15,111.2999,193.15,81.8501,4.2999,50.0,531.54,831.54,-316.55,-616.55,214.99,"{'brokerage': 160.0, 'stt': 20.25, 'exchange_turnover': 18.61, 'sebi_turnover': 0.04, 'stamp_duty': 0.5, 'gst': 32.16, 'slippage': 300.0, 'total_rupees': 531.54, 'points_equivalent': 10.63}",2021,True,False
2021-08-10,True,,16300.0,2021-08-12,2021-08-18,16361.3,61.3,116.1,214.45,98.35,61.2999,176.8,115.5001,-17.1501,50.0,525.59,825.59,-1383.1,-1683.1,-857.51,"{'brokerage': 160.0, 'stt': 17.29, 'exchange_turnover': 16.13, 'sebi_turnover': 0.03, 'stamp_duty': 0.44, 'gst': 31.71, 'slippage': 300.0, 'total_rupees': 525.59, 'points_equivalent': 10.51}",2021,True,False
2021-08-11,True,,16300.0,2021-08-12,2021-08-18,16361.3,61.3,86.25,200.3,114.05,61.2999,176.8,115.5001,-1.4501,50.0,522.3,822.3,-594.81,-894.81,-72.51,"{'brokerage': 160.0, 'stt': 15.81, 'exchange_turnover': 14.63, 'sebi_turnover': 0.03, 'stamp_duty': 0.39, 'gst': 31.44, 'slippage': 300.0, 'total_rupees': 522.3, 'points_equivalent': 10.45}",2021,True,False
2021-08-12,False,front_is_same_day,,,,,,,,,,,,,,,,,,,,2021,False,False
2021-08-13,True,,16550.0,2021-08-18,2021-08-26,16552.0,2.0,161.75,267.7,105.95,2.0,201.45,199.45,-93.5,50.0,529.49,829.49,-5204.49,-5504.49,-4675.0,"{'brokerage': 160.0, 'stt': 18.35, 'exchange_turnover': 18.44, 'sebi_turnover': 0.04, 'stamp_duty': 0.54, 'gst': 32.13, 'slippage': 300.0, 'total_rupees': 529.49, 'points_equivalent': 10.59}",2021,True,False
2021-08-16,True,,16600.0,2021-08-18,2021-08-26,16552.0,48.0,127.95,249.3,121.35,48.0,196.95,148.95,-27.6,50.0,526.09,826.09,-1906.09,-2206.09,-1380.0,"{'brokerage': 160.0, 'stt': 16.97, 'exchange_turnover': 16.77, 'sebi_turnover': 0.03, 'stamp_duty': 0.49, 'gst': 31.83, 'slippage': 300.0, 'total_rupees': 526.09, 'points_equivalent': 10.52}",2021,True,False
2021-08-17,True,,16600.0,2021-08-18,2021-08-26,16552.0,48.0,83.65,225.45,141.8,48.0,196.95,148.95,-7.15,50.0,522.87,822.87,-880.37,-1180.37,-357.5,"{'brokerage': 160.0, 'stt': 15.83, 'exchange_turnover': 15.08, 'sebi_turnover': 0.03, 'stamp_duty': 0.42, 'gst': 31.52, 'slippage': 300.0, 'total_rupees': 522.87, 'points_equivalent': 10.46}",2021,True,False
2021-08-18,False,front_is_same_day,,,,,,,,,,,,,,,,,,,,2021,False,False
2021-08-20,True,,16450.0,2021-08-26,2021-09-02,16635.1,185.1,196.05,292.95,96.9,185.0999,256.45,71.3501,25.5499,50.0,549.32,849.32,728.18,428.18,1277.5,"{'brokerage': 160.0, 'stt': 29.01, 'exchange_turnover': 26.08, 'sebi_turnover': 0.05, 'stamp_duty': 0.68, 'gst': 33.5, 'slippage': 300.0, 'total_rupees': 549.32, 'points_equivalent': 10.99}",2021,True,False
2021-08-23,True,,16500.0,2021-08-26,2021-09-02,16635.1,135.1,154.7,264.05,109.35,135.0999,231.85,96.7501,12.5999,50.0,539.13,839.13,90.87,-209.13,630.0,"{'brokerage': 160.0, 'stt': 23.93, 'exchange_turnover': 21.84, 'sebi_turnover': 0.04, 'stamp_duty': 0.58, 'gst': 32.74, 'slippage': 300.0, 'total_rupees': 539.13, 'points_equivalent': 10.78}",2021,True,False
2021-08-24,True,,16650.0,2021-08-26,2021-09-02,16635.1,14.9,111.75,232.4,120.65,14.9001,193.3,178.3999,-57.7499,50.0,521.45,821.45,-3408.95,-3708.95,-2887.5,"{'brokerage': 160.0, 'stt': 14.46, 'exchange_turnover': 15.0, 'sebi_turnover': 0.03, 'stamp_duty': 0.46, 'gst': 31.51, 'slippage': 300.0, 'total_rupees': 521.45, 'points_equivalent': 10.43}",2021,True,False
2021-08-25,True,,16650.0,2021-08-26,2021-09-02,16635.1,14.9,84.05,223.55,139.5,14.9001,193.3,178.3999,-38.8999,50.0,519.11,819.11,-2464.11,-2764.11,-1945.0,"{'brokerage': 160.0, 'stt': 13.53, 'exchange_turnover': 13.84, 'sebi_turnover': 0.03, 'stamp_duty': 0.42, 'gst': 31.3, 'slippage': 300.0, 'total_rupees': 519.11, 'points_equivalent': 10.38}",2021,True,False
2021-08-26,False,front_is_same_day,,,,,,,,,,,,,,,,,,,,2021,False,False
2021-08-27,True,,16750.0,2021-09-02,2021-09-09,17231.9,481.9,185.9,278.95,93.05,481.9,512.9,31.0,62.05,50.0,580.93,880.93,2521.57,2221.57,3102.5,"{'brokerage': 160.0, 'stt': 43.97, 'exchange_turnover': 39.85, 'sebi_turnover': 0.08, 'stamp_duty': 1.05, 'gst': 35.99, 'slippage': 300.0, 'total_rupees': 580.93, 'points_equivalent': 11.62}",2021,True,False
2021-08-30,True,,16950.0,2021-09-02,2021-09-09,17231.9,281.9,153.35,260.4,107.05,281.9,344.0,62.1,44.95,50.0,554.96,854.96,1692.54,1392.54,2247.5,"{'brokerage': 160.0, 'stt': 31.66, 'exchange_turnover': 28.55, 'sebi_turnover': 0.06, 'stamp_duty': 0.75, 'gst': 33.95, 'slippage': 300.0, 'total_rupees': 554.96, 'points_equivalent': 11.1}",2021,True,False
2021-08-31,True,,17150.0,2021-09-02,2021-09-09,17231.9,81.9,142.3,286.9,144.6,81.9,239.3,157.4,-12.8,50.0,537.5,837.5,-1177.5,-1477.5,-640.0,"{'brokerage': 160.0, 'stt': 23.0, 'exchange_turnover': 21.25, 'sebi_turnover': 0.04, 'stamp_duty': 0.57, 'gst': 32.63, 'slippage': 300.0, 'total_rupees': 537.5, 'points_equivalent': 10.75}",2021,True,False
2021-09-01,True,,17100.0,2021-09-02,2021-09-09,17231.9,131.9,87.95,246.95,159.0,131.9,256.0,124.1,34.9,50.0,534.02,834.02,1210.98,910.98,1745.0,"{'brokerage': 160.0, 'stt': 21.56, 'exchange_turnover': 19.57, 'sebi_turnover': 0.04, 'stamp_duty': 0.52, 'gst': 32.33, 'slippage': 300.0, 'total_rupees': 534.02, 'points_equivalent': 10.68}",2021,True,False
2021-09-02,False,front_is_same_day,,,,,,,,,,,,,,,,,,,,2021,False,False
2021-09-03,True,,17350.0,2021-09-09,2021-09-16,17358.0,8.0,204.4,309.75,105.35,8.0,200.15,192.15,-86.8,50.0,536.28,836.28,-4876.28,-5176.28,-4340.0,"{'brokerage': 160.0, 'stt': 21.79, 'exchange_turnover': 21.22, 'sebi_turnover': 0.04, 'stamp_duty': 0.61, 'gst': 32.63, 'slippage': 300.0, 'total_rupees': 536.28, 'points_equivalent': 10.73}",2021,True,False
2021-09-06,True,,17400.0,2021-09-09,2021-09-16,17358.0,42.0,179.25,298.6,119.35,42.0,200.25,158.25,-38.9,50.0,534.68,834.68,-2479.68,-2779.68,-1945.0,"{'brokerage': 160.0, 'stt': 21.28, 'exchange_turnover': 20.33, 'sebi_turnover': 0.04, 'stamp_duty': 0.57, 'gst': 32.47, 'slippage': 300.0, 'total_rupees': 534.68, 'points_equivalent': 10.69}",2021,True,False
2021-09-07,True,,17400.0,2021-09-09,2021-09-16,17358.0,42.0,137.4,259.85,122.45,42.0,200.25,158.25,-35.8,50.0,527.72,827.72,-2317.72,-2617.72,-1790.0,"{'brokerage': 160.0, 'stt': 17.74, 'exchange_turnover': 17.49, 'sebi_turnover': 0.03, 'stamp_duty': 0.51, 'gst': 31.95, 'slippage': 300.0, 'total_rupees': 527.72, 'points_equivalent': 10.55}",2021,True,False
2021-09-08,True,,17350.0,2021-09-09,2021-09-16,17358.0,8.0,92.35,231.25,138.9,8.0,200.15,192.15,-53.25,50.0,520.58,820.58,-3183.08,-3483.08,-2662.5,"{'brokerage': 160.0, 'stt': 14.16, 'exchange_turnover': 14.53, 'sebi_turnover': 0.03, 'stamp_duty': 0.44, 'gst': 31.42, 'slippage': 300.0, 'total_rupees': 520.58, 'points_equivalent': 10.41}",2021,True,False
2021-09-09,False,front_is_same_day,,,,,,,,,,,,,,,,,,,,2021,False,False
2021-09-13,True,,17350.0,2021-09-16,2021-09-23,17627.55,277.55,157.8,266.0,108.2,277.5508,334.2,56.6492,51.5508,50.0,553.64,853.64,2023.9,1723.9,2577.54,"{'brokerage': 160.0, 'stt': 30.94, 'exchange_turnover': 28.05, 'sebi_turnover': 0.06, 'stamp_duty': 0.74, 'gst': 33.86, 'slippage': 300.0, 'total_rupees': 553.64, 'points_equivalent': 11.07}",2021,True,False
2021-09-14,True,,17400.0,2021-09-16,2021-09-23,17627.55,227.55,119.1,228.4,109.3,227.5508,297.85,70.2992,39.0008,50.0,543.64,843.64,1406.4,1106.4,1950.04,"{'brokerage': 160.0, 'stt': 26.16, 'exchange_turnover': 23.74, 'sebi_turnover': 0.05, 'stamp_duty': 0.63, 'gst': 33.08, 'slippage': 300.0, 'total_rupees': 543.64, 'points_equivalent': 10.87}",2021,True,False
2021-09-15,True,,17550.0,2021-09-16,2021-09-23,17627.55,77.55,78.75,223.9,145.15,77.5508,231.8,154.2492,-9.0992,50.0,526.66,826.66,-981.62,-1281.62,-454.96,"{'brokerage': 160.0, 'stt': 17.61, 'exchange_turnover': 16.73, 'sebi_turnover': 0.03, 'stamp_duty': 0.47, 'gst': 31.82, 'slippage': 300.0, 'total_rupees': 526.66, 'points_equivalent': 10.53}",2021,True,False
2021-09-16,False,front_is_same_day,,,,,,,,,,,,,,,,,,,,2021,False,False
2021-09-17,True,,17600.0,2021-09-23,2021-09-30,17828.8,228.8,205.75,322.15,116.4,228.7999,343.55,114.7501,1.6499,50.0,558.23,858.23,-475.73,-775.73,82.5,"{'brokerage': 160.0, 'stt': 32.69, 'exchange_turnover': 30.38, 'sebi_turnover': 0.06, 'stamp_duty': 0.82, 'gst': 34.28, 'slippage': 300.0, 'total_rupees': 558.23, 'points_equivalent': 11.16}",2021,True,False
2021-09-20,True,,17400.0,2021-09-23,2021-09-30,17828.8,428.8,229.2,362.05,132.85,428.7999,488.55,59.7501,73.0999,50.0,583.72,883.72,3071.28,2771.28,3655.0,"{'brokerage': 160.0, 'stt': 45.34, 'exchange_turnover': 41.02, 'sebi_turnover': 0.08, 'stamp_duty': 1.08, 'gst': 36.2, 'slippage': 300.0, 'total_rupees': 583.72, 'points_equivalent': 11.67}",2021,True,False
2021-09-21,True,,17600.0,2021-09-23,2021-09-30,17828.8,228.8,156.25,301.95,145.7,228.7999,343.55,114.7501,30.9499,50.0,554.58,854.58,992.92,692.92,1547.5,"{'brokerage': 160.0, 'stt': 31.37, 'exchange_turnover': 28.46, 'sebi_turnover': 0.06, 'stamp_duty': 0.75, 'gst': 33.93, 'slippage': 300.0, 'total_rupees': 554.58, 'points_equivalent': 11.09}",2021,True,False
2021-09-22,True,,17600.0,2021-09-23,2021-09-30,17828.8,228.8,123.2,288.2,165.0,228.7999,343.55,114.7501,50.2499,50.0,550.76,850.76,1961.74,1661.74,2512.5,"{'brokerage': 160.0, 'stt': 29.63, 'exchange_turnover': 26.75, 'sebi_turnover': 0.05, 'stamp_duty': 0.7, 'gst': 33.62, 'slippage': 300.0, 'total_rupees': 550.76, 'points_equivalent': 11.02}",2021,True,False
2021-09-23,False,front_is_same_day,,,,,,,,,,,,,,,,,,,,2021,False,False
2021-09-24,True,,17850.0,2021-09-30,2021-10-07,17607.5,242.5,240.0,391.55,151.55,242.5,350.15,107.65,43.9,50.0,567.78,867.78,1627.22,1327.22,2195.0,"{'brokerage': 160.0, 'stt': 37.87, 'exchange_turnover': 34.02, 'sebi_turnover': 0.07, 'stamp_duty': 0.89, 'gst': 34.94, 'slippage': 300.0, 'total_rupees': 567.78, 'points_equivalent': 11.36}",2021,True,False
2021-09-27,True,,17850.0,2021-09-30,2021-10-07,17607.5,242.5,200.25,378.2,177.95,242.5,350.15,107.65,70.3,50.0,563.95,863.95,2951.05,2651.05,3515.0,"{'brokerage': 160.0, 'stt': 36.25, 'exchange_turnover': 32.2, 'sebi_turnover': 0.06, 'stamp_duty': 0.83, 'gst': 34.61, 'slippage': 300.0, 'total_rupees': 563.95, 'points_equivalent': 11.28}",2021,True,False
2021-09-28,True,,17750.0,2021-09-30,2021-10-07,17607.5,142.5,169.7,359.5,189.8,142.5,321.6,179.1,10.7,50.0,551.14,851.14,-16.14,-316.14,535.0,"{'brokerage': 160.0, 'stt': 29.39, 'exchange_turnover': 27.25, 'sebi_turnover': 0.05, 'stamp_duty': 0.74, 'gst': 33.71, 'slippage': 300.0, 'total_rupees': 551.14, 'points_equivalent': 11.02}",2021,True,False
2021-09-29,True,,17700.0,2021-09-30,2021-10-07,17607.5,92.5,129.65,336.55,206.9,92.5,315.8,223.3,-16.4,50.0,542.69,842.69,-1362.69,-1662.69,-820.0,"{'brokerage': 160.0, 'stt': 25.0, 'exchange_turnover': 23.87, 'sebi_turnover': 0.05, 'stamp_duty': 0.67, 'gst': 33.11, 'slippage': 300.0, 'total_rupees': 542.69, 'points_equivalent': 10.85}",2021,True,False
2021-09-30,False,front_is_same_day,,,,,,,,,,,,,,,,,,,,2021,False,False
2021-10-01,True,,17550.0,2021-10-07,2021-10-14,17797.15,247.15,258.65,399.75,141.1,247.1504,345.9,98.7496,42.3504,50.0,570.22,870.22,1547.3,1247.3,2117.52,"{'brokerage': 160.0, 'stt': 39.11, 'exchange_turnover': 35.02, 'sebi_turnover': 0.07, 'stamp_duty': 0.91, 'gst': 35.12, 'slippage': 300.0, 'total_rupees': 570.22, 'points_equivalent': 11.4}",2021,True,False
2021-10-04,True,,17700.0,2021-10-07,2021-10-14,17797.15,97.15,193.25,340.45,147.2,97.1504,272.5,175.3496,-28.1496,50.0,545.77,845.77,-1953.25,-2253.25,-1407.48,"{'brokerage': 160.0, 'stt': 26.53, 'exchange_turnover': 25.16, 'sebi_turnover': 0.05, 'stamp_duty': 0.7, 'gst': 33.34, 'slippage': 300.0, 'total_rupees': 545.77, 'points_equivalent': 10.92}",2021,True,False
2021-10-05,True,,17850.0,2021-10-07,2021-10-14,17797.15,52.85,146.15,302.7,156.55,52.8496,250.35,197.5004,-40.9504,50.0,534.62,834.62,-2582.14,-2882.14,-2047.52,"{'brokerage': 160.0, 'stt': 20.9, 'exchange_turnover': 20.57, 'sebi_turnover': 0.04, 'stamp_duty': 0.59, 'gst': 32.51, 'slippage': 300.0, 'total_rupees': 534.62, 'points_equivalent': 10.69}",2021,True,False
2021-10-06,True,,17650.0,2021-10-07,2021-10-14,17797.15,147.15,123.4,314.85,191.45,147.1504,289.45,142.2996,49.1504,50.0,543.57,843.57,1913.95,1613.95,2457.52,"{'brokerage': 160.0, 'stt': 26.19, 'exchange_turnover': 23.65, 'sebi_turnover': 0.05, 'stamp_duty': 0.62, 'gst': 33.07, 'slippage': 300.0, 'total_rupees': 543.57, 'points_equivalent': 10.87}",2021,True,False
2021-10-07,False,front_is_same_day,,,,,,,,,,,,,,,,,,,,2021,False,False
2021-10-08,True,,17900.0,2021-10-14,2021-10-21,18339.05,439.05,219.25,335.35,116.1,439.0508,487.0,47.9492,68.1508,50.0,581.58,881.58,2825.96,2525.96,3407.54,"{'brokerage': 160.0, 'stt': 44.23, 'exchange_turnover': 40.17, 'sebi_turnover': 0.08, 'stamp_duty': 1.06, 'gst': 36.04, 'slippage': 300.0, 'total_rupees': 581.58, 'points_equivalent': 11.63}",2021,True,False
2021-10-11,True,,18000.0,2021-10-14,2021-10-21,18339.05,339.05,188.4,315.25,126.85,339.0508,404.75,65.6992,61.1508,50.0,568.44,868.44,2489.1,2189.1,3057.54,"{'brokerage': 160.0, 'stt': 38.22, 'exchange_turnover': 34.28, 'sebi_turnover': 0.07, 'stamp_duty': 0.89, 'gst': 34.98, 'slippage': 300.0, 'total_rupees': 568.44, 'points_equivalent': 11.37}",2021,True,False
2021-10-12,True,,18000.0,2021-10-14,2021-10-21,18339.05,339.05,156.95,298.2,141.25,339.0508,404.75,65.6992,75.5508,50.0,563.71,863.71,3213.83,2913.83,3777.54,"{'brokerage': 160.0, 'stt': 35.88, 'exchange_turnover': 32.3, 'sebi_turnover': 0.06, 'stamp_duty': 0.84, 'gst': 34.63, 'slippage': 300.0, 'total_rupees': 563.71, 'points_equivalent': 11.27}",2021,True,False
2021-10-13,True,,18200.0,2021-10-14,2021-10-21,18339.05,139.05,112.95,289.1,176.15,139.0508,271.8,132.7492,43.4008,50.0,541.04,841.04,1629.0,1329.0,2170.04,"{'brokerage': 160.0, 'stt': 25.16, 'exchange_turnover': 22.42, 'sebi_turnover': 0.04, 'stamp_duty': 0.58, 'gst': 32.84, 'slippage': 300.0, 'total_rupees': 541.04, 'points_equivalent': 10.82}",2021,True,False
2021-10-14,False,front_is_same_day,,,,,,,,,,,,,,,,,,,,2021,False,False
2021-10-18,True,,18500.0,2021-10-21,2021-10-28,18219.6,280.4,204.95,354.85,149.9,280.4004,392.95,112.5496,37.3504,50.0,566.22,866.22,1301.3,1001.3,1867.52,"{'brokerage': 160.0, 'stt': 36.74, 'exchange_turnover': 33.65, 'sebi_turnover': 0.07, 'stamp_duty': 0.9, 'gst': 34.87, 'slippage': 300.0, 'total_rupees': 566.22, 'points_equivalent': 11.32}",2021,True,False
2021-10-19,True,,18450.0,2021-10-21,2021-10-28,18219.6,230.4,189.9,344.7,154.8,230.4004,368.65,138.2496,16.5504,50.0,559.45,859.45,268.07,-31.93,827.52,"{'brokerage': 160.0, 'stt': 33.27, 'exchange_turnover': 30.9, 'sebi_turnover': 0.06, 'stamp_duty': 0.84, 'gst': 34.37, 'slippage': 300.0, 'total_rupees': 559.45, 'points_equivalent': 11.19}",2021,True,False
2021-10-20,True,,18300.0,2021-10-21,2021-10-28,18219.6,80.4,134.05,355.8,221.75,80.4004,311.8,231.3996,-9.6496,50.0,543.14,843.14,-1025.62,-1325.62,-482.48,"{'brokerage': 160.0, 'stt': 25.27, 'exchange_turnover': 24.02, 'sebi_turnover': 0.05, 'stamp_duty': 0.67, 'gst': 33.13, 'slippage': 300.0, 'total_rupees': 543.14, 'points_equivalent': 10.86}",2021,True,False
2021-10-21,False,front_is_same_day,,,,,,,,,,,,,,,,,,,,2021,False,False
2021-10-22,True,,18150.0,2021-10-28,2021-11-03,17862.9,287.1,270.55,409.55,139.0,287.0996,372.7,85.6004,53.3996,50.0,575.3,875.3,2094.68,1794.68,2669.98,"{'brokerage': 160.0, 'stt': 41.53, 'exchange_turnover': 37.21, 'sebi_turnover': 0.07, 'stamp_duty': 0.96, 'gst': 35.51, 'slippage': 300.0, 'total_rupees': 575.3, 'points_equivalent': 11.51}",2021,True,False
2021-10-25,True,,18150.0,2021-10-28,2021-11-03,17862.9,287.1,239.4,392.05,152.65,287.0996,372.7,85.6004,67.0496,50.0,571.66,871.66,2780.82,2480.82,3352.48,"{'brokerage': 160.0, 'stt': 39.86, 'exchange_turnover': 35.59, 'sebi_turnover': 0.07, 'stamp_duty': 0.92, 'gst': 35.22, 'slippage': 300.0, 'total_rupees': 571.66, 'points_equivalent': 11.43}",2021,True,False
2021-10-26,True,,18350.0,2021-10-28,2021-11-03,17862.9,487.1,171.8,336.6,164.8,487.0996,500.2,13.1004,151.6996,50.0,581.09,881.09,7003.89,6703.89,7584.98,"{'brokerage': 160.0, 'stt': 44.59, 'exchange_turnover': 39.49, 'sebi_turnover': 0.08, 'stamp_duty': 1.01, 'gst': 35.92, 'slippage': 300.0, 'total_rupees': 581.09, 'points_equivalent': 11.62}",2021,True,False
2021-10-27,True,,18250.0,2021-10-28,2021-11-03,17862.9,387.1,134.5,331.85,197.35,387.0996,425.0,37.9004,159.4496,50.0,567.94,867.94,7404.54,7104.54,7972.48,"{'brokerage': 160.0, 'stt': 38.57, 'exchange_turnover': 33.6, 'sebi_turnover': 0.07, 'stamp_duty': 0.84, 'gst': 34.86, 'slippage': 300.0, 'total_rupees': 567.94, 'points_equivalent': 11.36}",2021,True,False
2021-10-28,False,front_is_same_day,,,,,,,,,,,,,,,,,,,,2021,False,False
2021-10-29,True,,17700.0,2021-11-03,2021-11-11,17833.0,133.0,274.75,422.65,147.9,133.0,304.95,171.95,-24.05,50.0,561.91,861.91,-1764.41,-2064.41,-1202.5,"{'brokerage': 160.0, 'stt': 34.4, 'exchange_turnover': 32.01, 'sebi_turnover': 0.06, 'stamp_duty': 0.87, 'gst': 34.57, 'slippage': 300.0, 'total_rupees': 561.91, 'points_equivalent': 11.24}",2021,True,False
2021-11-01,True,,18000.0,2021-11-03,2021-11-11,17833.0,167.0,191.3,362.75,171.45,167.0,293.15,126.15,45.3,50.0,553.13,853.13,1711.87,1411.87,2265.0,"{'brokerage': 160.0, 'stt': 30.77, 'exchange_turnover': 27.77, 'sebi_turnover': 0.05, 'stamp_duty': 0.73, 'gst': 33.81, 'slippage': 300.0, 'total_rupees': 553.13, 'points_equivalent': 11.06}",2021,True,False
2021-11-02,True,,17900.0,2021-11-03,2021-11-11,17833.0,67.0,134.05,322.65,188.6,67.0,274.15,207.15,-18.55,50.0,537.98,837.98,-1465.48,-1765.48,-927.5,"{'brokerage': 160.0, 'stt': 22.78, 'exchange_turnover': 21.81, 'sebi_turnover': 0.04, 'stamp_duty': 0.61, 'gst': 32.73, 'slippage': 300.0, 'total_rupees': 537.98, 'points_equivalent': 10.76}",2021,True,False
2021-11-03,False,front_is_same_day,,,,,,,,,,,,,,,,,,,,2021,False,False
2021-11-04,True,,17950.0,2021-11-11,2021-11-18,17885.65,64.35,244.5,377.5,133.0,64.3496,271.15,206.8004,-73.8004,50.0,548.8,848.8,-4238.82,-4538.82,-3690.02,"{'brokerage': 160.0, 'stt': 27.44, 'exchange_turnover': 26.88, 'sebi_turnover': 0.05, 'stamp_duty': 0.77, 'gst': 33.65, 'slippage': 300.0, 'total_rupees': 548.8, 'points_equivalent': 10.98}",2021,True,False
2021-11-08,True,,18100.0,2021-11-11,2021-11-18,17885.65,214.35,198.2,342.65,144.45,214.3496,310.35,96.0004,48.4496,50.0,557.3,857.3,1865.18,1565.18,2422.48,"{'brokerage': 160.0, 'stt': 32.91, 'exchange_turnover': 29.46, 'sebi_turnover': 0.06, 'stamp_duty': 0.76, 'gst': 34.11, 'slippage': 300.0, 'total_rupees': 557.3, 'points_equivalent': 11.15}",2021,True,False
2021-11-09,True,,18050.0,2021-11-11,2021-11-18,17885.65,164.35,169.6,320.7,151.1,164.3496,294.55,130.2004,20.8996,50.0,549.21,849.21,495.77,195.77,1044.98,"{'brokerage': 160.0, 'stt': 28.71, 'exchange_turnover': 26.22, 'sebi_turnover': 0.05, 'stamp_duty': 0.7, 'gst': 33.53, 'slippage': 300.0, 'total_rupees': 549.21, 'points_equivalent': 10.98}",2021,True,False
2021-11-10,True,,18050.0,2021-11-11,2021-11-18,17885.65,164.35,126.85,299.55,172.7,164.3496,294.55,130.2004,42.4996,50.0,542.87,842.87,1582.11,1282.11,2124.98,"{'brokerage': 160.0, 'stt': 25.58, 'exchange_turnover': 23.56, 'sebi_turnover': 0.05, 'stamp_duty': 0.63, 'gst': 33.05, 'slippage': 300.0, 'total_rupees': 542.87, 'points_equivalent': 10.86}",2021,True,False
2021-11-11,False,front_is_same_day,,,,,,,,,,,,,,,,,,,,2021,False,False
2021-11-12,False,exit_mark_inconsistent,18150.0,2021-11-18,2021-11-25,17745.25,404.75,221.0,347.75,126.75,404.75,398.3,-6.45,133.2,50.0,575.96,875.96,6084.04,5784.04,6660.0,"{'brokerage': 160.0, 'stt': 42.42, 'exchange_turnover': 37.06, 'sebi_turnover': 0.07, 'stamp_duty': 0.93, 'gst': 35.48, 'slippage': 300.0, 'total_rupees': 575.96, 'points_equivalent': 11.52}",2021,True,True
2021-11-15,False,exit_mark_inconsistent,18150.0,2021-11-18,2021-11-25,17745.25,404.75,196.4,336.25,139.85,404.75,398.3,-6.45,146.3,50.0,573.97,873.97,6741.03,6441.03,7315.0,"{'brokerage': 160.0, 'stt': 41.66, 'exchange_turnover': 36.05, 'sebi_turnover': 0.07, 'stamp_duty': 0.89, 'gst': 35.3, 'slippage': 300.0, 'total_rupees': 573.97, 'points_equivalent': 11.48}",2021,True,True
2021-11-16,True,,18050.0,2021-11-18,2021-11-25,17745.25,304.75,165.95,314.15,148.2,304.75,323.65,18.9,129.3,50.0,558.69,858.69,5906.31,5606.31,6465.0,"{'brokerage': 160.0, 'stt': 34.15, 'exchange_turnover': 29.61, 'sebi_turnover': 0.06, 'stamp_duty': 0.73, 'gst': 34.14, 'slippage': 300.0, 'total_rupees': 558.69, 'points_equivalent': 11.17}",2021,True,False
2021-11-17,True,,17900.0,2021-11-18,2021-11-25,17745.25,154.75,115.55,291.2,175.65,154.75,254.0,99.25,76.4,50.0,540.79,840.79,3279.21,2979.21,3820.0,"{'brokerage': 160.0, 'stt': 25.3, 'exchange_turnover': 22.11, 'sebi_turnover': 0.04, 'stamp_duty': 0.55, 'gst': 32.79, 'slippage': 300.0, 'total_rupees': 540.79, 'points_equivalent': 10.82}",2021,True,False
2021-11-18,False,front_is_same_day,,,,,,,,,,,,,,,,,,,,2021,False,False
2021-11-22,True,,17450.0,2021-11-25,2021-12-02,17547.0,97.0,232.05,361.55,129.5,97.0,262.3,165.3,-35.8,50.0,550.66,850.66,-2340.66,-2640.66,-1790.0,"{'brokerage': 160.0, 'stt': 29.03, 'exchange_turnover': 27.14, 'sebi_turnover': 0.05, 'stamp_duty': 0.74, 'gst': 33.7, 'slippage': 300.0, 'total_rupees': 550.66, 'points_equivalent': 11.01}",2021,True,False
2021-11-23,True,,17500.0,2021-11-25,2021-12-02,17547.0,47.0,172.8,314.25,141.45,47.0,249.4,202.4,-60.95,50.0,537.75,837.75,-3585.25,-3885.25,-3047.5,"{'brokerage': 160.0, 'stt': 22.36, 'exchange_turnover': 21.95, 'sebi_turnover': 0.04, 'stamp_duty': 0.63, 'gst': 32.76, 'slippage': 300.0, 'total_rupees': 537.75, 'points_equivalent': 10.76}",2021,True,False
2021-11-24,True,,17450.0,2021-11-25,2021-12-02,17547.0,97.0,116.4,286.75,170.35,97.0,262.3,165.3,5.05,50.0,537.3,837.3,-284.8,-584.8,252.5,"{'brokerage': 160.0, 'stt': 22.93, 'exchange_turnover': 21.14, 'sebi_turnover': 0.04, 'stamp_duty': 0.57, 'gst': 32.61, 'slippage': 300.0, 'total_rupees': 537.3, 'points_equivalent': 10.75}",2021,True,False
2021-11-25,False,front_is_same_day,,,,,,,,,,,,,,,,,,,,2021,False,False
2021-11-26,True,,17100.0,2021-12-02,2021-12-09,17401.5,301.5,328.15,468.0,139.85,301.5,427.05,125.55,14.3,50.0,589.24,889.24,125.76,-174.24,715.0,"{'brokerage': 160.0, 'stt': 48.06, 'exchange_turnover': 43.34, 'sebi_turnover': 0.09, 'stamp_duty': 1.13, 'gst': 36.62, 'slippage': 300.0, 'total_rupees': 589.24, 'points_equivalent': 11.78}",2021,True,False
2021-11-29,True,,17150.0,2021-12-02,2021-12-09,17401.5,251.5,269.75,431.85,162.1,251.5,394.0,142.5,19.6,50.0,578.19,878.19,401.81,101.81,980.0,"{'brokerage': 160.0, 'stt': 42.94, 'exchange_turnover': 38.45, 'sebi_turnover': 0.08, 'stamp_duty': 1.0, 'gst': 35.73, 'slippage': 300.0, 'total_rupees': 578.19, 'points_equivalent': 11.56}",2021,True,False
2021-11-30,True,,17050.0,2021-12-02,2021-12-09,17401.5,351.5,220.9,427.95,207.05,351.5,457.1,105.6,101.45,50.0,582.72,882.72,4489.78,4189.78,5072.5,"{'brokerage': 160.0, 'stt': 45.5, 'exchange_turnover': 40.1, 'sebi_turnover': 0.08, 'stamp_duty': 1.02, 'gst': 36.03, 'slippage': 300.0, 'total_rupees': 582.72, 'points_equivalent': 11.65}",2021,True,False
2021-12-01,True,,17200.0,2021-12-02,2021-12-09,17401.5,201.5,135.9,355.0,219.1,201.5,366.15,164.65,54.45,50.0,555.31,855.31,2167.19,1867.19,2722.5,"{'brokerage': 160.0, 'stt': 31.79, 'exchange_turnover': 28.73, 'sebi_turnover': 0.06, 'stamp_duty': 0.75, 'gst': 33.98, 'slippage': 300.0, 'total_rupees': 555.31, 'points_equivalent': 11.11}",2021,True,False
2021-12-02,False,front_is_same_day,,,,,,,,,,,,,,,,,,,,2021,False,False
2021-12-03,True,,17250.0,2021-12-09,2021-12-16,17502.65,252.65,290.65,421.75,131.1,252.6504,377.9,125.2496,5.8504,50.0,576.78,876.78,-284.26,-584.26,292.52,"{'brokerage': 160.0, 'stt': 41.97, 'exchange_turnover': 38.07, 'sebi_turnover': 0.08, 'stamp_duty': 1.0, 'gst': 35.67, 'slippage': 300.0, 'total_rupees': 576.78, 'points_equivalent': 11.54}",2021,True,False
2021-12-06,True,,16950.0,2021-12-09,2021-12-16,17502.65,552.65,258.0,429.85,171.85,552.6504,614.3,61.6496,110.2004,50.0,605.63,905.63,4904.39,4604.39,5510.02,"{'brokerage': 160.0, 'stt': 56.03, 'exchange_turnover': 50.32, 'sebi_turnover': 0.1, 'stamp_duty': 1.31, 'gst': 37.88, 'slippage': 300.0, 'total_rupees': 605.63, 'points_equivalent': 12.11}",2021,True,False
2021-12-07,True,,17200.0,2021-12-09,2021-12-16,17502.65,302.65,190.6,366.05,175.45,302.6504,412.1,109.4496,66.0004,50.0,569.13,869.13,2730.89,2430.89,3300.02,"{'brokerage': 160.0, 'stt': 38.47, 'exchange_turnover': 34.64, 'sebi_turnover': 0.07, 'stamp_duty': 0.9, 'gst': 35.05, 'slippage': 300.0, 'total_rupees': 569.13, 'points_equivalent': 11.38}",2021,True,False
2021-12-08,True,,17500.0,2021-12-09,2021-12-16,17502.65,2.65,118.25,307.65,189.4,2.6504,276.3,273.6496,-84.2496,50.0,531.67,831.67,-4744.15,-5044.15,-4212.48,"{'brokerage': 160.0, 'stt': 19.1, 'exchange_turnover': 19.61, 'sebi_turnover': 0.04, 'stamp_duty': 0.59, 'gst': 32.34, 'slippage': 300.0, 'total_rupees': 531.67, 'points_equivalent': 10.63}",2021,True,False
2021-12-09,False,front_is_same_day,,,,,,,,,,,,,,,,,,,,2021,False,False
2021-12-10,True,,17550.0,2021-12-16,2021-12-23,17285.6,264.4,245.15,366.8,121.65,264.4004,343.3,78.8996,42.7504,50.0,566.38,866.38,1571.14,1271.14,2137.52,"{'brokerage': 160.0, 'stt': 37.02, 'exchange_turnover': 33.55, 'sebi_turnover': 0.07, 'stamp_duty': 0.88, 'gst': 34.85, 'slippage': 300.0, 'total_rupees': 566.38, 'points_equivalent': 11.33}",2021,True,False
2021-12-13,True,,17450.0,2021-12-16,2021-12-23,17285.6,164.4,231.8,371.85,140.05,164.4004,293.85,129.4496,10.6004,50.0,555.7,855.7,-25.68,-325.68,530.02,"{'brokerage': 160.0, 'stt': 31.57, 'exchange_turnover': 29.21, 'sebi_turnover': 0.06, 'stamp_duty': 0.79, 'gst': 34.07, 'slippage': 300.0, 'total_rupees': 555.7, 'points_equivalent': 11.11}",2021,True,False
2021-12-14,True,,17350.0,2021-12-16,2021-12-23,17285.6,64.4,189.9,359.55,169.65,64.4004,280.6,216.1996,-46.5496,50.0,544.25,844.25,-2871.73,-3171.73,-2327.48,"{'brokerage': 160.0, 'stt': 25.48, 'exchange_turnover': 24.75, 'sebi_turnover': 0.05, 'stamp_duty': 0.71, 'gst': 33.26, 'slippage': 300.0, 'total_rupees': 544.25, 'points_equivalent': 10.88}",2021,True,False
2021-12-15,True,,17250.0,2021-12-16,2021-12-23,17285.6,35.6,148.45,365.4,216.95,35.5996,287.75,252.1504,-35.2004,50.0,540.99,840.99,-2301.01,-2601.01,-1760.02,"{'brokerage': 160.0, 'stt': 24.11, 'exchange_turnover': 23.19, 'sebi_turnover': 0.05, 'stamp_duty': 0.65, 'gst': 32.98, 'slippage': 300.0, 'total_rupees': 540.99, 'points_equivalent': 10.82}",2021,True,False
2021-12-16,False,front_is_same_day,,,,,,,,,,,,,,,,,,,,2021,False,False
2021-12-17,True,,17000.0,2021-12-23,2021-12-30,17051.05,51.05,287.15,401.7,114.55,51.0508,293.05,241.9992,-127.4492,50.0,554.36,854.36,-6926.82,-7226.82,-6372.46,"{'brokerage': 160.0, 'stt': 29.66, 'exchange_turnover': 29.63, 'sebi_turnover': 0.06, 'stamp_duty': 0.87, 'gst': 34.14, 'slippage': 300.0, 'total_rupees': 554.36, 'points_equivalent': 11.09}",2021,True,False
2021-12-20,True,,16700.0,2021-12-23,2021-12-30,17051.05,351.05,265.8,409.3,143.5,351.0508,457.75,106.6992,36.8008,50.0,585.83,885.83,1254.21,954.21,1840.04,"{'brokerage': 160.0, 'stt': 46.55, 'exchange_turnover': 41.78, 'sebi_turnover': 0.08, 'stamp_duty': 1.09, 'gst': 36.34, 'slippage': 300.0, 'total_rupees': 585.83, 'points_equivalent': 11.72}",2021,True,False
2021-12-21,True,,16800.0,2021-12-23,2021-12-30,17051.05,251.05,207.9,355.05,147.15,251.0508,385.85,134.7992,12.3508,50.0,564.82,864.82,52.72,-247.28,617.54,"{'brokerage': 160.0, 'stt': 35.94, 'exchange_turnover': 33.14, 'sebi_turnover': 0.07, 'stamp_duty': 0.89, 'gst': 34.78, 'slippage': 300.0, 'total_rupees': 564.82, 'points_equivalent': 11.3}",2021,True,False
2021-12-22,True,,16950.0,2021-12-23,2021-12-30,17051.05,101.05,124.55,311.4,186.85,101.0508,307.75,206.6992,-19.8492,50.0,540.0,840.0,-1532.46,-1832.46,-992.46,"{'brokerage': 160.0, 'stt': 23.57, 'exchange_turnover': 22.82, 'sebi_turnover': 0.05, 'stamp_duty': 0.65, 'gst': 32.92, 'slippage': 300.0, 'total_rupees': 540.0, 'points_equivalent': 10.8}",2021,True,False
2021-12-23,False,front_is_same_day,,,,,,,,,,,,,,,,,,,,2021,False,False
2021-12-24,True,,17050.0,2021-12-30,2022-01-06,17228.95,178.95,260.4,390.5,130.1,178.9492,341.6,162.6508,-32.5508,50.0,565.3,865.3,-2192.84,-2492.84,-1627.54,"{'brokerage': 160.0, 'stt': 36.08, 'exchange_turnover': 33.42, 'sebi_turnover': 0.07, 'stamp_duty': 0.9, 'gst': 34.83, 'slippage': 300.0, 'total_rupees': 565.3, 'points_equivalent': 11.31}",2021,True,False
2021-12-27,True,,17150.0,2021-12-30,2022-01-06,17228.95,78.95,225.65,382.3,156.65,78.9492,302.75,223.8008,-67.1508,50.0,553.18,853.18,-3910.72,-4210.72,-3357.54,"{'brokerage': 160.0, 'stt': 29.94, 'exchange_turnover': 28.46, 'sebi_turnover': 0.06, 'stamp_duty': 0.79, 'gst': 33.93, 'slippage': 300.0, 'total_rupees': 553.18, 'points_equivalent': 11.06}",2021,True,False
2021-12-28,True,,17250.0,2021-12-30,2022-01-06,17228.95,21.05,161.45,342.45,181.0,21.0508,284.4,263.3492,-82.3492,50.0,538.01,838.01,-4655.47,-4955.47,-4117.46,"{'brokerage': 160.0, 'stt': 22.06, 'exchange_turnover': 22.4, 'sebi_turnover': 0.04, 'stamp_duty': 0.67, 'gst': 32.84, 'slippage': 300.0, 'total_rupees': 538.01, 'points_equivalent': 10.76}",2021,True,False
2021-12-29,True,,17250.0,2021-12-30,2022-01-06,17228.95,21.05,114.15,315.25,201.1,21.0508,284.4,263.3492,-62.2492,50.0,531.62,831.62,-3644.08,-3944.08,-3112.46,"{'brokerage': 160.0, 'stt': 18.99, 'exchange_turnover': 19.65, 'sebi_turnover': 0.04, 'stamp_duty': 0.6, 'gst': 32.34, 'slippage': 300.0, 'total_rupees': 531.62, 'points_equivalent': 10.63}",2021,True,False
2021-12-30,False,front_is_same_day,,,,,,,,,,,,,,,,,,,,2021,False,False
2021-12-31,True,,17400.0,2022-01-06,2022-01-13,17746.0,346.0,240.85,375.35,134.5,346.0,455.2,109.2,25.3,50.0,579.27,879.27,685.73,385.73,1265.0,"{'brokerage': 160.0, 'stt': 42.98, 'exchange_turnover': 39.28, 'sebi_turnover': 0.08, 'stamp_duty': 1.04, 'gst': 35.88, 'slippage': 300.0, 'total_rupees': 579.27, 'points_equivalent': 11.59}",2021,True,False
2022-01-03,True,,17650.0,2022-01-06,2022-01-13,17746.0,96.0,210.0,351.1,141.1,96.0,333.15,237.15,-96.05,50.0,550.55,850.55,-5353.05,-5653.05,-4802.5,"{'brokerage': 160.0, 'stt': 28.0, 'exchange_turnover': 27.85, 'sebi_turnover': 0.06, 'stamp_duty': 0.81, 'gst': 33.82, 'slippage': 300.0, 'total_rupees': 550.55, 'points_equivalent': 11.01}",2022,True,False
2022-01-04,True,,17800.0,2022-01-06,2022-01-13,17746.0,54.0,151.4,308.25,156.85,54.0,314.5,260.5,-103.65,50.0,538.54,838.54,-5721.04,-6021.04,-5182.5,"{'brokerage': 160.0, 'stt': 22.0, 'exchange_turnover': 22.87, 'sebi_turnover': 0.05, 'stamp_duty': 0.7, 'gst': 32.93, 'slippage': 300.0, 'total_rupees': 538.54, 'points_equivalent': 10.77}",2022,True,False
2022-01-05,True,,17950.0,2022-01-06,2022-01-13,17746.0,204.0,108.85,312.95,204.1,204.0,351.65,147.65,56.45,50.0,547.96,847.96,2274.54,1974.54,2822.5,"{'brokerage': 160.0, 'stt': 28.0, 'exchange_turnover': 25.77, 'sebi_turnover': 0.05, 'stamp_duty': 0.69, 'gst': 33.45, 'slippage': 300.0, 'total_rupees': 547.96, 'points_equivalent': 10.96}",2022,True,False
2022-01-06,False,front_is_same_day,,,,,,,,,,,,,,,,,,,,2022,False,False
2022-01-07,True,,17850.0,2022-01-13,2022-01-20,18258.55,408.55,274.8,408.05,133.25,408.5508,472.15,63.5992,69.6508,50.0,589.53,889.53,2893.01,2593.01,3482.54,"{'brokerage': 160.0, 'stt': 48.41, 'exchange_turnover': 43.31, 'sebi_turnover': 0.09, 'stamp_duty': 1.12, 'gst': 36.61, 'slippage': 300.0, 'total_rupees': 589.53, 'points_equivalent': 11.79}",2022,True,False
2022-01-10,True,,18050.0,2022-01-13,2022-01-20,18258.55,208.55,220.25,373.0,152.75,208.5508,343.45,134.8992,17.8508,50.0,563.12,863.12,329.42,29.42,892.54,"{'brokerage': 160.0, 'stt': 35.47, 'exchange_turnover': 32.15, 'sebi_turnover': 0.06, 'stamp_duty': 0.85, 'gst': 34.6, 'slippage': 300.0, 'total_rupees': 563.12, 'points_equivalent': 11.26}",2022,True,False
2022-01-11,True,,18100.0,2022-01-13,2022-01-20,18258.55,158.55,183.1,355.5,172.4,158.5508,323.0,164.4492,7.9508,50.0,554.7,854.7,-157.16,-457.16,397.54,"{'brokerage': 160.0, 'stt': 31.33, 'exchange_turnover': 28.6, 'sebi_turnover': 0.06, 'stamp_duty': 0.76, 'gst': 33.96, 'slippage': 300.0, 'total_rupees': 554.7, 'points_equivalent': 11.09}",2022,True,False
2022-01-12,True,,18250.0,2022-01-13,2022-01-20,18258.55,8.55,118.85,311.3,192.45,8.5508,281.6,273.0492,-80.5992,50.0,532.99,832.99,-4562.95,-4862.95,-4029.96,"{'brokerage': 160.0, 'stt': 19.81, 'exchange_turnover': 20.11, 'sebi_turnover': 0.04, 'stamp_duty': 0.6, 'gst': 32.43, 'slippage': 300.0, 'total_rupees': 532.99, 'points_equivalent': 10.66}",2022,True,False
2022-01-13,False,front_is_same_day,,,,,,,,,,,,,,,,,,,,2022,False,False
2022-01-14,True,,18300.0,2022-01-20,2022-01-27,17782.95,517.05,253.75,372.75,119.0,517.0508,527.65,10.5992,108.4008,50.0,593.63,893.63,4826.41,4526.41,5420.04,"{'brokerage': 160.0, 'stt': 50.3, 'exchange_turnover': 45.13, 'sebi_turnover': 0.09, 'stamp_duty': 1.17, 'gst': 36.94, 'slippage': 300.0, 'total_rupees': 593.63, 'points_equivalent': 11.87}",2022,True,False
2022-01-17,False,exit_mark_inconsistent,18350.0,2022-01-20,2022-01-27,17782.95,567.05,202.1,341.75,139.65,567.0508,565.15,-1.9008,141.5508,50.0,592.41,892.41,6485.13,6185.13,7077.54,"{'brokerage': 160.0, 'stt': 49.82, 'exchange_turnover': 44.53, 'sebi_turnover': 0.09, 'stamp_duty': 1.15, 'gst': 36.83, 'slippage': 300.0, 'total_rupees': 592.41, 'points_equivalent': 11.85}",2022,True,True
2022-01-18,True,,18150.0,2022-01-20,2022-01-27,17782.95,367.05,194.9,360.6,165.7,367.0508,409.5,42.4492,123.2508,50.0,572.46,872.46,5590.08,5290.08,6162.54,"{'brokerage': 160.0, 'stt': 40.52, 'exchange_turnover': 35.72, 'sebi_turnover': 0.07, 'stamp_duty': 0.91, 'gst': 35.24, 'slippage': 300.0, 'total_rupees': 572.46, 'points_equivalent': 11.45}",2022,True,False
2022-01-19,True,,17950.0,2022-01-20,2022-01-27,17782.95,167.05,117.65,322.0,204.35,167.0508,311.9,144.8492,59.5008,50.0,546.13,846.13,2428.91,2128.91,2975.04,"{'brokerage': 160.0, 'stt': 27.46, 'exchange_turnover': 24.71, 'sebi_turnover': 0.05, 'stamp_duty': 0.64, 'gst': 33.26, 'slippage': 300.0, 'total_rupees': 546.13, 'points_equivalent': 10.92}",2022,True,False
2022-01-20,False,front_is_same_day,,,,,,,,,,,,,,,,,,,,2022,False,False
2022-01-21,True,,17650.0,2022-01-27,2022-02-03,17149.3,500.7,290.25,538.3,248.05,500.6992,674.65,173.9508,74.0992,50.0,612.45,912.45,3092.51,2792.51,3704.96,"{'brokerage': 160.0, 'stt': 58.48, 'exchange_turnover': 53.9, 'sebi_turnover': 0.11, 'stamp_duty': 1.45, 'gst': 38.52, 'slippage': 300.0, 'total_rupees': 612.45, 'points_equivalent': 12.25}",2022,True,False
2022-01-24,True,,17200.0,2022-01-27,2022-02-03,17149.3,50.7,313.1,643.45,330.35,50.6992,524.25,473.5508,-143.2008,50.0,581.25,881.25,-7741.29,-8041.29,-7160.04,"{'brokerage': 160.0, 'stt': 41.44, 'exchange_turnover': 42.07, 'sebi_turnover': 0.08, 'stamp_duty': 1.26, 'gst': 36.39, 'slippage': 300.0, 'total_rupees': 581.25, 'points_equivalent': 11.62}",2022,True,False
2022-01-25,True,,17300.0,2022-01-27,2022-02-03,17149.3,150.7,197.55,578.65,381.1,150.6992,534.95,384.2508,-3.1508,50.0,577.24,877.24,-734.78,-1034.78,-157.54,"{'brokerage': 160.0, 'stt': 40.99, 'exchange_turnover': 39.2, 'sebi_turnover': 0.08, 'stamp_duty': 1.1, 'gst': 35.87, 'slippage': 300.0, 'total_rupees': 577.24, 'points_equivalent': 11.54}",2022,True,False
2022-01-27,False,front_is_same_day,,,,,,,,,,,,,,,,,,,,2022,False,False
2022-01-28,True,,17100.0,2022-02-03,2022-02-10,17520.25,420.25,495.2,650.0,154.8,420.25,544.15,123.9,30.9,50.0,626.1,926.1,918.9,618.9,1545.0,"{'brokerage': 160.0, 'stt': 65.57, 'exchange_turnover': 59.36, 'sebi_turnover': 0.12, 'stamp_duty': 1.56, 'gst': 39.51, 'slippage': 300.0, 'total_rupees': 626.1, 'points_equivalent': 12.52}",2022,True,False
2022-01-31,True,,17400.0,2022-02-03,2022-02-10,17520.25,120.25,471.2,645.4,174.2,120.25,391.95,271.7,-97.5,50.0,597.79,897.79,-5472.79,-5772.79,-4875.0,"{'brokerage': 160.0, 'stt': 51.3, 'exchange_turnover': 47.7, 'sebi_turnover': 0.09, 'stamp_duty': 1.29, 'gst': 37.4, 'slippage': 300.0, 'total_rupees': 597.79, 'points_equivalent': 11.96}",2022,True,False
2022-02-01,True,,17600.0,2022-02-03,2022-02-10,17520.25,79.75,274.5,494.15,219.65,79.75,348.15,268.4,-48.75,50.0,564.09,864.09,-3001.59,-3301.59,-2437.5,"{'brokerage': 160.0, 'stt': 34.92, 'exchange_turnover': 33.36, 'sebi_turnover': 0.07, 'stamp_duty': 0.93, 'gst': 34.82, 'slippage': 300.0, 'total_rupees': 564.09, 'points_equivalent': 11.28}",2022,True,False
2022-02-02,True,,17800.0,2022-02-03,2022-02-10,17520.25,279.75,133.45,355.2,221.75,279.75,390.15,110.4,111.35,50.0,560.6,860.6,5006.9,4706.9,5567.5,"{'brokerage': 160.0, 'stt': 34.68, 'exchange_turnover': 30.73, 'sebi_turnover': 0.06, 'stamp_duty': 0.79, 'gst': 34.34, 'slippage': 300.0, 'total_rupees': 560.6, 'points_equivalent': 11.21}",2022,True,False
2022-02-03,False,front_is_same_day,,,,,,,,,,,,,,,,,,,,2022,False,False
2022-02-04,True,,17550.0,2022-02-10,2022-02-17,17586.95,36.95,294.35,457.9,163.55,36.9492,290.0,253.0508,-89.5008,50.0,559.41,859.41,-5034.45,-5334.45,-4475.04,"{'brokerage': 160.0, 'stt': 32.74, 'exchange_turnover': 31.29, 'sebi_turnover': 0.06, 'stamp_duty': 0.88, 'gst': 34.44, 'slippage': 300.0, 'total_rupees': 559.41, 'points_equivalent': 11.19}",2022,True,False
2022-02-07,True,,17250.0,2022-02-10,2022-02-17,17586.95,336.95,268.75,451.3,182.55,336.9492,442.35,105.4008,77.1492,50.0,586.13,886.13,3271.33,2971.33,3857.46,"{'brokerage': 160.0, 'stt': 46.98, 'exchange_turnover': 41.68, 'sebi_turnover': 0.08, 'stamp_duty': 1.07, 'gst': 36.32, 'slippage': 300.0, 'total_rupees': 586.13, 'points_equivalent': 11.72}",2022,True,False
2022-02-08,True,,17300.0,2022-02-10,2022-02-17,17586.95,286.95,192.35,385.75,193.4,286.9492,398.9,111.9508,81.4492,50.0,570.16,870.16,3502.3,3202.3,4072.46,"{'brokerage': 160.0, 'stt': 39.33, 'exchange_turnover': 34.79, 'sebi_turnover': 0.07, 'stamp_duty': 0.89, 'gst': 35.07, 'slippage': 300.0, 'total_rupees': 570.16, 'points_equivalent': 11.4}",2022,True,False
2022-02-09,True,,17500.0,2022-02-10,2022-02-17,17586.95,86.95,118.95,313.05,194.1,86.9492,302.55,215.6008,-21.5008,50.0,539.82,839.82,-1614.86,-1914.86,-1075.04,"{'brokerage': 160.0, 'stt': 23.67, 'exchange_turnover': 22.6, 'sebi_turnover': 0.04, 'stamp_duty': 0.63, 'gst': 32.88, 'slippage': 300.0, 'total_rupees': 539.82, 'points_equivalent': 10.8}",2022,True,False
2022-02-10,False,front_is_same_day,,,,,,,,,,,,,,,,,,,,2022,False,False
2022-02-11,True,,17400.0,2022-02-17,2022-02-24,17280.15,119.85,292.25,456.65,164.4,119.8496,411.15,291.3004,-126.9004,50.0,567.22,867.22,-6912.24,-7212.24,-6345.02,"{'brokerage': 160.0, 'stt': 35.29, 'exchange_turnover': 35.58, 'sebi_turnover': 0.07, 'stamp_duty': 1.06, 'gst': 35.22, 'slippage': 300.0, 'total_rupees': 567.22, 'points_equivalent': 11.34}",2022,True,False
2022-02-14,True,,16900.0,2022-02-17,2022-02-24,17280.15,380.15,345.35,531.45,186.1,380.1504,586.55,206.3996,-20.2996,50.0,606.6,906.6,-1621.58,-1921.58,-1014.98,"{'brokerage': 160.0, 'stt': 55.47, 'exchange_turnover': 51.54, 'sebi_turnover': 0.1, 'stamp_duty': 1.4, 'gst': 38.1, 'slippage': 300.0, 'total_rupees': 606.6, 'points_equivalent': 12.13}",2022,True,False
2022-02-15,True,,17400.0,2022-02-17,2022-02-24,17280.15,119.85,237.2,445.85,208.65,119.8496,411.15,291.3004,-82.6504,50.0,562.33,862.33,-4694.85,-4994.85,-4132.52,"{'brokerage': 160.0, 'stt': 33.31, 'exchange_turnover': 33.19, 'sebi_turnover': 0.07, 'stamp_duty': 0.97, 'gst': 34.79, 'slippage': 300.0, 'total_rupees': 562.33, 'points_equivalent': 11.25}",2022,True,False
2022-02-16,True,,17350.0,2022-02-17,2022-02-24,17280.15,69.85,161.9,414.65,252.75,69.8496,411.75,341.9004,-89.1504,50.0,551.18,851.18,-5008.7,-5308.7,-4457.52,"{'brokerage': 160.0, 'stt': 27.79, 'exchange_turnover': 28.52, 'sebi_turnover': 0.06, 'stamp_duty': 0.86, 'gst': 33.94, 'slippage': 300.0, 'total_rupees': 551.18, 'points_equivalent': 11.02}",2022,True,False
2022-02-17,False,front_is_same_day,,,,,,,,,,,,,,,,,,,,2022,False,False
2022-02-18,True,,17350.0,2022-02-24,2022-03-03,16217.75,1132.25,381.25,557.55,176.3,1132.25,1133.05,0.8,175.5,50.0,683.73,983.73,8091.27,7791.27,8775.0,"{'brokerage': 160.0, 'stt': 92.33, 'exchange_turnover': 84.86, 'sebi_turnover': 0.17, 'stamp_duty': 2.27, 'gst': 44.11, 'slippage': 300.0, 'total_rupees': 683.73, 'points_equivalent': 13.67}",2022,True,False
2022-02-21,True,,17250.0,2022-02-24,2022-03-03,16217.75,1032.25,299.2,514.5,215.3,1032.25,1038.1,5.85,209.45,50.0,664.49,964.49,9808.01,9508.01,10472.5,"{'brokerage': 160.0, 'stt': 83.75, 'exchange_turnover': 76.06, 'sebi_turnover': 0.15, 'stamp_duty': 2.01, 'gst': 42.52, 'slippage': 300.0, 'total_rupees': 664.49, 'points_equivalent': 13.29}",2022,True,False
2022-02-22,True,,17100.0,2022-02-24,2022-03-03,16217.75,882.25,273.35,539.6,266.25,882.25,932.7,50.45,215.8,50.0,650.08,950.08,10139.92,9839.92,10790.0,"{'brokerage': 160.0, 'stt': 77.31, 'exchange_turnover': 69.49, 'sebi_turnover': 0.14, 'stamp_duty': 1.81, 'gst': 41.33, 'slippage': 300.0, 'total_rupees': 650.08, 'points_equivalent': 13.0}",2022,True,False
2022-02-23,True,,17100.0,2022-02-24,2022-03-03,16217.75,882.25,164.1,440.75,276.65,882.25,932.7,50.45,226.2,50.0,634.66,934.66,10675.34,10375.34,11310.0,"{'brokerage': 160.0, 'stt': 69.8, 'exchange_turnover': 62.94, 'sebi_turnover': 0.12, 'stamp_duty': 1.65, 'gst': 40.15, 'slippage': 300.0, 'total_rupees': 634.66, 'points_equivalent': 12.69}",2022,True,False
2022-02-24,False,front_is_same_day,,,,,,,,,,,,,,,,,,,,2022,False,False
2022-02-25,False,no_expiry_spot_close,,,,,,,,,,,,,,,,,,,,2022,True,False
2022-02-28,False,no_expiry_spot_close,,,,,,,,,,,,,,,,,,,,2022,True,False
2022-03-02,False,no_expiry_spot_close,,,,,,,,,,,,,,,,,,,,2022,True,False
2022-03-03,False,front_is_same_day,,,,,,,,,,,,,,,,,,,,2022,False,False
2022-03-04,True,,16300.0,2022-03-10,2022-03-17,16563.6,263.6,487.4,686.75,199.35,263.5996,576.85,313.2504,-113.9004,50.0,619.59,919.59,-6314.61,-6614.61,-5695.02,"{'brokerage': 160.0, 'stt': 61.0, 'exchange_turnover': 57.68, 'sebi_turnover': 0.11, 'stamp_duty': 1.6, 'gst': 39.2, 'slippage': 300.0, 'total_rupees': 619.59, 'points_equivalent': 12.39}",2022,True,False
2022-03-07,True,,15900.0,2022-03-10,2022-03-17,16563.6,663.6,460.55,700.2,239.65,663.5996,836.05,172.4504,67.1996,50.0,658.31,958.31,2701.67,2401.67,3359.98,"{'brokerage': 160.0, 'stt': 80.68, 'exchange_turnover': 73.49, 'sebi_turnover': 0.15, 'stamp_duty': 1.94, 'gst': 42.05, 'slippage': 300.0, 'total_rupees': 658.31, 'points_equivalent': 13.17}",2022,True,False
2022-03-08,True,,16000.0,2022-03-10,2022-03-17,16563.6,563.6,367.0,644.25,277.25,563.5996,750.75,187.1504,90.0996,50.0,634.9,934.9,3870.08,3570.08,4504.98,"{'brokerage': 160.0, 'stt': 69.53, 'exchange_turnover': 63.34, 'sebi_turnover': 0.13, 'stamp_duty': 1.68, 'gst': 40.22, 'slippage': 300.0, 'total_rupees': 634.9, 'points_equivalent': 12.7}",2022,True,False
2022-03-09,True,,16400.0,2022-03-10,2022-03-17,16563.6,163.6,234.9,559.2,324.3,163.5996,539.25,375.6504,-51.3504,50.0,581.81,881.81,-3149.33,-3449.33,-2567.52,"{'brokerage': 160.0, 'stt': 43.04, 'exchange_turnover': 41.28, 'sebi_turnover': 0.08, 'stamp_duty': 1.16, 'gst': 36.25, 'slippage': 300.0, 'total_rupees': 581.81, 'points_equivalent': 11.64}",2022,True,False
2022-03-10,False,front_is_same_day,,,,,,,,,,,,,,,,,,,,2022,False,False
2022-03-11,True,,16700.0,2022-03-17,2022-03-24,17299.4,599.4,450.7,626.55,175.85,599.4004,697.7,98.2996,77.5504,50.0,643.45,943.45,3234.07,2934.07,3877.52,"{'brokerage': 160.0, 'stt': 74.29, 'exchange_turnover': 66.51, 'sebi_turnover': 0.13, 'stamp_duty': 1.72, 'gst': 40.8, 'slippage': 300.0, 'total_rupees': 643.45, 'points_equivalent': 12.87}",2022,True,False
2022-03-14,True,,16950.0,2022-03-17,2022-03-24,17299.4,349.4,403.75,597.1,193.35,349.4004,525.4,175.9996,17.3504,50.0,612.72,912.72,254.8,-45.2,867.52,"{'brokerage': 160.0, 'stt': 59.35, 'exchange_turnover': 53.43, 'sebi_turnover': 0.11, 'stamp_duty': 1.39, 'gst': 38.44, 'slippage': 300.0, 'total_rupees': 612.72, 'points_equivalent': 12.25}",2022,True,False
2022-03-15,True,,16700.0,2022-03-17,2022-03-24,17299.4,599.4,357.0,624.65,267.65,599.4004,697.7,98.2996,169.3504,50.0,635.65,935.65,7831.87,7531.87,8467.52,"{'brokerage': 160.0, 'stt': 71.24, 'exchange_turnover': 62.61, 'sebi_turnover': 0.12, 'stamp_duty': 1.58, 'gst': 40.09, 'slippage': 300.0, 'total_rupees': 635.65, 'points_equivalent': 12.71}",2022,True,False
2022-03-16,True,,17000.0,2022-03-17,2022-03-24,17299.4,299.4,250.25,513.95,263.7,299.4004,500.05,200.6496,63.0504,50.0,587.8,887.8,2564.72,2264.72,3152.52,"{'brokerage': 160.0, 'stt': 47.26, 'exchange_turnover': 42.81, 'sebi_turnover': 0.08, 'stamp_duty': 1.13, 'gst': 36.52, 'slippage': 300.0, 'total_rupees': 587.8, 'points_equivalent': 11.76}",2022,True,False
2022-03-17,False,front_is_same_day,,,,,,,,,,,,,,,,,,,,2022,False,False
2022-03-21,True,,17150.0,2022-03-24,2022-03-31,17197.3,47.3,376.95,595.95,219.0,47.3008,431.15,383.8492,-164.8492,50.0,580.99,880.99,-8823.45,-9123.45,-8242.46,"{'brokerage': 160.0, 'stt': 41.86, 'exchange_turnover': 41.54, 'sebi_turnover': 0.08, 'stamp_duty': 1.21, 'gst': 36.29, 'slippage': 300.0, 'total_rupees': 580.99, 'points_equivalent': 11.62}",2022,True,False
2022-03-22,True,,17350.0,2022-03-24,2022-03-31,17197.3,152.7,275.35,522.5,247.15,152.6992,414.6,261.9008,-14.7508,50.0,575.13,875.13,-1312.67,-1612.67,-737.54,"{'brokerage': 160.0, 'stt': 40.51, 'exchange_turnover': 37.88, 'sebi_turnover': 0.08, 'stamp_duty': 1.03, 'gst': 35.63, 'slippage': 300.0, 'total_rupees': 575.13, 'points_equivalent': 11.5}",2022,True,False
2022-03-23,True,,17300.0,2022-03-24,2022-03-31,17197.3,102.7,193.45,500.3,306.85,102.6992,411.35,308.6508,-1.8008,50.0,561.93,861.93,-651.97,-951.97,-90.04,"{'brokerage': 160.0, 'stt': 33.92, 'exchange_turnover': 32.4, 'sebi_turnover': 0.06, 'stamp_duty': 0.91, 'gst': 34.64, 'slippage': 300.0, 'total_rupees': 561.93, 'points_equivalent': 11.24}",2022,True,False
2022-03-24,False,front_is_same_day,,,,,,,,,,,,,,,,,,,,2022,False,False
2022-03-25,True,,17250.0,2022-03-31,2022-04-07,17468.75,218.75,356.05,557.45,201.4,218.75,423.85,205.1,-3.7,50.0,591.91,891.91,-776.91,-1076.91,-185.0,"{'brokerage': 160.0, 'stt': 49.25, 'exchange_turnover': 44.56, 'sebi_turnover': 0.09, 'stamp_duty': 1.17, 'gst': 36.84, 'slippage': 300.0, 'total_rupees': 591.91, 'points_equivalent': 11.84}",2022,True,False
2022-03-28,True,,17300.0,2022-03-31,2022-04-07,17468.75,168.75,261.85,475.0,213.15,168.75,399.9,231.15,-18.0,50.0,572.73,872.73,-1472.73,-1772.73,-900.0,"{'brokerage': 160.0, 'stt': 39.56, 'exchange_turnover': 36.69, 'sebi_turnover': 0.07, 'stamp_duty': 0.99, 'gst': 35.42, 'slippage': 300.0, 'total_rupees': 572.73, 'points_equivalent': 11.45}",2022,True,False
2022-03-29,True,,17400.0,2022-03-31,2022-04-07,17468.75,68.75,178.55,403.35,224.8,68.75,365.1,296.35,-71.55,50.0,551.97,851.97,-4129.47,-4429.47,-3577.5,"{'brokerage': 160.0, 'stt': 28.88, 'exchange_turnover': 28.31, 'sebi_turnover': 0.06, 'stamp_duty': 0.82, 'gst': 33.91, 'slippage': 300.0, 'total_rupees': 551.97, 'points_equivalent': 11.04}",2022,True,False
2022-03-30,True,,17550.0,2022-03-31,2022-04-07,17468.75,81.25,132.05,369.95,237.9,81.25,346.2,264.95,-27.05,50.0,543.81,843.81,-1896.31,-2196.31,-1352.5,"{'brokerage': 160.0, 'stt': 25.05, 'exchange_turnover': 24.73, 'sebi_turnover': 0.05, 'stamp_duty': 0.72, 'gst': 33.26, 'slippage': 300.0, 'total_rupees': 543.81, 'points_equivalent': 10.88}",2022,True,False
2022-03-31,False,front_is_same_day,,,,,,,,,,,,,,,,,,,,2022,False,False
2022-04-01,True,,17700.0,2022-04-07,2022-04-13,17655.15,44.85,267.55,413.7,146.15,44.8496,305.5,260.6504,-114.5004,50.0,553.19,853.19,-6278.21,-6578.21,-5725.02,"{'brokerage': 160.0, 'stt': 29.07, 'exchange_turnover': 29.15, 'sebi_turnover': 0.06, 'stamp_duty': 0.86, 'gst': 34.06, 'slippage': 300.0, 'total_rupees': 553.19, 'points_equivalent': 11.06}",2022,True,False
2022-04-04,True,,18050.0,2022-04-07,2022-04-13,17655.15,394.85,221.65,378.15,156.5,394.8496,426.45,31.6004,124.8996,50.0,580.23,880.23,5664.75,5364.75,6244.98,"{'brokerage': 160.0, 'stt': 44.52, 'exchange_turnover': 38.85, 'sebi_turnover': 0.08, 'stamp_duty': 0.97, 'gst': 35.81, 'slippage': 300.0, 'total_rupees': 580.23, 'points_equivalent': 11.6}",2022,True,False
2022-04-05,True,,18000.0,2022-04-07,2022-04-13,17655.15,344.85,182.3,360.4,178.1,344.8496,394.3,49.4504,128.6496,50.0,569.69,869.69,5862.79,5562.79,6432.48,"{'brokerage': 160.0, 'stt': 39.33, 'exchange_turnover': 34.42, 'sebi_turnover': 0.07, 'stamp_duty': 0.86, 'gst': 35.01, 'slippage': 300.0, 'total_rupees': 569.69, 'points_equivalent': 11.39}",2022,True,False
2022-04-06,True,,17850.0,2022-04-07,2022-04-13,17655.15,194.85,125.3,334.2,208.9,194.8496,322.1,127.2504,81.6496,50.0,548.78,848.78,3533.7,3233.7,4082.48,"{'brokerage': 160.0, 'stt': 28.77, 'exchange_turnover': 25.83, 'sebi_turnover': 0.05, 'stamp_duty': 0.67, 'gst': 33.46, 'slippage': 300.0, 'total_rupees': 548.78, 'points_equivalent': 10.98}",2022,True,False
2022-04-07,False,front_is_same_day,,,,,,,,,,,,,,,,,,,,2022,False,False
2022-04-08,True,,17850.0,2022-04-13,2022-04-21,17467.45,382.55,254.4,411.2,156.8,382.5508,408.8,26.2492,130.5508,50.0,582.56,882.56,5944.98,5644.98,6527.54,"{'brokerage': 160.0, 'stt': 45.69, 'exchange_turnover': 39.82, 'sebi_turnover': 0.08, 'stamp_duty': 0.99, 'gst': 35.98, 'slippage': 300.0, 'total_rupees': 582.56, 'points_equivalent': 11.65}",2022,True,False
2022-04-11,True,,17700.0,2022-04-13,2022-04-21,17467.45,232.55,188.25,366.7,178.45,232.5508,316.4,83.8492,94.6008,50.0,559.33,859.33,4170.71,3870.71,4730.04,"{'brokerage': 160.0, 'stt': 34.25, 'exchange_turnover': 30.04, 'sebi_turnover': 0.06, 'stamp_duty': 0.76, 'gst': 34.22, 'slippage': 300.0, 'total_rupees': 559.33, 'points_equivalent': 11.19}",2022,True,False
2022-04-12,True,,17550.0,2022-04-13,2022-04-21,17467.45,82.55,118.4,312.15,193.75,82.5508,277.65,195.0992,-1.3492,50.0,537.06,837.06,-604.52,-904.52,-67.46,"{'brokerage': 160.0, 'stt': 22.45, 'exchange_turnover': 21.34, 'sebi_turnover': 0.04, 'stamp_duty': 0.59, 'gst': 32.65, 'slippage': 300.0, 'total_rupees': 537.06, 'points_equivalent': 10.74}",2022,True,False
2022-04-13,False,front_is_same_day,,,,,,,,,,,,,,,,,,,,2022,False,False
2022-04-18,True,,17250.0,2022-04-21,2022-04-28,17400.1,150.1,249.55,404.15,154.6,150.0996,344.2,194.1004,-39.5004,50.0,563.9,863.9,-2538.92,-2838.92,-1975.02,"{'brokerage': 160.0, 'stt': 35.37, 'exchange_turnover': 32.85, 'sebi_turnover': 0.07, 'stamp_duty': 0.89, 'gst': 34.73, 'slippage': 300.0, 'total_rupees': 563.9, 'points_equivalent': 11.28}",2022,True,False
2022-04-19,True,,16950.0,2022-04-21,2022-04-28,17400.1,450.1,190.9,386.5,195.6,450.0996,530.95,80.8504,114.7496,50.0,585.47,885.47,5152.01,4852.01,5737.48,"{'brokerage': 160.0, 'stt': 46.35, 'exchange_turnover': 41.64, 'sebi_turnover': 0.08, 'stamp_duty': 1.08, 'gst': 36.31, 'slippage': 300.0, 'total_rupees': 585.47, 'points_equivalent': 11.71}",2022,True,False
2022-04-20,True,,17150.0,2022-04-21,2022-04-28,17400.1,250.1,130.05,346.2,216.15,250.0996,392.25,142.1504,73.9996,50.0,558.3,858.3,3141.68,2841.68,3699.98,"{'brokerage': 160.0, 'stt': 33.26, 'exchange_turnover': 29.98, 'sebi_turnover': 0.06, 'stamp_duty': 0.78, 'gst': 34.21, 'slippage': 300.0, 'total_rupees': 558.3, 'points_equivalent': 11.17}",2022,True,False
2022-04-21,False,front_is_same_day,,,,,,,,,,,,,,,,,,,,2022,False,False
2022-04-22,True,,17250.0,2022-04-28,2022-05-05,17231.35,18.65,287.7,434.2,146.5,18.6504,317.35,298.6996,-152.1996,50.0,552.63,852.63,-8162.61,-8462.61,-7609.98,"{'brokerage': 160.0, 'stt': 28.09, 'exchange_turnover': 29.46, 'sebi_turnover': 0.06, 'stamp_duty': 0.91, 'gst': 34.11, 'slippage': 300.0, 'total_rupees': 552.63, 'points_equivalent': 11.05}",2022,True,False
2022-04-25,True,,17000.0,2022-04-28,2022-05-05,17231.35,231.35,279.55,457.7,178.15,231.3496,400.7,169.3504,8.7996,50.0,578.15,878.15,-138.17,-438.17,439.98,"{'brokerage': 160.0, 'stt': 42.59, 'exchange_turnover': 38.68, 'sebi_turnover': 0.08, 'stamp_duty': 1.02, 'gst': 35.78, 'slippage': 300.0, 'total_rupees': 578.15, 'points_equivalent': 11.56}",2022,True,False
2022-04-26,True,,17200.0,2022-04-28,2022-05-05,17231.35,31.35,188.5,362.4,173.9,31.3496,324.2,292.8504,-118.9504,50.0,543.66,843.66,-6491.18,-6791.18,-5947.52,"{'brokerage': 160.0, 'stt': 24.29, 'exchange_turnover': 25.21, 'sebi_turnover': 0.05, 'stamp_duty': 0.77, 'gst': 33.35, 'slippage': 300.0, 'total_rupees': 543.66, 'points_equivalent': 10.87}",2022,True,False
2022-04-27,True,,17050.0,2022-04-28,2022-05-05,17231.35,181.35,153.55,378.75,225.2,181.3496,372.9,191.5504,33.6496,50.0,555.95,855.95,1126.53,826.53,1682.48,"{'brokerage': 160.0, 'stt': 31.71, 'exchange_turnover': 29.31, 'sebi_turnover': 0.06, 'stamp_duty': 0.79, 'gst': 34.09, 'slippage': 300.0, 'total_rupees': 555.95, 'points_equivalent': 11.12}",2022,True,False
2022-04-28,False,front_is_same_day,,,,,,,,,,,,,,,,,,,,2022,False,False
2022-04-29,True,,17150.0,2022-05-05,2022-05-12,16669.2,480.8,286.85,442.9,156.05,480.8008,520.4,39.5992,116.4508,50.0,598.62,898.62,5223.92,4923.92,5822.54,"{'brokerage': 160.0, 'stt': 52.92, 'exchange_turnover': 47.11, 'sebi_turnover': 0.09, 'stamp_duty': 1.21, 'gst': 37.3, 'slippage': 300.0, 'total_rupees': 598.62, 'points_equivalent': 11.97}",2022,True,False
2022-05-02,True,,17100.0,2022-05-05,2022-05-12,16669.2,430.8,250.15,445.8,195.65,430.8008,484.25,53.4492,142.2008,50.0,590.9,890.9,6519.14,6219.14,7110.04,"{'brokerage': 160.0, 'stt': 49.51, 'exchange_turnover': 43.55, 'sebi_turnover': 0.09, 'stamp_duty': 1.1, 'gst': 36.65, 'slippage': 300.0, 'total_rupees': 590.9, 'points_equivalent': 11.82}",2022,True,False
2022-05-04,True,,16700.0,2022-05-05,2022-05-12,16669.2,30.8,183.6,472.85,289.25,30.8008,355.9,325.0992,-35.8492,50.0,553.04,853.04,-2345.5,-2645.5,-1792.46,"{'brokerage': 160.0, 'stt': 29.63, 'exchange_turnover': 28.59, 'sebi_turnover': 0.06, 'stamp_duty': 0.81, 'gst': 33.96, 'slippage': 300.0, 'total_rupees': 553.04, 'points_equivalent': 11.06}",2022,True,False
2022-05-05,False,front_is_same_day,,,,,,,,,,,,,,,,,,,,2022,False,False
2022-05-06,True,,16450.0,2022-05-12,2022-05-19,15826.45,623.55,356.75,503.2,146.45,623.5498,659.8,36.2502,110.1998,50.0,623.49,923.49,4886.5,4586.5,5509.99,"{'brokerage': 160.0, 'stt': 64.38, 'exchange_turnover': 58.18, 'sebi_turnover': 0.12, 'stamp_duty': 1.52, 'gst': 39.29, 'slippage': 300.0, 'total_rupees': 623.49, 'points_equivalent': 12.47}",2022,True,False
2022-05-09,True,,16300.0,2022-05-12,2022-05-19,15826.45,473.55,296.6,472.25,175.65,473.5498,554.5,80.9502,94.6998,50.0,602.78,902.78,4132.21,3832.21,4734.99,"{'brokerage': 160.0, 'stt': 54.66, 'exchange_turnover': 49.09, 'sebi_turnover': 0.1, 'stamp_duty': 1.28, 'gst': 37.65, 'slippage': 300.0, 'total_rupees': 602.78, 'points_equivalent': 12.06}",2022,True,False
2022-05-10,True,,16250.0,2022-05-12,2022-05-19,15826.45,423.55,241.5,449.1,207.6,423.5498,524.25,100.7002,106.8998,50.0,592.08,892.08,4752.91,4452.91,5344.99,"{'brokerage': 160.0, 'stt': 49.63, 'exchange_turnover': 44.4, 'sebi_turnover': 0.09, 'stamp_duty': 1.15, 'gst': 36.81, 'slippage': 300.0, 'total_rupees': 592.08, 'points_equivalent': 11.84}",2022,True,False
2022-05-11,True,,16200.0,2022-05-12,2022-05-19,15826.45,373.55,173.65,403.05,229.4,373.5498,486.1,112.5502,116.8498,50.0,577.39,877.39,5265.1,4965.1,5842.49,"{'brokerage': 160.0, 'stt': 42.51, 'exchange_turnover': 38.13, 'sebi_turnover': 0.08, 'stamp_duty': 0.99, 'gst': 35.68, 'slippage': 300.0, 'total_rupees': 577.39, 'points_equivalent': 11.55}",2022,True,False
2022-05-12,False,front_is_same_day,,,,,,,,,,,,,,,,,,,,2022,False,False
2022-05-13,True,,15850.0,2022-05-19,2022-05-26,15828.45,21.55,352.75,528.35,175.6,21.5498,415.1,393.5502,-217.9502,50.0,568.71,868.71,-11466.22,-11766.22,-10897.51,"{'brokerage': 160.0, 'stt': 34.96, 'exchange_turnover': 37.04, 'sebi_turnover': 0.07, 'stamp_duty': 1.15, 'gst': 35.48, 'slippage': 300.0, 'total_rupees': 568.71, 'points_equivalent': 11.37}",2022,True,False
2022-05-16,True,,15850.0,2022-05-19,2022-05-26,15828.45,21.55,301.4,490.95,189.55,21.5498,415.1,393.5502,-204.0002,50.0,563.78,863.78,-10763.79,-11063.79,-10200.01,"{'brokerage': 160.0, 'stt': 32.88, 'exchange_turnover': 34.7, 'sebi_turnover': 0.07, 'stamp_duty': 1.07, 'gst': 35.06, 'slippage': 300.0, 'total_rupees': 563.78, 'points_equivalent': 11.28}",2022,True,False
2022-05-17,True,,16300.0,2022-05-19,2022-05-26,15828.45,471.55,225.8,420.0,194.2,471.5498,592.7,121.1502,73.0498,50.0,592.96,892.96,3059.53,2759.53,3652.49,"{'brokerage': 160.0, 'stt': 49.15, 'exchange_turnover': 45.49, 'sebi_turnover': 0.09, 'stamp_duty': 1.23, 'gst': 37.0, 'slippage': 300.0, 'total_rupees': 592.96, 'points_equivalent': 11.86}",2022,True,False
2022-05-18,True,,16250.0,2022-05-19,2022-05-26,15828.45,421.55,150.95,385.4,234.45,421.5498,559.5,137.9502,96.4998,50.0,580.94,880.94,4244.05,3944.05,4824.99,"{'brokerage': 160.0, 'stt': 43.75, 'exchange_turnover': 40.03, 'sebi_turnover': 0.08, 'stamp_duty': 1.07, 'gst': 36.02, 'slippage': 300.0, 'total_rupees': 580.94, 'points_equivalent': 11.62}",2022,True,False
2022-05-19,False,front_is_same_day,,,,,,,,,,,,,,,,,,,,2022,False,False
2022-05-20,True,,16300.0,2022-05-26,2022-06-02,16201.55,98.45,350.35,512.8,162.45,98.4502,379.5,281.0498,-118.5998,50.0,572.6,872.6,-6502.59,-6802.59,-5929.99,"{'brokerage': 160.0, 'stt': 38.15, 'exchange_turnover': 37.69, 'sebi_turnover': 0.07, 'stamp_duty': 1.09, 'gst': 35.6, 'slippage': 300.0, 'total_rupees': 572.6, 'points_equivalent': 11.45}",2022,True,False
2022-05-23,True,,16250.0,2022-05-26,2022-06-02,16201.55,48.45,302.35,504.05,201.7,48.4502,373.4,324.9498,-123.2498,50.0,563.7,863.7,-6726.19,-7026.19,-6162.49,"{'brokerage': 160.0, 'stt': 33.63, 'exchange_turnover': 34.05, 'sebi_turnover': 0.07, 'stamp_duty': 1.01, 'gst': 34.94, 'slippage': 300.0, 'total_rupees': 563.7, 'points_equivalent': 11.27}",2022,True,False
2022-05-24,True,,16150.0,2022-05-26,2022-06-02,16201.55,51.55,254.2,494.65,240.45,51.5498,375.9,324.3502,-83.9002,50.0,564.22,864.22,-4759.23,-5059.23,-4195.01,"{'brokerage': 160.0, 'stt': 34.85, 'exchange_turnover': 33.51, 'sebi_turnover': 0.07, 'stamp_duty': 0.95, 'gst': 34.84, 'slippage': 300.0, 'total_rupees': 564.22, 'points_equivalent': 11.28}",2022,True,False
2022-05-25,True,,16000.0,2022-05-26,2022-06-02,16201.55,201.55,186.1,452.9,266.8,201.5498,409.75,208.2002,58.5998,50.0,566.76,866.76,2363.23,2063.23,2929.99,"{'brokerage': 160.0, 'stt': 37.12, 'exchange_turnover': 33.79, 'sebi_turnover': 0.07, 'stamp_duty': 0.89, 'gst': 34.89, 'slippage': 300.0, 'total_rupees': 566.76, 'points_equivalent': 11.34}",2022,True,False
2022-05-26,False,front_is_same_day,,,,,,,,,,,,,,,,,,,,2022,False,False
2022-05-27,True,,16400.0,2022-06-02,2022-06-09,16637.4,237.4,324.9,474.4,149.5,237.4004,401.6,164.1996,-14.6996,50.0,584.17,884.17,-1319.15,-1619.15,-734.98,"{'brokerage': 160.0, 'stt': 45.45, 'exchange_turnover': 41.3, 'sebi_turnover': 0.08, 'stamp_duty': 1.09, 'gst': 36.25, 'slippage': 300.0, 'total_rupees': 584.17, 'points_equivalent': 11.68}",2022,True,False
2022-05-30,True,,16700.0,2022-06-02,2022-06-09,16637.4,62.6,262.05,423.45,161.4,62.5996,349.25,286.6504,-125.2504,50.0,555.2,855.2,-6817.72,-7117.72,-6262.52,"{'brokerage': 160.0, 'stt': 29.57, 'exchange_turnover': 30.37, 'sebi_turnover': 0.06, 'stamp_duty': 0.92, 'gst': 34.28, 'slippage': 300.0, 'total_rupees': 555.2, 'points_equivalent': 11.1}",2022,True,False
2022-05-31,True,,16600.0,2022-06-02,2022-06-09,16637.4,37.4,226.65,411.65,185.0,37.4004,348.9,311.4996,-126.4996,50.0,552.69,852.69,-6877.67,-7177.67,-6324.98,"{'brokerage': 160.0, 'stt': 28.7, 'exchange_turnover': 29.03, 'sebi_turnover': 0.06, 'stamp_duty': 0.86, 'gst': 34.04, 'slippage': 300.0, 'total_rupees': 552.69, 'points_equivalent': 11.05}",2022,True,False
2022-06-01,True,,16550.0,2022-06-02,2022-06-09,16637.4,87.4,161.5,388.6,227.1,87.4004,356.45,269.0496,-41.9496,50.0,551.01,851.01,-2648.49,-2948.49,-2097.48,"{'brokerage': 160.0, 'stt': 28.78, 'exchange_turnover': 27.61, 'sebi_turnover': 0.05, 'stamp_duty': 0.78, 'gst': 33.78, 'slippage': 300.0, 'total_rupees': 551.01, 'points_equivalent': 11.02}",2022,True,False
2022-06-02,False,front_is_same_day,,,,,,,,,,,,,,,,,,,,2022,False,False
2022-06-03,True,,16600.0,2022-06-09,2022-06-16,16481.8,118.2,312.7,467.35,154.65,118.1992,317.35,199.1508,-44.5008,50.0,567.91,867.91,-2792.95,-3092.95,-2225.04,"{'brokerage': 160.0, 'stt': 37.16, 'exchange_turnover': 34.68, 'sebi_turnover': 0.07, 'stamp_duty': 0.95, 'gst': 35.05, 'slippage': 300.0, 'total_rupees': 567.91, 'points_equivalent': 11.36}",2022,True,False
2022-06-06,True,,16600.0,2022-06-09,2022-06-16,16481.8,118.2,260.25,429.9,169.65,118.1992,317.35,199.1508,-29.5008,50.0,559.97,859.97,-2035.01,-2335.01,-1475.04,"{'brokerage': 160.0, 'stt': 33.22, 'exchange_turnover': 31.36, 'sebi_turnover': 0.06, 'stamp_duty': 0.87, 'gst': 34.46, 'slippage': 300.0, 'total_rupees': 559.97, 'points_equivalent': 11.2}",2022,True,False
2022-06-07,True,,16450.0,2022-06-09,2022-06-16,16481.8,31.8,217.1,402.6,185.5,31.8008,309.55,277.7492,-92.2492,50.0,549.88,849.88,-5162.34,-5462.34,-4612.46,"{'brokerage': 160.0, 'stt': 27.91, 'exchange_turnover': 27.39, 'sebi_turnover': 0.05, 'stamp_duty': 0.79, 'gst': 33.74, 'slippage': 300.0, 'total_rupees': 549.88, 'points_equivalent': 11.0}",2022,True,False
2022-06-08,True,,16350.0,2022-06-09,2022-06-16,16481.8,131.8,133.4,361.65,228.25,131.8008,328.2,196.3992,31.8508,50.0,548.05,848.05,1044.49,744.49,1592.54,"{'brokerage': 160.0, 'stt': 28.04, 'exchange_turnover': 25.81, 'sebi_turnover': 0.05, 'stamp_duty': 0.69, 'gst': 33.46, 'slippage': 300.0, 'total_rupees': 548.05, 'points_equivalent': 10.96}",2022,True,False
2022-06-09,False,front_is_same_day,,,,,,,,,,,,,,,,,,,,2022,False,False
2022-06-10,True,,16250.0,2022-06-16,2022-06-23,15348.2,901.8,307.25,455.75,148.5,901.7998,913.75,11.9502,136.5498,50.0,646.53,946.53,6180.96,5880.96,6827.49,"{'brokerage': 160.0, 'stt': 74.79, 'exchange_turnover': 68.6, 'sebi_turnover': 0.14, 'stamp_duty': 1.83, 'gst': 41.17, 'slippage': 300.0, 'total_rupees': 646.53, 'points_equivalent': 12.93}",2022,True,False
2022-06-13,True,,15800.0,2022-06-16,2022-06-23,15348.2,451.8,295.9,470.65,174.75,451.7998,539.55,87.7502,86.9998,50.0,599.19,899.19,3750.8,3450.8,4349.99,"{'brokerage': 160.0, 'stt': 52.72, 'exchange_turnover': 47.72, 'sebi_turnover': 0.09, 'stamp_duty': 1.25, 'gst': 37.41, 'slippage': 300.0, 'total_rupees': 599.19, 'points_equivalent': 11.98}",2022,True,False
2022-06-14,True,,15750.0,2022-06-16,2022-06-23,15348.2,401.8,248.8,445.3,196.5,401.7998,510.2,108.4002,88.0998,50.0,589.57,889.57,3815.42,3515.42,4404.99,"{'brokerage': 160.0, 'stt': 48.19, 'exchange_turnover': 43.5, 'sebi_turnover': 0.09, 'stamp_duty': 1.14, 'gst': 36.65, 'slippage': 300.0, 'total_rupees': 589.57, 'points_equivalent': 11.79}",2022,True,False
2022-06-15,True,,15700.0,2022-06-16,2022-06-23,15348.2,351.8,221.55,440.0,218.45,351.7998,483.55,131.7502,86.6998,50.0,583.1,883.1,3751.89,3451.89,4334.99,"{'brokerage': 160.0, 'stt': 45.2, 'exchange_turnover': 40.63, 'sebi_turnover': 0.08, 'stamp_duty': 1.06, 'gst': 36.13, 'slippage': 300.0, 'total_rupees': 583.1, 'points_equivalent': 11.66}",2022,True,False
2022-06-16,False,front_is_same_day,,,,,,,,,,,,,,,,,,,,2022,False,False
2022-06-17,True,,15400.0,2022-06-23,2022-06-30,15577.55,177.55,373.55,524.7,151.15,177.5498,384.3,206.7502,-55.6002,50.0,586.86,886.86,-3366.87,-3666.87,-2780.01,"{'brokerage': 160.0, 'stt': 46.52, 'exchange_turnover': 42.63, 'sebi_turnover': 0.08, 'stamp_duty': 1.14, 'gst': 36.49, 'slippage': 300.0, 'total_rupees': 586.86, 'points_equivalent': 11.74}",2022,True,False
2022-06-20,True,,15400.0,2022-06-23,2022-06-30,15577.55,177.55,279.2,450.95,171.75,177.5498,384.3,206.7502,-35.0002,50.0,573.15,873.15,-2323.16,-2623.16,-1750.01,"{'brokerage': 160.0, 'stt': 39.79, 'exchange_turnover': 36.85, 'sebi_turnover': 0.07, 'stamp_duty': 1.0, 'gst': 35.45, 'slippage': 300.0, 'total_rupees': 573.15, 'points_equivalent': 11.46}",2022,True,False
2022-06-21,True,,15650.0,2022-06-23,2022-06-30,15577.55,72.45,200.85,398.85,198.0,72.4502,339.6,267.1498,-69.1498,50.0,550.8,850.8,-4008.29,-4308.29,-3457.49,"{'brokerage': 160.0, 'stt': 28.21, 'exchange_turnover': 27.89, 'sebi_turnover': 0.06, 'stamp_duty': 0.81, 'gst': 33.83, 'slippage': 300.0, 'total_rupees': 550.8, 'points_equivalent': 11.02}",2022,True,False
2022-06-22,True,,15450.0,2022-06-23,2022-06-30,15577.55,127.55,153.0,379.75,226.75,127.5498,367.75,240.2002,-13.4502,50.0,553.44,853.44,-1225.95,-1525.95,-672.51,"{'brokerage': 160.0, 'stt': 30.25, 'exchange_turnover': 28.42, 'sebi_turnover': 0.06, 'stamp_duty': 0.78, 'gst': 33.93, 'slippage': 300.0, 'total_rupees': 553.44, 'points_equivalent': 11.07}",2022,True,False
2022-06-23,False,front_is_same_day,,,,,,,,,,,,,,,,,,,,2022,False,False
2022-06-24,True,,15750.0,2022-06-30,2022-07-07,15735.9,14.1,305.95,461.55,155.6,14.0996,361.55,347.4504,-191.8504,50.0,558.25,858.25,-10150.77,-10450.77,-9592.52,"{'brokerage': 160.0, 'stt': 30.38, 'exchange_turnover': 32.2, 'sebi_turnover': 0.06, 'stamp_duty': 1.0, 'gst': 34.61, 'slippage': 300.0, 'total_rupees': 558.25, 'points_equivalent': 11.17}",2022,True,False
2022-06-27,True,,15850.0,2022-06-30,2022-07-07,15735.9,114.1,250.45,432.15,181.7,114.0996,364.65,250.5504,-68.8504,50.0,561.1,861.1,-4003.62,-4303.62,-3442.52,"{'brokerage': 160.0, 'stt': 33.19, 'exchange_turnover': 32.29, 'sebi_turnover': 0.06, 'stamp_duty': 0.92, 'gst': 34.62, 'slippage': 300.0, 'total_rupees': 561.1, 'points_equivalent': 11.22}",2022,True,False
2022-06-28,True,,15850.0,2022-06-30,2022-07-07,15735.9,114.1,201.35,406.85,205.5,114.0996,364.65,250.5504,-45.0504,50.0,555.89,855.89,-2808.41,-3108.41,-2252.52,"{'brokerage': 160.0, 'stt': 30.9, 'exchange_turnover': 29.89, 'sebi_turnover': 0.06, 'stamp_duty': 0.85, 'gst': 34.19, 'slippage': 300.0, 'total_rupees': 555.89, 'points_equivalent': 11.12}",2022,True,False
2022-06-29,True,,15800.0,2022-06-30,2022-07-07,15735.9,64.1,164.5,395.15,230.65,64.0996,361.55,297.4504,-66.8004,50.0,547.84,847.84,-3887.86,-4187.86,-3340.02,"{'brokerage': 160.0, 'stt': 26.64, 'exchange_turnover': 26.74, 'sebi_turnover': 0.05, 'stamp_duty': 0.79, 'gst': 33.62, 'slippage': 300.0, 'total_rupees': 547.84, 'points_equivalent': 10.96}",2022,True,False
2022-06-30,False,front_is_same_day,,,,,,,,,,,,,,,,,,,,2022,False,False
2022-07-01,True,,15800.0,2022-07-07,2022-07-14,16138.9,338.9,305.05,474.1,169.05,338.9004,439.65,100.7496,68.3004,50.0,591.12,891.12,2823.9,2523.9,3415.02,"{'brokerage': 160.0, 'stt': 49.45, 'exchange_turnover': 43.77, 'sebi_turnover': 0.09, 'stamp_duty': 1.12, 'gst': 36.7, 'slippage': 300.0, 'total_rupees': 591.12, 'points_equivalent': 11.82}",2022,True,False
2022-07-04,True,,15850.0,2022-07-07,2022-07-14,16138.9,288.9,239.75,422.5,182.75,288.9004,411.25,122.3496,60.4004,50.0,576.17,876.17,2443.85,2143.85,3020.02,"{'brokerage': 160.0, 'stt': 41.93, 'exchange_turnover': 37.61, 'sebi_turnover': 0.07, 'stamp_duty': 0.98, 'gst': 35.58, 'slippage': 300.0, 'total_rupees': 576.17, 'points_equivalent': 11.52}",2022,True,False
2022-07-05,True,,15800.0,2022-07-07,2022-07-14,16138.9,338.9,194.1,394.75,200.65,338.9004,439.65,100.7496,99.9004,50.0,575.83,875.83,4419.19,4119.19,4995.02,"{'brokerage': 160.0, 'stt': 42.05, 'exchange_turnover': 37.24, 'sebi_turnover': 0.07, 'stamp_duty': 0.95, 'gst': 35.52, 'slippage': 300.0, 'total_rupees': 575.83, 'points_equivalent': 11.52}",2022,True,False
2022-07-06,True,,16000.0,2022-07-07,2022-07-14,16138.9,138.9,145.65,371.35,225.7,138.9004,338.85,199.9496,25.7504,50.0,551.05,851.05,736.47,436.47,1287.52,"{'brokerage': 160.0, 'stt': 29.47, 'exchange_turnover': 27.11, 'sebi_turnover': 0.05, 'stamp_duty': 0.73, 'gst': 33.69, 'slippage': 300.0, 'total_rupees': 551.05, 'points_equivalent': 11.02}",2022,True,False
2022-07-07,False,front_is_same_day,,,,,,,,,,,,,,,,,,,,2022,False,False
2022-07-08,True,,16250.0,2022-07-14,2022-07-21,15947.95,302.05,263.9,407.0,143.1,302.0498,389.75,87.7002,55.3998,50.0,575.01,875.01,2194.98,1894.98,2769.99,"{'brokerage': 160.0, 'stt': 41.14, 'exchange_turnover': 37.28, 'sebi_turnover': 0.07, 'stamp_duty': 0.98, 'gst': 35.52, 'slippage': 300.0, 'total_rupees': 575.01, 'points_equivalent': 11.5}",2022,True,False
2022-07-11,True,,16200.0,2022-07-14,2022-07-21,15947.95,252.05,222.6,368.0,145.4,252.0498,361.65,109.6002,35.7998,50.0,565.54,865.54,1224.45,924.45,1789.99,"{'brokerage': 160.0, 'stt': 36.58, 'exchange_turnover': 33.23, 'sebi_turnover': 0.07, 'stamp_duty': 0.88, 'gst': 34.79, 'slippage': 300.0, 'total_rupees': 565.54, 'points_equivalent': 11.31}",2022,True,False
2022-07-12,True,,16050.0,2022-07-14,2022-07-21,15947.95,102.05,190.9,361.6,170.7,102.0498,303.2,201.1502,-30.4502,50.0,548.79,848.79,-2071.3,-2371.3,-1522.51,"{'brokerage': 160.0, 'stt': 27.86, 'exchange_turnover': 26.55, 'sebi_turnover': 0.05, 'stamp_duty': 0.74, 'gst': 33.59, 'slippage': 300.0, 'total_rupees': 548.79, 'points_equivalent': 10.98}",2022,True,False
2022-07-13,True,,15950.0,2022-07-14,2022-07-21,15947.95,2.05,158.3,350.8,192.5,2.0498,293.55,291.5002,-99.0002,50.0,538.25,838.25,-5488.26,-5788.26,-4950.01,"{'brokerage': 160.0, 'stt': 22.09, 'exchange_turnover': 22.57, 'sebi_turnover': 0.04, 'stamp_duty': 0.68, 'gst': 32.87, 'slippage': 300.0, 'total_rupees': 538.25, 'points_equivalent': 10.77}",2022,True,False
2022-07-14,False,front_is_same_day,,,,,,,,,,,,,,,,,,,,2022,False,False
2022-07-15,True,,16100.0,2022-07-21,2022-07-28,16609.8,509.8,241.65,384.3,142.65,509.8008,538.5,28.6992,113.9508,50.0,595.97,895.97,5101.57,4801.57,5697.54,"{'brokerage': 160.0, 'stt': 51.79, 'exchange_turnover': 45.85, 'sebi_turnover': 0.09, 'stamp_duty': 1.17, 'gst': 37.07, 'slippage': 300.0, 'total_rupees': 595.97, 'points_equivalent': 11.92}",2022,True,False
2022-07-18,True,,16300.0,2022-07-21,2022-07-28,16609.8,309.8,190.25,344.5,154.25,309.8008,385.65,75.8492,78.4008,50.0,567.31,867.31,3352.73,3052.73,3920.04,"{'brokerage': 160.0, 'stt': 37.86, 'exchange_turnover': 33.66, 'sebi_turnover': 0.07, 'stamp_duty': 0.86, 'gst': 34.87, 'slippage': 300.0, 'total_rupees': 567.31, 'points_equivalent': 11.35}",2022,True,False
2022-07-19,True,,16350.0,2022-07-21,2022-07-28,16609.8,259.8,158.25,317.25,159.0,259.8008,358.95,99.1492,59.8508,50.0,557.91,857.91,2434.63,2134.63,2992.54,"{'brokerage': 160.0, 'stt': 33.12, 'exchange_turnover': 29.78, 'sebi_turnover': 0.06, 'stamp_duty': 0.78, 'gst': 34.17, 'slippage': 300.0, 'total_rupees': 557.91, 'points_equivalent': 11.16}",2022,True,False
2022-07-20,True,,16500.0,2022-07-21,2022-07-28,16609.8,109.8,112.5,291.9,179.4,109.8008,292.3,182.4992,-3.0992,50.0,537.56,837.56,-692.52,-992.52,-154.96,"{'brokerage': 160.0, 'stt': 22.59, 'exchange_turnover': 21.63, 'sebi_turnover': 0.04, 'stamp_duty': 0.61, 'gst': 32.7, 'slippage': 300.0, 'total_rupees': 537.56, 'points_equivalent': 10.75}",2022,True,False
2022-07-21,False,front_is_same_day,,,,,,,,,,,,,,,,,,,,2022,False,False
2022-07-22,True,,16750.0,2022-07-28,2022-08-04,16922.05,172.05,250.15,388.0,137.85,172.0508,328.25,156.1992,-18.3492,50.0,562.72,862.72,-1480.18,-1780.18,-917.46,"{'brokerage': 160.0, 'stt': 34.93, 'exchange_turnover': 32.24, 'sebi_turnover': 0.06, 'stamp_duty': 0.87, 'gst': 34.62, 'slippage': 300.0, 'total_rupees': 562.72, 'points_equivalent': 11.25}",2022,True,False
2022-07-25,True,,16650.0,2022-07-28,2022-08-04,16922.05,272.05,208.55,377.75,169.2,272.0508,385.1,113.0492,56.1508,50.0,568.2,868.2,2239.34,1939.34,2807.54,"{'brokerage': 160.0, 'stt': 38.06, 'exchange_turnover': 34.21, 'sebi_turnover': 0.07, 'stamp_duty': 0.89, 'gst': 34.97, 'slippage': 300.0, 'total_rupees': 568.2, 'points_equivalent': 11.36}",2022,True,False
2022-07-26,True,,16500.0,2022-07-28,2022-08-04,16922.05,422.05,173.15,359.6,186.45,422.0508,488.25,66.1992,120.2508,50.0,579.15,879.15,5433.39,5133.39,6012.54,"{'brokerage': 160.0, 'stt': 43.59, 'exchange_turnover': 38.71, 'sebi_turnover': 0.08, 'stamp_duty': 0.99, 'gst': 35.78, 'slippage': 300.0, 'total_rupees': 579.15, 'points_equivalent': 11.58}",2022,True,False
2022-07-27,True,,16650.0,2022-07-28,2022-08-04,16922.05,272.05,157.85,357.6,199.75,272.0508,385.1,113.0492,86.7008,50.0,562.34,862.34,3772.7,3472.7,4335.04,"{'brokerage': 160.0, 'stt': 35.39, 'exchange_turnover': 31.58, 'sebi_turnover': 0.06, 'stamp_duty': 0.81, 'gst': 34.5, 'slippage': 300.0, 'total_rupees': 562.34, 'points_equivalent': 11.25}",2022,True,False
2022-07-28,False,front_is_same_day,,,,,,,,,,,,,,,,,,,,2022,False,False
2022-07-29,True,,17200.0,2022-08-04,2022-08-11,17364.0,164.0,245.5,388.85,143.35,164.0,382.9,218.9,-75.55,50.0,563.5,863.5,-4341.0,-4641.0,-3777.5,"{'brokerage': 160.0, 'stt': 34.44, 'exchange_turnover': 33.26, 'sebi_turnover': 0.07, 'stamp_duty': 0.94, 'gst': 34.8, 'slippage': 300.0, 'total_rupees': 563.5, 'points_equivalent': 11.27}",2022,True,False
2022-08-01,True,,17350.0,2022-08-04,2022-08-11,17364.0,14.0,212.35,378.35,166.0,14.0,351.55,337.55,-171.55,50.0,546.46,846.46,-9123.96,-9423.96,-8577.5,"{'brokerage': 160.0, 'stt': 25.04, 'exchange_turnover': 26.88, 'sebi_turnover': 0.05, 'stamp_duty': 0.85, 'gst': 33.65, 'slippage': 300.0, 'total_rupees': 546.46, 'points_equivalent': 10.93}",2022,True,False
2022-08-02,True,,17350.0,2022-08-04,2022-08-11,17364.0,14.0,186.0,387.75,201.75,14.0,351.55,337.55,-135.8,50.0,546.02,846.02,-7336.02,-7636.02,-6790.0,"{'brokerage': 160.0, 'stt': 25.28, 'exchange_turnover': 26.34, 'sebi_turnover': 0.05, 'stamp_duty': 0.81, 'gst': 33.55, 'slippage': 300.0, 'total_rupees': 546.02, 'points_equivalent': 10.92}",2022,True,False
2022-08-03,True,,17400.0,2022-08-04,2022-08-11,17364.0,36.0,135.3,364.15,228.85,36.0,348.4,312.4,-83.55,50.0,540.71,840.71,-4718.21,-5018.21,-4177.5,"{'brokerage': 160.0, 'stt': 23.0, 'exchange_turnover': 23.83, 'sebi_turnover': 0.05, 'stamp_duty': 0.73, 'gst': 33.1, 'slippage': 300.0, 'total_rupees': 540.71, 'points_equivalent': 10.81}",2022,True,False
2022-08-04,False,front_is_same_day,,,,,,,,,,,,,,,,,,,,2022,False,False
2022-08-05,True,,17400.0,2022-08-11,2022-08-18,17638.65,238.65,279.85,424.25,144.4,238.6504,357.65,118.9996,25.4004,50.0,573.0,873.0,697.02,397.02,1270.02,"{'brokerage': 160.0, 'stt': 40.21, 'exchange_turnover': 36.4, 'sebi_turnover': 0.07, 'stamp_duty': 0.96, 'gst': 35.37, 'slippage': 300.0, 'total_rupees': 573.0, 'points_equivalent': 11.46}",2022,True,False
2022-08-08,True,,17550.0,2022-08-11,2022-08-18,17638.65,88.65,213.85,381.2,167.35,88.6504,282.7,194.0496,-26.6996,50.0,551.06,851.06,-1886.04,-2186.04,-1334.98,"{'brokerage': 160.0, 'stt': 29.24, 'exchange_turnover': 27.3, 'sebi_turnover': 0.05, 'stamp_duty': 0.74, 'gst': 33.72, 'slippage': 300.0, 'total_rupees': 551.06, 'points_equivalent': 11.02}",2022,True,False
2022-08-10,True,,17550.0,2022-08-11,2022-08-18,17638.65,88.65,157.2,341.5,184.3,88.6504,282.7,194.0496,-9.7496,50.0,543.71,843.71,-1031.19,-1331.19,-487.48,"{'brokerage': 160.0, 'stt': 25.75, 'exchange_turnover': 24.11, 'sebi_turnover': 0.05, 'stamp_duty': 0.66, 'gst': 33.15, 'slippage': 300.0, 'total_rupees': 543.71, 'points_equivalent': 10.87}",2022,True,False
2022-08-11,False,front_is_same_day,,,,,,,,,,,,,,,,,,,,2022,False,False
2022-08-12,True,,17750.0,2022-08-18,2022-08-25,17964.45,214.45,214.8,367.95,153.15,214.4492,335.75,121.3008,31.8492,50.0,563.27,863.27,1029.19,729.19,1592.46,"{'brokerage': 160.0, 'stt': 35.82, 'exchange_turnover': 31.99, 'sebi_turnover': 0.06, 'stamp_duty': 0.83, 'gst': 34.57, 'slippage': 300.0, 'total_rupees': 563.27, 'points_equivalent': 11.27}",2022,True,False
2022-08-16,True,,17850.0,2022-08-18,2022-08-25,17964.45,114.45,154.5,313.5,159.0,114.4492,285.6,171.1508,-12.1508,50.0,543.84,843.84,-1151.38,-1451.38,-607.54,"{'brokerage': 160.0, 'stt': 25.82, 'exchange_turnover': 24.15, 'sebi_turnover': 0.05, 'stamp_duty': 0.66, 'gst': 33.16, 'slippage': 300.0, 'total_rupees': 543.84, 'points_equivalent': 10.88}",2022,True,False
2022-08-17,True,,17950.0,2022-08-18,2022-08-25,17964.45,14.45,121.55,296.3,174.75,14.4492,261.65,247.2008,-72.4508,50.0,530.27,830.27,-4152.81,-4452.81,-3622.54,"{'brokerage': 160.0, 'stt': 18.44, 'exchange_turnover': 18.99, 'sebi_turnover': 0.04, 'stamp_duty': 0.57, 'gst': 32.23, 'slippage': 300.0, 'total_rupees': 530.27, 'points_equivalent': 10.61}",2022,True,False
2022-08-18,False,front_is_same_day,,,,,,,,,,,,,,,,,,,,2022,False,False
2022-08-19,True,,17800.0,2022-08-25,2022-09-01,17508.2,291.8,259.55,397.95,138.4,291.8008,392.15,100.3492,38.0508,50.0,573.34,873.34,1329.2,1029.2,1902.54,"{'brokerage': 160.0, 'stt': 40.14, 'exchange_turnover': 36.72, 'sebi_turnover': 0.07, 'stamp_duty': 0.98, 'gst': 35.42, 'slippage': 300.0, 'total_rupees': 573.34, 'points_equivalent': 11.47}",2022,True,False
2022-08-22,True,,17500.0,2022-08-25,2022-09-01,17508.2,8.2,219.1,385.2,166.1,8.1992,333.05,324.8508,-158.7508,50.0,546.66,846.66,-8484.2,-8784.2,-7937.54,"{'brokerage': 160.0, 'stt': 25.39, 'exchange_turnover': 26.76, 'sebi_turnover': 0.05, 'stamp_duty': 0.83, 'gst': 33.63, 'slippage': 300.0, 'total_rupees': 546.66, 'points_equivalent': 10.93}",2022,True,False
2022-08-23,True,,17600.0,2022-08-25,2022-09-01,17508.2,91.8,167.05,353.4,186.35,91.8008,332.65,240.8492,-54.4992,50.0,546.24,846.24,-3271.2,-3571.2,-2724.96,"{'brokerage': 160.0, 'stt': 26.16, 'exchange_turnover': 25.83, 'sebi_turnover': 0.05, 'stamp_duty': 0.75, 'gst': 33.46, 'slippage': 300.0, 'total_rupees': 546.24, 'points_equivalent': 10.92}",2022,True,False
2022-08-24,True,,17600.0,2022-08-25,2022-09-01,17508.2,91.8,121.55,321.75,200.2,91.8008,332.65,240.8492,-40.6492,50.0,541.46,841.46,-2573.92,-2873.92,-2032.46,"{'brokerage': 160.0, 'stt': 24.06, 'exchange_turnover': 23.62, 'sebi_turnover': 0.05, 'stamp_duty': 0.68, 'gst': 33.06, 'slippage': 300.0, 'total_rupees': 541.46, 'points_equivalent': 10.83}",2022,True,False
2022-08-25,False,front_is_same_day,,,,,,,,,,,,,,,,,,,,2022,False,False
2022-08-26,True,,17600.0,2022-09-01,2022-09-08,17563.25,36.75,274.1,404.6,130.5,36.75,362.2,325.45,-194.95,50.0,554.44,854.44,-10301.94,-10601.94,-9747.5,"{'brokerage': 160.0, 'stt': 28.61, 'exchange_turnover': 30.51, 'sebi_turnover': 0.06, 'stamp_duty': 0.95, 'gst': 34.3, 'slippage': 300.0, 'total_rupees': 554.44, 'points_equivalent': 11.09}",2022,True,False
2022-08-29,True,,17350.0,2022-09-01,2022-09-08,17563.25,213.25,237.0,401.6,164.6,213.25,411.25,198.0,-33.4,50.0,569.24,869.24,-2239.24,-2539.24,-1670.0,"{'brokerage': 160.0, 'stt': 37.64, 'exchange_turnover': 35.38, 'sebi_turnover': 0.07, 'stamp_duty': 0.97, 'gst': 35.18, 'slippage': 300.0, 'total_rupees': 569.24, 'points_equivalent': 11.38}",2022,True,False
2022-08-30,True,,17800.0,2022-09-01,2022-09-08,17563.25,236.75,154.6,348.95,194.35,236.75,399.8,163.05,31.3,50.0,557.93,857.93,1007.07,707.07,1565.0,"{'brokerage': 160.0, 'stt': 32.4, 'exchange_turnover': 30.36, 'sebi_turnover': 0.06, 'stamp_duty': 0.83, 'gst': 34.28, 'slippage': 300.0, 'total_rupees': 557.93, 'points_equivalent': 11.16}",2022,True,False
2022-09-01,False,front_is_same_day,,,,,,,,,,,,,,,,,,,,2022,False,False
2022-09-02,True,,17550.0,2022-09-08,2022-09-15,17800.1,250.1,310.95,464.3,153.35,250.0996,383.4,133.3004,20.0496,50.0,580.45,880.45,422.03,122.03,1002.48,"{'brokerage': 160.0, 'stt': 43.75, 'exchange_turnover': 39.63, 'sebi_turnover': 0.08, 'stamp_duty': 1.04, 'gst': 35.95, 'slippage': 300.0, 'total_rupees': 580.45, 'points_equivalent': 11.61}",2022,True,False
2022-09-05,True,,17700.0,2022-09-08,2022-09-15,17800.1,100.1,253.55,430.5,176.95,100.0996,323.25,223.1504,-46.2004,50.0,560.32,860.32,-2870.34,-3170.34,-2310.02,"{'brokerage': 160.0, 'stt': 33.46, 'exchange_turnover': 31.46, 'sebi_turnover': 0.06, 'stamp_duty': 0.87, 'gst': 34.47, 'slippage': 300.0, 'total_rupees': 560.32, 'points_equivalent': 11.21}",2022,True,False
2022-09-06,True,,17700.0,2022-09-08,2022-09-15,17800.1,100.1,211.0,405.15,194.15,100.0996,323.25,223.1504,-29.0004,50.0,555.83,855.83,-2005.85,-2305.85,-1450.02,"{'brokerage': 160.0, 'stt': 31.48, 'exchange_turnover': 29.39, 'sebi_turnover': 0.06, 'stamp_duty': 0.8, 'gst': 34.1, 'slippage': 300.0, 'total_rupees': 555.83, 'points_equivalent': 11.12}",2022,True,False
2022-09-07,True,,17650.0,2022-09-08,2022-09-15,17800.1,150.1,158.95,366.9,207.95,150.0996,339.55,189.4504,18.4996,50.0,552.94,852.94,372.04,72.04,924.98,"{'brokerage': 160.0, 'stt': 30.37, 'exchange_turnover': 27.93, 'sebi_turnover': 0.06, 'stamp_duty': 0.75, 'gst': 33.84, 'slippage': 300.0, 'total_rupees': 552.94, 'points_equivalent': 11.06}",2022,True,False
2022-09-08,False,front_is_same_day,,,,,,,,,,,,,,,,,,,,2022,False,False
2022-09-09,True,,17850.0,2022-09-15,2022-09-22,17872.3,22.3,269.1,418.45,149.35,22.3008,326.05,303.7492,-154.3992,50.0,553.42,853.42,-8273.38,-8573.38,-7719.96,"{'brokerage': 160.0, 'stt': 28.78, 'exchange_turnover': 29.56, 'sebi_turnover': 0.06, 'stamp_duty': 0.89, 'gst': 34.13, 'slippage': 300.0, 'total_rupees': 553.42, 'points_equivalent': 11.07}",2022,True,False
2022-09-12,True,,17950.0,2022-09-15,2022-09-22,17872.3,77.7,232.1,387.4,155.3,77.6992,324.8,247.1008,-91.8008,50.0,552.57,852.57,-5142.61,-5442.61,-4590.04,"{'brokerage': 160.0, 'stt': 28.99, 'exchange_turnover': 28.7, 'sebi_turnover': 0.06, 'stamp_duty': 0.84, 'gst': 33.98, 'slippage': 300.0, 'total_rupees': 552.57, 'points_equivalent': 11.05}",2022,True,False
2022-09-13,True,,18100.0,2022-09-15,2022-09-22,17872.3,227.7,188.85,356.4,167.55,227.6992,358.75,131.0508,36.4992,50.0,559.36,859.36,1265.6,965.6,1824.96,"{'brokerage': 160.0, 'stt': 33.43, 'exchange_turnover': 30.71, 'sebi_turnover': 0.06, 'stamp_duty': 0.82, 'gst': 34.34, 'slippage': 300.0, 'total_rupees': 559.36, 'points_equivalent': 11.19}",2022,True,False
2022-09-14,True,,18050.0,2022-09-15,2022-09-22,17872.3,177.7,160.45,375.95,215.5,177.6992,341.6,163.9008,51.5992,50.0,553.69,853.69,2026.27,1726.27,2579.96,"{'brokerage': 160.0, 'stt': 30.77, 'exchange_turnover': 28.22, 'sebi_turnover': 0.06, 'stamp_duty': 0.75, 'gst': 33.89, 'slippage': 300.0, 'total_rupees': 553.69, 'points_equivalent': 11.07}",2022,True,False
2022-09-15,False,front_is_same_day,,,,,,,,,,,,,,,,,,,,2022,False,False
2022-09-16,True,,17550.0,2022-09-22,2022-09-29,17631.55,81.55,331.75,516.15,184.4,81.5508,363.0,281.4492,-97.0492,50.0,571.47,871.47,-5423.93,-5723.93,-4852.46,"{'brokerage': 160.0, 'stt': 38.12, 'exchange_turnover': 36.79, 'sebi_turnover': 0.07, 'stamp_duty': 1.04, 'gst': 35.44, 'slippage': 300.0, 'total_rupees': 571.47, 'points_equivalent': 11.43}",2022,True,False
2022-09-19,True,,17650.0,2022-09-22,2022-09-29,17631.55,18.45,284.7,472.35,187.65,18.4492,347.9,329.4508,-141.8008,50.0,557.85,857.85,-7647.89,-7947.89,-7090.04,"{'brokerage': 160.0, 'stt': 30.82, 'exchange_turnover': 31.54, 'sebi_turnover': 0.06, 'stamp_duty': 0.95, 'gst': 34.49, 'slippage': 300.0, 'total_rupees': 557.85, 'points_equivalent': 11.16}",2022,True,False
2022-09-20,True,,17850.0,2022-09-22,2022-09-29,17631.55,218.45,221.6,414.1,192.5,218.4492,374.25,155.8008,36.6992,50.0,565.64,865.64,1269.32,969.32,1834.96,"{'brokerage': 160.0, 'stt': 36.42, 'exchange_turnover': 33.44, 'sebi_turnover': 0.07, 'stamp_duty': 0.89, 'gst': 34.83, 'slippage': 300.0, 'total_rupees': 565.64, 'points_equivalent': 11.31}",2022,True,False
2022-09-21,True,,17750.0,2022-09-22,2022-09-29,17631.55,118.45,239.75,424.85,185.1,118.4492,350.65,232.2008,-47.1008,50.0,559.25,859.25,-2914.29,-3214.29,-2355.04,"{'brokerage': 160.0, 'stt': 32.52, 'exchange_turnover': 31.33, 'sebi_turnover': 0.06, 'stamp_duty': 0.89, 'gst': 34.45, 'slippage': 300.0, 'total_rupees': 559.25, 'points_equivalent': 11.19}",2022,True,False
2022-09-22,False,front_is_same_day,,,,,,,,,,,,,,,,,,,,2022,False,False
2022-09-23,True,,17350.0,2022-09-29,2022-10-06,16842.9,507.1,360.9,537.75,176.85,507.0996,578.8,71.7004,105.1496,50.0,615.57,915.57,4641.91,4341.91,5257.48,"{'brokerage': 160.0, 'stt': 60.93, 'exchange_turnover': 54.5, 'sebi_turnover': 0.11, 'stamp_duty': 1.41, 'gst': 38.63, 'slippage': 300.0, 'total_rupees': 615.57, 'points_equivalent': 12.31}",2022,True,False
2022-09-26,True,,17050.0,2022-09-29,2022-10-06,16842.9,207.1,292.45,508.05,215.6,207.0996,405.2,198.1004,17.4996,50.0,578.58,878.58,296.4,-3.6,874.98,"{'brokerage': 160.0, 'stt': 42.52, 'exchange_turnover': 39.09, 'sebi_turnover': 0.08, 'stamp_duty': 1.05, 'gst': 35.85, 'slippage': 300.0, 'total_rupees': 578.58, 'points_equivalent': 11.57}",2022,True,False
2022-09-27,True,,17000.0,2022-09-29,2022-10-06,16842.9,157.1,232.7,466.35,233.65,157.0996,393.3,236.2004,-2.5504,50.0,568.15,868.15,-695.67,-995.67,-127.52,"{'brokerage': 160.0, 'stt': 37.39, 'exchange_turnover': 34.69, 'sebi_turnover': 0.07, 'stamp_duty': 0.94, 'gst': 35.06, 'slippage': 300.0, 'total_rupees': 568.15, 'points_equivalent': 11.36}",2022,True,False
2022-09-28,True,,16900.0,2022-09-29,2022-10-06,16842.9,57.1,159.2,425.15,265.95,57.0996,375.35,318.2504,-52.3004,50.0,548.92,848.92,-3163.94,-3463.94,-2615.02,"{'brokerage': 160.0, 'stt': 27.15, 'exchange_turnover': 27.21, 'sebi_turnover': 0.05, 'stamp_duty': 0.8, 'gst': 33.71, 'slippage': 300.0, 'total_rupees': 548.92, 'points_equivalent': 10.98}",2022,True,False
2022-09-29,False,front_is_same_day,,,,,,,,,,,,,,,,,,,,2022,False,False
2022-09-30,True,,17150.0,2022-10-06,2022-10-13,17316.3,166.3,302.85,477.65,174.8,166.3008,349.25,182.9492,-8.1492,50.0,575.27,875.27,-982.73,-1282.73,-407.46,"{'brokerage': 160.0, 'stt': 41.34, 'exchange_turnover': 37.34, 'sebi_turnover': 0.07, 'stamp_duty': 0.98, 'gst': 35.53, 'slippage': 300.0, 'total_rupees': 575.27, 'points_equivalent': 11.51}",2022,True,False
2022-10-03,True,,16900.0,2022-10-06,2022-10-13,17316.3,416.3,262.45,446.05,183.6,416.3008,494.25,77.9492,105.6508,50.0,592.44,892.44,4690.1,4390.1,5282.54,"{'brokerage': 160.0, 'stt': 50.04, 'exchange_turnover': 44.37, 'sebi_turnover': 0.09, 'stamp_duty': 1.14, 'gst': 36.8, 'slippage': 300.0, 'total_rupees': 592.44, 'points_equivalent': 11.85}",2022,True,False
2022-10-04,True,,17300.0,2022-10-06,2022-10-13,17316.3,16.3,166.8,380.0,213.2,16.3008,310.35,294.0492,-80.8492,50.0,543.2,843.2,-4585.66,-4885.66,-4042.46,"{'brokerage': 160.0, 'stt': 24.7, 'exchange_turnover': 24.52, 'sebi_turnover': 0.05, 'stamp_duty': 0.72, 'gst': 33.22, 'slippage': 300.0, 'total_rupees': 543.2, 'points_equivalent': 10.86}",2022,True,False
2022-10-06,False,front_is_same_day,,,,,,,,,,,,,,,,,,,,2022,False,False
2022-10-07,True,,17350.0,2022-10-13,2022-10-20,17017.8,332.2,278.15,438.45,160.3,332.1992,440.85,108.6508,51.6492,50.0,582.62,882.62,1999.84,1699.84,2582.46,"{'brokerage': 160.0, 'stt': 44.63, 'exchange_turnover': 40.69, 'sebi_turnover': 0.08, 'stamp_duty': 1.08, 'gst': 36.14, 'slippage': 300.0, 'total_rupees': 582.62, 'points_equivalent': 11.65}",2022,True,False
2022-10-10,True,,17250.0,2022-10-13,2022-10-20,17017.8,232.2,244.4,421.35,176.95,232.1992,398.45,166.2508,10.6992,50.0,570.15,870.15,-35.19,-335.19,534.96,"{'brokerage': 160.0, 'stt': 38.32, 'exchange_turnover': 35.58, 'sebi_turnover': 0.07, 'stamp_duty': 0.96, 'gst': 35.22, 'slippage': 300.0, 'total_rupees': 570.15, 'points_equivalent': 11.4}",2022,True,False
2022-10-11,True,,16950.0,2022-10-13,2022-10-20,17017.8,67.8,218.3,433.8,215.5,67.8008,378.25,310.4492,-94.9492,50.0,554.91,854.91,-5302.37,-5602.37,-4747.46,"{'brokerage': 160.0, 'stt': 29.69, 'exchange_turnover': 30.05, 'sebi_turnover': 0.06, 'stamp_duty': 0.89, 'gst': 34.22, 'slippage': 300.0, 'total_rupees': 554.91, 'points_equivalent': 11.1}",2022,True,False
2022-10-12,True,,17150.0,2022-10-13,2022-10-20,17017.8,132.2,167.85,392.65,224.8,132.1992,376.35,244.1508,-19.3508,50.0,553.49,853.49,-1521.03,-1821.03,-967.54,"{'brokerage': 160.0, 'stt': 29.82, 'exchange_turnover': 28.8, 'sebi_turnover': 0.06, 'stamp_duty': 0.82, 'gst': 33.99, 'slippage': 300.0, 'total_rupees': 553.49, 'points_equivalent': 11.07}",2022,True,False
2022-10-13,False,front_is_same_day,,,,,,,,,,,,,,,,,,,,2022,False,False
2022-10-14,True,,17200.0,2022-10-20,2022-10-27,17565.25,365.25,284.55,447.8,163.25,365.25,413.7,48.45,114.8,50.0,587.38,887.38,5152.62,4852.62,5740.0,"{'brokerage': 160.0, 'stt': 48.02, 'exchange_turnover': 41.88, 'sebi_turnover': 0.08, 'stamp_duty': 1.05, 'gst': 36.35, 'slippage': 300.0, 'total_rupees': 587.38, 'points_equivalent': 11.75}",2022,True,False
2022-10-17,True,,17350.0,2022-10-20,2022-10-27,17565.25,215.25,239.5,414.1,174.6,215.25,325.0,109.75,64.85,50.0,568.16,868.16,2674.34,2374.34,3242.5,"{'brokerage': 160.0, 'stt': 38.61, 'exchange_turnover': 33.75, 'sebi_turnover': 0.07, 'stamp_duty': 0.85, 'gst': 34.89, 'slippage': 300.0, 'total_rupees': 568.16, 'points_equivalent': 11.36}",2022,True,False
2022-10-18,True,,17500.0,2022-10-20,2022-10-27,17565.25,65.25,180.3,353.9,173.6,65.25,279.15,213.9,-40.3,50.0,544.25,844.25,-2559.25,-2859.25,-2015.0,"{'brokerage': 160.0, 'stt': 25.7, 'exchange_turnover': 24.58, 'sebi_turnover': 0.05, 'stamp_duty': 0.69, 'gst': 33.23, 'slippage': 300.0, 'total_rupees': 544.25, 'points_equivalent': 10.89}",2022,True,False
2022-10-19,True,,17500.0,2022-10-20,2022-10-27,17565.25,65.25,126.6,319.25,192.65,65.25,279.15,213.9,-21.25,50.0,537.35,837.35,-1599.85,-1899.85,-1062.5,"{'brokerage': 160.0, 'stt': 22.43, 'exchange_turnover': 21.57, 'sebi_turnover': 0.04, 'stamp_duty': 0.61, 'gst': 32.69, 'slippage': 300.0, 'total_rupees': 537.35, 'points_equivalent': 10.75}",2022,True,False
2022-10-20,False,front_is_same_day,,,,,,,,,,,,,,,,,,,,2022,False,False
2022-10-21,True,,17600.0,2022-10-27,2022-11-03,17758.9,158.9,223.05,399.4,176.35,158.9004,315.85,156.9496,19.4004,50.0,560.64,860.64,409.38,109.38,970.02,"{'brokerage': 160.0, 'stt': 34.4, 'exchange_turnover': 30.98, 'sebi_turnover': 0.06, 'stamp_duty': 0.81, 'gst': 34.39, 'slippage': 300.0, 'total_rupees': 560.64, 'points_equivalent': 11.21}",2022,True,False
2022-10-24,True,,17750.0,2022-10-27,2022-11-03,17758.9,8.9,174.45,372.3,197.85,8.9004,282.95,274.0496,-76.1996,50.0,541.16,841.16,-4351.14,-4651.14,-3809.98,"{'brokerage': 160.0, 'stt': 23.81, 'exchange_turnover': 23.57, 'sebi_turnover': 0.05, 'stamp_duty': 0.69, 'gst': 33.05, 'slippage': 300.0, 'total_rupees': 541.16, 'points_equivalent': 10.82}",2022,True,False
2022-10-25,True,,17650.0,2022-10-27,2022-11-03,17758.9,108.9,136.65,328.0,191.35,108.9004,299.45,190.5496,0.8004,50.0,542.54,842.54,-502.52,-802.52,40.02,"{'brokerage': 160.0, 'stt': 25.09, 'exchange_turnover': 23.68, 'sebi_turnover': 0.05, 'stamp_duty': 0.65, 'gst': 33.07, 'slippage': 300.0, 'total_rupees': 542.54, 'points_equivalent': 10.85}",2022,True,False
2022-10-27,False,front_is_same_day,,,,,,,,,,,,,,,,,,,,2022,False,False
2022-10-28,True,,17800.0,2022-11-03,2022-11-10,18046.55,246.55,252.9,386.95,134.05,246.5508,377.4,130.8492,3.2008,50.0,569.77,869.77,-409.73,-709.73,160.04,"{'brokerage': 160.0, 'stt': 38.33, 'exchange_turnover': 35.27, 'sebi_turnover': 0.07, 'stamp_duty': 0.95, 'gst': 35.16, 'slippage': 300.0, 'total_rupees': 569.77, 'points_equivalent': 11.4}",2022,True,False
2022-10-31,True,,18050.0,2022-11-03,2022-11-10,18046.55,3.45,207.1,353.2,146.1,3.4492,285.05,281.6008,-135.5008,50.0,539.26,839.26,-7314.3,-7614.3,-6775.04,"{'brokerage': 160.0, 'stt': 21.93, 'exchange_turnover': 23.5, 'sebi_turnover': 0.05, 'stamp_duty': 0.74, 'gst': 33.04, 'slippage': 300.0, 'total_rupees': 539.26, 'points_equivalent': 10.79}",2022,True,False
2022-11-01,True,,18150.0,2022-11-03,2022-11-10,18046.55,103.45,176.25,351.7,175.45,103.4492,283.35,179.9008,-4.4508,50.0,546.73,846.73,-769.27,-1069.27,-222.54,"{'brokerage': 160.0, 'stt': 27.25, 'exchange_turnover': 25.37, 'sebi_turnover': 0.05, 'stamp_duty': 0.69, 'gst': 33.38, 'slippage': 300.0, 'total_rupees': 546.73, 'points_equivalent': 10.93}",2022,True,False
2022-11-02,True,,18100.0,2022-11-03,2022-11-10,18046.55,53.45,167.2,348.35,181.15,53.4492,280.8,227.3508,-46.2008,50.0,541.4,841.4,-2851.44,-3151.44,-2310.04,"{'brokerage': 160.0, 'stt': 24.14, 'exchange_turnover': 23.5, 'sebi_turnover': 0.05, 'stamp_duty': 0.67, 'gst': 33.04, 'slippage': 300.0, 'total_rupees': 541.4, 'points_equivalent': 10.83}",2022,True,False
2022-11-03,False,front_is_same_day,,,,,,,,,,,,,,,,,,,,2022,False,False
2022-11-04,True,,18150.0,2022-11-10,2022-11-17,18036.8,113.2,230.55,375.2,144.65,113.1992,269.85,156.6508,-12.0008,50.0,552.36,852.36,-1152.4,-1452.4,-600.04,"{'brokerage': 160.0, 'stt': 29.97, 'exchange_turnover': 27.77, 'sebi_turnover': 0.05, 'stamp_duty': 0.75, 'gst': 33.81, 'slippage': 300.0, 'total_rupees': 552.36, 'points_equivalent': 11.05}",2022,True,False
2022-11-07,True,,18200.0,2022-11-10,2022-11-17,18036.8,163.2,167.2,322.3,155.1,163.1992,283.35,120.1508,34.9492,50.0,548.96,848.96,1198.5,898.5,1747.46,"{'brokerage': 160.0, 'stt': 28.82, 'exchange_turnover': 25.93, 'sebi_turnover': 0.05, 'stamp_duty': 0.68, 'gst': 33.48, 'slippage': 300.0, 'total_rupees': 548.96, 'points_equivalent': 10.98}",2022,True,False
2022-11-09,True,,18150.0,2022-11-10,2022-11-17,18036.8,113.2,118.5,303.85,185.35,113.1992,269.85,156.6508,28.6992,50.0,539.64,839.64,895.32,595.32,1434.96,"{'brokerage': 160.0, 'stt': 24.21, 'exchange_turnover': 22.03, 'sebi_turnover': 0.04, 'stamp_duty': 0.58, 'gst': 32.77, 'slippage': 300.0, 'total_rupees': 539.64, 'points_equivalent': 10.79}",2022,True,False
2022-11-10,False,front_is_same_day,,,,,,,,,,,,,,,,,,,,2022,False,False
2022-11-11,True,,18400.0,2022-11-17,2022-11-24,18333.95,66.05,213.3,338.2,124.9,66.0508,238.7,172.6492,-47.7492,50.0,542.79,842.79,-2930.25,-3230.25,-2387.46,"{'brokerage': 160.0, 'stt': 24.93, 'exchange_turnover': 24.0, 'sebi_turnover': 0.05, 'stamp_duty': 0.68, 'gst': 33.13, 'slippage': 300.0, 'total_rupees': 542.79, 'points_equivalent': 10.86}",2022,True,False
2022-11-14,True,,18350.0,2022-11-17,2022-11-24,18333.95,16.05,178.4,315.3,136.9,16.0508,243.3,227.2492,-90.3492,50.0,535.16,835.16,-5052.62,-5352.62,-4517.46,"{'brokerage': 160.0, 'stt': 20.75, 'exchange_turnover': 21.13, 'sebi_turnover': 0.04, 'stamp_duty': 0.63, 'gst': 32.61, 'slippage': 300.0, 'total_rupees': 535.16, 'points_equivalent': 10.7}",2022,True,False
2022-11-15,True,,18450.0,2022-11-17,2022-11-24,18333.95,116.05,137.85,283.75,145.9,116.0508,238.0,121.9492,23.9508,50.0,536.75,836.75,660.79,360.79,1197.54,"{'brokerage': 160.0, 'stt': 22.65, 'exchange_turnover': 20.93, 'sebi_turnover': 0.04, 'stamp_duty': 0.56, 'gst': 32.57, 'slippage': 300.0, 'total_rupees': 536.75, 'points_equivalent': 10.74}",2022,True,False
2022-11-16,True,,18400.0,2022-11-17,2022-11-24,18333.95,66.05,108.25,281.4,173.15,66.0508,238.7,172.6492,0.5008,50.0,532.12,832.12,-507.08,-807.08,25.04,"{'brokerage': 160.0, 'stt': 20.32, 'exchange_turnover': 19.02, 'sebi_turnover': 0.04, 'stamp_duty': 0.52, 'gst': 32.23, 'slippage': 300.0, 'total_rupees': 532.12, 'points_equivalent': 10.64}",2022,True,False
2022-11-17,False,front_is_same_day,,,,,,,,,,,,,,,,,,,,2022,False,False
2022-11-18,True,,18400.0,2022-11-24,2022-12-01,18510.85,110.85,203.4,321.95,118.55,110.8496,230.1,119.2504,-0.7004,50.0,546.89,846.89,-581.91,-881.91,-35.02,"{'brokerage': 160.0, 'stt': 27.86, 'exchange_turnover': 25.02, 'sebi_turnover': 0.05, 'stamp_duty': 0.65, 'gst': 33.31, 'slippage': 300.0, 'total_rupees': 546.89, 'points_equivalent': 10.94}",2022,True,False
2022-11-21,True,,18200.0,2022-11-24,2022-12-01,18510.85,310.85,167.15,298.3,131.15,310.8496,355.3,44.4504,86.6996,50.0,560.88,860.88,3774.1,3474.1,4334.98,"{'brokerage': 160.0, 'stt': 34.87, 'exchange_turnover': 30.8, 'sebi_turnover': 0.06, 'stamp_duty': 0.78, 'gst': 34.36, 'slippage': 300.0, 'total_rupees': 560.88, 'points_equivalent': 11.22}",2022,True,False
2022-11-22,True,,18300.0,2022-11-24,2022-12-01,18510.85,210.85,122.5,250.8,128.3,210.8496,285.1,74.2504,54.0496,50.0,544.19,844.19,2158.29,1858.29,2702.48,"{'brokerage': 160.0, 'stt': 26.68, 'exchange_turnover': 23.77, 'sebi_turnover': 0.05, 'stamp_duty': 0.61, 'gst': 33.09, 'slippage': 300.0, 'total_rupees': 544.19, 'points_equivalent': 10.88}",2022,True,False
2022-11-23,True,,18300.0,2022-11-24,2022-12-01,18510.85,210.85,87.45,233.35,145.9,210.8496,285.1,74.2504,71.6496,50.0,539.88,839.88,3042.6,2742.6,3582.48,"{'brokerage': 160.0, 'stt': 24.67, 'exchange_turnover': 21.86, 'sebi_turnover': 0.04, 'stamp_duty': 0.56, 'gst': 32.74, 'slippage': 300.0, 'total_rupees': 539.88, 'points_equivalent': 10.8}",2022,True,False
2022-11-24,False,front_is_same_day,,,,,,,,,,,,,,,,,,,,2022,False,False
2022-11-25,True,,18550.0,2022-12-01,2022-12-08,18800.95,250.95,182.7,299.65,116.95,250.9492,358.45,107.5008,9.4492,50.0,557.72,857.72,-85.26,-385.26,472.46,"{'brokerage': 160.0, 'stt': 32.53, 'exchange_turnover': 30.09, 'sebi_turnover': 0.06, 'stamp_duty': 0.81, 'gst': 34.23, 'slippage': 300.0, 'total_rupees': 557.72, 'points_equivalent': 11.15}",2022,True,False
2022-11-28,True,,18600.0,2022-12-01,2022-12-08,18800.95,200.95,156.1,289.95,133.85,200.9492,320.45,119.5008,14.3492,50.0,550.0,850.0,167.46,-132.54,717.46,"{'brokerage': 160.0, 'stt': 28.96, 'exchange_turnover': 26.66, 'sebi_turnover': 0.05, 'stamp_duty': 0.71, 'gst': 33.61, 'slippage': 300.0, 'total_rupees': 550.0, 'points_equivalent': 11.0}",2022,True,False
2022-11-29,True,,18650.0,2022-12-01,2022-12-08,18800.95,150.95,119.75,269.5,149.75,150.9492,288.4,137.4508,12.2992,50.0,541.03,841.03,73.93,-226.07,614.96,"{'brokerage': 160.0, 'stt': 24.69, 'exchange_turnover': 22.78, 'sebi_turnover': 0.05, 'stamp_duty': 0.61, 'gst': 32.91, 'slippage': 300.0, 'total_rupees': 541.03, 'points_equivalent': 10.82}",2022,True,False
2022-11-30,True,,18750.0,2022-12-01,2022-12-08,18800.95,50.95,87.35,252.5,165.15,50.9492,248.5,197.5508,-32.4008,50.0,527.14,827.14,-2147.18,-2447.18,-1620.04,"{'brokerage': 160.0, 'stt': 17.41, 'exchange_turnover': 17.27, 'sebi_turnover': 0.03, 'stamp_duty': 0.5, 'gst': 31.92, 'slippage': 300.0, 'total_rupees': 527.14, 'points_equivalent': 10.54}",2022,True,False
2022-12-01,False,front_is_same_day,,,,,,,,,,,,,,,,,,,,2022,False,False
2022-12-02,True,,18700.0,2022-12-08,2022-12-15,18614.4,85.6,208.1,325.0,116.9,85.5996,215.95,130.3504,-13.4504,50.0,544.13,844.13,-1216.65,-1516.65,-672.52,"{'brokerage': 160.0, 'stt': 26.32, 'exchange_turnover': 24.0, 'sebi_turnover': 0.05, 'stamp_duty': 0.64, 'gst': 33.13, 'slippage': 300.0, 'total_rupees': 544.13, 'points_equivalent': 10.88}",2022,True,False
2022-12-05,True,,18700.0,2022-12-08,2022-12-15,18614.4,85.6,180.9,310.2,129.3,85.5996,215.95,130.3504,-1.0504,50.0,541.09,841.09,-593.61,-893.61,-52.52,"{'brokerage': 160.0, 'stt': 24.95, 'exchange_turnover': 22.62, 'sebi_turnover': 0.04, 'stamp_duty': 0.6, 'gst': 32.88, 'slippage': 300.0, 'total_rupees': 541.09, 'points_equivalent': 10.82}",2022,True,False
2022-12-06,True,,18700.0,2022-12-08,2022-12-15,18614.4,85.6,157.5,294.8,137.3,85.5996,215.95,130.3504,6.9496,50.0,536.48,836.48,-189.0,-489.0,347.48,"{'brokerage': 160.0, 'stt': 22.52, 'exchange_turnover': 20.8, 'sebi_turnover': 0.04, 'stamp_duty': 0.56, 'gst': 32.55, 'slippage': 300.0, 'total_rupees': 536.48, 'points_equivalent': 10.73}",2022,True,False
2022-12-07,True,,18600.0,2022-12-08,2022-12-15,18614.4,14.4,116.6,276.8,160.2,14.4004,220.65,206.2496,-46.0496,50.0,527.66,827.66,-2830.14,-3130.14,-2302.48,"{'brokerage': 160.0, 'stt': 17.71, 'exchange_turnover': 17.46, 'sebi_turnover': 0.03, 'stamp_duty': 0.51, 'gst': 31.95, 'slippage': 300.0, 'total_rupees': 527.66, 'points_equivalent': 10.55}",2022,True,False
2022-12-08,False,front_is_same_day,,,,,,,,,,,,,,,,,,,,2022,False,False
2022-12-09,True,,18500.0,2022-12-15,2022-12-22,18394.05,105.95,193.75,307.35,113.6,105.9492,227.85,121.9008,-8.3008,50.0,543.51,843.51,-958.55,-1258.55,-415.04,"{'brokerage': 160.0, 'stt': 25.98, 'exchange_turnover': 23.76, 'sebi_turnover': 0.05, 'stamp_duty': 0.63, 'gst': 33.09, 'slippage': 300.0, 'total_rupees': 543.51, 'points_equivalent': 10.87}",2022,True,False
2022-12-12,True,,18550.0,2022-12-15,2022-12-22,18394.05,155.95,163.75,277.35,113.6,155.9492,243.05,87.1008,26.4992,50.0,542.03,842.03,782.93,482.93,1324.96,"{'brokerage': 160.0, 'stt': 25.34, 'exchange_turnover': 23.07, 'sebi_turnover': 0.05, 'stamp_duty': 0.61, 'gst': 32.96, 'slippage': 300.0, 'total_rupees': 542.03, 'points_equivalent': 10.84}",2022,True,False
2022-12-13,True,,18650.0,2022-12-15,2022-12-22,18394.05,255.95,152.25,262.85,110.6,255.9492,285.55,29.6008,80.9992,50.0,549.11,849.11,3500.85,3200.85,4049.96,"{'brokerage': 160.0, 'stt': 29.17, 'exchange_turnover': 25.79, 'sebi_turnover': 0.05, 'stamp_duty': 0.66, 'gst': 33.45, 'slippage': 300.0, 'total_rupees': 549.11, 'points_equivalent': 10.98}",2022,True,False
2022-12-14,True,,18700.0,2022-12-15,2022-12-22,18394.05,305.95,116.8,242.15,125.35,305.9492,320.95,15.0008,110.3492,50.0,549.91,849.91,4967.55,4667.55,5517.46,"{'brokerage': 160.0, 'stt': 29.67, 'exchange_turnover': 26.04, 'sebi_turnover': 0.05, 'stamp_duty': 0.66, 'gst': 33.5, 'slippage': 300.0, 'total_rupees': 549.91, 'points_equivalent': 11.0}",2022,True,False
2022-12-15,False,front_is_same_day,,,,,,,,,,,,,,,,,,,,2022,False,False
2022-12-16,True,,18300.0,2022-12-22,2022-12-29,18114.7,185.3,208.35,343.55,135.2,185.3008,273.85,88.5492,46.6508,50.0,554.08,854.08,1778.46,1478.46,2332.54,"{'brokerage': 160.0, 'stt': 31.41, 'exchange_turnover': 28.04, 'sebi_turnover': 0.06, 'stamp_duty': 0.72, 'gst': 33.86, 'slippage': 300.0, 'total_rupees': 554.08, 'points_equivalent': 11.08}",2022,True,False
2022-12-19,True,,18450.0,2022-12-22,2022-12-29,18114.7,335.3,165.1,293.75,128.65,335.3008,342.2,6.8992,121.7508,50.0,561.66,861.66,5525.88,5225.88,6087.54,"{'brokerage': 160.0, 'stt': 35.66, 'exchange_turnover': 30.82, 'sebi_turnover': 0.06, 'stamp_duty': 0.76, 'gst': 34.36, 'slippage': 300.0, 'total_rupees': 561.66, 'points_equivalent': 11.23}",2022,True,False
2022-12-20,True,,18400.0,2022-12-22,2022-12-29,18114.7,285.3,132.9,274.95,142.05,285.3008,310.4,25.0992,116.9508,50.0,552.47,852.47,5295.07,4995.07,5847.54,"{'brokerage': 160.0, 'stt': 31.16, 'exchange_turnover': 26.93, 'sebi_turnover': 0.05, 'stamp_duty': 0.66, 'gst': 33.66, 'slippage': 300.0, 'total_rupees': 552.47, 'points_equivalent': 11.05}",2022,True,False
2022-12-21,True,,18250.0,2022-12-22,2022-12-29,18114.7,135.3,132.25,322.2,189.95,135.3008,262.8,127.4992,62.4508,50.0,542.37,842.37,2580.17,2280.17,3122.54,"{'brokerage': 160.0, 'stt': 25.79, 'exchange_turnover': 23.0, 'sebi_turnover': 0.05, 'stamp_duty': 0.59, 'gst': 32.95, 'slippage': 300.0, 'total_rupees': 542.37, 'points_equivalent': 10.85}",2022,True,False
2022-12-22,False,front_is_same_day,,,,,,,,,,,,,,,,,,,,2022,False,False
2022-12-23,True,,17900.0,2022-12-29,2023-01-05,18210.4,310.4,256.2,389.55,133.35,310.4004,370.1,59.6996,73.6504,50.0,576.17,876.17,3106.35,2806.35,3682.52,"{'brokerage': 160.0, 'stt': 42.41, 'exchange_turnover': 37.23, 'sebi_turnover': 0.07, 'stamp_duty': 0.94, 'gst': 35.51, 'slippage': 300.0, 'total_rupees': 576.17, 'points_equivalent': 11.52}",2022,True,False
2022-12-26,True,,18050.0,2022-12-29,2023-01-05,18210.4,160.4,198.65,351.15,152.5,160.4004,277.45,117.0496,35.4504,50.0,553.04,853.04,1219.48,919.48,1772.52,"{'brokerage': 160.0, 'stt': 30.88, 'exchange_turnover': 27.61, 'sebi_turnover': 0.05, 'stamp_duty': 0.71, 'gst': 33.78, 'slippage': 300.0, 'total_rupees': 553.04, 'points_equivalent': 11.06}",2022,True,False
2022-12-27,True,,18150.0,2022-12-29,2023-01-05,18210.4,60.4,146.75,309.7,162.95,60.4004,243.85,183.4496,-20.4996,50.0,537.09,837.09,-1562.07,-1862.07,-1024.98,"{'brokerage': 160.0, 'stt': 22.57, 'exchange_turnover': 21.26, 'sebi_turnover': 0.04, 'stamp_duty': 0.59, 'gst': 32.63, 'slippage': 300.0, 'total_rupees': 537.09, 'points_equivalent': 10.74}",2022,True,False
2022-12-28,True,,18150.0,2022-12-29,2023-01-05,18210.4,60.4,104.7,288.25,183.55,60.4004,243.85,183.4496,0.1004,50.0,532.77,832.77,-527.75,-827.75,5.02,"{'brokerage': 160.0, 'stt': 20.69, 'exchange_turnover': 19.25, 'sebi_turnover': 0.04, 'stamp_duty': 0.52, 'gst': 32.27, 'slippage': 300.0, 'total_rupees': 532.77, 'points_equivalent': 10.66}",2022,True,False
2022-12-29,False,front_is_same_day,,,,,,,,,,,,,,,,,,,,2022,False,False
2022-12-30,True,,18150.0,2023-01-05,2023-01-12,17999.8,150.2,221.6,343.95,122.35,150.1992,264.35,114.1508,8.1992,50.0,551.69,851.69,-141.73,-441.73,409.96,"{'brokerage': 160.0, 'stt': 29.84, 'exchange_turnover': 27.34, 'sebi_turnover': 0.05, 'stamp_duty': 0.73, 'gst': 33.73, 'slippage': 300.0, 'total_rupees': 551.69, 'points_equivalent': 11.03}",2022,True,False
2023-01-02,True,,18200.0,2023-01-05,2023-01-12,17999.8,200.2,184.95,312.35,127.4,200.1992,282.95,82.7508,44.6492,50.0,552.04,852.04,1680.42,1380.42,2232.46,"{'brokerage': 160.0, 'stt': 30.41, 'exchange_turnover': 27.17, 'sebi_turnover': 0.05, 'stamp_duty': 0.7, 'gst': 33.7, 'slippage': 300.0, 'total_rupees': 552.04, 'points_equivalent': 11.04}",2023,True,False
2023-01-03,True,,18250.0,2023-01-05,2023-01-12,17999.8,250.2,146.35,280.65,134.3,250.1992,306.5,56.3008,77.9992,50.0,551.32,851.32,3348.64,3048.64,3899.96,"{'brokerage': 160.0, 'stt': 30.26, 'exchange_turnover': 26.71, 'sebi_turnover': 0.05, 'stamp_duty': 0.68, 'gst': 33.62, 'slippage': 300.0, 'total_rupees': 551.32, 'points_equivalent': 11.03}",2023,True,False
2023-01-04,True,,18050.0,2023-01-05,2023-01-12,17999.8,50.2,115.8,285.5,169.7,50.1992,244.85,194.6508,-24.9508,50.0,531.67,831.67,-1779.21,-2079.21,-1247.54,"{'brokerage': 160.0, 'stt': 19.76, 'exchange_turnover': 19.09, 'sebi_turnover': 0.04, 'stamp_duty': 0.54, 'gst': 32.24, 'slippage': 300.0, 'total_rupees': 531.67, 'points_equivalent': 10.63}",2023,True,False
2023-01-05,False,front_is_same_day,,,,,,,,,,,,,,,,,,,,2023,False,False
2023-01-06,True,,17900.0,2023-01-12,2023-01-19,17866.0,34.0,217.9,339.25,121.35,34.0,276.35,242.35,-121.0,50.0,542.27,842.27,-6592.27,-6892.27,-6050.0,"{'brokerage': 160.0, 'stt': 23.78, 'exchange_turnover': 24.49, 'sebi_turnover': 0.05, 'stamp_duty': 0.74, 'gst': 33.22, 'slippage': 300.0, 'total_rupees': 542.27, 'points_equivalent': 10.85}",2023,True,False
2023-01-09,True,,18100.0,2023-01-12,2023-01-19,17866.0,234.0,162.0,297.05,135.05,234.0,324.6,90.6,44.45,50.0,553.35,853.35,1669.15,1369.15,2222.5,"{'brokerage': 160.0, 'stt': 30.87, 'exchange_turnover': 27.87, 'sebi_turnover': 0.06, 'stamp_duty': 0.73, 'gst': 33.83, 'slippage': 300.0, 'total_rupees': 553.35, 'points_equivalent': 11.07}",2023,True,False
2023-01-10,True,,17900.0,2023-01-12,2023-01-19,17866.0,34.0,159.8,315.85,156.05,34.0,276.35,242.35,-86.3,50.0,537.86,837.86,-4852.86,-5152.86,-4315.0,"{'brokerage': 160.0, 'stt': 22.16, 'exchange_turnover': 22.2, 'sebi_turnover': 0.04, 'stamp_duty': 0.65, 'gst': 32.8, 'slippage': 300.0, 'total_rupees': 537.86, 'points_equivalent': 10.76}",2023,True,False
2023-01-11,True,,17900.0,2023-01-12,2023-01-19,17866.0,34.0,122.0,300.1,178.1,34.0,276.35,242.35,-64.25,50.0,533.06,833.06,-3745.56,-4045.56,-3212.5,"{'brokerage': 160.0, 'stt': 19.89, 'exchange_turnover': 20.1, 'sebi_turnover': 0.04, 'stamp_duty': 0.6, 'gst': 32.43, 'slippage': 300.0, 'total_rupees': 533.06, 'points_equivalent': 10.66}",2023,True,False
2023-01-12,False,front_is_same_day,,,,,,,,,,,,,,,,,,,,2023,False,False
2023-01-13,True,,18000.0,2023-01-19,2023-01-25,18089.05,89.05,213.9,333.35,119.45,89.0508,245.4,156.3492,-36.8992,50.0,546.21,846.21,-2391.17,-2691.17,-1844.96,"{'brokerage': 160.0, 'stt': 26.93, 'exchange_turnover': 25.2, 'sebi_turnover': 0.05, 'stamp_duty': 0.69, 'gst': 33.34, 'slippage': 300.0, 'total_rupees': 546.21, 'points_equivalent': 10.92}",2023,True,False
2023-01-16,True,,17900.0,2023-01-19,2023-01-25,18089.05,189.05,185.55,313.45,127.9,189.0508,293.1,104.0492,23.8508,50.0,550.97,850.97,641.57,341.57,1192.54,"{'brokerage': 160.0, 'stt': 29.53, 'exchange_turnover': 27.0, 'sebi_turnover': 0.05, 'stamp_duty': 0.72, 'gst': 33.67, 'slippage': 300.0, 'total_rupees': 550.97, 'points_equivalent': 11.02}",2023,True,False
2023-01-17,True,,18050.0,2023-01-19,2023-01-25,18089.05,39.05,143.0,281.95,138.95,39.0508,227.8,188.7492,-49.7992,50.0,531.6,831.6,-3021.56,-3321.56,-2489.96,"{'brokerage': 160.0, 'stt': 19.52, 'exchange_turnover': 19.22, 'sebi_turnover': 0.04, 'stamp_duty': 0.56, 'gst': 32.27, 'slippage': 300.0, 'total_rupees': 531.6, 'points_equivalent': 10.63}",2023,True,False
2023-01-18,True,,18150.0,2023-01-19,2023-01-25,18089.05,60.95,100.9,254.6,153.7,60.9492,217.7,156.7508,-3.0508,50.0,528.6,828.6,-681.14,-981.14,-152.54,"{'brokerage': 160.0, 'stt': 18.66, 'exchange_turnover': 17.47, 'sebi_turnover': 0.03, 'stamp_duty': 0.48, 'gst': 31.95, 'slippage': 300.0, 'total_rupees': 528.6, 'points_equivalent': 10.57}",2023,True,False
2023-01-19,False,front_is_same_day,,,,,,,,,,,,,,,,,,,,2023,False,False
2023-01-20,True,,18050.0,2023-01-25,2023-02-02,17910.05,139.95,184.15,374.3,190.15,139.9492,331.1,191.1508,-1.0008,50.0,553.55,853.55,-603.59,-903.59,-50.04,"{'brokerage': 160.0, 'stt': 30.42, 'exchange_turnover': 28.37, 'sebi_turnover': 0.06, 'stamp_duty': 0.77, 'gst': 33.92, 'slippage': 300.0, 'total_rupees': 553.55, 'points_equivalent': 11.07}",2023,True,False
2023-01-23,True,,18150.0,2023-01-25,2023-02-02,17910.05,239.95,126.75,322.25,195.5,239.9492,365.2,125.2508,70.2492,50.0,554.07,854.07,2958.39,2658.39,3512.46,"{'brokerage': 160.0, 'stt': 31.21, 'exchange_turnover': 28.18, 'sebi_turnover': 0.06, 'stamp_duty': 0.74, 'gst': 33.88, 'slippage': 300.0, 'total_rupees': 554.07, 'points_equivalent': 11.08}",2023,True,False
2023-01-24,True,,18150.0,2023-01-25,2023-02-02,17910.05,239.95,92.35,300.05,207.7,239.9492,365.2,125.2508,82.4492,50.0,549.05,849.05,3573.41,3273.41,4122.46,"{'brokerage': 160.0, 'stt': 28.74, 'exchange_turnover': 26.07, 'sebi_turnover': 0.05, 'stamp_duty': 0.69, 'gst': 33.5, 'slippage': 300.0, 'total_rupees': 549.05, 'points_equivalent': 10.98}",2023,True,False
2023-01-25,False,front_is_same_day,,,,,,,,,,,,,,,,,,,,2023,False,False
2023-01-27,True,,17650.0,2023-02-02,2023-02-09,17604.85,45.15,359.55,487.45,127.9,45.1504,312.35,267.1996,-139.2996,50.0,565.74,865.74,-7530.72,-7830.72,-6964.98,"{'brokerage': 160.0, 'stt': 34.98, 'exchange_turnover': 34.63, 'sebi_turnover': 0.07, 'stamp_duty': 1.01, 'gst': 35.05, 'slippage': 300.0, 'total_rupees': 565.74, 'points_equivalent': 11.31}",2023,True,False
2023-01-30,True,,17700.0,2023-02-02,2023-02-09,17604.85,95.15,314.05,462.95,148.9,95.1504,313.7,218.5496,-69.6496,50.0,564.2,864.2,-4046.68,-4346.68,-3482.48,"{'brokerage': 160.0, 'stt': 34.89, 'exchange_turnover': 33.47, 'sebi_turnover': 0.07, 'stamp_duty': 0.94, 'gst': 34.84, 'slippage': 300.0, 'total_rupees': 564.2, 'points_equivalent': 11.28}",2023,True,False
2023-01-31,True,,17700.0,2023-02-02,2023-02-09,17604.85,95.15,295.65,441.55,145.9,95.1504,313.7,218.5496,-72.6496,50.0,563.28,863.28,-4195.76,-4495.76,-3632.48,"{'brokerage': 160.0, 'stt': 34.67, 'exchange_turnover': 32.89, 'sebi_turnover': 0.07, 'stamp_duty': 0.91, 'gst': 34.73, 'slippage': 300.0, 'total_rupees': 563.28, 'points_equivalent': 11.27}",2023,True,False
2023-02-01,True,,17600.0,2023-02-02,2023-02-09,17604.85,4.85,169.6,391.25,221.65,4.8496,315.65,310.8004,-89.1504,50.0,541.7,841.7,-4999.22,-5299.22,-4457.52,"{'brokerage': 160.0, 'stt': 23.6, 'exchange_turnover': 24.17, 'sebi_turnover': 0.05, 'stamp_duty': 0.73, 'gst': 33.16, 'slippage': 300.0, 'total_rupees': 541.7, 'points_equivalent': 10.83}",2023,True,False
2023-02-02,False,front_is_same_day,,,,,,,,,,,,,,,,,,,,2023,False,False
2023-02-03,True,,17900.0,2023-02-09,2023-02-16,17897.1,2.9,236.15,343.0,106.85,2.9004,222.45,219.5496,-112.6996,50.0,538.53,838.53,-6173.51,-6473.51,-5634.98,"{'brokerage': 160.0, 'stt': 22.13, 'exchange_turnover': 22.76, 'sebi_turnover': 0.05, 'stamp_duty': 0.69, 'gst': 32.9, 'slippage': 300.0, 'total_rupees': 538.53, 'points_equivalent': 10.77}",2023,True,False
2023-02-06,True,,17800.0,2023-02-09,2023-02-16,17897.1,97.1,205.05,317.05,112.0,97.0996,248.3,151.2004,-39.2004,50.0,545.6,845.6,-2505.62,-2805.62,-1960.02,"{'brokerage': 160.0, 'stt': 26.66, 'exchange_turnover': 24.91, 'sebi_turnover': 0.05, 'stamp_duty': 0.68, 'gst': 33.29, 'slippage': 300.0, 'total_rupees': 545.6, 'points_equivalent': 10.91}",2023,True,False
2023-02-07,True,,17750.0,2023-02-09,2023-02-16,17897.1,147.1,166.6,290.95,124.35,147.0996,271.15,124.0504,0.2996,50.0,544.57,844.57,-529.59,-829.59,14.98,"{'brokerage': 160.0, 'stt': 26.32, 'exchange_turnover': 24.35, 'sebi_turnover': 0.05, 'stamp_duty': 0.66, 'gst': 33.19, 'slippage': 300.0, 'total_rupees': 544.57, 'points_equivalent': 10.89}",2023,True,False
2023-02-08,True,,17900.0,2023-02-09,2023-02-16,17897.1,2.9,117.5,249.8,132.3,2.9004,222.45,219.5496,-87.2496,50.0,523.16,823.16,-4885.64,-5185.64,-4362.48,"{'brokerage': 160.0, 'stt': 14.84, 'exchange_turnover': 16.08, 'sebi_turnover': 0.03, 'stamp_duty': 0.51, 'gst': 31.7, 'slippage': 300.0, 'total_rupees': 523.16, 'points_equivalent': 10.46}",2023,True,False
2023-02-09,False,front_is_same_day,,,,,,,,,,,,,,,,,,,,2023,False,False
2023-02-10,True,,17850.0,2023-02-16,2023-02-23,18015.25,165.25,187.35,296.9,109.55,165.25,284.9,119.65,-10.1,50.0,547.52,847.52,-1052.52,-1352.52,-505.0,"{'brokerage': 160.0, 'stt': 27.5, 'exchange_turnover': 25.81, 'sebi_turnover': 0.05, 'stamp_duty': 0.71, 'gst': 33.46, 'slippage': 300.0, 'total_rupees': 547.52, 'points_equivalent': 10.95}",2023,True,False
2023-02-13,True,,17800.0,2023-02-16,2023-02-23,18015.25,215.25,171.5,289.45,117.95,215.25,318.0,102.75,15.2,50.0,551.89,851.89,208.11,-91.89,760.0,"{'brokerage': 160.0, 'stt': 29.89, 'exchange_turnover': 27.46, 'sebi_turnover': 0.05, 'stamp_duty': 0.73, 'gst': 33.75, 'slippage': 300.0, 'total_rupees': 551.89, 'points_equivalent': 11.04}",2023,True,False
2023-02-14,True,,17950.0,2023-02-16,2023-02-23,18015.25,65.25,143.25,266.6,123.35,65.25,229.0,163.75,-40.4,50.0,533.6,833.6,-2553.6,-2853.6,-2020.0,"{'brokerage': 160.0, 'stt': 20.75, 'exchange_turnover': 19.88, 'sebi_turnover': 0.04, 'stamp_duty': 0.56, 'gst': 32.38, 'slippage': 300.0, 'total_rupees': 533.6, 'points_equivalent': 10.67}",2023,True,False
2023-02-15,True,,18000.0,2023-02-16,2023-02-23,18015.25,15.25,92.6,230.3,137.7,15.25,212.9,197.65,-59.95,50.0,521.25,821.25,-3518.75,-3818.75,-2997.5,"{'brokerage': 160.0, 'stt': 14.32, 'exchange_turnover': 14.95, 'sebi_turnover': 0.03, 'stamp_duty': 0.46, 'gst': 31.5, 'slippage': 300.0, 'total_rupees': 521.25, 'points_equivalent': 10.42}",2023,True,False
2023-02-16,False,front_is_same_day,,,,,,,,,,,,,,,,,,,,2023,False,False
2023-02-17,True,,17950.0,2023-02-23,2023-03-02,17523.8,426.2,192.35,302.45,110.1,426.1992,428.95,2.7508,107.3492,50.0,574.14,874.14,4793.32,4493.32,5367.46,"{'brokerage': 160.0, 'stt': 41.24, 'exchange_turnover': 36.51, 'sebi_turnover': 0.07, 'stamp_duty': 0.93, 'gst': 35.39, 'slippage': 300.0, 'total_rupees': 574.14, 'points_equivalent': 11.48}",2023,True,False
2023-02-20,True,,17850.0,2023-02-23,2023-03-02,17523.8,326.2,172.95,294.15,121.2,326.1992,348.35,22.1508,99.0492,50.0,562.1,862.1,4390.36,4090.36,4952.46,"{'brokerage': 160.0, 'stt': 35.66, 'exchange_turnover': 31.17, 'sebi_turnover': 0.06, 'stamp_duty': 0.78, 'gst': 34.42, 'slippage': 300.0, 'total_rupees': 562.1, 'points_equivalent': 11.24}",2023,True,False
2023-02-21,True,,17850.0,2023-02-23,2023-03-02,17523.8,326.2,137.6,262.95,125.35,326.1992,348.35,22.1508,103.1992,50.0,556.12,856.12,4603.84,4303.84,5159.96,"{'brokerage': 160.0, 'stt': 32.61, 'exchange_turnover': 28.74, 'sebi_turnover': 0.06, 'stamp_duty': 0.73, 'gst': 33.98, 'slippage': 300.0, 'total_rupees': 556.12, 'points_equivalent': 11.12}",2023,True,False
2023-02-22,True,,17550.0,2023-02-23,2023-03-02,17523.8,26.2,110.6,288.0,177.4,26.1992,240.85,214.6508,-37.2508,50.0,529.92,829.92,-2392.46,-2692.46,-1862.54,"{'brokerage': 160.0, 'stt': 18.85, 'exchange_turnover': 18.39, 'sebi_turnover': 0.04, 'stamp_duty': 0.53, 'gst': 32.12, 'slippage': 300.0, 'total_rupees': 529.92, 'points_equivalent': 10.6}",2023,True,False
2023-02-23,False,front_is_same_day,,,,,,,,,,,,,,,,,,,,2023,False,False
2023-02-24,True,,17500.0,2023-03-02,2023-03-09,17318.65,181.35,202.75,302.8,100.05,181.3496,233.05,51.7004,48.3496,50.0,548.55,848.55,1868.93,1568.93,2417.48,"{'brokerage': 160.0, 'stt': 28.86, 'exchange_turnover': 25.58, 'sebi_turnover': 0.05, 'stamp_duty': 0.65, 'gst': 33.41, 'slippage': 300.0, 'total_rupees': 548.55, 'points_equivalent': 10.97}",2023,True,False
2023-02-27,True,,17400.0,2023-03-02,2023-03-09,17318.65,81.35,168.95,281.15,112.2,81.3496,204.2,122.8504,-10.6504,50.0,536.73,836.73,-1069.25,-1369.25,-532.52,"{'brokerage': 160.0, 'stt': 22.68, 'exchange_turnover': 20.88, 'sebi_turnover': 0.04, 'stamp_duty': 0.56, 'gst': 32.57, 'slippage': 300.0, 'total_rupees': 536.73, 'points_equivalent': 10.73}",2023,True,False
2023-02-28,True,,17300.0,2023-03-02,2023-03-09,17318.65,18.65,142.5,272.55,130.05,18.6504,209.5,190.8496,-60.7996,50.0,527.82,827.82,-3567.8,-3867.8,-3039.98,"{'brokerage': 160.0, 'stt': 17.52, 'exchange_turnover': 17.74, 'sebi_turnover': 0.04, 'stamp_duty': 0.53, 'gst': 32.0, 'slippage': 300.0, 'total_rupees': 527.82, 'points_equivalent': 10.56}",2023,True,False
2023-03-01,True,,17450.0,2023-03-02,2023-03-09,17318.65,131.35,93.3,226.85,133.55,131.3496,214.5,83.1504,50.3996,50.0,531.09,831.09,1988.89,1688.89,2519.98,"{'brokerage': 160.0, 'stt': 20.44, 'exchange_turnover': 18.09, 'sebi_turnover': 0.04, 'stamp_duty': 0.46, 'gst': 32.06, 'slippage': 300.0, 'total_rupees': 531.09, 'points_equivalent': 10.62}",2023,True,False
2023-03-02,False,front_is_same_day,,,,,,,,,,,,,,,,,,,,2023,False,False
2023-03-03,True,,17650.0,2023-03-09,2023-03-16,17582.8,67.2,159.3,258.85,99.55,67.1992,213.6,146.4008,-46.8508,50.0,531.2,831.2,-2873.74,-3173.74,-2342.54,"{'brokerage': 160.0, 'stt': 19.23, 'exchange_turnover': 19.13, 'sebi_turnover': 0.04, 'stamp_duty': 0.56, 'gst': 32.25, 'slippage': 300.0, 'total_rupees': 531.2, 'points_equivalent': 10.62}",2023,True,False
2023-03-06,True,,17700.0,2023-03-09,2023-03-16,17582.8,117.2,121.4,238.1,116.7,117.1992,221.95,104.7508,11.9492,50.0,533.26,833.26,64.2,-235.8,597.46,"{'brokerage': 160.0, 'stt': 21.1, 'exchange_turnover': 19.33, 'sebi_turnover': 0.04, 'stamp_duty': 0.52, 'gst': 32.29, 'slippage': 300.0, 'total_rupees': 533.26, 'points_equivalent': 10.67}",2023,True,False
2023-03-08,True,,17750.0,2023-03-09,2023-03-16,17582.8,167.2,85.55,227.1,141.55,167.1992,237.95,70.7508,70.7992,50.0,533.64,833.64,3006.32,2706.32,3539.96,"{'brokerage': 160.0, 'stt': 21.72, 'exchange_turnover': 19.14, 'sebi_turnover': 0.04, 'stamp_duty': 0.49, 'gst': 32.25, 'slippage': 300.0, 'total_rupees': 533.64, 'points_equivalent': 10.67}",2023,True,False
2023-03-09,False,front_is_same_day,,,,,,,,,,,,,,,,,,,,2023,False,False
2023-03-10,True,,17450.0,2023-03-16,2023-03-23,17010.4,439.6,200.05,304.1,104.05,439.5996,475.7,36.1004,67.9496,50.0,576.07,876.07,2821.41,2521.41,3397.48,"{'brokerage': 160.0, 'stt': 41.38, 'exchange_turnover': 37.96, 'sebi_turnover': 0.08, 'stamp_duty': 1.01, 'gst': 35.65, 'slippage': 300.0, 'total_rupees': 576.07, 'points_equivalent': 11.52}",2023,True,False
2023-03-13,True,,17150.0,2023-03-16,2023-03-23,17010.4,139.6,228.5,369.7,141.2,139.5996,324.35,184.7504,-43.5504,50.0,556.39,856.39,-2733.91,-3033.91,-2177.52,"{'brokerage': 160.0, 'stt': 31.46, 'exchange_turnover': 29.85, 'sebi_turnover': 0.06, 'stamp_duty': 0.83, 'gst': 34.18, 'slippage': 300.0, 'total_rupees': 556.39, 'points_equivalent': 11.13}",2023,True,False
2023-03-14,True,,17100.0,2023-03-16,2023-03-23,17010.4,89.6,188.35,337.8,149.45,89.5996,317.3,227.7004,-78.2504,50.0,545.13,845.13,-4457.65,-4757.65,-3912.52,"{'brokerage': 160.0, 'stt': 25.34, 'exchange_turnover': 25.57, 'sebi_turnover': 0.05, 'stamp_duty': 0.76, 'gst': 33.41, 'slippage': 300.0, 'total_rupees': 545.13, 'points_equivalent': 10.9}",2023,True,False
2023-03-15,True,,17000.0,2023-03-16,2023-03-23,17010.4,10.4,127.0,328.55,201.55,10.4004,314.45,304.0496,-102.4996,50.0,535.48,835.48,-5660.46,-5960.46,-5124.98,"{'brokerage': 160.0, 'stt': 20.56, 'exchange_turnover': 21.53, 'sebi_turnover': 0.04, 'stamp_duty': 0.66, 'gst': 32.68, 'slippage': 300.0, 'total_rupees': 535.48, 'points_equivalent': 10.71}",2023,True,False
2023-03-16,False,front_is_same_day,,,,,,,,,,,,,,,,,,,,2023,False,False
2023-03-17,True,,17150.0,2023-03-23,2023-03-29,17068.45,81.55,230.85,343.25,112.4,81.5508,237.35,155.7992,-43.3992,50.0,546.05,846.05,-2716.01,-3016.01,-2169.96,"{'brokerage': 160.0, 'stt': 26.66, 'exchange_turnover': 25.28, 'sebi_turnover': 0.05, 'stamp_duty': 0.7, 'gst': 33.36, 'slippage': 300.0, 'total_rupees': 546.05, 'points_equivalent': 10.92}",2023,True,False
2023-03-20,True,,17000.0,2023-03-23,2023-03-29,17068.45,68.45,217.95,351.6,133.65,68.4492,253.7,185.2508,-51.6008,50.0,546.05,846.05,-3126.09,-3426.09,-2580.04,"{'brokerage': 160.0, 'stt': 26.59, 'exchange_turnover': 25.34, 'sebi_turnover': 0.05, 'stamp_duty': 0.71, 'gst': 33.37, 'slippage': 300.0, 'total_rupees': 546.05, 'points_equivalent': 10.92}",2023,True,False
2023-03-21,True,,17150.0,2023-03-23,2023-03-29,17068.45,81.55,170.55,299.8,129.25,81.5508,237.35,155.7992,-26.5492,50.0,537.74,837.74,-1865.2,-2165.2,-1327.46,"{'brokerage': 160.0, 'stt': 22.64, 'exchange_turnover': 21.73, 'sebi_turnover': 0.04, 'stamp_duty': 0.61, 'gst': 32.72, 'slippage': 300.0, 'total_rupees': 537.74, 'points_equivalent': 10.75}",2023,True,False
2023-03-22,True,,17150.0,2023-03-23,2023-03-29,17068.45,81.55,143.05,281.85,138.8,81.5508,237.35,155.7992,-16.9992,50.0,535.6,835.6,-1385.56,-1685.56,-849.96,"{'brokerage': 160.0, 'stt': 21.84, 'exchange_turnover': 20.63, 'sebi_turnover': 0.04, 'stamp_duty': 0.57, 'gst': 32.52, 'slippage': 300.0, 'total_rupees': 535.6, 'points_equivalent': 10.71}",2023,True,False
2023-03-23,False,front_is_same_day,,,,,,,,,,,,,,,,,,,,2023,False,False
2023-03-24,True,,17000.0,2023-03-29,2023-04-06,17115.55,115.55,219.7,355.75,136.05,115.5508,251.85,136.2992,-0.2492,50.0,551.66,851.66,-564.12,-864.12,-12.46,"{'brokerage': 160.0, 'stt': 30.1, 'exchange_turnover': 27.11, 'sebi_turnover': 0.05, 'stamp_duty': 0.71, 'gst': 33.69, 'slippage': 300.0, 'total_rupees': 551.66, 'points_equivalent': 11.03}",2023,True,False
2023-03-27,True,,17050.0,2023-03-29,2023-04-06,17115.55,65.55,161.85,312.6,150.75,65.5508,235.3,169.7492,-18.9992,50.0,538.76,838.76,-1488.72,-1788.72,-949.96,"{'brokerage': 160.0, 'stt': 23.48, 'exchange_turnover': 21.89, 'sebi_turnover': 0.04, 'stamp_duty': 0.6, 'gst': 32.75, 'slippage': 300.0, 'total_rupees': 538.76, 'points_equivalent': 10.78}",2023,True,False
2023-03-28,True,,17000.0,2023-03-29,2023-04-06,17115.55,115.55,115.4,284.7,169.3,115.5508,251.85,136.2992,33.0008,50.0,538.14,838.14,1111.9,811.9,1650.04,"{'brokerage': 160.0, 'stt': 23.68, 'exchange_turnover': 21.23, 'sebi_turnover': 0.04, 'stamp_duty': 0.55, 'gst': 32.63, 'slippage': 300.0, 'total_rupees': 538.14, 'points_equivalent': 10.76}",2023,True,False
2023-03-29,False,front_is_same_day,,,,,,,,,,,,,,,,,,,,2023,False,False
2023-03-31,True,,17400.0,2023-04-06,2023-04-13,17602.0,202.0,197.55,298.05,100.5,202.0,253.5,51.5,49.0,50.0,552.36,852.36,1897.64,1597.64,2450.0,"{'brokerage': 160.0, 'stt': 30.94, 'exchange_turnover': 27.01, 'sebi_turnover': 0.05, 'stamp_duty': 0.68, 'gst': 33.67, 'slippage': 300.0, 'total_rupees': 552.36, 'points_equivalent': 11.05}",2023,True,False
2023-04-03,True,,17400.0,2023-04-06,2023-04-13,17602.0,202.0,137.0,251.65,114.65,202.0,253.5,51.5,63.15,50.0,542.66,842.66,2614.84,2314.84,3157.5,"{'brokerage': 160.0, 'stt': 26.06, 'exchange_turnover': 23.02, 'sebi_turnover': 0.05, 'stamp_duty': 0.59, 'gst': 32.95, 'slippage': 300.0, 'total_rupees': 542.66, 'points_equivalent': 10.85}",2023,True,False
2023-04-05,True,,17550.0,2023-04-06,2023-04-13,17602.0,52.0,88.4,223.75,135.35,52.0,184.6,132.6,2.75,50.0,522.94,822.94,-385.44,-685.44,137.5,"{'brokerage': 160.0, 'stt': 16.02, 'exchange_turnover': 14.98, 'sebi_turnover': 0.03, 'stamp_duty': 0.41, 'gst': 31.5, 'slippage': 300.0, 'total_rupees': 522.94, 'points_equivalent': 10.46}",2023,True,False
2023-04-06,False,front_is_same_day,,,,,,,,,,,,,,,,,,,,2023,False,False
2023-04-10,True,,17650.0,2023-04-13,2023-04-20,17828.15,178.15,136.5,232.8,96.3,178.1504,249.95,71.7996,24.5004,50.0,539.89,839.89,685.13,385.13,1225.02,"{'brokerage': 160.0, 'stt': 24.4, 'exchange_turnover': 22.08, 'sebi_turnover': 0.04, 'stamp_duty': 0.58, 'gst': 32.78, 'slippage': 300.0, 'total_rupees': 539.89, 'points_equivalent': 10.8}",2023,True,False
2023-04-11,True,,17750.0,2023-04-13,2023-04-20,17828.15,78.15,104.55,212.9,108.35,78.1504,192.3,114.1496,-5.7996,50.0,526.21,826.21,-816.19,-1116.19,-289.98,"{'brokerage': 160.0, 'stt': 17.6, 'exchange_turnover': 16.38, 'sebi_turnover': 0.03, 'stamp_duty': 0.45, 'gst': 31.75, 'slippage': 300.0, 'total_rupees': 526.21, 'points_equivalent': 10.52}",2023,True,False
2023-04-12,True,,17800.0,2023-04-13,2023-04-20,17828.15,28.15,90.25,212.9,122.65,28.1504,176.25,148.0996,-25.4496,50.0,519.78,819.78,-1792.26,-2092.26,-1272.48,"{'brokerage': 160.0, 'stt': 14.17, 'exchange_turnover': 13.88, 'sebi_turnover': 0.03, 'stamp_duty': 0.4, 'gst': 31.3, 'slippage': 300.0, 'total_rupees': 519.78, 'points_equivalent': 10.4}",2023,True,False
2023-04-13,False,front_is_same_day,,,,,,,,,,,,,,,,,,,,2023,False,False
2023-04-17,True,,17750.0,2023-04-20,2023-04-27,17623.9,126.1,140.05,245.1,105.05,126.0996,193.85,67.7504,37.2996,50.0,533.39,833.39,1331.59,1031.59,1864.98,"{'brokerage': 160.0, 'stt': 21.36, 'exchange_turnover': 19.22, 'sebi_turnover': 0.04, 'stamp_duty': 0.5, 'gst': 32.27, 'slippage': 300.0, 'total_rupees': 533.39, 'points_equivalent': 10.67}",2023,True,False
2023-04-18,True,,17700.0,2023-04-20,2023-04-27,17623.9,76.1,111.65,226.65,115.0,76.0996,184.55,108.4504,6.5496,50.0,525.84,825.84,-198.36,-498.36,327.48,"{'brokerage': 160.0, 'stt': 17.38, 'exchange_turnover': 16.25, 'sebi_turnover': 0.03, 'stamp_duty': 0.44, 'gst': 31.73, 'slippage': 300.0, 'total_rupees': 525.84, 'points_equivalent': 10.52}",2023,True,False
2023-04-19,True,,17650.0,2023-04-20,2023-04-27,17623.9,26.1,86.2,207.85,121.65,26.0996,184.2,158.1004,-36.4504,50.0,518.22,818.22,-2340.74,-2640.74,-1822.52,"{'brokerage': 160.0, 'stt': 13.11, 'exchange_turnover': 13.45, 'sebi_turnover': 0.03, 'stamp_duty': 0.41, 'gst': 31.23, 'slippage': 300.0, 'total_rupees': 518.22, 'points_equivalent': 10.36}",2023,True,False
2023-04-20,False,front_is_same_day,,,,,,,,,,,,,,,,,,,,2023,False,False
2023-04-21,True,,17700.0,2023-04-27,2023-05-04,17923.2,223.2,153.85,246.85,93.0,223.1992,275.5,52.3008,40.6992,50.0,547.71,847.71,1487.25,1187.25,2034.96,"{'brokerage': 160.0, 'stt': 28.46, 'exchange_turnover': 25.21, 'sebi_turnover': 0.05, 'stamp_duty': 0.64, 'gst': 33.35, 'slippage': 300.0, 'total_rupees': 547.71, 'points_equivalent': 10.95}",2023,True,False
2023-04-24,True,,17750.0,2023-04-27,2023-05-04,17923.2,173.2,122.65,227.9,105.25,173.1992,241.2,68.0008,37.2492,50.0,536.73,836.73,1325.73,1025.73,1862.46,"{'brokerage': 160.0, 'stt': 22.87, 'exchange_turnover': 20.74, 'sebi_turnover': 0.04, 'stamp_duty': 0.55, 'gst': 32.54, 'slippage': 300.0, 'total_rupees': 536.73, 'points_equivalent': 10.73}",2023,True,False
2023-04-25,True,,17800.0,2023-04-27,2023-05-04,17923.2,123.2,97.6,209.55,111.95,123.1992,211.95,88.7508,23.1992,50.0,529.67,829.67,630.29,330.29,1159.96,"{'brokerage': 160.0, 'stt': 19.51, 'exchange_turnover': 17.67, 'sebi_turnover': 0.03, 'stamp_duty': 0.46, 'gst': 31.99, 'slippage': 300.0, 'total_rupees': 529.67, 'points_equivalent': 10.59}",2023,True,False
2023-04-26,True,,17800.0,2023-04-27,2023-05-04,17923.2,123.2,77.05,201.85,124.8,123.1992,211.95,88.7508,36.0492,50.0,526.21,826.21,1276.25,976.25,1802.46,"{'brokerage': 160.0, 'stt': 17.75, 'exchange_turnover': 16.26, 'sebi_turnover': 0.03, 'stamp_duty': 0.43, 'gst': 31.73, 'slippage': 300.0, 'total_rupees': 526.21, 'points_equivalent': 10.52}",2023,True,False
2023-04-27,False,front_is_same_day,,,,,,,,,,,,,,,,,,,,2023,False,False
2023-04-28,True,,18050.0,2023-05-04,2023-05-11,18238.6,188.6,134.6,235.45,100.85,188.5996,266.8,78.2004,22.6496,50.0,540.18,840.18,592.3,292.3,1132.48,"{'brokerage': 160.0, 'stt': 24.29, 'exchange_turnover': 22.4, 'sebi_turnover': 0.04, 'stamp_duty': 0.6, 'gst': 32.84, 'slippage': 300.0, 'total_rupees': 540.18, 'points_equivalent': 10.8}",2023,True,False
2023-05-02,True,,18150.0,2023-05-04,2023-05-11,18238.6,88.6,116.8,229.75,112.95,88.5996,206.75,118.1504,-5.2004,50.0,528.52,828.52,-788.54,-1088.54,-260.02,"{'brokerage': 160.0, 'stt': 18.52, 'exchange_turnover': 17.52, 'sebi_turnover': 0.03, 'stamp_duty': 0.49, 'gst': 31.96, 'slippage': 300.0, 'total_rupees': 528.52, 'points_equivalent': 10.57}",2023,True,False
2023-05-03,True,,18100.0,2023-05-04,2023-05-11,18238.6,138.6,97.35,209.45,112.1,138.5996,232.6,94.0004,18.0996,50.0,531.07,831.07,373.91,73.91,904.98,"{'brokerage': 160.0, 'stt': 19.99, 'exchange_turnover': 18.43, 'sebi_turnover': 0.04, 'stamp_duty': 0.49, 'gst': 32.12, 'slippage': 300.0, 'total_rupees': 531.07, 'points_equivalent': 10.62}",2023,True,False
2023-05-04,False,front_is_same_day,,,,,,,,,,,,,,,,,,,,2023,False,False
2023-05-05,True,,18100.0,2023-05-11,2023-05-18,18304.5,204.5,175.9,278.25,102.35,204.5,293.9,89.4,12.95,50.0,549.27,849.27,98.23,-201.77,647.5,"{'brokerage': 160.0, 'stt': 28.64, 'exchange_turnover': 26.33, 'sebi_turnover': 0.05, 'stamp_duty': 0.7, 'gst': 33.55, 'slippage': 300.0, 'total_rupees': 549.27, 'points_equivalent': 10.99}",2023,True,False
2023-05-08,True,,18300.0,2023-05-11,2023-05-18,18304.5,4.5,142.25,245.85,103.6,4.5,203.95,199.45,-95.85,50.0,526.24,826.24,-5318.74,-5618.74,-4792.5,"{'brokerage': 160.0, 'stt': 16.65, 'exchange_turnover': 17.15, 'sebi_turnover': 0.03, 'stamp_duty': 0.52, 'gst': 31.89, 'slippage': 300.0, 'total_rupees': 526.24, 'points_equivalent': 10.52}",2023,True,False
2023-05-09,True,,18300.0,2023-05-11,2023-05-18,18304.5,4.5,119.8,230.65,110.85,4.5,203.95,199.45,-88.6,50.0,523.43,823.43,-4953.43,-5253.43,-4430.0,"{'brokerage': 160.0, 'stt': 15.33, 'exchange_turnover': 15.92, 'sebi_turnover': 0.03, 'stamp_duty': 0.49, 'gst': 31.67, 'slippage': 300.0, 'total_rupees': 523.43, 'points_equivalent': 10.47}",2023,True,False
2023-05-10,True,,18300.0,2023-05-11,2023-05-18,18304.5,4.5,96.85,223.05,126.2,4.5,203.95,199.45,-73.25,50.0,519.56,819.56,-4182.06,-4482.06,-3662.5,"{'brokerage': 160.0, 'stt': 13.36, 'exchange_turnover': 14.34, 'sebi_turnover': 0.03, 'stamp_duty': 0.45, 'gst': 31.39, 'slippage': 300.0, 'total_rupees': 519.56, 'points_equivalent': 10.39}",2023,True,False
2023-05-11,False,front_is_same_day,,,,,,,,,,,,,,,,,,,,2023,False,False
2023-05-12,True,,18350.0,2023-05-18,2023-05-25,18134.65,215.35,175.95,268.6,92.65,215.35,237.0,21.65,71.0,50.0,546.13,846.13,3003.87,2703.87,3550.0,"{'brokerage': 160.0, 'stt': 27.79, 'exchange_turnover': 24.46, 'sebi_turnover': 0.05, 'stamp_duty': 0.62, 'gst': 33.21, 'slippage': 300.0, 'total_rupees': 546.13, 'points_equivalent': 10.92}",2023,True,False
2023-05-15,False,exit_mark_inconsistent,18450.0,2023-05-18,2023-05-25,18134.65,315.35,144.7,239.4,94.7,315.35,301.1,-14.25,108.95,50.0,551.12,851.12,4896.38,4596.38,5447.5,"{'brokerage': 160.0, 'stt': 30.27, 'exchange_turnover': 26.54, 'sebi_turnover': 0.05, 'stamp_duty': 0.67, 'gst': 33.59, 'slippage': 300.0, 'total_rupees': 551.12, 'points_equivalent': 11.02}",2023,True,True
2023-05-16,True,,18300.0,2023-05-18,2023-05-25,18134.65,165.35,124.05,237.75,113.7,165.35,215.45,50.1,63.6,50.0,536.83,836.83,2643.17,2343.17,3180.0,"{'brokerage': 160.0, 'stt': 23.41, 'exchange_turnover': 20.39, 'sebi_turnover': 0.04, 'stamp_duty': 0.51, 'gst': 32.48, 'slippage': 300.0, 'total_rupees': 536.83, 'points_equivalent': 10.74}",2023,True,False
2023-05-17,True,,18200.0,2023-05-18,2023-05-25,18134.65,65.35,86.85,226.15,139.3,65.35,196.05,130.7,8.6,50.0,524.07,824.07,-94.07,-394.07,430.0,"{'brokerage': 160.0, 'stt': 16.53, 'exchange_turnover': 15.49, 'sebi_turnover': 0.03, 'stamp_duty': 0.42, 'gst': 31.59, 'slippage': 300.0, 'total_rupees': 524.07, 'points_equivalent': 10.48}",2023,True,False
2023-05-18,False,front_is_same_day,,,,,,,,,,,,,,,,,,,,2023,False,False
2023-05-19,True,,18250.0,2023-05-25,2023-06-01,18335.9,85.9,163.85,263.5,99.65,85.9,217.6,131.7,-32.05,50.0,536.25,836.25,-2138.75,-2438.75,-1602.5,"{'brokerage': 160.0, 'stt': 22.22, 'exchange_turnover': 20.85, 'sebi_turnover': 0.04, 'stamp_duty': 0.57, 'gst': 32.56, 'slippage': 300.0, 'total_rupees': 536.25, 'points_equivalent': 10.72}",2023,True,False
2023-05-22,True,,18350.0,2023-05-25,2023-06-01,18335.9,14.1,137.9,244.0,106.1,14.1,195.45,181.35,-75.25,50.0,524.68,824.68,-4287.18,-4587.18,-3762.5,"{'brokerage': 160.0, 'stt': 15.92, 'exchange_turnover': 16.46, 'sebi_turnover': 0.03, 'stamp_duty': 0.5, 'gst': 31.77, 'slippage': 300.0, 'total_rupees': 524.68, 'points_equivalent': 10.49}",2023,True,False
2023-05-23,True,,18350.0,2023-05-25,2023-06-01,18335.9,14.1,113.0,236.15,123.15,14.1,195.45,181.35,-58.2,50.0,523.54,823.54,-3433.54,-3733.54,-2910.0,"{'brokerage': 160.0, 'stt': 15.69, 'exchange_turnover': 15.71, 'sebi_turnover': 0.03, 'stamp_duty': 0.46, 'gst': 31.63, 'slippage': 300.0, 'total_rupees': 523.54, 'points_equivalent': 10.47}",2023,True,False
2023-05-24,True,,18300.0,2023-05-25,2023-06-01,18335.9,35.9,82.65,227.45,144.8,35.9,202.8,166.9,-22.1,50.0,522.38,822.38,-1627.38,-1927.38,-1105.0,"{'brokerage': 160.0, 'stt': 15.43, 'exchange_turnover': 15.0, 'sebi_turnover': 0.03, 'stamp_duty': 0.43, 'gst': 31.5, 'slippage': 300.0, 'total_rupees': 522.38, 'points_equivalent': 10.45}",2023,True,False
2023-05-25,False,front_is_same_day,,,,,,,,,,,,,,,,,,,,2023,False,False
2023-05-26,True,,18550.0,2023-06-01,2023-06-08,18486.1,63.9,175.55,272.95,97.4,63.9,206.0,142.1,-44.7,50.0,532.84,832.84,-2767.84,-3067.84,-2235.0,"{'brokerage': 160.0, 'stt': 20.09, 'exchange_turnover': 19.78, 'sebi_turnover': 0.04, 'stamp_duty': 0.57, 'gst': 32.37, 'slippage': 300.0, 'total_rupees': 532.84, 'points_equivalent': 10.66}",2023,True,False
2023-05-29,True,,18650.0,2023-06-01,2023-06-08,18486.1,163.9,149.5,250.9,101.4,163.9,225.6,61.7,39.7,50.0,537.97,837.97,1447.03,1147.03,1985.0,"{'brokerage': 160.0, 'stt': 23.42, 'exchange_turnover': 21.3, 'sebi_turnover': 0.04, 'stamp_duty': 0.56, 'gst': 32.64, 'slippage': 300.0, 'total_rupees': 537.97, 'points_equivalent': 10.76}",2023,True,False
2023-05-30,True,,18650.0,2023-06-01,2023-06-08,18486.1,163.9,114.3,234.9,120.6,163.9,225.6,61.7,58.9,50.0,535.52,835.52,2409.48,2109.48,2945.0,"{'brokerage': 160.0, 'stt': 22.58, 'exchange_turnover': 19.99, 'sebi_turnover': 0.04, 'stamp_duty': 0.51, 'gst': 32.4, 'slippage': 300.0, 'total_rupees': 535.52, 'points_equivalent': 10.71}",2023,True,False
2023-05-31,True,,18550.0,2023-06-01,2023-06-08,18486.1,63.9,93.75,224.65,130.9,63.9,206.0,142.1,-11.2,50.0,525.02,825.02,-1085.02,-1385.02,-560.0,"{'brokerage': 160.0, 'stt': 16.8, 'exchange_turnover': 16.05, 'sebi_turnover': 0.03, 'stamp_duty': 0.45, 'gst': 31.69, 'slippage': 300.0, 'total_rupees': 525.02, 'points_equivalent': 10.5}",2023,True,False
2023-06-01,False,front_is_same_day,,,,,,,,,,,,,,,,,,,,2023,False,False
2023-06-02,True,,18600.0,2023-06-08,2023-06-15,18646.9,46.9,164.65,253.5,88.85,46.9,198.05,151.15,-62.3,50.0,531.75,831.75,-3646.75,-3946.75,-3115.0,"{'brokerage': 160.0, 'stt': 19.77, 'exchange_turnover': 19.14, 'sebi_turnover': 0.04, 'stamp_duty': 0.54, 'gst': 32.25, 'slippage': 300.0, 'total_rupees': 531.75, 'points_equivalent': 10.63}",2023,True,False
2023-06-05,True,,18650.0,2023-06-08,2023-06-15,18646.9,3.1,133.9,232.75,98.85,3.1,188.15,185.05,-86.2,50.0,522.06,822.06,-4832.06,-5132.06,-4310.0,"{'brokerage': 160.0, 'stt': 14.5, 'exchange_turnover': 15.45, 'sebi_turnover': 0.03, 'stamp_duty': 0.48, 'gst': 31.59, 'slippage': 300.0, 'total_rupees': 522.06, 'points_equivalent': 10.44}",2023,True,False
2023-06-06,True,,18600.0,2023-06-08,2023-06-15,18646.9,46.9,104.35,215.8,111.45,46.9,198.05,151.15,-39.7,50.0,523.17,823.17,-2508.17,-2808.17,-1985.0,"{'brokerage': 160.0, 'stt': 15.59, 'exchange_turnover': 15.51, 'sebi_turnover': 0.03, 'stamp_duty': 0.45, 'gst': 31.6, 'slippage': 300.0, 'total_rupees': 523.17, 'points_equivalent': 10.46}",2023,True,False
2023-06-07,True,,18750.0,2023-06-08,2023-06-15,18646.9,103.1,82.35,207.2,124.85,103.1,193.35,90.25,34.6,50.0,524.56,824.56,1205.44,905.44,1730.0,"{'brokerage': 160.0, 'stt': 16.98, 'exchange_turnover': 15.54, 'sebi_turnover': 0.03, 'stamp_duty': 0.41, 'gst': 31.6, 'slippage': 300.0, 'total_rupees': 524.56, 'points_equivalent': 10.49}",2023,True,False
2023-06-08,False,front_is_same_day,,,,,,,,,,,,,,,,,,,,2023,False,False
2023-06-09,True,,18600.0,2023-06-15,2023-06-22,18682.15,82.15,166.5,259.45,92.95,82.15,213.7,131.55,-38.6,50.0,534.88,834.88,-2464.88,-2764.88,-1930.0,"{'brokerage': 160.0, 'stt': 21.39, 'exchange_turnover': 20.4, 'sebi_turnover': 0.04, 'stamp_duty': 0.57, 'gst': 32.48, 'slippage': 300.0, 'total_rupees': 534.88, 'points_equivalent': 10.7}",2023,True,False
2023-06-12,True,,18650.0,2023-06-15,2023-06-22,18682.15,32.15,137.85,236.45,98.6,32.15,195.45,163.3,-64.7,50.0,526.68,826.68,-3761.68,-4061.68,-3235.0,"{'brokerage': 160.0, 'stt': 17.18, 'exchange_turnover': 17.09, 'sebi_turnover': 0.03, 'stamp_duty': 0.5, 'gst': 31.88, 'slippage': 300.0, 'total_rupees': 526.68, 'points_equivalent': 10.53}",2023,True,False
2023-06-13,True,,18750.0,2023-06-15,2023-06-22,18682.15,67.85,109.65,214.2,104.55,67.85,182.05,114.2,-9.65,50.0,523.83,823.83,-1006.33,-1306.33,-482.5,"{'brokerage': 160.0, 'stt': 16.21, 'exchange_turnover': 15.55, 'sebi_turnover': 0.03, 'stamp_duty': 0.44, 'gst': 31.6, 'slippage': 300.0, 'total_rupees': 523.83, 'points_equivalent': 10.48}",2023,True,False
2023-06-14,True,,18750.0,2023-06-15,2023-06-22,18682.15,67.85,87.35,211.65,124.3,67.85,182.05,114.2,10.1,50.0,523.54,823.54,-18.54,-318.54,505.0,"{'brokerage': 160.0, 'stt': 16.46, 'exchange_turnover': 15.12, 'sebi_turnover': 0.03, 'stamp_duty': 0.4, 'gst': 31.53, 'slippage': 300.0, 'total_rupees': 523.54, 'points_equivalent': 10.47}",2023,True,False
2023-06-15,False,front_is_same_day,,,,,,,,,,,,,,,,,,,,2023,False,False
2023-06-16,True,,18900.0,2023-06-22,2023-06-29,18779.35,120.65,155.15,242.9,87.75,120.65,184.45,63.8,23.95,50.0,533.17,833.17,664.33,364.33,1197.5,"{'brokerage': 160.0, 'stt': 21.11, 'exchange_turnover': 19.24, 'sebi_turnover': 0.04, 'stamp_duty': 0.51, 'gst': 32.27, 'slippage': 300.0, 'total_rupees': 533.17, 'points_equivalent': 10.66}",2023,True,False
2023-06-19,True,,18800.0,2023-06-22,2023-06-29,18779.35,20.65,131.25,238.35,107.1,20.65,185.05,164.4,-57.3,50.0,524.74,824.74,-3389.74,-3689.74,-2865.0,"{'brokerage': 160.0, 'stt': 16.29, 'exchange_turnover': 16.21, 'sebi_turnover': 0.03, 'stamp_duty': 0.47, 'gst': 31.72, 'slippage': 300.0, 'total_rupees': 524.74, 'points_equivalent': 10.49}",2023,True,False
2023-06-20,True,,18850.0,2023-06-22,2023-06-29,18779.35,70.65,105.05,215.5,110.45,70.65,179.75,109.1,1.35,50.0,523.78,823.78,-456.28,-756.28,67.5,"{'brokerage': 160.0, 'stt': 16.31, 'exchange_turnover': 15.43, 'sebi_turnover': 0.03, 'stamp_duty': 0.43, 'gst': 31.58, 'slippage': 300.0, 'total_rupees': 523.78, 'points_equivalent': 10.48}",2023,True,False
2023-06-21,True,,18850.0,2023-06-22,2023-06-29,18779.35,70.65,81.95,209.0,127.05,70.65,179.75,109.1,17.95,50.0,523.03,823.03,374.47,74.47,897.5,"{'brokerage': 160.0, 'stt': 16.3, 'exchange_turnover': 14.84, 'sebi_turnover': 0.03, 'stamp_duty': 0.39, 'gst': 31.48, 'slippage': 300.0, 'total_rupees': 523.03, 'points_equivalent': 10.46}",2023,True,False
2023-06-22,False,front_is_same_day,,,,,,,,,,,,,,,,,,,,2023,False,False
2023-06-23,False,no_exit_partition,,,,,,,,,,,,,,,,,,,,2023,True,False
2023-06-26,False,no_exit_partition,,,,,,,,,,,,,,,,,,,,2023,True,False
2023-06-27,False,no_exit_partition,,,,,,,,,,,,,,,,,,,,2023,True,False
2023-06-28,False,front_is_same_day,,,,,,,,,,,,,,,,,,,,2023,False,False
2023-06-30,True,,19200.0,2023-07-06,2023-07-13,19486.25,286.25,163.4,265.25,101.85,286.25,332.2,45.95,55.9,50.0,555.57,855.57,2239.43,1939.43,2795.0,"{'brokerage': 160.0, 'stt': 32.08, 'exchange_turnover': 28.71, 'sebi_turnover': 0.06, 'stamp_duty': 0.74, 'gst': 33.98, 'slippage': 300.0, 'total_rupees': 555.57, 'points_equivalent': 11.11}",2023,True,False
2023-07-03,True,,19350.0,2023-07-06,2023-07-13,19486.25,136.25,147.5,256.2,108.7,136.25,243.75,107.5,1.2,50.0,539.39,839.39,-479.39,-779.39,60.0,"{'brokerage': 160.0, 'stt': 24.0, 'exchange_turnover': 22.0, 'sebi_turnover': 0.04, 'stamp_duty': 0.59, 'gst': 32.77, 'slippage': 300.0, 'total_rupees': 539.39, 'points_equivalent': 10.79}",2023,True,False
2023-07-04,True,,19400.0,2023-07-06,2023-07-13,19486.25,86.25,118.45,248.05,129.6,86.25,227.45,141.2,-11.6,50.0,531.64,831.64,-1111.64,-1411.64,-580.0,"{'brokerage': 160.0, 'stt': 20.04, 'exchange_turnover': 18.85, 'sebi_turnover': 0.04, 'stamp_duty': 0.52, 'gst': 32.2, 'slippage': 300.0, 'total_rupees': 531.64, 'points_equivalent': 10.63}",2023,True,False
2023-07-05,True,,19400.0,2023-07-06,2023-07-13,19486.25,86.25,96.85,238.55,141.7,86.25,227.45,141.2,0.5,50.0,528.98,828.98,-503.98,-803.98,25.0,"{'brokerage': 160.0, 'stt': 18.79, 'exchange_turnover': 17.68, 'sebi_turnover': 0.04, 'stamp_duty': 0.49, 'gst': 31.99, 'slippage': 300.0, 'total_rupees': 528.98, 'points_equivalent': 10.58}",2023,True,False
2023-07-06,False,front_is_same_day,,,,,,,,,,,,,,,,,,,,2023,False,False
2023-07-07,True,,19350.0,2023-07-13,2023-07-20,19443.2,93.2,180.0,282.1,102.1,93.2,205.3,112.1,-10.0,50.0,537.93,837.93,-1037.93,-1337.93,-500.0,"{'brokerage': 160.0, 'stt': 23.2, 'exchange_turnover': 21.44, 'sebi_turnover': 0.04, 'stamp_duty': 0.58, 'gst': 32.67, 'slippage': 300.0, 'total_rupees': 537.93, 'points_equivalent': 10.76}",2023,True,False
2023-07-10,True,,19350.0,2023-07-13,2023-07-20,19443.2,93.2,146.7,252.4,105.7,93.2,205.3,112.1,-6.4,50.0,532.81,832.81,-852.81,-1152.81,-320.0,"{'brokerage': 160.0, 'stt': 20.65, 'exchange_turnover': 19.31, 'sebi_turnover': 0.04, 'stamp_duty': 0.53, 'gst': 32.28, 'slippage': 300.0, 'total_rupees': 532.81, 'points_equivalent': 10.66}",2023,True,False
2023-07-11,True,,19450.0,2023-07-13,2023-07-20,19443.2,6.8,110.15,224.0,113.85,6.8,187.05,180.25,-66.4,50.0,521.17,821.17,-3841.17,-4141.17,-3320.0,"{'brokerage': 160.0, 'stt': 14.43, 'exchange_turnover': 14.79, 'sebi_turnover': 0.03, 'stamp_duty': 0.45, 'gst': 31.47, 'slippage': 300.0, 'total_rupees': 521.17, 'points_equivalent': 10.42}",2023,True,False
2023-07-12,True,,19400.0,2023-07-13,2023-07-20,19443.2,43.2,94.45,211.25,116.8,43.2,190.85,147.65,-30.85,50.0,521.42,821.42,-2063.92,-2363.92,-1542.5,"{'brokerage': 160.0, 'stt': 14.83, 'exchange_turnover': 14.69, 'sebi_turnover': 0.03, 'stamp_duty': 0.43, 'gst': 31.45, 'slippage': 300.0, 'total_rupees': 521.42, 'points_equivalent': 10.43}",2023,True,False
2023-07-13,False,front_is_same_day,,,,,,,,,,,,,,,,,,,,2023,False,False
2023-07-14,True,,19600.0,2023-07-20,2023-07-27,19969.95,369.95,164.55,257.25,92.7,369.95,412.15,42.2,50.5,50.0,564.72,864.72,1960.28,1660.28,2525.0,"{'brokerage': 160.0, 'stt': 36.22, 'exchange_turnover': 32.85, 'sebi_turnover': 0.07, 'stamp_duty': 0.87, 'gst': 34.72, 'slippage': 300.0, 'total_rupees': 564.72, 'points_equivalent': 11.29}",2023,True,False
2023-07-17,True,,19700.0,2023-07-20,2023-07-27,19969.95,269.95,155.35,259.85,104.5,269.95,334.0,64.05,40.45,50.0,552.7,852.7,1469.8,1169.8,2022.5,"{'brokerage': 160.0, 'stt': 30.4, 'exchange_turnover': 27.71, 'sebi_turnover': 0.05, 'stamp_duty': 0.73, 'gst': 33.8, 'slippage': 300.0, 'total_rupees': 552.7, 'points_equivalent': 11.05}",2023,True,False
2023-07-18,True,,19750.0,2023-07-20,2023-07-27,19969.95,219.95,137.9,261.4,123.5,219.95,300.85,80.9,42.6,50.0,546.32,846.32,1583.68,1283.68,2130.0,"{'brokerage': 160.0, 'stt': 27.4, 'exchange_turnover': 24.92, 'sebi_turnover': 0.05, 'stamp_duty': 0.66, 'gst': 33.29, 'slippage': 300.0, 'total_rupees': 546.32, 'points_equivalent': 10.93}",2023,True,False
2023-07-19,True,,19850.0,2023-07-20,2023-07-27,19969.95,119.95,97.85,230.45,132.6,119.95,252.25,132.3,0.3,50.0,532.45,832.45,-517.45,-817.45,15.0,"{'brokerage': 160.0, 'stt': 20.46, 'exchange_turnover': 19.17, 'sebi_turnover': 0.04, 'stamp_duty': 0.53, 'gst': 32.26, 'slippage': 300.0, 'total_rupees': 532.45, 'points_equivalent': 10.65}",2023,True,False
2023-07-20,False,front_is_same_day,,,,,,,,,,,,,,,,,,,,2023,False,False
2023-07-21,True,,19800.0,2023-07-27,2023-08-03,19700.2,99.8,219.0,320.95,101.95,99.8,235.3,135.5,-33.55,50.0,544.45,844.45,-2221.95,-2521.95,-1677.5,"{'brokerage': 160.0, 'stt': 25.92, 'exchange_turnover': 24.56, 'sebi_turnover': 0.05, 'stamp_duty': 0.68, 'gst': 33.23, 'slippage': 300.0, 'total_rupees': 544.45, 'points_equivalent': 10.89}",2023,True,False
2023-07-24,True,,19700.0,2023-07-27,2023-08-03,19700.2,0.2,178.15,295.2,117.05,0.2,230.75,230.55,-113.5,50.0,532.62,832.62,-6207.62,-6507.62,-5675.0,"{'brokerage': 160.0, 'stt': 19.41, 'exchange_turnover': 20.13, 'sebi_turnover': 0.04, 'stamp_duty': 0.61, 'gst': 32.43, 'slippage': 300.0, 'total_rupees': 532.62, 'points_equivalent': 10.65}",2023,True,False
2023-07-25,True,,19700.0,2023-07-27,2023-08-03,19700.2,0.2,137.8,266.2,128.4,0.2,230.75,230.55,-102.15,50.0,527.48,827.48,-5634.98,-5934.98,-5107.5,"{'brokerage': 160.0, 'stt': 16.98, 'exchange_turnover': 17.88, 'sebi_turnover': 0.04, 'stamp_duty': 0.55, 'gst': 32.03, 'slippage': 300.0, 'total_rupees': 527.48, 'points_equivalent': 10.55}",2023,True,False
2023-07-26,True,,19750.0,2023-07-27,2023-08-03,19700.2,49.8,110.9,253.7,142.8,49.8,228.7,178.9,-36.1,50.0,529.05,829.05,-2334.05,-2634.05,-1805.0,"{'brokerage': 160.0, 'stt': 18.53, 'exchange_turnover': 17.94, 'sebi_turnover': 0.04, 'stamp_duty': 0.51, 'gst': 32.03, 'slippage': 300.0, 'total_rupees': 529.05, 'points_equivalent': 10.58}",2023,True,False
2023-07-27,False,front_is_same_day,,,,,,,,,,,,,,,,,,,,2023,False,False
2023-07-28,True,,19650.0,2023-08-03,2023-08-10,19394.45,255.55,191.2,293.7,102.5,255.55,289.05,33.5,69.0,50.0,556.06,856.06,2893.94,2593.94,3450.0,"{'brokerage': 160.0, 'stt': 32.69, 'exchange_turnover': 28.63, 'sebi_turnover': 0.06, 'stamp_duty': 0.72, 'gst': 33.96, 'slippage': 300.0, 'total_rupees': 556.06, 'points_equivalent': 11.12}",2023,True,False
2023-07-31,True,,19750.0,2023-08-03,2023-08-10,19394.45,355.55,152.45,262.75,110.3,355.55,361.35,5.8,104.5,50.0,560.85,860.85,4664.15,4364.15,5225.0,"{'brokerage': 160.0, 'stt': 35.03, 'exchange_turnover': 30.66, 'sebi_turnover': 0.06, 'stamp_duty': 0.77, 'gst': 34.33, 'slippage': 300.0, 'total_rupees': 560.85, 'points_equivalent': 11.22}",2023,True,False
2023-08-01,True,,19750.0,2023-08-03,2023-08-10,19394.45,355.55,125.55,236.5,110.95,355.55,361.35,5.8,105.15,50.0,555.88,855.88,4701.62,4401.62,5257.5,"{'brokerage': 160.0, 'stt': 32.44, 'exchange_turnover': 28.68, 'sebi_turnover': 0.06, 'stamp_duty': 0.73, 'gst': 33.97, 'slippage': 300.0, 'total_rupees': 555.88, 'points_equivalent': 11.12}",2023,True,False
2023-08-02,True,,19500.0,2023-08-03,2023-08-10,19394.45,105.55,112.45,254.15,141.7,105.55,225.6,120.05,21.65,50.0,533.29,833.29,549.21,249.21,1082.5,"{'brokerage': 160.0, 'stt': 21.22, 'exchange_turnover': 19.25, 'sebi_turnover': 0.04, 'stamp_duty': 0.51, 'gst': 32.27, 'slippage': 300.0, 'total_rupees': 533.29, 'points_equivalent': 10.67}",2023,True,False
2023-08-03,False,front_is_same_day,,,,,,,,,,,,,,,,,,,,2023,False,False
2023-08-04,True,,19550.0,2023-08-10,2023-08-17,19549.2,0.8,178.7,266.25,87.55,0.8,194.3,193.5,-105.95,50.0,528.14,828.14,-5825.64,-6125.64,-5297.5,"{'brokerage': 160.0, 'stt': 17.31, 'exchange_turnover': 18.16, 'sebi_turnover': 0.04, 'stamp_duty': 0.56, 'gst': 32.08, 'slippage': 300.0, 'total_rupees': 528.14, 'points_equivalent': 10.56}",2023,True,False
2023-08-07,True,,19600.0,2023-08-10,2023-08-17,19549.2,50.8,149.45,244.1,94.65,50.8,192.4,141.6,-46.95,50.0,529.37,829.37,-2876.87,-3176.87,-2347.5,"{'brokerage': 160.0, 'stt': 18.69, 'exchange_turnover': 18.07, 'sebi_turnover': 0.04, 'stamp_duty': 0.51, 'gst': 32.06, 'slippage': 300.0, 'total_rupees': 529.37, 'points_equivalent': 10.59}",2023,True,False
2023-08-08,True,,19550.0,2023-08-10,2023-08-17,19549.2,0.8,127.15,232.55,105.4,0.8,194.3,193.5,-88.1,50.0,523.22,823.22,-4928.22,-5228.22,-4405.0,"{'brokerage': 160.0, 'stt': 15.24, 'exchange_turnover': 15.81, 'sebi_turnover': 0.03, 'stamp_duty': 0.48, 'gst': 31.65, 'slippage': 300.0, 'total_rupees': 523.22, 'points_equivalent': 10.46}",2023,True,False
2023-08-09,True,,19650.0,2023-08-10,2023-08-17,19549.2,100.8,92.25,209.0,116.75,100.8,198.3,97.5,19.25,50.0,525.87,825.87,436.63,136.63,962.5,"{'brokerage': 160.0, 'stt': 17.51, 'exchange_turnover': 16.18, 'sebi_turnover': 0.03, 'stamp_duty': 0.44, 'gst': 31.72, 'slippage': 300.0, 'total_rupees': 525.87, 'points_equivalent': 10.52}",2023,True,False
2023-08-10,False,front_is_same_day,,,,,,,,,,,,,,,,,,,,2023,False,False
2023-08-11,True,,19500.0,2023-08-17,2023-08-24,19346.2,153.8,172.65,262.7,90.05,153.8,217.4,63.6,26.45,50.0,540.34,840.34,782.16,482.16,1322.5,"{'brokerage': 160.0, 'stt': 24.61, 'exchange_turnover': 22.28, 'sebi_turnover': 0.04, 'stamp_duty': 0.59, 'gst': 32.82, 'slippage': 300.0, 'total_rupees': 540.34, 'points_equivalent': 10.81}",2023,True,False
2023-08-14,True,,19450.0,2023-08-17,2023-08-24,19346.2,103.8,135.7,239.85,104.15,103.8,203.95,100.15,4.0,50.0,532.4,832.4,-332.4,-632.4,200.0,"{'brokerage': 160.0, 'stt': 20.63, 'exchange_turnover': 19.0, 'sebi_turnover': 0.04, 'stamp_duty': 0.51, 'gst': 32.23, 'slippage': 300.0, 'total_rupees': 532.4, 'points_equivalent': 10.65}",2023,True,False
2023-08-16,True,,19450.0,2023-08-17,2023-08-24,19346.2,103.8,92.9,216.4,123.5,103.8,203.95,100.15,23.35,50.0,527.66,827.66,639.84,339.84,1167.5,"{'brokerage': 160.0, 'stt': 18.5, 'exchange_turnover': 16.84, 'sebi_turnover': 0.03, 'stamp_duty': 0.45, 'gst': 31.84, 'slippage': 300.0, 'total_rupees': 527.66, 'points_equivalent': 10.55}",2023,True,False
2023-08-17,False,front_is_same_day,,,,,,,,,,,,,,,,,,,,2023,False,False
2023-08-18,True,,19350.0,2023-08-24,2023-08-31,19380.4,30.4,173.75,263.7,89.95,30.4,206.25,175.85,-85.9,50.0,532.46,832.46,-4827.46,-5127.46,-4295.0,"{'brokerage': 160.0, 'stt': 19.88, 'exchange_turnover': 19.63, 'sebi_turnover': 0.04, 'stamp_duty': 0.57, 'gst': 32.34, 'slippage': 300.0, 'total_rupees': 532.46, 'points_equivalent': 10.65}",2023,True,False
2023-08-21,True,,19400.0,2023-08-24,2023-08-31,19380.4,19.6,140.5,236.65,96.15,19.6,198.45,178.85,-82.7,50.0,524.89,824.89,-4659.89,-4959.89,-4135.0,"{'brokerage': 160.0, 'stt': 15.94, 'exchange_turnover': 16.61, 'sebi_turnover': 0.03, 'stamp_duty': 0.51, 'gst': 31.8, 'slippage': 300.0, 'total_rupees': 524.89, 'points_equivalent': 10.5}",2023,True,False
2023-08-22,True,,19400.0,2023-08-24,2023-08-31,19380.4,19.6,118.15,223.1,104.95,19.6,198.45,178.85,-73.9,50.0,521.92,821.92,-4216.92,-4516.92,-3695.0,"{'brokerage': 160.0, 'stt': 14.52, 'exchange_turnover': 15.33, 'sebi_turnover': 0.03, 'stamp_duty': 0.47, 'gst': 31.56, 'slippage': 300.0, 'total_rupees': 521.92, 'points_equivalent': 10.44}",2023,True,False
2023-08-23,True,,19450.0,2023-08-24,2023-08-31,19380.4,69.6,88.15,206.3,118.15,69.6,199.75,130.15,-12.0,50.0,522.76,822.76,-1122.76,-1422.76,-600.0,"{'brokerage': 160.0, 'stt': 15.61, 'exchange_turnover': 15.15, 'sebi_turnover': 0.03, 'stamp_duty': 0.43, 'gst': 31.53, 'slippage': 300.0, 'total_rupees': 522.76, 'points_equivalent': 10.46}",2023,True,False
2023-08-24,False,front_is_same_day,,,,,,,,,,,,,,,,,,,,2023,False,False
2023-08-25,True,,19250.0,2023-08-31,2023-09-07,19279.55,29.55,186.25,290.2,103.95,29.55,232.35,202.8,-98.85,50.0,534.62,834.62,-5477.12,-5777.12,-4942.5,"{'brokerage': 160.0, 'stt': 20.47, 'exchange_turnover': 20.91, 'sebi_turnover': 0.04, 'stamp_duty': 0.63, 'gst': 32.57, 'slippage': 300.0, 'total_rupees': 534.62, 'points_equivalent': 10.69}",2023,True,False
2023-08-28,True,,19350.0,2023-08-31,2023-09-07,19279.55,70.45,145.15,255.5,110.35,70.45,206.3,135.85,-25.5,50.0,530.54,830.54,-1805.54,-2105.54,-1275.0,"{'brokerage': 160.0, 'stt': 19.23, 'exchange_turnover': 18.59, 'sebi_turnover': 0.04, 'stamp_duty': 0.53, 'gst': 32.15, 'slippage': 300.0, 'total_rupees': 530.54, 'points_equivalent': 10.61}",2023,True,False
2023-08-29,True,,19350.0,2023-08-31,2023-09-07,19279.55,70.45,108.85,231.2,122.35,70.45,206.3,135.85,-13.5,50.0,526.63,826.63,-1201.63,-1501.63,-675.0,"{'brokerage': 160.0, 'stt': 17.5, 'exchange_turnover': 16.8, 'sebi_turnover': 0.03, 'stamp_duty': 0.47, 'gst': 31.83, 'slippage': 300.0, 'total_rupees': 526.63, 'points_equivalent': 10.53}",2023,True,False
2023-08-30,True,,19350.0,2023-08-31,2023-09-07,19279.55,70.45,79.5,218.4,138.9,70.45,206.3,135.85,3.05,50.0,523.77,823.77,-371.27,-671.27,152.5,"{'brokerage': 160.0, 'stt': 16.28, 'exchange_turnover': 15.44, 'sebi_turnover': 0.03, 'stamp_duty': 0.43, 'gst': 31.58, 'slippage': 300.0, 'total_rupees': 523.77, 'points_equivalent': 10.48}",2023,True,False
2023-08-31,False,front_is_same_day,,,,,,,,,,,,,,,,,,,,2023,False,False
2023-09-01,True,,19450.0,2023-09-07,2023-09-14,19723.25,273.25,169.8,259.9,90.1,273.25,313.3,40.05,50.05,50.0,553.62,853.62,1948.88,1648.88,2502.5,"{'brokerage': 160.0, 'stt': 31.1, 'exchange_turnover': 27.91, 'sebi_turnover': 0.06, 'stamp_duty': 0.72, 'gst': 33.83, 'slippage': 300.0, 'total_rupees': 553.62, 'points_equivalent': 11.07}",2023,True,False
2023-09-04,True,,19550.0,2023-09-07,2023-09-14,19723.25,173.25,126.65,226.45,99.8,173.25,243.1,69.85,29.95,50.0,537.86,837.86,959.64,659.64,1497.5,"{'brokerage': 160.0, 'stt': 23.46, 'exchange_turnover': 21.18, 'sebi_turnover': 0.04, 'stamp_duty': 0.55, 'gst': 32.62, 'slippage': 300.0, 'total_rupees': 537.86, 'points_equivalent': 10.76}",2023,True,False
2023-09-05,True,,19600.0,2023-09-07,2023-09-14,19723.25,123.25,100.2,206.65,106.45,123.25,216.25,93.0,13.45,50.0,529.81,829.81,142.69,-157.31,672.5,"{'brokerage': 160.0, 'stt': 19.46, 'exchange_turnover': 17.82, 'sebi_turnover': 0.04, 'stamp_duty': 0.47, 'gst': 32.01, 'slippage': 300.0, 'total_rupees': 529.81, 'points_equivalent': 10.6}",2023,True,False
2023-09-06,True,,19600.0,2023-09-07,2023-09-14,19723.25,123.25,70.35,190.0,119.65,123.25,216.25,93.0,26.65,50.0,525.83,825.83,806.67,506.67,1332.5,"{'brokerage': 160.0, 'stt': 17.56, 'exchange_turnover': 16.1, 'sebi_turnover': 0.03, 'stamp_duty': 0.43, 'gst': 31.7, 'slippage': 300.0, 'total_rupees': 525.83, 'points_equivalent': 10.52}",2023,True,False
2023-09-07,False,front_is_same_day,,,,,,,,,,,,,,,,,,,,2023,False,False
2023-09-08,True,,19850.0,2023-09-14,2023-09-21,20101.85,251.85,174.35,260.3,85.95,251.85,344.15,92.3,-6.35,50.0,553.74,853.74,-871.24,-1171.24,-317.5,"{'brokerage': 160.0, 'stt': 30.48, 'exchange_turnover': 28.49, 'sebi_turnover': 0.06, 'stamp_duty': 0.78, 'gst': 33.94, 'slippage': 300.0, 'total_rupees': 553.74, 'points_equivalent': 11.07}",2023,True,False
2023-09-11,True,,20000.0,2023-09-14,2023-09-21,20101.85,101.85,153.95,252.15,98.2,101.85,244.7,142.85,-44.65,50.0,536.0,836.0,-2768.5,-3068.5,-2232.5,"{'brokerage': 160.0, 'stt': 21.72, 'exchange_turnover': 21.04, 'sebi_turnover': 0.04, 'stamp_duty': 0.6, 'gst': 32.59, 'slippage': 300.0, 'total_rupees': 536.0, 'points_equivalent': 10.72}",2023,True,False
2023-09-12,True,,20000.0,2023-09-14,2023-09-21,20101.85,101.85,137.4,249.9,112.5,101.85,244.7,142.85,-30.35,50.0,534.12,834.12,-2051.62,-2351.62,-1517.5,"{'brokerage': 160.0, 'stt': 20.88, 'exchange_turnover': 20.19, 'sebi_turnover': 0.04, 'stamp_duty': 0.57, 'gst': 32.44, 'slippage': 300.0, 'total_rupees': 534.12, 'points_equivalent': 10.68}",2023,True,False
2023-09-13,True,,20100.0,2023-09-14,2023-09-21,20101.85,1.85,106.3,237.2,130.9,1.85,208.05,206.2,-75.3,50.0,523.05,823.05,-4288.05,-4588.05,-3765.0,"{'brokerage': 160.0, 'stt': 15.27, 'exchange_turnover': 15.65, 'sebi_turnover': 0.03, 'stamp_duty': 0.47, 'gst': 31.62, 'slippage': 300.0, 'total_rupees': 523.05, 'points_equivalent': 10.46}",2023,True,False
2023-09-14,False,front_is_same_day,,,,,,,,,,,,,,,,,,,,2023,False,False
2023-09-15,False,exit_mark_inconsistent,20250.0,2023-09-21,2023-09-28,19748.85,501.15,171.7,269.0,97.3,501.15,482.35,-18.8,116.1,50.0,576.64,876.64,5228.36,4928.36,5805.0,"{'brokerage': 160.0, 'stt': 42.16, 'exchange_turnover': 37.8, 'sebi_turnover': 0.07, 'stamp_duty': 0.98, 'gst': 35.62, 'slippage': 300.0, 'total_rupees': 576.64, 'points_equivalent': 11.53}",2023,True,True
2023-09-18,False,exit_mark_inconsistent,20150.0,2023-09-21,2023-09-28,19748.85,401.15,136.95,248.3,111.35,401.15,388.5,-12.65,124.0,50.0,562.66,862.66,5637.34,5337.34,6200.0,"{'brokerage': 160.0, 'stt': 35.93, 'exchange_turnover': 31.41, 'sebi_turnover': 0.06, 'stamp_duty': 0.79, 'gst': 34.47, 'slippage': 300.0, 'total_rupees': 562.66, 'points_equivalent': 11.25}",2023,True,True
2023-09-20,True,,19950.0,2023-09-21,2023-09-28,19748.85,201.15,105.85,238.4,132.55,201.15,246.9,45.75,86.8,50.0,537.96,837.96,3802.04,3502.04,4340.0,"{'brokerage': 160.0, 'stt': 23.86, 'exchange_turnover': 20.95, 'sebi_turnover': 0.04, 'stamp_duty': 0.53, 'gst': 32.58, 'slippage': 300.0, 'total_rupees': 537.96, 'points_equivalent': 10.76}",2023,True,False
2023-09-21,False,front_is_same_day,,,,,,,,,,,,,,,,,,,,2023,False,False
2023-09-22,True,,19700.0,2023-09-28,2023-10-05,19553.3,146.7,182.95,288.35,105.4,146.7,246.15,99.45,5.95,50.0,544.68,844.68,-247.18,-547.18,297.5,"{'brokerage': 160.0, 'stt': 26.56, 'exchange_turnover': 24.25, 'sebi_turnover': 0.05, 'stamp_duty': 0.64, 'gst': 33.17, 'slippage': 300.0, 'total_rupees': 544.68, 'points_equivalent': 10.89}",2023,True,False
2023-09-25,True,,19700.0,2023-09-28,2023-10-05,19553.3,146.7,149.6,253.35,103.75,146.7,246.15,99.45,4.3,50.0,539.15,839.15,-324.15,-624.15,215.0,"{'brokerage': 160.0, 'stt': 23.76, 'exchange_turnover': 21.99, 'sebi_turnover': 0.04, 'stamp_duty': 0.59, 'gst': 32.77, 'slippage': 300.0, 'total_rupees': 539.15, 'points_equivalent': 10.78}",2023,True,False
2023-09-26,True,,19700.0,2023-09-28,2023-10-05,19553.3,146.7,123.95,232.55,108.6,146.7,246.15,99.45,9.15,50.0,534.61,834.61,-77.11,-377.11,457.5,"{'brokerage': 160.0, 'stt': 21.42, 'exchange_turnover': 20.16, 'sebi_turnover': 0.04, 'stamp_duty': 0.56, 'gst': 32.44, 'slippage': 300.0, 'total_rupees': 534.61, 'points_equivalent': 10.69}",2023,True,False
2023-09-27,True,,19700.0,2023-09-28,2023-10-05,19553.3,146.7,89.3,223.4,134.1,146.7,246.15,99.45,34.65,50.0,533.14,833.14,1199.36,899.36,1732.5,"{'brokerage': 160.0, 'stt': 21.18, 'exchange_turnover': 19.17, 'sebi_turnover': 0.04, 'stamp_duty': 0.5, 'gst': 32.26, 'slippage': 300.0, 'total_rupees': 533.14, 'points_equivalent': 10.66}",2023,True,False
2023-09-28,False,front_is_same_day,,,,,,,,,,,,,,,,,,,,2023,False,False
2023-09-29,True,,19700.0,2023-10-05,2023-10-12,19546.6,153.4,168.15,278.15,110.0,153.4,230.05,76.65,33.35,50.0,540.78,840.78,1126.72,826.72,1667.5,"{'brokerage': 160.0, 'stt': 24.73, 'exchange_turnover': 22.54, 'sebi_turnover': 0.04, 'stamp_duty': 0.6, 'gst': 32.87, 'slippage': 300.0, 'total_rupees': 540.78, 'points_equivalent': 10.82}",2023,True,False
2023-10-03,True,,19550.0,2023-10-05,2023-10-12,19546.6,3.4,133.25,258.3,125.05,3.4,200.3,196.9,-71.85,50.0,524.88,824.88,-4117.38,-4417.38,-3592.5,"{'brokerage': 160.0, 'stt': 16.05, 'exchange_turnover': 16.52, 'sebi_turnover': 0.03, 'stamp_duty': 0.5, 'gst': 31.78, 'slippage': 300.0, 'total_rupees': 524.88, 'points_equivalent': 10.5}",2023,True,False
2023-10-04,True,,19450.0,2023-10-05,2023-10-12,19546.6,96.6,95.8,234.0,138.2,96.6,220.9,124.3,13.9,50.0,529.44,829.44,165.56,-134.44,695.0,"{'brokerage': 160.0, 'stt': 19.23, 'exchange_turnover': 17.71, 'sebi_turnover': 0.04, 'stamp_duty': 0.48, 'gst': 31.99, 'slippage': 300.0, 'total_rupees': 529.44, 'points_equivalent': 10.59}",2023,True,False
2023-10-05,False,front_is_same_day,,,,,,,,,,,,,,,,,,,,2023,False,False
2023-10-06,True,,19700.0,2023-10-12,2023-10-19,19782.9,82.9,172.35,263.6,91.25,82.9,248.65,165.75,-74.5,50.0,538.0,838.0,-4263.0,-4563.0,-3725.0,"{'brokerage': 160.0, 'stt': 22.54, 'exchange_turnover': 22.01, 'sebi_turnover': 0.04, 'stamp_duty': 0.63, 'gst': 32.77, 'slippage': 300.0, 'total_rupees': 538.0, 'points_equivalent': 10.76}",2023,True,False
2023-10-09,True,,19550.0,2023-10-12,2023-10-19,19782.9,232.9,174.75,279.8,105.05,232.9,339.65,106.75,-1.7,50.0,553.84,853.84,-638.84,-938.84,-85.0,"{'brokerage': 160.0, 'stt': 30.63, 'exchange_turnover': 28.46, 'sebi_turnover': 0.06, 'stamp_duty': 0.77, 'gst': 33.93, 'slippage': 300.0, 'total_rupees': 553.84, 'points_equivalent': 11.08}",2023,True,False
2023-10-10,True,,19750.0,2023-10-12,2023-10-19,19782.9,32.9,150.45,263.9,113.45,32.9,230.95,198.05,-84.6,50.0,532.17,832.17,-4762.17,-5062.17,-4230.0,"{'brokerage': 160.0, 'stt': 19.67, 'exchange_turnover': 19.56, 'sebi_turnover': 0.04, 'stamp_duty': 0.57, 'gst': 32.33, 'slippage': 300.0, 'total_rupees': 532.17, 'points_equivalent': 10.64}",2023,True,False
2023-10-11,True,,19850.0,2023-10-12,2023-10-19,19782.9,67.1,105.25,240.0,134.75,67.1,213.35,146.25,-11.5,50.0,526.26,826.26,-1101.26,-1401.26,-575.0,"{'brokerage': 160.0, 'stt': 17.2, 'exchange_turnover': 16.73, 'sebi_turnover': 0.03, 'stamp_duty': 0.48, 'gst': 31.82, 'slippage': 300.0, 'total_rupees': 526.26, 'points_equivalent': 10.53}",2023,True,False
2023-10-12,False,front_is_same_day,,,,,,,,,,,,,,,,,,,,2023,False,False
2023-10-13,True,,19750.0,2023-10-19,2023-10-26,19611.9,138.1,190.45,286.25,95.8,138.1,234.5,96.4,-0.6,50.0,543.57,843.57,-573.57,-873.57,-30.0,"{'brokerage': 160.0, 'stt': 25.95, 'exchange_turnover': 23.84, 'sebi_turnover': 0.05, 'stamp_duty': 0.64, 'gst': 33.1, 'slippage': 300.0, 'total_rupees': 543.57, 'points_equivalent': 10.87}",2023,True,False
2023-10-16,True,,19750.0,2023-10-19,2023-10-26,19611.9,138.1,167.4,270.65,103.25,138.1,234.5,96.4,6.85,50.0,540.61,840.61,-198.11,-498.11,342.5,"{'brokerage': 160.0, 'stt': 24.55, 'exchange_turnover': 22.55, 'sebi_turnover': 0.04, 'stamp_duty': 0.6, 'gst': 32.87, 'slippage': 300.0, 'total_rupees': 540.61, 'points_equivalent': 10.81}",2023,True,False
2023-10-17,True,,19800.0,2023-10-19,2023-10-26,19611.9,188.1,132.2,241.9,109.7,188.1,254.25,66.15,43.55,50.0,541.13,841.13,1636.37,1336.37,2177.5,"{'brokerage': 160.0, 'stt': 25.18, 'exchange_turnover': 22.47, 'sebi_turnover': 0.04, 'stamp_duty': 0.58, 'gst': 32.85, 'slippage': 300.0, 'total_rupees': 541.13, 'points_equivalent': 10.82}",2023,True,False
2023-10-18,True,,19700.0,2023-10-19,2023-10-26,19611.9,88.1,102.1,243.65,141.55,88.1,220.45,132.35,9.2,50.0,528.85,828.85,-68.85,-368.85,460.0,"{'brokerage': 160.0, 'stt': 18.74, 'exchange_turnover': 17.61, 'sebi_turnover': 0.03, 'stamp_duty': 0.48, 'gst': 31.98, 'slippage': 300.0, 'total_rupees': 528.85, 'points_equivalent': 10.58}",2023,True,False
2023-10-19,False,front_is_same_day,,,,,,,,,,,,,,,,,,,,2023,False,False
2023-10-20,False,exit_mark_inconsistent,19550.0,2023-10-26,2023-11-02,18848.5,701.5,190.95,296.9,105.95,701.5,658.35,-43.15,149.1,50.0,601.97,901.97,6853.03,6553.03,7455.0,"{'brokerage': 160.0, 'stt': 54.19, 'exchange_turnover': 48.81, 'sebi_turnover': 0.1, 'stamp_duty': 1.27, 'gst': 37.6, 'slippage': 300.0, 'total_rupees': 601.97, 'points_equivalent': 12.04}",2023,True,True
2023-10-23,False,exit_mark_inconsistent,19250.0,2023-10-26,2023-11-02,18848.5,401.5,174.45,316.4,141.95,401.5,395.15,-6.35,148.3,50.0,571.72,871.72,6843.28,6543.28,7415.0,"{'brokerage': 160.0, 'stt': 40.74, 'exchange_turnover': 34.95, 'sebi_turnover': 0.07, 'stamp_duty': 0.85, 'gst': 35.1, 'slippage': 300.0, 'total_rupees': 571.72, 'points_equivalent': 11.43}",2023,True,True
2023-10-25,True,,19150.0,2023-10-26,2023-11-02,18848.5,301.5,119.95,292.65,172.7,301.5,332.0,30.5,142.2,50.0,554.26,854.26,6555.74,6255.74,7110.0,"{'brokerage': 160.0, 'stt': 32.12, 'exchange_turnover': 27.63, 'sebi_turnover': 0.05, 'stamp_duty': 0.68, 'gst': 33.78, 'slippage': 300.0, 'total_rupees': 554.26, 'points_equivalent': 11.09}",2023,True,False
2023-10-26,False,front_is_same_day,,,,,,,,,,,,,,,,,,,,2023,False,False
2023-10-27,True,,19100.0,2023-11-02,2023-11-09,19144.85,44.85,216.15,314.7,98.55,44.85,230.1,185.25,-86.7,50.0,541.56,841.56,-4876.56,-5176.56,-4335.0,"{'brokerage': 160.0, 'stt': 24.27, 'exchange_turnover': 23.53, 'sebi_turnover': 0.05, 'stamp_duty': 0.67, 'gst': 33.04, 'slippage': 300.0, 'total_rupees': 541.56, 'points_equivalent': 10.83}",2023,True,False
2023-10-30,True,,19200.0,2023-11-02,2023-11-09,19144.85,55.15,172.15,283.55,111.4,55.15,211.1,155.95,-44.55,50.0,533.34,833.34,-2760.84,-3060.84,-2227.5,"{'brokerage': 160.0, 'stt': 20.37, 'exchange_turnover': 19.96, 'sebi_turnover': 0.04, 'stamp_duty': 0.57, 'gst': 32.4, 'slippage': 300.0, 'total_rupees': 533.34, 'points_equivalent': 10.67}",2023,True,False
2023-10-31,True,,19100.0,2023-11-02,2023-11-09,19144.85,44.85,148.8,276.8,128.0,44.85,230.1,185.25,-57.25,50.0,532.11,832.11,-3394.61,-3694.61,-2862.5,"{'brokerage': 160.0, 'stt': 19.68, 'exchange_turnover': 19.51, 'sebi_turnover': 0.04, 'stamp_duty': 0.57, 'gst': 32.32, 'slippage': 300.0, 'total_rupees': 532.11, 'points_equivalent': 10.64}",2023,True,False
2023-11-01,True,,19000.0,2023-11-02,2023-11-09,19144.85,144.85,117.2,259.1,141.9,144.85,276.2,131.35,10.55,50.0,538.62,838.62,-11.12,-311.12,527.5,"{'brokerage': 160.0, 'stt': 23.47, 'exchange_turnover': 21.79, 'sebi_turnover': 0.04, 'stamp_duty': 0.59, 'gst': 32.73, 'slippage': 300.0, 'total_rupees': 538.62, 'points_equivalent': 10.77}",2023,True,False
2023-11-02,False,front_is_same_day,,,,,,,,,,,,,,,,,,,,2023,False,False
2023-11-03,True,,19250.0,2023-11-09,2023-11-16,19404.0,154.0,183.55,273.35,89.8,154.0,260.7,106.7,-16.9,50.0,544.18,844.18,-1389.18,-1689.18,-845.0,"{'brokerage': 160.0, 'stt': 25.96, 'exchange_turnover': 24.32, 'sebi_turnover': 0.05, 'stamp_duty': 0.67, 'gst': 33.19, 'slippage': 300.0, 'total_rupees': 544.18, 'points_equivalent': 10.88}",2023,True,False
2023-11-06,True,,19450.0,2023-11-09,2023-11-16,19404.0,46.0,141.2,238.05,96.85,46.0,193.05,147.05,-50.2,50.0,526.53,826.53,-3036.53,-3336.53,-2510.0,"{'brokerage': 160.0, 'stt': 17.06, 'exchange_turnover': 17.06, 'sebi_turnover': 0.03, 'stamp_duty': 0.5, 'gst': 31.88, 'slippage': 300.0, 'total_rupees': 526.53, 'points_equivalent': 10.53}",2023,True,False
2023-11-07,True,,19400.0,2023-11-09,2023-11-16,19404.0,4.0,120.1,229.4,109.3,4.0,200.1,196.1,-86.8,50.0,521.71,821.71,-4861.71,-5161.71,-4340.0,"{'brokerage': 160.0, 'stt': 14.32, 'exchange_turnover': 15.32, 'sebi_turnover': 0.03, 'stamp_duty': 0.48, 'gst': 31.56, 'slippage': 300.0, 'total_rupees': 521.71, 'points_equivalent': 10.43}",2023,True,False
2023-11-08,True,,19450.0,2023-11-09,2023-11-16,19404.0,46.0,88.35,214.1,125.75,46.0,193.05,147.05,-21.3,50.0,521.27,821.27,-1586.27,-1886.27,-1065.0,"{'brokerage': 160.0, 'stt': 14.81, 'exchange_turnover': 14.58, 'sebi_turnover': 0.03, 'stamp_duty': 0.42, 'gst': 31.43, 'slippage': 300.0, 'total_rupees': 521.27, 'points_equivalent': 10.43}",2023,True,False
2023-11-09,False,front_is_same_day,,,,,,,,,,,,,,,,,,,,2023,False,False
2023-11-10,True,,19450.0,2023-11-16,2023-11-23,19761.15,311.15,164.15,252.75,88.6,311.15,387.9,76.75,11.85,50.0,558.07,858.07,34.43,-265.57,592.5,"{'brokerage': 160.0, 'stt': 32.54, 'exchange_turnover': 30.37, 'sebi_turnover': 0.06, 'stamp_duty': 0.83, 'gst': 34.28, 'slippage': 300.0, 'total_rupees': 558.07, 'points_equivalent': 11.16}",2023,True,False
2023-11-13,True,,19450.0,2023-11-16,2023-11-23,19761.15,311.15,123.3,229.7,106.4,311.15,387.9,76.75,29.65,50.0,552.69,852.69,929.81,629.81,1482.5,"{'brokerage': 160.0, 'stt': 29.97, 'exchange_turnover': 28.04, 'sebi_turnover': 0.06, 'stamp_duty': 0.77, 'gst': 33.86, 'slippage': 300.0, 'total_rupees': 552.69, 'points_equivalent': 11.05}",2023,True,False
2023-11-15,True,,19700.0,2023-11-16,2023-11-23,19761.15,61.15,87.1,212.6,125.5,61.15,216.85,155.7,-30.2,50.0,524.53,824.53,-2034.53,-2334.53,-1510.0,"{'brokerage': 160.0, 'stt': 16.4, 'exchange_turnover': 15.96, 'sebi_turnover': 0.03, 'stamp_duty': 0.46, 'gst': 31.68, 'slippage': 300.0, 'total_rupees': 524.53, 'points_equivalent': 10.49}",2023,True,False
2023-11-16,False,front_is_same_day,,,,,,,,,,,,,,,,,,,,2023,False,False
2023-11-17,True,,19800.0,2023-11-23,2023-11-30,19811.0,11.0,193.7,280.7,87.0,11.0,193.9,182.9,-95.9,50.0,532.75,832.75,-5327.75,-5627.75,-4795.0,"{'brokerage': 160.0, 'stt': 19.91, 'exchange_turnover': 19.84, 'sebi_turnover': 0.04, 'stamp_duty': 0.58, 'gst': 32.38, 'slippage': 300.0, 'total_rupees': 532.75, 'points_equivalent': 10.66}",2023,True,False
2023-11-20,True,,19700.0,2023-11-23,2023-11-30,19811.0,111.0,164.3,263.8,99.5,111.0,240.45,129.45,-29.95,50.0,537.21,837.21,-2034.71,-2334.71,-1497.5,"{'brokerage': 160.0, 'stt': 22.36, 'exchange_turnover': 21.51, 'sebi_turnover': 0.04, 'stamp_duty': 0.61, 'gst': 32.68, 'slippage': 300.0, 'total_rupees': 537.21, 'points_equivalent': 10.74}",2023,True,False
2023-11-21,True,,19800.0,2023-11-23,2023-11-30,19811.0,11.0,124.85,237.3,112.45,11.0,193.9,182.9,-70.45,50.0,523.4,823.4,-4045.9,-4345.9,-3522.5,"{'brokerage': 160.0, 'stt': 15.41, 'exchange_turnover': 15.83, 'sebi_turnover': 0.03, 'stamp_duty': 0.48, 'gst': 31.65, 'slippage': 300.0, 'total_rupees': 523.4, 'points_equivalent': 10.47}",2023,True,False
2023-11-22,True,,19850.0,2023-11-23,2023-11-30,19811.0,39.0,81.2,206.85,125.65,39.0,183.0,144.0,-18.35,50.0,519.65,819.65,-1437.15,-1737.15,-917.5,"{'brokerage': 160.0, 'stt': 14.13, 'exchange_turnover': 13.81, 'sebi_turnover': 0.03, 'stamp_duty': 0.4, 'gst': 31.29, 'slippage': 300.0, 'total_rupees': 519.65, 'points_equivalent': 10.39}",2023,True,False
2023-11-23,False,front_is_same_day,,,,,,,,,,,,,,,,,,,,2023,False,False
2023-11-24,True,,19850.0,2023-11-30,2023-12-07,20127.2,277.2,155.7,276.35,120.65,277.2,426.8,149.6,-28.95,50.0,558.37,858.37,-2005.87,-2305.87,-1447.5,"{'brokerage': 160.0, 'stt': 32.13, 'exchange_turnover': 30.93, 'sebi_turnover': 0.06, 'stamp_duty': 0.87, 'gst': 34.38, 'slippage': 300.0, 'total_rupees': 558.37, 'points_equivalent': 11.17}",2023,True,False
2023-11-28,True,,19950.0,2023-11-30,2023-12-07,20127.2,177.2,117.05,265.85,148.8,177.2,353.3,176.1,-27.3,50.0,544.14,844.14,-1909.14,-2209.14,-1365.0,"{'brokerage': 160.0, 'stt': 25.42, 'exchange_turnover': 24.71, 'sebi_turnover': 0.05, 'stamp_duty': 0.71, 'gst': 33.26, 'slippage': 300.0, 'total_rupees': 544.14, 'points_equivalent': 10.88}",2023,True,False
2023-11-29,True,,20150.0,2023-11-30,2023-12-07,20127.2,22.8,85.85,268.55,182.7,22.8,267.55,244.75,-62.05,50.0,525.84,825.84,-3628.34,-3928.34,-3102.5,"{'brokerage': 160.0, 'stt': 16.25, 'exchange_turnover': 17.13, 'sebi_turnover': 0.03, 'stamp_duty': 0.53, 'gst': 31.89, 'slippage': 300.0, 'total_rupees': 525.84, 'points_equivalent': 10.52}",2023,True,False
2023-11-30,False,front_is_same_day,,,,,,,,,,,,,,,,,,,,2023,False,False
2023-12-01,True,,20350.0,2023-12-07,2023-12-14,20916.1,566.1,241.1,338.0,96.9,566.1,638.8,72.7,24.2,50.0,600.26,900.26,609.74,309.74,1210.0,"{'brokerage': 160.0, 'stt': 52.51, 'exchange_turnover': 48.74, 'sebi_turnover': 0.1, 'stamp_duty': 1.32, 'gst': 37.59, 'slippage': 300.0, 'total_rupees': 600.26, 'points_equivalent': 12.01}",2023,True,False
2023-12-04,True,,20700.0,2023-12-07,2023-12-14,20916.1,216.1,204.1,333.3,129.2,216.1,338.25,122.15,7.05,50.0,557.65,857.65,-205.15,-505.15,352.5,"{'brokerage': 160.0, 'stt': 32.46, 'exchange_turnover': 30.09, 'sebi_turnover': 0.06, 'stamp_duty': 0.81, 'gst': 34.23, 'slippage': 300.0, 'total_rupees': 557.65, 'points_equivalent': 11.15}",2023,True,False
2023-12-05,True,,20850.0,2023-12-07,2023-12-14,20916.1,66.1,165.45,312.55,147.1,66.1,262.0,195.9,-48.8,50.0,538.44,838.44,-2978.44,-3278.44,-2440.0,"{'brokerage': 160.0, 'stt': 22.69, 'exchange_turnover': 22.25, 'sebi_turnover': 0.04, 'stamp_duty': 0.64, 'gst': 32.81, 'slippage': 300.0, 'total_rupees': 538.44, 'points_equivalent': 10.77}",2023,True,False
2023-12-06,True,,20950.0,2023-12-07,2023-12-14,20916.1,33.9,113.85,292.35,178.5,33.9,241.0,207.1,-28.6,50.0,530.65,830.65,-1960.65,-2260.65,-1430.0,"{'brokerage': 160.0, 'stt': 19.24, 'exchange_turnover': 18.67, 'sebi_turnover': 0.04, 'stamp_duty': 0.53, 'gst': 32.17, 'slippage': 300.0, 'total_rupees': 530.65, 'points_equivalent': 10.61}",2023,True,False
2023-12-07,False,front_is_same_day,,,,,,,,,,,,,,,,,,,,2023,False,False
2023-12-08,True,,21000.0,2023-12-14,2023-12-21,21195.25,195.25,206.1,319.85,113.75,195.25,341.3,146.05,-32.3,50.0,554.74,854.74,-2169.74,-2469.74,-1615.0,"{'brokerage': 160.0, 'stt': 30.54, 'exchange_turnover': 29.24, 'sebi_turnover': 0.06, 'stamp_duty': 0.82, 'gst': 34.07, 'slippage': 300.0, 'total_rupees': 554.74, 'points_equivalent': 11.09}",2023,True,False
2023-12-11,True,,21050.0,2023-12-14,2023-12-21,21195.25,145.25,180.85,300.9,120.05,145.25,306.6,161.35,-41.3,50.0,548.02,848.02,-2613.02,-2913.02,-2065.0,"{'brokerage': 160.0, 'stt': 27.51, 'exchange_turnover': 26.2, 'sebi_turnover': 0.05, 'stamp_duty': 0.73, 'gst': 33.53, 'slippage': 300.0, 'total_rupees': 548.02, 'points_equivalent': 10.96}",2023,True,False
2023-12-12,True,,20950.0,2023-12-14,2023-12-21,21195.25,245.25,163.75,297.7,133.95,245.25,377.0,131.75,2.2,50.0,555.72,855.72,-445.72,-745.72,110.0,"{'brokerage': 160.0, 'stt': 31.28, 'exchange_turnover': 29.45, 'sebi_turnover': 0.06, 'stamp_duty': 0.81, 'gst': 34.11, 'slippage': 300.0, 'total_rupees': 555.72, 'points_equivalent': 11.11}",2023,True,False
2023-12-13,True,,20950.0,2023-12-14,2023-12-21,21195.25,245.25,102.5,250.65,148.15,245.25,377.0,131.75,16.4,50.0,548.33,848.33,271.67,-28.33,820.0,"{'brokerage': 160.0, 'stt': 27.86, 'exchange_turnover': 26.18, 'sebi_turnover': 0.05, 'stamp_duty': 0.72, 'gst': 33.52, 'slippage': 300.0, 'total_rupees': 548.33, 'points_equivalent': 10.97}",2023,True,False
2023-12-14,False,front_is_same_day,,,,,,,,,,,,,,,,,,,,2023,False,False
2023-12-15,True,,21550.0,2023-12-21,2023-12-28,21283.0,267.0,238.0,359.4,121.4,267.0,313.35,46.35,75.05,50.0,563.98,863.98,3188.52,2888.52,3752.5,"{'brokerage': 160.0, 'stt': 36.25, 'exchange_turnover': 32.23, 'sebi_turnover': 0.06, 'stamp_duty': 0.83, 'gst': 34.61, 'slippage': 300.0, 'total_rupees': 563.98, 'points_equivalent': 11.28}",2023,True,False
2023-12-18,True,,21400.0,2023-12-21,2023-12-28,21283.0,117.0,204.3,342.15,137.85,117.0,279.35,162.35,-24.5,50.0,549.52,849.52,-1774.52,-2074.52,-1225.0,"{'brokerage': 160.0, 'stt': 28.52, 'exchange_turnover': 26.62, 'sebi_turnover': 0.05, 'stamp_duty': 0.73, 'gst': 33.6, 'slippage': 300.0, 'total_rupees': 549.52, 'points_equivalent': 10.99}",2023,True,False
2023-12-19,True,,21450.0,2023-12-21,2023-12-28,21283.0,167.0,146.65,315.25,168.6,167.0,283.75,116.75,51.85,50.0,547.16,847.16,2045.34,1745.34,2592.5,"{'brokerage': 160.0, 'stt': 28.09, 'exchange_turnover': 25.05, 'sebi_turnover': 0.05, 'stamp_duty': 0.65, 'gst': 33.32, 'slippage': 300.0, 'total_rupees': 547.16, 'points_equivalent': 10.94}",2023,True,False
2023-12-20,True,,21150.0,2023-12-21,2023-12-28,21283.0,133.0,134.6,309.2,174.6,133.0,339.75,206.75,-32.15,50.0,544.73,844.73,-2152.23,-2452.23,-1607.5,"{'brokerage': 160.0, 'stt': 25.71, 'exchange_turnover': 24.96, 'sebi_turnover': 0.05, 'stamp_duty': 0.71, 'gst': 33.3, 'slippage': 300.0, 'total_rupees': 544.73, 'points_equivalent': 10.89}",2023,True,False
2023-12-21,False,front_is_same_day,,,,,,,,,,,,,,,,,,,,2023,False,False
2023-12-22,True,,21450.0,2023-12-28,2024-01-04,21773.7,323.7,238.45,412.2,173.75,323.7,468.75,145.05,28.7,50.0,580.94,880.94,854.06,554.06,1435.0,"{'brokerage': 160.0, 'stt': 43.81, 'exchange_turnover': 39.98, 'sebi_turnover': 0.08, 'stamp_duty': 1.06, 'gst': 36.01, 'slippage': 300.0, 'total_rupees': 580.94, 'points_equivalent': 11.62}",2023,True,False
2023-12-26,True,,21500.0,2023-12-28,2024-01-04,21773.7,273.7,176.1,381.3,205.2,273.7,443.05,169.35,35.85,50.0,568.61,868.61,1223.89,923.89,1792.5,"{'brokerage': 160.0, 'stt': 37.82, 'exchange_turnover': 34.73, 'sebi_turnover': 0.07, 'stamp_duty': 0.93, 'gst': 35.06, 'slippage': 300.0, 'total_rupees': 568.61, 'points_equivalent': 11.37}",2023,True,False
2023-12-27,True,,21700.0,2023-12-28,2024-01-04,21773.7,73.7,122.0,353.05,231.05,73.7,345.9,272.2,-41.15,50.0,543.11,843.11,-2600.61,-2900.61,-2057.5,"{'brokerage': 160.0, 'stt': 24.82, 'exchange_turnover': 24.35, 'sebi_turnover': 0.05, 'stamp_duty': 0.7, 'gst': 33.19, 'slippage': 300.0, 'total_rupees': 543.11, 'points_equivalent': 10.86}",2023,True,False
2023-12-28,False,front_is_same_day,,,,,,,,,,,,,,,,,,,,2023,False,False
2023-12-29,True,,21800.0,2024-01-04,2024-01-11,21669.6,130.4,267.9,432.85,164.95,130.4,259.25,128.85,36.1,50.0,560.65,860.65,1244.35,944.35,1805.0,"{'brokerage': 160.0, 'stt': 34.64, 'exchange_turnover': 30.8, 'sebi_turnover': 0.06, 'stamp_duty': 0.79, 'gst': 34.36, 'slippage': 300.0, 'total_rupees': 560.65, 'points_equivalent': 11.21}",2023,True,False
2024-01-01,True,,21850.0,2024-01-04,2024-01-11,21669.6,180.4,204.75,373.8,169.05,180.4,267.6,87.2,81.85,50.0,554.67,854.67,3537.83,3237.83,4092.5,"{'brokerage': 160.0, 'stt': 31.97, 'exchange_turnover': 28.07, 'sebi_turnover': 0.06, 'stamp_duty': 0.71, 'gst': 33.86, 'slippage': 300.0, 'total_rupees': 554.67, 'points_equivalent': 11.09}",2024,True,False
2024-01-02,True,,21700.0,2024-01-04,2024-01-11,21669.6,30.4,173.35,355.5,182.15,30.4,252.55,222.15,-40.0,50.0,538.49,838.49,-2538.49,-2838.49,-2000.0,"{'brokerage': 160.0, 'stt': 22.75, 'exchange_turnover': 22.24, 'sebi_turnover': 0.04, 'stamp_duty': 0.64, 'gst': 32.81, 'slippage': 300.0, 'total_rupees': 538.49, 'points_equivalent': 10.77}",2024,True,False
2024-01-03,True,,21500.0,2024-01-04,2024-01-11,21669.6,169.6,114.4,315.8,201.4,169.6,308.6,139.0,62.4,50.0,545.19,845.19,2574.81,2274.81,3120.0,"{'brokerage': 160.0, 'stt': 27.0, 'exchange_turnover': 24.32, 'sebi_turnover': 0.05, 'stamp_duty': 0.63, 'gst': 33.19, 'slippage': 300.0, 'total_rupees': 545.19, 'points_equivalent': 10.9}",2024,True,False
2024-01-04,False,front_is_same_day,,,,,,,,,,,,,,,,,,,,2024,False,False
2024-01-05,True,,21750.0,2024-01-11,2024-01-18,21669.4,80.6,218.2,343.0,124.8,80.6,280.95,200.35,-75.55,50.0,546.46,846.46,-4323.96,-4623.96,-3777.5,"{'brokerage': 160.0, 'stt': 26.3, 'exchange_turnover': 25.89, 'sebi_turnover': 0.05, 'stamp_duty': 0.75, 'gst': 33.47, 'slippage': 300.0, 'total_rupees': 546.46, 'points_equivalent': 10.93}",2024,True,False
2024-01-08,True,,21550.0,2024-01-11,2024-01-18,21669.4,119.4,202.15,347.5,145.35,119.4,289.95,170.55,-25.2,50.0,550.45,850.45,-1810.45,-2110.45,-1260.0,"{'brokerage': 160.0, 'stt': 28.94, 'exchange_turnover': 27.04, 'sebi_turnover': 0.05, 'stamp_duty': 0.74, 'gst': 33.68, 'slippage': 300.0, 'total_rupees': 550.45, 'points_equivalent': 11.01}",2024,True,False
2024-01-09,True,,21550.0,2024-01-11,2024-01-18,21669.4,119.4,169.4,326.55,157.15,119.4,289.95,170.55,-13.4,50.0,545.45,845.45,-1215.45,-1515.45,-670.0,"{'brokerage': 160.0, 'stt': 26.45, 'exchange_turnover': 24.96, 'sebi_turnover': 0.05, 'stamp_duty': 0.69, 'gst': 33.3, 'slippage': 300.0, 'total_rupees': 545.45, 'points_equivalent': 10.91}",2024,True,False
2024-01-10,True,,21650.0,2024-01-11,2024-01-18,21669.4,19.4,114.3,297.7,183.4,19.4,273.7,254.3,-70.9,50.0,530.57,830.57,-4075.57,-4375.57,-3545.0,"{'brokerage': 160.0, 'stt': 18.54, 'exchange_turnover': 19.16, 'sebi_turnover': 0.04, 'stamp_duty': 0.58, 'gst': 32.26, 'slippage': 300.0, 'total_rupees': 530.57, 'points_equivalent': 10.61}",2024,True,False
2024-01-11,False,front_is_same_day,,,,,,,,,,,,,,,,,,,,2024,False,False
2024-01-12,True,,21950.0,2024-01-18,2024-01-25,21477.25,472.75,261.2,400.3,139.1,472.75,488.15,15.4,123.7,50.0,591.34,891.34,5593.66,5293.66,6185.0,"{'brokerage': 160.0, 'stt': 49.49, 'exchange_turnover': 43.91, 'sebi_turnover': 0.09, 'stamp_duty': 1.12, 'gst': 36.72, 'slippage': 300.0, 'total_rupees': 591.34, 'points_equivalent': 11.83}",2024,True,False
2024-01-15,False,exit_mark_inconsistent,22150.0,2024-01-18,2024-01-25,21477.25,672.75,219.0,391.0,172.0,672.75,656.45,-16.3,188.3,50.0,608.5,908.5,8806.5,8506.5,9415.0,"{'brokerage': 160.0, 'stt': 57.76, 'exchange_turnover': 51.27, 'sebi_turnover': 0.1, 'stamp_duty': 1.31, 'gst': 38.05, 'slippage': 300.0, 'total_rupees': 608.5, 'points_equivalent': 12.17}",2024,True,True
2024-01-16,False,exit_mark_inconsistent,22050.0,2024-01-18,2024-01-25,21477.25,572.75,178.3,361.7,183.4,572.75,562.75,-10.0,193.4,50.0,592.97,892.97,9077.03,8777.03,9670.0,"{'brokerage': 160.0, 'stt': 50.68, 'exchange_turnover': 44.3, 'sebi_turnover': 0.09, 'stamp_duty': 1.11, 'gst': 36.79, 'slippage': 300.0, 'total_rupees': 592.97, 'points_equivalent': 11.86}",2024,True,True
2024-01-17,True,,21600.0,2024-01-18,2024-01-25,21477.25,122.75,158.6,414.6,256.0,122.75,330.85,208.1,47.9,50.0,552.23,852.23,1842.77,1542.77,2395.0,"{'brokerage': 160.0, 'stt': 30.11, 'exchange_turnover': 27.56, 'sebi_turnover': 0.05, 'stamp_duty': 0.73, 'gst': 33.77, 'slippage': 300.0, 'total_rupees': 552.23, 'points_equivalent': 11.04}",2024,True,False
2024-01-18,False,front_is_same_day,,,,,,,,,,,,,,,,,,,,2024,False,False
2024-01-19,True,,21700.0,2024-01-25,2024-02-01,21370.75,329.25,290.35,467.95,177.6,329.25,427.7,98.45,79.15,50.0,585.51,885.51,3371.99,3071.99,3957.5,"{'brokerage': 160.0, 'stt': 46.46, 'exchange_turnover': 41.59, 'sebi_turnover': 0.08, 'stamp_duty': 1.08, 'gst': 36.3, 'slippage': 300.0, 'total_rupees': 585.51, 'points_equivalent': 11.71}",2024,True,False
2024-01-23,True,,21200.0,2024-01-25,2024-02-01,21370.75,170.75,235.8,465.8,230.0,170.75,405.15,234.4,-4.4,50.0,569.52,869.52,-789.52,-1089.52,-220.0,"{'brokerage': 160.0, 'stt': 37.96, 'exchange_turnover': 35.35, 'sebi_turnover': 0.07, 'stamp_duty': 0.96, 'gst': 35.18, 'slippage': 300.0, 'total_rupees': 569.52, 'points_equivalent': 11.39}",2024,True,False
2024-01-24,True,,21500.0,2024-01-25,2024-02-01,21370.75,129.25,153.8,408.05,254.25,129.25,363.05,233.8,20.45,50.0,553.13,853.13,469.37,169.37,1022.5,"{'brokerage': 160.0, 'stt': 30.13, 'exchange_turnover': 28.27, 'sebi_turnover': 0.06, 'stamp_duty': 0.78, 'gst': 33.9, 'slippage': 300.0, 'total_rupees': 553.13, 'points_equivalent': 11.06}",2024,True,False
2024-01-25,False,front_is_same_day,,,,,,,,,,,,,,,,,,,,2024,False,False
2024-01-29,True,,21800.0,2024-02-01,2024-02-08,21690.3,109.7,345.75,524.6,178.85,109.7,339.9,230.2,-51.35,50.0,573.59,873.59,-3141.09,-3441.09,-2567.5,"{'brokerage': 160.0, 'stt': 39.63, 'exchange_turnover': 37.32, 'sebi_turnover': 0.07, 'stamp_duty': 1.03, 'gst': 35.53, 'slippage': 300.0, 'total_rupees': 573.59, 'points_equivalent': 11.47}",2024,True,False
2024-01-30,True,,21550.0,2024-02-01,2024-02-08,21690.3,140.3,302.4,522.25,219.85,140.3,358.4,218.1,1.75,50.0,574.71,874.71,-487.21,-787.21,87.5,"{'brokerage': 160.0, 'stt': 40.82, 'exchange_turnover': 37.3, 'sebi_turnover': 0.07, 'stamp_duty': 0.99, 'gst': 35.53, 'slippage': 300.0, 'total_rupees': 574.71, 'points_equivalent': 11.49}",2024,True,False
2024-01-31,True,,21700.0,2024-02-01,2024-02-08,21690.3,9.7,256.2,498.35,242.15,9.7,331.4,321.7,-79.55,50.0,559.3,859.3,-4536.8,-4836.8,-3977.5,"{'brokerage': 160.0, 'stt': 32.61, 'exchange_turnover': 31.3, 'sebi_turnover': 0.06, 'stamp_duty': 0.88, 'gst': 34.45, 'slippage': 300.0, 'total_rupees': 559.3, 'points_equivalent': 11.19}",2024,True,False
2024-02-01,False,front_is_same_day,,,,,,,,,,,,,,,,,,,,2024,False,False
2024-02-02,True,,21900.0,2024-02-08,2024-02-15,21759.7,140.3,309.3,461.4,152.1,140.3,370.7,230.4,-78.3,50.0,569.89,869.89,-4484.89,-4784.89,-3915.0,"{'brokerage': 160.0, 'stt': 37.42, 'exchange_turnover': 36.07, 'sebi_turnover': 0.07, 'stamp_duty': 1.02, 'gst': 35.31, 'slippage': 300.0, 'total_rupees': 569.89, 'points_equivalent': 11.4}",2024,True,False
2024-02-05,True,,21750.0,2024-02-08,2024-02-15,21759.7,9.7,287.05,448.2,161.15,9.7,359.55,349.85,-188.7,50.0,557.48,857.48,-9992.48,-10292.48,-9435.0,"{'brokerage': 160.0, 'stt': 30.31, 'exchange_turnover': 31.63, 'sebi_turnover': 0.06, 'stamp_duty': 0.97, 'gst': 34.51, 'slippage': 300.0, 'total_rupees': 557.48, 'points_equivalent': 11.15}",2024,True,False
2024-02-06,True,,21950.0,2024-02-08,2024-02-15,21759.7,190.3,237.7,430.7,193.0,190.3,380.45,190.15,2.85,50.0,566.28,866.28,-423.78,-723.78,142.5,"{'brokerage': 160.0, 'stt': 36.38, 'exchange_turnover': 33.98, 'sebi_turnover': 0.07, 'stamp_duty': 0.93, 'gst': 34.93, 'slippage': 300.0, 'total_rupees': 566.28, 'points_equivalent': 11.33}",2024,True,False
2024-02-07,True,,21950.0,2024-02-08,2024-02-15,21759.7,190.3,154.25,377.6,223.35,190.3,380.45,190.15,33.2,50.0,556.97,856.97,1103.03,803.03,1660.0,"{'brokerage': 160.0, 'stt': 32.19, 'exchange_turnover': 29.76, 'sebi_turnover': 0.06, 'stamp_duty': 0.8, 'gst': 34.17, 'slippage': 300.0, 'total_rupees': 556.97, 'points_equivalent': 11.14}",2024,True,False
2024-02-08,False,front_is_same_day,,,,,,,,,,,,,,,,,,,,2024,False,False
2024-02-09,True,,21800.0,2024-02-15,2024-02-22,21927.05,127.05,307.6,455.1,147.5,127.05,354.2,227.15,-79.65,50.0,568.61,868.61,-4551.11,-4851.11,-3982.5,"{'brokerage': 160.0, 'stt': 36.98, 'exchange_turnover': 35.39, 'sebi_turnover': 0.07, 'stamp_duty': 0.99, 'gst': 35.18, 'slippage': 300.0, 'total_rupees': 568.61, 'points_equivalent': 11.37}",2024,True,False
2024-02-12,True,,21650.0,2024-02-15,2024-02-22,21927.05,277.05,280.75,443.5,162.75,277.05,433.8,156.75,6.0,50.0,580.68,880.68,-280.68,-580.68,300.0,"{'brokerage': 160.0, 'stt': 43.5, 'exchange_turnover': 40.01, 'sebi_turnover': 0.08, 'stamp_duty': 1.07, 'gst': 36.02, 'slippage': 300.0, 'total_rupees': 580.68, 'points_equivalent': 11.61}",2024,True,False
2024-02-13,True,,21800.0,2024-02-15,2024-02-22,21927.05,127.05,219.55,390.9,171.35,127.05,354.2,227.15,-55.8,50.0,558.71,858.71,-3348.71,-3648.71,-2790.0,"{'brokerage': 160.0, 'stt': 32.51, 'exchange_turnover': 30.91, 'sebi_turnover': 0.06, 'stamp_duty': 0.86, 'gst': 34.37, 'slippage': 300.0, 'total_rupees': 558.71, 'points_equivalent': 11.17}",2024,True,False
2024-02-14,True,,21900.0,2024-02-15,2024-02-22,21927.05,27.05,151.5,356.2,204.7,27.05,325.25,298.2,-93.5,50.0,541.25,841.25,-5216.25,-5516.25,-4675.0,"{'brokerage': 160.0, 'stt': 23.48, 'exchange_turnover': 23.9, 'sebi_turnover': 0.05, 'stamp_duty': 0.72, 'gst': 33.11, 'slippage': 300.0, 'total_rupees': 541.25, 'points_equivalent': 10.83}",2024,True,False
2024-02-15,False,front_is_same_day,,,,,,,,,,,,,,,,,,,,2024,False,False
2024-02-16,True,,22100.0,2024-02-22,2024-02-29,22216.9,116.9,302.5,456.65,154.15,116.9,355.25,238.35,-84.2,50.0,569.05,869.05,-4779.05,-5079.05,-4210.0,"{'brokerage': 160.0, 'stt': 37.33, 'exchange_turnover': 35.46, 'sebi_turnover': 0.07, 'stamp_duty': 0.99, 'gst': 35.2, 'slippage': 300.0, 'total_rupees': 569.05, 'points_equivalent': 11.38}",2024,True,False
2024-02-19,True,,22150.0,2024-02-22,2024-02-29,22216.9,66.9,264.6,435.5,170.9,66.9,339.8,272.9,-102.0,50.0,559.46,859.46,-5659.46,-5959.46,-5100.0,"{'brokerage': 160.0, 'stt': 32.38, 'exchange_turnover': 31.61, 'sebi_turnover': 0.06, 'stamp_duty': 0.91, 'gst': 34.5, 'slippage': 300.0, 'total_rupees': 559.46, 'points_equivalent': 11.19}",2024,True,False
2024-02-20,True,,22200.0,2024-02-22,2024-02-29,22216.9,16.9,216.35,410.4,194.05,16.9,331.6,314.7,-120.65,50.0,549.13,849.13,-6581.63,-6881.63,-6032.5,"{'brokerage': 160.0, 'stt': 27.02, 'exchange_turnover': 27.48, 'sebi_turnover': 0.05, 'stamp_duty': 0.82, 'gst': 33.76, 'slippage': 300.0, 'total_rupees': 549.13, 'points_equivalent': 10.98}",2024,True,False
2024-02-21,True,,22000.0,2024-02-22,2024-02-29,22216.9,216.9,155.4,381.8,226.4,216.9,394.55,177.65,48.75,50.0,559.32,859.32,1878.18,1578.18,2437.5,"{'brokerage': 160.0, 'stt': 33.36, 'exchange_turnover': 30.73, 'sebi_turnover': 0.06, 'stamp_duty': 0.82, 'gst': 34.34, 'slippage': 300.0, 'total_rupees': 559.32, 'points_equivalent': 11.19}",2024,True,False
2024-02-22,False,front_is_same_day,,,,,,,,,,,,,,,,,,,,2024,False,False
2024-02-23,True,,22250.0,2024-02-29,2024-03-07,22042.05,207.95,295.65,454.6,158.95,207.95,341.95,134.0,24.95,50.0,572.84,872.84,674.66,374.66,1247.5,"{'brokerage': 160.0, 'stt': 40.1, 'exchange_turnover': 36.35, 'sebi_turnover': 0.07, 'stamp_duty': 0.96, 'gst': 35.36, 'slippage': 300.0, 'total_rupees': 572.84, 'points_equivalent': 11.46}",2024,True,False
2024-02-26,True,,22150.0,2024-02-29,2024-03-07,22042.05,107.95,264.8,443.1,178.3,107.95,327.95,220.0,-41.7,50.0,561.68,861.68,-2646.68,-2946.68,-2085.0,"{'brokerage': 160.0, 'stt': 34.0, 'exchange_turnover': 32.14, 'sebi_turnover': 0.06, 'stamp_duty': 0.89, 'gst': 34.6, 'slippage': 300.0, 'total_rupees': 561.68, 'points_equivalent': 11.23}",2024,True,False
2024-02-27,True,,22200.0,2024-02-29,2024-03-07,22042.05,157.95,215.45,413.85,198.4,157.95,333.4,175.45,22.95,50.0,560.32,860.32,587.18,287.18,1147.5,"{'brokerage': 160.0, 'stt': 34.01, 'exchange_turnover': 31.03, 'sebi_turnover': 0.06, 'stamp_duty': 0.82, 'gst': 34.4, 'slippage': 300.0, 'total_rupees': 560.32, 'points_equivalent': 11.21}",2024,True,False
2024-02-28,True,,21900.0,2024-02-29,2024-03-07,22042.05,142.05,174.35,418.75,244.4,142.05,372.85,230.8,13.6,50.0,556.98,856.98,123.02,-176.98,680.0,"{'brokerage': 160.0, 'stt': 31.95, 'exchange_turnover': 29.95, 'sebi_turnover': 0.06, 'stamp_duty': 0.82, 'gst': 34.2, 'slippage': 300.0, 'total_rupees': 556.98, 'points_equivalent': 11.14}",2024,True,False
2024-02-29,False,front_is_same_day,,,,,,,,,,,,,,,,,,,,2024,False,False
2024-03-01,True,,22400.0,2024-03-07,2024-03-14,22483.5,83.5,310.6,461.75,151.15,83.5,269.9,186.4,-35.25,50.0,564.59,864.59,-2327.09,-2627.09,-1762.5,"{'brokerage': 160.0, 'stt': 36.06, 'exchange_turnover': 32.87, 'sebi_turnover': 0.07, 'stamp_duty': 0.87, 'gst': 34.73, 'slippage': 300.0, 'total_rupees': 564.59, 'points_equivalent': 11.29}",2024,True,False
2024-03-04,True,,22450.0,2024-03-07,2024-03-14,22483.5,33.5,246.55,398.0,151.45,33.5,259.95,226.45,-75.0,50.0,551.12,851.12,-4301.12,-4601.12,-3750.0,"{'brokerage': 160.0, 'stt': 29.07, 'exchange_turnover': 27.47, 'sebi_turnover': 0.05, 'stamp_duty': 0.76, 'gst': 33.75, 'slippage': 300.0, 'total_rupees': 551.12, 'points_equivalent': 11.02}",2024,True,False
2024-03-05,True,,22400.0,2024-03-07,2024-03-14,22483.5,83.5,189.05,344.15,155.1,83.5,269.9,186.4,-31.3,50.0,546.77,846.77,-2111.77,-2411.77,-1565.0,"{'brokerage': 160.0, 'stt': 27.29, 'exchange_turnover': 25.37, 'sebi_turnover': 0.05, 'stamp_duty': 0.69, 'gst': 33.38, 'slippage': 300.0, 'total_rupees': 546.77, 'points_equivalent': 10.94}",2024,True,False
2024-03-06,True,,22550.0,2024-03-07,2024-03-14,22483.5,66.5,126.5,320.05,193.55,66.5,255.75,189.25,4.3,50.0,535.03,835.03,-320.03,-620.03,215.0,"{'brokerage': 160.0, 'stt': 21.44, 'exchange_turnover': 20.48, 'sebi_turnover': 0.04, 'stamp_duty': 0.57, 'gst': 32.49, 'slippage': 300.0, 'total_rupees': 535.03, 'points_equivalent': 10.7}",2024,True,False
2024-03-07,False,front_is_same_day,,,,,,,,,,,,,,,,,,,,2024,False,False
2024-03-11,True,,22400.0,2024-03-14,2024-03-21,22153.05,246.95,234.25,381.8,147.55,246.95,326.05,79.1,68.45,50.0,564.57,864.57,2857.93,2557.93,3422.5,"{'brokerage': 160.0, 'stt': 36.44, 'exchange_turnover': 32.55, 'sebi_turnover': 0.06, 'stamp_duty': 0.84, 'gst': 34.67, 'slippage': 300.0, 'total_rupees': 564.57, 'points_equivalent': 11.29}",2024,True,False
2024-03-12,True,,22400.0,2024-03-14,2024-03-21,22153.05,246.95,198.55,352.3,153.75,246.95,326.05,79.1,74.65,50.0,560.35,860.35,3172.15,2872.15,3732.5,"{'brokerage': 160.0, 'stt': 34.5, 'exchange_turnover': 30.67, 'sebi_turnover': 0.06, 'stamp_duty': 0.79, 'gst': 34.33, 'slippage': 300.0, 'total_rupees': 560.35, 'points_equivalent': 11.21}",2024,True,False
2024-03-13,True,,21950.0,2024-03-14,2024-03-21,22153.05,203.05,169.5,392.05,222.55,203.05,394.9,191.85,30.7,50.0,559.81,859.81,975.19,675.19,1535.0,"{'brokerage': 160.0, 'stt': 33.38, 'exchange_turnover': 31.11, 'sebi_turnover': 0.06, 'stamp_duty': 0.85, 'gst': 34.41, 'slippage': 300.0, 'total_rupees': 559.81, 'points_equivalent': 11.2}",2024,True,False
2024-03-14,False,front_is_same_day,,,,,,,,,,,,,,,,,,,,2024,False,False
2024-03-15,True,,22100.0,2024-03-21,2024-03-28,22014.6,85.4,284.0,423.8,139.8,85.4,261.05,175.65,-35.85,50.0,556.68,856.68,-2349.18,-2649.18,-1792.5,"{'brokerage': 160.0, 'stt': 31.81, 'exchange_turnover': 29.82, 'sebi_turnover': 0.06, 'stamp_duty': 0.82, 'gst': 34.18, 'slippage': 300.0, 'total_rupees': 556.68, 'points_equivalent': 11.13}",2024,True,False
2024-03-18,True,,22100.0,2024-03-21,2024-03-28,22014.6,85.4,241.65,395.2,153.55,85.4,261.05,175.65,-22.1,50.0,551.43,851.43,-1656.43,-1956.43,-1105.0,"{'brokerage': 160.0, 'stt': 29.35, 'exchange_turnover': 27.51, 'sebi_turnover': 0.05, 'stamp_duty': 0.75, 'gst': 33.76, 'slippage': 300.0, 'total_rupees': 551.43, 'points_equivalent': 11.03}",2024,True,False
2024-03-19,True,,21850.0,2024-03-21,2024-03-28,22014.6,164.6,208.5,375.7,167.2,164.6,351.0,186.4,-19.2,50.0,558.76,858.76,-1518.76,-1818.76,-960.0,"{'brokerage': 160.0, 'stt': 32.82, 'exchange_turnover': 30.7, 'sebi_turnover': 0.06, 'stamp_duty': 0.84, 'gst': 34.34, 'slippage': 300.0, 'total_rupees': 558.76, 'points_equivalent': 11.18}",2024,True,False
2024-03-20,True,,21850.0,2024-03-21,2024-03-28,22014.6,164.6,150.2,336.25,186.05,164.6,351.0,186.4,-0.35,50.0,550.53,850.53,-568.03,-868.03,-17.5,"{'brokerage': 160.0, 'stt': 28.81, 'exchange_turnover': 27.21, 'sebi_turnover': 0.05, 'stamp_duty': 0.75, 'gst': 33.71, 'slippage': 300.0, 'total_rupees': 550.53, 'points_equivalent': 11.01}",2024,True,False
2024-03-21,False,front_is_same_day,,,,,,,,,,,,,,,,,,,,2024,False,False
2024-03-22,True,,22200.0,2024-03-28,2024-04-04,22343.1,143.1,231.55,369.0,137.45,143.1,328.15,185.05,-47.6,50.0,557.8,857.8,-2937.8,-3237.8,-2380.0,"{'brokerage': 160.0, 'stt': 32.21, 'exchange_turnover': 30.4, 'sebi_turnover': 0.06, 'stamp_duty': 0.84, 'gst': 34.28, 'slippage': 300.0, 'total_rupees': 557.8, 'points_equivalent': 11.16}",2024,True,False
2024-03-26,True,,22100.0,2024-03-28,2024-04-04,22343.1,243.1,186.95,347.95,161.0,243.1,384.05,140.95,20.05,50.0,561.77,861.77,440.73,140.73,1002.5,"{'brokerage': 160.0, 'stt': 34.48, 'exchange_turnover': 31.83, 'sebi_turnover': 0.06, 'stamp_duty': 0.86, 'gst': 34.54, 'slippage': 300.0, 'total_rupees': 561.77, 'points_equivalent': 11.24}",2024,True,False
2024-03-27,True,,22200.0,2024-03-28,2024-04-04,22343.1,143.1,118.9,299.8,180.9,143.1,328.15,185.05,-4.15,50.0,544.34,844.34,-751.84,-1051.84,-207.5,"{'brokerage': 160.0, 'stt': 26.0, 'exchange_turnover': 24.42, 'sebi_turnover': 0.05, 'stamp_duty': 0.67, 'gst': 33.2, 'slippage': 300.0, 'total_rupees': 544.34, 'points_equivalent': 10.89}",2024,True,False
2024-03-28,False,front_is_same_day,,,,,,,,,,,,,,,,,,,,2024,False,False
2024-04-01,True,,22500.0,2024-04-04,2024-04-10,22541.2,41.2,214.9,331.25,116.35,41.2,256.95,215.75,-99.4,50.0,542.56,842.56,-5512.56,-5812.56,-4970.0,"{'brokerage': 160.0, 'stt': 24.4, 'exchange_turnover': 24.23, 'sebi_turnover': 0.05, 'stamp_duty': 0.71, 'gst': 33.17, 'slippage': 300.0, 'total_rupees': 542.56, 'points_equivalent': 10.85}",2024,True,False
2024-04-02,True,,22450.0,2024-04-04,2024-04-10,22541.2,91.2,171.15,309.5,138.35,91.2,268.7,177.5,-39.15,50.0,541.18,841.18,-2498.68,-2798.68,-1957.5,"{'brokerage': 160.0, 'stt': 24.16, 'exchange_turnover': 23.31, 'sebi_turnover': 0.05, 'stamp_duty': 0.66, 'gst': 33.0, 'slippage': 300.0, 'total_rupees': 541.18, 'points_equivalent': 10.82}",2024,True,False
2024-04-03,True,,22450.0,2024-04-04,2024-04-10,22541.2,91.2,122.85,278.05,155.2,91.2,268.7,177.5,-22.3,50.0,536.22,836.22,-1651.22,-1951.22,-1115.0,"{'brokerage': 160.0, 'stt': 22.01, 'exchange_turnover': 21.0, 'sebi_turnover': 0.04, 'stamp_duty': 0.59, 'gst': 32.59, 'slippage': 300.0, 'total_rupees': 536.22, 'points_equivalent': 10.72}",2024,True,False
2024-04-04,False,front_is_same_day,,,,,,,,,,,,,,,,,,,,2024,False,False
2024-04-05,True,,22550.0,2024-04-10,2024-04-18,22735.05,185.05,231.4,353.55,122.15,185.05,329.95,144.9,-22.75,50.0,559.36,859.36,-1696.86,-1996.86,-1137.5,"{'brokerage': 160.0, 'stt': 33.16, 'exchange_turnover': 30.92, 'sebi_turnover': 0.06, 'stamp_duty': 0.84, 'gst': 34.38, 'slippage': 300.0, 'total_rupees': 559.36, 'points_equivalent': 11.19}",2024,True,False
2024-04-08,True,,22700.0,2024-04-10,2024-04-18,22735.05,35.05,176.35,332.2,155.85,35.05,272.75,237.7,-81.85,50.0,540.13,840.13,-4632.63,-4932.63,-4092.5,"{'brokerage': 160.0, 'stt': 23.32, 'exchange_turnover': 23.12, 'sebi_turnover': 0.05, 'stamp_duty': 0.67, 'gst': 32.97, 'slippage': 300.0, 'total_rupees': 540.13, 'points_equivalent': 10.8}",2024,True,False
2024-04-09,True,,22700.0,2024-04-10,2024-04-18,22735.05,35.05,123.45,296.7,173.25,35.05,272.75,237.7,-64.45,50.0,534.2,834.2,-3756.7,-4056.7,-3222.5,"{'brokerage': 160.0, 'stt': 20.65, 'exchange_turnover': 20.43, 'sebi_turnover': 0.04, 'stamp_duty': 0.59, 'gst': 32.48, 'slippage': 300.0, 'total_rupees': 534.2, 'points_equivalent': 10.68}",2024,True,False
2024-04-10,False,front_is_same_day,,,,,,,,,,,,,,,,,,,,2024,False,False
2024-04-12,True,,22600.0,2024-04-18,2024-04-25,22045.75,554.25,237.95,374.55,136.6,554.25,564.65,10.4,126.2,50.0,596.35,896.35,5713.65,5413.65,6310.0,"{'brokerage': 160.0, 'stt': 51.59, 'exchange_turnover': 46.32, 'sebi_turnover': 0.09, 'stamp_duty': 1.2, 'gst': 37.15, 'slippage': 300.0, 'total_rupees': 596.35, 'points_equivalent': 11.93}",2024,True,False
2024-04-15,True,,22350.0,2024-04-18,2024-04-25,22045.75,304.25,209.85,370.9,161.05,304.25,392.25,88.0,73.05,50.0,568.67,868.67,3083.83,2783.83,3652.5,"{'brokerage': 160.0, 'stt': 38.19, 'exchange_turnover': 34.49, 'sebi_turnover': 0.07, 'stamp_duty': 0.9, 'gst': 35.02, 'slippage': 300.0, 'total_rupees': 568.67, 'points_equivalent': 11.37}",2024,True,False
2024-04-16,True,,22200.0,2024-04-18,2024-04-25,22045.75,154.25,156.05,343.1,187.05,154.25,338.7,184.45,2.6,50.0,548.64,848.64,-418.64,-718.64,130.0,"{'brokerage': 160.0, 'stt': 27.75, 'exchange_turnover': 26.51, 'sebi_turnover': 0.05, 'stamp_duty': 0.74, 'gst': 33.58, 'slippage': 300.0, 'total_rupees': 548.64, 'points_equivalent': 10.97}",2024,True,False
2024-04-18,False,front_is_same_day,,,,,,,,,,,,,,,,,,,,2024,False,False
2024-04-19,True,,22200.0,2024-04-25,2024-05-02,22559.25,359.25,314.65,443.55,128.9,359.25,460.2,100.95,27.95,50.0,592.56,892.56,804.94,504.94,1397.5,"{'brokerage': 160.0, 'stt': 49.76, 'exchange_turnover': 44.69, 'sebi_turnover': 0.09, 'stamp_duty': 1.16, 'gst': 36.86, 'slippage': 300.0, 'total_rupees': 592.56, 'points_equivalent': 11.85}",2024,True,False
2024-04-22,True,,22400.0,2024-04-25,2024-05-02,22559.25,159.25,227.0,369.45,142.45,159.25,329.8,170.55,-28.1,50.0,559.23,859.23,-1964.23,-2264.23,-1405.0,"{'brokerage': 160.0, 'stt': 33.16, 'exchange_turnover': 30.81, 'sebi_turnover': 0.06, 'stamp_duty': 0.84, 'gst': 34.36, 'slippage': 300.0, 'total_rupees': 559.23, 'points_equivalent': 11.18}",2024,True,False
2024-04-23,True,,22400.0,2024-04-25,2024-05-02,22559.25,159.25,176.65,328.9,152.25,159.25,329.8,170.55,-18.3,50.0,551.79,851.79,-1466.79,-1766.79,-915.0,"{'brokerage': 160.0, 'stt': 29.5, 'exchange_turnover': 27.68, 'sebi_turnover': 0.05, 'stamp_duty': 0.76, 'gst': 33.79, 'slippage': 300.0, 'total_rupees': 551.79, 'points_equivalent': 11.04}",2024,True,False
2024-04-24,True,,22400.0,2024-04-25,2024-05-02,22559.25,159.25,120.0,295.9,175.9,159.25,329.8,170.55,5.35,50.0,543.56,843.56,-276.06,-576.06,267.5,"{'brokerage': 160.0, 'stt': 25.46, 'exchange_turnover': 24.21, 'sebi_turnover': 0.05, 'stamp_duty': 0.67, 'gst': 33.17, 'slippage': 300.0, 'total_rupees': 543.56, 'points_equivalent': 10.87}",2024,True,False
2024-04-25,False,front_is_same_day,,,,,,,,,,,,,,,,,,,,2024,False,False
2024-04-26,True,,22500.0,2024-05-02,2024-05-09,22656.75,156.75,257.95,386.7,128.75,156.75,346.05,189.3,-60.55,25.0,375.25,525.25,-1889.0,-2039.0,-1513.75,"{'brokerage': 160.0, 'stt': 16.89, 'exchange_turnover': 16.16, 'sebi_turnover': 0.03, 'stamp_duty': 0.45, 'gst': 31.71, 'slippage': 150.0, 'total_rupees': 375.25, 'points_equivalent': 15.01}",2024,True,False
2024-04-29,True,,22700.0,2024-05-02,2024-05-09,22656.75,43.25,193.35,353.25,159.9,43.25,279.95,236.7,-76.8,25.0,365.35,515.35,-2285.35,-2435.35,-1920.0,"{'brokerage': 160.0, 'stt': 11.98, 'exchange_turnover': 12.02, 'sebi_turnover': 0.02, 'stamp_duty': 0.35, 'gst': 30.97, 'slippage': 150.0, 'total_rupees': 365.35, 'points_equivalent': 14.61}",2024,True,False
2024-04-30,True,,22700.0,2024-05-02,2024-05-09,22656.75,43.25,159.65,322.85,163.2,43.25,279.95,236.7,-73.5,25.0,362.61,512.61,-2200.11,-2350.11,-1837.5,"{'brokerage': 160.0, 'stt': 10.59, 'exchange_turnover': 10.9, 'sebi_turnover': 0.02, 'stamp_duty': 0.33, 'gst': 30.77, 'slippage': 150.0, 'total_rupees': 362.61, 'points_equivalent': 14.5}",2024,True,False
2024-05-02,False,front_is_same_day,,,,,,,,,,,,,,,,,,,,2024,False,False
2024-05-03,False,exit_mark_inconsistent,22500.0,2024-05-09,2024-05-16,21968.15,531.85,283.75,420.65,136.9,531.85,530.85,-1.0,137.9,25.0,395.63,545.63,3051.87,2901.87,3447.5,"{'brokerage': 160.0, 'stt': 27.59, 'exchange_turnover': 24.22, 'sebi_turnover': 0.05, 'stamp_duty': 0.61, 'gst': 33.17, 'slippage': 150.0, 'total_rupees': 395.63, 'points_equivalent': 15.83}",2024,True,True
2024-05-06,False,exit_mark_inconsistent,22500.0,2024-05-09,2024-05-16,21968.15,531.85,252.3,405.95,153.65,531.85,530.85,-1.0,154.65,25.0,392.93,542.93,3473.32,3323.32,3866.25,"{'brokerage': 160.0, 'stt': 26.21, 'exchange_turnover': 23.12, 'sebi_turnover': 0.05, 'stamp_duty': 0.59, 'gst': 32.97, 'slippage': 150.0, 'total_rupees': 392.93, 'points_equivalent': 15.72}",2024,True,True
2024-05-07,True,,22300.0,2024-05-09,2024-05-16,21968.15,331.85,215.6,393.25,177.65,331.85,399.05,67.2,110.45,25.0,381.85,531.85,2379.4,2229.4,2761.25,"{'brokerage': 160.0, 'stt': 20.92, 'exchange_turnover': 18.33, 'sebi_turnover': 0.04, 'stamp_duty': 0.46, 'gst': 32.11, 'slippage': 150.0, 'total_rupees': 381.85, 'points_equivalent': 15.27}",2024,True,False
2024-05-08,True,,22300.0,2024-05-09,2024-05-16,21968.15,331.85,144.15,345.45,201.3,331.85,399.05,67.2,134.1,25.0,377.41,527.41,2975.09,2825.09,3352.5,"{'brokerage': 160.0, 'stt': 18.84, 'exchange_turnover': 16.37, 'sebi_turnover': 0.03, 'stamp_duty': 0.41, 'gst': 31.75, 'slippage': 150.0, 'total_rupees': 377.41, 'points_equivalent': 15.1}",2024,True,False
2024-05-09,False,front_is_same_day,,,,,,,,,,,,,,,,,,,,2024,False,False
2024-05-10,True,,22100.0,2024-05-16,2024-05-23,22392.35,292.35,295.65,427.25,131.6,292.35,422.55,130.2,1.4,25.0,385.24,535.24,-350.24,-500.24,35.0,"{'brokerage': 160.0, 'stt': 22.03, 'exchange_turnover': 20.19, 'sebi_turnover': 0.04, 'stamp_duty': 0.54, 'gst': 32.44, 'slippage': 150.0, 'total_rupees': 385.24, 'points_equivalent': 15.41}",2024,True,False
2024-05-13,True,,22150.0,2024-05-16,2024-05-23,22392.35,242.35,241.3,404.65,163.35,242.35,388.05,145.7,17.65,25.0,380.02,530.02,61.23,-88.77,441.25,"{'brokerage': 160.0, 'stt': 19.63, 'exchange_turnover': 17.86, 'sebi_turnover': 0.04, 'stamp_duty': 0.47, 'gst': 32.02, 'slippage': 150.0, 'total_rupees': 380.02, 'points_equivalent': 15.2}",2024,True,False
2024-05-14,True,,22250.0,2024-05-16,2024-05-23,22392.35,142.35,193.9,363.4,169.5,142.35,340.35,198.0,-28.5,25.0,371.68,521.68,-1084.18,-1234.18,-712.5,"{'brokerage': 160.0, 'stt': 15.34, 'exchange_turnover': 14.49, 'sebi_turnover': 0.03, 'stamp_duty': 0.4, 'gst': 31.41, 'slippage': 150.0, 'total_rupees': 371.68, 'points_equivalent': 14.87}",2024,True,False
2024-05-15,True,,22200.0,2024-05-16,2024-05-23,22392.35,192.35,141.75,344.15,202.4,192.35,361.95,169.6,32.8,25.0,370.8,520.8,449.2,299.2,820.0,"{'brokerage': 160.0, 'stt': 15.09, 'exchange_turnover': 13.98, 'sebi_turnover': 0.03, 'stamp_duty': 0.38, 'gst': 31.32, 'slippage': 150.0, 'total_rupees': 370.8, 'points_equivalent': 14.83}",2024,True,False
2024-05-16,False,front_is_same_day,,,,,,,,,,,,,,,,,,,,2024,False,False
2024-05-17,True,,22500.0,2024-05-23,2024-05-30,22951.0,451.0,264.7,406.4,141.7,451.0,577.15,126.15,15.55,25.0,392.28,542.28,-3.53,-153.53,388.75,"{'brokerage': 160.0, 'stt': 25.22, 'exchange_turnover': 23.37, 'sebi_turnover': 0.05, 'stamp_duty': 0.63, 'gst': 33.01, 'slippage': 150.0, 'total_rupees': 392.28, 'points_equivalent': 15.69}",2024,True,False
2024-05-21,True,,22550.0,2024-05-23,2024-05-30,22951.0,401.0,201.85,377.0,175.15,401.0,535.9,134.9,40.25,25.0,385.72,535.72,620.53,470.53,1006.25,"{'brokerage': 160.0, 'stt': 22.14, 'exchange_turnover': 20.49, 'sebi_turnover': 0.04, 'stamp_duty': 0.55, 'gst': 32.5, 'slippage': 150.0, 'total_rupees': 385.72, 'points_equivalent': 15.43}",2024,True,False
2024-05-22,True,,22650.0,2024-05-23,2024-05-30,22951.0,301.0,141.1,330.7,189.6,301.0,466.1,165.1,24.5,25.0,377.14,527.14,235.36,85.36,612.5,"{'brokerage': 160.0, 'stt': 18.05, 'exchange_turnover': 16.78, 'sebi_turnover': 0.03, 'stamp_duty': 0.46, 'gst': 31.83, 'slippage': 150.0, 'total_rupees': 377.14, 'points_equivalent': 15.09}",2024,True,False
2024-05-23,False,front_is_same_day,,,,,,,,,,,,,,,,,,,,2024,False,False
2024-05-24,True,,23050.0,2024-05-30,2024-06-06,22557.1,492.9,305.65,811.7,506.05,492.9,938.6,445.7,60.35,25.0,415.84,565.84,1092.91,942.91,1508.75,"{'brokerage': 160.0, 'stt': 36.03, 'exchange_turnover': 33.9, 'sebi_turnover': 0.07, 'stamp_duty': 0.93, 'gst': 34.91, 'slippage': 150.0, 'total_rupees': 415.84, 'points_equivalent': 16.63}",2024,True,False
2024-05-27,True,,23000.0,2024-05-30,2024-06-06,22557.1,442.9,268.15,848.35,580.2,442.9,923.55,480.65,99.55,25.0,414.04,564.04,2074.71,1924.71,2488.75,"{'brokerage': 160.0, 'stt': 35.41, 'exchange_turnover': 32.93, 'sebi_turnover': 0.07, 'stamp_duty': 0.89, 'gst': 34.74, 'slippage': 150.0, 'total_rupees': 414.04, 'points_equivalent': 16.56}",2024,True,False
2024-05-28,True,,22950.0,2024-05-30,2024-06-06,22557.1,392.9,220.65,883.1,662.45,392.9,906.0,513.1,149.35,25.0,411.53,561.53,3322.22,3172.22,3733.75,"{'brokerage': 160.0, 'stt': 34.48, 'exchange_turnover': 31.64, 'sebi_turnover': 0.06, 'stamp_duty': 0.84, 'gst': 34.51, 'slippage': 150.0, 'total_rupees': 411.53, 'points_equivalent': 16.46}",2024,True,False
2024-05-29,True,,22750.0,2024-05-30,2024-06-06,22557.1,192.9,169.45,881.25,711.8,192.9,865.35,672.45,39.35,25.0,401.15,551.15,582.6,432.6,983.75,"{'brokerage': 160.0, 'stt': 28.89, 'exchange_turnover': 27.65, 'sebi_turnover': 0.05, 'stamp_duty': 0.78, 'gst': 33.79, 'slippage': 150.0, 'total_rupees': 401.15, 'points_equivalent': 16.05}",2024,True,False
2024-05-30,False,front_is_same_day,,,,,,,,,,,,,,,,,,,,2024,False,False
2024-05-31,True,,22850.0,2024-06-06,2024-06-13,22849.05,0.95,837.35,989.8,152.45,0.95,447.4,446.45,-294.0,25.0,410.56,560.56,-7760.56,-7910.56,-7350.0,"{'brokerage': 160.0, 'stt': 32.32, 'exchange_turnover': 32.54, 'sebi_turnover': 0.06, 'stamp_duty': 0.96, 'gst': 34.67, 'slippage': 150.0, 'total_rupees': 410.56, 'points_equivalent': 16.42}",2024,True,False
2024-06-03,True,,23200.0,2024-06-06,2024-06-13,22849.05,350.95,668.15,825.6,157.45,350.95,508.7,157.75,-0.3,25.0,419.17,569.17,-426.67,-576.67,-7.5,"{'brokerage': 160.0, 'stt': 38.77, 'exchange_turnover': 34.44, 'sebi_turnover': 0.07, 'stamp_duty': 0.88, 'gst': 35.01, 'slippage': 150.0, 'total_rupees': 419.17, 'points_equivalent': 16.77}",2024,True,False
2024-06-04,True,,21850.0,2024-06-06,2024-06-13,22849.05,999.05,596.5,770.1,173.6,999.05,1066.8,67.75,105.85,25.0,448.41,598.41,2197.84,2047.84,2646.25,"{'brokerage': 160.0, 'stt': 52.3, 'exchange_turnover': 47.41, 'sebi_turnover': 0.09, 'stamp_duty': 1.25, 'gst': 37.35, 'slippage': 150.0, 'total_rupees': 448.41, 'points_equivalent': 17.94}",2024,True,False
2024-06-05,True,,22550.0,2024-06-06,2024-06-13,22849.05,299.05,329.2,615.25,286.05,299.05,531.0,231.95,54.1,25.0,395.36,545.36,957.14,807.14,1352.5,"{'brokerage': 160.0, 'stt': 26.97, 'exchange_turnover': 24.48, 'sebi_turnover': 0.05, 'stamp_duty': 0.65, 'gst': 33.22, 'slippage': 150.0, 'total_rupees': 395.36, 'points_equivalent': 15.81}",2024,True,False
2024-06-06,False,front_is_same_day,,,,,,,,,,,,,,,,,,,,2024,False,False
2024-06-07,True,,23400.0,2024-06-13,2024-06-20,23399.35,0.65,418.3,564.9,146.6,0.65,280.75,280.1,-133.5,25.0,378.68,528.68,-3716.18,-3866.18,-3337.5,"{'brokerage': 160.0, 'stt': 18.11, 'exchange_turnover': 17.97, 'sebi_turnover': 0.04, 'stamp_duty': 0.52, 'gst': 32.04, 'slippage': 150.0, 'total_rupees': 378.68, 'points_equivalent': 15.15}",2024,True,False
2024-06-10,True,,23200.0,2024-06-13,2024-06-20,23399.35,199.35,342.4,512.05,169.65,199.35,327.3,127.95,41.7,25.0,384.09,534.09,658.41,508.41,1042.5,"{'brokerage': 160.0, 'stt': 21.78, 'exchange_turnover': 19.46, 'sebi_turnover': 0.04, 'stamp_duty': 0.5, 'gst': 32.31, 'slippage': 150.0, 'total_rupees': 384.09, 'points_equivalent': 15.36}",2024,True,False
2024-06-11,True,,23300.0,2024-06-13,2024-06-20,23399.35,99.35,232.85,399.95,167.1,99.35,292.75,193.4,-26.3,25.0,371.94,521.94,-1029.44,-1179.44,-657.5,"{'brokerage': 160.0, 'stt': 15.59, 'exchange_turnover': 14.51, 'sebi_turnover': 0.03, 'stamp_duty': 0.39, 'gst': 31.42, 'slippage': 150.0, 'total_rupees': 371.94, 'points_equivalent': 14.88}",2024,True,False
2024-06-12,True,,23350.0,2024-06-13,2024-06-20,23399.35,49.35,170.35,360.05,189.7,49.35,284.05,234.7,-45.0,25.0,366.19,516.19,-1491.19,-1641.19,-1125.0,"{'brokerage': 160.0, 'stt': 12.69, 'exchange_turnover': 12.14, 'sebi_turnover': 0.02, 'stamp_duty': 0.34, 'gst': 30.99, 'slippage': 150.0, 'total_rupees': 366.19, 'points_equivalent': 14.65}",2024,True,False
2024-06-13,False,front_is_same_day,,,,,,,,,,,,,,,,,,,,2024,False,False
2024-06-14,True,,23500.0,2024-06-20,2024-06-27,23579.15,79.15,231.3,372.5,141.2,79.15,294.35,215.2,-74.0,25.0,370.33,520.33,-2220.33,-2370.33,-1850.0,"{'brokerage': 160.0, 'stt': 14.58, 'exchange_turnover': 14.0, 'sebi_turnover': 0.03, 'stamp_duty': 0.39, 'gst': 31.33, 'slippage': 150.0, 'total_rupees': 370.33, 'points_equivalent': 14.81}",2024,True,False
2024-06-18,True,,23600.0,2024-06-20,2024-06-27,23579.15,20.85,170.05,324.35,154.3,20.85,279.75,258.9,-104.6,25.0,362.18,512.18,-2977.18,-3127.18,-2615.0,"{'brokerage': 160.0, 'stt': 10.23, 'exchange_turnover': 10.84, 'sebi_turnover': 0.02, 'stamp_duty': 0.34, 'gst': 30.76, 'slippage': 150.0, 'total_rupees': 362.18, 'points_equivalent': 14.49}",2024,True,False
2024-06-19,True,,23500.0,2024-06-20,2024-06-27,23579.15,79.15,150.15,326.9,176.75,79.15,294.35,215.2,-38.45,25.0,364.88,514.88,-1326.13,-1476.13,-961.25,"{'brokerage': 160.0, 'stt': 11.97, 'exchange_turnover': 11.65, 'sebi_turnover': 0.02, 'stamp_duty': 0.33, 'gst': 30.9, 'slippage': 150.0, 'total_rupees': 364.88, 'points_equivalent': 14.6}",2024,True,False
2024-06-20,False,front_is_same_day,,,,,,,,,,,,,,,,,,,,2024,False,False
2024-06-21,True,,23500.0,2024-06-27,2024-07-04,24036.1,536.1,260.15,405.0,144.85,536.1,605.75,69.65,75.2,25.0,395.29,545.29,1484.71,1334.71,1880.0,"{'brokerage': 160.0, 'stt': 26.87, 'exchange_turnover': 24.5, 'sebi_turnover': 0.05, 'stamp_duty': 0.65, 'gst': 33.22, 'slippage': 150.0, 'total_rupees': 395.29, 'points_equivalent': 15.81}",2024,True,False
2024-06-24,True,,23550.0,2024-06-27,2024-07-04,24036.1,486.1,234.7,392.65,157.95,486.1,557.45,71.35,86.6,25.0,391.15,541.15,1773.85,1623.85,2165.0,"{'brokerage': 160.0, 'stt': 25.0, 'exchange_turnover': 22.63, 'sebi_turnover': 0.04, 'stamp_duty': 0.59, 'gst': 32.88, 'slippage': 150.0, 'total_rupees': 391.15, 'points_equivalent': 15.65}",2024,True,False
2024-06-25,True,,23750.0,2024-06-27,2024-07-04,24036.1,286.1,196.2,378.85,182.65,286.1,429.75,143.65,39.0,25.0,379.43,529.43,595.57,445.57,975.0,"{'brokerage': 160.0, 'stt': 19.3, 'exchange_turnover': 17.65, 'sebi_turnover': 0.03, 'stamp_duty': 0.47, 'gst': 31.98, 'slippage': 150.0, 'total_rupees': 379.43, 'points_equivalent': 15.18}",2024,True,False
2024-06-26,True,,23850.0,2024-06-27,2024-07-04,24036.1,186.1,153.25,364.6,211.35,186.1,369.15,183.05,28.3,25.0,371.67,521.67,335.83,185.83,707.5,"{'brokerage': 160.0, 'stt': 15.45, 'exchange_turnover': 14.4, 'sebi_turnover': 0.03, 'stamp_duty': 0.39, 'gst': 31.4, 'slippage': 150.0, 'total_rupees': 371.67, 'points_equivalent': 14.87}",2024,True,False
2024-06-27,False,front_is_same_day,,,,,,,,,,,,,,,,,,,,2024,False,False
2024-06-28,True,,24100.0,2024-07-04,2024-07-11,24304.65,204.65,293.95,445.4,151.45,204.65,334.3,129.65,21.8,25.0,380.99,530.99,164.01,14.01,545.0,"{'brokerage': 160.0, 'stt': 20.25, 'exchange_turnover': 18.16, 'sebi_turnover': 0.04, 'stamp_duty': 0.47, 'gst': 32.07, 'slippage': 150.0, 'total_rupees': 380.99, 'points_equivalent': 15.24}",2024,True,False
2024-07-01,True,,24200.0,2024-07-04,2024-07-11,24304.65,104.65,247.15,412.75,165.6,104.65,292.75,188.1,-22.5,25.0,373.88,523.88,-936.38,-1086.38,-562.5,"{'brokerage': 160.0, 'stt': 16.67, 'exchange_turnover': 15.23, 'sebi_turnover': 0.03, 'stamp_duty': 0.4, 'gst': 31.55, 'slippage': 150.0, 'total_rupees': 373.88, 'points_equivalent': 14.96}",2024,True,False
2024-07-02,True,,24150.0,2024-07-04,2024-07-11,24304.65,154.65,206.65,380.2,173.55,154.65,311.8,157.15,16.4,25.0,372.52,522.52,37.48,-112.52,410.0,"{'brokerage': 160.0, 'stt': 16.02, 'exchange_turnover': 14.64, 'sebi_turnover': 0.03, 'stamp_duty': 0.39, 'gst': 31.44, 'slippage': 150.0, 'total_rupees': 372.52, 'points_equivalent': 14.9}",2024,True,False
2024-07-03,True,,24300.0,2024-07-04,2024-07-11,24304.65,4.65,150.25,338.8,188.55,4.65,273.9,269.25,-80.7,25.0,362.48,512.48,-2379.98,-2529.98,-2017.5,"{'brokerage': 160.0, 'stt': 10.66, 'exchange_turnover': 10.74, 'sebi_turnover': 0.02, 'stamp_duty': 0.32, 'gst': 30.74, 'slippage': 150.0, 'total_rupees': 362.48, 'points_equivalent': 14.5}",2024,True,False
2024-07-04,False,front_is_same_day,,,,,,,,,,,,,,,,,,,,2024,False,False
2024-07-05,True,,24400.0,2024-07-11,2024-07-18,24338.5,61.5,238.9,363.15,124.25,61.5,252.4,190.9,-66.65,25.0,367.12,517.12,-2033.37,-2183.37,-1666.25,"{'brokerage': 160.0, 'stt': 12.91, 'exchange_turnover': 12.72, 'sebi_turnover': 0.03, 'stamp_duty': 0.37, 'gst': 31.09, 'slippage': 150.0, 'total_rupees': 367.12, 'points_equivalent': 14.68}",2024,True,False
2024-07-08,True,,24350.0,2024-07-11,2024-07-18,24338.5,11.5,208.65,340.25,131.6,11.5,251.8,240.3,-108.7,25.0,363.92,513.92,-3081.42,-3231.42,-2717.5,"{'brokerage': 160.0, 'stt': 11.21, 'exchange_turnover': 11.47, 'sebi_turnover': 0.02, 'stamp_duty': 0.35, 'gst': 30.87, 'slippage': 150.0, 'total_rupees': 363.92, 'points_equivalent': 14.56}",2024,True,False
2024-07-09,True,,24500.0,2024-07-11,2024-07-18,24338.5,161.5,166.05,317.15,151.1,161.5,268.65,107.15,43.95,25.0,367.01,517.01,731.74,581.74,1098.75,"{'brokerage': 160.0, 'stt': 13.4, 'exchange_turnover': 12.25, 'sebi_turnover': 0.02, 'stamp_duty': 0.33, 'gst': 31.01, 'slippage': 150.0, 'total_rupees': 367.01, 'points_equivalent': 14.68}",2024,True,False
2024-07-10,True,,24300.0,2024-07-11,2024-07-18,24338.5,38.5,136.05,306.6,170.55,38.5,260.5,222.0,-51.45,25.0,361.15,511.15,-1647.4,-1797.4,-1286.25,"{'brokerage': 160.0, 'stt': 10.1, 'exchange_turnover': 10.11, 'sebi_turnover': 0.02, 'stamp_duty': 0.3, 'gst': 30.62, 'slippage': 150.0, 'total_rupees': 361.15, 'points_equivalent': 14.45}",2024,True,False
2024-07-11,False,front_is_same_day,,,,,,,,,,,,,,,,,,,,2024,False,False
2024-07-12,True,,24550.0,2024-07-18,2024-07-25,24779.35,229.35,233.65,491.6,257.95,229.35,513.6,284.25,-26.3,25.0,384.54,534.54,-1042.04,-1192.04,-657.5,"{'brokerage': 160.0, 'stt': 21.3, 'exchange_turnover': 20.19, 'sebi_turnover': 0.04, 'stamp_duty': 0.56, 'gst': 32.44, 'slippage': 150.0, 'total_rupees': 384.54, 'points_equivalent': 15.38}",2024,True,False
2024-07-15,True,,24650.0,2024-07-18,2024-07-25,24779.35,129.35,195.2,476.2,281.0,129.35,477.25,347.9,-66.9,25.0,378.27,528.27,-2050.77,-2200.77,-1672.5,"{'brokerage': 160.0, 'stt': 18.11, 'exchange_turnover': 17.64, 'sebi_turnover': 0.03, 'stamp_duty': 0.5, 'gst': 31.98, 'slippage': 150.0, 'total_rupees': 378.27, 'points_equivalent': 15.13}",2024,True,False
2024-07-16,True,,24650.0,2024-07-18,2024-07-25,24779.35,129.35,134.2,467.5,333.3,129.35,477.25,347.9,-14.6,25.0,375.2,525.2,-740.2,-890.2,-365.0,"{'brokerage': 160.0, 'stt': 16.79, 'exchange_turnover': 16.2, 'sebi_turnover': 0.03, 'stamp_duty': 0.46, 'gst': 31.72, 'slippage': 150.0, 'total_rupees': 375.2, 'points_equivalent': 15.01}",2024,True,False
2024-07-18,False,front_is_same_day,,,,,,,,,,,,,,,,,,,,2024,False,False
2024-07-19,True,,24500.0,2024-07-25,2024-08-01,24415.0,85.0,466.75,595.8,129.05,85.0,313.6,228.6,-99.55,25.0,388.07,538.07,-2876.82,-3026.82,-2488.75,"{'brokerage': 160.0, 'stt': 23.19, 'exchange_turnover': 21.56, 'sebi_turnover': 0.04, 'stamp_duty': 0.59, 'gst': 32.69, 'slippage': 150.0, 'total_rupees': 388.07, 'points_equivalent': 15.52}",2024,True,False
2024-07-22,True,,24500.0,2024-07-25,2024-08-01,24415.0,85.0,433.0,565.85,132.85,85.0,313.6,228.6,-95.75,25.0,385.23,535.23,-2778.98,-2928.98,-2393.75,"{'brokerage': 160.0, 'stt': 21.74, 'exchange_turnover': 20.41, 'sebi_turnover': 0.04, 'stamp_duty': 0.56, 'gst': 32.48, 'slippage': 150.0, 'total_rupees': 385.23, 'points_equivalent': 15.41}",2024,True,False
2024-07-23,True,,24450.0,2024-07-25,2024-08-01,24415.0,35.0,231.7,406.15,174.45,35.0,310.85,275.85,-101.4,25.0,369.85,519.85,-2904.85,-3054.85,-2535.0,"{'brokerage': 160.0, 'stt': 14.12, 'exchange_turnover': 13.98, 'sebi_turnover': 0.03, 'stamp_duty': 0.41, 'gst': 31.32, 'slippage': 150.0, 'total_rupees': 369.85, 'points_equivalent': 14.79}",2024,True,False
2024-07-24,True,,24400.0,2024-07-25,2024-08-01,24415.0,15.0,158.55,348.75,190.2,15.0,312.25,297.25,-107.05,25.0,364.17,514.17,-3040.42,-3190.42,-2676.25,"{'brokerage': 160.0, 'stt': 11.26, 'exchange_turnover': 11.63, 'sebi_turnover': 0.02, 'stamp_duty': 0.35, 'gst': 30.9, 'slippage': 150.0, 'total_rupees': 364.17, 'points_equivalent': 14.57}",2024,True,False
2024-07-25,False,front_is_same_day,,,,,,,,,,,,,,,,,,,,2024,False,False
2024-07-26,True,,24900.0,2024-08-01,2024-08-08,25006.0,106.0,267.2,405.05,137.85,106.0,317.7,211.7,-73.85,25.0,374.29,524.29,-2220.54,-2370.54,-1846.25,"{'brokerage': 160.0, 'stt': 16.48, 'exchange_turnover': 15.71, 'sebi_turnover': 0.03, 'stamp_duty': 0.44, 'gst': 31.63, 'slippage': 150.0, 'total_rupees': 374.29, 'points_equivalent': 14.97}",2024,True,False
2024-07-29,True,,24850.0,2024-08-01,2024-08-08,25006.0,156.0,236.9,392.05,155.15,156.0,335.05,179.05,-23.9,25.0,374.42,524.42,-971.92,-1121.92,-597.5,"{'brokerage': 160.0, 'stt': 16.69, 'exchange_turnover': 15.65, 'sebi_turnover': 0.03, 'stamp_duty': 0.43, 'gst': 31.62, 'slippage': 150.0, 'total_rupees': 374.42, 'points_equivalent': 14.98}",2024,True,False
2024-07-30,True,,24900.0,2024-08-01,2024-08-08,25006.0,106.0,189.65,356.15,166.5,106.0,317.7,211.7,-45.2,25.0,369.25,519.25,-1499.25,-1649.25,-1130.0,"{'brokerage': 160.0, 'stt': 14.09, 'exchange_turnover': 13.52, 'sebi_turnover': 0.03, 'stamp_duty': 0.38, 'gst': 31.24, 'slippage': 150.0, 'total_rupees': 369.25, 'points_equivalent': 14.77}",2024,True,False
2024-07-31,True,,24950.0,2024-08-01,2024-08-08,25006.0,56.0,163.85,356.6,192.75,56.0,307.1,251.1,-58.35,25.0,365.75,515.75,-1824.5,-1974.5,-1458.75,"{'brokerage': 160.0, 'stt': 12.25, 'exchange_turnover': 12.13, 'sebi_turnover': 0.02, 'stamp_duty': 0.35, 'gst': 30.99, 'slippage': 150.0, 'total_rupees': 365.75, 'points_equivalent': 14.63}",2024,True,False
2024-08-01,False,front_is_same_day,,,,,,,,,,,,,,,,,,,,2024,False,False
2024-08-02,False,exit_mark_inconsistent,24700.0,2024-08-08,2024-08-14,24098.7,601.3,308.05,444.35,136.3,601.3,598.85,-2.45,138.75,25.0,400.46,550.46,3068.29,2918.29,3468.75,"{'brokerage': 160.0, 'stt': 29.7, 'exchange_turnover': 26.45, 'sebi_turnover': 0.05, 'stamp_duty': 0.68, 'gst': 33.57, 'slippage': 150.0, 'total_rupees': 400.46, 'points_equivalent': 16.02}",2024,True,True
2024-08-05,True,,24200.0,2024-08-08,2024-08-14,24098.7,101.3,401.1,611.55,210.45,101.3,383.15,281.85,-71.4,25.0,385.08,535.08,-2170.08,-2320.08,-1785.0,"{'brokerage': 160.0, 'stt': 21.28, 'exchange_turnover': 20.65, 'sebi_turnover': 0.04, 'stamp_duty': 0.59, 'gst': 32.52, 'slippage': 150.0, 'total_rupees': 385.08, 'points_equivalent': 15.4}",2024,True,False
2024-08-06,True,,24100.0,2024-08-08,2024-08-14,24098.7,1.3,287.8,511.15,223.35,1.3,389.7,388.4,-165.05,25.0,374.02,524.02,-4500.27,-4650.27,-4126.25,"{'brokerage': 160.0, 'stt': 15.4, 'exchange_turnover': 16.33, 'sebi_turnover': 0.03, 'stamp_duty': 0.51, 'gst': 31.75, 'slippage': 150.0, 'total_rupees': 374.02, 'points_equivalent': 14.96}",2024,True,False
2024-08-07,True,,24350.0,2024-08-08,2024-08-14,24098.7,251.3,172.4,386.7,214.3,251.3,411.9,160.6,53.7,25.0,376.52,526.52,965.98,815.98,1342.5,"{'brokerage': 160.0, 'stt': 17.88, 'exchange_turnover': 16.41, 'sebi_turnover': 0.03, 'stamp_duty': 0.44, 'gst': 31.76, 'slippage': 150.0, 'total_rupees': 376.52, 'points_equivalent': 15.06}",2024,True,False
2024-08-08,False,front_is_same_day,,,,,,,,,,,,,,,,,,,,2024,False,False
2024-08-09,True,,24400.0,2024-08-14,2024-08-22,24144.5,255.5,290.85,473.85,183.0,255.5,381.1,125.6,57.4,25.0,383.86,533.86,1051.14,901.14,1435.0,"{'brokerage': 160.0, 'stt': 21.62, 'exchange_turnover': 19.4, 'sebi_turnover': 0.04, 'stamp_duty': 0.5, 'gst': 32.3, 'slippage': 150.0, 'total_rupees': 383.86, 'points_equivalent': 15.35}",2024,True,False
2024-08-12,True,,24350.0,2024-08-14,2024-08-22,24144.5,205.5,234.3,430.15,195.85,205.5,367.2,161.7,34.15,25.0,377.89,527.89,475.86,325.86,853.75,"{'brokerage': 160.0, 'stt': 18.57, 'exchange_turnover': 16.97, 'sebi_turnover': 0.03, 'stamp_duty': 0.45, 'gst': 31.86, 'slippage': 150.0, 'total_rupees': 377.89, 'points_equivalent': 15.12}",2024,True,False
2024-08-13,True,,24150.0,2024-08-14,2024-08-22,24144.5,5.5,174.95,434.1,259.15,5.5,356.2,350.7,-91.55,25.0,368.2,518.2,-2656.95,-2806.95,-2288.75,"{'brokerage': 160.0, 'stt': 13.19, 'exchange_turnover': 13.37, 'sebi_turnover': 0.03, 'stamp_duty': 0.4, 'gst': 31.21, 'slippage': 150.0, 'total_rupees': 368.2, 'points_equivalent': 14.73}",2024,True,False
2024-08-14,False,front_is_same_day,,,,,,,,,,,,,,,,,,,,2024,False,False
2024-08-16,True,,24600.0,2024-08-22,2024-08-29,24810.9,210.9,260.4,421.5,161.1,210.9,349.6,138.7,22.4,25.0,379.46,529.46,180.54,30.54,560.0,"{'brokerage': 160.0, 'stt': 19.47, 'exchange_turnover': 17.53, 'sebi_turnover': 0.03, 'stamp_duty': 0.46, 'gst': 31.96, 'slippage': 150.0, 'total_rupees': 379.46, 'points_equivalent': 15.18}",2024,True,False
2024-08-19,True,,24600.0,2024-08-22,2024-08-29,24810.9,210.9,215.45,379.35,163.9,210.9,349.6,138.7,25.2,25.0,376.12,526.12,253.88,103.88,630.0,"{'brokerage': 160.0, 'stt': 17.82, 'exchange_turnover': 16.13, 'sebi_turnover': 0.03, 'stamp_duty': 0.42, 'gst': 31.71, 'slippage': 150.0, 'total_rupees': 376.12, 'points_equivalent': 15.04}",2024,True,False
2024-08-20,True,,24700.0,2024-08-22,2024-08-29,24810.9,110.9,170.0,340.9,170.9,110.9,300.9,190.0,-19.1,25.0,367.79,517.79,-845.29,-995.29,-477.5,"{'brokerage': 160.0, 'stt': 13.53, 'exchange_turnover': 12.78, 'sebi_turnover': 0.03, 'stamp_duty': 0.35, 'gst': 31.1, 'slippage': 150.0, 'total_rupees': 367.79, 'points_equivalent': 14.71}",2024,True,False
2024-08-21,True,,24750.0,2024-08-22,2024-08-29,24810.9,60.9,116.95,312.05,195.1,60.9,287.05,226.15,-31.05,25.0,362.01,512.01,-1138.26,-1288.26,-776.25,"{'brokerage': 160.0, 'stt': 10.57, 'exchange_turnover': 10.44, 'sebi_turnover': 0.02, 'stamp_duty': 0.3, 'gst': 30.68, 'slippage': 150.0, 'total_rupees': 362.01, 'points_equivalent': 14.48}",2024,True,False
2024-08-22,False,front_is_same_day,,,,,,,,,,,,,,,,,,,,2024,False,False
2024-08-23,True,,24900.0,2024-08-29,2024-09-05,25156.75,256.75,258.7,402.65,143.95,256.75,387.75,131.0,12.95,25.0,381.32,531.32,-57.57,-207.57,323.75,"{'brokerage': 160.0, 'stt': 20.28, 'exchange_turnover': 18.4, 'sebi_turnover': 0.04, 'stamp_duty': 0.48, 'gst': 32.12, 'slippage': 150.0, 'total_rupees': 381.32, 'points_equivalent': 15.25}",2024,True,False
2024-08-26,True,,25050.0,2024-08-29,2024-09-05,25156.75,106.75,202.3,367.0,164.7,106.75,309.5,202.75,-38.05,25.0,369.88,519.88,-1321.13,-1471.13,-951.25,"{'brokerage': 160.0, 'stt': 14.44, 'exchange_turnover': 13.75, 'sebi_turnover': 0.03, 'stamp_duty': 0.38, 'gst': 31.28, 'slippage': 150.0, 'total_rupees': 369.88, 'points_equivalent': 14.8}",2024,True,False
2024-08-27,True,,25000.0,2024-08-29,2024-09-05,25156.75,156.75,160.55,339.95,179.4,156.75,331.7,174.95,4.45,25.0,369.18,519.18,-257.93,-407.93,111.25,"{'brokerage': 160.0, 'stt': 14.19, 'exchange_turnover': 13.38, 'sebi_turnover': 0.03, 'stamp_duty': 0.37, 'gst': 31.21, 'slippage': 150.0, 'total_rupees': 369.18, 'points_equivalent': 14.77}",2024,True,False
2024-08-28,True,,25050.0,2024-08-29,2024-09-05,25156.75,106.75,118.9,306.2,187.3,106.75,309.5,202.75,-15.45,25.0,364.47,514.47,-750.72,-900.72,-386.25,"{'brokerage': 160.0, 'stt': 11.87, 'exchange_turnover': 11.4, 'sebi_turnover': 0.02, 'stamp_duty': 0.32, 'gst': 30.86, 'slippage': 150.0, 'total_rupees': 364.47, 'points_equivalent': 14.58}",2024,True,False
2024-08-29,False,front_is_same_day,,,,,,,,,,,,,,,,,,,,2024,False,False
2024-08-30,True,,25350.0,2024-09-05,2024-09-12,25144.8,205.2,237.05,377.0,139.95,205.2,298.15,92.95,47.0,25.0,374.19,524.19,800.81,650.81,1175.0,"{'brokerage': 160.0, 'stt': 16.91, 'exchange_turnover': 15.3, 'sebi_turnover': 0.03, 'stamp_duty': 0.4, 'gst': 31.56, 'slippage': 150.0, 'total_rupees': 374.19, 'points_equivalent': 14.97}",2024,True,False
2024-09-02,True,,25300.0,2024-09-05,2024-09-12,25144.8,155.2,209.35,364.0,154.65,155.2,287.25,132.05,22.6,25.0,370.8,520.8,194.2,44.2,565.0,"{'brokerage': 160.0, 'stt': 15.17, 'exchange_turnover': 13.93, 'sebi_turnover': 0.03, 'stamp_duty': 0.37, 'gst': 31.31, 'slippage': 150.0, 'total_rupees': 370.8, 'points_equivalent': 14.83}",2024,True,False
2024-09-03,True,,25300.0,2024-09-05,2024-09-12,25144.8,155.2,168.75,333.65,164.9,155.2,287.25,132.05,32.85,25.0,368.49,518.49,452.76,302.76,821.25,"{'brokerage': 160.0, 'stt': 14.11, 'exchange_turnover': 12.88, 'sebi_turnover': 0.03, 'stamp_duty': 0.34, 'gst': 31.12, 'slippage': 150.0, 'total_rupees': 368.49, 'points_equivalent': 14.74}",2024,True,False
2024-09-04,True,,25200.0,2024-09-05,2024-09-12,25144.8,55.2,136.7,323.9,187.2,55.2,281.25,226.05,-38.85,25.0,362.65,512.65,-1333.9,-1483.9,-971.25,"{'brokerage': 160.0, 'stt': 10.83, 'exchange_turnover': 10.75, 'sebi_turnover': 0.02, 'stamp_duty': 0.31, 'gst': 30.74, 'slippage': 150.0, 'total_rupees': 362.65, 'points_equivalent': 14.51}",2024,True,False
2024-09-05,False,front_is_same_day,,,,,,,,,,,,,,,,,,,,2024,False,False
2024-09-06,True,,24850.0,2024-09-12,2024-09-19,25314.95,464.95,317.7,494.55,176.85,464.95,555.85,90.9,85.95,25.0,396.81,546.81,1751.94,1601.94,2148.75,"{'brokerage': 160.0, 'stt': 27.75, 'exchange_turnover': 25.04, 'sebi_turnover': 0.05, 'stamp_duty': 0.66, 'gst': 33.32, 'slippage': 150.0, 'total_rupees': 396.81, 'points_equivalent': 15.87}",2024,True,False
2024-09-09,True,,24950.0,2024-09-12,2024-09-19,25314.95,364.95,224.95,412.25,187.3,364.95,481.35,116.4,70.9,25.0,385.77,535.77,1386.73,1236.73,1772.5,"{'brokerage': 160.0, 'stt': 22.47, 'exchange_turnover': 20.27, 'sebi_turnover': 0.04, 'stamp_duty': 0.53, 'gst': 32.46, 'slippage': 150.0, 'total_rupees': 385.77, 'points_equivalent': 15.43}",2024,True,False
2024-09-10,True,,25050.0,2024-09-12,2024-09-19,25314.95,264.95,166.15,346.3,180.15,264.95,410.55,145.6,34.55,25.0,375.94,525.94,487.81,337.81,863.75,"{'brokerage': 160.0, 'stt': 17.6, 'exchange_turnover': 16.17, 'sebi_turnover': 0.03, 'stamp_duty': 0.43, 'gst': 31.72, 'slippage': 150.0, 'total_rupees': 375.94, 'points_equivalent': 15.04}",2024,True,False
2024-09-11,True,,24900.0,2024-09-12,2024-09-19,25314.95,414.95,141.85,335.8,193.95,414.95,512.8,97.85,96.1,25.0,382.16,532.16,2020.34,1870.34,2402.5,"{'brokerage': 160.0, 'stt': 20.72, 'exchange_turnover': 18.73, 'sebi_turnover': 0.04, 'stamp_duty': 0.49, 'gst': 32.18, 'slippage': 150.0, 'total_rupees': 382.16, 'points_equivalent': 15.29}",2024,True,False
2024-09-12,False,front_is_same_day,,,,,,,,,,,,,,,,,,,,2024,False,False
2024-09-13,True,,25350.0,2024-09-19,2024-09-26,25445.0,95.0,261.3,428.05,166.75,95.0,348.65,253.65,-86.9,25.0,374.72,524.72,-2547.22,-2697.22,-2172.5,"{'brokerage': 160.0, 'stt': 16.5, 'exchange_turnover': 16.03, 'sebi_turnover': 0.03, 'stamp_duty': 0.46, 'gst': 31.69, 'slippage': 150.0, 'total_rupees': 374.72, 'points_equivalent': 14.99}",2024,True,False
2024-09-16,True,,25450.0,2024-09-19,2024-09-26,25445.0,5.0,212.9,385.85,172.95,5.0,319.65,314.65,-141.7,25.0,366.27,516.27,-3908.77,-4058.77,-3542.5,"{'brokerage': 160.0, 'stt': 11.97, 'exchange_turnover': 12.77, 'sebi_turnover': 0.03, 'stamp_duty': 0.4, 'gst': 31.1, 'slippage': 150.0, 'total_rupees': 366.27, 'points_equivalent': 14.65}",2024,True,False
2024-09-17,True,,25450.0,2024-09-19,2024-09-26,25445.0,5.0,192.85,378.55,185.7,5.0,319.65,314.65,-128.95,25.0,365.34,515.34,-3589.09,-3739.09,-3223.75,"{'brokerage': 160.0, 'stt': 11.59, 'exchange_turnover': 12.32, 'sebi_turnover': 0.02, 'stamp_duty': 0.38, 'gst': 31.02, 'slippage': 150.0, 'total_rupees': 365.34, 'points_equivalent': 14.61}",2024,True,False
2024-09-18,True,,25400.0,2024-09-19,2024-09-26,25445.0,45.0,214.0,410.9,196.9,45.0,331.25,286.25,-89.35,25.0,370.2,520.2,-2603.95,-2753.95,-2233.75,"{'brokerage': 160.0, 'stt': 14.31, 'exchange_turnover': 14.11, 'sebi_turnover': 0.03, 'stamp_duty': 0.41, 'gst': 31.34, 'slippage': 150.0, 'total_rupees': 370.2, 'points_equivalent': 14.81}",2024,True,False
2024-09-19,False,front_is_same_day,,,,,,,,,,,,,,,,,,,,2024,False,False
2024-09-20,True,,25800.0,2024-09-26,2024-10-03,26184.65,384.65,269.95,417.9,147.95,384.65,483.25,98.6,49.35,25.0,388.81,538.81,844.94,694.94,1233.75,"{'brokerage': 160.0, 'stt': 23.92, 'exchange_turnover': 21.59, 'sebi_turnover': 0.04, 'stamp_duty': 0.56, 'gst': 32.69, 'slippage': 150.0, 'total_rupees': 388.81, 'points_equivalent': 15.55}",2024,True,False
2024-09-23,True,,25950.0,2024-09-26,2024-10-03,26184.65,234.65,243.2,407.05,163.85,234.65,385.3,150.65,13.2,25.0,379.82,529.82,-49.82,-199.82,330.0,"{'brokerage': 160.0, 'stt': 19.51, 'exchange_turnover': 17.79, 'sebi_turnover': 0.04, 'stamp_duty': 0.47, 'gst': 32.01, 'slippage': 150.0, 'total_rupees': 379.82, 'points_equivalent': 15.19}",2024,True,False
2024-09-24,True,,25950.0,2024-09-26,2024-10-03,26184.65,234.65,192.25,378.2,185.95,234.65,385.3,150.65,35.3,25.0,376.31,526.31,506.19,356.19,882.5,"{'brokerage': 160.0, 'stt': 17.82, 'exchange_turnover': 16.29, 'sebi_turnover': 0.03, 'stamp_duty': 0.43, 'gst': 31.74, 'slippage': 150.0, 'total_rupees': 376.31, 'points_equivalent': 15.05}",2024,True,False
2024-09-25,True,,26000.0,2024-09-26,2024-10-03,26184.65,184.65,134.7,331.55,196.85,184.65,362.2,177.55,19.3,25.0,369.95,519.95,112.55,-37.45,482.5,"{'brokerage': 160.0, 'stt': 14.63, 'exchange_turnover': 13.66, 'sebi_turnover': 0.03, 'stamp_duty': 0.37, 'gst': 31.26, 'slippage': 150.0, 'total_rupees': 369.95, 'points_equivalent': 14.8}",2024,True,False
2024-09-26,False,front_is_same_day,,,,,,,,,,,,,,,,,,,,2024,False,False
2024-09-27,False,exit_mark_inconsistent,26250.0,2024-10-03,2024-10-10,25266.0,984.0,257.35,411.8,154.45,984.0,915.45,-68.55,223.0,25.0,417.83,567.83,5157.17,5007.17,5575.0,"{'brokerage': 160.0, 'stt': 37.97, 'exchange_turnover': 33.98, 'sebi_turnover': 0.07, 'stamp_duty': 0.88, 'gst': 34.93, 'slippage': 150.0, 'total_rupees': 417.83, 'points_equivalent': 16.71}",2024,True,True
2024-09-30,False,exit_mark_inconsistent,25850.0,2024-10-03,2024-10-10,25266.0,584.0,237.75,405.8,168.05,584.0,557.6,-26.4,194.45,25.0,395.46,545.46,4465.79,4315.79,4861.25,"{'brokerage': 160.0, 'stt': 27.67, 'exchange_turnover': 24.02, 'sebi_turnover': 0.05, 'stamp_duty': 0.6, 'gst': 33.13, 'slippage': 150.0, 'total_rupees': 395.46, 'points_equivalent': 15.82}",2024,True,True
2024-10-01,False,exit_mark_inconsistent,25800.0,2024-10-03,2024-10-10,25266.0,534.0,146.9,340.8,193.9,534.0,521.9,-12.1,206.0,25.0,387.46,537.46,4762.54,4612.54,5150.0,"{'brokerage': 160.0, 'stt': 23.9, 'exchange_turnover': 20.51, 'sebi_turnover': 0.04, 'stamp_duty': 0.5, 'gst': 32.5, 'slippage': 150.0, 'total_rupees': 387.46, 'points_equivalent': 15.5}",2024,True,True
2024-10-03,False,front_is_same_day,,,,,,,,,,,,,,,,,,,,2024,False,False
2024-10-04,True,,25100.0,2024-10-10,2024-10-17,25007.55,92.45,369.1,508.8,139.7,92.45,341.55,249.1,-109.4,25.0,380.06,530.06,-3115.06,-3265.06,-2735.0,"{'brokerage': 160.0, 'stt': 18.86, 'exchange_turnover': 18.5, 'sebi_turnover': 0.04, 'stamp_duty': 0.53, 'gst': 32.14, 'slippage': 150.0, 'total_rupees': 380.06, 'points_equivalent': 15.2}",2024,True,False
2024-10-07,True,,24900.0,2024-10-10,2024-10-17,25007.55,107.55,354.85,513.8,158.95,107.55,369.1,261.55,-102.6,25.0,383.26,533.26,-2948.26,-3098.26,-2565.0,"{'brokerage': 160.0, 'stt': 20.73, 'exchange_turnover': 19.61, 'sebi_turnover': 0.04, 'stamp_duty': 0.54, 'gst': 32.34, 'slippage': 150.0, 'total_rupees': 383.26, 'points_equivalent': 15.33}",2024,True,False
2024-10-08,True,,25000.0,2024-10-10,2024-10-17,25007.55,7.55,263.55,459.5,195.95,7.55,344.05,336.5,-140.55,25.0,372.68,522.68,-3886.43,-4036.43,-3513.75,"{'brokerage': 160.0, 'stt': 15.25, 'exchange_turnover': 15.37, 'sebi_turnover': 0.03, 'stamp_duty': 0.46, 'gst': 31.57, 'slippage': 150.0, 'total_rupees': 372.68, 'points_equivalent': 14.91}",2024,True,False
2024-10-09,True,,24950.0,2024-10-10,2024-10-17,25007.55,57.55,176.9,403.05,226.15,57.55,354.9,297.35,-71.2,25.0,368.93,518.93,-2148.93,-2298.93,-1780.0,"{'brokerage': 160.0, 'stt': 13.64, 'exchange_turnover': 13.6, 'sebi_turnover': 0.03, 'stamp_duty': 0.4, 'gst': 31.25, 'slippage': 150.0, 'total_rupees': 368.93, 'points_equivalent': 14.76}",2024,True,False
2024-10-10,False,front_is_same_day,,,,,,,,,,,,,,,,,,,,2024,False,False
2024-10-11,True,,25000.0,2024-10-17,2024-10-24,24750.2,249.8,285.55,420.9,135.35,249.8,344.9,95.1,40.25,25.0,380.42,530.42,625.83,475.83,1006.25,"{'brokerage': 160.0, 'stt': 19.87, 'exchange_turnover': 18.0, 'sebi_turnover': 0.04, 'stamp_duty': 0.47, 'gst': 32.05, 'slippage': 150.0, 'total_rupees': 380.42, 'points_equivalent': 15.22}",2024,True,False
2024-10-14,True,,25150.0,2024-10-17,2024-10-24,24750.2,399.8,224.85,368.95,144.1,399.8,421.4,21.6,122.5,25.0,383.76,533.76,2678.74,2528.74,3062.5,"{'brokerage': 160.0, 'stt': 21.81, 'exchange_turnover': 19.17, 'sebi_turnover': 0.04, 'stamp_duty': 0.48, 'gst': 32.26, 'slippage': 150.0, 'total_rupees': 383.76, 'points_equivalent': 15.35}",2024,True,False
2024-10-15,True,,25050.0,2024-10-17,2024-10-24,24750.2,299.8,187.3,358.0,170.7,299.8,367.15,67.35,103.35,25.0,377.26,527.26,2206.49,2056.49,2583.75,"{'brokerage': 160.0, 'stt': 18.64, 'exchange_turnover': 16.41, 'sebi_turnover': 0.03, 'stamp_duty': 0.42, 'gst': 31.76, 'slippage': 150.0, 'total_rupees': 377.26, 'points_equivalent': 15.09}",2024,True,False
2024-10-16,True,,25000.0,2024-10-17,2024-10-24,24750.2,249.8,132.05,325.6,193.55,249.8,344.9,95.1,98.45,25.0,371.67,521.67,2089.58,1939.58,2461.25,"{'brokerage': 160.0, 'stt': 15.9, 'exchange_turnover': 14.05, 'sebi_turnover': 0.03, 'stamp_duty': 0.36, 'gst': 31.33, 'slippage': 150.0, 'total_rupees': 371.67, 'points_equivalent': 14.87}",2024,True,False
2024-10-17,False,front_is_same_day,,,,,,,,,,,,,,,,,,,,2024,False,False
2024-10-18,True,,24900.0,2024-10-24,2024-10-31,24414.6,485.4,268.4,417.35,148.95,485.4,497.35,11.95,137.0,25.0,392.02,542.02,3032.98,2882.98,3425.0,"{'brokerage': 160.0, 'stt': 25.81, 'exchange_turnover': 22.7, 'sebi_turnover': 0.04, 'stamp_duty': 0.57, 'gst': 32.89, 'slippage': 150.0, 'total_rupees': 392.02, 'points_equivalent': 15.68}",2024,True,False
2024-10-21,True,,24750.0,2024-10-24,2024-10-31,24414.6,335.4,234.95,405.8,170.85,335.4,390.85,55.45,115.4,25.0,382.86,532.86,2502.14,2352.14,2885.0,"{'brokerage': 160.0, 'stt': 21.44, 'exchange_turnover': 18.73, 'sebi_turnover': 0.04, 'stamp_duty': 0.47, 'gst': 32.18, 'slippage': 150.0, 'total_rupees': 382.86, 'points_equivalent': 15.31}",2024,True,False
2024-10-22,True,,24500.0,2024-10-24,2024-10-31,24414.6,85.4,234.5,413.0,178.5,85.4,315.2,229.8,-51.3,25.0,371.79,521.79,-1654.29,-1804.29,-1282.5,"{'brokerage': 160.0, 'stt': 15.26, 'exchange_turnover': 14.65, 'sebi_turnover': 0.03, 'stamp_duty': 0.41, 'gst': 31.44, 'slippage': 150.0, 'total_rupees': 371.79, 'points_equivalent': 14.87}",2024,True,False
2024-10-23,True,,24450.0,2024-10-24,2024-10-31,24414.6,35.4,158.25,371.75,213.5,35.4,317.3,281.9,-68.4,25.0,365.38,515.38,-2075.38,-2225.38,-1710.0,"{'brokerage': 160.0, 'stt': 11.98, 'exchange_turnover': 12.05, 'sebi_turnover': 0.02, 'stamp_duty': 0.36, 'gst': 30.97, 'slippage': 150.0, 'total_rupees': 365.38, 'points_equivalent': 14.62}",2024,True,False
2024-10-24,False,front_is_same_day,,,,,,,,,,,,,,,,,,,,2024,False,False
2024-10-25,True,,24200.0,2024-10-31,2024-11-07,24238.5,38.5,303.95,499.9,195.95,38.5,441.85,403.35,-207.4,25.0,378.22,528.22,-5563.22,-5713.22,-5185.0,"{'brokerage': 160.0, 'stt': 17.36, 'exchange_turnover': 18.18, 'sebi_turnover': 0.04, 'stamp_duty': 0.56, 'gst': 32.08, 'slippage': 150.0, 'total_rupees': 378.22, 'points_equivalent': 15.13}",2024,True,False
2024-10-28,True,,24400.0,2024-10-31,2024-11-07,24238.5,161.5,230.2,448.1,217.9,161.5,428.05,266.55,-48.65,25.0,377.01,527.01,-1593.26,-1743.26,-1216.25,"{'brokerage': 160.0, 'stt': 17.46, 'exchange_turnover': 17.13, 'sebi_turnover': 0.03, 'stamp_duty': 0.49, 'gst': 31.89, 'slippage': 150.0, 'total_rupees': 377.01, 'points_equivalent': 15.08}",2024,True,False
2024-10-29,True,,24500.0,2024-10-31,2024-11-07,24238.5,261.5,179.05,439.75,260.7,261.5,443.0,181.5,79.2,25.0,379.64,529.64,1600.36,1450.36,1980.0,"{'brokerage': 160.0, 'stt': 19.47, 'exchange_turnover': 17.68, 'sebi_turnover': 0.04, 'stamp_duty': 0.47, 'gst': 31.99, 'slippage': 150.0, 'total_rupees': 379.64, 'points_equivalent': 15.19}",2024,True,False
2024-10-30,True,,24400.0,2024-10-31,2024-11-07,24238.5,161.5,149.35,453.55,304.2,161.5,428.05,266.55,37.65,25.0,374.76,524.76,566.49,416.49,941.25,"{'brokerage': 160.0, 'stt': 16.85, 'exchange_turnover': 15.8, 'sebi_turnover': 0.03, 'stamp_duty': 0.43, 'gst': 31.65, 'slippage': 150.0, 'total_rupees': 374.76, 'points_equivalent': 14.99}",2024,True,False
2024-10-31,False,front_is_same_day,,,,,,,,,,,,,,,,,,,,2024,False,False
2024-11-01,True,,24300.0,2024-11-07,2024-11-14,24194.6,105.4,408.45,561.95,153.5,105.4,354.0,248.6,-95.1,25.0,385.1,535.1,-2762.6,-2912.6,-2377.5,"{'brokerage': 160.0, 'stt': 21.51, 'exchange_turnover': 20.49, 'sebi_turnover': 0.04, 'stamp_duty': 0.57, 'gst': 32.5, 'slippage': 150.0, 'total_rupees': 385.1, 'points_equivalent': 15.4}",2024,True,False
2024-11-04,True,,24050.0,2024-11-07,2024-11-14,24194.6,144.6,391.65,561.9,170.25,144.6,393.1,248.5,-78.25,25.0,388.04,538.04,-2344.29,-2494.29,-1956.25,"{'brokerage': 160.0, 'stt': 23.13, 'exchange_turnover': 21.59, 'sebi_turnover': 0.04, 'stamp_duty': 0.59, 'gst': 32.69, 'slippage': 150.0, 'total_rupees': 388.04, 'points_equivalent': 15.52}",2024,True,False
2024-11-05,True,,24200.0,2024-11-07,2024-11-14,24194.6,5.4,322.55,500.55,178.0,5.4,356.55,351.15,-173.15,25.0,375.52,525.52,-4704.27,-4854.27,-4328.75,"{'brokerage': 160.0, 'stt': 16.33, 'exchange_turnover': 16.82, 'sebi_turnover': 0.03, 'stamp_duty': 0.51, 'gst': 31.83, 'slippage': 150.0, 'total_rupees': 375.52, 'points_equivalent': 15.02}",2024,True,False
2024-11-06,True,,24450.0,2024-11-07,2024-11-14,24194.6,255.4,170.35,404.5,234.15,255.4,387.6,132.2,101.95,25.0,377.47,527.47,2171.28,2021.28,2548.75,"{'brokerage': 160.0, 'stt': 18.74, 'exchange_turnover': 16.51, 'sebi_turnover': 0.03, 'stamp_duty': 0.42, 'gst': 31.78, 'slippage': 150.0, 'total_rupees': 377.47, 'points_equivalent': 15.1}",2024,True,False
2024-11-07,False,front_is_same_day,,,,,,,,,,,,,,,,,,,,2024,False,False
2024-11-08,True,,24200.0,2024-11-14,2024-11-21,23559.6,640.4,292.45,425.0,132.55,640.4,658.75,18.35,114.2,25.0,401.19,551.19,2453.81,2303.81,2855.0,"{'brokerage': 160.0, 'stt': 29.73, 'exchange_turnover': 27.02, 'sebi_turnover': 0.05, 'stamp_duty': 0.71, 'gst': 33.67, 'slippage': 150.0, 'total_rupees': 401.19, 'points_equivalent': 16.05}",2024,True,False
2024-11-11,True,,24200.0,2024-11-14,2024-11-21,23559.6,640.4,235.3,361.75,126.45,640.4,658.75,18.35,108.1,25.0,396.66,546.66,2305.84,2155.84,2702.5,"{'brokerage': 160.0, 'stt': 27.45, 'exchange_turnover': 25.15, 'sebi_turnover': 0.05, 'stamp_duty': 0.67, 'gst': 33.34, 'slippage': 150.0, 'total_rupees': 396.66, 'points_equivalent': 15.87}",2024,True,False
2024-11-12,True,,23900.0,2024-11-14,2024-11-21,23559.6,340.4,209.05,361.4,152.35,340.4,403.4,63.0,89.35,25.0,380.57,530.57,1853.18,1703.18,2233.75,"{'brokerage': 160.0, 'stt': 20.14, 'exchange_turnover': 17.9, 'sebi_turnover': 0.04, 'stamp_duty': 0.46, 'gst': 32.03, 'slippage': 150.0, 'total_rupees': 380.57, 'points_equivalent': 15.22}",2024,True,False
2024-11-13,True,,23550.0,2024-11-14,2024-11-21,23559.6,9.6,184.45,369.7,185.25,9.6,288.35,278.75,-93.5,25.0,364.8,514.8,-2702.3,-2852.3,-2337.5,"{'brokerage': 160.0, 'stt': 11.64, 'exchange_turnover': 11.85, 'sebi_turnover': 0.02, 'stamp_duty': 0.35, 'gst': 30.94, 'slippage': 150.0, 'total_rupees': 364.8, 'points_equivalent': 14.59}",2024,True,False
2024-11-14,False,front_is_same_day,,,,,,,,,,,,,,,,,,,,2024,False,False
2024-11-18,True,,23450.0,2024-11-21,2024-11-28,23346.75,103.25,236.6,431.15,194.55,103.25,380.9,277.65,-83.1,25.0,374.68,524.68,-2452.18,-2602.18,-2077.5,"{'brokerage': 160.0, 'stt': 16.41, 'exchange_turnover': 16.08, 'sebi_turnover': 0.03, 'stamp_duty': 0.46, 'gst': 31.7, 'slippage': 150.0, 'total_rupees': 374.68, 'points_equivalent': 14.99}",2024,True,False
2024-11-19,True,,23500.0,2024-11-21,2024-11-28,23346.75,153.25,212.85,423.15,210.3,153.25,386.15,232.9,-22.6,25.0,375.15,525.15,-940.15,-1090.15,-565.0,"{'brokerage': 160.0, 'stt': 16.88, 'exchange_turnover': 16.09, 'sebi_turnover': 0.03, 'stamp_duty': 0.45, 'gst': 31.7, 'slippage': 150.0, 'total_rupees': 375.15, 'points_equivalent': 15.01}",2024,True,False
2024-11-21,False,front_is_same_day,,,,,,,,,,,,,,,,,,,,2024,False,False
2024-11-22,True,,23950.0,2024-11-28,2024-12-05,23957.45,7.45,395.5,514.95,119.45,7.45,375.7,368.25,-248.8,75.0,764.79,1214.79,-19424.79,-19874.79,-18660.0,"{'brokerage': 160.0, 'stt': 56.18, 'exchange_turnover': 57.58, 'sebi_turnover': 0.11, 'stamp_duty': 1.74, 'gst': 39.18, 'slippage': 450.0, 'total_rupees': 764.79, 'points_equivalent': 10.2}",2024,True,False
2024-11-25,True,,24300.0,2024-11-28,2024-12-05,23957.45,342.55,280.7,442.45,161.75,342.55,438.0,95.45,66.3,75.0,780.94,1230.94,4191.56,3741.56,4972.5,"{'brokerage': 160.0, 'stt': 67.83, 'exchange_turnover': 61.48, 'sebi_turnover': 0.12, 'stamp_duty': 1.62, 'gst': 39.89, 'slippage': 450.0, 'total_rupees': 780.94, 'points_equivalent': 10.41}",2024,True,False
2024-11-26,True,,24250.0,2024-11-28,2024-12-05,23957.45,292.55,217.6,403.7,186.1,292.55,414.1,121.55,64.55,75.0,763.21,1213.21,4078.04,3628.04,4841.25,"{'brokerage': 160.0, 'stt': 59.3, 'exchange_turnover': 53.87, 'sebi_turnover': 0.11, 'stamp_duty': 1.42, 'gst': 38.52, 'slippage': 450.0, 'total_rupees': 763.21, 'points_equivalent': 10.18}",2024,True,False
2024-11-27,True,,24300.0,2024-11-28,2024-12-05,23957.45,342.55,147.7,355.85,208.15,342.55,438.0,95.45,112.7,75.0,758.83,1208.83,7693.67,7243.67,8452.5,"{'brokerage': 160.0, 'stt': 57.91, 'exchange_turnover': 51.43, 'sebi_turnover': 0.1, 'stamp_duty': 1.32, 'gst': 38.08, 'slippage': 450.0, 'total_rupees': 758.83, 'points_equivalent': 10.12}",2024,True,False
2024-11-28,False,front_is_same_day,,,,,,,,,,,,,,,,,,,,2024,False,False
2024-11-29,True,,24200.0,2024-12-05,2024-12-12,24701.55,501.55,308.65,465.4,156.75,501.55,623.45,121.9,34.85,75.0,817.52,1267.52,1796.23,1346.23,2613.75,"{'brokerage': 160.0, 'stt': 84.45, 'exchange_turnover': 77.95, 'sebi_turnover': 0.15, 'stamp_duty': 2.1, 'gst': 42.86, 'slippage': 450.0, 'total_rupees': 817.52, 'points_equivalent': 10.9}",2024,True,False
2024-12-02,True,,24350.0,2024-12-05,2024-12-12,24701.55,351.55,303.6,468.7,165.1,351.55,529.8,178.25,-13.15,75.0,796.95,1246.95,-1783.2,-2233.2,-986.25,"{'brokerage': 160.0, 'stt': 74.48, 'exchange_turnover': 69.18, 'sebi_turnover': 0.14, 'stamp_duty': 1.88, 'gst': 41.28, 'slippage': 450.0, 'total_rupees': 796.95, 'points_equivalent': 10.63}",2024,True,False
2024-12-03,True,,24500.0,2024-12-05,2024-12-12,24701.55,201.55,262.25,449.1,186.85,201.55,468.65,267.1,-80.25,75.0,770.29,1220.29,-6789.04,-7239.04,-6018.75,"{'brokerage': 160.0, 'stt': 60.81, 'exchange_turnover': 58.39, 'sebi_turnover': 0.12, 'stamp_duty': 1.64, 'gst': 39.33, 'slippage': 450.0, 'total_rupees': 770.29, 'points_equivalent': 10.27}",2024,True,False
2024-12-04,True,,24450.0,2024-12-05,2024-12-12,24701.55,251.55,231.65,452.8,221.15,251.55,485.85,234.3,-13.15,75.0,770.65,1220.65,-1756.9,-2206.9,-986.25,"{'brokerage': 160.0, 'stt': 61.43, 'exchange_turnover': 58.2, 'sebi_turnover': 0.12, 'stamp_duty': 1.61, 'gst': 39.3, 'slippage': 450.0, 'total_rupees': 770.65, 'points_equivalent': 10.28}",2024,True,False
2024-12-05,False,front_is_same_day,,,,,,,,,,,,,,,,,,,,2024,False,False
2024-12-06,True,,24700.0,2024-12-12,2024-12-19,24539.5,160.5,363.25,515.9,152.65,160.5,340.25,179.75,-27.1,75.0,774.64,1224.64,-2807.14,-3257.14,-2032.5,"{'brokerage': 160.0, 'stt': 64.34, 'exchange_turnover': 59.14, 'sebi_turnover': 0.12, 'stamp_duty': 1.58, 'gst': 39.47, 'slippage': 450.0, 'total_rupees': 774.64, 'points_equivalent': 10.33}",2024,True,False
2024-12-09,True,,24600.0,2024-12-12,2024-12-19,24539.5,60.5,292.45,483.6,191.15,60.5,335.55,275.05,-83.9,75.0,751.4,1201.4,-7043.9,-7493.9,-6292.5,"{'brokerage': 160.0, 'stt': 52.01, 'exchange_turnover': 50.05, 'sebi_turnover': 0.1, 'stamp_duty': 1.41, 'gst': 37.83, 'slippage': 450.0, 'total_rupees': 751.4, 'points_equivalent': 10.02}",2024,True,False
2024-12-10,True,,24600.0,2024-12-12,2024-12-19,24539.5,60.5,233.55,443.25,209.7,60.5,335.55,275.05,-65.35,75.0,739.51,1189.51,-5640.76,-6090.76,-4901.25,"{'brokerage': 160.0, 'stt': 46.3, 'exchange_turnover': 44.93, 'sebi_turnover': 0.09, 'stamp_duty': 1.28, 'gst': 36.9, 'slippage': 450.0, 'total_rupees': 739.51, 'points_equivalent': 9.86}",2024,True,False
2024-12-11,True,,24650.0,2024-12-12,2024-12-19,24539.5,110.5,128.8,359.95,231.15,110.5,336.2,225.7,5.45,75.0,723.99,1173.99,-315.24,-765.24,408.75,"{'brokerage': 160.0, 'stt': 39.65, 'exchange_turnover': 37.63, 'sebi_turnover': 0.07, 'stamp_duty': 1.05, 'gst': 35.59, 'slippage': 450.0, 'total_rupees': 723.99, 'points_equivalent': 9.65}",2024,True,False
2024-12-12,False,front_is_same_day,,,,,,,,,,,,,,,,,,,,2024,False,False
2024-12-13,False,exit_mark_inconsistent,24800.0,2024-12-19,2024-12-26,23961.95,838.05,284.4,447.95,163.55,838.05,822.55,-15.5,179.05,75.0,860.33,1310.33,12568.42,12118.42,13428.75,"{'brokerage': 160.0, 'stt': 106.11, 'exchange_turnover': 95.51, 'sebi_turnover': 0.19, 'stamp_duty': 2.49, 'gst': 46.03, 'slippage': 450.0, 'total_rupees': 860.33, 'points_equivalent': 11.47}",2024,True,True
2024-12-16,False,exit_mark_inconsistent,24700.0,2024-12-19,2024-12-26,23961.95,738.05,311.7,472.2,160.5,738.05,736.4,-1.65,162.15,75.0,850.89,1300.89,11310.36,10860.36,12161.25,"{'brokerage': 160.0, 'stt': 101.94, 'exchange_turnover': 91.17, 'sebi_turnover': 0.18, 'stamp_duty': 2.36, 'gst': 45.24, 'slippage': 450.0, 'total_rupees': 850.89, 'points_equivalent': 11.35}",2024,True,True
2024-12-17,True,,24350.0,2024-12-19,2024-12-26,23961.95,388.05,230.25,462.85,232.6,388.05,491.15,103.1,129.5,75.0,789.72,1239.72,8922.78,8472.78,9712.5,"{'brokerage': 160.0, 'stt': 73.25, 'exchange_turnover': 64.32, 'sebi_turnover': 0.13, 'stamp_duty': 1.62, 'gst': 40.4, 'slippage': 450.0, 'total_rupees': 789.72, 'points_equivalent': 10.53}",2024,True,False
2024-12-18,True,,24200.0,2024-12-19,2024-12-26,23961.95,238.05,148.35,415.75,267.4,238.05,431.2,193.15,74.25,75.0,753.33,1203.33,4815.42,4365.42,5568.75,"{'brokerage': 160.0, 'stt': 54.64, 'exchange_turnover': 49.55, 'sebi_turnover': 0.1, 'stamp_duty': 1.3, 'gst': 37.74, 'slippage': 450.0, 'total_rupees': 753.33, 'points_equivalent': 10.04}",2024,True,False
2024-12-19,False,front_is_same_day,,,,,,,,,,,,,,,,,,,,2024,False,False
2024-12-20,True,,23600.0,2024-12-26,2025-01-02,23760.3,160.3,365.5,559.75,194.25,160.3,415.15,254.85,-60.6,75.0,782.23,1232.23,-5327.23,-5777.23,-4545.0,"{'brokerage': 160.0, 'stt': 66.82, 'exchange_turnover': 63.31, 'sebi_turnover': 0.13, 'stamp_duty': 1.76, 'gst': 40.22, 'slippage': 450.0, 'total_rupees': 782.23, 'points_equivalent': 10.43}",2024,True,False
2024-12-23,True,,23800.0,2024-12-26,2025-01-02,23760.3,39.7,196.75,413.75,217.0,39.7,366.45,326.75,-109.75,75.0,729.6,1179.6,-8960.85,-9410.85,-8231.25,"{'brokerage': 160.0, 'stt': 40.27, 'exchange_turnover': 41.67, 'sebi_turnover': 0.08, 'stamp_duty': 1.27, 'gst': 36.32, 'slippage': 450.0, 'total_rupees': 729.6, 'points_equivalent': 9.73}",2024,True,False
2024-12-24,True,,23800.0,2024-12-26,2025-01-02,23760.3,39.7,133.3,354.1,220.8,39.7,366.45,326.75,-105.95,75.0,715.62,1165.62,-8661.87,-9111.87,-7946.25,"{'brokerage': 160.0, 'stt': 33.38, 'exchange_turnover': 35.79, 'sebi_turnover': 0.07, 'stamp_duty': 1.12, 'gst': 35.25, 'slippage': 450.0, 'total_rupees': 715.62, 'points_equivalent': 9.54}",2024,True,False
2024-12-26,False,front_is_same_day,,,,,,,,,,,,,,,,,,,,2024,False,False
2024-12-27,True,,23900.0,2025-01-02,2025-01-09,24167.95,267.95,278.25,435.2,156.95,267.95,459.5,191.55,-34.6,75.0,776.23,1226.23,-3371.23,-3821.23,-2595.0,"{'brokerage': 160.0, 'stt': 64.32, 'exchange_turnover': 60.43, 'sebi_turnover': 0.12, 'stamp_duty': 1.66, 'gst': 39.7, 'slippage': 450.0, 'total_rupees': 776.23, 'points_equivalent': 10.35}",2024,True,False
2024-12-30,True,,23700.0,2025-01-02,2025-01-09,24167.95,467.95,266.0,433.65,167.65,467.95,581.85,113.9,53.75,75.0,802.77,1252.77,3228.48,2778.48,4031.25,"{'brokerage': 160.0, 'stt': 77.7, 'exchange_turnover': 71.35, 'sebi_turnover': 0.14, 'stamp_duty': 1.91, 'gst': 41.67, 'slippage': 450.0, 'total_rupees': 802.77, 'points_equivalent': 10.7}",2024,True,False
2024-12-31,True,,23700.0,2025-01-02,2025-01-09,24167.95,467.95,264.4,451.4,187.0,467.95,581.85,113.9,73.1,75.0,805.06,1255.06,4677.44,4227.44,5482.5,"{'brokerage': 160.0, 'stt': 79.18, 'exchange_turnover': 72.04, 'sebi_turnover': 0.14, 'stamp_duty': 1.9, 'gst': 41.79, 'slippage': 450.0, 'total_rupees': 805.06, 'points_equivalent': 10.73}",2024,True,False
2025-01-01,True,,23800.0,2025-01-02,2025-01-09,24167.95,367.95,236.45,452.15,215.7,367.95,514.45,146.5,69.2,75.0,787.55,1237.55,4402.45,3952.45,5190.0,"{'brokerage': 160.0, 'stt': 71.03, 'exchange_turnover': 64.31, 'sebi_turnover': 0.13, 'stamp_duty': 1.69, 'gst': 40.4, 'slippage': 450.0, 'total_rupees': 787.55, 'points_equivalent': 10.5}",2025,True,False
2025-01-02,False,front_is_same_day,,,,,,,,,,,,,,,,,,,,2025,False,False
2025-01-03,True,,24000.0,2025-01-09,2025-01-16,23557.2,442.8,313.15,474.8,161.65,442.8,483.15,40.35,121.3,75.0,804.92,1254.92,8292.58,7842.58,9097.5,"{'brokerage': 160.0, 'stt': 80.56, 'exchange_turnover': 70.85, 'sebi_turnover': 0.14, 'stamp_duty': 1.79, 'gst': 41.58, 'slippage': 450.0, 'total_rupees': 804.92, 'points_equivalent': 10.73}",2025,True,False
2025-01-06,True,,23650.0,2025-01-09,2025-01-16,23557.2,92.8,389.3,558.05,168.75,92.8,359.35,266.55,-97.8,75.0,773.63,1223.63,-8108.63,-8558.63,-7335.0,"{'brokerage': 160.0, 'stt': 62.38, 'exchange_turnover': 59.86, 'sebi_turnover': 0.12, 'stamp_duty': 1.68, 'gst': 39.6, 'slippage': 450.0, 'total_rupees': 773.63, 'points_equivalent': 10.32}",2025,True,False
2025-01-07,True,,23700.0,2025-01-09,2025-01-16,23557.2,142.8,241.45,452.7,211.25,142.8,364.55,221.75,-10.5,75.0,753.52,1203.52,-1541.02,-1991.02,-787.5,"{'brokerage': 160.0, 'stt': 53.98, 'exchange_turnover': 50.21, 'sebi_turnover': 0.1, 'stamp_duty': 1.36, 'gst': 37.86, 'slippage': 450.0, 'total_rupees': 753.52, 'points_equivalent': 10.05}",2025,True,False
2025-01-08,True,,23700.0,2025-01-09,2025-01-16,23557.2,142.8,146.25,391.5,245.25,142.8,364.55,221.75,23.5,75.0,734.97,1184.97,1027.53,577.53,1762.5,"{'brokerage': 160.0, 'stt': 45.18, 'exchange_turnover': 42.16, 'sebi_turnover': 0.08, 'stamp_duty': 1.15, 'gst': 36.4, 'slippage': 450.0, 'total_rupees': 734.97, 'points_equivalent': 9.8}",2025,True,False
2025-01-09,False,front_is_same_day,,,,,,,,,,,,,,,,,,,,2025,False,False
2025-01-10,True,,23450.0,2025-01-16,2025-01-23,23350.8,99.2,321.1,496.15,175.05,99.2,373.35,274.15,-99.1,75.0,761.91,1211.91,-8194.41,-8644.41,-7432.5,"{'brokerage': 160.0, 'stt': 56.64, 'exchange_turnover': 54.9, 'sebi_turnover': 0.11, 'stamp_duty': 1.56, 'gst': 38.7, 'slippage': 450.0, 'total_rupees': 761.91, 'points_equivalent': 10.16}",2025,True,False
2025-01-13,True,,23150.0,2025-01-16,2025-01-23,23350.8,200.8,268.55,476.15,207.6,200.8,413.4,212.6,-5.0,75.0,769.39,1219.39,-1144.39,-1594.39,-375.0,"{'brokerage': 160.0, 'stt': 61.68, 'exchange_turnover': 56.98, 'sebi_turnover': 0.11, 'stamp_duty': 1.53, 'gst': 39.08, 'slippage': 450.0, 'total_rupees': 769.39, 'points_equivalent': 10.26}",2025,True,False
2025-01-14,True,,23250.0,2025-01-16,2025-01-23,23350.8,100.8,169.75,402.6,232.85,100.8,382.6,281.8,-48.95,75.0,736.01,1186.01,-4407.26,-4857.26,-3671.25,"{'brokerage': 160.0, 'stt': 44.6, 'exchange_turnover': 43.44, 'sebi_turnover': 0.09, 'stamp_duty': 1.24, 'gst': 36.64, 'slippage': 450.0, 'total_rupees': 736.01, 'points_equivalent': 9.81}",2025,True,False
2025-01-15,True,,23250.0,2025-01-16,2025-01-23,23350.8,100.8,109.7,357.4,247.7,100.8,382.6,281.8,-34.1,75.0,725.52,1175.52,-3283.02,-3733.02,-2557.5,"{'brokerage': 160.0, 'stt': 39.8, 'exchange_turnover': 38.74, 'sebi_turnover': 0.08, 'stamp_duty': 1.11, 'gst': 35.79, 'slippage': 450.0, 'total_rupees': 725.52, 'points_equivalent': 9.67}",2025,True,False
2025-01-16,False,front_is_same_day,,,,,,,,,,,,,,,,,,,,2025,False,False
2025-01-17,True,,23250.0,2025-01-23,2025-01-30,23216.3,33.7,326.25,494.5,168.25,33.7,372.8,339.1,-170.85,75.0,753.74,1203.74,-13567.49,-14017.49,-12813.75,"{'brokerage': 160.0, 'stt': 51.38, 'exchange_turnover': 52.42, 'sebi_turnover': 0.1, 'stamp_duty': 1.57, 'gst': 38.26, 'slippage': 450.0, 'total_rupees': 753.74, 'points_equivalent': 10.05}",2025,True,False
2025-01-20,True,,23400.0,2025-01-23,2025-01-30,23216.3,183.7,278.9,468.9,190.0,183.7,377.65,193.95,-3.95,75.0,763.16,1213.16,-1059.41,-1509.41,-296.25,"{'brokerage': 160.0, 'stt': 58.53, 'exchange_turnover': 54.43, 'sebi_turnover': 0.11, 'stamp_duty': 1.48, 'gst': 38.62, 'slippage': 450.0, 'total_rupees': 763.16, 'points_equivalent': 10.18}",2025,True,False
2025-01-21,True,,23100.0,2025-01-23,2025-01-30,23216.3,116.3,246.95,461.05,214.1,116.3,407.65,291.35,-77.25,75.0,754.68,1204.68,-6548.43,-6998.43,-5793.75,"{'brokerage': 160.0, 'stt': 53.28, 'exchange_turnover': 51.7, 'sebi_turnover': 0.1, 'stamp_duty': 1.47, 'gst': 38.12, 'slippage': 450.0, 'total_rupees': 754.68, 'points_equivalent': 10.06}",2025,True,False
2025-01-22,True,,23150.0,2025-01-23,2025-01-30,23216.3,66.3,122.8,393.5,270.7,66.3,392.5,326.2,-55.5,75.0,724.58,1174.58,-4887.08,-5337.08,-4162.5,"{'brokerage': 160.0, 'stt': 38.53, 'exchange_turnover': 38.98, 'sebi_turnover': 0.08, 'stamp_duty': 1.16, 'gst': 35.83, 'slippage': 450.0, 'total_rupees': 724.58, 'points_equivalent': 9.66}",2025,True,False
2025-01-23,False,front_is_same_day,,,,,,,,,,,,,,,,,,,,2025,False,False
2025-01-24,True,,23150.0,2025-01-30,2025-02-06,23297.95,147.95,334.35,658.5,324.15,147.95,637.15,489.2,-165.05,75.0,803.27,1253.27,-13182.02,-13632.02,-12378.75,"{'brokerage': 160.0, 'stt': 74.37, 'exchange_turnover': 74.35, 'sebi_turnover': 0.15, 'stamp_duty': 2.19, 'gst': 42.21, 'slippage': 450.0, 'total_rupees': 803.27, 'points_equivalent': 10.71}",2025,True,False
2025-01-27,True,,22850.0,2025-01-30,2025-02-06,23297.95,447.95,307.75,661.2,353.45,447.95,750.3,302.35,51.1,75.0,839.98,1289.98,2992.52,2542.52,3832.5,"{'brokerage': 160.0, 'stt': 94.81, 'exchange_turnover': 87.95, 'sebi_turnover': 0.17, 'stamp_duty': 2.38, 'gst': 44.66, 'slippage': 450.0, 'total_rupees': 839.98, 'points_equivalent': 11.2}",2025,True,False
2025-01-28,True,,23000.0,2025-01-30,2025-02-06,23297.95,297.95,277.8,652.45,374.65,297.95,681.3,383.35,-8.7,75.0,815.91,1265.91,-1468.41,-1918.41,-652.5,"{'brokerage': 160.0, 'stt': 82.65, 'exchange_turnover': 78.07, 'sebi_turnover': 0.15, 'stamp_duty': 2.16, 'gst': 42.88, 'slippage': 450.0, 'total_rupees': 815.91, 'points_equivalent': 10.88}",2025,True,False
2025-01-29,True,,23150.0,2025-01-30,2025-02-06,23297.95,147.95,296.75,688.55,391.8,147.95,637.15,489.2,-97.4,75.0,801.14,1251.14,-8106.14,-8556.14,-7305.0,"{'brokerage': 160.0, 'stt': 74.15, 'exchange_turnover': 72.81, 'sebi_turnover': 0.14, 'stamp_duty': 2.1, 'gst': 41.93, 'slippage': 450.0, 'total_rupees': 801.14, 'points_equivalent': 10.68}",2025,True,False
2025-01-30,False,front_is_same_day,,,,,,,,,,,,,,,,,,,,2025,False,False
2025-01-31,True,,23650.0,2025-02-06,2025-02-13,23628.05,21.95,483.9,614.75,130.85,21.95,376.15,354.2,-223.35,75.0,779.53,1229.53,-17530.78,-17980.78,-16751.25,"{'brokerage': 160.0, 'stt': 62.79, 'exchange_turnover': 64.28, 'sebi_turnover': 0.13, 'stamp_duty': 1.94, 'gst': 40.39, 'slippage': 450.0, 'total_rupees': 779.53, 'points_equivalent': 10.39}",2025,True,False
2025-02-03,True,,23400.0,2025-02-06,2025-02-13,23628.05,228.05,223.8,433.85,210.05,228.05,434.75,206.7,3.35,75.0,763.2,1213.2,-511.95,-961.95,251.25,"{'brokerage': 160.0, 'stt': 58.5, 'exchange_turnover': 54.48, 'sebi_turnover': 0.11, 'stamp_duty': 1.48, 'gst': 38.63, 'slippage': 450.0, 'total_rupees': 763.2, 'points_equivalent': 10.18}",2025,True,False
2025-02-04,True,,23700.0,2025-02-06,2025-02-13,23628.05,71.95,185.95,409.65,223.7,71.95,377.2,305.25,-81.55,75.0,734.24,1184.24,-6850.49,-7300.49,-6116.25,"{'brokerage': 160.0, 'stt': 43.17, 'exchange_turnover': 43.13, 'sebi_turnover': 0.09, 'stamp_duty': 1.27, 'gst': 36.58, 'slippage': 450.0, 'total_rupees': 734.24, 'points_equivalent': 9.79}",2025,True,False
2025-02-05,True,,23650.0,2025-02-06,2025-02-13,23628.05,21.95,140.15,396.35,256.2,21.95,376.15,354.2,-98.0,75.0,723.52,1173.52,-8073.52,-8523.52,-7350.0,"{'brokerage': 160.0, 'stt': 37.84, 'exchange_turnover': 38.66, 'sebi_turnover': 0.08, 'stamp_duty': 1.16, 'gst': 35.77, 'slippage': 450.0, 'total_rupees': 723.52, 'points_equivalent': 9.65}",2025,True,False
2025-02-06,False,front_is_same_day,,,,,,,,,,,,,,,,,,,,2025,False,False
2025-02-07,False,exit_mark_inconsistent,23600.0,2025-02-13,2025-02-20,23019.4,580.6,301.7,455.55,153.85,580.6,574.6,-6.0,159.85,75.0,820.31,1270.31,11168.44,10718.44,11988.75,"{'brokerage': 160.0, 'stt': 87.84, 'exchange_turnover': 77.55, 'sebi_turnover': 0.15, 'stamp_duty': 1.97, 'gst': 42.79, 'slippage': 450.0, 'total_rupees': 820.31, 'points_equivalent': 10.94}",2025,True,True
2025-02-10,True,,23400.0,2025-02-13,2025-02-20,23019.4,380.6,275.15,444.2,169.05,380.6,440.85,60.25,108.8,75.0,788.75,1238.75,7371.25,6921.25,8160.0,"{'brokerage': 160.0, 'stt': 72.81, 'exchange_turnover': 63.89, 'sebi_turnover': 0.13, 'stamp_duty': 1.61, 'gst': 40.32, 'slippage': 450.0, 'total_rupees': 788.75, 'points_equivalent': 10.52}",2025,True,False
2025-02-11,True,,23100.0,2025-02-13,2025-02-20,23019.4,80.6,229.4,427.0,197.6,80.6,359.4,278.8,-81.2,75.0,741.22,1191.22,-6831.22,-7281.22,-6090.0,"{'brokerage': 160.0, 'stt': 46.79, 'exchange_turnover': 45.93, 'sebi_turnover': 0.09, 'stamp_duty': 1.32, 'gst': 37.08, 'slippage': 450.0, 'total_rupees': 741.22, 'points_equivalent': 9.88}",2025,True,False
2025-02-12,True,,23050.0,2025-02-13,2025-02-20,23019.4,30.6,173.0,395.4,222.4,30.6,362.35,331.75,-109.35,75.0,725.24,1175.24,-8926.49,-9376.49,-8201.25,"{'brokerage': 160.0, 'stt': 38.36, 'exchange_turnover': 39.65, 'sebi_turnover': 0.08, 'stamp_duty': 1.2, 'gst': 35.95, 'slippage': 450.0, 'total_rupees': 725.24, 'points_equivalent': 9.67}",2025,True,False
2025-02-13,False,front_is_same_day,,,,,,,,,,,,,,,,,,,,2025,False,False
2025-02-14,True,,23000.0,2025-02-20,2025-02-27,22906.25,93.75,333.05,475.3,142.25,93.75,324.1,230.35,-88.1,75.0,755.78,1205.78,-7363.28,-7813.28,-6607.5,"{'brokerage': 160.0, 'stt': 53.89, 'exchange_turnover': 52.1, 'sebi_turnover': 0.1, 'stamp_duty': 1.48, 'gst': 38.2, 'slippage': 450.0, 'total_rupees': 755.78, 'points_equivalent': 10.08}",2025,True,False
2025-02-17,True,,23000.0,2025-02-20,2025-02-27,22906.25,93.75,302.55,462.55,160.0,93.75,324.1,230.35,-70.35,75.0,752.42,1202.42,-6028.67,-6478.67,-5276.25,"{'brokerage': 160.0, 'stt': 52.69, 'exchange_turnover': 50.34, 'sebi_turnover': 0.1, 'stamp_duty': 1.41, 'gst': 37.88, 'slippage': 450.0, 'total_rupees': 752.42, 'points_equivalent': 10.03}",2025,True,False
2025-02-18,True,,22950.0,2025-02-20,2025-02-27,22906.25,43.75,237.6,428.7,191.1,43.75,323.8,280.05,-88.95,75.0,735.99,1185.99,-7407.24,-7857.24,-6671.25,"{'brokerage': 160.0, 'stt': 44.33, 'exchange_turnover': 43.65, 'sebi_turnover': 0.09, 'stamp_duty': 1.26, 'gst': 36.67, 'slippage': 450.0, 'total_rupees': 735.99, 'points_equivalent': 9.81}",2025,True,False
2025-02-19,True,,22950.0,2025-02-20,2025-02-27,22906.25,43.75,164.35,381.2,216.85,43.75,323.8,280.05,-63.2,75.0,721.77,1171.77,-5461.77,-5911.77,-4740.0,"{'brokerage': 160.0, 'stt': 37.58, 'exchange_turnover': 37.47, 'sebi_turnover': 0.07, 'stamp_duty': 1.1, 'gst': 35.56, 'slippage': 450.0, 'total_rupees': 721.77, 'points_equivalent': 9.62}",2025,True,False
2025-02-20,False,front_is_same_day,,,,,,,,,,,,,,,,,,,,2025,False,False
2025-02-21,True,,22850.0,2025-02-27,2025-03-06,22510.85,339.15,285.4,454.2,168.8,339.15,339.65,0.5,168.3,75.0,778.66,1228.66,11843.84,11393.84,12622.5,"{'brokerage': 160.0, 'stt': 69.17, 'exchange_turnover': 58.6, 'sebi_turnover': 0.12, 'stamp_duty': 1.41, 'gst': 39.37, 'slippage': 450.0, 'total_rupees': 778.66, 'points_equivalent': 10.38}",2025,True,False
2025-02-24,True,,22650.0,2025-02-27,2025-03-06,22510.85,139.15,198.65,392.1,193.45,139.15,283.15,144.0,49.45,75.0,734.99,1184.99,2973.76,2523.76,3708.75,"{'brokerage': 160.0, 'stt': 46.04, 'exchange_turnover': 41.5, 'sebi_turnover': 0.08, 'stamp_duty': 1.08, 'gst': 36.28, 'slippage': 450.0, 'total_rupees': 734.99, 'points_equivalent': 9.8}",2025,True,False
2025-02-25,True,,22600.0,2025-02-27,2025-03-06,22510.85,89.15,110.2,327.8,217.6,89.15,283.45,194.3,23.3,75.0,712.9,1162.9,1034.6,584.6,1747.5,"{'brokerage': 160.0, 'stt': 34.8, 'exchange_turnover': 32.49, 'sebi_turnover': 0.06, 'stamp_duty': 0.89, 'gst': 34.66, 'slippage': 450.0, 'total_rupees': 712.9, 'points_equivalent': 9.51}",2025,True,False
2025-02-27,False,front_is_same_day,,,,,,,,,,,,,,,,,,,,2025,False,False
2025-02-28,True,,22200.0,2025-03-06,2025-03-13,22529.2,329.2,293.25,436.55,143.3,329.2,447.0,117.8,25.5,75.0,783.69,1233.69,1128.81,678.81,1912.5,"{'brokerage': 160.0, 'stt': 68.93, 'exchange_turnover': 62.84, 'sebi_turnover': 0.12, 'stamp_duty': 1.67, 'gst': 40.13, 'slippage': 450.0, 'total_rupees': 783.69, 'points_equivalent': 10.45}",2025,True,False
2025-03-03,True,,22200.0,2025-03-06,2025-03-13,22529.2,329.2,235.25,389.2,153.95,329.2,447.0,117.8,36.15,75.0,773.93,1223.93,1937.32,1487.32,2711.25,"{'brokerage': 160.0, 'stt': 64.52, 'exchange_turnover': 58.42, 'sebi_turnover': 0.12, 'stamp_duty': 1.54, 'gst': 39.34, 'slippage': 450.0, 'total_rupees': 773.93, 'points_equivalent': 10.32}",2025,True,False
2025-03-04,True,,22100.0,2025-03-06,2025-03-13,22529.2,429.2,191.65,368.0,176.35,429.2,515.15,85.95,90.4,75.0,780.22,1230.22,5999.78,5549.78,6780.0,"{'brokerage': 160.0, 'stt': 67.74, 'exchange_turnover': 60.98, 'sebi_turnover': 0.12, 'stamp_duty': 1.59, 'gst': 39.8, 'slippage': 450.0, 'total_rupees': 780.22, 'points_equivalent': 10.4}",2025,True,False
2025-03-05,True,,22350.0,2025-03-06,2025-03-13,22529.2,179.2,155.9,347.25,191.35,179.2,369.9,190.7,0.65,75.0,736.82,1186.82,-688.07,-1138.07,48.75,"{'brokerage': 160.0, 'stt': 45.89, 'exchange_turnover': 43.09, 'sebi_turnover': 0.09, 'stamp_duty': 1.18, 'gst': 36.57, 'slippage': 450.0, 'total_rupees': 736.82, 'points_equivalent': 9.82}",2025,True,False
2025-03-06,False,front_is_same_day,,,,,,,,,,,,,,,,,,,,2025,False,False
2025-03-07,True,,22600.0,2025-03-13,2025-03-20,22383.3,216.7,272.55,409.5,136.95,216.7,298.55,81.85,55.1,75.0,756.34,1206.34,3376.16,2926.16,4132.5,"{'brokerage': 160.0, 'stt': 56.78, 'exchange_turnover': 50.3, 'sebi_turnover': 0.1, 'stamp_duty': 1.28, 'gst': 37.87, 'slippage': 450.0, 'total_rupees': 756.34, 'points_equivalent': 10.08}",2025,True,False
2025-03-10,True,,22500.0,2025-03-13,2025-03-20,22383.3,116.7,240.4,384.8,144.4,116.7,271.25,154.55,-10.15,75.0,735.09,1185.09,-1496.34,-1946.34,-761.25,"{'brokerage': 160.0, 'stt': 45.23, 'exchange_turnover': 42.22, 'sebi_turnover': 0.08, 'stamp_duty': 1.15, 'gst': 36.41, 'slippage': 450.0, 'total_rupees': 735.09, 'points_equivalent': 9.8}",2025,True,False
2025-03-11,True,,22500.0,2025-03-13,2025-03-20,22383.3,116.7,207.1,374.25,167.15,116.7,271.25,154.55,12.6,75.0,732.58,1182.58,212.42,-237.58,945.0,"{'brokerage': 160.0, 'stt': 44.64, 'exchange_turnover': 40.66, 'sebi_turnover': 0.08, 'stamp_duty': 1.08, 'gst': 36.13, 'slippage': 450.0, 'total_rupees': 732.58, 'points_equivalent': 9.77}",2025,True,False
2025-03-12,True,,22500.0,2025-03-13,2025-03-20,22383.3,116.7,132.75,317.25,184.5,116.7,271.25,154.55,29.95,75.0,716.6,1166.6,1529.65,1079.65,2246.25,"{'brokerage': 160.0, 'stt': 36.82, 'exchange_turnover': 33.89, 'sebi_turnover': 0.07, 'stamp_duty': 0.91, 'gst': 34.91, 'slippage': 450.0, 'total_rupees': 716.6, 'points_equivalent': 9.55}",2025,True,False
2025-03-13,False,front_is_same_day,,,,,,,,,,,,,,,,,,,,2025,False,False
2025-03-17,True,,22550.0,2025-03-20,2025-03-27,23165.7,615.7,226.6,377.9,151.3,615.7,673.15,57.45,93.85,75.0,814.73,1264.73,6224.02,5774.02,7038.75,"{'brokerage': 160.0, 'stt': 83.66, 'exchange_turnover': 76.33, 'sebi_turnover': 0.15, 'stamp_duty': 2.02, 'gst': 42.57, 'slippage': 450.0, 'total_rupees': 814.73, 'points_equivalent': 10.86}",2025,True,False
2025-03-18,True,,22900.0,2025-03-20,2025-03-27,23165.7,265.7,179.65,344.5,164.85,265.7,381.3,115.6,49.25,75.0,751.93,1201.93,2941.82,2491.82,3693.75,"{'brokerage': 160.0, 'stt': 54.32, 'exchange_turnover': 48.68, 'sebi_turnover': 0.1, 'stamp_duty': 1.26, 'gst': 37.58, 'slippage': 450.0, 'total_rupees': 751.93, 'points_equivalent': 10.03}",2025,True,False
2025-03-19,True,,22950.0,2025-03-20,2025-03-27,23165.7,215.7,156.8,332.0,175.2,215.7,350.6,134.9,40.3,75.0,738.63,1188.63,2283.87,1833.87,3022.5,"{'brokerage': 160.0, 'stt': 47.57, 'exchange_turnover': 43.24, 'sebi_turnover': 0.09, 'stamp_duty': 1.14, 'gst': 36.6, 'slippage': 450.0, 'total_rupees': 738.63, 'points_equivalent': 9.85}",2025,True,False
2025-03-20,False,front_is_same_day,,,,,,,,,,,,,,,,,,,,2025,False,False
2025-03-21,True,,23400.0,2025-03-27,2025-04-03,23601.05,201.05,254.1,383.2,129.1,201.05,403.25,202.2,-73.1,75.0,756.31,1206.31,-6238.81,-6688.81,-5482.5,"{'brokerage': 160.0, 'stt': 54.22, 'exchange_turnover': 52.28, 'sebi_turnover': 0.1, 'stamp_duty': 1.48, 'gst': 38.23, 'slippage': 450.0, 'total_rupees': 756.31, 'points_equivalent': 10.08}",2025,True,False
2025-03-24,True,,23700.0,2025-03-27,2025-04-03,23601.05,98.95,268.7,407.45,138.75,98.95,319.05,220.1,-81.35,75.0,742.75,1192.75,-6844.0,-7294.0,-6101.25,"{'brokerage': 160.0, 'stt': 47.78, 'exchange_turnover': 46.39, 'sebi_turnover': 0.09, 'stamp_duty': 1.32, 'gst': 37.17, 'slippage': 450.0, 'total_rupees': 742.75, 'points_equivalent': 9.9}",2025,True,False
2025-03-25,True,,23700.0,2025-03-27,2025-04-03,23601.05,98.95,212.85,385.75,172.9,98.95,319.05,220.1,-47.2,75.0,735.47,1185.47,-4275.47,-4725.47,-3540.0,"{'brokerage': 160.0, 'stt': 44.87, 'exchange_turnover': 42.8, 'sebi_turnover': 0.08, 'stamp_duty': 1.2, 'gst': 36.52, 'slippage': 450.0, 'total_rupees': 735.47, 'points_equivalent': 9.81}",2025,True,False
2025-03-26,True,,23550.0,2025-03-27,2025-04-03,23601.05,51.05,159.45,349.55,190.1,51.05,337.9,286.85,-96.75,75.0,721.57,1171.57,-7977.82,-8427.82,-7256.25,"{'brokerage': 160.0, 'stt': 37.18, 'exchange_turnover': 37.61, 'sebi_turnover': 0.07, 'stamp_duty': 1.12, 'gst': 35.58, 'slippage': 450.0, 'total_rupees': 721.57, 'points_equivalent': 9.62}",2025,True,False
2025-03-27,False,front_is_same_day,,,,,,,,,,,,,,,,,,,,2025,False,False
2025-03-28,True,,23550.0,2025-04-03,2025-04-09,23241.6,308.4,236.4,387.6,151.2,308.4,394.1,85.7,65.5,75.0,765.55,1215.55,4146.95,3696.95,4912.5,"{'brokerage': 160.0, 'stt': 60.8, 'exchange_turnover': 54.58, 'sebi_turnover': 0.11, 'stamp_duty': 1.42, 'gst': 38.64, 'slippage': 450.0, 'total_rupees': 765.55, 'points_equivalent': 10.21}",2025,True,False
2025-04-01,True,,23250.0,2025-04-03,2025-04-09,23241.6,8.4,201.3,369.55,168.25,8.4,313.25,304.85,-136.6,75.0,717.89,1167.89,-10962.89,-11412.89,-10245.0,"{'brokerage': 160.0, 'stt': 34.37, 'exchange_turnover': 36.84, 'sebi_turnover': 0.07, 'stamp_duty': 1.16, 'gst': 35.45, 'slippage': 450.0, 'total_rupees': 717.89, 'points_equivalent': 9.57}",2025,True,False
2025-04-02,True,,23300.0,2025-04-03,2025-04-09,23241.6,58.4,146.1,353.4,207.3,58.4,312.25,253.85,-46.55,75.0,719.3,1169.3,-4210.55,-4660.55,-3491.25,"{'brokerage': 160.0, 'stt': 36.91, 'exchange_turnover': 36.0, 'sebi_turnover': 0.07, 'stamp_duty': 1.03, 'gst': 35.29, 'slippage': 450.0, 'total_rupees': 719.3, 'points_equivalent': 9.59}",2025,True,False
2025-04-03,False,front_is_same_day,,,,,,,,,,,,,,,,,,,,2025,False,False
2025-04-04,True,,22900.0,2025-04-09,2025-04-17,22420.4,479.6,239.4,410.45,171.05,479.6,670.95,191.35,-20.3,75.0,801.47,1251.47,-2323.97,-2773.97,-1522.5,"{'brokerage': 160.0, 'stt': 75.04, 'exchange_turnover': 72.38, 'sebi_turnover': 0.14, 'stamp_duty': 2.05, 'gst': 41.85, 'slippage': 450.0, 'total_rupees': 801.47, 'points_equivalent': 10.69}",2025,True,False
2025-04-07,True,,22450.0,2025-04-09,2025-04-17,22420.4,29.6,568.8,785.35,216.55,29.6,597.6,568.0,-351.45,75.0,810.37,1260.37,-27169.12,-27619.12,-26358.75,"{'brokerage': 160.0, 'stt': 73.08, 'exchange_turnover': 81.08, 'sebi_turnover': 0.16, 'stamp_duty': 2.62, 'gst': 43.42, 'slippage': 450.0, 'total_rupees': 810.37, 'points_equivalent': 10.8}",2025,True,False
2025-04-08,True,,22650.0,2025-04-09,2025-04-17,22420.4,229.6,331.5,628.55,297.05,229.6,600.75,371.15,-74.1,75.0,799.93,1249.93,-6357.43,-6807.43,-5557.5,"{'brokerage': 160.0, 'stt': 73.44, 'exchange_turnover': 72.4, 'sebi_turnover': 0.14, 'stamp_duty': 2.1, 'gst': 41.86, 'slippage': 450.0, 'total_rupees': 799.93, 'points_equivalent': 10.67}",2025,True,False
2025-04-09,False,front_is_same_day,,,,,,,,,,,,,,,,,,,,2025,False,False
2025-04-11,True,,22900.0,2025-04-17,2025-04-24,23837.75,937.75,493.2,683.3,190.1,937.75,998.25,60.5,129.6,75.0,934.94,1384.94,8785.06,8335.06,9720.0,"{'brokerage': 160.0, 'stt': 141.51, 'exchange_turnover': 127.95, 'sebi_turnover': 0.25, 'stamp_duty': 3.36, 'gst': 51.88, 'slippage': 450.0, 'total_rupees': 934.94, 'points_equivalent': 12.47}",2025,True,False
2025-04-15,True,,23300.0,2025-04-17,2025-04-24,23837.75,537.75,192.05,433.85,241.8,537.75,660.85,123.1,118.7,75.0,806.83,1256.83,8095.67,7645.67,8902.5,"{'brokerage': 160.0, 'stt': 80.1, 'exchange_turnover': 72.75, 'sebi_turnover': 0.14, 'stamp_duty': 1.92, 'gst': 41.92, 'slippage': 450.0, 'total_rupees': 806.83, 'points_equivalent': 10.76}",2025,True,False
2025-04-16,True,,23350.0,2025-04-17,2025-04-24,23837.75,487.75,163.65,418.3,254.65,487.75,625.25,137.5,117.15,75.0,792.23,1242.23,7994.02,7544.02,8786.25,"{'brokerage': 160.0, 'stt': 72.84, 'exchange_turnover': 66.66, 'sebi_turnover': 0.13, 'stamp_duty': 1.78, 'gst': 40.82, 'slippage': 450.0, 'total_rupees': 792.23, 'points_equivalent': 10.56}",2025,True,False
2025-04-17,False,front_is_same_day,,,,,,,,,,,,,,,,,,,,2025,False,False
2025-04-21,True,,24150.0,2025-04-24,2025-04-30,24245.05,95.05,249.4,445.25,195.85,95.05,409.95,314.9,-119.05,75.0,750.36,1200.36,-9679.11,-10129.11,-8928.75,"{'brokerage': 160.0, 'stt': 50.43, 'exchange_turnover': 50.44, 'sebi_turnover': 0.1, 'stamp_duty': 1.48, 'gst': 37.9, 'slippage': 450.0, 'total_rupees': 750.36, 'points_equivalent': 10.0}",2025,True,False
2025-04-22,True,,24150.0,2025-04-24,2025-04-30,24245.05,95.05,189.65,407.15,217.5,95.05,409.95,314.9,-97.4,75.0,737.18,1187.18,-8042.18,-8492.18,-7305.0,"{'brokerage': 160.0, 'stt': 43.94, 'exchange_turnover': 44.9, 'sebi_turnover': 0.09, 'stamp_duty': 1.35, 'gst': 36.9, 'slippage': 450.0, 'total_rupees': 737.18, 'points_equivalent': 9.83}",2025,True,False
2025-04-23,True,,24300.0,2025-04-24,2025-04-30,24245.05,54.95,127.2,397.75,270.55,54.95,385.2,330.25,-59.7,75.0,725.45,1175.45,-5202.95,-5652.95,-4477.5,"{'brokerage': 160.0, 'stt': 39.17, 'exchange_turnover': 39.19, 'sebi_turnover': 0.08, 'stamp_duty': 1.15, 'gst': 35.87, 'slippage': 450.0, 'total_rupees': 725.45, 'points_equivalent': 9.67}",2025,True,False
2025-04-24,False,front_is_same_day,,,,,,,,,,,,,,,,,,,,2025,False,False
2025-04-25,True,,24100.0,2025-04-30,2025-05-08,24246.25,146.25,338.1,564.3,226.2,146.25,558.4,412.15,-185.95,75.0,788.99,1238.99,-14735.24,-15185.24,-13946.25,"{'brokerage': 160.0, 'stt': 67.64, 'exchange_turnover': 68.11, 'sebi_turnover': 0.13, 'stamp_duty': 2.02, 'gst': 41.08, 'slippage': 450.0, 'total_rupees': 788.99, 'points_equivalent': 10.52}",2025,True,False
2025-04-28,True,,24350.0,2025-04-30,2025-05-08,24246.25,103.75,206.5,493.3,286.8,103.75,469.3,365.55,-78.75,75.0,753.96,1203.96,-6660.21,-7110.21,-5906.25,"{'brokerage': 160.0, 'stt': 52.2, 'exchange_turnover': 51.96, 'sebi_turnover': 0.1, 'stamp_duty': 1.52, 'gst': 38.17, 'slippage': 450.0, 'total_rupees': 753.96, 'points_equivalent': 10.05}",2025,True,False
2025-04-29,True,,24300.0,2025-04-30,2025-05-08,24246.25,53.75,111.45,466.25,354.8,53.75,481.1,427.35,-72.55,75.0,736.66,1186.66,-6177.91,-6627.91,-5441.25,"{'brokerage': 160.0, 'stt': 43.82, 'exchange_turnover': 44.57, 'sebi_turnover': 0.09, 'stamp_duty': 1.33, 'gst': 36.84, 'slippage': 450.0, 'total_rupees': 736.66, 'points_equivalent': 9.82}",2025,True,False
2025-04-30,False,front_is_same_day,,,,,,,,,,,,,,,,,,,,2025,False,False
2025-05-02,True,,24400.0,2025-05-08,2025-05-15,24154.1,245.9,335.3,576.35,241.05,245.9,512.35,266.45,-25.4,75.0,793.34,1243.34,-2698.34,-3148.34,-1905.0,"{'brokerage': 160.0, 'stt': 71.8, 'exchange_turnover': 68.36, 'sebi_turnover': 0.14, 'stamp_duty': 1.91, 'gst': 41.13, 'slippage': 450.0, 'total_rupees': 793.34, 'points_equivalent': 10.58}",2025,True,False
2025-05-05,True,,24500.0,2025-05-08,2025-05-15,24154.1,345.9,204.9,472.75,267.85,345.9,526.5,180.6,87.25,75.0,781.08,1231.08,5762.67,5312.67,6543.75,"{'brokerage': 160.0, 'stt': 67.55, 'exchange_turnover': 61.81, 'sebi_turnover': 0.12, 'stamp_duty': 1.65, 'gst': 39.95, 'slippage': 450.0, 'total_rupees': 781.08, 'points_equivalent': 10.41}",2025,True,False
2025-05-06,True,,24400.0,2025-05-08,2025-05-15,24154.1,245.9,153.75,436.6,282.85,245.9,512.35,266.45,16.4,75.0,758.41,1208.41,471.59,21.59,1230.0,"{'brokerage': 160.0, 'stt': 55.28, 'exchange_turnover': 53.14, 'sebi_turnover': 0.11, 'stamp_duty': 1.5, 'gst': 38.38, 'slippage': 450.0, 'total_rupees': 758.41, 'points_equivalent': 10.11}",2025,True,False
2025-05-07,True,,24400.0,2025-05-08,2025-05-15,24154.1,245.9,123.05,455.75,332.7,245.9,512.35,266.45,66.25,75.0,757.96,1207.96,4210.79,3760.79,4968.75,"{'brokerage': 160.0, 'stt': 55.9, 'exchange_turnover': 52.3, 'sebi_turnover': 0.1, 'stamp_duty': 1.43, 'gst': 38.23, 'slippage': 450.0, 'total_rupees': 757.96, 'points_equivalent': 10.11}",2025,True,False
2025-05-08,False,front_is_same_day,,,,,,,,,,,,,,,,,,,,2025,False,False
2025-05-09,True,,24100.0,2025-05-15,2025-05-22,25035.3,935.3,455.95,669.2,213.25,935.3,989.45,54.15,159.1,75.0,932.95,1382.95,10999.55,10549.55,11932.5,"{'brokerage': 160.0, 'stt': 141.61, 'exchange_turnover': 126.26, 'sebi_turnover': 0.25, 'stamp_duty': 3.25, 'gst': 51.57, 'slippage': 450.0, 'total_rupees': 932.95, 'points_equivalent': 12.44}",2025,True,False
2025-05-12,True,,25000.0,2025-05-15,2025-05-22,25035.3,35.3,388.6,553.75,165.15,35.3,400.2,364.9,-199.75,75.0,772.49,1222.49,-15753.74,-16203.74,-14981.25,"{'brokerage': 160.0, 'stt': 60.48, 'exchange_turnover': 60.42, 'sebi_turnover': 0.12, 'stamp_duty': 1.77, 'gst': 39.7, 'slippage': 450.0, 'total_rupees': 772.49, 'points_equivalent': 10.3}",2025,True,False
2025-05-13,True,,24550.0,2025-05-15,2025-05-22,25035.3,485.3,287.15,525.5,238.35,485.3,615.75,130.45,107.9,75.0,818.67,1268.67,7273.83,6823.83,8092.5,"{'brokerage': 160.0, 'stt': 86.03, 'exchange_turnover': 77.64, 'sebi_turnover': 0.15, 'stamp_duty': 2.03, 'gst': 42.8, 'slippage': 450.0, 'total_rupees': 818.67, 'points_equivalent': 10.92}",2025,True,False
2025-05-14,True,,24650.0,2025-05-15,2025-05-22,25035.3,385.3,185.8,443.8,258.0,385.3,549.05,163.75,94.25,75.0,784.72,1234.72,6284.03,5834.03,7068.75,"{'brokerage': 160.0, 'stt': 69.73, 'exchange_turnover': 63.04, 'sebi_turnover': 0.12, 'stamp_duty': 1.65, 'gst': 40.17, 'slippage': 450.0, 'total_rupees': 784.72, 'points_equivalent': 10.46}",2025,True,False
2025-05-15,False,front_is_same_day,,,,,,,,,,,,,,,,,,,,2025,False,False
2025-05-16,True,,25050.0,2025-05-22,2025-05-29,24637.0,413.0,354.35,543.45,189.1,413.0,520.85,107.85,81.25,75.0,814.79,1264.79,5278.96,4828.96,6093.75,"{'brokerage': 160.0, 'stt': 84.42, 'exchange_turnover': 75.78, 'sebi_turnover': 0.15, 'stamp_duty': 1.97, 'gst': 42.47, 'slippage': 450.0, 'total_rupees': 814.79, 'points_equivalent': 10.86}",2025,True,False
2025-05-19,True,,24950.0,2025-05-22,2025-05-29,24637.0,313.0,309.45,527.2,217.75,313.0,471.35,158.35,59.4,75.0,793.93,1243.93,3661.07,3211.07,4455.0,"{'brokerage': 160.0, 'stt': 74.14, 'exchange_turnover': 67.01, 'sebi_turnover': 0.13, 'stamp_duty': 1.76, 'gst': 40.89, 'slippage': 450.0, 'total_rupees': 793.93, 'points_equivalent': 10.59}",2025,True,False
2025-05-20,True,,24750.0,2025-05-22,2025-05-29,24637.0,113.0,236.2,479.55,243.35,113.0,408.95,295.95,-52.6,75.0,753.07,1203.07,-4698.07,-5148.07,-3945.0,"{'brokerage': 160.0, 'stt': 52.55, 'exchange_turnover': 50.97, 'sebi_turnover': 0.1, 'stamp_duty': 1.45, 'gst': 37.99, 'slippage': 450.0, 'total_rupees': 753.07, 'points_equivalent': 10.04}",2025,True,False
2025-05-21,True,,24800.0,2025-05-22,2025-05-29,24637.0,163.0,220.9,468.05,247.15,163.0,419.0,256.0,-8.85,75.0,757.21,1207.21,-1420.96,-1870.96,-663.75,"{'brokerage': 160.0, 'stt': 55.3, 'exchange_turnover': 52.16, 'sebi_turnover': 0.1, 'stamp_duty': 1.44, 'gst': 38.21, 'slippage': 450.0, 'total_rupees': 757.21, 'points_equivalent': 10.1}",2025,True,False
2025-05-22,False,front_is_same_day,,,,,,,,,,,,,,,,,,,,2025,False,False
2025-05-23,True,,24900.0,2025-05-29,2025-06-05,24880.85,19.15,405.3,577.95,172.65,19.15,409.85,390.7,-218.05,75.0,771.7,1221.7,-17125.45,-17575.45,-16353.75,"{'brokerage': 160.0, 'stt': 59.21, 'exchange_turnover': 60.77, 'sebi_turnover': 0.12, 'stamp_duty': 1.83, 'gst': 39.76, 'slippage': 450.0, 'total_rupees': 771.7, 'points_equivalent': 10.29}",2025,True,False
2025-05-26,True,,25050.0,2025-05-29,2025-06-05,24880.85,169.15,404.15,597.2,193.05,169.15,446.4,277.25,-84.2,75.0,794.09,1244.09,-7109.09,-7559.09,-6315.0,"{'brokerage': 160.0, 'stt': 72.18, 'exchange_turnover': 68.67, 'sebi_turnover': 0.14, 'stamp_duty': 1.91, 'gst': 41.18, 'slippage': 450.0, 'total_rupees': 794.09, 'points_equivalent': 10.59}",2025,True,False
2025-05-27,True,,24850.0,2025-05-29,2025-06-05,24880.85,30.85,368.6,602.55,233.95,30.85,406.3,375.45,-141.5,75.0,772.28,1222.28,-11384.78,-11834.78,-10612.5,"{'brokerage': 160.0, 'stt': 60.76, 'exchange_turnover': 60.03, 'sebi_turnover': 0.12, 'stamp_duty': 1.74, 'gst': 39.63, 'slippage': 450.0, 'total_rupees': 772.28, 'points_equivalent': 10.3}",2025,True,False
2025-05-28,True,,24750.0,2025-05-29,2025-06-05,24880.85,130.85,223.2,527.6,304.4,130.85,410.35,279.5,24.9,75.0,759.91,1209.91,1107.59,657.59,1867.5,"{'brokerage': 160.0, 'stt': 57.17, 'exchange_turnover': 52.87, 'sebi_turnover': 0.1, 'stamp_duty': 1.43, 'gst': 38.34, 'slippage': 450.0, 'total_rupees': 759.91, 'points_equivalent': 10.13}",2025,True,False
2025-05-29,False,front_is_same_day,,,,,,,,,,,,,,,,,,,,2025,False,False
2025-05-30,True,,24800.0,2025-06-05,2025-06-12,24761.1,38.9,407.9,596.2,188.3,38.9,372.0,333.1,-144.8,75.0,775.49,1225.49,-11635.49,-12085.49,-10860.0,"{'brokerage': 160.0, 'stt': 62.62, 'exchange_turnover': 61.16, 'sebi_turnover': 0.12, 'stamp_duty': 1.75, 'gst': 39.83, 'slippage': 450.0, 'total_rupees': 775.49, 'points_equivalent': 10.34}",2025,True,False
2025-06-02,True,,24750.0,2025-06-05,2025-06-12,24761.1,11.1,438.9,633.9,195.0,11.1,374.35,363.25,-168.25,75.0,780.83,1230.83,-13399.58,-13849.58,-12618.75,"{'brokerage': 160.0, 'stt': 64.98, 'exchange_turnover': 63.62, 'sebi_turnover': 0.13, 'stamp_duty': 1.83, 'gst': 40.27, 'slippage': 450.0, 'total_rupees': 780.83, 'points_equivalent': 10.41}",2025,True,False
2025-06-03,True,,24550.0,2025-06-05,2025-06-12,24761.1,211.1,274.65,533.9,259.25,211.1,426.2,215.1,44.15,75.0,775.53,1225.53,2535.72,2085.72,3311.25,"{'brokerage': 160.0, 'stt': 64.98, 'exchange_turnover': 59.36, 'sebi_turnover': 0.12, 'stamp_duty': 1.58, 'gst': 39.51, 'slippage': 450.0, 'total_rupees': 775.53, 'points_equivalent': 10.34}",2025,True,False
2025-06-04,True,,24600.0,2025-06-05,2025-06-12,24761.1,161.1,161.0,432.3,271.3,161.1,407.35,246.25,25.05,75.0,745.13,1195.13,1133.62,683.62,1878.75,"{'brokerage': 160.0, 'stt': 49.84, 'exchange_turnover': 46.7, 'sebi_turnover': 0.09, 'stamp_duty': 1.28, 'gst': 37.22, 'slippage': 450.0, 'total_rupees': 745.13, 'points_equivalent': 9.94}",2025,True,False
2025-06-05,False,front_is_same_day,,,,,,,,,,,,,,,,,,,,2025,False,False
2025-06-06,True,,25050.0,2025-06-12,2025-06-19,24856.0,194.0,333.9,515.4,181.5,194.0,368.7,174.7,6.8,75.0,775.6,1225.6,-265.6,-715.6,510.0,"{'brokerage': 160.0, 'stt': 64.97, 'exchange_turnover': 59.42, 'sebi_turnover': 0.12, 'stamp_duty': 1.58, 'gst': 39.52, 'slippage': 450.0, 'total_rupees': 775.6, 'points_equivalent': 10.34}",2025,True,False
2025-06-09,True,,25100.0,2025-06-12,2025-06-19,24856.0,244.0,268.1,467.95,199.85,244.0,384.55,140.55,59.3,75.0,771.25,1221.25,3676.25,3226.25,4447.5,"{'brokerage': 160.0, 'stt': 63.72, 'exchange_turnover': 56.9, 'sebi_turnover': 0.11, 'stamp_duty': 1.47, 'gst': 39.06, 'slippage': 450.0, 'total_rupees': 771.25, 'points_equivalent': 10.28}",2025,True,False
2025-06-10,True,,25100.0,2025-06-12,2025-06-19,24856.0,244.0,178.7,386.65,207.95,244.0,384.55,140.55,67.4,75.0,750.69,1200.69,4304.31,3854.31,5055.0,"{'brokerage': 160.0, 'stt': 53.48, 'exchange_turnover': 48.34, 'sebi_turnover': 0.1, 'stamp_duty': 1.27, 'gst': 37.52, 'slippage': 450.0, 'total_rupees': 750.69, 'points_equivalent': 10.01}",2025,True,False
2025-06-11,True,,25150.0,2025-06-12,2025-06-19,24856.0,294.0,147.7,359.2,211.5,294.0,403.4,109.4,102.1,75.0,750.84,1200.84,6906.66,6456.66,7657.5,"{'brokerage': 160.0, 'stt': 53.93, 'exchange_turnover': 48.11, 'sebi_turnover': 0.1, 'stamp_duty': 1.24, 'gst': 37.48, 'slippage': 450.0, 'total_rupees': 750.84, 'points_equivalent': 10.01}",2025,True,False
2025-06-12,False,front_is_same_day,,,,,,,,,,,,,,,,,,,,2025,False,False
2025-06-13,True,,24750.0,2025-06-19,2025-06-26,24744.7,5.3,358.15,532.6,174.45,5.3,389.05,383.75,-209.3,75.0,755.81,1205.81,-16453.31,-16903.31,-15697.5,"{'brokerage': 160.0, 'stt': 51.26, 'exchange_turnover': 54.19, 'sebi_turnover': 0.11, 'stamp_duty': 1.68, 'gst': 38.57, 'slippage': 450.0, 'total_rupees': 755.81, 'points_equivalent': 10.08}",2025,True,False
2025-06-16,True,,25000.0,2025-06-19,2025-06-26,24744.7,255.3,269.7,472.75,203.05,255.3,400.45,145.15,57.9,75.0,771.26,1221.26,3571.24,3121.24,4342.5,"{'brokerage': 160.0, 'stt': 63.21, 'exchange_turnover': 57.3, 'sebi_turnover': 0.11, 'stamp_duty': 1.51, 'gst': 39.13, 'slippage': 450.0, 'total_rupees': 771.26, 'points_equivalent': 10.28}",2025,True,False
2025-06-17,True,,24850.0,2025-06-19,2025-06-26,24744.7,105.3,212.8,433.65,220.85,105.3,378.95,273.65,-52.8,75.0,743.09,1193.09,-4703.09,-5153.09,-3960.0,"{'brokerage': 160.0, 'stt': 47.87, 'exchange_turnover': 46.59, 'sebi_turnover': 0.09, 'stamp_duty': 1.33, 'gst': 37.2, 'slippage': 450.0, 'total_rupees': 743.09, 'points_equivalent': 9.91}",2025,True,False
2025-06-18,True,,24800.0,2025-06-19,2025-06-26,24744.7,55.3,164.0,414.75,250.75,55.3,382.55,327.25,-76.5,75.0,730.62,1180.62,-6468.12,-6918.12,-5737.5,"{'brokerage': 160.0, 'stt': 41.4, 'exchange_turnover': 41.61, 'sebi_turnover': 0.08, 'stamp_duty': 1.23, 'gst': 36.3, 'slippage': 450.0, 'total_rupees': 730.62, 'points_equivalent': 9.74}",2025,True,False
2025-06-19,False,front_is_same_day,,,,,,,,,,,,,,,,,,,,2025,False,False
2025-06-20,True,,25150.0,2025-06-26,2025-07-03,25530.4,380.4,312.05,484.35,172.3,380.4,488.35,107.95,64.35,75.0,800.72,1250.72,4025.53,3575.53,4826.25,"{'brokerage': 160.0, 'stt': 77.82, 'exchange_turnover': 69.61, 'sebi_turnover': 0.14, 'stamp_duty': 1.8, 'gst': 41.36, 'slippage': 450.0, 'total_rupees': 800.72, 'points_equivalent': 10.68}",2025,True,False
2025-06-23,True,,25050.0,2025-06-26,2025-07-03,25530.4,480.4,266.7,459.0,192.3,480.4,560.7,80.3,112.0,75.0,809.33,1259.33,7590.67,7140.67,8400.0,"{'brokerage': 160.0, 'stt': 82.41, 'exchange_turnover': 72.95, 'sebi_turnover': 0.14, 'stamp_duty': 1.86, 'gst': 41.96, 'slippage': 450.0, 'total_rupees': 809.33, 'points_equivalent': 10.79}",2025,True,False
2025-06-24,True,,25100.0,2025-06-26,2025-07-03,25530.4,430.4,216.15,424.65,208.5,430.4,523.8,93.4,115.1,75.0,790.66,1240.66,7841.84,7391.84,8632.5,"{'brokerage': 160.0, 'stt': 73.3, 'exchange_turnover': 65.04, 'sebi_turnover': 0.13, 'stamp_duty': 1.66, 'gst': 40.53, 'slippage': 450.0, 'total_rupees': 790.66, 'points_equivalent': 10.54}",2025,True,False
2025-06-25,True,,25250.0,2025-06-26,2025-07-03,25530.4,280.4,135.7,368.4,232.7,280.4,429.3,148.9,83.8,75.0,751.24,1201.24,5533.76,5083.76,6285.0,"{'brokerage': 160.0, 'stt': 53.77, 'exchange_turnover': 48.55, 'sebi_turnover': 0.1, 'stamp_duty': 1.27, 'gst': 37.56, 'slippage': 450.0, 'total_rupees': 751.24, 'points_equivalent': 10.02}",2025,True,False
2025-06-26,False,front_is_same_day,,,,,,,,,,,,,,,,,,,,2025,False,False
2025-06-27,True,,25700.0,2025-07-03,2025-07-10,25397.4,302.6,275.95,437.85,161.9,302.6,378.55,75.95,85.95,75.0,772.32,1222.32,5673.93,5223.93,6446.25,"{'brokerage': 160.0, 'stt': 64.33, 'exchange_turnover': 57.28, 'sebi_turnover': 0.11, 'stamp_duty': 1.47, 'gst': 39.13, 'slippage': 450.0, 'total_rupees': 772.32, 'points_equivalent': 10.3}",2025,True,False
2025-06-30,True,,25550.0,2025-07-03,2025-07-10,25397.4,152.6,255.05,425.55,170.5,152.6,324.75,172.15,-1.65,75.0,749.18,1199.18,-872.93,-1322.93,-123.75,"{'brokerage': 160.0, 'stt': 52.04, 'exchange_turnover': 48.24, 'sebi_turnover': 0.1, 'stamp_duty': 1.3, 'gst': 37.5, 'slippage': 450.0, 'total_rupees': 749.18, 'points_equivalent': 9.99}",2025,True,False
2025-07-01,True,,25550.0,2025-07-03,2025-07-10,25397.4,152.6,180.9,376.45,195.55,152.6,324.75,172.15,23.4,75.0,737.47,1187.47,1017.53,567.53,1755.0,"{'brokerage': 160.0, 'stt': 46.89, 'exchange_turnover': 42.83, 'sebi_turnover': 0.08, 'stamp_duty': 1.14, 'gst': 36.52, 'slippage': 450.0, 'total_rupees': 737.47, 'points_equivalent': 9.83}",2025,True,False
2025-07-02,True,,25450.0,2025-07-03,2025-07-10,25397.4,52.6,135.65,345.7,210.05,52.6,313.65,261.05,-51.0,75.0,716.08,1166.08,-4541.08,-4991.08,-3825.0,"{'brokerage': 160.0, 'stt': 35.16, 'exchange_turnover': 34.77, 'sebi_turnover': 0.07, 'stamp_duty': 1.01, 'gst': 35.07, 'slippage': 450.0, 'total_rupees': 716.08, 'points_equivalent': 9.55}",2025,True,False
2025-07-03,False,front_is_same_day,,,,,,,,,,,,,,,,,,,,2025,False,False
2025-07-04,True,,25450.0,2025-07-10,2025-07-17,25348.15,101.85,272.2,421.3,149.1,101.85,282.25,180.4,-31.3,75.0,745.06,1195.06,-3092.56,-3542.56,-2347.5,"{'brokerage': 160.0, 'stt': 50.21, 'exchange_turnover': 46.36, 'sebi_turnover': 0.09, 'stamp_duty': 1.25, 'gst': 37.16, 'slippage': 450.0, 'total_rupees': 745.06, 'points_equivalent': 9.93}",2025,True,False
2025-07-07,True,,25450.0,2025-07-10,2025-07-17,25348.15,101.85,229.25,390.85,161.6,101.85,282.25,180.4,-18.8,75.0,736.64,1186.64,-2146.64,-2596.64,-1410.0,"{'brokerage': 160.0, 'stt': 46.2, 'exchange_turnover': 42.7, 'sebi_turnover': 0.08, 'stamp_duty': 1.15, 'gst': 36.5, 'slippage': 450.0, 'total_rupees': 736.64, 'points_equivalent': 9.82}",2025,True,False
2025-07-08,True,,25550.0,2025-07-10,2025-07-17,25348.15,201.85,174.55,349.0,174.45,201.85,308.15,106.3,68.15,75.0,737.59,1187.59,4373.66,3923.66,5111.25,"{'brokerage': 160.0, 'stt': 47.64, 'exchange_turnover': 42.34, 'sebi_turnover': 0.08, 'stamp_duty': 1.09, 'gst': 36.44, 'slippage': 450.0, 'total_rupees': 737.59, 'points_equivalent': 9.83}",2025,True,False
2025-07-09,True,,25500.0,2025-07-10,2025-07-17,25348.15,151.85,128.5,314.15,185.65,151.85,291.7,139.85,45.8,75.0,721.83,1171.83,2713.17,2263.17,3435.0,"{'brokerage': 160.0, 'stt': 39.61, 'exchange_turnover': 35.92, 'sebi_turnover': 0.07, 'stamp_duty': 0.95, 'gst': 35.28, 'slippage': 450.0, 'total_rupees': 721.83, 'points_equivalent': 9.62}",2025,True,False
2025-07-10,False,front_is_same_day,,,,,,,,,,,,,,,,,,,,2025,False,False
2025-07-11,True,,25200.0,2025-07-17,2025-07-24,25109.5,90.5,245.5,386.85,141.35,90.5,263.15,172.65,-31.3,75.0,733.97,1183.97,-3081.47,-3531.47,-2347.5,"{'brokerage': 160.0, 'stt': 44.61, 'exchange_turnover': 41.8, 'sebi_turnover': 0.08, 'stamp_duty': 1.14, 'gst': 36.34, 'slippage': 450.0, 'total_rupees': 733.97, 'points_equivalent': 9.79}",2025,True,False
2025-07-14,True,,25150.0,2025-07-17,2025-07-24,25109.5,40.5,206.75,359.95,153.2,40.5,263.15,222.65,-69.45,75.0,719.95,1169.95,-5928.7,-6378.7,-5208.75,"{'brokerage': 160.0, 'stt': 36.98, 'exchange_turnover': 36.47, 'sebi_turnover': 0.07, 'stamp_duty': 1.06, 'gst': 35.38, 'slippage': 450.0, 'total_rupees': 719.95, 'points_equivalent': 9.6}",2025,True,False
2025-07-15,True,,25200.0,2025-07-17,2025-07-24,25109.5,90.5,146.85,316.7,169.85,90.5,263.15,172.65,-2.8,75.0,716.93,1166.93,-926.93,-1376.93,-210.0,"{'brokerage': 160.0, 'stt': 36.84, 'exchange_turnover': 34.13, 'sebi_turnover': 0.07, 'stamp_duty': 0.92, 'gst': 34.96, 'slippage': 450.0, 'total_rupees': 716.93, 'points_equivalent': 9.56}",2025,True,False
2025-07-16,True,,25200.0,2025-07-17,2025-07-24,25109.5,90.5,106.0,281.7,175.7,90.5,263.15,172.65,3.05,75.0,708.41,1158.41,-479.66,-929.66,228.75,"{'brokerage': 160.0, 'stt': 32.72, 'exchange_turnover': 30.5, 'sebi_turnover': 0.06, 'stamp_duty': 0.83, 'gst': 34.3, 'slippage': 450.0, 'total_rupees': 708.41, 'points_equivalent': 9.45}",2025,True,False
2025-07-17,False,front_is_same_day,,,,,,,,,,,,,,,,,,,,2025,False,False
2025-07-18,True,,25000.0,2025-07-24,2025-07-31,25051.9,51.9,251.7,383.05,131.35,51.9,263.05,211.15,-79.8,75.0,729.2,1179.2,-6714.2,-7164.2,-5985.0,"{'brokerage': 160.0, 'stt': 41.45, 'exchange_turnover': 40.43, 'sebi_turnover': 0.08, 'stamp_duty': 1.16, 'gst': 36.09, 'slippage': 450.0, 'total_rupees': 729.2, 'points_equivalent': 9.72}",2025,True,False
2025-07-21,True,,25100.0,2025-07-24,2025-07-31,25051.9,48.1,186.15,329.85,143.7,48.1,246.55,198.45,-54.75,75.0,715.99,1165.99,-4822.24,-5272.24,-4106.25,"{'brokerage': 160.0, 'stt': 35.59, 'exchange_turnover': 34.36, 'sebi_turnover': 0.07, 'stamp_duty': 0.97, 'gst': 35.0, 'slippage': 450.0, 'total_rupees': 715.99, 'points_equivalent': 9.55}",2025,True,False
2025-07-22,True,,25100.0,2025-07-24,2025-07-31,25051.9,48.1,139.05,290.0,150.95,48.1,246.55,198.45,-47.5,75.0,704.61,1154.61,-4267.11,-4717.11,-3562.5,"{'brokerage': 160.0, 'stt': 29.85, 'exchange_turnover': 29.68, 'sebi_turnover': 0.06, 'stamp_duty': 0.87, 'gst': 34.15, 'slippage': 450.0, 'total_rupees': 704.61, 'points_equivalent': 9.39}",2025,True,False
2025-07-23,True,,25200.0,2025-07-24,2025-07-31,25051.9,148.1,100.05,265.55,165.5,148.1,258.4,110.3,55.2,75.0,712.82,1162.82,3427.18,2977.18,4140.0,"{'brokerage': 160.0, 'stt': 35.79, 'exchange_turnover': 31.65, 'sebi_turnover': 0.06, 'stamp_duty': 0.81, 'gst': 34.51, 'slippage': 450.0, 'total_rupees': 712.82, 'points_equivalent': 9.5}",2025,True,False
2025-07-24,False,front_is_same_day,,,,,,,,,,,,,,,,,,,,2025,False,False
2025-07-25,True,,24850.0,2025-07-31,2025-08-07,24765.6,84.4,242.0,377.85,135.85,84.4,300.3,215.9,-80.05,75.0,734.37,1184.37,-6738.12,-7188.12,-6003.75,"{'brokerage': 160.0, 'stt': 43.87, 'exchange_turnover': 42.69, 'sebi_turnover': 0.08, 'stamp_duty': 1.22, 'gst': 36.5, 'slippage': 450.0, 'total_rupees': 734.37, 'points_equivalent': 9.79}",2025,True,False
2025-07-28,True,,24700.0,2025-07-31,2025-08-07,24765.6,65.6,213.55,373.6,160.05,65.6,323.6,258.0,-97.95,75.0,728.73,1178.73,-8074.98,-8524.98,-7346.25,"{'brokerage': 160.0, 'stt': 40.49, 'exchange_turnover': 40.79, 'sebi_turnover': 0.08, 'stamp_duty': 1.21, 'gst': 36.16, 'slippage': 450.0, 'total_rupees': 728.73, 'points_equivalent': 9.72}",2025,True,False
2025-07-29,True,,24850.0,2025-07-31,2025-08-07,24765.6,84.4,155.8,328.45,172.65,84.4,300.3,215.9,-43.25,75.0,718.37,1168.37,-3962.12,-4412.12,-3243.75,"{'brokerage': 160.0, 'stt': 36.39, 'exchange_turnover': 35.65, 'sebi_turnover': 0.07, 'stamp_duty': 1.03, 'gst': 35.23, 'slippage': 450.0, 'total_rupees': 718.37, 'points_equivalent': 9.58}",2025,True,False
2025-07-30,True,,24850.0,2025-07-31,2025-08-07,24765.6,84.4,118.05,306.0,187.95,84.4,300.3,215.9,-27.95,75.0,713.56,1163.56,-2809.81,-3259.81,-2096.25,"{'brokerage': 160.0, 'stt': 34.49, 'exchange_turnover': 33.26, 'sebi_turnover': 0.07, 'stamp_duty': 0.94, 'gst': 34.8, 'slippage': 450.0, 'total_rupees': 713.56, 'points_equivalent': 9.51}",2025,True,False
2025-07-31,False,front_is_same_day,,,,,,,,,,,,,,,,,,,,2025,False,False
2025-08-01,True,,24600.0,2025-08-07,2025-08-14,24626.65,26.65,296.0,429.55,133.55,26.65,270.15,243.5,-109.95,75.0,738.9,1188.9,-8985.15,-9435.15,-8246.25,"{'brokerage': 160.0, 'stt': 46.01, 'exchange_turnover': 44.68, 'sebi_turnover': 0.09, 'stamp_duty': 1.27, 'gst': 36.86, 'slippage': 450.0, 'total_rupees': 738.9, 'points_equivalent': 9.85}",2025,True,False
2025-08-04,True,,24750.0,2025-08-07,2025-08-14,24626.65,123.35,235.3,378.8,143.5,123.35,282.1,158.75,-15.25,75.0,736.14,1186.14,-1879.89,-2329.89,-1143.75,"{'brokerage': 160.0, 'stt': 45.71, 'exchange_turnover': 42.68, 'sebi_turnover': 0.08, 'stamp_duty': 1.16, 'gst': 36.5, 'slippage': 450.0, 'total_rupees': 736.14, 'points_equivalent': 9.82}",2025,True,False
2025-08-05,True,,24650.0,2025-08-07,2025-08-14,24626.65,23.35,181.1,335.65,154.55,23.35,265.1,241.75,-87.2,75.0,713.7,1163.7,-7253.7,-7703.7,-6540.0,"{'brokerage': 160.0, 'stt': 33.76, 'exchange_turnover': 33.95, 'sebi_turnover': 0.07, 'stamp_duty': 1.0, 'gst': 34.92, 'slippage': 450.0, 'total_rupees': 713.7, 'points_equivalent': 9.52}",2025,True,False
2025-08-06,True,,24600.0,2025-08-07,2025-08-14,24626.65,26.65,139.8,313.55,173.75,26.65,270.15,243.5,-69.75,75.0,708.35,1158.35,-5939.6,-6389.6,-5231.25,"{'brokerage': 160.0, 'stt': 31.48, 'exchange_turnover': 31.42, 'sebi_turnover': 0.06, 'stamp_duty': 0.92, 'gst': 34.47, 'slippage': 450.0, 'total_rupees': 708.35, 'points_equivalent': 9.44}",2025,True,False
2025-08-07,False,front_is_same_day,,,,,,,,,,,,,,,,,,,,2025,False,False
2025-08-08,True,,24400.0,2025-08-14,2025-08-21,24616.05,216.05,263.95,383.4,119.45,216.05,370.0,153.95,-34.5,75.0,755.68,1205.68,-3343.18,-3793.18,-2587.5,"{'brokerage': 160.0, 'stt': 54.52, 'exchange_turnover': 51.54, 'sebi_turnover': 0.1, 'stamp_duty': 1.43, 'gst': 38.1, 'slippage': 450.0, 'total_rupees': 755.68, 'points_equivalent': 10.08}",2025,True,False
2025-08-11,True,,24600.0,2025-08-14,2025-08-21,24616.05,16.05,206.5,336.5,130.0,16.05,287.9,271.85,-141.85,75.0,717.71,1167.71,-11356.46,-11806.46,-10638.75,"{'brokerage': 160.0, 'stt': 34.85, 'exchange_turnover': 36.32, 'sebi_turnover': 0.07, 'stamp_duty': 1.11, 'gst': 35.35, 'slippage': 450.0, 'total_rupees': 717.71, 'points_equivalent': 9.57}",2025,True,False
2025-08-12,True,,24500.0,2025-08-14,2025-08-21,24616.05,116.05,161.5,312.85,151.35,116.05,318.0,201.95,-50.6,75.0,721.68,1171.68,-4516.68,-4966.68,-3795.0,"{'brokerage': 160.0, 'stt': 37.77, 'exchange_turnover': 37.24, 'sebi_turnover': 0.07, 'stamp_duty': 1.08, 'gst': 35.52, 'slippage': 450.0, 'total_rupees': 721.68, 'points_equivalent': 9.62}",2025,True,False
2025-08-13,True,,24650.0,2025-08-14,2025-08-21,24616.05,33.95,117.15,291.8,174.65,33.95,280.55,246.6,-71.95,75.0,703.18,1153.18,-6099.43,-6549.43,-5396.25,"{'brokerage': 160.0, 'stt': 28.6, 'exchange_turnover': 29.51, 'sebi_turnover': 0.06, 'stamp_duty': 0.89, 'gst': 34.12, 'slippage': 450.0, 'total_rupees': 703.18, 'points_equivalent': 9.38}",2025,True,False
2025-08-14,False,front_is_same_day,,,,,,,,,,,,,,,,,,,,2025,False,False
2025-08-18,True,,24950.0,2025-08-21,2025-08-28,25076.95,126.95,218.75,349.5,130.75,126.95,289.1,162.15,-31.4,75.0,733.68,1183.68,-3088.68,-3538.68,-2355.0,"{'brokerage': 160.0, 'stt': 44.45, 'exchange_turnover': 41.68, 'sebi_turnover': 0.08, 'stamp_duty': 1.14, 'gst': 36.32, 'slippage': 450.0, 'total_rupees': 733.68, 'points_equivalent': 9.78}",2025,True,False
2025-08-19,True,,25000.0,2025-08-21,2025-08-28,25076.95,76.95,152.0,303.8,151.8,76.95,265.6,188.65,-36.85,75.0,713.11,1163.11,-3476.86,-3926.86,-2763.75,"{'brokerage': 160.0, 'stt': 34.23, 'exchange_turnover': 33.1, 'sebi_turnover': 0.07, 'stamp_duty': 0.94, 'gst': 34.77, 'slippage': 450.0, 'total_rupees': 713.11, 'points_equivalent': 9.51}",2025,True,False
2025-08-20,True,,25050.0,2025-08-21,2025-08-28,25076.95,26.95,108.3,284.5,176.2,26.95,251.7,224.75,-48.55,75.0,699.39,1149.39,-4340.64,-4790.64,-3641.25,"{'brokerage': 160.0, 'stt': 27.34, 'exchange_turnover': 27.44, 'sebi_turnover': 0.05, 'stamp_duty': 0.81, 'gst': 33.75, 'slippage': 450.0, 'total_rupees': 699.39, 'points_equivalent': 9.33}",2025,True,False
2025-08-21,False,front_is_same_day,,,,,,,,,,,,,,,,,,,,2025,False,False
2025-08-22,True,,24900.0,2025-08-28,2025-09-02,24533.1,366.9,227.45,328.35,100.9,366.9,381.55,14.65,86.25,75.0,764.42,1214.42,5704.33,5254.33,6468.75,"{'brokerage': 160.0, 'stt': 60.72, 'exchange_turnover': 53.73, 'sebi_turnover': 0.11, 'stamp_duty': 1.37, 'gst': 38.49, 'slippage': 450.0, 'total_rupees': 764.42, 'points_equivalent': 10.19}",2025,True,False
2025-08-25,True,,25000.0,2025-08-28,2025-09-02,24533.1,466.9,154.15,263.65,109.5,466.9,468.1,1.2,108.3,75.0,764.29,1214.29,7358.21,6908.21,8122.5,"{'brokerage': 160.0, 'stt': 60.25, 'exchange_turnover': 53.99, 'sebi_turnover': 0.11, 'stamp_duty': 1.4, 'gst': 38.54, 'slippage': 450.0, 'total_rupees': 764.29, 'points_equivalent': 10.19}",2025,True,False
2025-08-26,True,,24750.0,2025-08-28,2025-09-02,24533.1,216.9,135.15,258.75,123.6,216.9,281.05,64.15,59.45,75.0,722.47,1172.47,3736.28,3286.28,4458.75,"{'brokerage': 160.0, 'stt': 40.13, 'exchange_turnover': 36.03, 'sebi_turnover': 0.07, 'stamp_duty': 0.94, 'gst': 35.3, 'slippage': 450.0, 'total_rupees': 722.47, 'points_equivalent': 9.63}",2025,True,False
2025-08-28,False,front_is_same_day,,,,,,,,,,,,,,,,,,,,2025,False,False
2025-08-29,True,,24450.0,2025-09-02,2025-09-09,24575.0,125.0,175.6,339.5,163.9,125.0,308.75,183.75,-19.85,75.0,726.77,1176.77,-2215.52,-2665.52,-1488.75,"{'brokerage': 160.0, 'stt': 40.82, 'exchange_turnover': 38.96, 'sebi_turnover': 0.08, 'stamp_duty': 1.09, 'gst': 35.83, 'slippage': 450.0, 'total_rupees': 726.77, 'points_equivalent': 9.69}",2025,True,False
2025-09-01,True,,24650.0,2025-09-02,2025-09-09,24575.0,75.0,107.05,277.95,170.9,75.0,264.75,189.75,-18.85,75.0,704.16,1154.16,-2117.91,-2567.91,-1413.75,"{'brokerage': 160.0, 'stt': 29.98, 'exchange_turnover': 29.22, 'sebi_turnover': 0.06, 'stamp_duty': 0.84, 'gst': 34.07, 'slippage': 450.0, 'total_rupees': 704.16, 'points_equivalent': 9.39}",2025,True,False
2025-09-02,False,front_is_same_day,,,,,,,,,,,,,,,,,,,,2025,False,False
2025-09-03,True,,24750.0,2025-09-09,2025-09-16,24878.8,128.8,222.65,345.25,122.6,128.8,284.75,155.95,-33.35,75.0,733.65,1183.65,-3234.9,-3684.9,-2501.25,"{'brokerage': 160.0, 'stt': 44.44, 'exchange_turnover': 41.66, 'sebi_turnover': 0.08, 'stamp_duty': 1.14, 'gst': 36.31, 'slippage': 450.0, 'total_rupees': 733.65, 'points_equivalent': 9.78}",2025,True,False
2025-09-04,True,,24750.0,2025-09-09,2025-09-16,24878.8,128.8,200.0,329.7,129.7,128.8,284.75,155.95,-26.25,75.0,728.16,1178.16,-2696.91,-3146.91,-1968.75,"{'brokerage': 160.0, 'stt': 41.68, 'exchange_turnover': 39.41, 'sebi_turnover': 0.08, 'stamp_duty': 1.09, 'gst': 35.91, 'slippage': 450.0, 'total_rupees': 728.16, 'points_equivalent': 9.71}",2025,True,False
2025-09-05,True,,24750.0,2025-09-09,2025-09-16,24878.8,128.8,169.75,310.55,140.8,128.8,284.75,155.95,-15.15,75.0,721.86,1171.86,-1858.11,-2308.11,-1136.25,"{'brokerage': 160.0, 'stt': 38.62, 'exchange_turnover': 36.72, 'sebi_turnover': 0.07, 'stamp_duty': 1.02, 'gst': 35.42, 'slippage': 450.0, 'total_rupees': 721.86, 'points_equivalent': 9.62}",2025,True,False
2025-09-08,True,,24800.0,2025-09-09,2025-09-16,24878.8,78.8,110.95,276.65,165.7,78.8,267.2,188.4,-22.7,75.0,705.6,1155.6,-2408.1,-2858.1,-1702.5,"{'brokerage': 160.0, 'stt': 30.69, 'exchange_turnover': 29.82, 'sebi_turnover': 0.06, 'stamp_duty': 0.85, 'gst': 34.18, 'slippage': 450.0, 'total_rupees': 705.6, 'points_equivalent': 9.41}",2025,True,False
2025-09-09,False,front_is_same_day,,,,,,,,,,,,,,,,,,,,2025,False,False
2025-09-10,True,,25050.0,2025-09-16,2025-09-23,25254.45,204.45,217.5,340.1,122.6,204.45,333.35,128.9,-6.3,75.0,744.85,1194.85,-1217.35,-1667.35,-472.5,"{'brokerage': 160.0, 'stt': 50.18, 'exchange_turnover': 46.2, 'sebi_turnover': 0.09, 'stamp_duty': 1.24, 'gst': 37.13, 'slippage': 450.0, 'total_rupees': 744.85, 'points_equivalent': 9.93}",2025,True,False
2025-09-11,True,,25050.0,2025-09-16,2025-09-23,25254.45,204.45,183.6,320.15,136.55,204.45,333.35,128.9,7.65,75.0,737.04,1187.04,-163.29,-613.29,573.75,"{'brokerage': 160.0, 'stt': 46.29, 'exchange_turnover': 42.95, 'sebi_turnover': 0.09, 'stamp_duty': 1.16, 'gst': 36.55, 'slippage': 450.0, 'total_rupees': 737.04, 'points_equivalent': 9.83}",2025,True,False
2025-09-12,True,,25150.0,2025-09-16,2025-09-23,25254.45,104.45,146.0,291.7,145.7,104.45,279.95,175.5,-29.8,75.0,715.97,1165.97,-2950.97,-3400.97,-2235.0,"{'brokerage': 160.0, 'stt': 35.78, 'exchange_turnover': 34.2, 'sebi_turnover': 0.07, 'stamp_duty': 0.96, 'gst': 34.97, 'slippage': 450.0, 'total_rupees': 715.97, 'points_equivalent': 9.55}",2025,True,False
2025-09-15,True,,25100.0,2025-09-16,2025-09-23,25254.45,154.45,92.0,265.4,173.4,154.45,304.2,149.75,23.65,75.0,713.22,1163.22,1060.53,610.53,1773.75,"{'brokerage': 160.0, 'stt': 34.93, 'exchange_turnover': 32.64, 'sebi_turnover': 0.06, 'stamp_duty': 0.89, 'gst': 34.69, 'slippage': 450.0, 'total_rupees': 713.22, 'points_equivalent': 9.51}",2025,True,False
2025-09-16,False,front_is_same_day,,,,,,,,,,,,,,,,,,,,2025,False,False
2025-09-17,True,,25400.0,2025-09-23,2025-09-30,25185.8,214.2,210.1,334.0,123.9,214.2,268.7,54.5,69.4,75.0,738.67,1188.67,4466.33,4016.33,5205.0,"{'brokerage': 160.0, 'stt': 48.44, 'exchange_turnover': 42.59, 'sebi_turnover': 0.08, 'stamp_duty': 1.08, 'gst': 36.48, 'slippage': 450.0, 'total_rupees': 738.67, 'points_equivalent': 9.85}",2025,True,False
2025-09-18,True,,25500.0,2025-09-23,2025-09-30,25185.8,314.2,159.85,293.95,134.1,314.2,318.15,3.95,130.15,75.0,741.85,1191.85,9019.4,8569.4,9761.25,"{'brokerage': 160.0, 'stt': 50.45, 'exchange_turnover': 43.58, 'sebi_turnover': 0.09, 'stamp_duty': 1.08, 'gst': 36.66, 'slippage': 450.0, 'total_rupees': 741.85, 'points_equivalent': 9.89}",2025,True,False
2025-09-19,True,,25350.0,2025-09-23,2025-09-30,25185.8,164.2,140.2,289.55,149.35,164.2,253.65,89.45,59.9,75.0,720.94,1170.94,3771.56,3321.56,4492.5,"{'brokerage': 160.0, 'stt': 39.84, 'exchange_turnover': 35.03, 'sebi_turnover': 0.07, 'stamp_duty': 0.89, 'gst': 35.12, 'slippage': 450.0, 'total_rupees': 720.94, 'points_equivalent': 9.61}",2025,True,False
2025-09-22,True,,25250.0,2025-09-23,2025-09-30,25185.8,64.2,104.4,271.7,167.3,64.2,246.3,182.1,-14.8,75.0,700.76,1150.76,-1810.76,-2260.76,-1110.0,"{'brokerage': 160.0, 'stt': 28.47, 'exchange_turnover': 27.66, 'sebi_turnover': 0.05, 'stamp_duty': 0.79, 'gst': 33.79, 'slippage': 450.0, 'total_rupees': 700.76, 'points_equivalent': 9.34}",2025,True,False
2025-09-23,False,front_is_same_day,,,,,,,,,,,,,,,,,,,,2025,False,False
2025-09-24,False,exit_mark_inconsistent,25100.0,2025-09-30,2025-10-07,24633.6,466.4,210.8,336.85,126.05,466.4,441.05,-25.35,151.4,75.0,778.9,1228.9,10576.1,10126.1,11355.0,"{'brokerage': 160.0, 'stt': 68.52, 'exchange_turnover': 59.29, 'sebi_turnover': 0.12, 'stamp_duty': 1.47, 'gst': 39.49, 'slippage': 450.0, 'total_rupees': 778.9, 'points_equivalent': 10.39}",2025,True,True
2025-09-25,True,,24950.0,2025-09-30,2025-10-07,24633.6,316.4,192.35,329.5,137.15,316.4,331.75,15.35,121.8,75.0,753.4,1203.4,8381.6,7931.6,9135.0,"{'brokerage': 160.0, 'stt': 56.33, 'exchange_turnover': 48.29, 'sebi_turnover': 0.1, 'stamp_duty': 1.18, 'gst': 37.51, 'slippage': 450.0, 'total_rupees': 753.4, 'points_equivalent': 10.05}",2025,True,False
2025-09-26,True,,24700.0,2025-09-30,2025-10-07,24633.6,66.4,179.25,331.5,152.25,66.4,259.0,192.6,-40.35,75.0,717.19,1167.19,-3743.44,-4193.44,-3026.25,"{'brokerage': 160.0, 'stt': 36.18, 'exchange_turnover': 34.87, 'sebi_turnover': 0.07, 'stamp_duty': 0.99, 'gst': 35.09, 'slippage': 450.0, 'total_rupees': 717.19, 'points_equivalent': 9.56}",2025,True,False
2025-09-29,True,,24700.0,2025-09-30,2025-10-07,24633.6,66.4,115.0,296.85,181.85,66.4,259.0,192.6,-10.75,75.0,705.66,1155.66,-1511.91,-1961.91,-806.25,"{'brokerage': 160.0, 'stt': 30.85, 'exchange_turnover': 29.74, 'sebi_turnover': 0.06, 'stamp_duty': 0.84, 'gst': 34.16, 'slippage': 450.0, 'total_rupees': 705.66, 'points_equivalent': 9.41}",2025,True,False
2025-09-30,False,front_is_same_day,,,,,,,,,,,,,,,,,,,,2025,False,False
2025-10-01,True,,24900.0,2025-10-07,2025-10-14,25112.8,212.8,188.5,318.55,130.05,212.8,330.75,117.95,12.1,75.0,739.86,1189.86,167.64,-282.36,907.5,"{'brokerage': 160.0, 'stt': 47.99, 'exchange_turnover': 43.9, 'sebi_turnover': 0.09, 'stamp_duty': 1.17, 'gst': 36.72, 'slippage': 450.0, 'total_rupees': 739.86, 'points_equivalent': 9.86}",2025,True,False
2025-10-03,True,,24900.0,2025-10-07,2025-10-14,25112.8,212.8,138.45,281.05,142.6,212.8,330.75,117.95,24.65,75.0,727.43,1177.43,1121.32,671.32,1848.75,"{'brokerage': 160.0, 'stt': 41.68, 'exchange_turnover': 38.82, 'sebi_turnover': 0.08, 'stamp_duty': 1.06, 'gst': 35.8, 'slippage': 450.0, 'total_rupees': 727.43, 'points_equivalent': 9.7}",2025,True,False
2025-10-06,True,,25100.0,2025-10-07,2025-10-14,25112.8,12.8,94.75,250.25,155.5,12.8,230.3,217.5,-62.0,75.0,691.31,1141.31,-5341.31,-5791.31,-4650.0,"{'brokerage': 160.0, 'stt': 23.31, 'exchange_turnover': 24.08, 'sebi_turnover': 0.05, 'stamp_duty': 0.73, 'gst': 33.14, 'slippage': 450.0, 'total_rupees': 691.31, 'points_equivalent': 9.22}",2025,True,False
2025-10-07,False,front_is_same_day,,,,,,,,,,,,,,,,,,,,2025,False,False
2025-10-08,True,,25050.0,2025-10-14,2025-10-20,25123.35,73.35,200.1,314.35,114.25,73.35,296.8,223.45,-109.2,75.0,720.02,1170.02,-8910.02,-9360.02,-8190.0,"{'brokerage': 160.0, 'stt': 36.22, 'exchange_turnover': 37.11, 'sebi_turnover': 0.07, 'stamp_duty': 1.12, 'gst': 35.49, 'slippage': 450.0, 'total_rupees': 720.02, 'points_equivalent': 9.6}",2025,True,False
2025-10-09,True,,25200.0,2025-10-14,2025-10-20,25123.35,76.65,171.0,293.45,122.45,76.65,270.3,193.65,-71.2,75.0,714.79,1164.79,-6054.79,-6504.79,-5340.0,"{'brokerage': 160.0, 'stt': 34.59, 'exchange_turnover': 34.18, 'sebi_turnover': 0.07, 'stamp_duty': 0.99, 'gst': 34.96, 'slippage': 450.0, 'total_rupees': 714.79, 'points_equivalent': 9.53}",2025,True,False
2025-10-10,True,,25350.0,2025-10-14,2025-10-20,25123.35,226.65,141.95,275.05,133.1,226.65,303.1,76.45,56.65,75.0,727.92,1177.92,3520.83,3070.83,4248.75,"{'brokerage': 160.0, 'stt': 42.7, 'exchange_turnover': 38.42, 'sebi_turnover': 0.08, 'stamp_duty': 1.0, 'gst': 35.73, 'slippage': 450.0, 'total_rupees': 727.92, 'points_equivalent': 9.71}",2025,True,False
2025-10-13,True,,25250.0,2025-10-14,2025-10-20,25123.35,126.65,113.65,279.35,165.7,126.65,274.4,147.75,17.95,75.0,712.14,1162.14,634.11,184.11,1346.25,"{'brokerage': 160.0, 'stt': 34.5, 'exchange_turnover': 32.12, 'sebi_turnover': 0.06, 'stamp_duty': 0.87, 'gst': 34.59, 'slippage': 450.0, 'total_rupees': 712.14, 'points_equivalent': 9.5}",2025,True,False
2025-10-14,False,front_is_same_day,,,,,,,,,,,,,,,,,,,,2025,False,False
2025-10-15,True,,25400.0,2025-10-20,2025-10-28,25850.7,450.7,202.25,343.95,141.7,450.7,562.45,111.75,29.95,75.0,782.96,1232.96,1463.29,1013.29,2246.25,"{'brokerage': 160.0, 'stt': 67.74, 'exchange_turnover': 63.17, 'sebi_turnover': 0.13, 'stamp_duty': 1.72, 'gst': 40.19, 'slippage': 450.0, 'total_rupees': 782.96, 'points_equivalent': 10.44}",2025,True,False
2025-10-16,True,,25650.0,2025-10-20,2025-10-28,25850.7,200.7,180.8,334.55,153.75,200.7,375.55,174.85,-21.1,75.0,742.21,1192.21,-2324.71,-2774.71,-1582.5,"{'brokerage': 160.0, 'stt': 48.37, 'exchange_turnover': 45.5, 'sebi_turnover': 0.09, 'stamp_duty': 1.25, 'gst': 37.01, 'slippage': 450.0, 'total_rupees': 742.21, 'points_equivalent': 9.9}",2025,True,False
2025-10-17,True,,25750.0,2025-10-20,2025-10-28,25850.7,100.7,157.8,341.4,183.6,100.7,321.3,220.6,-37.0,75.0,724.9,1174.9,-3499.9,-3949.9,-2775.0,"{'brokerage': 160.0, 'stt': 39.8, 'exchange_turnover': 38.25, 'sebi_turnover': 0.08, 'stamp_duty': 1.08, 'gst': 35.7, 'slippage': 450.0, 'total_rupees': 724.9, 'points_equivalent': 9.67}",2025,True,False
2025-10-20,False,front_is_same_day,,,,,,,,,,,,,,,,,,,,2025,False,False
2025-10-21,True,,25950.0,2025-10-28,2025-11-04,25965.4,15.4,270.65,399.7,129.05,15.4,327.4,312.0,-182.95,75.0,735.0,1185.0,-14456.25,-14906.25,-13721.25,"{'brokerage': 160.0, 'stt': 42.62, 'exchange_turnover': 44.18, 'sebi_turnover': 0.09, 'stamp_duty': 1.35, 'gst': 36.77, 'slippage': 450.0, 'total_rupees': 735.0, 'points_equivalent': 9.8}",2025,True,False
2025-10-23,True,,26000.0,2025-10-28,2025-11-04,25965.4,34.6,223.2,386.1,162.9,34.6,325.75,291.15,-128.25,75.0,727.29,1177.29,-10346.04,-10796.04,-9618.75,"{'brokerage': 160.0, 'stt': 39.24, 'exchange_turnover': 40.61, 'sebi_turnover': 0.08, 'stamp_duty': 1.24, 'gst': 36.12, 'slippage': 450.0, 'total_rupees': 727.29, 'points_equivalent': 9.7}",2025,True,False
2025-10-24,True,,25800.0,2025-10-28,2025-11-04,25965.4,165.4,188.55,373.85,185.3,165.4,359.2,193.8,-8.5,75.0,739.79,1189.79,-1377.29,-1827.29,-637.5,"{'brokerage': 160.0, 'stt': 47.1, 'exchange_turnover': 44.53, 'sebi_turnover': 0.09, 'stamp_duty': 1.23, 'gst': 36.83, 'slippage': 450.0, 'total_rupees': 739.79, 'points_equivalent': 9.86}",2025,True,False
2025-10-27,True,,26000.0,2025-10-28,2025-11-04,25965.4,34.6,138.25,359.75,221.5,34.6,325.75,291.15,-69.65,75.0,716.77,1166.77,-5940.52,-6390.52,-5223.75,"{'brokerage': 160.0, 'stt': 35.16, 'exchange_turnover': 35.33, 'sebi_turnover': 0.07, 'stamp_duty': 1.04, 'gst': 35.17, 'slippage': 450.0, 'total_rupees': 716.77, 'points_equivalent': 9.56}",2025,True,False
2025-10-28,False,front_is_same_day,,,,,,,,,,,,,,,,,,,,2025,False,False
2025-10-29,False,exit_mark_inconsistent,26150.0,2025-11-04,2025-11-11,25586.25,563.75,288.05,415.65,127.6,563.75,543.2,-20.55,148.15,75.0,811.36,1261.36,10299.89,9849.89,11111.25,"{'brokerage': 160.0, 'stt': 83.57, 'exchange_turnover': 73.69, 'sebi_turnover': 0.15, 'stamp_duty': 1.87, 'gst': 42.09, 'slippage': 450.0, 'total_rupees': 811.36, 'points_equivalent': 10.82}",2025,True,True
2025-10-30,True,,25950.0,2025-11-04,2025-11-11,25586.25,363.75,245.65,385.8,140.15,363.75,387.2,23.45,116.7,75.0,772.13,1222.13,7980.37,7530.37,8752.5,"{'brokerage': 160.0, 'stt': 64.84, 'exchange_turnover': 56.72, 'sebi_turnover': 0.11, 'stamp_duty': 1.42, 'gst': 39.03, 'slippage': 450.0, 'total_rupees': 772.13, 'points_equivalent': 10.3}",2025,True,False
2025-10-31,True,,25800.0,2025-11-04,2025-11-11,25586.25,213.75,199.45,360.5,161.05,213.75,310.15,96.4,64.65,75.0,743.96,1193.96,4104.79,3654.79,4848.75,"{'brokerage': 160.0, 'stt': 50.84, 'exchange_turnover': 44.97, 'sebi_turnover': 0.09, 'stamp_duty': 1.15, 'gst': 36.91, 'slippage': 450.0, 'total_rupees': 743.96, 'points_equivalent': 9.92}",2025,True,False
2025-11-03,True,,25800.0,2025-11-04,2025-11-11,25586.25,213.75,141.45,331.9,190.45,213.75,310.15,96.4,94.05,75.0,732.67,1182.67,6321.08,5871.08,7053.75,"{'brokerage': 160.0, 'stt': 45.48, 'exchange_turnover': 40.07, 'sebi_turnover': 0.08, 'stamp_duty': 1.02, 'gst': 36.03, 'slippage': 450.0, 'total_rupees': 732.67, 'points_equivalent': 9.77}",2025,True,False
2025-11-04,False,front_is_same_day,,,,,,,,,,,,,,,,,,,,2025,False,False
2025-11-06,True,,25550.0,2025-11-11,2025-11-18,25705.55,155.55,212.8,377.3,164.5,155.55,360.45,204.9,-40.4,75.0,742.2,1192.2,-3772.2,-4222.2,-3030.0,"{'brokerage': 160.0, 'stt': 47.86, 'exchange_turnover': 45.88, 'sebi_turnover': 0.09, 'stamp_duty': 1.29, 'gst': 37.08, 'slippage': 450.0, 'total_rupees': 742.2, 'points_equivalent': 9.9}",2025,True,False
2025-11-07,True,,25500.0,2025-11-11,2025-11-18,25705.55,205.55,180.15,360.0,179.85,205.55,385.2,179.65,0.2,75.0,743.1,1193.1,-728.1,-1178.1,15.0,"{'brokerage': 160.0, 'stt': 48.66, 'exchange_turnover': 45.99, 'sebi_turnover': 0.09, 'stamp_duty': 1.27, 'gst': 37.09, 'slippage': 450.0, 'total_rupees': 743.1, 'points_equivalent': 9.91}",2025,True,False
2025-11-10,True,,25650.0,2025-11-11,2025-11-18,25705.55,55.55,121.15,318.3,197.15,55.55,320.55,265.0,-67.85,75.0,713.53,1163.53,-5802.28,-6252.28,-5088.75,"{'brokerage': 160.0, 'stt': 33.78, 'exchange_turnover': 33.79, 'sebi_turnover': 0.07, 'stamp_duty': 0.99, 'gst': 34.89, 'slippage': 450.0, 'total_rupees': 713.53, 'points_equivalent': 9.51}",2025,True,False
2025-11-11,False,front_is_same_day,,,,,,,,,,,,,,,,,,,,2025,False,False
2025-11-12,True,,25950.0,2025-11-18,2025-11-25,25894.7,55.3,262.2,410.35,148.15,55.3,320.1,264.8,-116.65,75.0,737.02,1187.02,-9485.77,-9935.77,-8748.75,"{'brokerage': 160.0, 'stt': 44.35, 'exchange_turnover': 44.45, 'sebi_turnover': 0.09, 'stamp_duty': 1.31, 'gst': 36.82, 'slippage': 450.0, 'total_rupees': 737.02, 'points_equivalent': 9.83}",2025,True,False
2025-11-13,True,,25950.0,2025-11-18,2025-11-25,25894.7,55.3,270.0,412.35,142.35,55.3,320.1,264.8,-122.45,75.0,736.26,1186.26,-9920.01,-10370.01,-9183.75,"{'brokerage': 160.0, 'stt': 43.65, 'exchange_turnover': 44.39, 'sebi_turnover': 0.09, 'stamp_duty': 1.33, 'gst': 36.81, 'slippage': 450.0, 'total_rupees': 736.26, 'points_equivalent': 9.82}",2025,True,False
2025-11-14,True,,25900.0,2025-11-18,2025-11-25,25894.7,5.3,208.15,389.8,181.65,5.3,324.4,319.1,-137.45,75.0,724.58,1174.58,-11033.33,-11483.33,-10308.75,"{'brokerage': 160.0, 'stt': 38.03, 'exchange_turnover': 39.37, 'sebi_turnover': 0.08, 'stamp_duty': 1.2, 'gst': 35.9, 'slippage': 450.0, 'total_rupees': 724.58, 'points_equivalent': 9.66}",2025,True,False
2025-11-17,True,,26000.0,2025-11-18,2025-11-25,25894.7,105.3,132.9,343.85,210.95,105.3,320.95,215.65,-4.7,75.0,722.75,1172.75,-1075.25,-1525.25,-352.5,"{'brokerage': 160.0, 'stt': 39.2, 'exchange_turnover': 36.99, 'sebi_turnover': 0.07, 'stamp_duty': 1.02, 'gst': 35.47, 'slippage': 450.0, 'total_rupees': 722.75, 'points_equivalent': 9.64}",2025,True,False
2025-11-18,False,front_is_same_day,,,,,,,,,,,,,,,,,,,,2025,False,False
2025-11-19,True,,26100.0,2025-11-25,2025-12-02,25860.3,239.7,286.75,425.15,138.4,239.7,318.6,78.9,59.5,75.0,762.31,1212.31,3700.19,3250.19,4462.5,"{'brokerage': 160.0, 'stt': 59.51, 'exchange_turnover': 52.98, 'sebi_turnover': 0.1, 'stamp_duty': 1.36, 'gst': 38.36, 'slippage': 450.0, 'total_rupees': 762.31, 'points_equivalent': 10.16}",2025,True,False
2025-11-20,True,,26250.0,2025-11-25,2025-12-02,25860.3,389.7,240.3,393.3,153.0,389.7,392.9,3.2,149.8,75.0,775.16,1225.16,10459.84,10009.84,11235.0,"{'brokerage': 160.0, 'stt': 66.74, 'exchange_turnover': 57.68, 'sebi_turnover': 0.11, 'stamp_duty': 1.42, 'gst': 39.2, 'slippage': 450.0, 'total_rupees': 775.16, 'points_equivalent': 10.34}",2025,True,False
2025-11-21,True,,26100.0,2025-11-25,2025-12-02,25860.3,239.7,209.2,387.95,178.75,239.7,318.6,78.9,99.85,75.0,750.31,1200.31,6738.44,6288.44,7488.75,"{'brokerage': 160.0, 'stt': 54.28, 'exchange_turnover': 47.4, 'sebi_turnover': 0.09, 'stamp_duty': 1.19, 'gst': 37.35, 'slippage': 450.0, 'total_rupees': 750.31, 'points_equivalent': 10.0}",2025,True,False
2025-11-24,True,,26000.0,2025-11-25,2025-12-02,25860.3,139.7,143.8,348.45,204.65,139.7,293.55,153.85,50.8,75.0,726.51,1176.51,3083.49,2633.49,3810.0,"{'brokerage': 160.0, 'stt': 42.04, 'exchange_turnover': 37.8, 'sebi_turnover': 0.07, 'stamp_duty': 0.98, 'gst': 35.62, 'slippage': 450.0, 'total_rupees': 726.51, 'points_equivalent': 9.69}",2025,True,False
2025-11-25,False,front_is_same_day,,,,,,,,,,,,,,,,,,,,2025,False,False
2025-11-26,True,,26250.0,2025-12-02,2025-12-09,26057.0,193.0,264.2,400.3,136.1,193.0,297.75,104.75,31.35,75.0,750.61,1200.61,1600.64,1150.64,2351.25,"{'brokerage': 160.0, 'stt': 53.46, 'exchange_turnover': 48.28, 'sebi_turnover': 0.1, 'stamp_duty': 1.26, 'gst': 37.51, 'slippage': 450.0, 'total_rupees': 750.61, 'points_equivalent': 10.01}",2025,True,False
2025-11-27,True,,26250.0,2025-12-02,2025-12-09,26057.0,193.0,213.7,360.55,146.85,193.0,297.75,104.75,42.1,75.0,741.42,1191.42,2416.08,1966.08,3157.5,"{'brokerage': 160.0, 'stt': 49.2, 'exchange_turnover': 44.22, 'sebi_turnover': 0.09, 'stamp_duty': 1.15, 'gst': 36.77, 'slippage': 450.0, 'total_rupees': 741.42, 'points_equivalent': 9.89}",2025,True,False
2025-11-28,True,,26250.0,2025-12-02,2025-12-09,26057.0,193.0,174.15,330.6,156.45,193.0,297.75,104.75,51.7,75.0,733.49,1183.49,3144.01,2694.01,3877.5,"{'brokerage': 160.0, 'stt': 45.39, 'exchange_turnover': 40.8, 'sebi_turnover': 0.08, 'stamp_duty': 1.06, 'gst': 36.16, 'slippage': 450.0, 'total_rupees': 733.49, 'points_equivalent': 9.78}",2025,True,False
2025-12-01,True,,26200.0,2025-12-02,2025-12-09,26057.0,143.0,125.65,311.95,186.3,143.0,284.4,141.4,44.9,75.0,719.23,1169.23,2648.27,2198.27,3367.5,"{'brokerage': 160.0, 'stt': 38.29, 'exchange_turnover': 34.87, 'sebi_turnover': 0.07, 'stamp_duty': 0.92, 'gst': 35.09, 'slippage': 450.0, 'total_rupees': 719.23, 'points_equivalent': 9.59}",2025,True,False
2025-12-02,False,front_is_same_day,,,,,,,,,,,,,,,,,,,,2025,False,False
2025-12-03,True,,26050.0,2025-12-09,2025-12-16,25841.75,208.25,246.8,371.4,124.6,208.25,299.15,90.9,33.7,75.0,747.19,1197.19,1780.31,1330.31,2527.5,"{'brokerage': 160.0, 'stt': 51.79, 'exchange_turnover': 46.83, 'sebi_turnover': 0.09, 'stamp_duty': 1.23, 'gst': 37.25, 'slippage': 450.0, 'total_rupees': 747.19, 'points_equivalent': 9.96}",2025,True,False
2025-12-04,True,,26100.0,2025-12-09,2025-12-16,25841.75,258.25,206.0,338.5,132.5,258.25,320.0,61.75,70.75,75.0,745.86,1195.86,4560.39,4110.39,5306.25,"{'brokerage': 160.0, 'stt': 51.54, 'exchange_turnover': 45.95, 'sebi_turnover': 0.09, 'stamp_duty': 1.18, 'gst': 37.09, 'slippage': 450.0, 'total_rupees': 745.86, 'points_equivalent': 9.94}",2025,True,False
2025-12-05,True,,26200.0,2025-12-09,2025-12-16,25841.75,358.25,157.2,304.7,147.5,358.25,378.8,20.55,126.95,75.0,753.19,1203.19,8768.06,8318.06,9521.25,"{'brokerage': 160.0, 'stt': 55.84, 'exchange_turnover': 48.5, 'sebi_turnover': 0.1, 'stamp_duty': 1.21, 'gst': 37.55, 'slippage': 450.0, 'total_rupees': 753.19, 'points_equivalent': 10.04}",2025,True,False
2025-12-08,True,,25950.0,2025-12-09,2025-12-16,25841.75,108.25,127.3,310.9,183.6,108.25,272.3,164.05,19.55,75.0,716.08,1166.08,750.17,300.17,1466.25,"{'brokerage': 160.0, 'stt': 36.62, 'exchange_turnover': 33.63, 'sebi_turnover': 0.07, 'stamp_duty': 0.9, 'gst': 34.86, 'slippage': 450.0, 'total_rupees': 716.08, 'points_equivalent': 9.55}",2025,True,False
2025-12-09,False,front_is_same_day,,,,,,,,,,,,,,,,,,,,2025,False,False
2025-12-10,True,,25800.0,2025-12-16,2025-12-23,25851.35,51.35,256.05,381.7,125.65,51.35,274.25,222.9,-97.25,75.0,731.21,1181.21,-8024.96,-8474.96,-7293.75,"{'brokerage': 160.0, 'stt': 42.25, 'exchange_turnover': 41.42, 'sebi_turnover': 0.08, 'stamp_duty': 1.19, 'gst': 36.27, 'slippage': 450.0, 'total_rupees': 731.21, 'points_equivalent': 9.75}",2025,True,False
2025-12-11,True,,25950.0,2025-12-16,2025-12-23,25851.35,98.65,201.55,334.25,132.7,98.65,258.2,159.55,-26.85,75.0,723.09,1173.09,-2736.84,-3186.84,-2013.75,"{'brokerage': 160.0, 'stt': 39.24, 'exchange_turnover': 37.23, 'sebi_turnover': 0.07, 'stamp_duty': 1.03, 'gst': 35.51, 'slippage': 450.0, 'total_rupees': 723.09, 'points_equivalent': 9.64}",2025,True,False
2025-12-12,True,,26050.0,2025-12-16,2025-12-23,25851.35,198.65,156.45,304.0,147.55,198.65,279.85,81.2,66.35,75.0,729.5,1179.5,4246.75,3796.75,4976.25,"{'brokerage': 160.0, 'stt': 43.94, 'exchange_turnover': 38.72, 'sebi_turnover': 0.08, 'stamp_duty': 0.98, 'gst': 35.78, 'slippage': 450.0, 'total_rupees': 729.5, 'points_equivalent': 9.73}",2025,True,False
2025-12-15,True,,26050.0,2025-12-16,2025-12-23,25851.35,198.65,117.15,281.65,164.5,198.65,279.85,81.2,83.3,75.0,720.65,1170.65,5526.85,5076.85,6247.5,"{'brokerage': 160.0, 'stt': 39.56, 'exchange_turnover': 35.01, 'sebi_turnover': 0.07, 'stamp_duty': 0.89, 'gst': 35.11, 'slippage': 450.0, 'total_rupees': 720.65, 'points_equivalent': 9.61}",2025,True,False
2025-12-16,False,front_is_same_day,,,,,,,,,,,,,,,,,,,,2025,False,False
2025-12-17,True,,25850.0,2025-12-23,2025-12-30,26165.95,315.95,231.35,346.05,114.7,315.95,394.65,78.7,36.0,75.0,760.82,1210.82,1939.18,1489.18,2700.0,"{'brokerage': 160.0, 'stt': 57.97, 'exchange_turnover': 52.98, 'sebi_turnover': 0.1, 'stamp_duty': 1.41, 'gst': 38.36, 'slippage': 450.0, 'total_rupees': 760.82, 'points_equivalent': 10.14}",2025,True,False
2025-12-18,True,,25850.0,2025-12-23,2025-12-30,26165.95,315.95,197.0,320.4,123.4,315.95,394.65,78.7,44.7,75.0,755.14,1205.14,2597.36,2147.36,3352.5,"{'brokerage': 160.0, 'stt': 55.42, 'exchange_turnover': 50.4, 'sebi_turnover': 0.1, 'stamp_duty': 1.33, 'gst': 37.89, 'slippage': 450.0, 'total_rupees': 755.14, 'points_equivalent': 10.07}",2025,True,False
2025-12-19,True,,26000.0,2025-12-23,2025-12-30,26165.95,165.95,153.35,287.85,134.5,165.95,290.15,124.2,10.3,75.0,724.6,1174.6,47.9,-402.1,772.5,"{'brokerage': 160.0, 'stt': 40.66, 'exchange_turnover': 37.33, 'sebi_turnover': 0.07, 'stamp_duty': 1.0, 'gst': 35.53, 'slippage': 450.0, 'total_rupees': 724.6, 'points_equivalent': 9.66}",2025,True,False
2025-12-22,True,,26150.0,2025-12-23,2025-12-30,26165.95,15.95,106.85,263.75,156.9,15.95,227.85,211.9,-55.0,75.0,694.27,1144.27,-4819.27,-5269.27,-4125.0,"{'brokerage': 160.0, 'stt': 24.88, 'exchange_turnover': 25.24, 'sebi_turnover': 0.05, 'stamp_duty': 0.75, 'gst': 33.35, 'slippage': 450.0, 'total_rupees': 694.27, 'points_equivalent': 9.26}",2025,True,False
2025-12-23,False,front_is_same_day,,,,,,,,,,,,,,,,,,,,2025,False,False
2025-12-24,True,,26200.0,2025-12-30,2026-01-06,25970.55,229.45,171.85,293.25,121.4,229.45,270.95,41.5,79.9,75.0,730.97,1180.97,5261.53,4811.53,5992.5,"{'brokerage': 160.0, 'stt': 44.67, 'exchange_turnover': 39.33, 'sebi_turnover': 0.08, 'stamp_duty': 1.0, 'gst': 35.89, 'slippage': 450.0, 'total_rupees': 730.97, 'points_equivalent': 9.75}",2025,True,False
2025-12-26,True,,26050.0,2025-12-30,2026-01-06,25970.55,79.45,132.0,270.5,138.5,79.45,223.35,143.9,-5.4,75.0,705.94,1155.94,-1110.94,-1560.94,-405.0,"{'brokerage': 160.0, 'stt': 31.58, 'exchange_turnover': 29.4, 'sebi_turnover': 0.06, 'stamp_duty': 0.8, 'gst': 34.1, 'slippage': 450.0, 'total_rupees': 705.94, 'points_equivalent': 9.41}",2025,True,False
2025-12-29,True,,25950.0,2025-12-30,2026-01-06,25970.55,20.55,98.9,252.7,153.8,20.55,224.15,203.6,-49.8,75.0,692.33,1142.33,-4427.33,-4877.33,-3735.0,"{'brokerage': 160.0, 'stt': 24.0, 'exchange_turnover': 24.36, 'sebi_turnover': 0.05, 'stamp_duty': 0.73, 'gst': 33.19, 'slippage': 450.0, 'total_rupees': 692.33, 'points_equivalent': 9.23}",2025,True,False
2025-12-30,False,front_is_same_day,,,,,,,,,,,,,,,,,,,,2025,False,False
2025-12-31,True,,26200.0,2026-01-06,2026-01-13,26174.65,25.35,199.55,312.3,112.75,25.35,220.55,195.2,-82.45,65.0,640.2,1030.2,-5999.45,-6389.45,-5359.25,"{'brokerage': 160.0, 'stt': 27.72, 'exchange_turnover': 27.79, 'sebi_turnover': 0.06, 'stamp_duty': 0.82, 'gst': 33.81, 'slippage': 390.0, 'total_rupees': 640.2, 'points_equivalent': 9.85}",2025,True,False
2026-01-01,True,,26200.0,2026-01-06,2026-01-13,26174.65,25.35,158.15,275.7,117.55,25.35,220.55,195.2,-77.65,65.0,632.14,1022.14,-5679.39,-6069.39,-5047.25,"{'brokerage': 160.0, 'stt': 23.73, 'exchange_turnover': 24.42, 'sebi_turnover': 0.05, 'stamp_duty': 0.74, 'gst': 33.2, 'slippage': 390.0, 'total_rupees': 632.14, 'points_equivalent': 9.73}",2026,True,False
2026-01-02,True,,26350.0,2026-01-06,2026-01-13,26174.65,175.35,133.95,273.1,139.15,175.35,244.65,69.3,69.85,65.0,646.47,1036.47,3893.78,3503.78,4540.25,"{'brokerage': 160.0, 'stt': 32.71, 'exchange_turnover': 28.95, 'sebi_turnover': 0.06, 'stamp_duty': 0.74, 'gst': 34.02, 'slippage': 390.0, 'total_rupees': 646.47, 'points_equivalent': 9.95}",2026,True,False
2026-01-05,True,,26250.0,2026-01-06,2026-01-13,26174.65,75.35,99.65,258.85,159.2,75.35,221.65,146.3,12.9,65.0,630.64,1020.64,207.86,-182.14,838.5,"{'brokerage': 160.0, 'stt': 24.26, 'exchange_turnover': 22.8, 'sebi_turnover': 0.05, 'stamp_duty': 0.63, 'gst': 32.91, 'slippage': 390.0, 'total_rupees': 630.64, 'points_equivalent': 9.7}",2026,True,False
2026-01-06,False,front_is_same_day,,,,,,,,,,,,,,,,,,,,2026,False,False
2026-01-07,True,,26150.0,2026-01-13,2026-01-20,25714.2,435.8,190.7,314.2,123.5,435.8,442.75,6.95,116.55,65.0,692.98,1082.98,6882.77,6492.77,7575.75,"{'brokerage': 160.0, 'stt': 55.32, 'exchange_turnover': 48.73, 'sebi_turnover': 0.1, 'stamp_duty': 1.24, 'gst': 37.59, 'slippage': 390.0, 'total_rupees': 692.98, 'points_equivalent': 10.66}",2026,True,False
2026-01-08,True,,25900.0,2026-01-13,2026-01-20,25714.2,185.8,191.35,329.2,137.85,185.8,297.3,111.5,26.35,65.0,663.05,1053.05,1049.7,659.7,1712.75,"{'brokerage': 160.0, 'stt': 40.28, 'exchange_turnover': 36.38, 'sebi_turnover': 0.07, 'stamp_duty': 0.95, 'gst': 35.36, 'slippage': 390.0, 'total_rupees': 663.05, 'points_equivalent': 10.2}",2026,True,False
2026-01-09,True,,25700.0,2026-01-13,2026-01-20,25714.2,14.2,184.6,333.45,148.85,14.2,282.6,268.4,-119.55,65.0,642.72,1032.72,-8413.47,-8803.47,-7770.75,"{'brokerage': 160.0, 'stt': 28.1, 'exchange_turnover': 29.53, 'sebi_turnover': 0.06, 'stamp_duty': 0.91, 'gst': 34.13, 'slippage': 390.0, 'total_rupees': 642.72, 'points_equivalent': 9.89}",2026,True,False
2026-01-12,True,,25800.0,2026-01-13,2026-01-20,25714.2,85.8,138.1,327.45,189.35,85.8,278.25,192.45,-3.1,65.0,646.14,1036.14,-847.64,-1237.64,-201.5,"{'brokerage': 160.0, 'stt': 31.54, 'exchange_turnover': 29.6, 'sebi_turnover': 0.06, 'stamp_duty': 0.81, 'gst': 34.14, 'slippage': 390.0, 'total_rupees': 646.14, 'points_equivalent': 9.94}",2026,True,False
2026-01-13,False,front_is_same_day,,,,,,,,,,,,,,,,,,,,2026,False,False
2026-01-14,True,,25700.0,2026-01-20,2026-01-27,25225.35,474.65,248.25,372.3,124.05,474.65,494.05,19.4,104.65,65.0,709.06,1099.06,6093.19,5703.19,6802.25,"{'brokerage': 160.0, 'stt': 62.61, 'exchange_turnover': 55.99, 'sebi_turnover': 0.11, 'stamp_duty': 1.45, 'gst': 38.9, 'slippage': 390.0, 'total_rupees': 709.06, 'points_equivalent': 10.91}",2026,True,False
2026-01-16,True,,25700.0,2026-01-20,2026-01-27,25225.35,474.65,207.1,347.85,140.75,474.65,494.05,19.4,121.35,65.0,704.39,1094.39,7183.36,6793.36,7887.75,"{'brokerage': 160.0, 'stt': 60.75, 'exchange_turnover': 53.69, 'sebi_turnover': 0.11, 'stamp_duty': 1.37, 'gst': 38.48, 'slippage': 390.0, 'total_rupees': 704.39, 'points_equivalent': 10.84}",2026,True,False
2026-01-19,True,,25600.0,2026-01-20,2026-01-27,25225.35,374.65,130.6,306.2,175.6,374.65,423.0,48.35,127.25,65.0,677.68,1067.68,7593.57,7203.57,8271.25,"{'brokerage': 160.0, 'stt': 47.78, 'exchange_turnover': 42.3, 'sebi_turnover': 0.08, 'stamp_duty': 1.08, 'gst': 36.43, 'slippage': 390.0, 'total_rupees': 677.68, 'points_equivalent': 10.43}",2026,True,False
2026-01-20,False,front_is_same_day,,,,,,,,,,,,,,,,,,,,2026,False,False
2026-01-21,True,,25200.0,2026-01-27,2026-02-03,25234.1,34.1,311.65,575.75,264.1,34.1,499.25,465.15,-201.05,65.0,692.4,1082.4,-13760.65,-14150.65,-13068.25,"{'brokerage': 160.0, 'stt': 50.43, 'exchange_turnover': 52.09, 'sebi_turnover': 0.1, 'stamp_duty': 1.58, 'gst': 38.19, 'slippage': 390.0, 'total_rupees': 692.4, 'points_equivalent': 10.65}",2026,True,False
2026-01-22,True,,25350.0,2026-01-27,2026-02-03,25234.1,115.9,237.3,538.5,301.2,115.9,487.8,371.9,-70.7,65.0,688.7,1078.7,-5284.2,-5674.2,-4595.5,"{'brokerage': 160.0, 'stt': 50.31, 'exchange_turnover': 49.21, 'sebi_turnover': 0.1, 'stamp_duty': 1.41, 'gst': 37.67, 'slippage': 390.0, 'total_rupees': 688.7, 'points_equivalent': 10.6}",2026,True,False
2026-01-23,True,,25100.0,2026-01-27,2026-02-03,25234.1,134.1,218.95,554.85,335.9,134.1,524.95,390.85,-54.95,65.0,692.79,1082.79,-4264.54,-4654.54,-3571.75,"{'brokerage': 160.0, 'stt': 52.39, 'exchange_turnover': 50.88, 'sebi_turnover': 0.1, 'stamp_duty': 1.45, 'gst': 37.98, 'slippage': 390.0, 'total_rupees': 692.79, 'points_equivalent': 10.66}",2026,True,False
2026-01-27,False,front_is_same_day,,,,,,,,,,,,,,,,,,,,2026,False,False
2026-01-28,True,,25400.0,2026-02-03,2026-02-10,25714.8,314.8,417.9,542.9,125.0,314.8,488.8,174.0,-49.0,65.0,728.08,1118.08,-3913.08,-4303.08,-3185.0,"{'brokerage': 160.0, 'stt': 70.33, 'exchange_turnover': 65.28, 'sebi_turnover': 0.13, 'stamp_duty': 1.77, 'gst': 40.57, 'slippage': 390.0, 'total_rupees': 728.08, 'points_equivalent': 11.2}",2026,True,False
2026-01-29,True,,25500.0,2026-02-03,2026-02-10,25714.8,214.8,372.5,505.15,132.65,214.8,437.95,223.15,-90.5,65.0,708.31,1098.31,-6590.81,-6980.81,-5882.5,"{'brokerage': 160.0, 'stt': 60.41, 'exchange_turnover': 57.11, 'sebi_turnover': 0.11, 'stamp_duty': 1.58, 'gst': 39.1, 'slippage': 390.0, 'total_rupees': 708.31, 'points_equivalent': 10.9}",2026,True,False
2026-01-30,True,,25350.0,2026-02-03,2026-02-10,25714.8,364.8,392.75,523.8,131.05,364.8,522.45,157.65,-26.6,65.0,729.1,1119.1,-2458.1,-2848.1,-1729.0,"{'brokerage': 160.0, 'stt': 70.75, 'exchange_turnover': 65.77, 'sebi_turnover': 0.13, 'stamp_duty': 1.78, 'gst': 40.66, 'slippage': 390.0, 'total_rupees': 729.1, 'points_equivalent': 11.22}",2026,True,False
2026-02-02,True,,25100.0,2026-02-03,2026-02-10,25714.8,614.8,188.55,421.0,232.45,614.8,710.9,96.1,136.35,65.0,734.51,1124.51,8128.24,7738.24,8862.75,"{'brokerage': 160.0, 'stt': 74.54, 'exchange_turnover': 67.17, 'sebi_turnover': 0.13, 'stamp_duty': 1.75, 'gst': 40.91, 'slippage': 390.0, 'total_rupees': 734.51, 'points_equivalent': 11.3}",2026,True,False
2026-02-03,False,front_is_same_day,,,,,,,,,,,,,,,,,,,,2026,False,False
2026-02-04,True,,25800.0,2026-02-10,2026-02-17,25916.8,116.8,319.35,445.0,125.65,116.8,313.4,196.6,-70.95,65.0,679.6,1069.6,-5291.35,-5681.35,-4611.75,"{'brokerage': 160.0, 'stt': 46.97, 'exchange_turnover': 44.49, 'sebi_turnover': 0.09, 'stamp_duty': 1.23, 'gst': 36.82, 'slippage': 390.0, 'total_rupees': 679.6, 'points_equivalent': 10.46}",2026,True,False
2026-02-05,True,,25700.0,2026-02-10,2026-02-17,25916.8,216.8,270.25,401.4,131.15,216.8,363.65,146.85,-15.7,65.0,684.66,1074.66,-1705.16,-2095.16,-1020.5,"{'brokerage': 160.0, 'stt': 50.11, 'exchange_turnover': 46.11, 'sebi_turnover': 0.09, 'stamp_duty': 1.24, 'gst': 37.12, 'slippage': 390.0, 'total_rupees': 684.66, 'points_equivalent': 10.53}",2026,True,False
2026-02-06,True,,25700.0,2026-02-10,2026-02-17,25916.8,216.8,205.1,362.9,157.8,216.8,363.65,146.85,10.95,65.0,674.07,1064.07,37.68,-352.32,711.75,"{'brokerage': 160.0, 'stt': 45.14, 'exchange_turnover': 41.46, 'sebi_turnover': 0.08, 'stamp_duty': 1.11, 'gst': 36.28, 'slippage': 390.0, 'total_rupees': 674.07, 'points_equivalent': 10.37}",2026,True,False
2026-02-09,True,,25850.0,2026-02-10,2026-02-17,25916.8,66.8,141.95,328.3,186.35,66.8,295.05,228.25,-41.9,65.0,644.3,1034.3,-3367.8,-3757.8,-2723.5,"{'brokerage': 160.0, 'stt': 29.86, 'exchange_turnover': 29.42, 'sebi_turnover': 0.06, 'stamp_duty': 0.85, 'gst': 34.11, 'slippage': 390.0, 'total_rupees': 644.3, 'points_equivalent': 9.91}",2026,True,False
2026-02-10,False,front_is_same_day,,,,,,,,,,,,,,,,,,,,2026,False,False
2026-02-11,True,,26000.0,2026-02-17,2026-02-24,25716.0,284.0,240.15,371.2,131.05,284.0,364.65,80.65,50.4,65.0,682.48,1072.48,2593.52,2203.52,3276.0,"{'brokerage': 160.0, 'stt': 49.48, 'exchange_turnover': 44.84, 'sebi_turnover': 0.09, 'stamp_duty': 1.18, 'gst': 36.89, 'slippage': 390.0, 'total_rupees': 682.48, 'points_equivalent': 10.5}",2026,True,False
2026-02-12,True,,25850.0,2026-02-17,2026-02-24,25716.0,134.0,217.55,357.45,139.9,134.0,313.25,179.25,-39.35,65.0,662.02,1052.02,-3219.77,-3609.77,-2557.75,"{'brokerage': 160.0, 'stt': 38.56, 'exchange_turnover': 36.9, 'sebi_turnover': 0.07, 'stamp_duty': 1.04, 'gst': 35.45, 'slippage': 390.0, 'total_rupees': 662.02, 'points_equivalent': 10.18}",2026,True,False
2026-02-13,True,,25500.0,2026-02-17,2026-02-24,25716.0,216.0,224.8,397.5,172.7,216.0,385.75,169.75,2.95,65.0,679.0,1069.0,-487.25,-877.25,191.75,"{'brokerage': 160.0, 'stt': 47.16, 'exchange_turnover': 43.86, 'sebi_turnover': 0.09, 'stamp_duty': 1.19, 'gst': 36.71, 'slippage': 390.0, 'total_rupees': 679.0, 'points_equivalent': 10.45}",2026,True,False
2026-02-16,True,,25700.0,2026-02-17,2026-02-24,25716.0,16.0,156.55,354.65,198.1,16.0,312.85,296.85,-98.75,65.0,645.0,1035.0,-7063.75,-7453.75,-6418.75,"{'brokerage': 160.0, 'stt': 29.47, 'exchange_turnover': 30.29, 'sebi_turnover': 0.06, 'stamp_duty': 0.92, 'gst': 34.26, 'slippage': 390.0, 'total_rupees': 645.0, 'points_equivalent': 9.92}",2026,True,False
2026-02-17,False,front_is_same_day,,,,,,,,,,,,,,,,,,,,2026,False,False
2026-02-18,True,,25850.0,2026-02-24,2026-03-02,25459.35,390.65,260.55,387.5,126.95,390.65,468.5,77.85,49.1,65.0,701.86,1091.86,2489.64,2099.64,3191.5,"{'brokerage': 160.0, 'stt': 58.45, 'exchange_turnover': 53.45, 'sebi_turnover': 0.11, 'stamp_duty': 1.42, 'gst': 38.44, 'slippage': 390.0, 'total_rupees': 701.86, 'points_equivalent': 10.8}",2026,True,False
2026-02-19,True,,25500.0,2026-02-24,2026-03-02,25459.35,40.65,280.5,427.05,146.55,40.65,356.9,316.25,-169.7,65.0,665.92,1055.92,-11696.42,-12086.42,-11030.5,"{'brokerage': 160.0, 'stt': 38.29, 'exchange_turnover': 40.26, 'sebi_turnover': 0.08, 'stamp_duty': 1.24, 'gst': 36.06, 'slippage': 390.0, 'total_rupees': 665.92, 'points_equivalent': 10.24}",2026,True,False
2026-02-20,True,,25650.0,2026-02-24,2026-03-02,25459.35,190.65,246.5,411.3,164.8,190.65,375.5,184.85,-20.05,65.0,676.69,1066.69,-1979.94,-2369.94,-1303.25,"{'brokerage': 160.0, 'stt': 45.42, 'exchange_turnover': 43.35, 'sebi_turnover': 0.09, 'stamp_duty': 1.21, 'gst': 36.62, 'slippage': 390.0, 'total_rupees': 676.69, 'points_equivalent': 10.41}",2026,True,False
2026-02-23,True,,25700.0,2026-02-24,2026-03-02,25459.35,240.65,171.3,380.1,208.8,240.65,392.35,151.7,57.1,65.0,675.53,1065.53,3035.97,2645.97,3711.5,"{'brokerage': 160.0, 'stt': 46.18, 'exchange_turnover': 41.82, 'sebi_turnover': 0.08, 'stamp_duty': 1.1, 'gst': 36.34, 'slippage': 390.0, 'total_rupees': 675.53, 'points_equivalent': 10.39}",2026,True,False
2026-02-24,False,front_is_same_day,,,,,,,,,,,,,,,,,,,,2026,False,False
2026-02-25,True,,25550.0,2026-03-02,2026-03-10,24849.75,700.25,292.85,467.25,174.4,700.25,744.45,44.2,130.2,65.0,755.38,1145.38,7707.62,7317.62,8463.0,"{'brokerage': 160.0, 'stt': 84.09, 'exchange_turnover': 76.52, 'sebi_turnover': 0.15, 'stamp_duty': 2.02, 'gst': 42.6, 'slippage': 390.0, 'total_rupees': 755.38, 'points_equivalent': 11.62}",2026,True,False
2026-02-26,True,,25500.0,2026-03-02,2026-03-10,24849.75,650.25,235.85,433.1,197.25,650.25,706.95,56.7,140.55,65.0,742.6,1132.6,8393.15,8003.15,9135.75,"{'brokerage': 160.0, 'stt': 78.5, 'exchange_turnover': 70.59, 'sebi_turnover': 0.14, 'stamp_duty': 1.84, 'gst': 41.53, 'slippage': 390.0, 'total_rupees': 742.6, 'points_equivalent': 11.42}",2026,True,False
2026-02-27,True,,25250.0,2026-03-02,2026-03-10,24849.75,400.25,207.4,444.75,237.35,400.25,573.65,173.4,63.95,65.0,707.54,1097.54,3449.21,3059.21,4156.75,"{'brokerage': 160.0, 'stt': 60.68, 'exchange_turnover': 56.28, 'sebi_turnover': 0.11, 'stamp_duty': 1.52, 'gst': 38.95, 'slippage': 390.0, 'total_rupees': 707.54, 'points_equivalent': 10.89}",2026,True,False
2026-03-02,False,front_is_same_day,,,,,,,,,,,,,,,,,,,,2026,False,False
2026-03-04,True,,24700.0,2026-03-10,2026-03-17,24286.15,413.85,622.05,808.2,186.15,413.85,576.0,162.15,24.0,65.0,776.28,1166.28,783.72,393.72,1560.0,"{'brokerage': 160.0, 'stt': 93.08, 'exchange_turnover': 86.33, 'sebi_turnover': 0.17, 'stamp_duty': 2.34, 'gst': 44.37, 'slippage': 390.0, 'total_rupees': 776.28, 'points_equivalent': 11.94}",2026,True,False
2026-03-05,True,,24850.0,2026-03-10,2026-03-17,24286.15,563.85,416.95,632.9,215.95,563.85,643.15,79.3,136.65,65.0,764.24,1154.24,8118.01,7728.01,8882.25,"{'brokerage': 160.0, 'stt': 89.06, 'exchange_turnover': 79.77, 'sebi_turnover': 0.16, 'stamp_duty': 2.07, 'gst': 43.19, 'slippage': 390.0, 'total_rupees': 764.24, 'points_equivalent': 11.76}",2026,True,False
2026-03-06,True,,24500.0,2026-03-10,2026-03-17,24286.15,213.85,459.05,728.1,269.05,213.85,530.55,316.7,-47.65,65.0,738.5,1128.5,-3835.75,-4225.75,-3097.25,"{'brokerage': 160.0, 'stt': 74.74, 'exchange_turnover': 70.23, 'sebi_turnover': 0.14, 'stamp_duty': 1.93, 'gst': 41.47, 'slippage': 390.0, 'total_rupees': 738.5, 'points_equivalent': 11.36}",2026,True,False
2026-03-09,True,,24100.0,2026-03-10,2026-03-17,24286.15,186.15,375.05,815.6,440.55,186.15,596.55,410.4,30.15,65.0,744.3,1134.3,1215.45,825.45,1959.75,"{'brokerage': 160.0, 'stt': 78.83, 'exchange_turnover': 71.7, 'sebi_turnover': 0.14, 'stamp_duty': 1.89, 'gst': 41.73, 'slippage': 390.0, 'total_rupees': 744.3, 'points_equivalent': 11.45}",2026,True,False
2026-03-10,False,front_is_same_day,,,,,,,,,,,,,,,,,,,,2026,False,False
2026-03-11,True,,24000.0,2026-03-17,2026-03-24,23558.8,441.2,584.95,803.75,218.8,441.2,568.1,126.9,91.9,65.0,779.97,1169.97,5193.53,4803.53,5973.5,"{'brokerage': 160.0, 'stt': 96.53, 'exchange_turnover': 86.6, 'sebi_turnover': 0.17, 'stamp_duty': 2.25, 'gst': 44.42, 'slippage': 390.0, 'total_rupees': 779.97, 'points_equivalent': 12.0}",2026,True,False
2026-03-12,True,,23750.0,2026-03-17,2026-03-24,23558.8,191.2,498.4,762.6,264.2,191.2,502.1,310.9,-46.7,65.0,740.36,1130.36,-3775.86,-4165.86,-3035.5,"{'brokerage': 160.0, 'stt': 75.63, 'exchange_turnover': 71.03, 'sebi_turnover': 0.14, 'stamp_duty': 1.95, 'gst': 41.61, 'slippage': 390.0, 'total_rupees': 740.36, 'points_equivalent': 11.39}",2026,True,False
2026-03-13,True,,23200.0,2026-03-17,2026-03-24,23558.8,358.8,488.85,810.15,321.3,358.8,656.25,297.45,23.85,65.0,774.53,1164.53,775.72,385.72,1550.25,"{'brokerage': 160.0, 'stt': 93.33, 'exchange_turnover': 84.72, 'sebi_turnover': 0.17, 'stamp_duty': 2.23, 'gst': 44.08, 'slippage': 390.0, 'total_rupees': 774.53, 'points_equivalent': 11.92}",2026,True,False
2026-03-16,True,,23400.0,2026-03-17,2026-03-24,23558.8,158.8,307.1,683.9,376.8,158.8,563.75,404.95,-28.15,65.0,718.4,1108.4,-2548.15,-2938.15,-1829.75,"{'brokerage': 160.0, 'stt': 65.18, 'exchange_turnover': 61.5, 'sebi_turnover': 0.12, 'stamp_duty': 1.7, 'gst': 39.89, 'slippage': 390.0, 'total_rupees': 718.4, 'points_equivalent': 11.05}",2026,True,False
2026-03-17,False,front_is_same_day,,,,,,,,,,,,,,,,,,,,2026,False,False
2026-03-18,True,,23850.0,2026-03-24,2026-03-30,22958.4,891.6,425.05,597.25,172.2,891.6,1009.9,118.3,53.9,65.0,809.8,1199.8,2693.7,2303.7,3503.5,"{'brokerage': 160.0, 'stt': 108.01, 'exchange_turnover': 101.65, 'sebi_turnover': 0.2, 'stamp_duty': 2.8, 'gst': 47.13, 'slippage': 390.0, 'total_rupees': 809.8, 'points_equivalent': 12.46}",2026,True,False
2026-03-19,True,,23100.0,2026-03-24,2026-03-30,22958.4,141.6,520.4,741.6,221.2,141.6,645.05,503.45,-282.25,65.0,741.14,1131.14,-19087.39,-19477.39,-18346.25,"{'brokerage': 160.0, 'stt': 71.91, 'exchange_turnover': 74.57, 'sebi_turnover': 0.15, 'stamp_duty': 2.27, 'gst': 42.25, 'slippage': 390.0, 'total_rupees': 741.14, 'points_equivalent': 11.4}",2026,True,False
2026-03-20,True,,23200.0,2026-03-24,2026-03-30,22958.4,241.6,475.75,712.4,236.65,241.6,661.0,419.4,-182.75,65.0,744.97,1134.97,-12623.72,-13013.72,-11878.75,"{'brokerage': 160.0, 'stt': 75.04, 'exchange_turnover': 75.21, 'sebi_turnover': 0.15, 'stamp_duty': 2.22, 'gst': 42.36, 'slippage': 390.0, 'total_rupees': 744.97, 'points_equivalent': 11.46}",2026,True,False
2026-03-23,True,,22550.0,2026-03-24,2026-03-30,22958.4,408.4,394.55,829.25,434.7,408.4,760.1,351.7,83.0,65.0,776.68,1166.68,4618.32,4228.32,5395.0,"{'brokerage': 160.0, 'stt': 94.44, 'exchange_turnover': 85.59, 'sebi_turnover': 0.17, 'stamp_duty': 2.25, 'gst': 44.24, 'slippage': 390.0, 'total_rupees': 776.68, 'points_equivalent': 11.95}",2026,True,False
2026-03-24,False,front_is_same_day,,,,,,,,,,,,,,,,,,,,2026,False,False
2026-03-25,True,,23400.0,2026-03-30,2026-04-07,22379.2,1020.8,544.3,875.6,331.3,1020.8,1155.45,134.65,196.65,65.0,868.27,1258.27,11913.98,11523.98,12782.25,"{'brokerage': 160.0, 'stt': 137.87, 'exchange_turnover': 125.42, 'sebi_turnover': 0.25, 'stamp_duty': 3.31, 'gst': 51.42, 'slippage': 390.0, 'total_rupees': 868.27, 'points_equivalent': 13.36}",2026,True,False
2026-03-27,True,,22850.0,2026-03-30,2026-04-07,22379.2,470.8,425.6,948.15,522.55,470.8,840.85,370.05,152.5,65.0,798.32,1188.32,9114.18,8724.18,9912.5,"{'brokerage': 160.0, 'stt': 105.13, 'exchange_turnover': 94.66, 'sebi_turnover': 0.19, 'stamp_duty': 2.47, 'gst': 45.87, 'slippage': 390.0, 'total_rupees': 798.32, 'points_equivalent': 12.28}",2026,True,False
2026-03-30,False,front_is_same_day,,,,,,,,,,,,,,,,,,,,2026,False,False
2026-04-01,True,,22800.0,2026-04-07,2026-04-13,23129.95,329.95,610.1,877.15,267.05,329.95,749.2,419.25,-152.2,65.0,795.07,1185.07,-10688.07,-11078.07,-9893.0,"{'brokerage': 160.0, 'stt': 100.73, 'exchange_turnover': 95.49, 'sebi_turnover': 0.19, 'stamp_duty': 2.65, 'gst': 46.02, 'slippage': 390.0, 'total_rupees': 795.07, 'points_equivalent': 12.23}",2026,True,False
2026-04-02,True,,22750.0,2026-04-07,2026-04-13,23129.95,379.95,545.85,854.6,308.75,379.95,773.65,393.7,-84.95,65.0,791.8,1181.8,-6313.55,-6703.55,-5521.75,"{'brokerage': 160.0, 'stt': 99.69, 'exchange_turnover': 93.66, 'sebi_turnover': 0.19, 'stamp_duty': 2.57, 'gst': 45.69, 'slippage': 390.0, 'total_rupees': 791.8, 'points_equivalent': 12.18}",2026,True,False
2026-04-06,True,,23000.0,2026-04-07,2026-04-13,23129.95,129.95,361.7,774.75,413.05,129.95,687.95,558.0,-144.95,65.0,735.52,1125.52,-10157.27,-10547.27,-9421.75,"{'brokerage': 160.0, 'stt': 71.34, 'exchange_turnover': 70.48, 'sebi_turnover': 0.14, 'stamp_duty': 2.05, 'gst': 41.51, 'slippage': 390.0, 'total_rupees': 735.52, 'points_equivalent': 11.32}",2026,True,False
2026-04-07,False,front_is_same_day,,,,,,,,,,,,,,,,,,,,2026,False,False
2026-04-08,True,,24050.0,2026-04-13,2026-04-21,23818.9,231.1,423.75,669.5,245.75,231.1,590.4,359.3,-113.55,65.0,733.36,1123.36,-8114.11,-8504.11,-7380.75,"{'brokerage': 160.0, 'stt': 70.9, 'exchange_turnover': 69.09, 'sebi_turnover': 0.14, 'stamp_duty': 1.98, 'gst': 41.26, 'slippage': 390.0, 'total_rupees': 733.36, 'points_equivalent': 11.28}",2026,True,False
2026-04-09,True,,23850.0,2026-04-13,2026-04-21,23818.9,31.1,386.6,680.6,294.0,31.1,589.9,558.8,-264.8,65.0,710.23,1100.23,-17922.23,-18312.23,-17212.0,"{'brokerage': 160.0, 'stt': 57.37, 'exchange_turnover': 61.03, 'sebi_turnover': 0.12, 'stamp_duty': 1.9, 'gst': 39.81, 'slippage': 390.0, 'total_rupees': 710.23, 'points_equivalent': 10.93}",2026,True,False
2026-04-10,True,,24050.0,2026-04-13,2026-04-21,23818.9,231.1,282.6,581.5,298.9,231.1,590.4,359.3,-60.4,65.0,713.48,1103.48,-4639.48,-5029.48,-3926.0,"{'brokerage': 160.0, 'stt': 62.05, 'exchange_turnover': 59.99, 'sebi_turnover': 0.12, 'stamp_duty': 1.7, 'gst': 39.62, 'slippage': 390.0, 'total_rupees': 713.48, 'points_equivalent': 10.98}",2026,True,False
2026-04-13,False,front_is_same_day,,,,,,,,,,,,,,,,,,,,2026,False,False
2026-04-15,True,,24300.0,2026-04-21,2026-04-28,24580.6,280.6,437.95,634.7,196.75,280.6,560.9,280.3,-83.55,65.0,740.88,1130.88,-6171.63,-6561.63,-5430.75,"{'brokerage': 160.0, 'stt': 75.99, 'exchange_turnover': 71.16, 'sebi_turnover': 0.14, 'stamp_duty': 1.95, 'gst': 41.63, 'slippage': 390.0, 'total_rupees': 740.88, 'points_equivalent': 11.4}",2026,True,False
2026-04-16,True,,24200.0,2026-04-21,2026-04-28,24580.6,380.6,373.1,612.7,239.6,380.6,608.3,227.7,11.9,65.0,741.97,1131.97,31.53,-358.47,773.5,"{'brokerage': 160.0, 'stt': 77.12, 'exchange_turnover': 71.16, 'sebi_turnover': 0.14, 'stamp_duty': 1.91, 'gst': 41.63, 'slippage': 390.0, 'total_rupees': 741.97, 'points_equivalent': 11.41}",2026,True,False
2026-04-17,True,,24400.0,2026-04-21,2026-04-28,24580.6,180.6,314.35,553.7,239.35,180.6,522.5,341.9,-102.55,65.0,707.9,1097.9,-7373.65,-7763.65,-6665.75,"{'brokerage': 160.0, 'stt': 59.48, 'exchange_turnover': 57.51, 'sebi_turnover': 0.11, 'stamp_duty': 1.63, 'gst': 39.17, 'slippage': 390.0, 'total_rupees': 707.9, 'points_equivalent': 10.89}",2026,True,False
2026-04-20,True,,24350.0,2026-04-21,2026-04-28,24580.6,230.6,262.6,580.55,317.95,230.6,539.55,308.95,9.0,65.0,710.05,1100.05,-125.05,-515.05,585.0,"{'brokerage': 160.0, 'stt': 61.71, 'exchange_turnover': 57.49, 'sebi_turnover': 0.11, 'stamp_duty': 1.56, 'gst': 39.17, 'slippage': 390.0, 'total_rupees': 710.05, 'points_equivalent': 10.92}",2026,True,False
2026-04-21,False,front_is_same_day,,,,,,,,,,,,,,,,,,,,2026,False,False
2026-04-22,True,,24400.0,2026-04-28,2026-05-05,23995.7,404.3,442.9,673.45,230.55,404.3,535.45,131.15,99.4,65.0,752.5,1142.5,5708.5,5318.5,6461.0,"{'brokerage': 160.0, 'stt': 83.79, 'exchange_turnover': 74.43, 'sebi_turnover': 0.15, 'stamp_duty': 1.91, 'gst': 42.22, 'slippage': 390.0, 'total_rupees': 752.5, 'points_equivalent': 11.58}",2026,True,False
2026-04-23,True,,24200.0,2026-04-28,2026-05-05,23995.7,204.3,372.95,635.35,262.4,204.3,451.8,247.5,14.9,65.0,717.07,1107.07,251.43,-138.57,968.5,"{'brokerage': 160.0, 'stt': 65.53, 'exchange_turnover': 60.16, 'sebi_turnover': 0.12, 'stamp_duty': 1.61, 'gst': 39.65, 'slippage': 390.0, 'total_rupees': 717.07, 'points_equivalent': 11.03}",2026,True,False
2026-04-24,True,,23950.0,2026-04-28,2026-05-05,23995.7,45.7,347.45,633.65,286.2,45.7,432.15,386.45,-100.25,65.0,700.73,1090.73,-7216.98,-7606.98,-6516.25,"{'brokerage': 160.0, 'stt': 56.45, 'exchange_turnover': 54.1, 'sebi_turnover': 0.11, 'stamp_duty': 1.52, 'gst': 38.56, 'slippage': 390.0, 'total_rupees': 700.73, 'points_equivalent': 10.78}",2026,True,False
2026-04-27,True,,24100.0,2026-04-28,2026-05-05,23995.7,104.3,187.35,506.45,319.1,104.3,431.75,327.45,-8.35,65.0,678.2,1068.2,-1220.95,-1610.95,-542.75,"{'brokerage': 160.0, 'stt': 46.44, 'exchange_turnover': 43.77, 'sebi_turnover': 0.09, 'stamp_duty': 1.21, 'gst': 36.69, 'slippage': 390.0, 'total_rupees': 678.2, 'points_equivalent': 10.43}",2026,True,False
2026-04-28,False,front_is_same_day,,,,,,,,,,,,,,,,,,,,2026,False,False
2026-04-29,True,,24250.0,2026-05-05,2026-05-12,24052.15,197.85,377.3,590.9,213.6,197.85,430.4,232.55,-18.95,65.0,710.61,1100.61,-1942.36,-2332.36,-1231.75,"{'brokerage': 160.0, 'stt': 61.92, 'exchange_turnover': 57.78, 'sebi_turnover': 0.11, 'stamp_duty': 1.58, 'gst': 39.22, 'slippage': 390.0, 'total_rupees': 710.61, 'points_equivalent': 10.93}",2026,True,False
2026-04-30,True,,24050.0,2026-05-05,2026-05-12,24052.15,2.15,364.35,602.6,238.25,2.15,418.0,415.85,-177.6,65.0,692.54,1082.54,-12236.54,-12626.54,-11544.0,"{'brokerage': 160.0, 'stt': 51.25, 'exchange_turnover': 51.56, 'sebi_turnover': 0.1, 'stamp_duty': 1.53, 'gst': 38.1, 'slippage': 390.0, 'total_rupees': 692.54, 'points_equivalent': 10.65}",2026,True,False
2026-05-04,True,,24150.0,2026-05-05,2026-05-12,24052.15,97.85,220.05,516.35,296.3,97.85,415.45,317.6,-21.3,65.0,680.4,1070.4,-2064.9,-2454.9,-1384.5,"{'brokerage': 160.0, 'stt': 47.4, 'exchange_turnover': 44.8, 'sebi_turnover': 0.09, 'stamp_duty': 1.24, 'gst': 36.88, 'slippage': 390.0, 'total_rupees': 680.4, 'points_equivalent': 10.47}",2026,True,False
2026-05-05,False,front_is_same_day,,,,,,,,,,,,,,,,,,,,2026,False,False
2026-05-06,True,,24450.0,2026-05-12,2026-05-19,23429.55,1020.45,383.8,557.65,173.85,1020.45,1056.35,35.9,137.95,65.0,819.81,1209.81,8146.94,7756.94,8966.75,"{'brokerage': 160.0, 'stt': 114.15, 'exchange_turnover': 104.92, 'sebi_turnover': 0.21, 'stamp_duty': 2.81, 'gst': 47.72, 'slippage': 390.0, 'total_rupees': 819.81, 'points_equivalent': 12.61}",2026,True,False
2026-05-07,True,,24350.0,2026-05-12,2026-05-19,23429.55,920.45,341.05,535.25,194.2,920.45,959.65,39.2,155.0,65.0,801.2,1191.2,9273.8,8883.8,10075.0,"{'brokerage': 160.0, 'stt': 106.06, 'exchange_turnover': 96.26, 'sebi_turnover': 0.19, 'stamp_duty': 2.54, 'gst': 46.16, 'slippage': 390.0, 'total_rupees': 801.2, 'points_equivalent': 12.33}",2026,True,False
2026-05-08,True,,24200.0,2026-05-12,2026-05-19,23429.55,770.45,291.3,519.45,228.15,770.45,827.55,57.1,171.05,65.0,774.45,1164.45,10343.8,9953.8,11118.25,"{'brokerage': 160.0, 'stt': 93.95, 'exchange_turnover': 84.17, 'sebi_turnover': 0.17, 'stamp_duty': 2.18, 'gst': 43.98, 'slippage': 390.0, 'total_rupees': 774.45, 'points_equivalent': 11.91}",2026,True,False
2026-05-11,True,,23850.0,2026-05-12,2026-05-19,23429.55,420.45,197.8,506.55,308.75,420.45,581.75,161.3,147.45,65.0,717.58,1107.58,8866.67,8476.67,9584.25,"{'brokerage': 160.0, 'stt': 67.0, 'exchange_turnover': 59.42, 'sebi_turnover': 0.12, 'stamp_duty': 1.52, 'gst': 39.52, 'slippage': 390.0, 'total_rupees': 717.58, 'points_equivalent': 11.04}",2026,True,False
2026-05-12,False,front_is_same_day,,,,,,,,,,,,,,,,,,,,2026,False,False
2026-05-13,True,,23500.0,2026-05-19,2026-05-26,23606.2,106.2,439.2,665.4,226.2,106.2,453.65,347.45,-121.25,65.0,720.14,1110.14,-8601.39,-8991.39,-7881.25,"{'brokerage': 160.0, 'stt': 65.71, 'exchange_turnover': 62.49, 'sebi_turnover': 0.12, 'stamp_duty': 1.74, 'gst': 40.07, 'slippage': 390.0, 'total_rupees': 720.14, 'points_equivalent': 11.08}",2026,True,False
2026-05-14,True,,23700.0,2026-05-19,2026-05-26,23606.2,93.8,347.9,593.65,245.75,93.8,441.25,347.45,-101.7,65.0,700.18,1090.18,-7310.68,-7700.68,-6610.5,"{'brokerage': 160.0, 'stt': 55.86, 'exchange_turnover': 54.11, 'sebi_turnover': 0.11, 'stamp_duty': 1.54, 'gst': 38.56, 'slippage': 390.0, 'total_rupees': 700.18, 'points_equivalent': 10.77}",2026,True,False
2026-05-15,True,,23650.0,2026-05-19,2026-05-26,23606.2,43.8,317.05,581.3,264.25,43.8,439.6,395.8,-131.55,65.0,690.14,1080.14,-9240.89,-9630.89,-8550.75,"{'brokerage': 160.0, 'stt': 50.4, 'exchange_turnover': 50.29, 'sebi_turnover': 0.1, 'stamp_duty': 1.48, 'gst': 37.87, 'slippage': 390.0, 'total_rupees': 690.14, 'points_equivalent': 10.62}",2026,True,False
2026-05-18,True,,23650.0,2026-05-19,2026-05-26,23606.2,43.8,218.55,537.8,319.25,43.8,439.6,395.8,-76.55,65.0,676.81,1066.81,-5652.56,-6042.56,-4975.75,"{'brokerage': 160.0, 'stt': 44.57, 'exchange_turnover': 44.11, 'sebi_turnover': 0.09, 'stamp_duty': 1.28, 'gst': 36.76, 'slippage': 390.0, 'total_rupees': 676.81, 'points_equivalent': 10.41}",2026,True,False
2026-05-19,False,front_is_same_day,,,,,,,,,,,,,,,,,,,,2026,False,False
2026-05-20,True,,23700.0,2026-05-26,2026-06-02,23933.75,233.75,406.0,597.2,191.2,233.75,421.95,188.2,3.0,65.0,721.83,1111.83,-526.83,-916.83,195.0,"{'brokerage': 160.0, 'stt': 68.43, 'exchange_turnover': 61.73, 'sebi_turnover': 0.12, 'stamp_duty': 1.61, 'gst': 39.93, 'slippage': 390.0, 'total_rupees': 721.83, 'points_equivalent': 11.11}",2026,True,False
2026-05-21,True,,23650.0,2026-05-26,2026-06-02,23933.75,283.75,342.8,549.05,206.25,283.75,443.15,159.4,46.85,65.0,715.81,1105.81,2329.44,1939.44,3045.25,"{'brokerage': 160.0, 'stt': 65.73, 'exchange_turnover': 58.99, 'sebi_turnover': 0.12, 'stamp_duty': 1.53, 'gst': 39.44, 'slippage': 390.0, 'total_rupees': 715.81, 'points_equivalent': 11.01}",2026,True,False
2026-05-22,True,,23750.0,2026-05-26,2026-06-02,23933.75,183.75,282.3,494.4,212.1,183.75,404.3,220.55,-8.45,65.0,692.62,1082.62,-1241.87,-1631.87,-549.25,"{'brokerage': 160.0, 'stt': 53.75, 'exchange_turnover': 49.68, 'sebi_turnover': 0.1, 'stamp_duty': 1.34, 'gst': 37.76, 'slippage': 390.0, 'total_rupees': 692.62, 'points_equivalent': 10.66}",2026,True,False
2026-05-25,True,,24050.0,2026-05-26,2026-06-02,23933.75,116.25,167.75,417.3,249.55,116.25,381.3,265.05,-15.5,65.0,665.61,1055.61,-1673.11,-2063.11,-1007.5,"{'brokerage': 160.0, 'stt': 40.34, 'exchange_turnover': 38.4, 'sebi_turnover': 0.08, 'stamp_duty': 1.07, 'gst': 35.72, 'slippage': 390.0, 'total_rupees': 665.61, 'points_equivalent': 10.24}",2026,True,False
2026-05-26,False,front_is_same_day,,,,,,,,,,,,,,,,,,,,2026,False,False
2026-05-27,True,,23950.0,2026-06-02,2026-06-09,23523.3,426.7,302.65,472.45,169.8,426.7,461.65,34.95,134.85,65.0,719.35,1109.35,8045.9,7655.9,8765.25,"{'brokerage': 160.0, 'stt': 68.5, 'exchange_turnover': 59.68, 'sebi_turnover': 0.12, 'stamp_duty': 1.49, 'gst': 39.56, 'slippage': 390.0, 'total_rupees': 719.35, 'points_equivalent': 11.07}",2026,True,False
2026-05-29,True,,23750.0,2026-06-02,2026-06-09,23523.3,226.7,287.8,494.05,206.25,226.7,376.95,150.25,56.0,65.0,694.53,1084.53,2945.47,2555.47,3640.0,"{'brokerage': 160.0, 'stt': 55.5, 'exchange_turnover': 49.85, 'sebi_turnover': 0.1, 'stamp_duty': 1.3, 'gst': 37.79, 'slippage': 390.0, 'total_rupees': 694.53, 'points_equivalent': 10.69}",2026,True,False
2026-06-01,True,,23450.0,2026-06-02,2026-06-09,23523.3,73.3,182.2,440.9,258.7,73.3,375.45,302.15,-43.45,65.0,665.36,1055.36,-3489.61,-3879.61,-2824.25,"{'brokerage': 160.0, 'stt': 39.97, 'exchange_turnover': 38.49, 'sebi_turnover': 0.08, 'stamp_duty': 1.09, 'gst': 35.74, 'slippage': 390.0, 'total_rupees': 665.36, 'points_equivalent': 10.24}",2026,True,False
2026-06-02,False,front_is_same_day,,,,,,,,,,,,,,,,,,,,2026,False,False
2026-06-03,True,,23500.0,2026-06-09,2026-06-16,23257.75,242.25,385.25,548.65,163.4,242.25,389.5,147.25,16.15,65.0,712.53,1102.53,337.22,-52.78,1049.75,"{'brokerage': 160.0, 'stt': 63.96, 'exchange_turnover': 57.73, 'sebi_turnover': 0.11, 'stamp_duty': 1.51, 'gst': 39.21, 'slippage': 390.0, 'total_rupees': 712.53, 'points_equivalent': 10.96}",2026,True,False
2026-06-04,True,,23500.0,2026-06-09,2026-06-16,23257.75,242.25,313.0,499.15,186.15,242.25,389.5,147.25,38.9,65.0,699.65,1089.65,1828.85,1438.85,2528.5,"{'brokerage': 160.0, 'stt': 57.74, 'exchange_turnover': 52.22, 'sebi_turnover': 0.1, 'stamp_duty': 1.37, 'gst': 38.22, 'slippage': 390.0, 'total_rupees': 699.65, 'points_equivalent': 10.76}",2026,True,False
2026-06-05,True,,23400.0,2026-06-09,2026-06-16,23257.75,142.25,275.7,483.65,207.95,142.25,366.6,224.35,-16.4,65.0,685.13,1075.13,-1751.13,-2141.13,-1066.0,"{'brokerage': 160.0, 'stt': 50.18, 'exchange_turnover': 46.43, 'sebi_turnover': 0.09, 'stamp_duty': 1.25, 'gst': 37.17, 'slippage': 390.0, 'total_rupees': 685.13, 'points_equivalent': 10.54}",2026,True,False
2026-06-08,True,,23150.0,2026-06-09,2026-06-16,23257.75,107.75,193.9,466.1,272.2,107.75,390.8,283.05,-10.85,65.0,673.18,1063.18,-1378.43,-1768.43,-705.25,"{'brokerage': 160.0, 'stt': 44.17, 'exchange_turnover': 41.5, 'sebi_turnover': 0.08, 'stamp_duty': 1.14, 'gst': 36.28, 'slippage': 390.0, 'total_rupees': 673.18, 'points_equivalent': 10.36}",2026,True,False
2026-06-09,False,front_is_same_day,,,,,,,,,,,,,,,,,,,,2026,False,False
2026-06-10,True,,23250.0,2026-06-16,2026-06-23,23995.0,745.0,346.05,516.45,170.4,745.0,755.8,10.8,159.6,65.0,773.6,1163.6,9600.4,9210.4,10374.0,"{'brokerage': 160.0, 'stt': 93.85, 'exchange_turnover': 83.56, 'sebi_turnover': 0.17, 'stamp_duty': 2.15, 'gst': 43.87, 'slippage': 390.0, 'total_rupees': 773.6, 'points_equivalent': 11.9}",2026,True,False
2026-06-11,True,,23200.0,2026-06-16,2026-06-23,23995.0,795.0,300.55,488.75,188.2,795.0,801.1,6.1,182.1,65.0,773.95,1163.95,11062.55,10672.55,11836.5,"{'brokerage': 160.0, 'stt': 94.07, 'exchange_turnover': 83.67, 'sebi_turnover': 0.17, 'stamp_duty': 2.15, 'gst': 43.89, 'slippage': 390.0, 'total_rupees': 773.95, 'points_equivalent': 11.91}",2026,True,False
2026-06-12,True,,23650.0,2026-06-16,2026-06-23,23995.0,345.0,277.7,454.0,176.3,345.0,434.85,89.85,86.45,65.0,705.02,1095.02,4914.23,4524.23,5619.25,"{'brokerage': 160.0, 'stt': 60.84, 'exchange_turnover': 54.12, 'sebi_turnover': 0.11, 'stamp_duty': 1.39, 'gst': 38.56, 'slippage': 390.0, 'total_rupees': 705.02, 'points_equivalent': 10.85}",2026,True,False
2026-06-15,True,,23850.0,2026-06-16,2026-06-23,23995.0,145.0,171.85,397.2,225.35,145.0,346.2,201.2,24.15,65.0,663.94,1053.94,905.81,515.81,1569.75,"{'brokerage': 160.0, 'stt': 40.09, 'exchange_turnover': 37.25, 'sebi_turnover': 0.07, 'stamp_duty': 1.01, 'gst': 35.52, 'slippage': 390.0, 'total_rupees': 663.94, 'points_equivalent': 10.21}",2026,True,False
2026-06-16,False,front_is_same_day,,,,,,,,,,,,,,,,,,,,2026,False,False
2026-06-17,True,,24100.0,2026-06-23,2026-06-30,23795.25,304.75,300.15,429.2,129.05,304.75,387.1,82.35,46.7,65.0,697.42,1087.42,2338.08,1948.08,3035.5,"{'brokerage': 160.0, 'stt': 56.73, 'exchange_turnover': 51.21, 'sebi_turnover': 0.1, 'stamp_duty': 1.34, 'gst': 38.04, 'slippage': 390.0, 'total_rupees': 697.42, 'points_equivalent': 10.73}",2026,True,False
2026-06-18,True,,24150.0,2026-06-23,2026-06-30,23795.25,354.75,226.0,374.95,148.95,354.75,410.75,56.0,92.95,65.0,693.3,1083.3,5348.45,4958.45,6041.75,"{'brokerage': 160.0, 'stt': 55.45, 'exchange_turnover': 48.9, 'sebi_turnover': 0.1, 'stamp_duty': 1.24, 'gst': 37.62, 'slippage': 390.0, 'total_rupees': 693.3, 'points_equivalent': 10.67}",2026,True,False
2026-06-19,True,,24050.0,2026-06-23,2026-06-30,23795.25,254.75,201.6,365.75,164.15,254.75,356.9,102.15,62.0,65.0,675.73,1065.73,3354.27,2964.27,4030.0,"{'brokerage': 160.0, 'stt': 46.44, 'exchange_turnover': 41.78, 'sebi_turnover': 0.08, 'stamp_duty': 1.09, 'gst': 36.34, 'slippage': 390.0, 'total_rupees': 675.73, 'points_equivalent': 10.4}",2026,True,False
2026-06-22,True,,24150.0,2026-06-23,2026-06-30,23795.25,354.75,129.0,314.1,185.1,354.75,410.75,56.0,129.1,65.0,675.3,1065.3,7716.2,7326.2,8391.5,"{'brokerage': 160.0, 'stt': 46.65, 'exchange_turnover': 41.28, 'sebi_turnover': 0.08, 'stamp_duty': 1.05, 'gst': 36.24, 'slippage': 390.0, 'total_rupees': 675.3, 'points_equivalent': 10.39}",2026,True,False
2026-06-23,False,front_is_same_day,,,,,,,,,,,,,,,,,,,,2026,False,False
2026-06-24,True,,24050.0,2026-06-30,2026-07-07,23917.75,132.25,280.4,446.5,166.1,132.25,335.3,203.05,-36.95,65.0,678.4,1068.4,-3080.15,-3470.15,-2401.75,"{'brokerage': 160.0, 'stt': 46.65, 'exchange_turnover': 43.77, 'sebi_turnover': 0.09, 'stamp_duty': 1.2, 'gst': 36.69, 'slippage': 390.0, 'total_rupees': 678.4, 'points_equivalent': 10.44}",2026,True,False
2026-06-25,True,,24100.0,2026-06-30,2026-07-07,23917.75,182.25,209.45,384.85,175.4,182.25,345.55,163.3,12.1,65.0,670.8,1060.8,115.7,-274.3,786.5,"{'brokerage': 160.0, 'stt': 43.44, 'exchange_turnover': 40.16, 'sebi_turnover': 0.08, 'stamp_duty': 1.08, 'gst': 36.04, 'slippage': 390.0, 'total_rupees': 670.8, 'points_equivalent': 10.32}",2026,True,False
2026-06-29,True,,23950.0,2026-06-30,2026-07-07,23917.75,32.25,158.8,373.2,214.4,32.25,327.55,295.3,-80.9,65.0,649.81,1039.81,-5908.31,-6298.31,-5258.5,"{'brokerage': 160.0, 'stt': 32.05, 'exchange_turnover': 32.15, 'sebi_turnover': 0.06, 'stamp_duty': 0.95, 'gst': 34.6, 'slippage': 390.0, 'total_rupees': 649.81, 'points_equivalent': 10.0}",2026,True,False
2026-06-30,False,front_is_same_day,,,,,,,,,,,,,,,,,,,,2026,False,False
2026-07-01,True,,24050.0,2026-07-07,2026-07-14,24353.7,303.7,292.45,436.3,143.85,303.7,406.6,102.9,40.95,65.0,700.18,1090.18,1961.57,1571.57,2661.75,"{'brokerage': 160.0, 'stt': 58.16, 'exchange_turnover': 52.32, 'sebi_turnover': 0.1, 'stamp_duty': 1.36, 'gst': 38.24, 'slippage': 390.0, 'total_rupees': 700.18, 'points_equivalent': 10.77}",2026,True,False
2026-07-02,True,,24200.0,2026-07-07,2026-07-14,24353.7,153.7,222.6,373.7,151.1,153.7,314.3,160.6,-9.5,65.0,667.31,1057.31,-1284.81,-1674.81,-617.5,"{'brokerage': 160.0, 'stt': 41.72, 'exchange_turnover': 38.69, 'sebi_turnover': 0.08, 'stamp_duty': 1.05, 'gst': 35.78, 'slippage': 390.0, 'total_rupees': 667.31, 'points_equivalent': 10.27}",2026,True,False
2026-07-03,True,,24300.0,2026-07-07,2026-07-14,24353.7,53.7,180.3,339.05,158.75,53.7,279.55,225.85,-67.1,65.0,648.52,1038.52,-5010.02,-5400.02,-4361.5,"{'brokerage': 160.0, 'stt': 31.92, 'exchange_turnover': 31.21, 'sebi_turnover': 0.06, 'stamp_duty': 0.9, 'gst': 34.43, 'slippage': 390.0, 'total_rupees': 648.52, 'points_equivalent': 9.98}",2026,True,False
2026-07-06,True,,24400.0,2026-07-07,2026-07-14,24353.7,46.3,118.95,301.35,182.4,46.3,264.15,217.85,-35.45,65.0,637.6,1027.6,-2941.85,-3331.85,-2304.25,"{'brokerage': 160.0, 'stt': 27.04, 'exchange_turnover': 26.23, 'sebi_turnover': 0.05, 'stamp_duty': 0.75, 'gst': 33.53, 'slippage': 390.0, 'total_rupees': 637.6, 'points_equivalent': 9.81}",2026,True,False
2026-07-07,False,front_is_same_day,,,,,,,,,,,,,,,,,,,,2026,False,False
2026-07-08,True,,23900.0,2026-07-14,2026-07-21,24035.15,135.15,375.55,523.25,147.7,135.15,362.65,227.5,-79.8,65.0,697.79,1087.79,-5884.79,-6274.79,-5187.0,"{'brokerage': 160.0, 'stt': 55.67, 'exchange_turnover': 52.34, 'sebi_turnover': 0.1, 'stamp_duty': 1.44, 'gst': 38.24, 'slippage': 390.0, 'total_rupees': 697.79, 'points_equivalent': 10.74}",2026,True,False
2026-07-09,True,,24000.0,2026-07-14,2026-07-21,24035.15,35.15,273.45,436.15,162.7,35.15,348.2,313.05,-150.35,65.0,668.98,1058.98,-10441.73,-10831.73,-9772.75,"{'brokerage': 160.0, 'stt': 40.6, 'exchange_turnover': 40.91, 'sebi_turnover': 0.08, 'stamp_duty': 1.21, 'gst': 36.18, 'slippage': 390.0, 'total_rupees': 668.98, 'points_equivalent': 10.29}",2026,True,False
2026-07-10,True,,24200.0,2026-07-14,2026-07-21,24035.15,164.85,197.4,368.8,171.4,164.85,376.4,211.55,-40.15,65.0,668.09,1058.09,-3277.84,-3667.84,-2609.75,"{'brokerage': 160.0, 'stt': 41.26, 'exchange_turnover': 39.67, 'sebi_turnover': 0.08, 'stamp_duty': 1.12, 'gst': 35.96, 'slippage': 390.0, 'total_rupees': 668.09, 'points_equivalent': 10.28}",2026,True,False
2026-07-13,True,,24250.0,2026-07-14,2026-07-21,24035.15,214.85,159.5,376.25,216.75,214.85,393.15,178.3,38.45,65.0,668.72,1058.72,1830.53,1440.53,2499.25,"{'brokerage': 160.0, 'stt': 42.2, 'exchange_turnover': 39.45, 'sebi_turnover': 0.08, 'stamp_duty': 1.08, 'gst': 35.92, 'slippage': 390.0, 'total_rupees': 668.72, 'points_equivalent': 10.29}",2026,True,False
2026-07-14,False,front_is_same_day,,,,,,,,,,,,,,,,,,,,2026,False,False
2026-07-15,True,,24050.0,2026-07-21,2026-07-28,24193.05,143.05,310.0,457.95,147.95,143.05,337.7,194.65,-46.7,65.0,683.53,1073.53,-3719.03,-4109.03,-3035.5,"{'brokerage': 160.0, 'stt': 49.04, 'exchange_turnover': 46.03, 'sebi_turnover': 0.09, 'stamp_duty': 1.26, 'gst': 37.1, 'slippage': 390.0, 'total_rupees': 683.53, 'points_equivalent': 10.52}",2026,True,False
2026-07-16,True,,24100.0,2026-07-21,2026-07-28,24193.05,93.05,255.05,417.65,162.6,93.05,326.2,233.15,-70.55,65.0,669.62,1059.62,-5255.37,-5645.37,-4585.75,"{'brokerage': 160.0, 'stt': 42.03, 'exchange_turnover': 40.3, 'sebi_turnover': 0.08, 'stamp_duty': 1.13, 'gst': 36.07, 'slippage': 390.0, 'total_rupees': 669.62, 'points_equivalent': 10.3}",2026,True,False
2026-07-17,True,,24350.0,2026-07-21,2026-07-28,24193.05,156.95,246.35,426.2,179.85,156.95,340.9,183.95,-4.1,65.0,673.47,1063.47,-939.97,-1329.97,-266.5,"{'brokerage': 160.0, 'stt': 44.29, 'exchange_turnover': 41.64, 'sebi_turnover': 0.08, 'stamp_duty': 1.15, 'gst': 36.31, 'slippage': 390.0, 'total_rupees': 673.47, 'points_equivalent': 10.36}",2026,True,False
2026-07-20,True,,24250.0,2026-07-21,2026-07-28,24193.05,56.95,145.45,358.8,213.35,56.95,320.8,263.85,-50.5,65.0,648.32,1038.32,-3930.82,-4320.82,-3282.5,"{'brokerage': 160.0, 'stt': 31.63, 'exchange_turnover': 31.28, 'sebi_turnover': 0.06, 'stamp_duty': 0.91, 'gst': 34.44, 'slippage': 390.0, 'total_rupees': 648.32, 'points_equivalent': 9.97}",2026,True,False
2026-07-21,False,front_is_same_day,,,,,,,,,,,,,,,,,,,,2026,False,False
2026-07-22,True,,24000.0,2026-07-28,2026-08-04,23987.8,12.2,309.3,461.15,151.85,12.2,295.0,282.8,-130.95,65.0,667.88,1057.88,-9179.63,-9569.63,-8511.75,"{'brokerage': 160.0, 'stt': 40.36, 'exchange_turnover': 40.22, 'sebi_turnover': 0.08, 'stamp_duty': 1.18, 'gst': 36.05, 'slippage': 390.0, 'total_rupees': 667.88, 'points_equivalent': 10.28}",2026,True,False
2026-07-23,True,,23900.0,2026-07-28,2026-08-04,23987.8,87.8,254.0,430.15,176.15,87.8,315.95,228.15,-52.0,65.0,670.28,1060.28,-4050.28,-4440.28,-3380.0,"{'brokerage': 160.0, 'stt': 42.73, 'exchange_turnover': 40.29, 'sebi_turnover': 0.08, 'stamp_duty': 1.11, 'gst': 36.07, 'slippage': 390.0, 'total_rupees': 670.28, 'points_equivalent': 10.31}",2026,True,False
2026-07-24,True,,23800.0,2026-07-28,2026-08-04,23987.8,187.8,231.45,427.75,196.3,187.8,357.15,169.35,26.95,65.0,678.48,1068.48,1073.27,683.27,1751.75,"{'brokerage': 160.0, 'stt': 47.39, 'exchange_turnover': 43.26, 'sebi_turnover': 0.09, 'stamp_duty': 1.15, 'gst': 36.6, 'slippage': 390.0, 'total_rupees': 678.48, 'points_equivalent': 10.44}",2026,True,False
2026-07-27,True,,24000.0,2026-07-28,2026-08-04,23987.8,12.2,125.9,328.2,202.3,12.2,295.0,282.8,-80.5,65.0,639.19,1029.19,-5871.69,-6261.69,-5232.5,"{'brokerage': 160.0, 'stt': 27.07, 'exchange_turnover': 27.49, 'sebi_turnover': 0.05, 'stamp_duty': 0.82, 'gst': 33.76, 'slippage': 390.0, 'total_rupees': 639.19, 'points_equivalent': 9.83}",2026,True,False
2026-07-28,False,front_is_same_day,,,,,,,,,,,,,,,,,,,,2026,False,False
2026-07-29,True,,24250.0,2026-08-04,2026-08-11,24614.9,364.9,259.9,392.25,132.35,364.9,370.2,5.3,127.05,65.0,697.18,1087.18,7561.07,7171.07,8258.25,"{'brokerage': 160.0, 'stt': 58.04, 'exchange_turnover': 49.99, 'sebi_turnover': 0.1, 'stamp_duty': 1.23, 'gst': 37.82, 'slippage': 390.0, 'total_rupees': 697.18, 'points_equivalent': 10.73}",2026,True,False
2026-07-30,True,,24300.0,2026-08-04,2026-08-11,24614.9,314.9,219.7,370.15,150.45,314.9,345.6,30.7,119.75,65.0,684.95,1074.95,7098.8,6708.8,7783.75,"{'brokerage': 160.0, 'stt': 52.04, 'exchange_turnover': 44.83, 'sebi_turnover': 0.09, 'stamp_duty': 1.1, 'gst': 36.89, 'slippage': 390.0, 'total_rupees': 684.95, 'points_equivalent': 10.54}",2026,True,False
2026-07-31,True,,24400.0,2026-08-04,2026-08-11,24614.9,214.9,172.3,333.8,161.5,214.9,309.25,94.35,67.15,65.0,665.2,1055.2,3699.55,3309.55,4364.75,"{'brokerage': 160.0, 'stt': 41.81, 'exchange_turnover': 36.92, 'sebi_turnover': 0.07, 'stamp_duty': 0.94, 'gst': 35.46, 'slippage': 390.0, 'total_rupees': 665.2, 'points_equivalent': 10.23}",2026,True,False
2026-08-03,True,,24600.0,2026-08-04,2026-08-11,24614.9,14.9,114.7,288.65,173.95,14.9,304.05,289.15,-115.2,65.0,634.56,1024.56,-8122.56,-8512.56,-7488.0,"{'brokerage': 160.0, 'stt': 24.23, 'exchange_turnover': 25.98, 'sebi_turnover': 0.05, 'stamp_duty': 0.82, 'gst': 33.49, 'slippage': 390.0, 'total_rupees': 634.56, 'points_equivalent': 9.76}",2026,True,False
2026-08-04,False,front_is_same_day,,,,,,,,,,,,,,,,,,,,2026,False,False
2026-08-05,True,,24600.0,2026-08-11,2026-08-18,24471.7,128.3,280.25,397.2,116.95,128.3,286.15,157.85,-40.9,65.0,671.38,1061.38,-3329.88,-3719.88,-2658.5,"{'brokerage': 160.0, 'stt': 43.51, 'exchange_turnover': 40.57, 'sebi_turnover': 0.08, 'stamp_duty': 1.1, 'gst': 36.12, 'slippage': 390.0, 'total_rupees': 671.38, 'points_equivalent': 10.33}",2026,True,False
2026-08-06,True,,24700.0,2026-08-11,2026-08-18,24471.7,228.3,249.15,382.75,133.6,228.3,314.8,86.5,47.1,65.0,677.55,1067.55,2383.95,1993.95,3061.5,"{'brokerage': 160.0, 'stt': 47.44, 'exchange_turnover': 42.47, 'sebi_turnover': 0.08, 'stamp_duty': 1.1, 'gst': 36.46, 'slippage': 390.0, 'total_rupees': 677.55, 'points_equivalent': 10.42}",2026,True,False
2026-08-07,True,,24600.0,2026-08-11,2026-08-18,24471.7,128.3,216.65,369.55,152.9,128.3,286.15,157.85,-4.95,65.0,662.55,1052.55,-984.3,-1374.3,-321.75,"{'brokerage': 160.0, 'stt': 39.6, 'exchange_turnover': 36.5, 'sebi_turnover': 0.07, 'stamp_duty': 0.98, 'gst': 35.38, 'slippage': 390.0, 'total_rupees': 662.55, 'points_equivalent': 10.19}",2026,True,False
2026-08-10,True,,24600.0,2026-08-11,2026-08-18,24471.7,128.3,149.55,325.75,176.2,128.3,286.15,157.85,18.35,65.0,651.69,1041.69,541.06,151.06,1192.75,"{'brokerage': 160.0, 'stt': 34.52, 'exchange_turnover': 31.74, 'sebi_turnover': 0.06, 'stamp_duty': 0.85, 'gst': 34.52, 'slippage': 390.0, 'total_rupees': 651.69, 'points_equivalent': 10.03}",2026,True,False
2026-08-11,False,front_is_same_day,,,,,,,,,,,,,,,,,,,,2026,False,False
2026-08-12,True,,24450.0,2026-08-18,2026-08-25,24154.9,295.1,245.55,383.85,138.3,295.1,316.05,20.95,117.35,65.0,684.55,1074.55,6943.2,6553.2,7627.75,"{'brokerage': 160.0, 'stt': 51.88, 'exchange_turnover': 44.64, 'sebi_turnover': 0.09, 'stamp_duty': 1.1, 'gst': 36.85, 'slippage': 390.0, 'total_rupees': 684.55, 'points_equivalent': 10.53}",2026,True,False
2026-08-13,True,,24450.0,2026-08-18,2026-08-25,24154.9,295.1,201.1,349.7,148.6,295.1,316.05,20.95,127.65,65.0,676.77,1066.77,7620.48,7230.48,8297.25,"{'brokerage': 160.0, 'stt': 48.14, 'exchange_turnover': 41.29, 'sebi_turnover': 0.08, 'stamp_duty': 1.01, 'gst': 36.25, 'slippage': 390.0, 'total_rupees': 676.77, 'points_equivalent': 10.41}",2026,True,False
2026-08-14,True,,24450.0,2026-08-18,2026-08-25,24154.9,295.1,168.15,321.7,153.55,295.1,316.05,20.95,132.6,65.0,670.02,1060.02,7948.98,7558.98,8619.0,"{'brokerage': 160.0, 'stt': 44.76, 'exchange_turnover': 38.5, 'sebi_turnover': 0.08, 'stamp_duty': 0.94, 'gst': 35.74, 'slippage': 390.0, 'total_rupees': 670.02, 'points_equivalent': 10.31}",2026,True,False
2026-08-17,True,,24350.0,2026-08-18,2026-08-25,24154.9,195.1,118.45,285.5,167.05,195.1,274.5,79.4,87.65,65.0,651.63,1041.63,5045.62,4655.62,5697.25,"{'brokerage': 160.0, 'stt': 35.57, 'exchange_turnover': 30.86, 'sebi_turnover': 0.06, 'stamp_duty': 0.77, 'gst': 34.37, 'slippage': 390.0, 'total_rupees': 651.63, 'points_equivalent': 10.03}",2026,True,False
2026-08-18,False,front_is_same_day,,,,,,,,,,,,,,,,,,,,2026,False,False
2026-08-19,True,,24100.0,2026-08-25,2026-09-01,24334.55,234.55,234.9,357.9,123.0,234.55,334.2,99.65,23.35,65.0,674.82,1064.82,842.93,452.93,1517.75,"{'brokerage': 160.0, 'stt': 45.6, 'exchange_turnover': 41.71, 'sebi_turnover': 0.08, 'stamp_duty': 1.11, 'gst': 36.32, 'slippage': 390.0, 'total_rupees': 674.82, 'points_equivalent': 10.38}",2026,True,False
2026-08-20,True,,24300.0,2026-08-25,2026-09-01,24334.55,34.55,185.65,311.45,125.8,34.55,237.45,202.9,-77.1,65.0,641.93,1031.93,-5653.43,-6043.43,-5011.5,"{'brokerage': 160.0, 'stt': 28.73, 'exchange_turnover': 28.4, 'sebi_turnover': 0.06, 'stamp_duty': 0.83, 'gst': 33.92, 'slippage': 390.0, 'total_rupees': 641.93, 'points_equivalent': 9.88}",2026,True,False
2026-08-21,True,,24300.0,2026-08-25,2026-09-01,24334.55,34.55,157.5,296.0,138.5,34.55,237.45,202.9,-64.4,65.0,638.03,1028.03,-4824.03,-5214.03,-4186.0,"{'brokerage': 160.0, 'stt': 27.01, 'exchange_turnover': 26.6, 'sebi_turnover': 0.05, 'stamp_duty': 0.77, 'gst': 33.6, 'slippage': 390.0, 'total_rupees': 638.03, 'points_equivalent': 9.82}",2026,True,False
2026-08-24,True,,24200.0,2026-08-25,2026-09-01,24334.55,134.55,120.0,281.35,161.35,134.55,273.95,139.4,21.95,65.0,644.08,1034.08,782.67,392.67,1426.75,"{'brokerage': 160.0, 'stt': 30.82, 'exchange_turnover': 28.5, 'sebi_turnover': 0.06, 'stamp_duty': 0.77, 'gst': 33.94, 'slippage': 390.0, 'total_rupees': 644.08, 'points_equivalent': 9.91}",2026,True,False
2026-08-25,False,front_is_same_day,,,,,,,,,,,,,,,,,,,,2026,False,False
2026-08-26,True,,24350.0,2026-09-01,2026-09-08,24055.8,294.2,215.8,318.9,103.1,294.2,396.15,101.95,1.15,65.0,678.51,1068.51,-603.76,-993.76,74.75,"{'brokerage': 160.0, 'stt': 46.81, 'exchange_turnover': 43.73, 'sebi_turnover': 0.09, 'stamp_duty': 1.19, 'gst': 36.69, 'slippage': 390.0, 'total_rupees': 678.51, 'points_equivalent': 10.44}",2026,True,False
2026-08-27,True,,24200.0,2026-09-01,2026-09-08,24055.8,144.2,201.55,322.45,120.9,144.2,304.95,160.75,-39.85,65.0,658.14,1048.14,-3248.39,-3638.39,-2590.25,"{'brokerage': 160.0, 'stt': 36.75, 'exchange_turnover': 35.19, 'sebi_turnover': 0.07, 'stamp_duty': 0.99, 'gst': 35.15, 'slippage': 390.0, 'total_rupees': 658.14, 'points_equivalent': 10.13}",2026,True,False
2026-08-28,True,,24250.0,2026-09-01,2026-09-08,24055.8,194.2,175.2,304.6,129.4,194.2,331.5,137.3,-7.9,65.0,659.45,1049.45,-1172.95,-1562.95,-513.5,"{'brokerage': 160.0, 'stt': 37.56, 'exchange_turnover': 35.6, 'sebi_turnover': 0.07, 'stamp_duty': 0.99, 'gst': 35.22, 'slippage': 390.0, 'total_rupees': 659.45, 'points_equivalent': 10.15}",2026,True,False
2026-08-31,True,,24150.0,2026-09-01,2026-09-08,24055.8,94.2,139.2,285.15,145.95,94.2,284.75,190.55,-44.6,65.0,640.81,1030.81,-3539.81,-3929.81,-2899.0,"{'brokerage': 160.0, 'stt': 28.01, 'exchange_turnover': 28.06, 'sebi_turnover': 0.06, 'stamp_duty': 0.83, 'gst': 33.86, 'slippage': 390.0, 'total_rupees': 640.81, 'points_equivalent': 9.86}",2026,True,False
2026-09-01,False,front_is_same_day,,,,,,,,,,,,,,,,,,,,2026,False,False
2026-09-02,True,,23950.0,2026-09-08,2026-09-15,23635.1,314.9,252.65,366.25,113.6,314.9,325.4,10.5,103.1,65.0,684.71,1074.71,6016.79,5626.79,6701.5,"{'brokerage': 160.0, 'stt': 51.56, 'exchange_turnover': 45.01, 'sebi_turnover': 0.09, 'stamp_duty': 1.13, 'gst': 36.92, 'slippage': 390.0, 'total_rupees': 684.71, 'points_equivalent': 10.53}",2026,True,False
2026-09-03,True,,23950.0,2026-09-08,2026-09-15,23635.1,314.9,213.85,338.45,124.6,314.9,325.4,10.5,114.1,65.0,678.68,1068.68,6737.82,6347.82,7416.5,"{'brokerage': 160.0, 'stt': 48.78, 'exchange_turnover': 42.33, 'sebi_turnover': 0.08, 'stamp_duty': 1.05, 'gst': 36.44, 'slippage': 390.0, 'total_rupees': 678.68, 'points_equivalent': 10.44}",2026,True,False
2026-09-04,True,,23950.0,2026-09-08,2026-09-15,23635.1,314.9,174.05,304.6,130.55,314.9,325.4,10.5,120.05,65.0,673.24,1063.24,7130.01,6740.01,7803.25,"{'brokerage': 160.0, 'stt': 46.39, 'exchange_turnover': 39.82, 'sebi_turnover': 0.08, 'stamp_duty': 0.97, 'gst': 35.98, 'slippage': 390.0, 'total_rupees': 673.24, 'points_equivalent': 10.36}",2026,True,False
2026-09-07,True,,23800.0,2026-09-08,2026-09-15,23635.1,164.9,127.7,280.1,152.4,164.9,262.25,97.35,55.05,65.0,647.51,1037.51,2930.74,2540.74,3578.25,"{'brokerage': 160.0, 'stt': 33.07, 'exchange_turnover': 29.5, 'sebi_turnover': 0.06, 'stamp_duty': 0.76, 'gst': 34.12, 'slippage': 390.0, 'total_rupees': 647.51, 'points_equivalent': 9.96}",2026,True,False
2026-09-08,False,front_is_same_day,,,,,,,,,,,,,,,,,,,,2026,False,False
2026-09-09,True,,23550.0,2026-09-15,2026-09-22,23118.6,431.4,243.5,377.55,134.05,431.4,437.7,6.3,127.75,65.0,701.2,1091.2,7602.55,7212.55,8303.75,"{'brokerage': 160.0, 'stt': 59.26, 'exchange_turnover': 52.29, 'sebi_turnover': 0.1, 'stamp_duty': 1.33, 'gst': 38.23, 'slippage': 390.0, 'total_rupees': 701.2, 'points_equivalent': 10.79}",2026,True,False
2026-09-10,True,,23450.0,2026-09-15,2026-09-22,23118.6,331.4,206.3,347.05,140.75,331.4,386.05,54.65,86.1,65.0,683.72,1073.72,4912.78,4522.78,5596.5,"{'brokerage': 160.0, 'stt': 50.58, 'exchange_turnover': 44.99, 'sebi_turnover': 0.09, 'stamp_duty': 1.16, 'gst': 36.91, 'slippage': 390.0, 'total_rupees': 683.72, 'points_equivalent': 10.52}",2026,True,False
2026-09-11,True,,23500.0,2026-09-15,2026-09-22,23118.6,381.4,198.65,356.5,157.85,381.4,408.05,26.65,131.2,65.0,687.68,1077.68,7840.32,7450.32,8528.0,"{'brokerage': 160.0, 'stt': 52.69, 'exchange_turnover': 46.52, 'sebi_turnover': 0.09, 'stamp_duty': 1.18, 'gst': 37.19, 'slippage': 390.0, 'total_rupees': 687.68, 'points_equivalent': 10.58}",2026,True,False
2026-09-15,False,front_is_same_day,,,,,,,,,,,,,,,,,,,,2026,False,False
2026-09-16,True,,23300.0,2026-09-22,2026-09-29,23329.0,29.0,303.4,434.25,130.85,29.0,269.3,240.3,-109.45,65.0,668.9,1058.9,-7783.15,-8173.15,-7114.25,"{'brokerage': 160.0, 'stt': 41.8, 'exchange_turnover': 39.91, 'sebi_turnover': 0.08, 'stamp_duty': 1.12, 'gst': 36.0, 'slippage': 390.0, 'total_rupees': 668.9, 'points_equivalent': 10.29}",2026,True,False
2026-09-17,True,,23350.0,2026-09-22,2026-09-29,23329.0,21.0,227.7,370.9,143.2,21.0,259.7,238.7,-95.5,65.0,649.17,1039.17,-6856.67,-7246.67,-6207.5,"{'brokerage': 160.0, 'stt': 31.62, 'exchange_turnover': 31.97, 'sebi_turnover': 0.06, 'stamp_duty': 0.95, 'gst': 34.57, 'slippage': 390.0, 'total_rupees': 649.17, 'points_equivalent': 9.99}",2026,True,False
2026-09-18,True,,23350.0,2026-09-22,2026-09-29,23329.0,21.0,177.1,323.55,146.45,21.0,259.7,238.7,-92.25,65.0,641.87,1031.87,-6638.12,-7028.12,-5996.25,"{'brokerage': 160.0, 'stt': 28.34, 'exchange_turnover': 28.65, 'sebi_turnover': 0.06, 'stamp_duty': 0.85, 'gst': 33.97, 'slippage': 390.0, 'total_rupees': 641.87, 'points_equivalent': 9.87}",2026,True,False
2026-09-21,True,,23450.0,2026-09-22,2026-09-29,23329.0,121.0,123.9,278.4,154.5,121.0,255.45,134.45,20.05,65.0,641.76,1031.76,661.49,271.49,1303.25,"{'brokerage': 160.0, 'stt': 29.74, 'exchange_turnover': 27.47, 'sebi_turnover': 0.05, 'stamp_duty': 0.74, 'gst': 33.75, 'slippage': 390.0, 'total_rupees': 641.76, 'points_equivalent': 9.87}",2026,True,False
2026-09-22,False,front_is_same_day,,,,,,,,,,,,,,,,,,,,2026,False,False
2026-09-23,False,no_exit_partition,,,,,,,,,,,,,,,,,,,,2026,True,False
2026-09-24,False,no_exit_partition,,,,,,,,,,,,,,,,,,,,2026,True,False
2026-09-25,False,no_exit_partition,,,,,,,,,,,,,,,,,,,,2026,True,False
