date,weekday,signal,archetype,rule_selected,exit_reason,bars_held,gross_pnl,friction,net_pnl,win
2021-01-04,Monday,UP,Bull Call Spread,True,STOP,22,-555.0,177.85,-732.85,False
2021-01-04,Monday,UP,Bear Put Spread,False,EOD,75,-233.25,177.72,-410.97,False
2021-01-04,Monday,UP,Iron Condor,False,NOSIM,0,0.0,0.0,0.0,False
2021-01-05,Tuesday,UP,Bull Call Spread,True,TARGET,71,847.25,174.51,672.74,True
2021-01-05,Tuesday,UP,Bear Put Spread,False,STOP,58,-575.25,176.4,-751.65,False
2021-01-05,Tuesday,UP,Iron Condor,False,EOD,75,408.25,342.31,65.94,True
2021-01-06,Wednesday,UP,Bull Call Spread,True,STOP,4,-496.5,175.28,-671.78,False
2021-01-06,Wednesday,UP,Bear Put Spread,False,TARGET,53,874.25,174.18,700.07,True
2021-01-06,Wednesday,UP,Iron Condor,False,STOP,59,-462.5,339.76,-802.26,False
2021-01-07,Thursday,DOWN,Bull Call Spread,False,STOP,14,-472.75,173.19,-645.94,False
2021-01-07,Thursday,DOWN,Bear Put Spread,True,TARGET,70,842.75,173.21,669.54,True
2021-01-07,Thursday,DOWN,Iron Condor,False,STOP,71,-191.0,339.12,-530.12,False
2021-01-08,Friday,FLAT,Bull Call Spread,False,STOP,1,-287.0,171.16,-458.16,False
2021-01-08,Friday,FLAT,Bear Put Spread,False,TARGET,2,339.5,170.53,168.97,True
2021-01-08,Friday,FLAT,Iron Condor,True,NOSIM,0,0.0,0.0,0.0,False
2021-01-11,Monday,UP,Bull Call Spread,True,EOD,75,46.0,179.49,-133.49,False
2021-01-11,Monday,UP,Bear Put Spread,False,EOD,75,-43.5,177.34,-220.84,False
2021-01-11,Monday,UP,Iron Condor,False,EOD,75,-22.75,348.37,-371.12,False
2021-01-12,Tuesday,UP,Bull Call Spread,True,EOD,75,626.5,177.75,448.75,True
2021-01-12,Tuesday,UP,Bear Put Spread,False,STOP,52,-462.25,175.95,-638.2,False
2021-01-12,Tuesday,UP,Iron Condor,False,EOD,75,-60.0,340.46,-400.46,False
2021-01-13,Wednesday,UP,Bull Call Spread,True,STOP,28,-505.0,174.69,-679.69,False
2021-01-13,Wednesday,UP,Bear Put Spread,False,TARGET,55,1073.5,175.43,898.07,True
2021-01-13,Wednesday,UP,Iron Condor,False,TARGET,17,29.25,339.03,-309.78,False
2021-01-14,Thursday,DOWN,Bull Call Spread,False,STOP,5,-529.25,172.47,-701.72,False
2021-01-14,Thursday,DOWN,Bear Put Spread,True,TARGET,7,848.5,172.37,676.13,True
2021-01-14,Thursday,DOWN,Iron Condor,False,EOD,75,107.0,340.8,-233.8,False
2021-01-15,Friday,UP,Bull Call Spread,True,STOP,3,-334.25,171.06,-505.31,False
2021-01-15,Friday,UP,Bear Put Spread,False,TARGET,4,750.5,171.0,579.5,True
2021-01-15,Friday,UP,Iron Condor,False,NOSIM,0,0.0,0.0,0.0,False
2021-01-18,Monday,DOWN,Bull Call Spread,False,STOP,14,-587.5,182.19,-769.69,False
2021-01-18,Monday,DOWN,Bear Put Spread,True,EOD,75,945.5,181.37,764.13,True
2021-01-18,Monday,DOWN,Iron Condor,False,NOSIM,0,0.0,0.0,0.0,False
2021-01-19,Tuesday,DOWN,Bull Call Spread,False,EOD,75,755.5,180.23,575.27,True
2021-01-19,Tuesday,DOWN,Bear Put Spread,True,STOP,50,-502.75,178.25,-681.0,False
2021-01-19,Tuesday,DOWN,Iron Condor,False,EOD,75,-572.5,341.81,-914.31,False
2021-01-20,Wednesday,UP,Bull Call Spread,True,EOD,75,538.75,175.1,363.65,True
2021-01-20,Wednesday,UP,Bear Put Spread,False,STOP,54,-484.5,175.07,-659.57,False
2021-01-20,Wednesday,UP,Iron Condor,False,EOD,75,-264.5,344.37,-608.87,False
2021-01-21,Thursday,UP,Bull Call Spread,True,STOP,66,-413.5,171.61,-585.11,False
2021-01-21,Thursday,UP,Bear Put Spread,False,TARGET,67,1281.5,172.75,1108.75,True
2021-01-21,Thursday,UP,Iron Condor,False,NOSIM,0,0.0,0.0,0.0,False
2021-01-22,Friday,DOWN,Bull Call Spread,False,TARGET,2,128.75,169.74,-40.99,False
2021-01-22,Friday,DOWN,Bear Put Spread,True,STOP,2,-188.75,170.45,-359.2,False
2021-01-22,Friday,DOWN,Iron Condor,False,STOP,1,0.0,338.91,-338.91,False
2021-01-25,Monday,DOWN,Bull Call Spread,False,STOP,6,-625.5,181.07,-806.57,False
2021-01-25,Monday,DOWN,Bear Put Spread,True,EOD,75,967.25,182.16,785.09,True
2021-01-25,Monday,DOWN,Iron Condor,False,EOD,75,-300.5,340.7,-641.2,False
2021-01-27,Wednesday,DOWN,Bull Call Spread,False,STOP,2,-536.5,177.66,-714.16,False
2021-01-27,Wednesday,DOWN,Bear Put Spread,True,TARGET,31,1005.0,176.82,828.18,True
2021-01-27,Wednesday,DOWN,Iron Condor,False,STOP,15,-493.25,340.16,-833.41,False
2021-01-28,Thursday,DOWN,Bull Call Spread,False,STOP,43,-487.0,174.32,-661.32,False
2021-01-28,Thursday,DOWN,Bear Put Spread,True,STOP,5,-399.25,173.33,-572.58,False
2021-01-28,Thursday,DOWN,Iron Condor,False,TARGET,4,20.5,338.96,-318.46,False
2021-01-29,Friday,DOWN,Bull Call Spread,False,STOP,2,-60.25,169.73,-229.98,False
2021-01-29,Friday,DOWN,Bear Put Spread,True,TARGET,3,604.25,170.44,433.81,True
2021-01-29,Friday,DOWN,Iron Condor,False,STOP,1,0.0,338.91,-338.91,False
2021-02-01,Monday,DOWN,Bull Call Spread,False,TARGET,55,1154.75,189.96,964.79,True
2021-02-01,Monday,DOWN,Bear Put Spread,True,STOP,44,-599.5,189.66,-789.16,False
2021-02-01,Monday,DOWN,Iron Condor,False,NOSIM,0,0.0,0.0,0.0,False
2021-02-02,Tuesday,UP,Bull Call Spread,True,EOD,75,806.0,180.25,625.75,True
2021-02-02,Tuesday,UP,Bear Put Spread,False,STOP,3,-627.0,181.47,-808.47,False
2021-02-02,Tuesday,UP,Iron Condor,False,STOP,3,-227.25,339.6,-566.85,False
2021-02-03,Wednesday,UP,Bull Call Spread,True,STOP,1,-720.75,177.65,-898.4,False
2021-02-03,Wednesday,UP,Bear Put Spread,False,STOP,47,-514.25,177.61,-691.86,False
2021-02-03,Wednesday,UP,Iron Condor,False,TARGET,1,274.5,340.56,-66.06,False
2021-02-04,Thursday,UP,Bull Call Spread,True,STOP,4,-512.0,174.28,-686.28,False
2021-02-04,Thursday,UP,Bear Put Spread,False,STOP,58,-471.5,174.14,-645.64,False
2021-02-04,Thursday,UP,Iron Condor,False,TARGET,4,140.25,339.53,-199.28,False
2021-02-05,Friday,UP,Bull Call Spread,True,STOP,3,-60.75,169.71,-230.46,False
2021-02-05,Friday,UP,Bear Put Spread,False,TARGET,7,631.75,170.56,461.19,True
2021-02-05,Friday,UP,Iron Condor,False,NOSIM,0,0.0,0.0,0.0,False
2021-02-08,Monday,FLAT,Bull Call Spread,False,EOD,75,217.5,184.07,33.43,True
2021-02-08,Monday,FLAT,Bear Put Spread,False,EOD,75,-208.25,181.99,-390.24,False
2021-02-08,Monday,FLAT,Iron Condor,True,EOD,75,-13.0,338.96,-351.96,False
2021-02-09,Tuesday,UP,Bull Call Spread,True,EOD,75,-266.0,180.13,-446.13,False
2021-02-09,Tuesday,UP,Bear Put Spread,False,EOD,75,272.5,178.7,93.8,True
2021-02-09,Tuesday,UP,Iron Condor,False,EOD,75,100.0,340.43,-240.43,False
2021-02-10,Wednesday,DOWN,Bull Call Spread,False,STOP,17,-562.0,178.66,-740.66,False
2021-02-10,Wednesday,DOWN,Bear Put Spread,True,EOD,75,-105.25,177.1,-282.35,False
2021-02-10,Wednesday,DOWN,Iron Condor,False,EOD,75,56.25,343.75,-287.5,False
2021-02-11,Thursday,FLAT,Bull Call Spread,False,EOD,75,868.25,175.13,693.12,True
2021-02-11,Thursday,FLAT,Bear Put Spread,False,STOP,5,-447.25,173.45,-620.7,False
2021-02-11,Thursday,FLAT,Iron Condor,True,EOD,75,139.25,341.87,-202.62,False
2021-02-12,Friday,UP,Bull Call Spread,True,TARGET,1,377.25,170.15,207.1,True
2021-02-12,Friday,UP,Bear Put Spread,False,STOP,1,-345.25,170.81,-516.06,False
2021-02-12,Friday,UP,Iron Condor,False,NOSIM,0,0.0,0.0,0.0,False
2021-02-15,Monday,FLAT,Bull Call Spread,False,EOD,75,314.5,180.76,133.74,True
2021-02-15,Monday,FLAT,Bear Put Spread,False,EOD,75,-293.25,179.19,-472.44,False
2021-02-15,Monday,FLAT,Iron Condor,True,EOD,75,-23.25,338.95,-362.2,False
2021-02-16,Tuesday,UP,Bull Call Spread,True,STOP,46,-555.75,177.8,-733.55,False
2021-02-16,Tuesday,UP,Bear Put Spread,False,EOD,75,326.25,175.86,150.39,True
2021-02-16,Tuesday,UP,Iron Condor,False,EOD,75,142.75,342.47,-199.72,False
2021-02-17,Wednesday,DOWN,Bull Call Spread,False,STOP,52,-456.25,174.56,-630.81,False
2021-02-17,Wednesday,DOWN,Bear Put Spread,True,EOD,75,599.0,176.24,422.76,True
2021-02-17,Wednesday,DOWN,Iron Condor,False,EOD,75,121.0,341.65,-220.65,False
2021-02-18,Thursday,DOWN,Bull Call Spread,False,STOP,26,-445.25,173.48,-618.73,False
2021-02-18,Thursday,DOWN,Bear Put Spread,True,TARGET,30,960.75,173.51,787.24,True
2021-02-18,Thursday,DOWN,Iron Condor,False,EOD,75,267.0,341.53,-74.53,False
2021-02-19,Friday,DOWN,Bull Call Spread,False,STOP,1,-94.75,169.73,-264.48,False
2021-02-19,Friday,DOWN,Bear Put Spread,True,TARGET,2,507.75,170.85,336.9,True
2021-02-19,Friday,DOWN,Iron Condor,False,NOSIM,0,0.0,0.0,0.0,False
2021-02-22,Monday,DOWN,Bull Call Spread,False,STOP,23,-564.25,180.93,-745.18,False
2021-02-22,Monday,DOWN,Bear Put Spread,True,TARGET,52,1156.25,180.36,975.89,True
2021-02-22,Monday,DOWN,Iron Condor,False,STOP,1,0.0,338.91,-338.91,False
2021-02-23,Tuesday,DOWN,Bull Call Spread,False,EOD,75,-257.75,178.63,-436.38,False
2021-02-23,Tuesday,DOWN,Bear Put Spread,True,EOD,75,281.5,180.76,100.74,True
2021-02-23,Tuesday,DOWN,Iron Condor,False,EOD,75,153.5,342.17,-188.67,False
2021-02-24,Wednesday,DOWN,Bull Call Spread,False,EOD,75,544.5,176.46,368.04,True
2021-02-24,Wednesday,DOWN,Bear Put Spread,True,STOP,4,-535.5,177.15,-712.65,False
2021-02-24,Wednesday,DOWN,Iron Condor,False,STOP,10,-318.25,339.63,-657.88,False
2021-02-25,Thursday,UP,Bull Call Spread,True,EOD,75,131.75,173.58,-41.83,False
2021-02-25,Thursday,UP,Bear Put Spread,False,STOP,4,-541.0,174.57,-715.57,False
2021-02-25,Thursday,UP,Iron Condor,False,NOSIM,0,0.0,0.0,0.0,False
2021-02-26,Friday,FLAT,Bull Call Spread,False,STOP,1,-113.25,169.71,-282.96,False
2021-02-26,Friday,FLAT,Bear Put Spread,False,TARGET,1,909.25,170.55,738.7,True
2021-02-26,Friday,FLAT,Iron Condor,True,STOP,1,0.0,338.91,-338.91,False
2021-03-01,Monday,DOWN,Bull Call Spread,False,EOD,75,235.25,188.95,46.3,True
2021-03-01,Monday,DOWN,Bear Put Spread,True,EOD,75,-230.25,188.51,-418.76,False
2021-03-01,Monday,DOWN,Iron Condor,False,EOD,75,-125.5,348.81,-474.31,False
2021-03-02,Tuesday,UP,Bull Call Spread,True,EOD,75,234.25,181.42,52.83,True
2021-03-02,Tuesday,UP,Bear Put Spread,False,EOD,75,-231.75,182.66,-414.41,False
2021-03-02,Tuesday,UP,Iron Condor,False,EOD,75,-119.75,348.93,-468.68,False
2021-03-03,Wednesday,UP,Bull Call Spread,True,TARGET,72,1076.0,177.65,898.35,True
2021-03-03,Wednesday,UP,Bear Put Spread,False,STOP,55,-509.0,176.43,-685.43,False
2021-03-03,Wednesday,UP,Iron Condor,False,NOSIM,0,0.0,0.0,0.0,False
2021-03-04,Thursday,UP,Bull Call Spread,True,TARGET,24,903.0,172.97,730.03,True
2021-03-04,Thursday,UP,Bear Put Spread,False,STOP,23,-523.0,174.22,-697.22,False
2021-03-04,Thursday,UP,Iron Condor,False,TARGET,24,581.25,341.91,239.34,True
2021-03-05,Friday,UP,Bull Call Spread,True,TARGET,2,722.75,170.84,551.91,True
2021-03-05,Friday,UP,Bear Put Spread,False,STOP,1,-53.5,169.61,-223.11,False
2021-03-05,Friday,UP,Iron Condor,False,NOSIM,0,0.0,0.0,0.0,False
2021-03-08,Monday,FLAT,Bull Call Spread,False,EOD,75,-151.75,186.43,-338.18,False
2021-03-08,Monday,FLAT,Bear Put Spread,False,EOD,75,154.0,185.35,-31.35,False
2021-03-08,Monday,FLAT,Iron Condor,True,EOD,75,59.5,341.79,-282.29,False
2021-03-09,Tuesday,FLAT,Bull Call Spread,False,EOD,75,255.0,180.1,74.9,True
2021-03-09,Tuesday,FLAT,Bear Put Spread,False,EOD,75,-249.25,180.85,-430.1,False
2021-03-09,Tuesday,FLAT,Iron Condor,True,EOD,75,-45.25,340.18,-385.43,False
2021-03-10,Wednesday,UP,Bull Call Spread,True,STOP,29,-467.5,174.97,-642.47,False
2021-03-10,Wednesday,UP,Bear Put Spread,False,EOD,75,274.5,174.52,99.98,True
2021-03-10,Wednesday,UP,Iron Condor,False,EOD,75,-69.25,339.88,-409.13,False
2021-03-12,Friday,DOWN,Bull Call Spread,False,STOP,4,-296.25,170.77,-467.02,False
2021-03-12,Friday,DOWN,Bear Put Spread,True,TARGET,4,251.25,169.94,81.31,True
2021-03-12,Friday,DOWN,Iron Condor,False,NOSIM,0,0.0,0.0,0.0,False
2021-03-15,Monday,DOWN,Bull Call Spread,False,STOP,4,-559.0,183.86,-742.86,False
2021-03-15,Monday,DOWN,Bear Put Spread,True,EOD,75,456.5,184.07,272.43,True
2021-03-15,Monday,DOWN,Iron Condor,False,EOD,75,-429.0,351.31,-780.31,False
2021-03-16,Tuesday,DOWN,Bull Call Spread,False,EOD,75,-299.75,180.51,-480.26,False
2021-03-16,Tuesday,DOWN,Bear Put Spread,True,EOD,75,318.0,180.92,137.08,True
2021-03-16,Tuesday,DOWN,Iron Condor,False,EOD,75,-86.75,339.53,-426.28,False
2021-03-17,Wednesday,DOWN,Bull Call Spread,False,STOP,41,-504.75,178.06,-682.81,False
2021-03-17,Wednesday,DOWN,Bear Put Spread,True,TARGET,71,1225.25,178.41,1046.84,True
2021-03-17,Wednesday,DOWN,Iron Condor,False,STOP,43,-152.5,339.23,-491.73,False
2021-03-18,Thursday,DOWN,Bull Call Spread,False,STOP,16,-524.0,175.47,-699.47,False
2021-03-18,Thursday,DOWN,Bear Put Spread,True,TARGET,48,1092.5,174.8,917.7,True
2021-03-18,Thursday,DOWN,Iron Condor,False,STOP,16,-94.5,339.02,-433.52,False
2021-03-19,Friday,DOWN,Bull Call Spread,False,STOP,1,-326.75,170.39,-497.14,False
2021-03-19,Friday,DOWN,Bear Put Spread,True,TARGET,1,958.5,171.76,786.74,True
2021-03-19,Friday,DOWN,Iron Condor,False,NOSIM,0,0.0,0.0,0.0,False
2021-03-22,Monday,UP,Bull Call Spread,True,EOD,75,7.0,183.98,-176.98,False
2021-03-22,Monday,UP,Bear Put Spread,False,EOD,75,-7.0,184.55,-191.55,False
2021-03-22,Monday,UP,Iron Condor,False,EOD,75,5.25,344.84,-339.59,False
2021-03-23,Tuesday,FLAT,Bull Call Spread,False,EOD,75,171.0,181.49,-10.49,False
2021-03-23,Tuesday,FLAT,Bear Put Spread,False,EOD,75,-163.0,179.77,-342.77,False
2021-03-23,Tuesday,FLAT,Iron Condor,True,EOD,75,83.25,341.9,-258.65,False
2021-03-24,Wednesday,UP,Bull Call Spread,True,STOP,20,-562.75,177.44,-740.19,False
2021-03-24,Wednesday,UP,Bear Put Spread,False,TARGET,71,1030.0,176.46,853.54,True
2021-03-24,Wednesday,UP,Iron Condor,False,TARGET,20,155.25,339.84,-184.59,False
2021-03-25,Thursday,DOWN,Bull Call Spread,False,STOP,1,-533.5,174.21,-707.71,False
2021-03-25,Thursday,DOWN,Bear Put Spread,True,TARGET,8,1136.0,176.16,959.84,True
2021-03-25,Thursday,DOWN,Iron Condor,False,TARGET,1,16.25,338.95,-322.7,False
2021-03-26,Friday,DOWN,Bull Call Spread,False,STOP,1,-364.0,170.4,-534.4,False
2021-03-26,Friday,DOWN,Bear Put Spread,True,TARGET,1,708.5,170.09,538.41,True
2021-03-26,Friday,DOWN,Iron Condor,False,STOP,1,0.0,338.91,-338.91,False
2021-03-30,Tuesday,NONE,Bull Call Spread,False,EOD,75,957.25,182.47,774.78,True
2021-03-30,Tuesday,NONE,Bear Put Spread,False,STOP,17,-533.25,180.57,-713.82,False
2021-03-30,Tuesday,NONE,Iron Condor,False,EOD,75,-548.75,341.2,-889.95,False
2021-03-31,Wednesday,UP,Bull Call Spread,True,EOD,75,-472.25,182.33,-654.58,False
2021-03-31,Wednesday,UP,Bear Put Spread,False,EOD,75,502.0,181.08,320.92,True
2021-03-31,Wednesday,UP,Iron Condor,False,EOD,75,297.75,344.56,-46.81,False
2021-04-01,Thursday,DOWN,Bull Call Spread,False,STOP,19,-501.75,175.12,-676.87,False
2021-04-01,Thursday,DOWN,Bear Put Spread,True,STOP,72,-494.5,175.31,-669.81,False
2021-04-01,Thursday,DOWN,Iron Condor,False,TARGET,19,177.75,339.92,-162.17,False
2021-04-05,Monday,UP,Bull Call Spread,True,STOP,1,-633.25,171.89,-805.14,False
2021-04-05,Monday,UP,Bear Put Spread,False,TARGET,1,1039.5,172.19,867.31,True
2021-04-05,Monday,UP,Iron Condor,False,TARGET,1,82.75,339.1,-256.35,False
2021-04-06,Tuesday,DOWN,Bull Call Spread,False,STOP,1,-560.0,179.21,-739.21,False
2021-04-06,Tuesday,DOWN,Bear Put Spread,True,EOD,75,131.0,181.14,-50.14,False
2021-04-06,Tuesday,DOWN,Iron Condor,False,EOD,75,63.0,341.68,-278.68,False
2021-04-07,Wednesday,FLAT,Bull Call Spread,False,EOD,75,526.5,178.12,348.38,True
2021-04-07,Wednesday,FLAT,Bear Put Spread,False,STOP,21,-567.5,176.61,-744.11,False
2021-04-07,Wednesday,FLAT,Iron Condor,True,STOP,24,-432.75,340.06,-772.81,False
2021-04-08,Thursday,UP,Bull Call Spread,True,EOD,75,36.0,175.27,-139.27,False
2021-04-08,Thursday,UP,Bear Put Spread,False,STOP,6,-412.0,173.46,-585.46,False
2021-04-08,Thursday,UP,Iron Condor,False,EOD,75,-20.25,340.43,-360.68,False
2021-04-09,Friday,FLAT,Bull Call Spread,False,STOP,1,-141.75,169.78,-311.53,False
2021-04-09,Friday,FLAT,Bear Put Spread,False,TARGET,1,915.75,171.06,744.69,True
2021-04-09,Friday,FLAT,Iron Condor,True,NOSIM,0,0.0,0.0,0.0,False
2021-04-12,Monday,FLAT,Bull Call Spread,False,STOP,2,-704.75,180.02,-884.77,False
2021-04-12,Monday,FLAT,Bear Put Spread,False,TARGET,17,1103.25,180.26,922.99,True
2021-04-12,Monday,FLAT,Iron Condor,True,STOP,1,0.0,338.91,-338.91,False
2021-04-13,Tuesday,DOWN,Bull Call Spread,False,EOD,75,686.75,181.82,504.93,True
2021-04-13,Tuesday,DOWN,Bear Put Spread,True,STOP,71,-535.0,180.54,-715.54,False
2021-04-13,Tuesday,DOWN,Iron Condor,False,EOD,75,82.75,341.04,-258.29,False
2021-04-15,Thursday,UP,Bull Call Spread,True,STOP,5,-463.0,174.08,-637.08,False
2021-04-15,Thursday,UP,Bear Put Spread,False,TARGET,15,1043.75,175.46,868.29,True
2021-04-15,Thursday,UP,Iron Condor,False,STOP,1,0.0,338.91,-338.91,False
2021-04-16,Friday,FLAT,Bull Call Spread,False,TARGET,4,817.5,170.28,647.22,True
2021-04-16,Friday,FLAT,Bear Put Spread,False,STOP,1,-143.5,170.35,-313.85,False
2021-04-16,Friday,FLAT,Iron Condor,True,NOSIM,0,0.0,0.0,0.0,False
2021-04-19,Monday,UP,Bull Call Spread,True,EOD,75,236.75,181.36,55.39,True
2021-04-19,Monday,UP,Bear Put Spread,False,EOD,75,-227.0,180.42,-407.42,False
2021-04-19,Monday,UP,Iron Condor,False,EOD,75,89.5,341.46,-251.96,False
2021-04-20,Tuesday,FLAT,Bull Call Spread,False,STOP,26,-519.75,179.19,-698.94,False
2021-04-20,Tuesday,FLAT,Bear Put Spread,False,TARGET,67,1225.0,181.22,1043.78,True
2021-04-20,Tuesday,FLAT,Iron Condor,True,EOD,75,-232.0,340.0,-572.0,False
2021-04-22,Thursday,DOWN,Bull Call Spread,False,TARGET,59,1060.25,177.09,883.16,True
2021-04-22,Thursday,DOWN,Bear Put Spread,True,STOP,30,-454.5,175.34,-629.84,False
2021-04-22,Thursday,DOWN,Iron Condor,False,TARGET,30,180.75,340.11,-159.36,False
2021-04-23,Friday,UP,Bull Call Spread,True,TARGET,1,1429.25,170.93,1258.32,True
2021-04-23,Friday,UP,Bear Put Spread,False,STOP,1,-51.0,169.57,-220.57,False
2021-04-23,Friday,UP,Iron Condor,False,NOSIM,0,0.0,0.0,0.0,False
2021-04-26,Monday,FLAT,Bull Call Spread,False,EOD,75,176.0,183.87,-7.87,False
2021-04-26,Monday,FLAT,Bear Put Spread,False,EOD,75,-175.0,184.86,-359.86,False
2021-04-26,Monday,FLAT,Iron Condor,True,EOD,75,14.0,342.76,-328.76,False
2021-04-27,Tuesday,UP,Bull Call Spread,True,EOD,75,736.25,180.29,555.96,True
2021-04-27,Tuesday,UP,Bear Put Spread,False,STOP,58,-572.5,180.89,-753.39,False
2021-04-27,Tuesday,UP,Iron Condor,False,EOD,75,-143.25,340.16,-483.41,False
2021-04-28,Wednesday,UP,Bull Call Spread,True,EOD,75,834.25,177.37,656.88,True
2021-04-28,Wednesday,UP,Bear Put Spread,False,STOP,37,-485.0,176.44,-661.44,False
2021-04-28,Wednesday,UP,Iron Condor,False,STOP,43,-372.5,339.82,-712.32,False
2021-04-29,Thursday,UP,Bull Call Spread,True,STOP,11,-435.0,173.91,-608.91,False
2021-04-29,Thursday,UP,Bear Put Spread,False,TARGET,19,1118.75,175.23,943.52,True
2021-04-29,Thursday,UP,Iron Condor,False,NOSIM,0,0.0,0.0,0.0,False
2021-04-30,Friday,DOWN,Bull Call Spread,False,TARGET,1,727.75,169.89,557.86,True
2021-04-30,Friday,DOWN,Bear Put Spread,True,STOP,1,-319.75,170.2,-489.95,False
2021-04-30,Friday,DOWN,Iron Condor,False,STOP,1,0.0,338.91,-338.91,False
2021-05-03,Monday,DOWN,Bull Call Spread,False,EOD,75,558.75,183.74,375.01,True
2021-05-03,Monday,DOWN,Bear Put Spread,True,EOD,75,-531.0,184.88,-715.88,False
2021-05-03,Monday,DOWN,Iron Condor,False,TARGET,64,178.75,340.73,-161.98,False
2021-05-04,Tuesday,UP,Bull Call Spread,True,STOP,64,-569.25,180.09,-749.34,False
2021-05-04,Tuesday,UP,Bear Put Spread,False,EOD,75,795.75,181.4,614.35,True
2021-05-04,Tuesday,UP,Iron Condor,False,EOD,75,190.75,341.42,-150.67,False
2021-05-05,Wednesday,DOWN,Bull Call Spread,False,EOD,75,147.5,178.62,-31.12,False
2021-05-05,Wednesday,DOWN,Bear Put Spread,True,EOD,75,-142.25,177.96,-320.21,False
2021-05-05,Wednesday,DOWN,Iron Condor,False,EOD,75,-33.25,339.59,-372.84,False
2021-05-06,Thursday,UP,Bull Call Spread,True,EOD,75,411.75,173.97,237.78,True
2021-05-06,Thursday,UP,Bear Put Spread,False,EOD,75,-406.25,175.86,-582.11,False
2021-05-06,Thursday,UP,Iron Condor,False,TARGET,13,46.5,339.08,-292.58,False
2021-05-07,Friday,UP,Bull Call Spread,True,TARGET,1,544.25,170.77,373.48,True
2021-05-07,Friday,UP,Bear Put Spread,False,STOP,1,-218.25,170.17,-388.42,False
2021-05-07,Friday,UP,Iron Condor,False,STOP,1,0.0,338.91,-338.91,False
2021-05-10,Monday,FLAT,Bull Call Spread,False,EOD,75,112.0,179.02,-67.02,False
2021-05-10,Monday,FLAT,Bear Put Spread,False,EOD,75,-114.75,181.12,-295.87,False
2021-05-10,Monday,FLAT,Iron Condor,True,EOD,75,31.0,339.75,-308.75,False
2021-05-11,Tuesday,FLAT,Bull Call Spread,False,EOD,75,340.5,175.91,164.59,True
2021-05-11,Tuesday,FLAT,Bear Put Spread,False,STOP,28,-508.75,176.51,-685.26,False
2021-05-11,Tuesday,FLAT,Iron Condor,True,TARGET,28,111.0,339.49,-228.49,False
2021-05-12,Wednesday,UP,Bull Call Spread,True,STOP,4,-556.25,174.79,-731.04,False
2021-05-12,Wednesday,UP,Bear Put Spread,False,TARGET,14,887.75,172.97,714.78,True
2021-05-12,Wednesday,UP,Iron Condor,False,NOSIM,0,0.0,0.0,0.0,False
2021-05-14,Friday,DOWN,Bull Call Spread,False,STOP,1,-271.5,170.16,-441.66,False
2021-05-14,Friday,DOWN,Bear Put Spread,True,TARGET,1,511.0,169.92,341.08,True
2021-05-14,Friday,DOWN,Iron Condor,False,STOP,1,-62.0,338.91,-400.91,False
2021-05-17,Monday,FLAT,Bull Call Spread,False,EOD,75,775.0,180.36,594.64,True
2021-05-17,Monday,FLAT,Bear Put Spread,False,STOP,58,-532.0,179.72,-711.72,False
2021-05-17,Monday,FLAT,Iron Condor,True,STOP,54,-32.25,338.96,-371.21,False
2021-05-18,Tuesday,UP,Bull Call Spread,True,EOD,75,282.0,177.6,104.4,True
2021-05-18,Tuesday,UP,Bear Put Spread,False,EOD,75,-259.75,176.55,-436.3,False
2021-05-18,Tuesday,UP,Iron Condor,False,NOSIM,0,0.0,0.0,0.0,False
2021-05-19,Wednesday,UP,Bull Call Spread,True,EOD,75,-286.25,175.75,-462.0,False
2021-05-19,Wednesday,UP,Bear Put Spread,False,EOD,75,297.0,174.73,122.27,True
2021-05-19,Wednesday,UP,Iron Condor,False,EOD,75,-30.25,339.05,-369.3,False
2021-05-20,Thursday,FLAT,Bull Call Spread,False,STOP,3,-414.25,173.14,-587.39,False
2021-05-20,Thursday,FLAT,Bear Put Spread,False,TARGET,64,962.75,174.05,788.7,True
2021-05-20,Thursday,FLAT,Iron Condor,True,STOP,67,-670.25,339.95,-1010.2,False
2021-05-21,Friday,DOWN,Bull Call Spread,False,TARGET,1,314.75,170.44,144.31,True
2021-05-21,Friday,DOWN,Bear Put Spread,True,STOP,1,-320.25,171.19,-491.44,False
2021-05-21,Friday,DOWN,Iron Condor,False,NOSIM,0,0.0,0.0,0.0,False
2021-05-24,Monday,UP,Bull Call Spread,True,EOD,75,-131.25,179.51,-310.76,False
2021-05-24,Monday,UP,Bear Put Spread,False,EOD,75,131.75,178.45,-46.7,False
2021-05-24,Monday,UP,Iron Condor,False,EOD,75,60.25,340.76,-280.51,False
2021-05-25,Tuesday,FLAT,Bull Call Spread,False,STOP,54,-483.0,176.35,-659.35,False
2021-05-25,Tuesday,FLAT,Bear Put Spread,False,EOD,75,439.0,177.23,261.77,True
2021-05-25,Tuesday,FLAT,Iron Condor,True,EOD,75,9.75,341.41,-331.66,False
2021-05-26,Wednesday,DOWN,Bull Call Spread,False,EOD,75,289.75,175.32,114.43,True
2021-05-26,Wednesday,DOWN,Bear Put Spread,True,EOD,75,-256.25,174.34,-430.59,False
2021-05-26,Wednesday,DOWN,Iron Condor,False,EOD,75,-94.75,339.46,-434.21,False
2021-05-27,Thursday,UP,Bull Call Spread,True,EOD,75,522.0,173.59,348.41,True
2021-05-27,Thursday,UP,Bear Put Spread,False,STOP,75,-364.5,172.06,-536.56,False
2021-05-27,Thursday,UP,Iron Condor,False,EOD,75,8.5,339.86,-331.36,False
2021-05-28,Friday,FLAT,Bull Call Spread,False,TARGET,6,500.5,170.81,329.69,True
2021-05-28,Friday,FLAT,Bear Put Spread,False,STOP,1,-45.75,169.64,-215.39,False
2021-05-28,Friday,FLAT,Iron Condor,True,NOSIM,0,0.0,0.0,0.0,False
2021-05-31,Monday,FLAT,Bull Call Spread,False,EOD,75,698.5,178.04,520.46,True
2021-05-31,Monday,FLAT,Bear Put Spread,False,STOP,40,-527.0,178.22,-705.22,False
2021-05-31,Monday,FLAT,Iron Condor,True,EOD,75,314.75,342.7,-27.95,False
2021-06-01,Tuesday,UP,Bull Call Spread,True,STOP,29,-488.5,175.42,-663.92,False
2021-06-01,Tuesday,UP,Bear Put Spread,False,EOD,75,409.25,177.02,232.23,True
2021-06-01,Tuesday,UP,Iron Condor,False,EOD,75,-145.75,340.26,-486.01,False
2021-06-02,Wednesday,FLAT,Bull Call Spread,False,EOD,75,560.75,175.34,385.41,True
2021-06-02,Wednesday,FLAT,Bear Put Spread,False,STOP,73,-426.25,173.73,-599.98,False
2021-06-02,Wednesday,FLAT,Iron Condor,True,STOP,1,0.0,338.91,-338.91,False
2021-06-03,Thursday,FLAT,Bull Call Spread,False,EOD,75,363.25,172.53,190.72,True
2021-06-03,Thursday,FLAT,Bear Put Spread,False,STOP,72,-359.0,172.25,-531.25,False
2021-06-03,Thursday,FLAT,Iron Condor,True,EOD,75,-286.0,340.57,-626.57,False
2021-06-04,Friday,FLAT,Bull Call Spread,False,STOP,1,-491.25,170.94,-662.19,False
2021-06-04,Friday,FLAT,Bear Put Spread,False,TARGET,1,336.25,169.62,166.63,True
2021-06-04,Friday,FLAT,Iron Condor,True,NOSIM,0,0.0,0.0,0.0,False
2021-06-07,Monday,FLAT,Bull Call Spread,False,EOD,75,147.25,178.3,-31.05,False
2021-06-07,Monday,FLAT,Bear Put Spread,False,EOD,75,-136.5,176.38,-312.88,False
2021-06-07,Monday,FLAT,Iron Condor,True,NOSIM,0,0.0,0.0,0.0,False
2021-06-08,Tuesday,FLAT,Bull Call Spread,False,STOP,9,-531.0,176.78,-707.78,False
2021-06-08,Tuesday,FLAT,Bear Put Spread,False,EOD,75,215.5,174.75,40.75,True
2021-06-08,Tuesday,FLAT,Iron Condor,True,EOD,75,-113.0,343.59,-456.59,False
2021-06-09,Wednesday,FLAT,Bull Call Spread,False,STOP,48,-732.25,174.46,-906.71,False
2021-06-09,Wednesday,FLAT,Bear Put Spread,False,TARGET,48,890.5,173.35,717.15,True
2021-06-09,Wednesday,FLAT,Iron Condor,True,TARGET,48,109.5,339.19,-229.69,False
2021-06-10,Thursday,DOWN,Bull Call Spread,False,EOD,75,591.0,172.07,418.93,True
2021-06-10,Thursday,DOWN,Bear Put Spread,True,STOP,35,-436.75,172.85,-609.6,False
2021-06-10,Thursday,DOWN,Iron Condor,False,EOD,75,-261.0,339.69,-600.69,False
2021-06-11,Friday,UP,Bull Call Spread,True,TARGET,1,198.25,169.98,28.27,True
2021-06-11,Friday,UP,Bear Put Spread,False,STOP,1,-164.25,170.19,-334.44,False
2021-06-11,Friday,UP,Iron Condor,False,NOSIM,0,0.0,0.0,0.0,False
2021-06-14,Monday,FLAT,Bull Call Spread,False,STOP,3,-631.75,175.71,-807.46,False
2021-06-14,Monday,FLAT,Bear Put Spread,False,TARGET,4,1105.0,176.96,928.04,True
2021-06-14,Monday,FLAT,Iron Condor,True,TARGET,3,252.0,340.31,-88.31,False
2021-06-15,Tuesday,UP,Bull Call Spread,True,EOD,75,-66.75,175.65,-242.4,False
2021-06-15,Tuesday,UP,Bear Put Spread,False,EOD,75,63.75,174.26,-110.51,False
2021-06-15,Tuesday,UP,Iron Condor,False,EOD,75,39.0,340.73,-301.73,False
2021-06-16,Wednesday,FLAT,Bull Call Spread,False,STOP,20,-563.25,174.02,-737.27,False
2021-06-16,Wednesday,FLAT,Bear Put Spread,False,TARGET,73,874.75,173.59,701.16,True
2021-06-16,Wednesday,FLAT,Iron Condor,True,TARGET,20,213.25,339.88,-126.63,False
2021-06-17,Thursday,DOWN,Bull Call Spread,False,TARGET,8,809.5,172.87,636.63,True
2021-06-17,Thursday,DOWN,Bear Put Spread,True,STOP,2,-402.75,173.0,-575.75,False
2021-06-17,Thursday,DOWN,Iron Condor,False,EOD,75,178.75,341.04,-162.29,False
2021-06-18,Friday,FLAT,Bull Call Spread,False,STOP,1,-264.5,170.31,-434.81,False
2021-06-18,Friday,FLAT,Bear Put Spread,False,TARGET,1,330.5,169.88,160.62,True
2021-06-18,Friday,FLAT,Iron Condor,True,NOSIM,0,0.0,0.0,0.0,False
2021-06-21,Monday,DOWN,Bull Call Spread,False,TARGET,59,980.25,176.66,803.59,True
2021-06-21,Monday,DOWN,Bear Put Spread,True,STOP,40,-578.5,178.26,-756.76,False
2021-06-21,Monday,DOWN,Iron Condor,False,STOP,47,-139.5,339.14,-478.64,False
2021-06-22,Tuesday,UP,Bull Call Spread,True,STOP,73,-513.25,175.56,-688.81,False
2021-06-22,Tuesday,UP,Bear Put Spread,False,EOD,75,533.5,176.01,357.49,True
2021-06-22,Tuesday,UP,Iron Condor,False,TARGET,73,274.25,340.88,-66.63,False
2021-06-23,Wednesday,FLAT,Bull Call Spread,False,STOP,4,-513.5,174.64,-688.14,False
2021-06-23,Wednesday,FLAT,Bear Put Spread,False,TARGET,12,864.75,173.94,690.81,True
2021-06-23,Wednesday,FLAT,Iron Condor,True,EOD,75,150.75,340.23,-189.48,False
2021-06-24,Thursday,DOWN,Bull Call Spread,False,TARGET,68,729.5,172.63,556.87,True
2021-06-24,Thursday,DOWN,Bear Put Spread,True,STOP,48,-438.75,173.44,-612.19,False
2021-06-24,Thursday,DOWN,Iron Condor,False,EOD,75,-397.25,340.84,-738.09,False
2021-06-25,Friday,UP,Bull Call Spread,True,STOP,2,-78.0,169.64,-247.64,False
2021-06-25,Friday,UP,Bear Put Spread,False,TARGET,2,539.5,170.87,368.63,True
2021-06-25,Friday,UP,Iron Condor,False,NOSIM,0,0.0,0.0,0.0,False
2021-06-28,Monday,FLAT,Bull Call Spread,False,STOP,34,-529.5,177.11,-706.61,False
2021-06-28,Monday,FLAT,Bear Put Spread,False,EOD,75,572.75,175.76,396.99,True
2021-06-28,Monday,FLAT,Iron Condor,True,EOD,75,396.0,342.96,53.04,True
2021-06-29,Tuesday,DOWN,Bull Call Spread,False,STOP,67,-566.5,176.59,-743.09,False
2021-06-29,Tuesday,DOWN,Bear Put Spread,True,EOD,75,459.75,175.03,284.72,True
2021-06-29,Tuesday,DOWN,Iron Condor,False,NOSIM,0,0.0,0.0,0.0,False
2021-06-30,Wednesday,DOWN,Bull Call Spread,False,EOD,75,-275.0,174.44,-449.44,False
2021-06-30,Wednesday,DOWN,Bear Put Spread,True,STOP,17,-411.75,173.34,-585.09,False
2021-06-30,Wednesday,DOWN,Iron Condor,False,EOD,75,69.75,340.2,-270.45,False
2021-07-01,Thursday,DOWN,Bull Call Spread,False,STOP,3,-363.5,172.19,-535.69,False
2021-07-01,Thursday,DOWN,Bear Put Spread,True,TARGET,17,693.25,171.88,521.37,True
2021-07-01,Thursday,DOWN,Iron Condor,False,TARGET,3,54.25,339.14,-284.89,False
2021-07-02,Friday,DOWN,Bull Call Spread,False,STOP,1,-258.75,170.37,-429.12,False
2021-07-02,Friday,DOWN,Bear Put Spread,True,TARGET,1,296.25,169.9,126.35,True
2021-07-02,Friday,DOWN,Iron Condor,False,NOSIM,0,0.0,0.0,0.0,False
2021-07-05,Monday,FLAT,Bull Call Spread,False,EOD,75,352.25,174.67,177.58,True
2021-07-05,Monday,FLAT,Bear Put Spread,False,EOD,75,-328.75,175.12,-503.87,False
2021-07-05,Monday,FLAT,Iron Condor,True,NOSIM,0,0.0,0.0,0.0,False
2021-07-06,Tuesday,UP,Bull Call Spread,True,EOD,75,-11.0,174.08,-185.08,False
2021-07-06,Tuesday,UP,Bear Put Spread,False,STOP,9,-385.75,172.83,-558.58,False
2021-07-06,Tuesday,UP,Iron Condor,False,EOD,75,-2.0,340.45,-342.45,False
2021-07-07,Wednesday,FLAT,Bull Call Spread,False,EOD,75,673.75,173.3,500.45,True
2021-07-07,Wednesday,FLAT,Bear Put Spread,False,STOP,65,-358.75,172.15,-530.9,False
2021-07-07,Wednesday,FLAT,Iron Condor,True,EOD,75,4.5,339.84,-335.34,False
2021-07-08,Thursday,UP,Bull Call Spread,True,STOP,30,-343.5,171.78,-515.28,False
2021-07-08,Thursday,UP,Bear Put Spread,False,TARGET,34,653.75,171.55,482.2,True
2021-07-08,Thursday,UP,Iron Condor,False,STOP,41,-681.75,339.97,-1021.72,False
2021-07-09,Friday,DOWN,Bull Call Spread,False,STOP,1,-64.75,169.81,-234.56,False
2021-07-09,Friday,DOWN,Bear Put Spread,True,TARGET,2,787.75,170.68,617.07,True
2021-07-09,Friday,DOWN,Iron Condor,False,NOSIM,0,0.0,0.0,0.0,False
2021-07-12,Monday,FLAT,Bull Call Spread,False,STOP,64,-519.0,176.75,-695.75,False
2021-07-12,Monday,FLAT,Bear Put Spread,False,EOD,75,503.25,175.34,327.91,True
2021-07-12,Monday,FLAT,Iron Condor,True,TARGET,66,595.5,344.22,251.28,True
2021-07-13,Tuesday,DOWN,Bull Call Spread,False,EOD,75,122.25,174.11,-51.86,False
2021-07-13,Tuesday,DOWN,Bear Put Spread,True,EOD,75,-122.5,174.69,-297.19,False
2021-07-13,Tuesday,DOWN,Iron Condor,False,NOSIM,0,0.0,0.0,0.0,False
2021-07-14,Wednesday,FLAT,Bull Call Spread,False,EOD,75,434.75,172.9,261.85,True
2021-07-14,Wednesday,FLAT,Bear Put Spread,False,STOP,42,-423.5,172.74,-596.24,False
2021-07-14,Wednesday,FLAT,Iron Condor,True,EOD,75,67.0,340.06,-273.06,False
2021-07-15,Thursday,UP,Bull Call Spread,True,TARGET,21,885.25,172.28,712.97,True
2021-07-15,Thursday,UP,Bear Put Spread,False,STOP,8,-250.0,171.12,-421.12,False
2021-07-15,Thursday,UP,Iron Condor,False,EOD,75,33.0,339.79,-306.79,False
2021-07-16,Friday,UP,Bull Call Spread,True,STOP,1,-259.5,170.5,-430.0,False
2021-07-16,Friday,UP,Bear Put Spread,False,TARGET,1,235.5,169.84,65.66,True
2021-07-16,Friday,UP,Iron Condor,False,TARGET,4,17.0,338.98,-321.98,False
2021-07-19,Monday,FLAT,Bull Call Spread,False,EOD,75,41.0,174.93,-133.93,False
2021-07-19,Monday,FLAT,Bear Put Spread,False,STOP,2,-449.25,174.56,-623.81,False
2021-07-19,Monday,FLAT,Iron Condor,True,NOSIM,0,0.0,0.0,0.0,False
2021-07-20,Tuesday,FLAT,Bull Call Spread,False,STOP,16,-447.75,174.04,-621.79,False
2021-07-20,Tuesday,FLAT,Bear Put Spread,False,TARGET,23,884.5,173.77,710.73,True
2021-07-20,Tuesday,FLAT,Iron Condor,True,NOSIM,0,0.0,0.0,0.0,False
2021-07-22,Thursday,DOWN,Bull Call Spread,False,TARGET,34,720.0,172.45,547.55,True
2021-07-22,Thursday,DOWN,Bear Put Spread,True,STOP,9,-431.5,173.14,-604.64,False
2021-07-22,Thursday,DOWN,Iron Condor,False,EOD,75,-735.25,340.65,-1075.9,False
2021-07-23,Friday,UP,Bull Call Spread,True,TARGET,1,337.25,169.97,167.28,True
2021-07-23,Friday,UP,Bear Put Spread,False,STOP,1,-230.25,170.2,-400.45,False
2021-07-23,Friday,UP,Iron Condor,False,TARGET,1,6.0,338.92,-332.92,False
2021-07-26,Monday,FLAT,Bull Call Spread,False,EOD,75,-292.25,175.58,-467.83,False
2021-07-26,Monday,FLAT,Bear Put Spread,False,EOD,75,302.5,174.53,127.97,True
2021-07-26,Monday,FLAT,Iron Condor,True,EOD,75,160.5,340.72,-180.22,False
2021-07-27,Tuesday,FLAT,Bull Call Spread,False,STOP,40,-475.25,174.84,-650.09,False
2021-07-27,Tuesday,FLAT,Bear Put Spread,False,TARGET,45,881.5,174.02,707.48,True
2021-07-27,Tuesday,FLAT,Iron Condor,True,EOD,75,-531.25,343.27,-874.52,False
2021-07-28,Wednesday,DOWN,Bull Call Spread,False,STOP,1,-726.75,174.22,-900.97,False
2021-07-28,Wednesday,DOWN,Bear Put Spread,True,TARGET,1,872.75,172.92,699.83,True
2021-07-28,Wednesday,DOWN,Iron Condor,False,TARGET,1,262.75,339.89,-77.14,False
2021-07-29,Thursday,DOWN,Bull Call Spread,False,EOD,75,258.25,172.61,85.64,True
2021-07-29,Thursday,DOWN,Bear Put Spread,True,STOP,26,-335.75,171.97,-507.72,False
2021-07-29,Thursday,DOWN,Iron Condor,False,EOD,75,-200.5,340.61,-541.11,False
2021-07-30,Friday,UP,Bull Call Spread,True,STOP,1,-181.25,170.3,-351.55,False
2021-07-30,Friday,UP,Bear Put Spread,False,TARGET,1,181.25,169.9,11.35,True
2021-07-30,Friday,UP,Iron Condor,False,NOSIM,0,0.0,0.0,0.0,False
2021-08-02,Monday,UP,Bull Call Spread,True,EOD,75,103.75,176.61,-72.86,False
2021-08-02,Monday,UP,Bear Put Spread,False,EOD,75,-94.0,174.73,-268.73,False
2021-08-02,Monday,UP,Iron Condor,False,EOD,75,-44.25,345.59,-389.84,False
2021-08-03,Tuesday,FLAT,Bull Call Spread,False,TARGET,63,862.5,173.94,688.56,True
2021-08-03,Tuesday,FLAT,Bear Put Spread,False,STOP,37,-452.75,173.87,-626.62,False
2021-08-03,Tuesday,FLAT,Iron Condor,True,NOSIM,0,0.0,0.0,0.0,False
2021-08-04,Wednesday,UP,Bull Call Spread,True,EOD,75,514.25,173.73,340.52,True
2021-08-04,Wednesday,UP,Bear Put Spread,False,STOP,8,-478.75,174.38,-653.13,False
2021-08-04,Wednesday,UP,Iron Condor,False,NOSIM,0,0.0,0.0,0.0,False
2021-08-05,Thursday,UP,Bull Call Spread,True,STOP,3,-440.5,171.82,-612.32,False
2021-08-05,Thursday,UP,Bear Put Spread,False,TARGET,4,827.25,172.55,654.7,True
2021-08-05,Thursday,UP,Iron Condor,False,TARGET,3,149.75,339.42,-189.67,False
2021-08-06,Friday,FLAT,Bull Call Spread,False,TARGET,1,222.75,170.14,52.61,True
2021-08-06,Friday,FLAT,Bear Put Spread,False,STOP,1,-139.75,170.05,-309.8,False
2021-08-06,Friday,FLAT,Iron Condor,True,NOSIM,0,0.0,0.0,0.0,False
2021-08-09,Monday,FLAT,Bull Call Spread,False,STOP,53,-447.25,175.34,-622.59,False
2021-08-09,Monday,FLAT,Bear Put Spread,False,EOD,75,211.0,176.57,34.43,True
2021-08-09,Monday,FLAT,Iron Condor,True,NOSIM,0,0.0,0.0,0.0,False
2021-08-10,Tuesday,FLAT,Bull Call Spread,False,STOP,60,-449.75,173.53,-623.28,False
2021-08-10,Tuesday,FLAT,Bear Put Spread,False,STOP,21,-503.75,175.15,-678.9,False
2021-08-10,Tuesday,FLAT,Iron Condor,True,NOSIM,0,0.0,0.0,0.0,False
2021-08-11,Wednesday,FLAT,Bull Call Spread,False,STOP,5,-401.75,172.49,-574.24,False
2021-08-11,Wednesday,FLAT,Bear Put Spread,False,TARGET,10,969.25,174.17,795.08,True
2021-08-11,Wednesday,FLAT,Iron Condor,True,NOSIM,0,0.0,0.0,0.0,False
2021-08-12,Thursday,FLAT,Bull Call Spread,False,TARGET,50,690.5,171.96,518.54,True
2021-08-12,Thursday,FLAT,Bear Put Spread,False,STOP,14,-358.25,172.08,-530.33,False
2021-08-12,Thursday,FLAT,Iron Condor,True,NOSIM,0,0.0,0.0,0.0,False
2021-08-13,Friday,UP,Bull Call Spread,True,TARGET,1,496.0,169.76,326.24,True
2021-08-13,Friday,UP,Bear Put Spread,False,STOP,1,-421.5,170.6,-592.1,False
2021-08-13,Friday,UP,Iron Condor,False,NOSIM,0,0.0,0.0,0.0,False
2021-08-16,Monday,UP,Bull Call Spread,True,EOD,75,192.75,176.42,16.33,True
2021-08-16,Monday,UP,Bear Put Spread,False,EOD,75,-173.5,174.85,-348.35,False
2021-08-16,Monday,UP,Iron Condor,False,EOD,75,67.0,341.92,-274.92,False
2021-08-17,Tuesday,UP,Bull Call Spread,True,EOD,75,536.0,173.66,362.34,True
2021-08-17,Tuesday,UP,Bear Put Spread,False,STOP,70,-462.75,174.09,-636.84,False
2021-08-17,Tuesday,UP,Iron Condor,False,TARGET,70,183.75,339.89,-156.14,False
2021-08-18,Wednesday,UP,Bull Call Spread,True,STOP,35,-323.25,171.38,-494.63,False
2021-08-18,Wednesday,UP,Bear Put Spread,False,TARGET,43,914.0,172.58,741.42,True
2021-08-18,Wednesday,UP,Iron Condor,False,NOSIM,0,0.0,0.0,0.0,False
2021-08-20,Friday,DOWN,Bull Call Spread,False,TARGET,1,1110.25,170.25,940.0,True
2021-08-20,Friday,DOWN,Bear Put Spread,True,STOP,1,-282.25,170.08,-452.33,False
2021-08-20,Friday,DOWN,Iron Condor,False,NOSIM,0,0.0,0.0,0.0,False
2021-08-23,Monday,FLAT,Bull Call Spread,False,STOP,13,-492.25,176.87,-669.12,False
2021-08-23,Monday,FLAT,Bear Put Spread,False,EOD,75,616.0,177.52,438.48,True
2021-08-23,Monday,FLAT,Iron Condor,True,NOSIM,0,0.0,0.0,0.0,False
2021-08-24,Tuesday,DOWN,Bull Call Spread,False,EOD,75,540.75,174.72,366.03,True
2021-08-24,Tuesday,DOWN,Bear Put Spread,True,STOP,58,-543.5,175.42,-718.92,False
2021-08-24,Tuesday,DOWN,Iron Condor,False,EOD,75,-494.25,342.5,-836.75,False
2021-08-25,Wednesday,UP,Bull Call Spread,True,EOD,75,-188.0,173.56,-361.56,False
2021-08-25,Wednesday,UP,Bear Put Spread,False,EOD,75,192.25,172.97,19.28,True
2021-08-25,Wednesday,UP,Iron Condor,False,EOD,75,-3.0,340.19,-343.19,False
2021-08-26,Thursday,FLAT,Bull Call Spread,False,TARGET,13,530.5,171.28,359.22,True
2021-08-26,Thursday,FLAT,Bear Put Spread,False,STOP,7,-425.75,172.74,-598.49,False
2021-08-26,Thursday,FLAT,Iron Condor,True,EOD,75,-26.75,340.03,-366.78,False
2021-08-27,Friday,FLAT,Bull Call Spread,False,STOP,3,-140.5,169.77,-310.27,False
2021-08-27,Friday,FLAT,Bear Put Spread,False,TARGET,3,1121.25,170.62,950.63,True
2021-08-27,Friday,FLAT,Iron Condor,True,NOSIM,0,0.0,0.0,0.0,False
2021-08-30,Monday,UP,Bull Call Spread,True,TARGET,73,1097.5,177.33,920.17,True
2021-08-30,Monday,UP,Bear Put Spread,False,STOP,13,-468.0,176.02,-644.02,False
2021-08-30,Monday,UP,Iron Condor,False,EOD,75,-267.75,342.54,-610.29,False
2021-08-31,Tuesday,UP,Bull Call Spread,True,TARGET,70,1172.5,175.04,997.46,True
2021-08-31,Tuesday,UP,Bear Put Spread,False,STOP,41,-463.75,174.92,-638.67,False
2021-08-31,Tuesday,UP,Iron Condor,False,EOD,75,-1117.75,343.21,-1460.96,False
2021-09-01,Wednesday,UP,Bull Call Spread,True,STOP,22,-462.25,174.06,-636.31,False
2021-09-01,Wednesday,UP,Bear Put Spread,False,TARGET,72,964.0,174.91,789.09,True
2021-09-01,Wednesday,UP,Iron Condor,False,NOSIM,0,0.0,0.0,0.0,False
2021-09-02,Thursday,DOWN,Bull Call Spread,False,TARGET,25,695.75,171.95,523.8,True
2021-09-02,Thursday,DOWN,Bear Put Spread,True,STOP,19,-381.75,172.21,-553.96,False
2021-09-02,Thursday,DOWN,Iron Condor,False,STOP,62,-737.25,340.06,-1077.31,False
2021-09-03,Friday,UP,Bull Call Spread,True,TARGET,1,979.75,170.46,809.29,True
2021-09-03,Friday,UP,Bear Put Spread,False,STOP,1,-194.5,169.89,-364.39,False
2021-09-03,Friday,UP,Iron Condor,False,NOSIM,0,0.0,0.0,0.0,False
2021-09-06,Monday,UP,Bull Call Spread,True,EOD,75,-142.5,177.69,-320.19,False
2021-09-06,Monday,UP,Bear Put Spread,False,EOD,75,146.25,177.43,-31.18,False
2021-09-06,Monday,UP,Iron Condor,False,EOD,75,-23.25,339.29,-362.54,False
2021-09-07,Tuesday,FLAT,Bull Call Spread,False,STOP,11,-605.75,176.6,-782.35,False
2021-09-07,Tuesday,FLAT,Bear Put Spread,False,EOD,75,322.75,175.9,146.85,True
2021-09-07,Tuesday,FLAT,Iron Condor,True,STOP,1,0.0,338.91,-338.91,False
2021-09-08,Wednesday,FLAT,Bull Call Spread,False,STOP,40,-446.25,173.47,-619.72,False
2021-09-08,Wednesday,FLAT,Bear Put Spread,False,EOD,75,105.75,175.06,-69.31,False
2021-09-08,Wednesday,FLAT,Iron Condor,True,EOD,75,-77.75,341.25,-419.0,False
2021-09-09,Thursday,FLAT,Bull Call Spread,False,EOD,75,526.5,172.66,353.84,True
2021-09-09,Thursday,FLAT,Bear Put Spread,False,STOP,16,-333.25,171.86,-505.11,False
2021-09-09,Thursday,FLAT,Iron Condor,True,NOSIM,0,0.0,0.0,0.0,False
2021-09-13,Monday,FLAT,Bull Call Spread,False,STOP,1,-423.25,170.55,-593.8,False
2021-09-13,Monday,FLAT,Bear Put Spread,False,TARGET,1,609.25,169.84,439.41,True
2021-09-13,Monday,FLAT,Iron Condor,True,STOP,1,-71.0,338.99,-409.99,False
2021-09-14,Tuesday,FLAT,Bull Call Spread,False,EOD,75,-249.5,175.99,-425.49,False
2021-09-14,Tuesday,FLAT,Bear Put Spread,False,EOD,75,250.5,174.5,76.0,True
2021-09-14,Tuesday,FLAT,Iron Condor,True,NOSIM,0,0.0,0.0,0.0,False
2021-09-15,Wednesday,FLAT,Bull Call Spread,False,TARGET,39,787.0,173.03,613.97,True
2021-09-15,Wednesday,FLAT,Bear Put Spread,False,STOP,10,-458.75,173.77,-632.52,False
2021-09-15,Wednesday,FLAT,Iron Condor,True,NOSIM,0,0.0,0.0,0.0,False
2021-09-16,Thursday,UP,Bull Call Spread,True,TARGET,58,670.25,171.68,498.57,True
2021-09-16,Thursday,UP,Bear Put Spread,False,STOP,37,-368.75,171.79,-540.54,False
2021-09-16,Thursday,UP,Iron Condor,False,NOSIM,0,0.0,0.0,0.0,False
2021-09-17,Friday,UP,Bull Call Spread,True,TARGET,2,537.0,170.55,366.45,True
2021-09-17,Friday,UP,Bear Put Spread,False,STOP,2,-225.5,170.15,-395.65,False
2021-09-17,Friday,UP,Iron Condor,False,NOSIM,0,0.0,0.0,0.0,False
2021-09-20,Monday,DOWN,Bull Call Spread,False,EOD,75,-399.0,177.42,-576.42,False
2021-09-20,Monday,DOWN,Bear Put Spread,True,STOP,10,-529.0,177.56,-706.56,False
2021-09-20,Monday,DOWN,Iron Condor,False,TARGET,4,51.25,339.11,-287.86,False
2021-09-21,Tuesday,DOWN,Bull Call Spread,False,STOP,25,-534.75,179.11,-713.86,False
2021-09-21,Tuesday,DOWN,Bear Put Spread,True,STOP,73,-524.75,178.57,-703.32,False
2021-09-21,Tuesday,DOWN,Iron Condor,False,EOD,75,-19.25,339.5,-358.75,False
2021-09-22,Wednesday,UP,Bull Call Spread,True,EOD,75,-194.75,174.34,-369.09,False
2021-09-22,Wednesday,UP,Bear Put Spread,False,EOD,75,223.75,176.01,47.74,True
2021-09-22,Wednesday,UP,Iron Condor,False,TARGET,3,9.75,338.95,-329.2,False
2021-09-23,Thursday,FLAT,Bull Call Spread,False,TARGET,38,745.25,173.02,572.23,True
2021-09-23,Thursday,FLAT,Bear Put Spread,False,STOP,34,-542.0,174.7,-716.7,False
2021-09-23,Thursday,FLAT,Iron Condor,True,STOP,11,-32.25,338.96,-371.21,False
2021-09-24,Friday,UP,Bull Call Spread,True,TARGET,1,571.0,170.19,400.81,True
2021-09-24,Friday,UP,Bear Put Spread,False,STOP,1,-294.0,170.28,-464.28,False
2021-09-24,Friday,UP,Iron Condor,False,STOP,1,0.0,338.91,-338.91,False
2021-09-27,Monday,FLAT,Bull Call Spread,False,STOP,29,-567.25,178.81,-746.06,False
2021-09-27,Monday,FLAT,Bear Put Spread,False,EOD,75,384.75,180.05,204.7,True
2021-09-27,Monday,FLAT,Iron Condor,True,TARGET,13,36.0,339.13,-303.13,False
2021-09-28,Tuesday,DOWN,Bull Call Spread,False,STOP,22,-547.75,177.62,-725.37,False
2021-09-28,Tuesday,DOWN,Bear Put Spread,True,TARGET,35,998.25,177.05,821.2,True
2021-09-28,Tuesday,DOWN,Iron Condor,False,TARGET,32,505.25,343.46,161.79,True
2021-09-29,Wednesday,DOWN,Bull Call Spread,False,EOD,75,364.5,175.99,188.51,True
2021-09-29,Wednesday,DOWN,Bear Put Spread,True,STOP,60,-477.25,175.47,-652.72,False
2021-09-29,Wednesday,DOWN,Iron Condor,False,STOP,61,-161.75,339.16,-500.91,False
2021-09-30,Thursday,FLAT,Bull Call Spread,False,STOP,42,-504.75,174.62,-679.37,False
2021-09-30,Thursday,FLAT,Bear Put Spread,False,TARGET,49,831.5,173.18,658.32,True
2021-09-30,Thursday,FLAT,Iron Condor,True,TARGET,3,41.75,339.04,-297.29,False
2021-10-01,Friday,DOWN,Bull Call Spread,False,STOP,1,-123.25,169.73,-292.98,False
2021-10-01,Friday,DOWN,Bear Put Spread,True,TARGET,1,935.25,170.82,764.43,True
2021-10-01,Friday,DOWN,Iron Condor,False,STOP,1,0.0,338.91,-338.91,False
2021-10-04,Monday,FLAT,Bull Call Spread,False,EOD,75,405.5,180.9,224.6,True
2021-10-04,Monday,FLAT,Bear Put Spread,False,STOP,19,-538.75,179.9,-718.65,False
2021-10-04,Monday,FLAT,Iron Condor,True,EOD,75,235.5,342.81,-107.31,False
2021-10-05,Tuesday,UP,Bull Call Spread,True,EOD,75,1002.5,177.41,825.09,True
2021-10-05,Tuesday,UP,Bear Put Spread,False,STOP,45,-514.75,176.45,-691.2,False
2021-10-05,Tuesday,UP,Iron Condor,False,EOD,75,259.0,344.62,-85.62,False
2021-10-06,Wednesday,UP,Bull Call Spread,True,STOP,47,-492.25,174.92,-667.17,False
2021-10-06,Wednesday,UP,Bear Put Spread,False,TARGET,49,1032.75,174.37,858.38,True
2021-10-06,Wednesday,UP,Iron Condor,False,EOD,75,-518.75,340.72,-859.47,False
2021-10-07,Thursday,DOWN,Bull Call Spread,False,EOD,75,-46.25,173.74,-219.99,False
2021-10-07,Thursday,DOWN,Bear Put Spread,True,EOD,75,46.5,173.52,-127.02,False
2021-10-07,Thursday,DOWN,Iron Condor,False,EOD,75,9.0,339.38,-330.38,False
2021-10-08,Friday,FLAT,Bull Call Spread,False,STOP,1,-133.25,169.87,-303.12,False
2021-10-08,Friday,FLAT,Bear Put Spread,False,TARGET,1,414.25,170.56,243.69,True
2021-10-08,Friday,FLAT,Iron Condor,True,NOSIM,0,0.0,0.0,0.0,False
2021-10-11,Monday,FLAT,Bull Call Spread,False,EOD,75,527.5,178.49,349.01,True
2021-10-11,Monday,FLAT,Bear Put Spread,False,STOP,8,-535.0,178.01,-713.01,False
2021-10-11,Monday,FLAT,Iron Condor,True,EOD,75,-6.25,349.42,-355.67,False
2021-10-12,Tuesday,UP,Bull Call Spread,True,EOD,75,511.75,177.78,333.97,True
2021-10-12,Tuesday,UP,Bear Put Spread,False,EOD,75,-436.75,175.87,-612.62,False
2021-10-12,Tuesday,UP,Iron Condor,False,EOD,75,288.0,342.22,-54.22,False
2021-10-13,Wednesday,UP,Bull Call Spread,True,EOD,75,553.5,174.74,378.76,True
2021-10-13,Wednesday,UP,Bear Put Spread,False,STOP,48,-532.0,175.66,-707.66,False
2021-10-13,Wednesday,UP,Iron Condor,False,NOSIM,0,0.0,0.0,0.0,False
2021-10-14,Thursday,UP,Bull Call Spread,True,EOD,75,521.0,172.59,348.41,True
2021-10-14,Thursday,UP,Bear Put Spread,False,STOP,71,-504.75,173.95,-678.7,False
2021-10-14,Thursday,UP,Iron Condor,False,NOSIM,0,0.0,0.0,0.0,False
2021-10-18,Monday,UP,Bull Call Spread,True,STOP,1,-93.5,169.69,-263.19,False
2021-10-18,Monday,UP,Bear Put Spread,False,TARGET,1,576.5,171.06,405.44,True
2021-10-18,Monday,UP,Iron Condor,False,NOSIM,0,0.0,0.0,0.0,False
2021-10-19,Tuesday,FLAT,Bull Call Spread,False,STOP,11,-797.5,177.0,-974.5,False
2021-10-19,Tuesday,FLAT,Bear Put Spread,False,TARGET,73,1113.75,178.23,935.52,True
2021-10-19,Tuesday,FLAT,Iron Condor,True,EOD,75,-407.75,340.42,-748.17,False
2021-10-20,Wednesday,DOWN,Bull Call Spread,False,STOP,2,-609.75,176.63,-786.38,False
2021-10-20,Wednesday,DOWN,Bear Put Spread,True,TARGET,55,1076.25,176.95,899.3,True
2021-10-20,Wednesday,DOWN,Iron Condor,False,STOP,58,-1021.5,341.69,-1363.19,False
2021-10-21,Thursday,DOWN,Bull Call Spread,False,STOP,3,-614.5,175.11,-789.61,False
2021-10-21,Thursday,DOWN,Bear Put Spread,True,TARGET,4,945.25,173.18,772.07,True
2021-10-21,Thursday,DOWN,Iron Condor,False,TARGET,4,251.5,340.32,-88.82,False
2021-10-22,Friday,DOWN,Bull Call Spread,False,TARGET,1,187.5,170.04,17.46,True
2021-10-22,Friday,DOWN,Bear Put Spread,True,STOP,1,-253.75,171.02,-424.77,False
2021-10-22,Friday,DOWN,Iron Condor,False,NOSIM,0,0.0,0.0,0.0,False
2021-10-25,Monday,DOWN,Bull Call Spread,False,STOP,2,-605.75,180.46,-786.21,False
2021-10-25,Monday,DOWN,Bear Put Spread,True,EOD,75,436.75,181.64,255.11,True
2021-10-25,Monday,DOWN,Iron Condor,False,STOP,7,-106.25,339.04,-445.29,False
2021-10-26,Tuesday,DOWN,Bull Call Spread,False,EOD,75,732.25,179.75,552.5,True
2021-10-26,Tuesday,DOWN,Bear Put Spread,True,STOP,73,-531.25,178.92,-710.17,False
2021-10-26,Tuesday,DOWN,Iron Condor,False,TARGET,1,11.5,338.95,-327.45,False
2021-10-27,Wednesday,UP,Bull Call Spread,True,STOP,65,-539.5,175.88,-715.38,False
2021-10-27,Wednesday,UP,Bear Put Spread,False,EOD,75,771.5,176.09,595.41,True
2021-10-27,Wednesday,UP,Iron Condor,False,EOD,75,-32.0,340.78,-372.78,False
2021-10-28,Thursday,DOWN,Bull Call Spread,False,STOP,4,-516.0,173.54,-689.54,False
2021-10-28,Thursday,DOWN,Bear Put Spread,True,TARGET,6,972.75,174.67,798.08,True
2021-10-28,Thursday,DOWN,Iron Condor,False,STOP,5,-412.5,339.65,-752.15,False
2021-10-29,Friday,DOWN,Bull Call Spread,False,STOP,1,-146.0,169.78,-315.78,False
2021-10-29,Friday,DOWN,Bear Put Spread,True,TARGET,1,2728.75,171.01,2557.74,True
2021-10-29,Friday,DOWN,Iron Condor,False,STOP,1,-2444.5,339.16,-2783.66,False
2021-11-01,Monday,DOWN,Bull Call Spread,False,EOD,75,729.5,182.33,547.17,True
2021-11-01,Monday,DOWN,Bear Put Spread,True,STOP,56,-523.5,180.17,-703.67,False
2021-11-01,Monday,DOWN,Iron Condor,False,EOD,75,-585.5,343.24,-928.74,False
2021-11-02,Tuesday,UP,Bull Call Spread,True,STOP,17,-568.0,176.25,-744.25,False
2021-11-02,Tuesday,UP,Bear Put Spread,False,EOD,75,589.0,177.47,411.53,True
2021-11-02,Tuesday,UP,Iron Condor,False,NOSIM,0,0.0,0.0,0.0,False
2021-11-03,Wednesday,DOWN,Bull Call Spread,False,STOP,37,-441.0,173.95,-614.95,False
2021-11-03,Wednesday,DOWN,Bear Put Spread,True,TARGET,46,942.75,174.19,768.56,True
2021-11-03,Wednesday,DOWN,Iron Condor,False,TARGET,42,431.25,341.81,89.44,True
2021-11-08,Monday,FLAT,Bull Call Spread,False,STOP,2,-633.75,180.22,-813.97,False
2021-11-08,Monday,FLAT,Bear Put Spread,False,EOD,75,-308.5,179.13,-487.63,False
2021-11-08,Monday,FLAT,Iron Condor,True,NOSIM,0,0.0,0.0,0.0,False
2021-11-09,Tuesday,UP,Bull Call Spread,True,EOD,75,-181.75,176.55,-358.3,False
2021-11-09,Tuesday,UP,Bear Put Spread,False,EOD,75,197.0,177.85,19.15,True
2021-11-09,Tuesday,UP,Iron Condor,False,EOD,75,-98.0,341.47,-439.47,False
2021-11-10,Wednesday,DOWN,Bull Call Spread,False,EOD,75,298.75,176.51,122.24,True
2021-11-10,Wednesday,DOWN,Bear Put Spread,True,STOP,58,-466.25,174.98,-641.23,False
2021-11-10,Wednesday,DOWN,Iron Condor,False,EOD,75,99.25,343.7,-244.45,False
2021-11-11,Thursday,FLAT,Bull Call Spread,False,STOP,10,-546.75,174.3,-721.05,False
2021-11-11,Thursday,FLAT,Bear Put Spread,False,TARGET,14,857.5,173.34,684.16,True
2021-11-11,Thursday,FLAT,Iron Condor,True,EOD,75,-489.75,341.57,-831.32,False
2021-11-12,Friday,DOWN,Bull Call Spread,False,TARGET,4,571.5,170.94,400.56,True
2021-11-12,Friday,DOWN,Bear Put Spread,True,STOP,1,-80.75,169.95,-250.7,False
2021-11-12,Friday,DOWN,Iron Condor,False,TARGET,2,62.25,339.18,-276.93,False
2021-11-15,Monday,UP,Bull Call Spread,True,EOD,75,-286.0,178.38,-464.38,False
2021-11-15,Monday,UP,Bear Put Spread,False,EOD,75,303.25,178.38,124.87,True
2021-11-15,Monday,UP,Iron Condor,False,EOD,75,-157.25,343.7,-500.95,False
2021-11-16,Tuesday,DOWN,Bull Call Spread,False,STOP,25,-485.0,176.12,-661.12,False
2021-11-16,Tuesday,DOWN,Bear Put Spread,True,EOD,75,946.75,178.19,768.56,True
2021-11-16,Tuesday,DOWN,Iron Condor,False,EOD,75,-737.5,342.79,-1080.29,False
2021-11-17,Wednesday,DOWN,Bull Call Spread,False,EOD,75,-315.75,175.13,-490.88,False
2021-11-17,Wednesday,DOWN,Bear Put Spread,True,EOD,75,358.25,176.02,182.23,True
2021-11-17,Wednesday,DOWN,Iron Condor,False,EOD,75,-159.5,341.61,-501.11,False
2021-11-18,Thursday,FLAT,Bull Call Spread,False,STOP,10,-455.5,173.04,-628.54,False
2021-11-18,Thursday,FLAT,Bear Put Spread,False,TARGET,12,964.0,173.41,790.59,True
2021-11-18,Thursday,FLAT,Iron Condor,True,STOP,12,-705.25,340.25,-1045.5,False
2021-11-22,Monday,DOWN,Bull Call Spread,False,STOP,1,-185.75,169.87,-355.62,False
2021-11-22,Monday,DOWN,Bear Put Spread,True,TARGET,1,2384.25,170.55,2213.7,True
2021-11-22,Monday,DOWN,Iron Condor,False,STOP,1,-1649.75,339.0,-1988.75,False
2021-11-23,Tuesday,DOWN,Bull Call Spread,False,TARGET,35,1014.25,178.06,836.19,True
2021-11-23,Tuesday,DOWN,Bear Put Spread,True,STOP,9,-600.5,179.67,-780.17,False
2021-11-23,Tuesday,DOWN,Iron Condor,False,TARGET,28,214.25,340.66,-126.41,False
2021-11-24,Wednesday,UP,Bull Call Spread,True,STOP,67,-556.5,176.18,-732.68,False
2021-11-24,Wednesday,UP,Bear Put Spread,False,TARGET,73,968.5,175.73,792.77,True
2021-11-24,Wednesday,UP,Iron Condor,False,TARGET,1,18.0,338.98,-320.98,False
2021-11-25,Thursday,DOWN,Bull Call Spread,False,TARGET,35,974.5,173.66,800.84,True
2021-11-25,Thursday,DOWN,Bear Put Spread,True,STOP,24,-425.25,173.02,-598.27,False
2021-11-25,Thursday,DOWN,Iron Condor,False,STOP,1,0.0,338.91,-338.91,False
2021-11-26,Friday,UP,Bull Call Spread,True,STOP,1,-145.0,169.89,-314.89,False
2021-11-26,Friday,UP,Bear Put Spread,False,TARGET,1,428.75,170.51,258.24,True
2021-11-26,Friday,UP,Iron Condor,False,NOSIM,0,0.0,0.0,0.0,False
2021-11-29,Monday,DOWN,Bull Call Spread,False,STOP,1,-748.25,184.9,-933.15,False
2021-11-29,Monday,DOWN,Bear Put Spread,True,EOD,75,92.25,183.33,-91.08,False
2021-11-29,Monday,DOWN,Iron Condor,False,EOD,75,-47.0,353.18,-400.18,False
2021-11-30,Tuesday,FLAT,Bull Call Spread,False,EOD,75,-356.5,181.42,-537.92,False
2021-11-30,Tuesday,FLAT,Bear Put Spread,False,STOP,3,-563.25,180.39,-743.64,False
2021-11-30,Tuesday,FLAT,Iron Condor,True,STOP,4,-367.0,340.07,-707.07,False
2021-12-01,Wednesday,DOWN,Bull Call Spread,False,EOD,75,495.75,178.05,317.7,True
2021-12-01,Wednesday,DOWN,Bear Put Spread,True,STOP,26,-575.0,178.76,-753.76,False
2021-12-01,Wednesday,DOWN,Iron Condor,False,EOD,75,-154.5,339.5,-494.0,False
2021-12-02,Thursday,UP,Bull Call Spread,True,TARGET,12,810.5,173.7,636.8,True
2021-12-02,Thursday,UP,Bear Put Spread,False,STOP,4,-531.75,174.6,-706.35,False
2021-12-02,Thursday,UP,Iron Condor,False,STOP,4,-97.25,339.01,-436.26,False
2021-12-03,Friday,UP,Bull Call Spread,True,TARGET,1,868.0,171.89,696.11,True
2021-12-03,Friday,UP,Bear Put Spread,False,STOP,1,-347.25,170.54,-517.79,False
2021-12-03,Friday,UP,Iron Condor,False,STOP,1,-352.75,339.23,-691.98,False
2021-12-06,Monday,DOWN,Bull Call Spread,False,STOP,36,-549.5,182.19,-731.69,False
2021-12-06,Monday,DOWN,Bear Put Spread,True,TARGET,71,1123.75,181.79,941.96,True
2021-12-06,Monday,DOWN,Iron Condor,False,EOD,75,-1079.75,344.24,-1423.99,False
2021-12-07,Tuesday,DOWN,Bull Call Spread,False,EOD,75,661.0,179.68,481.32,True
2021-12-07,Tuesday,DOWN,Bear Put Spread,True,STOP,25,-570.0,181.09,-751.09,False
2021-12-07,Tuesday,DOWN,Iron Condor,False,STOP,35,-273.25,339.72,-612.97,False
2021-12-08,Wednesday,UP,Bull Call Spread,True,EOD,75,919.0,177.59,741.41,True
2021-12-08,Wednesday,UP,Bear Put Spread,False,STOP,7,-518.5,176.48,-694.98,False
2021-12-08,Wednesday,UP,Iron Condor,False,TARGET,6,112.75,339.61,-226.86,False
2021-12-09,Thursday,UP,Bull Call Spread,True,STOP,2,-443.0,172.54,-615.54,False
2021-12-09,Thursday,UP,Bear Put Spread,False,TARGET,12,1081.75,174.3,907.45,True
2021-12-09,Thursday,UP,Iron Condor,False,TARGET,2,320.5,340.72,-20.22,False
2021-12-10,Friday,FLAT,Bull Call Spread,False,TARGET,2,488.0,170.08,317.92,True
2021-12-10,Friday,FLAT,Bear Put Spread,False,STOP,2,-402.0,170.77,-572.77,False
2021-12-10,Friday,FLAT,Iron Condor,True,NOSIM,0,0.0,0.0,0.0,False
2021-12-13,Monday,FLAT,Bull Call Spread,False,STOP,38,-561.75,180.12,-741.87,False
2021-12-13,Monday,FLAT,Bear Put Spread,False,TARGET,46,1082.5,179.21,903.29,True
2021-12-13,Monday,FLAT,Iron Condor,True,EOD,75,-717.5,343.42,-1060.92,False
2021-12-14,Tuesday,DOWN,Bull Call Spread,False,EOD,75,173.75,178.17,-4.42,False
2021-12-14,Tuesday,DOWN,Bear Put Spread,True,EOD,75,-173.5,179.5,-353.0,False
2021-12-14,Tuesday,DOWN,Iron Condor,False,EOD,75,-2.5,342.05,-344.55,False
2021-12-15,Wednesday,FLAT,Bull Call Spread,False,STOP,7,-525.75,176.2,-701.95,False
2021-12-15,Wednesday,FLAT,Bear Put Spread,False,EOD,75,783.5,177.38,606.12,True
2021-12-15,Wednesday,FLAT,Iron Condor,True,STOP,16,-288.75,339.39,-628.14,False
2021-12-16,Thursday,DOWN,Bull Call Spread,False,STOP,6,-520.5,175.83,-696.33,False
2021-12-16,Thursday,DOWN,Bear Put Spread,True,TARGET,8,851.25,173.86,677.39,True
2021-12-16,Thursday,DOWN,Iron Condor,False,EOD,75,227.0,340.81,-113.81,False
2021-12-17,Friday,DOWN,Bull Call Spread,False,STOP,1,-596.75,171.01,-767.76,False
2021-12-17,Friday,DOWN,Bear Put Spread,True,TARGET,1,1400.5,171.45,1229.05,True
2021-12-17,Friday,DOWN,Iron Condor,False,NOSIM,0,0.0,0.0,0.0,False
2021-12-20,Monday,DOWN,Bull Call Spread,False,STOP,2,-518.5,180.73,-699.23,False
2021-12-20,Monday,DOWN,Bear Put Spread,True,TARGET,37,1174.0,182.67,991.33,True
2021-12-20,Monday,DOWN,Iron Condor,False,NOSIM,0,0.0,0.0,0.0,False
2021-12-21,Tuesday,DOWN,Bull Call Spread,False,EOD,75,73.5,181.86,-108.36,False
2021-12-21,Tuesday,DOWN,Bear Put Spread,True,STOP,31,-563.5,179.96,-743.46,False
2021-12-21,Tuesday,DOWN,Iron Condor,False,EOD,75,-46.75,342.94,-389.69,False
2021-12-22,Wednesday,UP,Bull Call Spread,True,EOD,75,620.5,178.06,442.44,True
2021-12-22,Wednesday,UP,Bear Put Spread,False,STOP,70,-500.75,177.4,-678.15,False
2021-12-22,Wednesday,UP,Iron Condor,False,STOP,1,-9.75,338.92,-348.67,False
2021-12-23,Thursday,UP,Bull Call Spread,True,EOD,75,-71.25,174.03,-245.28,False
2021-12-23,Thursday,UP,Bear Put Spread,False,EOD,75,69.25,173.3,-104.05,False
2021-12-23,Thursday,UP,Iron Condor,False,EOD,75,21.0,340.0,-319.0,False
2021-12-24,Friday,FLAT,Bull Call Spread,False,STOP,1,-322.5,170.17,-492.67,False
2021-12-24,Friday,FLAT,Bear Put Spread,False,TARGET,1,2084.5,170.09,1914.41,True
2021-12-24,Friday,FLAT,Iron Condor,True,NOSIM,0,0.0,0.0,0.0,False
2021-12-27,Monday,DOWN,Bull Call Spread,False,EOD,75,739.5,179.9,559.6,True
2021-12-27,Monday,DOWN,Bear Put Spread,True,STOP,52,-629.0,181.08,-810.08,False
2021-12-27,Monday,DOWN,Iron Condor,False,TARGET,38,112.5,339.82,-227.32,False
2021-12-28,Tuesday,UP,Bull Call Spread,True,EOD,75,275.25,177.81,97.44,True
2021-12-28,Tuesday,UP,Bear Put Spread,False,EOD,75,-273.5,179.66,-453.16,False
2021-12-28,Tuesday,UP,Iron Condor,False,EOD,75,176.5,342.31,-165.81,False
2021-12-29,Wednesday,UP,Bull Call Spread,True,EOD,75,-207.0,176.21,-383.21,False
2021-12-29,Wednesday,UP,Bear Put Spread,False,EOD,75,204.25,174.57,29.68,True
2021-12-29,Wednesday,UP,Iron Condor,False,EOD,75,-87.0,339.76,-426.76,False
2021-12-30,Thursday,FLAT,Bull Call Spread,False,EOD,75,325.25,173.09,152.16,True
2021-12-30,Thursday,FLAT,Bear Put Spread,False,STOP,12,-445.25,173.65,-618.9,False
2021-12-30,Thursday,FLAT,Iron Condor,True,EOD,75,45.5,339.29,-293.79,False
2021-12-31,Friday,FLAT,Bull Call Spread,False,TARGET,1,1021.25,170.04,851.21,True
2021-12-31,Friday,FLAT,Bear Put Spread,False,STOP,1,-346.25,170.24,-516.49,False
2021-12-31,Friday,FLAT,Iron Condor,True,TARGET,1,13.25,338.94,-325.69,False
2022-01-03,Monday,UP,Bull Call Spread,True,TARGET,60,1044.75,179.07,865.68,True
2022-01-03,Monday,UP,Bear Put Spread,False,STOP,16,-565.75,179.71,-745.46,False
2022-01-03,Monday,UP,Iron Condor,False,EOD,75,518.0,345.35,172.65,True
2022-01-04,Tuesday,UP,Bull Call Spread,True,EOD,75,742.0,178.96,563.04,True
2022-01-04,Tuesday,UP,Bear Put Spread,False,STOP,68,-493.0,177.07,-670.07,False
2022-01-04,Tuesday,UP,Iron Condor,False,EOD,75,-229.0,340.5,-569.5,False
2022-01-05,Wednesday,UP,Bull Call Spread,True,TARGET,70,1000.5,175.35,825.15,True
2022-01-05,Wednesday,UP,Bear Put Spread,False,STOP,40,-454.25,174.41,-628.66,False
2022-01-05,Wednesday,UP,Iron Condor,False,STOP,48,-493.25,339.91,-833.16,False
2022-01-06,Thursday,UP,Bull Call Spread,True,STOP,4,-660.75,173.6,-834.35,False
2022-01-06,Thursday,UP,Bear Put Spread,False,TARGET,4,770.0,172.26,597.74,True
2022-01-06,Thursday,UP,Iron Condor,False,NOSIM,0,0.0,0.0,0.0,False
2022-01-07,Friday,FLAT,Bull Call Spread,False,TARGET,1,505.5,170.61,334.89,True
2022-01-07,Friday,FLAT,Bear Put Spread,False,STOP,1,-385.5,171.01,-556.51,False
2022-01-07,Friday,FLAT,Iron Condor,True,TARGET,1,32.0,338.98,-306.98,False
2022-01-10,Monday,FLAT,Bull Call Spread,False,EOD,75,379.5,182.05,197.45,True
2022-01-10,Monday,FLAT,Bear Put Spread,False,EOD,75,-353.25,180.44,-533.69,False
2022-01-10,Monday,FLAT,Iron Condor,True,EOD,75,-244.75,348.64,-593.39,False
2022-01-11,Tuesday,UP,Bull Call Spread,True,EOD,75,285.5,178.55,106.95,True
2022-01-11,Tuesday,UP,Bear Put Spread,False,EOD,75,-269.25,178.06,-447.31,False
2022-01-11,Tuesday,UP,Iron Condor,False,EOD,75,-16.5,339.31,-355.81,False
2022-01-12,Wednesday,UP,Bull Call Spread,True,EOD,75,239.5,176.89,62.61,True
2022-01-12,Wednesday,UP,Bear Put Spread,False,EOD,75,-222.0,176.07,-398.07,False
2022-01-12,Wednesday,UP,Iron Condor,False,EOD,75,-59.5,339.34,-398.84,False
2022-01-13,Thursday,FLAT,Bull Call Spread,False,STOP,11,-431.25,173.49,-604.74,False
2022-01-13,Thursday,FLAT,Bear Put Spread,False,EOD,75,-48.5,173.27,-221.77,False
2022-01-13,Thursday,FLAT,Iron Condor,True,TARGET,10,40.25,339.05,-298.8,False
2022-01-14,Friday,FLAT,Bull Call Spread,False,STOP,1,-287.5,170.28,-457.78,False
2022-01-14,Friday,FLAT,Bear Put Spread,False,TARGET,1,865.5,171.33,694.17,True
2022-01-14,Friday,FLAT,Iron Condor,True,STOP,1,0.0,338.91,-338.91,False
2022-01-17,Monday,UP,Bull Call Spread,True,EOD,75,290.75,179.92,110.83,True
2022-01-17,Monday,UP,Bear Put Spread,False,EOD,75,-280.0,180.16,-460.16,False
2022-01-17,Monday,UP,Iron Condor,False,EOD,75,242.5,347.51,-105.01,False
2022-01-18,Tuesday,UP,Bull Call Spread,True,STOP,9,-595.5,176.98,-772.48,False
2022-01-18,Tuesday,UP,Bear Put Spread,False,TARGET,68,1063.0,177.84,885.16,True
2022-01-18,Tuesday,UP,Iron Condor,False,STOP,1,0.0,338.91,-338.91,False
2022-01-19,Wednesday,DOWN,Bull Call Spread,False,STOP,4,-551.25,178.01,-729.26,False
2022-01-19,Wednesday,DOWN,Bear Put Spread,True,TARGET,6,930.0,176.17,753.83,True
2022-01-19,Wednesday,DOWN,Iron Condor,False,TARGET,5,329.5,341.29,-11.79,False
2022-01-20,Thursday,DOWN,Bull Call Spread,False,STOP,2,-437.5,172.77,-610.27,False
2022-01-20,Thursday,DOWN,Bear Put Spread,True,TARGET,14,959.25,173.9,785.35,True
2022-01-20,Thursday,DOWN,Iron Condor,False,STOP,1,0.0,338.91,-338.91,False
2022-01-21,Friday,DOWN,Bull Call Spread,False,STOP,1,-564.0,171.41,-735.41,False
2022-01-21,Friday,DOWN,Bear Put Spread,True,TARGET,1,641.75,170.37,471.38,True
2022-01-21,Friday,DOWN,Iron Condor,False,NOSIM,0,0.0,0.0,0.0,False
2022-01-24,Monday,DOWN,Bull Call Spread,False,STOP,13,-576.5,182.61,-759.11,False
2022-01-24,Monday,DOWN,Bear Put Spread,True,TARGET,36,1088.0,181.61,906.39,True
2022-01-24,Monday,DOWN,Iron Condor,False,STOP,57,-692.5,341.16,-1033.66,False
2022-01-25,Tuesday,DOWN,Bull Call Spread,False,EOD,75,971.75,183.37,788.38,True
2022-01-25,Tuesday,DOWN,Bear Put Spread,True,STOP,9,-584.25,183.08,-767.33,False
2022-01-25,Tuesday,DOWN,Iron Condor,False,EOD,75,122.0,340.24,-218.24,False
2022-01-27,Thursday,UP,Bull Call Spread,True,STOP,4,-565.5,177.77,-743.27,False
2022-01-27,Thursday,UP,Bear Put Spread,False,TARGET,35,956.25,176.34,779.91,True
2022-01-27,Thursday,UP,Iron Condor,False,STOP,1,0.0,338.91,-338.91,False
2022-01-28,Friday,UP,Bull Call Spread,True,TARGET,1,803.75,169.67,634.08,True
2022-01-28,Friday,UP,Bear Put Spread,False,STOP,1,-632.5,170.96,-803.46,False
2022-01-28,Friday,UP,Iron Condor,False,STOP,1,0.0,338.91,-338.91,False
2022-01-31,Monday,DOWN,Bull Call Spread,False,EOD,75,84.0,193.8,-109.8,False
2022-01-31,Monday,DOWN,Bear Put Spread,True,EOD,75,-83.5,193.42,-276.92,False
2022-01-31,Monday,DOWN,Iron Condor,False,EOD,75,-2.5,338.95,-341.45,False
2022-02-01,Tuesday,UP,Bull Call Spread,True,STOP,48,-591.5,191.26,-782.76,False
2022-02-01,Tuesday,UP,Bear Put Spread,False,EOD,75,-179.0,192.92,-371.92,False
2022-02-01,Tuesday,UP,Iron Condor,False,TARGET,48,102.25,340.15,-237.9,False
2022-02-02,Wednesday,UP,Bull Call Spread,True,EOD,75,401.5,181.16,220.34,True
2022-02-02,Wednesday,UP,Bear Put Spread,False,EOD,75,-381.75,181.36,-563.11,False
2022-02-02,Wednesday,UP,Iron Condor,False,EOD,75,-258.0,341.81,-599.81,False
2022-02-03,Thursday,UP,Bull Call Spread,True,STOP,5,-519.75,174.93,-694.68,False
2022-02-03,Thursday,UP,Bear Put Spread,False,TARGET,29,852.75,173.23,679.52,True
2022-02-03,Thursday,UP,Iron Condor,False,TARGET,5,98.0,339.27,-241.27,False
2022-02-04,Friday,DOWN,Bull Call Spread,False,STOP,1,-128.75,169.74,-298.49,False
2022-02-04,Friday,DOWN,Bear Put Spread,True,TARGET,1,1837.5,170.85,1666.65,True
2022-02-04,Friday,DOWN,Iron Condor,False,STOP,1,0.0,338.91,-338.91,False
2022-02-07,Monday,FLAT,Bull Call Spread,False,STOP,31,-592.75,182.84,-775.59,False
2022-02-07,Monday,FLAT,Bear Put Spread,False,TARGET,55,1094.5,181.5,913.0,True
2022-02-07,Monday,FLAT,Iron Condor,True,NOSIM,0,0.0,0.0,0.0,False
2022-02-08,Tuesday,DOWN,Bull Call Spread,False,STOP,15,-510.5,179.95,-690.45,False
2022-02-08,Tuesday,DOWN,Bear Put Spread,True,EOD,75,151.25,182.19,-30.94,False
2022-02-08,Tuesday,DOWN,Iron Condor,False,EOD,75,-84.75,342.07,-426.82,False
2022-02-09,Wednesday,FLAT,Bull Call Spread,False,EOD,75,664.75,177.49,487.26,True
2022-02-09,Wednesday,FLAT,Bear Put Spread,False,STOP,61,-486.0,176.56,-662.56,False
2022-02-09,Wednesday,FLAT,Iron Condor,True,EOD,75,-542.0,342.05,-884.05,False
2022-02-10,Thursday,UP,Bull Call Spread,True,STOP,3,-404.5,172.98,-577.48,False
2022-02-10,Thursday,UP,Bear Put Spread,False,TARGET,9,988.0,173.84,814.16,True
2022-02-10,Thursday,UP,Iron Condor,False,STOP,1,0.0,338.91,-338.91,False
2022-02-11,Friday,UP,Bull Call Spread,True,STOP,2,-228.5,170.0,-398.5,False
2022-02-11,Friday,UP,Bear Put Spread,False,TARGET,2,767.75,170.31,597.44,True
2022-02-11,Friday,UP,Iron Condor,False,NOSIM,0,0.0,0.0,0.0,False
2022-02-14,Monday,DOWN,Bull Call Spread,False,STOP,60,-563.0,181.02,-744.02,False
2022-02-14,Monday,DOWN,Bear Put Spread,True,EOD,75,1015.0,183.09,831.91,True
2022-02-14,Monday,DOWN,Iron Condor,False,STOP,63,-250.0,339.46,-589.46,False
2022-02-15,Tuesday,DOWN,Bull Call Spread,False,TARGET,59,1125.25,184.51,940.74,True
2022-02-15,Tuesday,DOWN,Bear Put Spread,True,STOP,53,-643.5,186.06,-829.56,False
2022-02-15,Tuesday,DOWN,Iron Condor,False,STOP,56,-508.25,340.74,-848.99,False
2022-02-16,Wednesday,UP,Bull Call Spread,True,STOP,21,-577.5,180.04,-757.54,False
2022-02-16,Wednesday,UP,Bear Put Spread,False,EOD,75,595.25,178.69,416.56,True
2022-02-16,Wednesday,UP,Iron Condor,False,EOD,75,13.25,341.72,-328.47,False
2022-02-17,Thursday,DOWN,Bull Call Spread,False,STOP,5,-564.0,175.15,-739.15,False
2022-02-17,Thursday,DOWN,Bear Put Spread,True,EOD,75,745.25,176.16,569.09,True
2022-02-17,Thursday,DOWN,Iron Condor,False,EOD,75,274.0,341.72,-67.72,False
2022-02-18,Friday,DOWN,Bull Call Spread,False,TARGET,1,400.5,169.72,230.78,True
2022-02-18,Friday,DOWN,Bear Put Spread,True,STOP,1,-455.75,170.82,-626.57,False
2022-02-18,Friday,DOWN,Iron Condor,False,NOSIM,0,0.0,0.0,0.0,False
2022-02-21,Monday,FLAT,Bull Call Spread,False,EOD,75,9.75,187.05,-177.3,False
2022-02-21,Monday,FLAT,Bear Put Spread,False,EOD,75,-10.25,186.72,-196.97,False
2022-02-21,Monday,FLAT,Iron Condor,True,EOD,75,6.5,348.92,-342.42,False
2022-02-22,Tuesday,FLAT,Bull Call Spread,False,EOD,75,848.0,182.98,665.02,True
2022-02-22,Tuesday,FLAT,Bear Put Spread,False,STOP,28,-537.0,181.57,-718.57,False
2022-02-22,Tuesday,FLAT,Iron Condor,True,NOSIM,0,0.0,0.0,0.0,False
2022-02-23,Wednesday,UP,Bull Call Spread,True,STOP,72,-559.25,181.31,-740.56,False
2022-02-23,Wednesday,UP,Bear Put Spread,False,EOD,75,587.25,181.78,405.47,True
2022-02-23,Wednesday,UP,Iron Condor,False,EOD,75,-476.5,344.09,-820.59,False
2022-02-24,Thursday,DOWN,Bull Call Spread,False,STOP,7,-608.5,176.3,-784.8,False
2022-02-24,Thursday,DOWN,Bear Put Spread,True,STOP,1,-555.5,174.32,-729.82,False
2022-02-24,Thursday,DOWN,Iron Condor,False,TARGET,1,452.25,342.21,110.04,True
2022-02-25,Friday,DOWN,Bull Call Spread,False,TARGET,1,1093.75,170.53,923.22,True
2022-02-25,Friday,DOWN,Bear Put Spread,True,STOP,1,-155.25,169.8,-325.05,False
2022-02-25,Friday,DOWN,Iron Condor,False,NOSIM,0,0.0,0.0,0.0,False
2022-02-28,Monday,UP,Bull Call Spread,True,EOD,75,715.5,191.95,523.55,True
2022-02-28,Monday,UP,Bear Put Spread,False,STOP,70,-724.25,192.03,-916.28,False
2022-02-28,Monday,UP,Iron Condor,False,EOD,75,124.5,345.65,-221.15,False
2022-03-02,Wednesday,UP,Bull Call Spread,True,EOD,75,101.0,189.2,-88.2,False
2022-03-02,Wednesday,UP,Bear Put Spread,False,EOD,75,-100.75,190.2,-290.95,False
2022-03-02,Wednesday,UP,Iron Condor,False,EOD,75,23.75,342.87,-319.12,False
2022-03-04,Friday,DOWN,Bull Call Spread,False,STOP,1,-150.0,169.79,-319.79,False
2022-03-04,Friday,DOWN,Bear Put Spread,True,TARGET,1,1861.5,170.54,1690.96,True
2022-03-04,Friday,DOWN,Iron Condor,False,STOP,1,0.0,338.91,-338.91,False
2022-03-07,Monday,DOWN,Bull Call Spread,False,EOD,75,43.5,192.97,-149.47,False
2022-03-07,Monday,DOWN,Bear Put Spread,True,EOD,75,-43.0,191.49,-234.49,False
2022-03-07,Monday,DOWN,Iron Condor,False,EOD,75,10.0,340.4,-330.4,False
2022-03-08,Tuesday,FLAT,Bull Call Spread,False,EOD,75,669.0,191.52,477.48,True
2022-03-08,Tuesday,FLAT,Bear Put Spread,False,STOP,69,-617.5,191.12,-808.62,False
2022-03-08,Tuesday,FLAT,Iron Condor,True,EOD,75,-25.75,339.82,-365.57,False
2022-03-09,Wednesday,UP,Bull Call Spread,True,EOD,75,899.5,185.35,714.15,True
2022-03-09,Wednesday,UP,Bear Put Spread,False,STOP,44,-617.5,187.12,-804.62,False
2022-03-09,Wednesday,UP,Iron Condor,False,STOP,47,-128.5,339.26,-467.76,False
2022-03-10,Thursday,UP,Bull Call Spread,True,STOP,55,-665.5,179.8,-845.3,False
2022-03-10,Thursday,UP,Bear Put Spread,False,TARGET,58,1169.75,178.9,990.85,True
2022-03-10,Thursday,UP,Iron Condor,False,TARGET,55,264.25,340.92,-76.67,False
2022-03-11,Friday,DOWN,Bull Call Spread,False,TARGET,2,565.25,169.73,395.52,True
2022-03-11,Friday,DOWN,Bear Put Spread,True,STOP,2,-476.0,170.69,-646.69,False
2022-03-11,Friday,DOWN,Iron Condor,False,STOP,1,0.0,338.91,-338.91,False
2022-03-14,Monday,UP,Bull Call Spread,True,EOD,75,620.25,190.73,429.52,True
2022-03-14,Monday,UP,Bear Put Spread,False,EOD,75,-590.75,190.93,-781.68,False
2022-03-14,Monday,UP,Iron Condor,False,EOD,75,-29.75,343.29,-373.04,False
2022-03-15,Tuesday,UP,Bull Call Spread,True,STOP,57,-628.5,187.9,-816.4,False
2022-03-15,Tuesday,UP,Bear Put Spread,False,EOD,75,722.25,188.49,533.76,True
2022-03-15,Tuesday,UP,Iron Condor,False,EOD,75,39.0,341.95,-302.95,False
2022-03-16,Wednesday,DOWN,Bull Call Spread,False,EOD,75,334.0,186.65,147.35,True
2022-03-16,Wednesday,DOWN,Bear Put Spread,True,EOD,75,-320.25,185.23,-505.48,False
2022-03-16,Wednesday,DOWN,Iron Condor,False,EOD,75,-92.0,340.61,-432.61,False
2022-03-17,Thursday,UP,Bull Call Spread,True,EOD,75,454.5,180.13,274.37,True
2022-03-17,Thursday,UP,Bear Put Spread,False,STOP,41,-538.5,179.95,-718.45,False
2022-03-17,Thursday,UP,Iron Condor,False,EOD,75,-274.0,341.18,-615.18,False
2022-03-21,Monday,UP,Bull Call Spread,True,STOP,1,-104.25,169.69,-273.94,False
2022-03-21,Monday,UP,Bear Put Spread,False,TARGET,1,1075.0,170.92,904.08,True
2022-03-21,Monday,UP,Iron Condor,False,NOSIM,0,0.0,0.0,0.0,False
2022-03-22,Tuesday,DOWN,Bull Call Spread,False,EOD,75,647.75,187.66,460.09,True
2022-03-22,Tuesday,DOWN,Bear Put Spread,True,STOP,72,-569.75,185.58,-755.33,False
2022-03-22,Tuesday,DOWN,Iron Condor,False,EOD,75,-128.5,339.41,-467.91,False
2022-03-23,Wednesday,UP,Bull Call Spread,True,STOP,35,-580.5,181.78,-762.28,False
2022-03-23,Wednesday,UP,Bear Put Spread,False,EOD,75,798.75,180.74,618.01,True
2022-03-23,Wednesday,UP,Iron Condor,False,TARGET,33,61.5,339.36,-277.86,False
2022-03-24,Thursday,DOWN,Bull Call Spread,False,TARGET,9,974.25,176.7,797.55,True
2022-03-24,Thursday,DOWN,Bear Put Spread,True,STOP,3,-565.75,177.11,-742.86,False
2022-03-24,Thursday,DOWN,Iron Condor,False,STOP,1,0.0,338.91,-338.91,False
2022-03-25,Friday,UP,Bull Call Spread,True,STOP,1,-204.75,169.91,-374.66,False
2022-03-25,Friday,UP,Bear Put Spread,False,TARGET,1,1631.75,170.52,1461.23,True
2022-03-25,Friday,UP,Iron Condor,False,STOP,1,-167.25,338.91,-506.16,False
2022-03-28,Monday,DOWN,Bull Call Spread,False,EOD,75,107.5,184.74,-77.24,False
2022-03-28,Monday,DOWN,Bear Put Spread,True,EOD,75,-108.5,186.42,-294.92,False
2022-03-28,Monday,DOWN,Iron Condor,False,EOD,75,-17.25,339.38,-356.63,False
2022-03-29,Tuesday,UP,Bull Call Spread,True,EOD,75,169.0,180.61,-11.61,False
2022-03-29,Tuesday,UP,Bear Put Spread,False,EOD,75,-166.0,180.81,-346.81,False
2022-03-29,Tuesday,UP,Iron Condor,False,EOD,75,-14.75,339.02,-353.77,False
2022-03-30,Wednesday,FLAT,Bull Call Spread,False,EOD,75,21.5,177.24,-155.74,False
2022-03-30,Wednesday,FLAT,Bear Put Spread,False,EOD,75,-20.25,175.68,-195.93,False
2022-03-30,Wednesday,FLAT,Iron Condor,True,TARGET,1,9.25,338.93,-329.68,False
2022-03-31,Thursday,FLAT,Bull Call Spread,False,STOP,59,-506.75,174.86,-681.61,False
2022-03-31,Thursday,FLAT,Bear Put Spread,False,EOD,75,401.5,173.38,228.12,True
2022-03-31,Thursday,FLAT,Iron Condor,True,STOP,1,0.0,338.91,-338.91,False
2022-04-01,Friday,DOWN,Bull Call Spread,False,TARGET,1,676.0,169.84,506.16,True
2022-04-01,Friday,DOWN,Bear Put Spread,True,STOP,1,-441.5,170.57,-612.07,False
2022-04-01,Friday,DOWN,Iron Condor,False,STOP,1,-93.0,339.0,-432.0,False
2022-04-04,Monday,UP,Bull Call Spread,True,TARGET,11,1158.5,181.33,977.17,True
2022-04-04,Monday,UP,Bear Put Spread,False,STOP,5,-575.5,180.43,-755.93,False
2022-04-04,Monday,UP,Iron Condor,False,EOD,75,-884.25,343.77,-1228.02,False
2022-04-05,Tuesday,UP,Bull Call Spread,True,STOP,17,-506.75,177.62,-684.37,False
2022-04-05,Tuesday,UP,Bear Put Spread,False,EOD,75,789.25,179.29,609.96,True
2022-04-05,Tuesday,UP,Iron Condor,False,STOP,5,-43.5,338.98,-382.48,False
2022-04-06,Wednesday,DOWN,Bull Call Spread,False,EOD,75,-254.75,176.03,-430.78,False
2022-04-06,Wednesday,DOWN,Bear Put Spread,True,EOD,75,277.25,176.6,100.65,True
2022-04-06,Wednesday,DOWN,Iron Condor,False,NOSIM,0,0.0,0.0,0.0,False
2022-04-07,Thursday,FLAT,Bull Call Spread,False,STOP,60,-608.0,174.55,-782.55,False
2022-04-07,Thursday,FLAT,Bear Put Spread,False,STOP,42,-383.0,172.8,-555.8,False
2022-04-07,Thursday,FLAT,Iron Condor,True,EOD,75,-126.0,339.27,-465.27,False
2022-04-08,Friday,FLAT,Bull Call Spread,False,STOP,4,-410.0,172.76,-582.76,False
2022-04-08,Friday,FLAT,Bear Put Spread,False,TARGET,8,818.25,172.88,645.37,True
2022-04-08,Friday,FLAT,Iron Condor,True,NOSIM,0,0.0,0.0,0.0,False
2022-04-11,Monday,UP,Bull Call Spread,True,EOD,75,-266.0,179.79,-445.79,False
2022-04-11,Monday,UP,Bear Put Spread,False,EOD,75,283.0,180.56,102.44,True
2022-04-11,Monday,UP,Iron Condor,False,EOD,75,-5.25,338.97,-344.22,False
2022-04-12,Tuesday,DOWN,Bull Call Spread,False,STOP,12,-474.25,176.02,-650.27,False
2022-04-12,Tuesday,DOWN,Bear Put Spread,True,EOD,75,405.75,177.27,228.48,True
2022-04-12,Tuesday,DOWN,Iron Condor,False,EOD,75,33.25,339.1,-305.85,False
2022-04-13,Wednesday,FLAT,Bull Call Spread,False,STOP,15,-483.75,173.71,-657.46,False
2022-04-13,Wednesday,FLAT,Bear Put Spread,False,TARGET,36,1027.0,173.7,853.3,True
2022-04-13,Wednesday,FLAT,Iron Condor,True,STOP,1,0.0,338.91,-338.91,False
2022-04-18,Monday,DOWN,Bull Call Spread,False,TARGET,2,232.25,169.77,62.48,True
2022-04-18,Monday,DOWN,Bear Put Spread,True,STOP,2,-308.0,170.69,-478.69,False
2022-04-18,Monday,DOWN,Iron Condor,False,NOSIM,0,0.0,0.0,0.0,False
2022-04-19,Tuesday,FLAT,Bull Call Spread,False,STOP,70,-926.25,180.31,-1106.56,False
2022-04-19,Tuesday,FLAT,Bear Put Spread,False,TARGET,70,1087.75,179.45,908.3,True
2022-04-19,Tuesday,FLAT,Iron Condor,True,STOP,70,-77.75,338.95,-416.7,False
2022-04-20,Wednesday,DOWN,Bull Call Spread,False,EOD,75,629.5,176.69,452.81,True
2022-04-20,Wednesday,DOWN,Bear Put Spread,True,STOP,41,-595.0,177.06,-772.06,False
2022-04-20,Wednesday,DOWN,Iron Condor,False,STOP,41,-102.0,339.06,-441.06,False
2022-04-21,Thursday,UP,Bull Call Spread,True,TARGET,24,880.75,173.36,707.39,True
2022-04-21,Thursday,UP,Bear Put Spread,False,STOP,22,-533.5,174.5,-708.0,False
2022-04-21,Thursday,UP,Iron Condor,False,STOP,54,-298.25,339.36,-637.61,False
2022-04-22,Friday,UP,Bull Call Spread,True,STOP,1,-194.5,169.95,-364.45,False
2022-04-22,Friday,UP,Bear Put Spread,False,TARGET,1,611.75,170.36,441.39,True
2022-04-22,Friday,UP,Iron Condor,False,NOSIM,0,0.0,0.0,0.0,False
2022-04-25,Monday,DOWN,Bull Call Spread,False,EOD,75,-105.25,182.18,-287.43,False
2022-04-25,Monday,DOWN,Bear Put Spread,True,EOD,75,106.0,181.27,-75.27,False
2022-04-25,Monday,DOWN,Iron Condor,False,NOSIM,0,0.0,0.0,0.0,False
2022-04-26,Tuesday,DOWN,Bull Call Spread,False,EOD,75,334.25,182.68,151.57,True
2022-04-26,Tuesday,DOWN,Bear Put Spread,True,EOD,75,-312.0,180.64,-492.64,False
2022-04-26,Tuesday,DOWN,Iron Condor,False,EOD,75,-48.75,339.17,-387.92,False
2022-04-27,Wednesday,UP,Bull Call Spread,True,STOP,45,-584.25,177.68,-761.93,False
2022-04-27,Wednesday,UP,Bear Put Spread,False,EOD,75,212.5,175.67,36.83,True
2022-04-27,Wednesday,UP,Iron Condor,False,EOD,75,-168.75,343.57,-512.32,False
2022-04-28,Thursday,FLAT,Bull Call Spread,False,STOP,2,-537.75,174.65,-712.4,False
2022-04-28,Thursday,FLAT,Bear Put Spread,False,STOP,54,-518.0,175.46,-693.46,False
2022-04-28,Thursday,FLAT,Iron Condor,True,EOD,75,51.5,340.17,-288.67,False
2022-04-29,Friday,UP,Bull Call Spread,True,STOP,1,-59.0,169.71,-228.71,False
2022-04-29,Friday,UP,Bear Put Spread,False,TARGET,6,608.75,170.86,437.89,True
2022-04-29,Friday,UP,Iron Condor,False,NOSIM,0,0.0,0.0,0.0,False
2022-05-02,Monday,DOWN,Bull Call Spread,False,EOD,75,581.5,182.83,398.67,True
2022-05-02,Monday,DOWN,Bear Put Spread,True,STOP,68,-538.5,180.49,-718.99,False
2022-05-02,Monday,DOWN,Iron Condor,False,NOSIM,0,0.0,0.0,0.0,False
2022-05-04,Wednesday,UP,Bull Call Spread,True,STOP,16,-539.25,179.77,-719.02,False
2022-05-04,Wednesday,UP,Bear Put Spread,False,TARGET,41,1133.5,180.02,953.48,True
2022-05-04,Wednesday,UP,Iron Condor,False,EOD,75,-1542.75,346.6,-1889.35,False
2022-05-05,Thursday,DOWN,Bull Call Spread,False,STOP,54,-538.5,176.77,-715.27,False
2022-05-05,Thursday,DOWN,Bear Put Spread,True,TARGET,59,987.0,176.33,810.67,True
2022-05-05,Thursday,DOWN,Iron Condor,False,TARGET,57,337.75,341.59,-3.84,False
2022-05-06,Friday,DOWN,Bull Call Spread,False,STOP,2,-193.0,170.62,-363.62,False
2022-05-06,Friday,DOWN,Bear Put Spread,True,TARGET,2,118.25,169.76,-51.51,False
2022-05-06,Friday,DOWN,Iron Condor,False,NOSIM,0,0.0,0.0,0.0,False
2022-05-09,Monday,FLAT,Bull Call Spread,False,EOD,75,271.25,184.59,86.66,True
2022-05-09,Monday,FLAT,Bear Put Spread,False,EOD,75,-268.5,186.66,-455.16,False
2022-05-09,Monday,FLAT,Iron Condor,True,EOD,75,-55.75,339.55,-395.3,False
2022-05-10,Tuesday,UP,Bull Call Spread,True,EOD,75,-159.75,182.28,-342.03,False
2022-05-10,Tuesday,UP,Bear Put Spread,False,EOD,75,164.0,182.31,-18.31,False
2022-05-10,Tuesday,UP,Iron Condor,False,EOD,75,-105.0,343.48,-448.48,False
2022-05-11,Wednesday,FLAT,Bull Call Spread,False,STOP,15,-733.25,180.4,-913.65,False
2022-05-11,Wednesday,FLAT,Bear Put Spread,False,TARGET,43,1039.0,178.54,860.46,True
2022-05-11,Wednesday,FLAT,Iron Condor,True,STOP,42,-698.25,341.15,-1039.4,False
2022-05-12,Thursday,DOWN,Bull Call Spread,False,STOP,2,-543.25,176.81,-720.06,False
2022-05-12,Thursday,DOWN,Bear Put Spread,True,TARGET,5,1133.0,175.03,957.97,True
2022-05-12,Thursday,DOWN,Iron Condor,False,STOP,1,-15.0,338.91,-353.91,False
2022-05-13,Friday,DOWN,Bull Call Spread,False,STOP,1,-80.0,169.63,-249.63,False
2022-05-13,Friday,DOWN,Bear Put Spread,True,TARGET,1,923.0,170.91,752.09,True
2022-05-13,Friday,DOWN,Iron Condor,False,STOP,1,0.0,338.91,-338.91,False
2022-05-16,Monday,DOWN,Bull Call Spread,False,EOD,75,64.0,185.35,-121.35,False
2022-05-16,Monday,DOWN,Bear Put Spread,True,EOD,75,-63.75,185.74,-249.49,False
2022-05-16,Monday,DOWN,Iron Condor,False,EOD,75,3.75,339.2,-335.45,False
2022-05-17,Tuesday,FLAT,Bull Call Spread,False,TARGET,62,1152.5,183.3,969.2,True
2022-05-17,Tuesday,FLAT,Bear Put Spread,False,STOP,18,-564.5,182.04,-746.54,False
2022-05-17,Tuesday,FLAT,Iron Condor,True,TARGET,1,4.5,338.93,-334.43,False
2022-05-18,Wednesday,UP,Bull Call Spread,True,EOD,75,-301.5,179.73,-481.23,False
2022-05-18,Wednesday,UP,Bear Put Spread,False,EOD,75,309.75,178.06,131.69,True
2022-05-18,Wednesday,UP,Iron Condor,False,STOP,6,-24.5,338.94,-363.44,False
2022-05-19,Thursday,DOWN,Bull Call Spread,False,STOP,43,-528.75,175.45,-704.2,False
2022-05-19,Thursday,DOWN,Bear Put Spread,True,TARGET,63,835.25,174.05,661.2,True
2022-05-19,Thursday,DOWN,Iron Condor,False,NOSIM,0,0.0,0.0,0.0,False
2022-05-20,Friday,DOWN,Bull Call Spread,False,TARGET,2,1256.0,170.74,1085.26,True
2022-05-20,Friday,DOWN,Bear Put Spread,True,STOP,1,-316.75,171.09,-487.84,False
2022-05-20,Friday,DOWN,Iron Condor,False,NOSIM,0,0.0,0.0,0.0,False
2022-05-23,Monday,UP,Bull Call Spread,True,EOD,75,-318.75,185.01,-503.76,False
2022-05-23,Monday,UP,Bear Put Spread,False,EOD,75,334.75,185.8,148.95,True
2022-05-23,Monday,UP,Iron Condor,False,EOD,75,-200.0,345.38,-545.38,False
2022-05-24,Tuesday,DOWN,Bull Call Spread,False,EOD,75,-312.75,181.67,-494.42,False
2022-05-24,Tuesday,DOWN,Bear Put Spread,True,EOD,75,337.0,183.9,153.1,True
2022-05-24,Tuesday,DOWN,Iron Condor,False,EOD,75,-245.0,344.35,-589.35,False
2022-05-25,Wednesday,DOWN,Bull Call Spread,False,STOP,34,-578.5,180.13,-758.63,False
2022-05-25,Wednesday,DOWN,Bear Put Spread,True,EOD,75,726.5,180.4,546.1,True
2022-05-25,Wednesday,DOWN,Iron Condor,False,EOD,75,-606.25,343.04,-949.29,False
2022-05-26,Thursday,DOWN,Bull Call Spread,False,STOP,15,-752.5,176.87,-929.37,False
2022-05-26,Thursday,DOWN,Bear Put Spread,True,TARGET,17,1048.5,176.41,872.09,True
2022-05-26,Thursday,DOWN,Iron Condor,False,TARGET,10,48.0,339.17,-291.17,False
2022-05-27,Friday,UP,Bull Call Spread,True,STOP,1,-127.0,170.01,-297.01,False
2022-05-27,Friday,UP,Bear Put Spread,False,STOP,2,-198.5,170.2,-368.7,False
2022-05-27,Friday,UP,Iron Condor,False,NOSIM,0,0.0,0.0,0.0,False
2022-05-30,Monday,FLAT,Bull Call Spread,False,EOD,75,500.75,183.13,317.62,True
2022-05-30,Monday,FLAT,Bear Put Spread,False,EOD,75,-482.5,185.16,-667.66,False
2022-05-30,Monday,FLAT,Iron Condor,True,EOD,75,-130.0,342.47,-472.47,False
2022-05-31,Tuesday,UP,Bull Call Spread,True,EOD,75,-0.75,179.54,-180.29,False
2022-05-31,Tuesday,UP,Bear Put Spread,False,EOD,75,0.75,181.45,-180.7,False
2022-05-31,Tuesday,UP,Iron Condor,False,EOD,75,-0.25,342.7,-342.95,False
2022-06-01,Wednesday,FLAT,Bull Call Spread,False,STOP,54,-521.75,178.45,-700.2,False
2022-06-01,Wednesday,FLAT,Bear Put Spread,False,EOD,75,276.5,178.9,97.6,True
2022-06-01,Wednesday,FLAT,Iron Condor,True,EOD,75,34.75,339.65,-304.9,False
2022-06-02,Thursday,DOWN,Bull Call Spread,False,TARGET,54,864.5,174.66,689.84,True
2022-06-02,Thursday,DOWN,Bear Put Spread,True,STOP,16,-563.25,176.12,-739.37,False
2022-06-02,Thursday,DOWN,Iron Condor,False,STOP,1,-4.75,338.91,-343.66,False
2022-06-03,Friday,UP,Bull Call Spread,True,TARGET,2,363.25,170.53,192.72,True
2022-06-03,Friday,UP,Bear Put Spread,False,STOP,1,-103.5,169.88,-273.38,False
2022-06-03,Friday,UP,Iron Condor,False,STOP,1,0.0,338.91,-338.91,False
2022-06-06,Monday,DOWN,Bull Call Spread,False,EOD,75,123.0,182.28,-59.28,False
2022-06-06,Monday,DOWN,Bear Put Spread,True,EOD,75,-124.0,184.03,-308.03,False
2022-06-06,Monday,DOWN,Iron Condor,False,EOD,75,82.75,344.34,-261.59,False
2022-06-07,Tuesday,FLAT,Bull Call Spread,False,EOD,75,-287.75,181.27,-469.02,False
2022-06-07,Tuesday,FLAT,Bear Put Spread,False,EOD,75,294.0,179.42,114.58,True
2022-06-07,Tuesday,FLAT,Iron Condor,True,EOD,75,-225.5,343.79,-569.29,False
2022-06-08,Wednesday,DOWN,Bull Call Spread,False,STOP,5,-576.75,179.36,-756.11,False
2022-06-08,Wednesday,DOWN,Bear Put Spread,True,EOD,75,748.75,177.12,571.63,True
2022-06-08,Wednesday,DOWN,Iron Condor,False,EOD,75,-109.75,339.29,-449.04,False
2022-06-09,Thursday,DOWN,Bull Call Spread,False,TARGET,17,954.0,174.55,779.45,True
2022-06-09,Thursday,DOWN,Bear Put Spread,True,STOP,6,-448.0,173.48,-621.48,False
2022-06-09,Thursday,DOWN,Iron Condor,False,TARGET,3,49.75,339.09,-289.34,False
2022-06-10,Friday,UP,Bull Call Spread,True,TARGET,1,290.25,169.91,120.34,True
2022-06-10,Friday,UP,Bear Put Spread,False,STOP,1,-334.75,170.81,-505.56,False
2022-06-10,Friday,UP,Iron Condor,False,NOSIM,0,0.0,0.0,0.0,False
2022-06-13,Monday,DOWN,Bull Call Spread,False,STOP,55,-534.5,181.62,-716.12,False
2022-06-13,Monday,DOWN,Bear Put Spread,True,EOD,75,302.5,183.66,118.84,True
2022-06-13,Monday,DOWN,Iron Condor,False,STOP,2,-18.75,338.94,-357.69,False
2022-06-14,Tuesday,DOWN,Bull Call Spread,False,EOD,75,270.5,183.51,86.99,True
2022-06-14,Tuesday,DOWN,Bear Put Spread,True,STOP,22,-574.0,181.16,-755.16,False
2022-06-14,Tuesday,DOWN,Iron Condor,False,EOD,75,7.0,339.27,-332.27,False
2022-06-15,Wednesday,FLAT,Bull Call Spread,False,EOD,75,-205.25,178.93,-384.18,False
2022-06-15,Wednesday,FLAT,Bear Put Spread,False,EOD,75,220.0,180.76,39.24,True
2022-06-15,Wednesday,FLAT,Iron Condor,True,EOD,75,-3.75,338.95,-342.7,False
2022-06-16,Thursday,FLAT,Bull Call Spread,False,STOP,18,-541.5,177.75,-719.25,False
2022-06-16,Thursday,FLAT,Bear Put Spread,False,TARGET,31,1194.25,179.27,1014.98,True
2022-06-16,Thursday,FLAT,Iron Condor,True,TARGET,23,404.75,342.52,62.23,True
2022-06-17,Friday,DOWN,Bull Call Spread,False,STOP,2,-232.25,170.88,-403.13,False
2022-06-17,Friday,DOWN,Bear Put Spread,True,STOP,1,-30.25,169.62,-199.87,False
2022-06-17,Friday,DOWN,Iron Condor,False,STOP,1,0.0,338.91,-338.91,False
2022-06-20,Monday,FLAT,Bull Call Spread,False,EOD,75,106.25,186.15,-79.9,False
2022-06-20,Monday,FLAT,Bear Put Spread,False,EOD,75,-106.5,187.56,-294.06,False
2022-06-20,Monday,FLAT,Iron Condor,True,EOD,75,37.0,346.07,-309.07,False
2022-06-21,Tuesday,FLAT,Bull Call Spread,False,EOD,75,728.75,182.08,546.67,True
2022-06-21,Tuesday,FLAT,Bear Put Spread,False,STOP,29,-575.0,181.45,-756.45,False
2022-06-21,Tuesday,FLAT,Iron Condor,True,EOD,75,-93.0,340.85,-433.85,False
2022-06-22,Wednesday,UP,Bull Call Spread,True,STOP,10,-522.5,177.11,-699.61,False
2022-06-22,Wednesday,UP,Bear Put Spread,False,EOD,75,845.75,177.44,668.31,True
2022-06-22,Wednesday,UP,Iron Condor,False,EOD,75,-21.0,339.13,-360.13,False
2022-06-23,Thursday,DOWN,Bull Call Spread,False,TARGET,12,1024.75,175.24,849.51,True
2022-06-23,Thursday,DOWN,Bear Put Spread,True,STOP,5,-468.5,175.09,-643.59,False
2022-06-23,Thursday,DOWN,Iron Condor,False,TARGET,1,3.75,338.92,-335.17,False
2022-06-24,Friday,UP,Bull Call Spread,True,TARGET,1,987.5,170.3,817.2,True
2022-06-24,Friday,UP,Bear Put Spread,False,STOP,1,-193.25,169.89,-363.14,False
2022-06-24,Friday,UP,Iron Condor,False,NOSIM,0,0.0,0.0,0.0,False
2022-06-27,Monday,UP,Bull Call Spread,True,EOD,75,-320.75,182.09,-502.84,False
2022-06-27,Monday,UP,Bear Put Spread,False,EOD,75,344.25,184.26,159.99,True
2022-06-27,Monday,UP,Iron Condor,False,EOD,75,129.5,351.46,-221.96,False
2022-06-28,Tuesday,DOWN,Bull Call Spread,False,EOD,75,552.25,180.2,372.05,True
2022-06-28,Tuesday,DOWN,Bear Put Spread,True,EOD,75,-502.5,179.47,-681.97,False
2022-06-28,Tuesday,DOWN,Iron Condor,False,EOD,75,-392.5,341.96,-734.46,False
2022-06-29,Wednesday,UP,Bull Call Spread,True,EOD,75,475.0,177.36,297.64,True
2022-06-29,Wednesday,UP,Bear Put Spread,False,STOP,33,-533.0,177.17,-710.17,False
2022-06-29,Wednesday,UP,Iron Condor,False,STOP,50,-375.75,339.88,-715.63,False
2022-06-30,Thursday,UP,Bull Call Spread,True,EOD,75,-259.75,176.58,-436.33,False
2022-06-30,Thursday,UP,Bear Put Spread,False,STOP,1,-452.0,174.55,-626.55,False
2022-06-30,Thursday,UP,Iron Condor,False,EOD,75,8.5,340.31,-331.81,False
2022-07-01,Friday,FLAT,Bull Call Spread,False,STOP,1,-189.75,170.18,-359.93,False
2022-07-01,Friday,FLAT,Bear Put Spread,False,TARGET,1,249.0,169.97,79.03,True
2022-07-01,Friday,FLAT,Iron Condor,True,STOP,1,0.0,338.91,-338.91,False
2022-07-04,Monday,UP,Bull Call Spread,True,EOD,75,459.5,183.31,276.19,True
2022-07-04,Monday,UP,Bear Put Spread,False,EOD,75,-430.0,182.24,-612.24,False
2022-07-04,Monday,UP,Iron Condor,False,EOD,75,252.0,344.73,-92.73,False
2022-07-05,Tuesday,UP,Bull Call Spread,True,EOD,75,-494.25,179.84,-674.09,False
2022-07-05,Tuesday,UP,Bear Put Spread,False,EOD,75,534.0,178.96,355.04,True
2022-07-05,Tuesday,UP,Iron Condor,False,STOP,37,-83.75,339.08,-422.83,False
2022-07-06,Wednesday,DOWN,Bull Call Spread,False,TARGET,73,1069.75,177.84,891.91,True
2022-07-06,Wednesday,DOWN,Bear Put Spread,True,STOP,19,-488.75,176.24,-664.99,False
2022-07-06,Wednesday,DOWN,Iron Condor,False,EOD,75,-731.25,341.88,-1073.13,False
2022-07-07,Thursday,UP,Bull Call Spread,True,EOD,75,192.75,175.23,17.52,True
2022-07-07,Thursday,UP,Bear Put Spread,False,EOD,75,-172.75,174.12,-346.87,False
2022-07-07,Thursday,UP,Iron Condor,False,EOD,75,-123.5,341.61,-465.11,False
2022-07-08,Friday,FLAT,Bull Call Spread,False,STOP,1,-653.5,170.95,-824.45,False
2022-07-08,Friday,FLAT,Bear Put Spread,False,TARGET,1,954.0,169.63,784.37,True
2022-07-08,Friday,FLAT,Iron Condor,True,NOSIM,0,0.0,0.0,0.0,False
2022-07-11,Monday,FLAT,Bull Call Spread,False,EOD,75,278.75,179.95,98.8,True
2022-07-11,Monday,FLAT,Bear Put Spread,False,EOD,75,-273.0,181.15,-454.15,False
2022-07-11,Monday,FLAT,Iron Condor,True,EOD,75,-50.0,353.28,-403.28,False
2022-07-12,Tuesday,UP,Bull Call Spread,True,EOD,75,-412.75,177.42,-590.17,False
2022-07-12,Tuesday,UP,Bear Put Spread,False,EOD,75,471.25,179.47,291.78,True
2022-07-12,Tuesday,UP,Iron Condor,False,EOD,75,-351.0,343.67,-694.67,False
2022-07-13,Wednesday,DOWN,Bull Call Spread,False,STOP,43,-471.75,176.02,-647.77,False
2022-07-13,Wednesday,DOWN,Bear Put Spread,True,EOD,75,920.25,177.83,742.42,True
2022-07-13,Wednesday,DOWN,Iron Condor,False,EOD,75,412.25,343.89,68.36,True
2022-07-14,Thursday,DOWN,Bull Call Spread,False,STOP,50,-593.5,176.07,-769.57,False
2022-07-14,Thursday,DOWN,Bear Put Spread,True,TARGET,60,1052.5,174.52,877.98,True
2022-07-14,Thursday,DOWN,Iron Condor,False,TARGET,2,1.25,338.92,-337.67,False
2022-07-15,Friday,DOWN,Bull Call Spread,False,STOP,3,-293.5,170.43,-463.93,False
2022-07-15,Friday,DOWN,Bear Put Spread,True,STOP,1,-85.25,169.83,-255.08,False
2022-07-15,Friday,DOWN,Iron Condor,False,NOSIM,0,0.0,0.0,0.0,False
2022-07-18,Monday,UP,Bull Call Spread,True,EOD,75,626.5,179.6,446.9,True
2022-07-18,Monday,UP,Bear Put Spread,False,STOP,70,-548.25,179.42,-727.67,False
2022-07-18,Monday,UP,Iron Condor,False,EOD,75,189.75,344.23,-154.48,False
2022-07-19,Tuesday,UP,Bull Call Spread,True,TARGET,68,989.25,176.22,813.03,True
2022-07-19,Tuesday,UP,Bear Put Spread,False,STOP,8,-543.25,177.28,-720.53,False
2022-07-19,Tuesday,UP,Iron Condor,False,EOD,75,133.25,341.08,-207.83,False
2022-07-20,Wednesday,UP,Bull Call Spread,True,EOD,75,-436.5,175.86,-612.36,False
2022-07-20,Wednesday,UP,Bear Put Spread,False,EOD,75,471.25,174.79,296.46,True
2022-07-20,Wednesday,UP,Iron Condor,False,EOD,75,305.25,343.53,-38.28,False
2022-07-21,Thursday,FLAT,Bull Call Spread,False,TARGET,74,994.75,174.01,820.74,True
2022-07-21,Thursday,FLAT,Bear Put Spread,False,STOP,12,-353.5,172.31,-525.81,False
2022-07-21,Thursday,FLAT,Iron Condor,True,EOD,75,-663.0,340.49,-1003.49,False
2022-07-22,Friday,UP,Bull Call Spread,True,TARGET,1,437.75,170.47,267.28,True
2022-07-22,Friday,UP,Bear Put Spread,False,STOP,1,-134.75,169.84,-304.59,False
2022-07-22,Friday,UP,Iron Condor,False,STOP,1,-111.25,338.97,-450.22,False
2022-07-25,Monday,UP,Bull Call Spread,True,EOD,75,-237.25,180.58,-417.83,False
2022-07-25,Monday,UP,Bear Put Spread,False,EOD,75,243.0,179.38,63.62,True
2022-07-25,Monday,UP,Iron Condor,False,EOD,75,-102.25,345.39,-447.64,False
2022-07-26,Tuesday,DOWN,Bull Call Spread,False,STOP,5,-487.0,177.03,-664.03,False
2022-07-26,Tuesday,DOWN,Bear Put Spread,True,EOD,75,926.0,178.48,747.52,True
2022-07-26,Tuesday,DOWN,Iron Condor,False,EOD,75,77.25,339.55,-262.3,False
2022-07-27,Wednesday,DOWN,Bull Call Spread,False,TARGET,52,911.75,174.99,736.76,True
2022-07-27,Wednesday,DOWN,Bear Put Spread,True,STOP,30,-553.5,177.0,-730.5,False
2022-07-27,Wednesday,DOWN,Iron Condor,False,STOP,30,-23.5,338.94,-362.44,False
2022-07-28,Thursday,UP,Bull Call Spread,True,TARGET,55,1062.75,176.32,886.43,True
2022-07-28,Thursday,UP,Bear Put Spread,False,STOP,15,-416.25,174.29,-590.54,False
2022-07-28,Thursday,UP,Iron Condor,False,STOP,29,-399.75,339.72,-739.47,False
2022-07-29,Friday,UP,Bull Call Spread,True,TARGET,1,147.0,169.7,-22.7,False
2022-07-29,Friday,UP,Bear Put Spread,False,STOP,1,-270.5,170.84,-441.34,False
2022-07-29,Friday,UP,Iron Condor,False,NOSIM,0,0.0,0.0,0.0,False
2022-08-01,Monday,UP,Bull Call Spread,True,EOD,75,423.0,179.4,243.6,True
2022-08-01,Monday,UP,Bear Put Spread,False,EOD,75,-400.75,179.96,-580.71,False
2022-08-01,Monday,UP,Iron Condor,False,EOD,75,17.5,343.1,-325.6,False
2022-08-02,Tuesday,UP,Bull Call Spread,True,EOD,75,-81.75,178.43,-260.18,False
2022-08-02,Tuesday,UP,Bear Put Spread,False,EOD,75,81.25,177.5,-96.25,False
2022-08-02,Tuesday,UP,Iron Condor,False,EOD,75,51.0,341.69,-290.69,False
2022-08-03,Wednesday,FLAT,Bull Call Spread,False,STOP,15,-498.5,176.57,-675.07,False
2022-08-03,Wednesday,FLAT,Bear Put Spread,False,EOD,75,-254.25,176.6,-430.85,False
2022-08-03,Wednesday,FLAT,Iron Condor,True,EOD,75,-29.75,344.05,-373.8,False
2022-08-04,Thursday,UP,Bull Call Spread,True,STOP,24,-483.5,174.67,-658.17,False
2022-08-04,Thursday,UP,Bear Put Spread,False,TARGET,25,848.0,173.64,674.36,True
2022-08-04,Thursday,UP,Iron Condor,False,TARGET,25,556.5,342.34,214.16,True
2022-08-05,Friday,DOWN,Bull Call Spread,False,STOP,1,-462.0,170.98,-632.98,False
2022-08-05,Friday,DOWN,Bear Put Spread,True,TARGET,1,312.0,169.67,142.33,True
2022-08-05,Friday,DOWN,Iron Condor,False,NOSIM,0,0.0,0.0,0.0,False
2022-08-08,Monday,FLAT,Bull Call Spread,False,EOD,75,531.5,181.54,349.96,True
2022-08-08,Monday,FLAT,Bear Put Spread,False,EOD,75,-494.0,181.34,-675.34,False
2022-08-08,Monday,FLAT,Iron Condor,True,EOD,75,39.0,340.91,-301.91,False
2022-08-10,Wednesday,UP,Bull Call Spread,True,STOP,9,-574.25,178.75,-753.0,False
2022-08-10,Wednesday,UP,Bear Put Spread,False,EOD,75,226.5,177.29,49.21,True
2022-08-10,Wednesday,UP,Iron Condor,False,EOD,75,-132.25,342.47,-474.72,False
2022-08-11,Thursday,FLAT,Bull Call Spread,False,EOD,75,-474.75,175.72,-650.47,False
2022-08-11,Thursday,FLAT,Bear Put Spread,False,EOD,75,520.75,174.75,346.0,True
2022-08-11,Thursday,FLAT,Iron Condor,True,TARGET,51,79.0,339.28,-260.28,False
2022-08-12,Friday,FLAT,Bull Call Spread,False,STOP,1,-219.5,170.66,-390.16,False
2022-08-12,Friday,FLAT,Bear Put Spread,False,TARGET,2,577.25,170.13,407.12,True
2022-08-12,Friday,FLAT,Iron Condor,True,TARGET,1,54.5,339.1,-284.6,False
2022-08-16,Tuesday,FLAT,Bull Call Spread,False,EOD,75,165.25,178.01,-12.76,False
2022-08-16,Tuesday,FLAT,Bear Put Spread,False,EOD,75,-161.75,178.21,-339.96,False
2022-08-16,Tuesday,FLAT,Iron Condor,True,NOSIM,0,0.0,0.0,0.0,False
2022-08-17,Wednesday,FLAT,Bull Call Spread,False,EOD,75,453.0,175.81,277.19,True
2022-08-17,Wednesday,FLAT,Bear Put Spread,False,STOP,39,-422.0,174.33,-596.33,False
2022-08-17,Wednesday,FLAT,Iron Condor,True,NOSIM,0,0.0,0.0,0.0,False
2022-08-18,Thursday,UP,Bull Call Spread,True,EOD,75,596.0,173.43,422.57,True
2022-08-18,Thursday,UP,Bear Put Spread,False,STOP,71,-495.0,173.51,-668.51,False
2022-08-18,Thursday,UP,Iron Condor,False,EOD,75,-147.25,341.71,-488.96,False
2022-08-19,Friday,FLAT,Bull Call Spread,False,STOP,5,-377.75,171.23,-548.98,False
2022-08-19,Friday,FLAT,Bear Put Spread,False,TARGET,5,358.5,170.31,188.19,True
2022-08-19,Friday,FLAT,Iron Condor,True,STOP,23,-674.5,339.62,-1014.12,False
2022-08-22,Monday,DOWN,Bull Call Spread,False,STOP,18,-514.0,179.64,-693.64,False
2022-08-22,Monday,DOWN,Bear Put Spread,True,EOD,75,848.75,181.15,667.6,True
2022-08-22,Monday,DOWN,Iron Condor,False,EOD,75,184.25,341.17,-156.92,False
2022-08-23,Tuesday,DOWN,Bull Call Spread,False,TARGET,8,1105.5,178.53,926.97,True
2022-08-23,Tuesday,DOWN,Bear Put Spread,True,STOP,3,-587.5,177.84,-765.34,False
2022-08-23,Tuesday,DOWN,Iron Condor,False,EOD,75,8.5,339.69,-331.19,False
2022-08-24,Wednesday,UP,Bull Call Spread,True,EOD,75,551.0,174.68,376.32,True
2022-08-24,Wednesday,UP,Bear Put Spread,False,STOP,23,-538.5,176.66,-715.16,False
2022-08-24,Wednesday,UP,Iron Condor,False,EOD,75,418.5,344.09,74.41,True
2022-08-25,Thursday,UP,Bull Call Spread,True,STOP,68,-510.5,172.8,-683.3,False
2022-08-25,Thursday,UP,Bear Put Spread,False,TARGET,69,1010.25,174.33,835.92,True
2022-08-25,Thursday,UP,Iron Condor,False,STOP,10,-19.75,338.94,-358.69,False
2022-08-26,Friday,DOWN,Bull Call Spread,False,TARGET,1,682.5,170.87,511.63,True
2022-08-26,Friday,DOWN,Bear Put Spread,True,STOP,1,-136.25,169.79,-306.04,False
2022-08-26,Friday,DOWN,Iron Condor,False,STOP,1,0.0,338.91,-338.91,False
2022-08-29,Monday,FLAT,Bull Call Spread,False,EOD,75,652.75,180.45,472.3,True
2022-08-29,Monday,FLAT,Bear Put Spread,False,STOP,29,-596.0,181.44,-777.44,False
2022-08-29,Monday,FLAT,Iron Condor,True,EOD,75,181.5,344.42,-162.92,False
2022-08-30,Tuesday,UP,Bull Call Spread,True,TARGET,52,1133.0,179.94,953.06,True
2022-08-30,Tuesday,UP,Bear Put Spread,False,STOP,23,-551.5,178.54,-730.04,False
2022-08-30,Tuesday,UP,Iron Condor,False,STOP,71,-364.25,339.76,-704.01,False
2022-09-01,Thursday,UP,Bull Call Spread,True,TARGET,5,865.0,174.61,690.39,True
2022-09-01,Thursday,UP,Bear Put Spread,False,STOP,4,-535.0,175.73,-710.73,False
2022-09-01,Thursday,UP,Iron Condor,False,STOP,1,-9.25,338.91,-348.16,False
2022-09-02,Friday,FLAT,Bull Call Spread,False,STOP,3,-303.5,171.07,-474.57,False
2022-09-02,Friday,FLAT,Bear Put Spread,False,TARGET,4,692.0,171.16,520.84,True
2022-09-02,Friday,FLAT,Iron Condor,True,STOP,4,-198.75,339.07,-537.82,False
2022-09-05,Monday,FLAT,Bull Call Spread,False,EOD,75,407.75,182.96,224.79,True
2022-09-05,Monday,FLAT,Bear Put Spread,False,EOD,75,-389.75,183.23,-572.98,False
2022-09-05,Monday,FLAT,Iron Condor,True,EOD,75,-108.0,341.76,-449.76,False
2022-09-06,Tuesday,UP,Bull Call Spread,True,EOD,75,-195.75,179.89,-375.64,False
2022-09-06,Tuesday,UP,Bear Put Spread,False,EOD,75,204.5,180.22,24.28,True
2022-09-06,Tuesday,UP,Iron Condor,False,EOD,75,78.0,341.15,-263.15,False
2022-09-07,Wednesday,DOWN,Bull Call Spread,False,EOD,75,615.5,178.64,436.86,True
2022-09-07,Wednesday,DOWN,Bear Put Spread,True,STOP,37,-532.0,176.91,-708.91,False
2022-09-07,Wednesday,DOWN,Iron Condor,False,EOD,75,-291.75,340.34,-632.09,False
2022-09-08,Thursday,UP,Bull Call Spread,True,EOD,75,366.75,175.23,191.52,True
2022-09-08,Thursday,UP,Bear Put Spread,False,EOD,75,-337.25,175.35,-512.6,False
2022-09-08,Thursday,UP,Iron Condor,False,EOD,75,-130.75,339.52,-470.27,False
2022-09-09,Friday,UP,Bull Call Spread,True,STOP,1,-347.25,170.99,-518.24,False
2022-09-09,Friday,UP,Bear Put Spread,False,TARGET,1,190.25,169.69,20.56,True
2022-09-09,Friday,UP,Iron Condor,False,NOSIM,0,0.0,0.0,0.0,False
2022-09-12,Monday,DOWN,Bull Call Spread,False,EOD,75,175.75,180.52,-4.77,False
2022-09-12,Monday,DOWN,Bear Put Spread,True,EOD,75,-173.75,181.3,-355.05,False
2022-09-12,Monday,DOWN,Iron Condor,False,EOD,75,-159.0,346.12,-505.12,False
2022-09-13,Tuesday,UP,Bull Call Spread,True,EOD,75,108.75,178.78,-70.03,False
2022-09-13,Tuesday,UP,Bear Put Spread,False,EOD,75,-108.0,179.22,-287.22,False
2022-09-13,Tuesday,UP,Iron Condor,False,NOSIM,0,0.0,0.0,0.0,False
2022-09-14,Wednesday,UP,Bull Call Spread,True,TARGET,23,1132.25,177.49,954.76,True
2022-09-14,Wednesday,UP,Bear Put Spread,False,STOP,1,-489.0,175.67,-664.67,False
2022-09-14,Wednesday,UP,Iron Condor,False,NOSIM,0,0.0,0.0,0.0,False
2022-09-15,Thursday,UP,Bull Call Spread,True,STOP,11,-502.75,175.4,-678.15,False
2022-09-15,Thursday,UP,Bear Put Spread,False,TARGET,19,1028.75,175.67,853.08,True
2022-09-15,Thursday,UP,Iron Condor,False,EOD,75,-579.0,342.67,-921.67,False
2022-09-16,Friday,DOWN,Bull Call Spread,False,STOP,2,-219.5,170.07,-389.57,False
2022-09-16,Friday,DOWN,Bear Put Spread,True,TARGET,2,510.5,170.25,340.25,True
2022-09-16,Friday,DOWN,Iron Condor,False,STOP,1,0.0,338.91,-338.91,False
2022-09-19,Monday,DOWN,Bull Call Spread,False,EOD,75,324.75,183.8,140.95,True
2022-09-19,Monday,DOWN,Bear Put Spread,True,EOD,75,-315.75,184.61,-500.36,False
2022-09-19,Monday,DOWN,Iron Condor,False,EOD,75,91.0,340.24,-249.24,False
2022-09-20,Tuesday,UP,Bull Call Spread,True,EOD,75,85.5,182.83,-97.33,False
2022-09-20,Tuesday,UP,Bear Put Spread,False,STOP,43,-527.75,180.87,-708.62,False
2022-09-20,Tuesday,UP,Iron Condor,False,EOD,75,-8.75,347.22,-355.97,False
2022-09-21,Wednesday,UP,Bull Call Spread,True,EOD,75,-257.75,179.12,-436.87,False
2022-09-21,Wednesday,UP,Bear Put Spread,False,EOD,75,262.75,177.63,85.12,True
2022-09-21,Wednesday,UP,Iron Condor,False,EOD,75,133.0,341.18,-208.18,False
2022-09-22,Thursday,DOWN,Bull Call Spread,False,EOD,75,107.0,179.72,-72.72,False
2022-09-22,Thursday,DOWN,Bear Put Spread,True,EOD,75,-103.5,178.8,-282.3,False
2022-09-22,Thursday,DOWN,Iron Condor,False,EOD,75,53.0,345.5,-292.5,False
2022-09-23,Friday,FLAT,Bull Call Spread,False,STOP,1,-176.5,169.99,-346.49,False
2022-09-23,Friday,FLAT,Bear Put Spread,False,TARGET,1,427.25,170.33,256.92,True
2022-09-23,Friday,FLAT,Iron Condor,True,NOSIM,0,0.0,0.0,0.0,False
2022-09-26,Monday,DOWN,Bull Call Spread,False,EOD,75,-408.75,185.93,-594.68,False
2022-09-26,Monday,DOWN,Bear Put Spread,True,EOD,75,428.25,185.24,243.01,True
2022-09-26,Monday,DOWN,Iron Condor,False,EOD,75,25.75,339.32,-313.57,False
2022-09-27,Tuesday,DOWN,Bull Call Spread,False,STOP,23,-594.5,182.74,-777.24,False
2022-09-27,Tuesday,DOWN,Bear Put Spread,True,EOD,75,270.75,181.66,89.09,True
2022-09-27,Tuesday,DOWN,Iron Condor,False,TARGET,8,12.75,338.95,-326.2,False
2022-09-28,Wednesday,DOWN,Bull Call Spread,False,EOD,75,-219.5,179.83,-399.33,False
2022-09-28,Wednesday,DOWN,Bear Put Spread,True,STOP,28,-525.5,177.95,-703.45,False
2022-09-28,Wednesday,DOWN,Iron Condor,False,STOP,1,0.0,338.91,-338.91,False
2022-09-29,Thursday,FLAT,Bull Call Spread,False,STOP,31,-538.0,175.12,-713.12,False
2022-09-29,Thursday,FLAT,Bear Put Spread,False,TARGET,43,995.5,175.6,819.9,True
2022-09-29,Thursday,FLAT,Iron Condor,True,NOSIM,0,0.0,0.0,0.0,False
2022-09-30,Friday,DOWN,Bull Call Spread,False,STOP,1,-201.25,170.06,-371.31,False
2022-09-30,Friday,DOWN,Bear Put Spread,True,TARGET,1,412.5,170.17,242.33,True
2022-09-30,Friday,DOWN,Iron Condor,False,NOSIM,0,0.0,0.0,0.0,False
2022-10-03,Monday,UP,Bull Call Spread,True,STOP,59,-560.75,182.83,-743.58,False
2022-10-03,Monday,UP,Bear Put Spread,False,EOD,75,874.75,182.56,692.19,True
2022-10-03,Monday,UP,Iron Condor,False,EOD,75,-281.25,343.34,-624.59,False
2022-10-04,Tuesday,DOWN,Bull Call Spread,False,EOD,75,573.0,180.65,392.35,True
2022-10-04,Tuesday,DOWN,Bear Put Spread,True,EOD,75,-530.25,180.83,-711.08,False
2022-10-04,Tuesday,DOWN,Iron Condor,False,NOSIM,0,0.0,0.0,0.0,False
2022-10-06,Thursday,UP,Bull Call Spread,True,EOD,75,-367.75,174.88,-542.63,False
2022-10-06,Thursday,UP,Bear Put Spread,False,EOD,75,437.0,176.55,260.45,True
2022-10-06,Thursday,UP,Iron Condor,False,EOD,75,186.25,341.59,-155.34,False
2022-10-07,Friday,DOWN,Bull Call Spread,False,TARGET,1,317.0,169.84,147.16,True
2022-10-07,Friday,DOWN,Bear Put Spread,True,STOP,1,-318.25,170.55,-488.8,False
2022-10-07,Friday,DOWN,Iron Condor,False,STOP,1,0.0,338.91,-338.91,False
2022-10-10,Monday,FLAT,Bull Call Spread,False,EOD,75,675.25,180.94,494.31,True
2022-10-10,Monday,FLAT,Bear Put Spread,False,STOP,40,-638.5,181.4,-819.9,False
2022-10-10,Monday,FLAT,Iron Condor,True,EOD,75,489.75,346.74,143.01,True
2022-10-11,Tuesday,UP,Bull Call Spread,True,STOP,15,-536.5,179.91,-716.41,False
2022-10-11,Tuesday,UP,Bear Put Spread,False,TARGET,69,1109.0,179.31,929.69,True
2022-10-11,Tuesday,UP,Iron Condor,False,STOP,68,-790.5,341.46,-1131.96,False
2022-10-12,Wednesday,DOWN,Bull Call Spread,False,EOD,75,540.0,177.38,362.62,True
2022-10-12,Wednesday,DOWN,Bear Put Spread,True,EOD,75,-514.75,179.49,-694.24,False
2022-10-12,Wednesday,DOWN,Iron Condor,False,EOD,75,-428.0,342.29,-770.29,False
2022-10-13,Thursday,UP,Bull Call Spread,True,STOP,16,-486.0,175.37,-661.37,False
2022-10-13,Thursday,UP,Bear Put Spread,False,EOD,75,471.0,176.38,294.62,True
2022-10-13,Thursday,UP,Iron Condor,False,EOD,75,-366.25,342.45,-708.7,False
2022-10-14,Friday,DOWN,Bull Call Spread,False,STOP,2,-536.5,170.92,-707.42,False
2022-10-14,Friday,DOWN,Bear Put Spread,True,TARGET,2,496.0,169.68,326.32,True
2022-10-14,Friday,DOWN,Iron Condor,False,STOP,1,0.0,338.91,-338.91,False
2022-10-17,Monday,DOWN,Bull Call Spread,False,EOD,75,725.25,181.45,543.8,True
2022-10-17,Monday,DOWN,Bear Put Spread,True,STOP,40,-603.75,181.87,-785.62,False
2022-10-17,Monday,DOWN,Iron Condor,False,EOD,75,2.5,339.2,-336.7,False
2022-10-18,Tuesday,UP,Bull Call Spread,True,EOD,75,246.0,179.09,66.91,True
2022-10-18,Tuesday,UP,Bear Put Spread,False,EOD,75,-241.5,180.05,-421.55,False
2022-10-18,Tuesday,UP,Iron Condor,False,NOSIM,0,0.0,0.0,0.0,False
2022-10-19,Wednesday,UP,Bull Call Spread,True,EOD,75,-300.0,177.13,-477.13,False
2022-10-19,Wednesday,UP,Bear Put Spread,False,EOD,75,306.5,175.58,130.92,True
2022-10-19,Wednesday,UP,Iron Condor,False,NOSIM,0,0.0,0.0,0.0,False
2022-10-20,Thursday,FLAT,Bull Call Spread,False,TARGET,65,1063.25,174.63,888.62,True
2022-10-20,Thursday,FLAT,Bear Put Spread,False,STOP,13,-394.25,172.88,-567.13,False
2022-10-20,Thursday,FLAT,Iron Condor,True,STOP,19,-338.25,339.5,-677.75,False
2022-10-21,Friday,UP,Bull Call Spread,True,TARGET,12,580.0,170.96,409.04,True
2022-10-21,Friday,UP,Bear Put Spread,False,STOP,2,-80.5,169.69,-250.19,False
2022-10-21,Friday,UP,Iron Condor,False,NOSIM,0,0.0,0.0,0.0,False
2022-10-25,Tuesday,FLAT,Bull Call Spread,False,STOP,13,-516.25,176.41,-692.66,False
2022-10-25,Tuesday,FLAT,Bear Put Spread,False,TARGET,48,971.75,175.69,796.06,True
2022-10-25,Tuesday,FLAT,Iron Condor,True,TARGET,13,225.25,340.48,-115.23,False
2022-10-27,Thursday,DOWN,Bull Call Spread,False,STOP,37,-518.5,175.1,-693.6,False
2022-10-27,Thursday,DOWN,Bear Put Spread,True,TARGET,65,921.75,173.44,748.31,True
2022-10-27,Thursday,DOWN,Iron Condor,False,EOD,75,4.5,339.52,-335.02,False
2022-10-28,Friday,DOWN,Bull Call Spread,False,TARGET,1,716.25,170.35,545.9,True
2022-10-28,Friday,DOWN,Bear Put Spread,True,STOP,1,-218.75,169.99,-388.74,False
2022-10-28,Friday,DOWN,Iron Condor,False,NOSIM,0,0.0,0.0,0.0,False
2022-10-31,Monday,UP,Bull Call Spread,True,EOD,75,498.0,180.66,317.34,True
2022-10-31,Monday,UP,Bear Put Spread,False,EOD,75,-456.0,179.68,-635.68,False
2022-10-31,Monday,UP,Iron Condor,False,EOD,75,-26.5,345.12,-371.62,False
2022-11-01,Tuesday,UP,Bull Call Spread,True,EOD,75,64.75,176.91,-112.16,False
2022-11-01,Tuesday,UP,Bear Put Spread,False,EOD,75,-66.5,178.55,-245.05,False
2022-11-01,Tuesday,UP,Iron Condor,False,EOD,75,2.0,340.31,-338.31,False
2022-11-02,Wednesday,UP,Bull Call Spread,True,STOP,31,-442.25,175.26,-617.51,False
2022-11-02,Wednesday,UP,Bear Put Spread,False,EOD,75,699.0,177.07,521.93,True
2022-11-02,Wednesday,UP,Iron Condor,False,EOD,75,-259.0,341.87,-600.87,False
2022-11-03,Thursday,DOWN,Bull Call Spread,False,EOD,75,538.5,176.5,362.0,True
2022-11-03,Thursday,DOWN,Bear Put Spread,True,STOP,4,-537.75,174.96,-712.71,False
2022-11-03,Thursday,DOWN,Iron Condor,False,NOSIM,0,0.0,0.0,0.0,False
2022-11-04,Friday,UP,Bull Call Spread,True,TARGET,1,531.5,170.69,360.81,True
2022-11-04,Friday,UP,Bear Put Spread,False,STOP,1,-292.25,170.5,-462.75,False
2022-11-04,Friday,UP,Iron Condor,False,STOP,71,-630.0,339.4,-969.4,False
2022-11-07,Monday,UP,Bull Call Spread,True,STOP,50,-560.5,179.67,-740.17,False
2022-11-07,Monday,UP,Bear Put Spread,False,EOD,75,40.75,178.57,-137.82,False
2022-11-07,Monday,UP,Iron Condor,False,EOD,75,-26.75,341.92,-368.67,False
2022-11-09,Wednesday,FLAT,Bull Call Spread,False,STOP,13,-457.5,175.23,-632.73,False
2022-11-09,Wednesday,FLAT,Bear Put Spread,False,TARGET,67,1105.0,176.16,928.84,True
2022-11-09,Wednesday,FLAT,Iron Condor,True,STOP,23,-249.5,339.37,-588.87,False
2022-11-10,Thursday,DOWN,Bull Call Spread,False,STOP,39,-395.0,173.14,-568.14,False
2022-11-10,Thursday,DOWN,Bear Put Spread,True,EOD,75,67.0,173.53,-106.53,False
2022-11-10,Thursday,DOWN,Iron Condor,False,EOD,75,-47.5,341.5,-389.0,False
2022-11-11,Friday,FLAT,Bull Call Spread,False,TARGET,37,849.0,172.31,676.69,True
2022-11-11,Friday,FLAT,Bear Put Spread,False,STOP,2,-279.5,170.93,-450.43,False
2022-11-11,Friday,FLAT,Iron Condor,True,NOSIM,0,0.0,0.0,0.0,False
2022-11-14,Monday,UP,Bull Call Spread,True,EOD,75,-278.5,176.98,-455.48,False
2022-11-14,Monday,UP,Bear Put Spread,False,EOD,75,310.5,179.0,131.5,True
2022-11-14,Monday,UP,Iron Condor,False,EOD,75,-77.75,339.51,-417.26,False
2022-11-15,Tuesday,DOWN,Bull Call Spread,False,EOD,75,375.0,176.92,198.08,True
2022-11-15,Tuesday,DOWN,Bear Put Spread,True,EOD,75,-334.25,175.82,-510.07,False
2022-11-15,Tuesday,DOWN,Iron Condor,False,EOD,75,51.0,339.18,-288.18,False
2022-11-16,Wednesday,FLAT,Bull Call Spread,False,EOD,75,51.0,174.16,-123.16,False
2022-11-16,Wednesday,FLAT,Bear Put Spread,False,EOD,75,-50.75,174.27,-225.02,False
2022-11-16,Wednesday,FLAT,Iron Condor,True,EOD,75,33.75,340.84,-307.09,False
2022-11-17,Thursday,FLAT,Bull Call Spread,False,EOD,75,-222.25,173.26,-395.51,False
2022-11-17,Thursday,FLAT,Bear Put Spread,False,STOP,9,-424.25,172.64,-596.89,False
2022-11-17,Thursday,FLAT,Iron Condor,True,EOD,75,-8.5,342.96,-351.46,False
2022-11-18,Friday,FLAT,Bull Call Spread,False,STOP,1,-214.0,170.05,-384.05,False
2022-11-18,Friday,FLAT,Bear Put Spread,False,TARGET,1,741.0,171.0,570.0,True
2022-11-18,Friday,FLAT,Iron Condor,True,NOSIM,0,0.0,0.0,0.0,False
2022-11-21,Monday,FLAT,Bull Call Spread,False,STOP,43,-511.75,177.3,-689.05,False
2022-11-21,Monday,FLAT,Bear Put Spread,False,EOD,75,510.5,177.57,332.93,True
2022-11-21,Monday,FLAT,Iron Condor,True,NOSIM,0,0.0,0.0,0.0,False
2022-11-22,Tuesday,DOWN,Bull Call Spread,False,EOD,75,484.5,174.84,309.66,True
2022-11-22,Tuesday,DOWN,Bear Put Spread,True,EOD,75,-462.25,176.52,-638.77,False
2022-11-22,Tuesday,DOWN,Iron Condor,False,EOD,75,-180.75,342.9,-523.65,False
2022-11-23,Wednesday,UP,Bull Call Spread,True,STOP,8,-354.0,172.71,-526.71,False
2022-11-23,Wednesday,UP,Bear Put Spread,False,EOD,75,659.75,174.53,485.22,True
2022-11-23,Wednesday,UP,Iron Condor,False,NOSIM,0,0.0,0.0,0.0,False
2022-11-24,Thursday,DOWN,Bull Call Spread,False,TARGET,35,589.5,171.37,418.13,True
2022-11-24,Thursday,DOWN,Bear Put Spread,True,STOP,17,-458.5,172.93,-631.43,False
2022-11-24,Thursday,DOWN,Iron Condor,False,NOSIM,0,0.0,0.0,0.0,False
2022-11-25,Friday,UP,Bull Call Spread,True,STOP,1,-125.75,169.74,-295.49,False
2022-11-25,Friday,UP,Bear Put Spread,False,TARGET,1,1351.75,170.93,1180.82,True
2022-11-25,Friday,UP,Iron Condor,False,NOSIM,0,0.0,0.0,0.0,False
2022-11-28,Monday,FLAT,Bull Call Spread,False,TARGET,35,941.5,176.45,765.05,True
2022-11-28,Monday,FLAT,Bear Put Spread,False,STOP,4,-562.25,178.08,-740.33,False
2022-11-28,Monday,FLAT,Iron Condor,True,TARGET,33,400.5,342.37,58.13,True
2022-11-29,Tuesday,UP,Bull Call Spread,True,EOD,75,328.75,176.3,152.45,True
2022-11-29,Tuesday,UP,Bear Put Spread,False,STOP,15,-485.5,176.07,-661.57,False
2022-11-29,Tuesday,UP,Iron Condor,False,EOD,75,231.0,343.75,-112.75,False
2022-11-30,Wednesday,FLAT,Bull Call Spread,False,TARGET,71,854.5,174.13,680.37,True
2022-11-30,Wednesday,FLAT,Bear Put Spread,False,STOP,70,-622.5,176.05,-798.55,False
2022-11-30,Wednesday,FLAT,Iron Condor,True,EOD,75,222.25,340.95,-118.7,False
2022-12-01,Thursday,UP,Bull Call Spread,True,STOP,52,-580.5,174.18,-754.68,False
2022-12-01,Thursday,UP,Bear Put Spread,False,TARGET,56,743.0,172.56,570.44,True
2022-12-01,Thursday,UP,Iron Condor,False,EOD,75,116.75,339.89,-223.14,False
2022-12-02,Friday,FLAT,Bull Call Spread,False,STOP,27,-494.25,173.94,-668.19,False
2022-12-02,Friday,FLAT,Bear Put Spread,False,TARGET,32,889.0,173.74,715.26,True
2022-12-02,Friday,FLAT,Iron Condor,True,NOSIM,0,0.0,0.0,0.0,False
2022-12-05,Monday,DOWN,Bull Call Spread,False,STOP,8,-550.0,178.96,-728.96,False
2022-12-05,Monday,DOWN,Bear Put Spread,True,EOD,75,134.25,177.2,-42.95,False
2022-12-05,Monday,DOWN,Iron Condor,False,NOSIM,0,0.0,0.0,0.0,False
2022-12-06,Tuesday,FLAT,Bull Call Spread,False,EOD,75,285.25,176.8,108.45,True
2022-12-06,Tuesday,FLAT,Bear Put Spread,False,EOD,75,-269.0,176.71,-445.71,False
2022-12-06,Tuesday,FLAT,Iron Condor,True,NOSIM,0,0.0,0.0,0.0,False
2022-12-07,Wednesday,FLAT,Bull Call Spread,False,STOP,72,-496.5,175.2,-671.7,False
2022-12-07,Wednesday,FLAT,Bear Put Spread,False,EOD,75,607.75,176.08,431.67,True
2022-12-07,Wednesday,FLAT,Iron Condor,True,EOD,75,-518.5,343.79,-862.29,False
2022-12-08,Thursday,FLAT,Bull Call Spread,False,EOD,75,389.25,174.53,214.72,True
2022-12-08,Thursday,FLAT,Bear Put Spread,False,EOD,75,-307.5,172.95,-480.45,False
2022-12-08,Thursday,FLAT,Iron Condor,True,EOD,75,143.0,341.3,-198.3,False
2022-12-09,Friday,FLAT,Bull Call Spread,False,STOP,4,-410.25,172.63,-582.88,False
2022-12-09,Friday,FLAT,Bear Put Spread,False,TARGET,13,655.5,171.8,483.7,True
2022-12-09,Friday,FLAT,Iron Condor,True,NOSIM,0,0.0,0.0,0.0,False
2022-12-12,Monday,DOWN,Bull Call Spread,False,EOD,75,533.75,177.48,356.27,True
2022-12-12,Monday,DOWN,Bear Put Spread,True,STOP,15,-517.0,177.26,-694.26,False
2022-12-12,Monday,DOWN,Iron Condor,False,NOSIM,0,0.0,0.0,0.0,False
2022-12-13,Tuesday,UP,Bull Call Spread,True,EOD,75,472.5,176.96,295.54,True
2022-12-13,Tuesday,UP,Bear Put Spread,False,STOP,47,-435.25,174.92,-610.17,False
2022-12-13,Tuesday,UP,Iron Condor,False,EOD,75,-142.75,345.33,-488.08,False
2022-12-14,Wednesday,UP,Bull Call Spread,True,EOD,75,-195.75,176.18,-371.93,False
2022-12-14,Wednesday,UP,Bear Put Spread,False,EOD,75,191.25,174.43,16.82,True
2022-12-14,Wednesday,UP,Iron Condor,False,EOD,75,-79.25,340.49,-419.74,False
2022-12-15,Thursday,FLAT,Bull Call Spread,False,STOP,33,-479.0,174.3,-653.3,False
2022-12-15,Thursday,FLAT,Bear Put Spread,False,TARGET,40,778.5,173.21,605.29,True
2022-12-15,Thursday,FLAT,Iron Condor,True,NOSIM,0,0.0,0.0,0.0,False
2022-12-16,Friday,DOWN,Bull Call Spread,False,TARGET,1,781.25,170.83,610.42,True
2022-12-16,Friday,DOWN,Bear Put Spread,True,STOP,1,-133.75,169.76,-303.51,False
2022-12-16,Friday,DOWN,Iron Condor,False,NOSIM,0,0.0,0.0,0.0,False
2022-12-19,Monday,FLAT,Bull Call Spread,False,EOD,75,755.25,177.43,577.82,True
2022-12-19,Monday,FLAT,Bear Put Spread,False,STOP,68,-539.25,178.43,-717.68,False
2022-12-19,Monday,FLAT,Iron Condor,True,EOD,75,-172.75,341.26,-514.01,False
2022-12-20,Tuesday,UP,Bull Call Spread,True,STOP,4,-484.75,175.2,-659.95,False
2022-12-20,Tuesday,UP,Bear Put Spread,False,EOD,75,-295.0,175.96,-470.96,False
2022-12-20,Tuesday,UP,Iron Condor,False,EOD,75,260.25,343.51,-83.26,False
2022-12-21,Wednesday,FLAT,Bull Call Spread,False,STOP,10,-416.25,173.48,-589.73,False
2022-12-21,Wednesday,FLAT,Bear Put Spread,False,TARGET,37,1119.75,174.59,945.16,True
2022-12-21,Wednesday,FLAT,Iron Condor,True,STOP,56,-1206.75,340.93,-1547.68,False
2022-12-22,Thursday,DOWN,Bull Call Spread,False,STOP,3,-555.25,174.03,-729.28,False
2022-12-22,Thursday,DOWN,Bear Put Spread,True,TARGET,12,1043.25,174.88,868.37,True
2022-12-22,Thursday,DOWN,Iron Condor,False,STOP,36,-427.75,339.7,-767.45,False
2022-12-23,Friday,DOWN,Bull Call Spread,False,TARGET,1,295.75,169.71,126.04,True
2022-12-23,Friday,DOWN,Bear Put Spread,True,STOP,1,-426.75,170.95,-597.7,False
2022-12-23,Friday,DOWN,Iron Condor,False,NOSIM,0,0.0,0.0,0.0,False
2022-12-26,Monday,DOWN,Bull Call Spread,False,TARGET,65,1044.5,179.51,864.99,True
2022-12-26,Monday,DOWN,Bear Put Spread,True,STOP,26,-611.5,181.25,-792.75,False
2022-12-26,Monday,DOWN,Iron Condor,False,EOD,75,-721.0,343.89,-1064.89,False
2022-12-27,Tuesday,UP,Bull Call Spread,True,STOP,6,-482.0,176.85,-658.85,False
2022-12-27,Tuesday,UP,Bear Put Spread,False,EOD,75,-257.5,177.69,-435.19,False
2022-12-27,Tuesday,UP,Iron Condor,False,TARGET,7,438.25,342.95,95.3,True
2022-12-28,Wednesday,UP,Bull Call Spread,True,EOD,75,161.0,174.08,-13.08,False
2022-12-28,Wednesday,UP,Bear Put Spread,False,STOP,56,-510.25,175.25,-685.5,False
2022-12-28,Wednesday,UP,Iron Condor,False,EOD,75,4.5,343.38,-338.88,False
2022-12-29,Thursday,FLAT,Bull Call Spread,False,STOP,11,-389.5,172.78,-562.28,False
2022-12-29,Thursday,FLAT,Bear Put Spread,False,STOP,65,-459.5,173.07,-632.57,False
2022-12-29,Thursday,FLAT,Iron Condor,True,EOD,75,-349.5,341.47,-690.97,False
2022-12-30,Friday,UP,Bull Call Spread,True,STOP,1,-383.25,170.46,-553.71,False
2022-12-30,Friday,UP,Bear Put Spread,False,TARGET,1,633.0,169.95,463.05,True
2022-12-30,Friday,UP,Iron Condor,False,NOSIM,0,0.0,0.0,0.0,False
2023-01-02,Monday,DOWN,Bull Call Spread,False,EOD,75,392.5,177.94,214.56,True
2023-01-02,Monday,DOWN,Bear Put Spread,True,EOD,75,-379.5,179.52,-559.02,False
2023-01-02,Monday,DOWN,Iron Condor,False,EOD,75,-357.75,345.53,-703.28,False
2023-01-03,Tuesday,UP,Bull Call Spread,True,EOD,75,417.5,177.81,239.69,True
2023-01-03,Tuesday,UP,Bear Put Spread,False,EOD,75,-373.75,176.64,-550.39,False
2023-01-03,Tuesday,UP,Iron Condor,False,EOD,75,-167.0,347.92,-514.92,False
2023-01-04,Wednesday,UP,Bull Call Spread,True,STOP,6,-417.25,174.04,-591.29,False
2023-01-04,Wednesday,UP,Bear Put Spread,False,TARGET,23,1024.25,175.54,848.71,True
2023-01-04,Wednesday,UP,Iron Condor,False,NOSIM,0,0.0,0.0,0.0,False
2023-01-05,Thursday,DOWN,Bull Call Spread,False,STOP,2,-447.75,173.61,-621.36,False
2023-01-05,Thursday,DOWN,Bear Put Spread,True,TARGET,28,858.25,173.45,684.8,True
2023-01-05,Thursday,DOWN,Iron Condor,False,EOD,75,-336.0,341.79,-677.79,False
2023-01-06,Friday,DOWN,Bull Call Spread,False,STOP,1,-325.75,171.37,-497.12,False
2023-01-06,Friday,DOWN,Bear Put Spread,True,TARGET,9,483.25,170.9,312.35,True
2023-01-06,Friday,DOWN,Iron Condor,False,NOSIM,0,0.0,0.0,0.0,False
2023-01-09,Monday,DOWN,Bull Call Spread,False,EOD,75,708.25,178.68,529.57,True
2023-01-09,Monday,DOWN,Bear Put Spread,True,STOP,10,-539.5,178.41,-717.91,False
2023-01-09,Monday,DOWN,Iron Condor,False,NOSIM,0,0.0,0.0,0.0,False
2023-01-10,Tuesday,UP,Bull Call Spread,True,STOP,3,-592.25,176.34,-768.59,False
2023-01-10,Tuesday,UP,Bear Put Spread,False,TARGET,8,946.75,174.58,772.17,True
2023-01-10,Tuesday,UP,Iron Condor,False,EOD,75,-866.5,342.63,-1209.13,False
2023-01-11,Wednesday,DOWN,Bull Call Spread,False,EOD,75,-230.25,177.06,-407.31,False
2023-01-11,Wednesday,DOWN,Bear Put Spread,True,EOD,75,226.25,175.01,51.24,True
2023-01-11,Wednesday,DOWN,Iron Condor,False,EOD,75,73.5,343.91,-270.41,False
2023-01-12,Thursday,FLAT,Bull Call Spread,False,STOP,10,-506.0,174.61,-680.61,False
2023-01-12,Thursday,FLAT,Bear Put Spread,False,TARGET,15,781.25,173.02,608.23,True
2023-01-12,Thursday,FLAT,Iron Condor,True,EOD,75,-23.25,342.18,-365.43,False
2023-01-13,Friday,DOWN,Bull Call Spread,False,STOP,1,-565.25,171.18,-736.43,False
2023-01-13,Friday,DOWN,Bear Put Spread,True,TARGET,1,706.0,170.21,535.79,True
2023-01-13,Friday,DOWN,Iron Condor,False,STOP,6,-468.0,339.53,-807.53,False
2023-01-16,Monday,UP,Bull Call Spread,True,STOP,33,-493.0,177.52,-670.52,False
2023-01-16,Monday,UP,Bear Put Spread,False,EOD,75,760.5,178.96,581.54,True
2023-01-16,Monday,UP,Iron Condor,False,NOSIM,0,0.0,0.0,0.0,False
2023-01-17,Tuesday,DOWN,Bull Call Spread,False,EOD,75,819.0,177.77,641.23,True
2023-01-17,Tuesday,DOWN,Bear Put Spread,True,STOP,10,-454.25,175.79,-630.04,False
2023-01-17,Tuesday,DOWN,Iron Condor,False,NOSIM,0,0.0,0.0,0.0,False
2023-01-18,Wednesday,UP,Bull Call Spread,True,EOD,75,710.25,175.59,534.66,True
2023-01-18,Wednesday,UP,Bear Put Spread,False,STOP,24,-416.5,173.66,-590.16,False
2023-01-18,Wednesday,UP,Iron Condor,False,EOD,75,-296.25,341.58,-637.83,False
2023-01-19,Thursday,UP,Bull Call Spread,True,STOP,11,-483.5,173.33,-656.83,False
2023-01-19,Thursday,UP,Bear Put Spread,False,EOD,75,288.75,171.96,116.79,True
2023-01-19,Thursday,UP,Iron Condor,False,EOD,75,-91.75,339.75,-431.5,False
2023-01-20,Friday,FLAT,Bull Call Spread,False,STOP,1,-280.0,170.68,-450.68,False
2023-01-20,Friday,FLAT,Bear Put Spread,False,TARGET,1,213.75,169.82,43.93,True
2023-01-20,Friday,FLAT,Iron Condor,True,NOSIM,0,0.0,0.0,0.0,False
2023-01-23,Monday,DOWN,Bull Call Spread,False,EOD,75,-83.0,177.34,-260.34,False
2023-01-23,Monday,DOWN,Bear Put Spread,True,EOD,75,80.25,175.75,-95.5,False
2023-01-23,Monday,DOWN,Iron Condor,False,NOSIM,0,0.0,0.0,0.0,False
2023-01-24,Tuesday,FLAT,Bull Call Spread,False,STOP,33,-384.0,173.18,-557.18,False
2023-01-24,Tuesday,FLAT,Bear Put Spread,False,EOD,75,742.0,174.36,567.64,True
2023-01-24,Tuesday,FLAT,Iron Condor,True,EOD,75,-581.5,340.78,-922.28,False
2023-01-25,Wednesday,DOWN,Bull Call Spread,False,STOP,2,-389.25,172.04,-561.29,False
2023-01-25,Wednesday,DOWN,Bear Put Spread,True,TARGET,5,762.75,172.47,590.28,True
2023-01-25,Wednesday,DOWN,Iron Condor,False,NOSIM,0,0.0,0.0,0.0,False
2023-01-27,Friday,DOWN,Bull Call Spread,False,STOP,1,-108.0,169.7,-277.7,False
2023-01-27,Friday,DOWN,Bear Put Spread,True,TARGET,1,1258.25,170.96,1087.29,True
2023-01-27,Friday,DOWN,Iron Condor,False,NOSIM,0,0.0,0.0,0.0,False
2023-01-30,Monday,DOWN,Bull Call Spread,False,EOD,75,413.0,185.31,227.69,True
2023-01-30,Monday,DOWN,Bear Put Spread,True,EOD,75,-398.5,186.01,-584.51,False
2023-01-30,Monday,DOWN,Iron Condor,False,TARGET,4,160.5,340.75,-180.25,False
2023-01-31,Tuesday,UP,Bull Call Spread,True,STOP,4,-535.0,182.72,-717.72,False
2023-01-31,Tuesday,UP,Bear Put Spread,False,EOD,75,182.0,184.41,-2.41,False
2023-01-31,Tuesday,UP,Iron Condor,False,EOD,75,93.75,344.25,-250.5,False
2023-02-01,Wednesday,FLAT,Bull Call Spread,False,STOP,61,-643.0,183.21,-826.21,False
2023-02-01,Wednesday,FLAT,Bear Put Spread,False,STOP,45,-559.0,182.05,-741.05,False
2023-02-01,Wednesday,FLAT,Iron Condor,True,TARGET,66,478.5,345.3,133.2,True
2023-02-02,Thursday,DOWN,Bull Call Spread,False,EOD,75,549.25,177.35,371.9,True
2023-02-02,Thursday,DOWN,Bear Put Spread,True,STOP,5,-492.25,175.87,-668.12,False
2023-02-02,Thursday,DOWN,Iron Condor,False,STOP,6,-69.5,339.01,-408.51,False
2023-02-03,Friday,UP,Bull Call Spread,True,STOP,2,-482.0,173.1,-655.1,False
2023-02-03,Friday,UP,Bear Put Spread,False,TARGET,5,699.75,171.63,528.12,True
2023-02-03,Friday,UP,Iron Condor,False,STOP,5,-346.25,339.38,-685.63,False
2023-02-06,Monday,UP,Bull Call Spread,True,EOD,75,-272.75,179.97,-452.72,False
2023-02-06,Monday,UP,Bear Put Spread,False,EOD,75,278.5,178.26,100.24,True
2023-02-06,Monday,UP,Iron Condor,False,EOD,75,-11.5,345.52,-357.02,False
2023-02-07,Tuesday,FLAT,Bull Call Spread,False,STOP,42,-494.25,177.14,-671.39,False
2023-02-07,Tuesday,FLAT,Bear Put Spread,False,EOD,75,398.25,177.96,220.29,True
2023-02-07,Tuesday,FLAT,Iron Condor,True,TARGET,43,260.0,341.07,-81.07,False
2023-02-08,Wednesday,DOWN,Bull Call Spread,False,EOD,75,751.75,175.91,575.84,True
2023-02-08,Wednesday,DOWN,Bear Put Spread,True,STOP,6,-521.25,175.85,-697.1,False
2023-02-08,Wednesday,DOWN,Iron Condor,False,STOP,30,-417.25,339.75,-757.0,False
2023-02-09,Thursday,UP,Bull Call Spread,True,STOP,2,-366.0,172.81,-538.81,False
2023-02-09,Thursday,UP,Bear Put Spread,False,TARGET,6,920.5,173.85,746.65,True
2023-02-09,Thursday,UP,Iron Condor,False,EOD,75,7.75,341.53,-333.78,False
2023-02-10,Friday,UP,Bull Call Spread,True,STOP,4,-320.5,171.09,-491.59,False
2023-02-10,Friday,UP,Bear Put Spread,False,TARGET,7,608.25,171.24,437.01,True
2023-02-10,Friday,UP,Iron Condor,False,EOD,75,-3.75,340.21,-343.96,False
2023-02-13,Monday,FLAT,Bull Call Spread,False,STOP,10,-513.75,177.05,-690.8,False
2023-02-13,Monday,FLAT,Bear Put Spread,False,EOD,75,585.5,176.25,409.25,True
2023-02-13,Monday,FLAT,Iron Condor,True,EOD,75,-231.75,346.7,-578.45,False
2023-02-14,Tuesday,DOWN,Bull Call Spread,False,EOD,75,383.0,179.39,203.61,True
2023-02-14,Tuesday,DOWN,Bear Put Spread,True,EOD,75,-366.5,180.21,-546.71,False
2023-02-14,Tuesday,DOWN,Iron Condor,False,EOD,75,24.25,352.28,-328.03,False
2023-02-15,Wednesday,UP,Bull Call Spread,True,TARGET,71,936.0,174.35,761.65,True
2023-02-15,Wednesday,UP,Bear Put Spread,False,STOP,67,-466.0,174.6,-640.6,False
2023-02-15,Wednesday,UP,Iron Condor,False,EOD,75,205.5,341.22,-135.72,False
2023-02-16,Thursday,UP,Bull Call Spread,True,STOP,63,-407.75,172.18,-579.93,False
2023-02-16,Thursday,UP,Bear Put Spread,False,TARGET,73,792.75,172.52,620.23,True
2023-02-16,Thursday,UP,Iron Condor,False,TARGET,63,158.75,339.57,-180.82,False
2023-02-17,Friday,FLAT,Bull Call Spread,False,TARGET,5,575.0,171.05,403.95,True
2023-02-17,Friday,FLAT,Bear Put Spread,False,TARGET,2,75.5,169.67,-94.17,False
2023-02-17,Friday,FLAT,Iron Condor,True,NOSIM,0,0.0,0.0,0.0,False
2023-02-20,Monday,FLAT,Bull Call Spread,False,STOP,53,-551.5,177.61,-729.11,False
2023-02-20,Monday,FLAT,Bear Put Spread,False,EOD,75,711.0,176.25,534.75,True
2023-02-20,Monday,FLAT,Iron Condor,True,NOSIM,0,0.0,0.0,0.0,False
2023-02-21,Tuesday,DOWN,Bull Call Spread,False,STOP,41,-501.75,176.21,-677.96,False
2023-02-21,Tuesday,DOWN,Bear Put Spread,True,EOD,75,420.5,175.7,244.8,True
2023-02-21,Tuesday,DOWN,Iron Condor,False,EOD,75,227.0,342.41,-115.41,False
2023-02-22,Wednesday,FLAT,Bull Call Spread,False,STOP,8,-525.5,174.41,-699.91,False
2023-02-22,Wednesday,FLAT,Bear Put Spread,False,TARGET,30,868.25,173.98,694.27,True
2023-02-22,Wednesday,FLAT,Iron Condor,True,STOP,51,-429.25,339.48,-768.73,False
2023-02-23,Thursday,DOWN,Bull Call Spread,False,STOP,3,-604.5,173.97,-778.47,False
2023-02-23,Thursday,DOWN,Bear Put Spread,True,TARGET,3,651.75,172.2,479.55,True
2023-02-23,Thursday,DOWN,Iron Condor,False,STOP,6,-824.75,340.44,-1165.19,False
2023-02-24,Friday,DOWN,Bull Call Spread,False,STOP,3,-173.25,169.93,-343.18,False
2023-02-24,Friday,DOWN,Bear Put Spread,True,TARGET,3,513.0,170.42,342.58,True
2023-02-24,Friday,DOWN,Iron Condor,False,STOP,1,0.0,338.91,-338.91,False
2023-02-27,Monday,DOWN,Bull Call Spread,False,STOP,11,-503.25,176.81,-680.06,False
2023-02-27,Monday,DOWN,Bear Put Spread,True,EOD,75,125.25,178.62,-53.37,False
2023-02-27,Monday,DOWN,Iron Condor,False,EOD,75,57.75,342.13,-284.38,False
2023-02-28,Tuesday,FLAT,Bull Call Spread,False,STOP,58,-514.5,175.73,-690.23,False
2023-02-28,Tuesday,FLAT,Bear Put Spread,False,EOD,75,423.25,177.11,246.14,True
2023-02-28,Tuesday,FLAT,Iron Condor,True,STOP,58,-128.0,339.12,-467.12,False
2023-03-01,Wednesday,DOWN,Bull Call Spread,False,EOD,75,725.75,175.41,550.34,True
2023-03-01,Wednesday,DOWN,Bear Put Spread,True,STOP,24,-442.5,174.58,-617.08,False
2023-03-01,Wednesday,DOWN,Iron Condor,False,EOD,75,-648.25,343.12,-991.37,False
2023-03-02,Thursday,UP,Bull Call Spread,True,STOP,9,-590.25,174.3,-764.55,False
2023-03-02,Thursday,UP,Bear Put Spread,False,TARGET,52,809.0,172.7,636.3,True
2023-03-02,Thursday,UP,Iron Condor,False,NOSIM,0,0.0,0.0,0.0,False
2023-03-03,Friday,DOWN,Bull Call Spread,False,TARGET,12,799.5,171.65,627.85,True
2023-03-03,Friday,DOWN,Bear Put Spread,True,STOP,8,-366.5,171.57,-538.07,False
2023-03-03,Friday,DOWN,Iron Condor,False,NOSIM,0,0.0,0.0,0.0,False
2023-03-06,Monday,UP,Bull Call Spread,True,EOD,75,269.75,174.53,95.22,True
2023-03-06,Monday,UP,Bear Put Spread,False,STOP,5,-540.5,176.09,-716.59,False
2023-03-06,Monday,UP,Iron Condor,False,EOD,75,61.25,340.4,-279.15,False
2023-03-08,Wednesday,UP,Bull Call Spread,True,EOD,75,787.75,174.17,613.58,True
2023-03-08,Wednesday,UP,Bear Put Spread,False,STOP,70,-523.5,172.99,-696.49,False
2023-03-08,Wednesday,UP,Iron Condor,False,EOD,75,-291.75,340.48,-632.23,False
2023-03-09,Thursday,UP,Bull Call Spread,True,STOP,4,-498.75,173.16,-671.91,False
2023-03-09,Thursday,UP,Bear Put Spread,False,TARGET,8,663.75,171.67,492.08,True
2023-03-09,Thursday,UP,Iron Condor,False,EOD,75,-377.5,341.16,-718.66,False
2023-03-10,Friday,DOWN,Bull Call Spread,False,STOP,1,-373.5,170.61,-544.11,False
2023-03-10,Friday,DOWN,Bear Put Spread,True,TARGET,1,784.0,170.95,613.05,True
2023-03-10,Friday,DOWN,Iron Condor,False,NOSIM,0,0.0,0.0,0.0,False
2023-03-13,Monday,FLAT,Bull Call Spread,False,STOP,40,-560.25,178.27,-738.52,False
2023-03-13,Monday,FLAT,Bear Put Spread,False,STOP,2,-492.0,176.35,-668.35,False
2023-03-13,Monday,FLAT,Iron Condor,True,NOSIM,0,0.0,0.0,0.0,False
2023-03-14,Tuesday,DOWN,Bull Call Spread,False,STOP,25,-560.0,179.26,-739.26,False
2023-03-14,Tuesday,DOWN,Bear Put Spread,True,EOD,75,470.75,178.28,292.47,True
2023-03-14,Tuesday,DOWN,Iron Condor,False,EOD,75,-247.25,343.97,-591.22,False
2023-03-15,Wednesday,DOWN,Bull Call Spread,False,STOP,45,-558.5,177.86,-736.36,False
2023-03-15,Wednesday,DOWN,Bear Put Spread,True,TARGET,70,990.25,176.41,813.84,True
2023-03-15,Wednesday,DOWN,Iron Condor,False,EOD,75,-793.75,342.14,-1135.89,False
2023-03-16,Thursday,DOWN,Bull Call Spread,False,STOP,1,-463.75,174.03,-637.78,False
2023-03-16,Thursday,DOWN,Bear Put Spread,True,TARGET,5,943.25,174.42,768.83,True
2023-03-16,Thursday,DOWN,Iron Condor,False,EOD,75,-2.75,340.1,-342.85,False
2023-03-17,Friday,FLAT,Bull Call Spread,False,STOP,6,-434.75,171.92,-606.67,False
2023-03-17,Friday,FLAT,Bear Put Spread,False,TARGET,9,688.0,171.19,516.81,True
2023-03-17,Friday,FLAT,Iron Condor,True,NOSIM,0,0.0,0.0,0.0,False
2023-03-20,Monday,FLAT,Bull Call Spread,False,STOP,4,-580.25,179.63,-759.88,False
2023-03-20,Monday,FLAT,Bear Put Spread,False,TARGET,36,1017.0,178.1,838.9,True
2023-03-20,Monday,FLAT,Iron Condor,True,EOD,75,-300.5,345.62,-646.12,False
2023-03-21,Tuesday,DOWN,Bull Call Spread,False,EOD,75,246.25,178.82,67.43,True
2023-03-21,Tuesday,DOWN,Bear Put Spread,True,EOD,75,-231.75,177.86,-409.61,False
2023-03-21,Tuesday,DOWN,Iron Condor,False,EOD,75,-34.25,346.6,-380.85,False
2023-03-22,Wednesday,UP,Bull Call Spread,True,EOD,75,-206.75,174.96,-381.71,False
2023-03-22,Wednesday,UP,Bear Put Spread,False,EOD,75,235.5,176.79,58.71,True
2023-03-22,Wednesday,UP,Iron Condor,False,EOD,75,-132.75,340.49,-473.24,False
2023-03-23,Thursday,FLAT,Bull Call Spread,False,EOD,75,-207.0,174.41,-381.41,False
2023-03-23,Thursday,FLAT,Bear Put Spread,False,STOP,15,-483.0,174.59,-657.59,False
2023-03-23,Thursday,FLAT,Iron Condor,True,EOD,75,-154.75,341.08,-495.83,False
2023-03-24,Friday,FLAT,Bull Call Spread,False,TARGET,1,87.0,169.66,-82.66,False
2023-03-24,Friday,FLAT,Bear Put Spread,False,TARGET,2,519.25,170.98,348.27,True
2023-03-24,Friday,FLAT,Iron Condor,True,NOSIM,0,0.0,0.0,0.0,False
2023-03-27,Monday,DOWN,Bull Call Spread,False,EOD,75,-104.25,177.69,-281.94,False
2023-03-27,Monday,DOWN,Bear Put Spread,True,EOD,75,110.5,179.03,-68.53,False
2023-03-27,Monday,DOWN,Iron Condor,False,NOSIM,0,0.0,0.0,0.0,False
2023-03-28,Tuesday,FLAT,Bull Call Spread,False,STOP,16,-467.0,174.69,-641.69,False
2023-03-28,Tuesday,FLAT,Bear Put Spread,False,EOD,75,537.75,176.14,361.61,True
2023-03-28,Tuesday,FLAT,Iron Condor,True,EOD,75,-511.0,343.63,-854.63,False
2023-03-29,Wednesday,DOWN,Bull Call Spread,False,TARGET,70,768.5,172.48,596.02,True
2023-03-29,Wednesday,DOWN,Bear Put Spread,True,STOP,14,-504.75,174.1,-678.85,False
2023-03-29,Wednesday,DOWN,Iron Condor,False,NOSIM,0,0.0,0.0,0.0,False
2023-03-31,Friday,UP,Bull Call Spread,True,TARGET,1,720.0,170.46,549.54,True
2023-03-31,Friday,UP,Bear Put Spread,False,STOP,1,-178.75,169.88,-348.63,False
2023-03-31,Friday,UP,Iron Condor,False,NOSIM,0,0.0,0.0,0.0,False
2023-04-03,Monday,UP,Bull Call Spread,True,STOP,24,-505.0,176.61,-681.61,False
2023-04-03,Monday,UP,Bear Put Spread,False,EOD,75,162.0,178.48,-16.48,False
2023-04-03,Monday,UP,Iron Condor,False,EOD,75,35.75,340.48,-304.73,False
2023-04-05,Wednesday,FLAT,Bull Call Spread,False,TARGET,68,1011.5,175.17,836.33,True
2023-04-05,Wednesday,FLAT,Bear Put Spread,False,STOP,7,-385.5,173.43,-558.93,False
2023-04-05,Wednesday,FLAT,Iron Condor,True,STOP,14,-126.0,339.11,-465.11,False
2023-04-06,Thursday,UP,Bull Call Spread,True,TARGET,18,662.25,171.88,490.37,True
2023-04-06,Thursday,UP,Bear Put Spread,False,STOP,11,-475.0,172.95,-647.95,False
2023-04-06,Thursday,UP,Iron Condor,False,EOD,75,200.0,341.06,-141.06,False
2023-04-10,Monday,UP,Bull Call Spread,True,STOP,4,-189.5,170.45,-359.95,False
2023-04-10,Monday,UP,Bear Put Spread,False,STOP,33,-397.25,171.29,-568.54,False
2023-04-10,Monday,UP,Iron Condor,False,NOSIM,0,0.0,0.0,0.0,False
2023-04-11,Tuesday,FLAT,Bull Call Spread,False,EOD,75,92.75,174.74,-81.99,False
2023-04-11,Tuesday,FLAT,Bear Put Spread,False,EOD,75,-88.75,174.34,-263.09,False
2023-04-11,Tuesday,FLAT,Iron Condor,True,EOD,75,43.25,341.13,-297.88,False
2023-04-12,Wednesday,UP,Bull Call Spread,True,EOD,75,555.25,173.61,381.64,True
2023-04-12,Wednesday,UP,Bear Put Spread,False,STOP,53,-437.75,172.9,-610.65,False
2023-04-12,Wednesday,UP,Iron Condor,False,EOD,75,213.25,341.08,-127.83,False
2023-04-13,Thursday,UP,Bull Call Spread,True,STOP,20,-393.25,172.65,-565.9,False
2023-04-13,Thursday,UP,Bear Put Spread,False,TARGET,37,762.25,172.14,590.11,True
2023-04-13,Thursday,UP,Iron Condor,False,EOD,75,46.25,339.68,-293.43,False
2023-04-17,Monday,FLAT,Bull Call Spread,False,STOP,1,-1027.25,172.1,-1199.35,False
2023-04-17,Monday,FLAT,Bear Put Spread,False,TARGET,1,2362.75,171.29,2191.46,True
2023-04-17,Monday,FLAT,Iron Condor,True,NOSIM,0,0.0,0.0,0.0,False
2023-04-18,Tuesday,DOWN,Bull Call Spread,False,STOP,8,-661.75,175.02,-836.77,False
2023-04-18,Tuesday,DOWN,Bear Put Spread,True,TARGET,13,855.0,173.72,681.28,True
2023-04-18,Tuesday,DOWN,Iron Condor,False,EOD,75,-631.75,342.08,-973.83,False
2023-04-19,Wednesday,DOWN,Bull Call Spread,False,STOP,54,-476.25,173.17,-649.42,False
2023-04-19,Wednesday,DOWN,Bear Put Spread,True,EOD,75,410.0,172.91,237.09,True
2023-04-19,Wednesday,DOWN,Iron Condor,False,EOD,75,112.5,341.6,-229.1,False
2023-04-20,Thursday,DOWN,Bull Call Spread,False,STOP,16,-354.25,171.67,-525.92,False
2023-04-20,Thursday,DOWN,Bear Put Spread,True,STOP,5,-400.25,172.4,-572.65,False
2023-04-20,Thursday,DOWN,Iron Condor,False,EOD,75,47.75,340.23,-292.48,False
2023-04-21,Friday,FLAT,Bull Call Spread,False,TARGET,3,264.25,169.93,94.32,True
2023-04-21,Friday,FLAT,Bear Put Spread,False,STOP,3,-260.75,170.5,-431.25,False
2023-04-21,Friday,FLAT,Iron Condor,True,NOSIM,0,0.0,0.0,0.0,False
2023-04-24,Monday,FLAT,Bull Call Spread,False,STOP,5,-488.0,175.39,-663.39,False
2023-04-24,Monday,FLAT,Bear Put Spread,False,EOD,75,-266.0,174.76,-440.76,False
2023-04-24,Monday,FLAT,Iron Condor,True,NOSIM,0,0.0,0.0,0.0,False
2023-04-25,Tuesday,UP,Bull Call Spread,True,EOD,75,-10.25,173.99,-184.24,False
2023-04-25,Tuesday,UP,Bear Put Spread,False,EOD,75,9.75,173.12,-163.37,False
2023-04-25,Tuesday,UP,Iron Condor,False,NOSIM,0,0.0,0.0,0.0,False
2023-04-26,Wednesday,FLAT,Bull Call Spread,False,STOP,7,-483.75,173.09,-656.84,False
2023-04-26,Wednesday,FLAT,Bear Put Spread,False,STOP,71,-340.0,171.91,-511.91,False
2023-04-26,Wednesday,FLAT,Iron Condor,True,EOD,75,195.25,340.23,-144.98,False
2023-04-27,Thursday,UP,Bull Call Spread,True,TARGET,50,761.5,172.11,589.39,True
2023-04-27,Thursday,UP,Bear Put Spread,False,STOP,16,-275.5,171.29,-446.79,False
2023-04-27,Thursday,UP,Iron Condor,False,EOD,75,-143.5,339.22,-482.72,False
2023-04-28,Friday,UP,Bull Call Spread,True,STOP,1,-207.75,170.18,-377.93,False
2023-04-28,Friday,UP,Bear Put Spread,False,TARGET,1,343.5,170.15,173.35,True
2023-04-28,Friday,UP,Iron Condor,False,NOSIM,0,0.0,0.0,0.0,False
2023-05-02,Tuesday,UP,Bull Call Spread,True,EOD,75,93.0,175.17,-82.17,False
2023-05-02,Tuesday,UP,Bear Put Spread,False,EOD,75,-80.25,173.24,-253.49,False
2023-05-02,Tuesday,UP,Iron Condor,False,NOSIM,0,0.0,0.0,0.0,False
2023-05-03,Wednesday,FLAT,Bull Call Spread,False,STOP,56,-508.0,173.88,-681.88,False
2023-05-03,Wednesday,FLAT,Bear Put Spread,False,EOD,75,269.75,172.86,96.89,True
2023-05-03,Wednesday,FLAT,Iron Condor,True,EOD,75,140.75,340.51,-199.76,False
2023-05-04,Thursday,FLAT,Bull Call Spread,False,TARGET,22,672.25,172.19,500.06,True
2023-05-04,Thursday,FLAT,Bear Put Spread,False,STOP,10,-452.5,173.5,-626.0,False
2023-05-04,Thursday,FLAT,Iron Condor,True,EOD,75,-723.75,340.92,-1064.67,False
2023-05-05,Friday,UP,Bull Call Spread,True,TARGET,1,741.25,171.22,570.03,True
2023-05-05,Friday,UP,Bear Put Spread,False,STOP,1,-262.75,170.26,-433.01,False
2023-05-05,Friday,UP,Iron Condor,False,NOSIM,0,0.0,0.0,0.0,False
2023-05-08,Monday,DOWN,Bull Call Spread,False,EOD,75,954.5,177.15,777.35,True
2023-05-08,Monday,DOWN,Bear Put Spread,True,STOP,7,-474.25,175.39,-649.64,False
2023-05-08,Monday,DOWN,Iron Condor,False,NOSIM,0,0.0,0.0,0.0,False
2023-05-09,Tuesday,UP,Bull Call Spread,True,EOD,75,-322.25,174.59,-496.84,False
2023-05-09,Tuesday,UP,Bear Put Spread,False,EOD,75,351.75,174.3,177.45,True
2023-05-09,Tuesday,UP,Iron Condor,False,EOD,75,-154.0,341.62,-495.62,False
2023-05-10,Wednesday,FLAT,Bull Call Spread,False,STOP,6,-584.0,173.94,-757.94,False
2023-05-10,Wednesday,FLAT,Bear Put Spread,False,TARGET,9,796.75,172.93,623.82,True
2023-05-10,Wednesday,FLAT,Iron Condor,True,NOSIM,0,0.0,0.0,0.0,False
2023-05-11,Thursday,FLAT,Bull Call Spread,False,STOP,3,-473.25,172.72,-645.97,False
2023-05-11,Thursday,FLAT,Bear Put Spread,False,TARGET,68,732.5,172.18,560.32,True
2023-05-11,Thursday,FLAT,Iron Condor,True,EOD,75,-67.25,339.56,-406.81,False
2023-05-12,Friday,FLAT,Bull Call Spread,False,STOP,2,-605.5,171.78,-777.28,False
2023-05-12,Friday,FLAT,Bear Put Spread,False,TARGET,2,622.0,170.43,451.57,True
2023-05-12,Friday,FLAT,Iron Condor,True,EOD,75,-344.75,340.11,-684.86,False
2023-05-15,Monday,FLAT,Bull Call Spread,False,EOD,75,289.5,175.67,113.83,True
2023-05-15,Monday,FLAT,Bear Put Spread,False,STOP,41,-530.25,176.52,-706.77,False
2023-05-15,Monday,FLAT,Iron Condor,True,NOSIM,0,0.0,0.0,0.0,False
2023-05-16,Tuesday,UP,Bull Call Spread,True,STOP,4,-426.0,173.93,-599.93,False
2023-05-16,Tuesday,UP,Bear Put Spread,False,TARGET,70,1011.0,175.29,835.71,True
2023-05-16,Tuesday,UP,Iron Condor,False,EOD,75,-342.5,343.41,-685.91,False
2023-05-17,Wednesday,DOWN,Bull Call Spread,False,STOP,15,-444.0,173.71,-617.71,False
2023-05-17,Wednesday,DOWN,Bear Put Spread,True,TARGET,28,861.5,173.66,687.84,True
2023-05-17,Wednesday,DOWN,Iron Condor,False,NOSIM,0,0.0,0.0,0.0,False
2023-05-18,Thursday,DOWN,Bull Call Spread,False,STOP,5,-345.5,171.67,-517.17,False
2023-05-18,Thursday,DOWN,Bear Put Spread,True,TARGET,10,802.25,172.48,629.77,True
2023-05-18,Thursday,DOWN,Iron Condor,False,TARGET,5,117.25,339.36,-222.11,False
2023-05-19,Friday,DOWN,Bull Call Spread,False,STOP,1,-329.5,170.96,-500.46,False
2023-05-19,Friday,DOWN,Bear Put Spread,True,TARGET,4,1004.25,171.78,832.47,True
2023-05-19,Friday,DOWN,Iron Condor,False,STOP,4,-382.0,339.42,-721.42,False
2023-05-22,Monday,FLAT,Bull Call Spread,False,EOD,75,717.25,175.53,541.72,True
2023-05-22,Monday,FLAT,Bear Put Spread,False,STOP,6,-504.75,175.41,-680.16,False
2023-05-22,Monday,FLAT,Iron Condor,True,NOSIM,0,0.0,0.0,0.0,False
2023-05-23,Tuesday,UP,Bull Call Spread,True,EOD,75,-222.75,174.77,-397.52,False
2023-05-23,Tuesday,UP,Bear Put Spread,False,EOD,75,225.25,173.76,51.49,True
2023-05-23,Tuesday,UP,Iron Condor,False,EOD,75,-1.75,341.18,-342.93,False
2023-05-24,Wednesday,FLAT,Bull Call Spread,False,TARGET,19,817.25,172.92,644.33,True
2023-05-24,Wednesday,FLAT,Bear Put Spread,False,STOP,9,-453.25,173.28,-626.53,False
2023-05-24,Wednesday,FLAT,Iron Condor,True,NOSIM,0,0.0,0.0,0.0,False
2023-05-25,Thursday,FLAT,Bull Call Spread,False,STOP,25,-420.0,172.53,-592.53,False
2023-05-25,Thursday,FLAT,Bear Put Spread,False,TARGET,27,545.0,171.32,373.68,True
2023-05-25,Thursday,FLAT,Iron Condor,True,EOD,75,-19.75,340.0,-359.75,False
2023-05-26,Friday,UP,Bull Call Spread,True,STOP,1,-271.5,170.8,-442.3,False
2023-05-26,Friday,UP,Bear Put Spread,False,TARGET,1,174.75,169.78,4.97,True
2023-05-26,Friday,UP,Iron Condor,False,NOSIM,0,0.0,0.0,0.0,False
2023-05-29,Monday,UP,Bull Call Spread,True,EOD,75,-115.25,176.92,-292.17,False
2023-05-29,Monday,UP,Bear Put Spread,False,EOD,75,112.0,175.3,-63.3,False
2023-05-29,Monday,UP,Iron Condor,False,EOD,75,-12.75,339.51,-352.26,False
2023-05-30,Tuesday,FLAT,Bull Call Spread,False,EOD,75,250.5,175.04,75.46,True
2023-05-30,Tuesday,FLAT,Bear Put Spread,False,EOD,75,-228.25,174.49,-402.74,False
2023-05-30,Tuesday,FLAT,Iron Condor,True,EOD,75,-76.75,339.99,-416.74,False
2023-05-31,Wednesday,UP,Bull Call Spread,True,STOP,16,-429.25,173.25,-602.5,False
2023-05-31,Wednesday,UP,Bear Put Spread,False,TARGET,32,942.25,173.66,768.59,True
2023-05-31,Wednesday,UP,Iron Condor,False,EOD,75,24.75,339.27,-314.52,False
2023-06-01,Thursday,DOWN,Bull Call Spread,False,STOP,3,-415.0,172.82,-587.82,False
2023-06-01,Thursday,DOWN,Bear Put Spread,True,TARGET,73,1026.25,174.33,851.92,True
2023-06-01,Thursday,DOWN,Iron Condor,False,NOSIM,0,0.0,0.0,0.0,False
2023-06-02,Friday,DOWN,Bull Call Spread,False,STOP,8,-310.5,170.86,-481.36,False
2023-06-02,Friday,DOWN,Bear Put Spread,True,TARGET,8,436.0,170.82,265.18,True
2023-06-02,Friday,DOWN,Iron Condor,False,NOSIM,0,0.0,0.0,0.0,False
2023-06-05,Monday,FLAT,Bull Call Spread,False,EOD,75,-78.0,176.45,-254.45,False
2023-06-05,Monday,FLAT,Bear Put Spread,False,EOD,75,77.0,175.43,-98.43,False
2023-06-05,Monday,FLAT,Iron Condor,True,EOD,75,-58.75,341.8,-400.55,False
2023-06-06,Tuesday,FLAT,Bull Call Spread,False,STOP,35,-456.5,174.49,-630.99,False
2023-06-06,Tuesday,FLAT,Bear Put Spread,False,EOD,75,-119.75,174.41,-294.16,False
2023-06-06,Tuesday,FLAT,Iron Condor,True,EOD,75,80.75,340.96,-260.21,False
2023-06-07,Wednesday,FLAT,Bull Call Spread,False,EOD,75,656.75,173.54,483.21,True
2023-06-07,Wednesday,FLAT,Bear Put Spread,False,STOP,66,-372.75,172.42,-545.17,False
2023-06-07,Wednesday,FLAT,Iron Condor,True,NOSIM,0,0.0,0.0,0.0,False
2023-06-08,Thursday,UP,Bull Call Spread,True,STOP,44,-293.0,171.76,-464.76,False
2023-06-08,Thursday,UP,Bear Put Spread,False,STOP,19,-491.5,173.43,-664.93,False
2023-06-08,Thursday,UP,Iron Condor,False,STOP,72,-503.5,339.66,-843.16,False
2023-06-09,Friday,DOWN,Bull Call Spread,False,STOP,5,-375.0,171.41,-546.41,False
2023-06-09,Friday,DOWN,Bear Put Spread,True,TARGET,21,565.25,171.06,394.19,True
2023-06-09,Friday,DOWN,Iron Condor,False,NOSIM,0,0.0,0.0,0.0,False
2023-06-12,Monday,DOWN,Bull Call Spread,False,EOD,75,129.0,175.64,-46.64,False
2023-06-12,Monday,DOWN,Bear Put Spread,True,EOD,75,-127.75,176.02,-303.77,False
2023-06-12,Monday,DOWN,Iron Condor,False,NOSIM,0,0.0,0.0,0.0,False
2023-06-13,Tuesday,FLAT,Bull Call Spread,False,EOD,75,673.5,173.81,499.69,True
2023-06-13,Tuesday,FLAT,Bear Put Spread,False,STOP,22,-535.0,175.21,-710.21,False
2023-06-13,Tuesday,FLAT,Iron Condor,True,EOD,75,-99.5,345.62,-445.12,False
2023-06-14,Wednesday,FLAT,Bull Call Spread,False,EOD,75,42.25,173.32,-131.07,False
2023-06-14,Wednesday,FLAT,Bear Put Spread,False,EOD,75,-43.0,173.7,-216.7,False
2023-06-14,Wednesday,FLAT,Iron Condor,True,EOD,75,18.0,342.23,-324.23,False
2023-06-15,Thursday,UP,Bull Call Spread,True,STOP,1,-444.75,172.96,-617.71,False
2023-06-15,Thursday,UP,Bear Put Spread,False,TARGET,28,590.0,171.36,418.64,True
2023-06-15,Thursday,UP,Iron Condor,False,EOD,75,-644.0,340.16,-984.16,False
2023-06-16,Friday,DOWN,Bull Call Spread,False,TARGET,15,925.5,171.99,753.51,True
2023-06-16,Friday,DOWN,Bear Put Spread,True,STOP,3,-228.75,170.62,-399.37,False
2023-06-16,Friday,DOWN,Iron Condor,False,NOSIM,0,0.0,0.0,0.0,False
2023-06-19,Monday,UP,Bull Call Spread,True,STOP,16,-541.25,176.05,-717.3,False
2023-06-19,Monday,UP,Bear Put Spread,False,TARGET,48,833.25,174.16,659.09,True
2023-06-19,Monday,UP,Iron Condor,False,NOSIM,0,0.0,0.0,0.0,False
2023-06-20,Tuesday,DOWN,Bull Call Spread,False,STOP,3,-522.5,174.19,-696.69,False
2023-06-20,Tuesday,DOWN,Bear Put Spread,True,STOP,72,-475.5,173.99,-649.49,False
2023-06-20,Tuesday,DOWN,Iron Condor,False,EOD,75,245.0,342.1,-97.1,False
2023-06-21,Wednesday,FLAT,Bull Call Spread,False,STOP,24,-403.5,172.75,-576.25,False
2023-06-21,Wednesday,FLAT,Bear Put Spread,False,EOD,75,-115.75,172.78,-288.53,False
2023-06-21,Wednesday,FLAT,Iron Condor,True,EOD,75,-2.5,339.78,-342.28,False
2023-06-22,Thursday,FLAT,Bull Call Spread,False,STOP,35,-364.75,172.17,-536.92,False
2023-06-22,Thursday,FLAT,Bear Put Spread,False,TARGET,45,667.5,171.93,495.57,True
2023-06-22,Thursday,FLAT,Iron Condor,True,EOD,75,-603.25,340.36,-943.61,False
2023-06-23,Friday,FLAT,Bull Call Spread,False,STOP,1,-344.75,171.39,-516.14,False
2023-06-23,Friday,FLAT,Bear Put Spread,False,TARGET,2,766.5,171.89,594.61,True
2023-06-23,Friday,FLAT,Iron Condor,True,STOP,5,-915.5,340.03,-1255.53,False
2023-06-26,Monday,DOWN,Bull Call Spread,False,EOD,75,83.25,174.52,-91.27,False
2023-06-26,Monday,DOWN,Bear Put Spread,True,EOD,75,-87.25,175.91,-263.16,False
2023-06-26,Monday,DOWN,Iron Condor,False,EOD,75,-59.75,341.18,-400.93,False
2023-06-27,Tuesday,FLAT,Bull Call Spread,False,EOD,75,594.25,173.88,420.37,True
2023-06-27,Tuesday,FLAT,Bear Put Spread,False,STOP,70,-489.5,173.97,-663.47,False
2023-06-27,Tuesday,FLAT,Iron Condor,True,EOD,75,-131.25,344.6,-475.85,False
2023-06-28,Wednesday,UP,Bull Call Spread,True,STOP,1,-388.5,172.03,-560.53,False
2023-06-28,Wednesday,UP,Bear Put Spread,False,STOP,26,-357.25,171.52,-528.77,False
2023-06-28,Wednesday,UP,Iron Condor,False,NOSIM,0,0.0,0.0,0.0,False
2023-06-30,Friday,UP,Bull Call Spread,True,TARGET,4,264.75,169.73,95.02,True
2023-06-30,Friday,UP,Bear Put Spread,False,STOP,4,-406.5,171.02,-577.52,False
2023-06-30,Friday,UP,Iron Condor,False,NOSIM,0,0.0,0.0,0.0,False
2023-07-03,Monday,UP,Bull Call Spread,True,EOD,75,574.5,175.54,398.96,True
2023-07-03,Monday,UP,Bear Put Spread,False,STOP,8,-497.25,175.8,-673.05,False
2023-07-03,Monday,UP,Iron Condor,False,EOD,75,-104.5,340.38,-444.88,False
2023-07-04,Tuesday,UP,Bull Call Spread,True,STOP,8,-480.25,175.45,-655.7,False
2023-07-04,Tuesday,UP,Bear Put Spread,False,EOD,75,147.25,174.89,-27.64,False
2023-07-04,Tuesday,UP,Iron Condor,False,EOD,75,-3.75,344.13,-347.88,False
2023-07-05,Wednesday,FLAT,Bull Call Spread,False,STOP,66,-452.75,173.99,-626.74,False
2023-07-05,Wednesday,FLAT,Bear Put Spread,False,EOD,75,-74.25,173.52,-247.77,False
2023-07-05,Wednesday,FLAT,Iron Condor,True,NOSIM,0,0.0,0.0,0.0,False
2023-07-06,Thursday,UP,Bull Call Spread,True,TARGET,15,708.0,172.36,535.64,True
2023-07-06,Thursday,UP,Bear Put Spread,False,STOP,11,-506.25,173.35,-679.6,False
2023-07-06,Thursday,UP,Iron Condor,False,EOD,75,-296.5,340.93,-637.43,False
2023-07-07,Friday,UP,Bull Call Spread,True,TARGET,2,893.25,171.65,721.6,True
2023-07-07,Friday,UP,Bear Put Spread,False,STOP,1,-209.25,170.36,-379.61,False
2023-07-07,Friday,UP,Iron Condor,False,NOSIM,0,0.0,0.0,0.0,False
2023-07-10,Monday,DOWN,Bull Call Spread,False,EOD,75,-192.0,176.52,-368.52,False
2023-07-10,Monday,DOWN,Bear Put Spread,True,EOD,75,201.5,176.46,25.04,True
2023-07-10,Monday,DOWN,Iron Condor,False,NOSIM,0,0.0,0.0,0.0,False
2023-07-11,Tuesday,FLAT,Bull Call Spread,False,EOD,75,147.75,173.93,-26.18,False
2023-07-11,Tuesday,FLAT,Bear Put Spread,False,STOP,26,-519.5,175.72,-695.22,False
2023-07-11,Tuesday,FLAT,Iron Condor,True,EOD,75,11.25,346.19,-334.94,False
2023-07-12,Wednesday,UP,Bull Call Spread,True,STOP,2,-412.5,173.16,-585.66,False
2023-07-12,Wednesday,UP,Bear Put Spread,False,TARGET,34,914.25,173.33,740.92,True
2023-07-12,Wednesday,UP,Iron Condor,False,NOSIM,0,0.0,0.0,0.0,False
2023-07-13,Thursday,DOWN,Bull Call Spread,False,TARGET,31,709.75,172.34,537.41,True
2023-07-13,Thursday,DOWN,Bear Put Spread,True,STOP,9,-424.75,172.66,-597.41,False
2023-07-13,Thursday,DOWN,Iron Condor,False,NOSIM,0,0.0,0.0,0.0,False
2023-07-14,Friday,DOWN,Bull Call Spread,False,STOP,2,-264.0,170.54,-434.54,False
2023-07-14,Friday,DOWN,Bear Put Spread,True,TARGET,2,471.75,170.9,300.85,True
2023-07-14,Friday,DOWN,Iron Condor,False,STOP,2,-58.5,338.97,-397.47,False
2023-07-17,Monday,UP,Bull Call Spread,True,EOD,75,749.75,176.04,573.71,True
2023-07-17,Monday,UP,Bear Put Spread,False,STOP,70,-456.25,175.03,-631.28,False
2023-07-17,Monday,UP,Iron Condor,False,EOD,75,269.75,341.6,-71.85,False
2023-07-18,Tuesday,UP,Bull Call Spread,True,STOP,30,-486.25,174.62,-660.87,False
2023-07-18,Tuesday,UP,Bear Put Spread,False,EOD,75,263.0,175.6,87.4,True
2023-07-18,Tuesday,UP,Iron Condor,False,EOD,75,-42.25,340.84,-383.09,False
2023-07-19,Wednesday,FLAT,Bull Call Spread,False,STOP,25,-458.0,174.37,-632.37,False
2023-07-19,Wednesday,FLAT,Bear Put Spread,False,EOD,75,-316.75,174.13,-490.88,False
2023-07-19,Wednesday,FLAT,Iron Condor,True,EOD,75,-51.25,340.13,-391.38,False
2023-07-20,Thursday,FLAT,Bull Call Spread,False,STOP,6,-380.25,171.9,-552.15,False
2023-07-20,Thursday,FLAT,Bear Put Spread,False,STOP,40,-446.5,173.13,-619.63,False
2023-07-20,Thursday,FLAT,Iron Condor,True,EOD,75,-13.0,341.21,-354.21,False
2023-07-21,Friday,UP,Bull Call Spread,True,TARGET,1,403.0,170.34,232.66,True
2023-07-21,Friday,UP,Bear Put Spread,False,STOP,1,-239.5,170.31,-409.81,False
2023-07-21,Friday,UP,Iron Condor,False,NOSIM,0,0.0,0.0,0.0,False
2023-07-24,Monday,DOWN,Bull Call Spread,False,EOD,75,-408.5,178.2,-586.7,False
2023-07-24,Monday,DOWN,Bear Put Spread,True,EOD,75,445.25,178.3,266.95,True
2023-07-24,Monday,DOWN,Iron Condor,False,EOD,75,279.25,342.7,-63.45,False
2023-07-25,Tuesday,DOWN,Bull Call Spread,False,STOP,50,-505.5,175.4,-680.9,False
2023-07-25,Tuesday,DOWN,Bear Put Spread,True,EOD,75,329.5,177.1,152.4,True
2023-07-25,Tuesday,DOWN,Iron Condor,False,EOD,75,250.0,343.17,-93.17,False
2023-07-26,Wednesday,DOWN,Bull Call Spread,False,EOD,75,307.0,173.65,133.35,True
2023-07-26,Wednesday,DOWN,Bear Put Spread,True,STOP,11,-527.0,174.91,-701.91,False
2023-07-26,Wednesday,DOWN,Iron Condor,False,EOD,75,-200.0,341.98,-541.98,False
2023-07-27,Thursday,UP,Bull Call Spread,True,STOP,18,-401.0,173.08,-574.08,False
2023-07-27,Thursday,UP,Bear Put Spread,False,TARGET,25,847.25,173.0,674.25,True
2023-07-27,Thursday,UP,Iron Condor,False,STOP,46,-679.75,340.0,-1019.75,False
2023-07-28,Friday,DOWN,Bull Call Spread,False,STOP,1,-337.25,170.53,-507.78,False
2023-07-28,Friday,DOWN,Bear Put Spread,True,TARGET,1,426.5,169.99,256.51,True
2023-07-28,Friday,DOWN,Iron Condor,False,STOP,2,-115.5,339.04,-454.54,False
2023-07-31,Monday,FLAT,Bull Call Spread,False,EOD,75,435.75,178.0,257.75,True
2023-07-31,Monday,FLAT,Bear Put Spread,False,STOP,70,-482.75,176.56,-659.31,False
2023-07-31,Monday,FLAT,Iron Condor,True,EOD,75,-5.25,347.63,-352.88,False
2023-08-01,Tuesday,UP,Bull Call Spread,True,STOP,43,-456.0,174.92,-630.92,False
2023-08-01,Tuesday,UP,Bear Put Spread,False,EOD,75,335.75,176.2,159.55,True
2023-08-01,Tuesday,UP,Iron Condor,False,NOSIM,0,0.0,0.0,0.0,False
2023-08-02,Wednesday,FLAT,Bull Call Spread,False,STOP,16,-564.5,174.26,-738.76,False
2023-08-02,Wednesday,FLAT,Bear Put Spread,False,TARGET,22,1024.75,173.83,850.92,True
2023-08-02,Wednesday,FLAT,Iron Condor,True,EOD,75,-803.0,342.8,-1145.8,False
2023-08-03,Thursday,DOWN,Bull Call Spread,False,STOP,41,-478.5,174.5,-653.0,False
2023-08-03,Thursday,DOWN,Bear Put Spread,True,STOP,3,-398.5,173.44,-571.94,False
2023-08-03,Thursday,DOWN,Iron Condor,False,NOSIM,0,0.0,0.0,0.0,False
2023-08-04,Friday,DOWN,Bull Call Spread,False,TARGET,31,819.0,172.19,646.81,True
2023-08-04,Friday,DOWN,Bear Put Spread,True,STOP,25,-304.5,171.38,-475.88,False
2023-08-04,Friday,DOWN,Iron Condor,False,NOSIM,0,0.0,0.0,0.0,False
2023-08-07,Monday,UP,Bull Call Spread,True,EOD,75,125.0,175.61,-50.61,False
2023-08-07,Monday,UP,Bear Put Spread,False,EOD,75,-129.75,177.53,-307.28,False
2023-08-07,Monday,UP,Iron Condor,False,NOSIM,0,0.0,0.0,0.0,False
2023-08-08,Tuesday,UP,Bull Call Spread,True,STOP,24,-408.0,173.97,-581.97,False
2023-08-08,Tuesday,UP,Bear Put Spread,False,EOD,75,434.5,175.75,258.75,True
2023-08-08,Tuesday,UP,Iron Condor,False,EOD,75,-267.0,340.77,-607.77,False
2023-08-09,Wednesday,DOWN,Bull Call Spread,False,STOP,3,-375.0,173.07,-548.07,False
2023-08-09,Wednesday,DOWN,Bear Put Spread,True,EOD,75,-417.0,174.64,-591.64,False
2023-08-09,Wednesday,DOWN,Iron Condor,False,NOSIM,0,0.0,0.0,0.0,False
2023-08-10,Thursday,UP,Bull Call Spread,True,STOP,14,-413.75,172.9,-586.65,False
2023-08-10,Thursday,UP,Bear Put Spread,False,TARGET,16,955.75,172.5,783.25,True
2023-08-10,Thursday,UP,Iron Condor,False,STOP,18,-607.5,339.93,-947.43,False
2023-08-11,Friday,FLAT,Bull Call Spread,False,STOP,1,-540.0,171.28,-711.28,False
2023-08-11,Friday,FLAT,Bear Put Spread,False,TARGET,1,830.0,171.03,658.97,True
2023-08-11,Friday,FLAT,Iron Condor,True,NOSIM,0,0.0,0.0,0.0,False
2023-08-14,Monday,DOWN,Bull Call Spread,False,STOP,1,-456.25,175.24,-631.49,False
2023-08-14,Monday,DOWN,Bear Put Spread,True,EOD,75,-191.75,176.54,-368.29,False
2023-08-14,Monday,DOWN,Iron Condor,False,NOSIM,0,0.0,0.0,0.0,False
2023-08-16,Wednesday,FLAT,Bull Call Spread,False,EOD,75,642.0,175.07,466.93,True
2023-08-16,Wednesday,FLAT,Bear Put Spread,False,STOP,49,-433.25,173.58,-606.83,False
2023-08-16,Wednesday,FLAT,Iron Condor,True,NOSIM,0,0.0,0.0,0.0,False
2023-08-17,Thursday,UP,Bull Call Spread,True,STOP,4,-448.5,172.51,-621.01,False
2023-08-17,Thursday,UP,Bear Put Spread,False,TARGET,25,871.5,172.46,699.04,True
2023-08-17,Thursday,UP,Iron Condor,False,STOP,45,-464.25,339.58,-803.83,False
2023-08-18,Friday,FLAT,Bull Call Spread,False,TARGET,3,398.25,170.27,227.98,True
2023-08-18,Friday,FLAT,Bear Put Spread,False,STOP,2,-136.5,170.17,-306.67,False
2023-08-18,Friday,FLAT,Iron Condor,True,NOSIM,0,0.0,0.0,0.0,False
2023-08-21,Monday,FLAT,Bull Call Spread,False,EOD,75,397.5,176.87,220.63,True
2023-08-21,Monday,FLAT,Bear Put Spread,False,STOP,46,-440.75,175.13,-615.88,False
2023-08-21,Monday,FLAT,Iron Condor,True,NOSIM,0,0.0,0.0,0.0,False
2023-08-22,Tuesday,UP,Bull Call Spread,True,EOD,75,-206.25,175.07,-381.32,False
2023-08-22,Tuesday,UP,Bear Put Spread,False,EOD,75,203.5,173.72,29.78,True
2023-08-22,Tuesday,UP,Iron Condor,False,NOSIM,0,0.0,0.0,0.0,False
2023-08-23,Wednesday,FLAT,Bull Call Spread,False,STOP,8,-479.5,172.98,-652.48,False
2023-08-23,Wednesday,FLAT,Bear Put Spread,False,EOD,75,-27.25,173.76,-201.01,False
2023-08-23,Wednesday,FLAT,Iron Condor,True,NOSIM,0,0.0,0.0,0.0,False
2023-08-24,Thursday,FLAT,Bull Call Spread,False,STOP,21,-304.25,171.66,-475.91,False
2023-08-24,Thursday,FLAT,Bear Put Spread,False,STOP,7,-440.0,172.62,-612.62,False
2023-08-24,Thursday,FLAT,Iron Condor,True,NOSIM,0,0.0,0.0,0.0,False
2023-08-25,Friday,DOWN,Bull Call Spread,False,STOP,1,-213.5,170.15,-383.65,False
2023-08-25,Friday,DOWN,Bear Put Spread,True,TARGET,1,416.5,170.29,246.21,True
2023-08-25,Friday,DOWN,Iron Condor,False,NOSIM,0,0.0,0.0,0.0,False
2023-08-28,Monday,DOWN,Bull Call Spread,False,EOD,75,25.75,176.57,-150.82,False
2023-08-28,Monday,DOWN,Bear Put Spread,True,EOD,75,-25.75,176.67,-202.42,False
2023-08-28,Monday,DOWN,Iron Condor,False,EOD,75,-6.0,341.33,-347.33,False
2023-08-29,Tuesday,FLAT,Bull Call Spread,False,EOD,75,-165.25,175.67,-340.92,False
2023-08-29,Tuesday,FLAT,Bear Put Spread,False,EOD,75,156.5,173.7,-17.2,False
2023-08-29,Tuesday,FLAT,Iron Condor,True,EOD,75,-40.0,343.42,-383.42,False
2023-08-30,Wednesday,FLAT,Bull Call Spread,False,STOP,68,-419.75,172.41,-592.16,False
2023-08-30,Wednesday,FLAT,Bear Put Spread,False,TARGET,72,909.75,173.57,736.18,True
2023-08-30,Wednesday,FLAT,Iron Condor,True,EOD,75,-90.25,341.24,-431.49,False
2023-08-31,Thursday,DOWN,Bull Call Spread,False,STOP,3,-393.25,171.09,-564.34,False
2023-08-31,Thursday,DOWN,Bear Put Spread,True,TARGET,22,853.75,172.63,681.12,True
2023-08-31,Thursday,DOWN,Iron Condor,False,STOP,48,-735.25,339.85,-1075.1,False
2023-09-01,Friday,DOWN,Bull Call Spread,False,TARGET,1,674.5,170.47,504.03,True
2023-09-01,Friday,DOWN,Bear Put Spread,True,STOP,1,-215.5,170.01,-385.51,False
2023-09-01,Friday,DOWN,Iron Condor,False,NOSIM,0,0.0,0.0,0.0,False
2023-09-04,Monday,UP,Bull Call Spread,True,STOP,17,-496.5,174.91,-671.41,False
2023-09-04,Monday,UP,Bear Put Spread,False,EOD,75,-64.5,176.94,-241.44,False
2023-09-04,Monday,UP,Iron Condor,False,EOD,75,-28.25,343.76,-372.01,False
2023-09-05,Tuesday,FLAT,Bull Call Spread,False,EOD,75,107.75,174.57,-66.82,False
2023-09-05,Tuesday,FLAT,Bear Put Spread,False,EOD,75,-97.25,173.44,-270.69,False
2023-09-05,Tuesday,FLAT,Iron Condor,True,EOD,75,-16.0,340.9,-356.9,False
2023-09-06,Wednesday,FLAT,Bull Call Spread,False,STOP,41,-371.25,172.46,-543.71,False
2023-09-06,Wednesday,FLAT,Bear Put Spread,False,EOD,75,-336.5,173.79,-510.29,False
2023-09-06,Wednesday,FLAT,Iron Condor,True,NOSIM,0,0.0,0.0,0.0,False
2023-09-07,Thursday,FLAT,Bull Call Spread,False,STOP,2,-365.0,171.8,-536.8,False
2023-09-07,Thursday,FLAT,Bear Put Spread,False,STOP,24,-372.75,171.87,-544.62,False
2023-09-07,Thursday,FLAT,Iron Condor,True,STOP,65,-834.0,339.83,-1173.83,False
2023-09-08,Friday,UP,Bull Call Spread,True,STOP,14,-370.5,171.11,-541.61,False
2023-09-08,Friday,UP,Bear Put Spread,False,STOP,4,-71.5,169.73,-241.23,False
2023-09-08,Friday,UP,Iron Condor,False,NOSIM,0,0.0,0.0,0.0,False
2023-09-11,Monday,UP,Bull Call Spread,True,EOD,75,723.5,175.62,547.88,True
2023-09-11,Monday,UP,Bear Put Spread,False,STOP,70,-590.5,176.42,-766.92,False
2023-09-11,Monday,UP,Iron Condor,False,EOD,75,-489.25,342.5,-831.75,False
2023-09-12,Tuesday,UP,Bull Call Spread,True,STOP,5,-523.5,175.72,-699.22,False
2023-09-12,Tuesday,UP,Bear Put Spread,False,TARGET,8,1199.25,174.87,1024.38,True
2023-09-12,Tuesday,UP,Iron Condor,False,NOSIM,0,0.0,0.0,0.0,False
2023-09-13,Wednesday,DOWN,Bull Call Spread,False,EOD,75,580.5,174.02,406.48,True
2023-09-13,Wednesday,DOWN,Bear Put Spread,True,STOP,39,-487.25,174.81,-662.06,False
2023-09-13,Wednesday,DOWN,Iron Condor,False,EOD,75,-104.0,343.02,-447.02,False
2023-09-14,Thursday,UP,Bull Call Spread,True,STOP,19,-376.0,172.65,-548.65,False
2023-09-14,Thursday,UP,Bear Put Spread,False,EOD,75,243.5,174.25,69.25,True
2023-09-14,Thursday,UP,Iron Condor,False,NOSIM,0,0.0,0.0,0.0,False
2023-09-15,Friday,FLAT,Bull Call Spread,False,TARGET,35,569.25,171.02,398.23,True
2023-09-15,Friday,FLAT,Bear Put Spread,False,STOP,22,-203.25,170.66,-373.91,False
2023-09-15,Friday,FLAT,Iron Condor,True,NOSIM,0,0.0,0.0,0.0,False
2023-09-18,Monday,FLAT,Bull Call Spread,False,EOD,75,-204.75,176.09,-380.84,False
2023-09-18,Monday,FLAT,Bear Put Spread,False,EOD,75,212.25,175.57,36.68,True
2023-09-18,Monday,FLAT,Iron Condor,True,EOD,75,-10.75,347.99,-358.74,False
2023-09-20,Wednesday,FLAT,Bull Call Spread,False,STOP,54,-402.5,173.57,-576.07,False
2023-09-20,Wednesday,FLAT,Bear Put Spread,False,EOD,75,590.5,175.04,415.46,True
2023-09-20,Wednesday,FLAT,Iron Condor,True,NOSIM,0,0.0,0.0,0.0,False
2023-09-21,Thursday,DOWN,Bull Call Spread,False,STOP,7,-409.25,172.47,-581.72,False
2023-09-21,Thursday,DOWN,Bear Put Spread,True,TARGET,11,1033.25,173.11,860.14,True
2023-09-21,Thursday,DOWN,Iron Condor,False,NOSIM,0,0.0,0.0,0.0,False
2023-09-22,Friday,DOWN,Bull Call Spread,False,TARGET,2,562.0,170.9,391.1,True
2023-09-22,Friday,DOWN,Bear Put Spread,True,STOP,1,-344.5,171.2,-515.7,False
2023-09-22,Friday,DOWN,Iron Condor,False,NOSIM,0,0.0,0.0,0.0,False
2023-09-25,Monday,FLAT,Bull Call Spread,False,EOD,75,-19.75,175.56,-195.31,False
2023-09-25,Monday,FLAT,Bear Put Spread,False,EOD,75,21.0,177.36,-156.36,False
2023-09-25,Monday,FLAT,Iron Condor,True,EOD,75,15.0,342.0,-327.0,False
2023-09-26,Tuesday,FLAT,Bull Call Spread,False,EOD,75,-63.0,174.15,-237.15,False
2023-09-26,Tuesday,FLAT,Bear Put Spread,False,EOD,75,69.0,175.49,-106.49,False
2023-09-26,Tuesday,FLAT,Iron Condor,True,EOD,75,42.5,340.91,-298.41,False
2023-09-27,Wednesday,FLAT,Bull Call Spread,False,STOP,10,-384.5,173.14,-557.64,False
2023-09-27,Wednesday,FLAT,Bear Put Spread,False,STOP,51,-473.0,174.08,-647.08,False
2023-09-27,Wednesday,FLAT,Iron Condor,True,TARGET,11,152.75,339.58,-186.83,False
2023-09-28,Thursday,UP,Bull Call Spread,True,STOP,5,-530.0,172.55,-702.55,False
2023-09-28,Thursday,UP,Bear Put Spread,False,TARGET,5,629.25,171.77,457.48,True
2023-09-28,Thursday,UP,Iron Condor,False,STOP,67,-1022.25,340.72,-1362.97,False
2023-09-29,Friday,DOWN,Bull Call Spread,False,STOP,2,-60.5,169.82,-230.32,False
2023-09-29,Friday,DOWN,Bear Put Spread,True,STOP,10,-275.0,170.86,-445.86,False
2023-09-29,Friday,DOWN,Iron Condor,False,NOSIM,0,0.0,0.0,0.0,False
2023-10-03,Tuesday,FLAT,Bull Call Spread,False,STOP,1,-553.75,176.63,-730.38,False
2023-10-03,Tuesday,FLAT,Bear Put Spread,False,TARGET,8,870.25,174.77,695.48,True
2023-10-03,Tuesday,FLAT,Iron Condor,True,NOSIM,0,0.0,0.0,0.0,False
2023-10-04,Wednesday,DOWN,Bull Call Spread,False,STOP,4,-470.75,173.86,-644.61,False
2023-10-04,Wednesday,DOWN,Bear Put Spread,True,TARGET,47,892.0,174.12,717.88,True
2023-10-04,Wednesday,DOWN,Iron Condor,False,NOSIM,0,0.0,0.0,0.0,False
2023-10-05,Thursday,FLAT,Bull Call Spread,False,EOD,75,274.75,173.21,101.54,True
2023-10-05,Thursday,FLAT,Bear Put Spread,False,STOP,21,-305.0,171.72,-476.72,False
2023-10-05,Thursday,FLAT,Iron Condor,True,EOD,75,-77.5,340.48,-417.98,False
2023-10-06,Friday,FLAT,Bull Call Spread,False,STOP,1,-262.0,170.96,-432.96,False
2023-10-06,Friday,FLAT,Bear Put Spread,False,TARGET,1,148.0,169.78,-21.78,False
2023-10-06,Friday,FLAT,Iron Condor,True,NOSIM,0,0.0,0.0,0.0,False
2023-10-09,Monday,UP,Bull Call Spread,True,EOD,75,-254.5,175.43,-429.93,False
2023-10-09,Monday,UP,Bear Put Spread,False,EOD,75,282.0,176.27,105.73,True
2023-10-09,Monday,UP,Iron Condor,False,EOD,75,-248.75,343.84,-592.59,False
2023-10-10,Tuesday,DOWN,Bull Call Spread,False,EOD,75,830.75,176.71,654.04,True
2023-10-10,Tuesday,DOWN,Bear Put Spread,True,STOP,35,-453.75,175.39,-629.14,False
2023-10-10,Tuesday,DOWN,Iron Condor,False,EOD,75,95.5,344.16,-248.66,False
2023-10-11,Wednesday,UP,Bull Call Spread,True,EOD,75,314.25,175.56,138.69,True
2023-10-11,Wednesday,UP,Bear Put Spread,False,STOP,17,-428.25,174.19,-602.44,False
2023-10-11,Wednesday,UP,Iron Condor,False,EOD,75,19.75,340.7,-320.95,False
2023-10-12,Thursday,UP,Bull Call Spread,True,EOD,75,-374.5,173.64,-548.14,False
2023-10-12,Thursday,UP,Bear Put Spread,False,EOD,75,366.75,172.04,194.71,True
2023-10-12,Thursday,UP,Iron Condor,False,EOD,75,8.0,339.29,-331.29,False
2023-10-13,Friday,FLAT,Bull Call Spread,False,TARGET,1,980.0,171.03,808.97,True
2023-10-13,Friday,FLAT,Bear Put Spread,False,STOP,1,-461.5,170.78,-632.28,False
2023-10-13,Friday,FLAT,Iron Condor,True,NOSIM,0,0.0,0.0,0.0,False
2023-10-16,Monday,FLAT,Bull Call Spread,False,EOD,75,-36.25,176.29,-212.54,False
2023-10-16,Monday,FLAT,Bear Put Spread,False,EOD,75,37.75,177.35,-139.6,False
2023-10-16,Monday,FLAT,Iron Condor,True,EOD,75,-2.0,349.8,-351.8,False
2023-10-17,Tuesday,FLAT,Bull Call Spread,False,EOD,75,-156.75,175.44,-332.19,False
2023-10-17,Tuesday,FLAT,Bear Put Spread,False,EOD,75,167.5,175.97,-8.47,False
2023-10-17,Tuesday,FLAT,Iron Condor,True,NOSIM,0,0.0,0.0,0.0,False
2023-10-18,Wednesday,FLAT,Bull Call Spread,False,STOP,23,-559.5,174.81,-734.31,False
2023-10-18,Wednesday,FLAT,Bear Put Spread,False,TARGET,24,796.75,173.24,623.51,True
2023-10-18,Wednesday,FLAT,Iron Condor,True,EOD,75,-792.0,340.97,-1132.97,False
2023-10-19,Thursday,DOWN,Bull Call Spread,False,TARGET,27,1014.25,172.46,841.79,True
2023-10-19,Thursday,DOWN,Bear Put Spread,True,STOP,27,-721.25,172.78,-894.03,False
2023-10-19,Thursday,DOWN,Iron Condor,False,NOSIM,0,0.0,0.0,0.0,False
2023-10-20,Friday,FLAT,Bull Call Spread,False,TARGET,1,263.5,170.13,93.37,True
2023-10-20,Friday,FLAT,Bear Put Spread,False,STOP,1,-241.5,170.57,-412.07,False
2023-10-20,Friday,FLAT,Iron Condor,True,NOSIM,0,0.0,0.0,0.0,False
2023-10-23,Monday,FLAT,Bull Call Spread,False,STOP,52,-629.25,177.8,-807.05,False
2023-10-23,Monday,FLAT,Bear Put Spread,False,TARGET,68,912.75,175.93,736.82,True
2023-10-23,Monday,FLAT,Iron Condor,True,STOP,69,-95.0,339.04,-434.04,False
2023-10-25,Wednesday,DOWN,Bull Call Spread,False,STOP,39,-465.75,175.49,-641.24,False
2023-10-25,Wednesday,DOWN,Bear Put Spread,True,TARGET,44,1128.5,176.58,951.92,True
2023-10-25,Wednesday,DOWN,Iron Condor,False,STOP,45,-510.25,339.92,-850.17,False
2023-10-26,Thursday,DOWN,Bull Call Spread,False,STOP,2,-365.5,172.63,-538.13,False
2023-10-26,Thursday,DOWN,Bear Put Spread,True,TARGET,12,1066.75,174.28,892.47,True
2023-10-26,Thursday,DOWN,Iron Condor,False,STOP,21,-1373.0,341.93,-1714.93,False
2023-10-27,Friday,DOWN,Bull Call Spread,False,TARGET,2,645.0,169.75,475.25,True
2023-10-27,Friday,DOWN,Bear Put Spread,True,STOP,2,-567.5,170.93,-738.43,False
2023-10-27,Friday,DOWN,Iron Condor,False,NOSIM,0,0.0,0.0,0.0,False
2023-10-30,Monday,UP,Bull Call Spread,True,EOD,75,502.0,178.61,323.39,True
2023-10-30,Monday,UP,Bear Put Spread,False,EOD,75,-457.25,178.27,-635.52,False
2023-10-30,Monday,UP,Iron Condor,False,EOD,75,-0.0,349.77,-349.77,False
2023-10-31,Tuesday,UP,Bull Call Spread,True,STOP,4,-591.25,175.24,-766.49,False
2023-10-31,Tuesday,UP,Bear Put Spread,False,TARGET,18,1104.25,176.62,927.63,True
2023-10-31,Tuesday,UP,Iron Condor,False,EOD,75,-382.25,340.57,-722.82,False
2023-11-01,Wednesday,DOWN,Bull Call Spread,False,STOP,72,-498.0,175.43,-673.43,False
2023-11-01,Wednesday,DOWN,Bear Put Spread,True,EOD,75,548.25,174.29,373.96,True
2023-11-01,Wednesday,DOWN,Iron Condor,False,EOD,75,-243.0,343.84,-586.84,False
2023-11-02,Thursday,DOWN,Bull Call Spread,False,EOD,75,219.5,174.49,45.01,True
2023-11-02,Thursday,DOWN,Bear Put Spread,True,EOD,75,-183.25,172.98,-356.23,False
2023-11-02,Thursday,DOWN,Iron Condor,False,NOSIM,0,0.0,0.0,0.0,False
2023-11-03,Friday,FLAT,Bull Call Spread,False,EOD,75,-116.25,172.95,-289.2,False
2023-11-03,Friday,FLAT,Bear Put Spread,False,EOD,75,129.5,173.59,-44.09,False
2023-11-03,Friday,FLAT,Iron Condor,True,NOSIM,0,0.0,0.0,0.0,False
2023-11-06,Monday,FLAT,Bull Call Spread,False,EOD,75,410.5,176.34,234.16,True
2023-11-06,Monday,FLAT,Bear Put Spread,False,EOD,75,-380.75,176.66,-557.41,False
2023-11-06,Monday,FLAT,Iron Condor,True,NOSIM,0,0.0,0.0,0.0,False
2023-11-07,Tuesday,UP,Bull Call Spread,True,STOP,32,-482.75,175.01,-657.76,False
2023-11-07,Tuesday,UP,Bear Put Spread,False,EOD,75,-92.25,174.67,-266.92,False
2023-11-07,Tuesday,UP,Iron Condor,False,EOD,75,-6.5,343.64,-350.14,False
2023-11-08,Wednesday,FLAT,Bull Call Spread,False,EOD,75,-98.5,174.3,-272.8,False
2023-11-08,Wednesday,FLAT,Bear Put Spread,False,EOD,75,102.0,174.31,-72.31,False
2023-11-08,Wednesday,FLAT,Iron Condor,True,EOD,75,31.0,343.24,-312.24,False
2023-11-09,Thursday,FLAT,Bull Call Spread,False,STOP,62,-514.0,173.08,-687.08,False
2023-11-09,Thursday,FLAT,Bear Put Spread,False,EOD,75,527.0,172.55,354.45,True
2023-11-09,Thursday,FLAT,Iron Condor,True,EOD,75,141.25,341.4,-200.15,False
2023-11-10,Friday,FLAT,Bull Call Spread,False,TARGET,73,801.25,172.78,628.47,True
2023-11-10,Friday,FLAT,Bear Put Spread,False,STOP,43,-434.75,172.64,-607.39,False
2023-11-10,Friday,FLAT,Iron Condor,True,NOSIM,0,0.0,0.0,0.0,False
2023-11-13,Monday,UP,Bull Call Spread,True,EOD,75,-279.75,175.32,-455.07,False
2023-11-13,Monday,UP,Bear Put Spread,False,EOD,75,314.75,176.38,138.37,True
2023-11-13,Monday,UP,Iron Condor,False,NOSIM,0,0.0,0.0,0.0,False
2023-11-15,Wednesday,FLAT,Bull Call Spread,False,EOD,75,214.0,173.83,40.17,True
2023-11-15,Wednesday,FLAT,Bear Put Spread,False,EOD,75,-199.0,173.71,-372.71,False
2023-11-15,Wednesday,FLAT,Iron Condor,True,NOSIM,0,0.0,0.0,0.0,False
2023-11-16,Thursday,FLAT,Bull Call Spread,False,TARGET,22,1091.5,172.93,918.57,True
2023-11-16,Thursday,FLAT,Bear Put Spread,False,STOP,11,-320.5,171.32,-491.82,False
2023-11-16,Thursday,FLAT,Iron Condor,True,STOP,61,-789.5,340.12,-1129.62,False
2023-11-17,Friday,UP,Bull Call Spread,True,TARGET,1,1351.5,171.35,1180.15,True
2023-11-17,Friday,UP,Bear Put Spread,False,STOP,1,-227.0,169.97,-396.97,False
2023-11-17,Friday,UP,Iron Condor,False,NOSIM,0,0.0,0.0,0.0,False
2023-11-20,Monday,DOWN,Bull Call Spread,False,EOD,75,-205.75,176.18,-381.93,False
2023-11-20,Monday,DOWN,Bear Put Spread,True,EOD,75,226.5,177.75,48.75,True
2023-11-20,Monday,DOWN,Iron Condor,False,EOD,75,-86.5,347.6,-434.1,False
2023-11-21,Tuesday,FLAT,Bull Call Spread,False,EOD,75,67.75,176.49,-108.74,False
2023-11-21,Tuesday,FLAT,Bear Put Spread,False,EOD,75,-62.5,174.76,-237.26,False
2023-11-21,Tuesday,FLAT,Iron Condor,True,EOD,75,-62.5,343.95,-406.45,False
2023-11-22,Wednesday,FLAT,Bull Call Spread,False,STOP,38,-406.5,173.31,-579.81,False
2023-11-22,Wednesday,FLAT,Bear Put Spread,False,EOD,75,-215.75,174.5,-390.25,False
2023-11-22,Wednesday,FLAT,Iron Condor,True,NOSIM,0,0.0,0.0,0.0,False
2023-11-23,Thursday,FLAT,Bull Call Spread,False,EOD,75,-147.0,171.61,-318.61,False
2023-11-23,Thursday,FLAT,Bear Put Spread,False,STOP,4,-440.0,173.04,-613.04,False
2023-11-23,Thursday,FLAT,Iron Condor,True,EOD,75,-61.0,341.94,-402.94,False
2023-11-24,Friday,FLAT,Bull Call Spread,False,STOP,46,-282.75,171.07,-453.82,False
2023-11-24,Friday,FLAT,Bear Put Spread,False,STOP,3,-194.75,170.53,-365.28,False
2023-11-24,Friday,FLAT,Iron Condor,True,NOSIM,0,0.0,0.0,0.0,False
2023-11-28,Tuesday,FLAT,Bull Call Spread,False,EOD,75,461.25,174.89,286.36,True
2023-11-28,Tuesday,FLAT,Bear Put Spread,False,EOD,75,-419.0,175.3,-594.3,False
2023-11-28,Tuesday,FLAT,Iron Condor,True,EOD,75,-62.5,346.67,-409.17,False
2023-11-29,Wednesday,FLAT,Bull Call Spread,False,TARGET,54,719.0,172.52,546.48,True
2023-11-29,Wednesday,FLAT,Bear Put Spread,False,STOP,38,-489.5,174.22,-663.72,False
2023-11-29,Wednesday,FLAT,Iron Condor,True,NOSIM,0,0.0,0.0,0.0,False
2023-11-30,Thursday,UP,Bull Call Spread,True,STOP,8,-552.25,172.28,-724.53,False
2023-11-30,Thursday,UP,Bear Put Spread,False,TARGET,8,700.5,171.73,528.77,True
2023-11-30,Thursday,UP,Iron Condor,False,EOD,75,-34.5,339.99,-374.49,False
2023-12-01,Friday,FLAT,Bull Call Spread,False,TARGET,1,373.0,170.1,202.9,True
2023-12-01,Friday,FLAT,Bear Put Spread,False,STOP,1,-277.0,170.43,-447.43,False
2023-12-01,Friday,FLAT,Iron Condor,True,NOSIM,0,0.0,0.0,0.0,False
2023-12-04,Monday,UP,Bull Call Spread,True,EOD,75,398.75,179.97,218.78,True
2023-12-04,Monday,UP,Bear Put Spread,False,EOD,75,-374.0,179.75,-553.75,False
2023-12-04,Monday,UP,Iron Condor,False,EOD,75,-127.25,340.16,-467.41,False
2023-12-05,Tuesday,UP,Bull Call Spread,True,EOD,75,256.75,178.55,78.2,True
2023-12-05,Tuesday,UP,Bear Put Spread,False,EOD,75,-241.5,177.74,-419.24,False
2023-12-05,Tuesday,UP,Iron Condor,False,EOD,75,-90.5,342.91,-433.41,False
2023-12-06,Wednesday,UP,Bull Call Spread,True,STOP,50,-513.0,176.46,-689.46,False
2023-12-06,Wednesday,UP,Bear Put Spread,False,EOD,75,91.5,176.37,-84.87,False
2023-12-06,Wednesday,UP,Iron Condor,False,EOD,75,44.0,345.03,-301.03,False
2023-12-07,Thursday,FLAT,Bull Call Spread,False,STOP,1,-434.0,173.66,-607.66,False
2023-12-07,Thursday,FLAT,Bear Put Spread,False,EOD,75,131.0,175.0,-44.0,False
2023-12-07,Thursday,FLAT,Iron Condor,True,EOD,75,22.0,343.0,-321.0,False
2023-12-08,Friday,FLAT,Bull Call Spread,False,EOD,75,274.25,174.23,100.02,True
2023-12-08,Friday,FLAT,Bear Put Spread,False,EOD,75,-271.5,175.47,-446.97,False
2023-12-08,Friday,FLAT,Iron Condor,True,NOSIM,0,0.0,0.0,0.0,False
2023-12-11,Monday,FLAT,Bull Call Spread,False,EOD,75,185.75,178.92,6.83,True
2023-12-11,Monday,FLAT,Bear Put Spread,False,EOD,75,-174.75,177.53,-352.28,False
2023-12-11,Monday,FLAT,Iron Condor,True,EOD,75,-177.75,346.26,-524.01,False
2023-12-12,Tuesday,FLAT,Bull Call Spread,False,STOP,65,-591.5,177.53,-769.03,False
2023-12-12,Tuesday,FLAT,Bear Put Spread,False,EOD,75,725.5,175.93,549.57,True
2023-12-12,Tuesday,FLAT,Iron Condor,True,NOSIM,0,0.0,0.0,0.0,False
2023-12-13,Wednesday,DOWN,Bull Call Spread,False,STOP,9,-540.25,174.88,-715.13,False
2023-12-13,Wednesday,DOWN,Bear Put Spread,True,TARGET,37,1082.5,176.52,905.98,True
2023-12-13,Wednesday,DOWN,Iron Condor,False,EOD,75,4.25,347.75,-343.5,False
2023-12-14,Thursday,FLAT,Bull Call Spread,False,EOD,75,669.0,175.0,494.0,True
2023-12-14,Thursday,FLAT,Bear Put Spread,False,STOP,9,-481.5,174.16,-655.66,False
2023-12-14,Thursday,FLAT,Iron Condor,True,NOSIM,0,0.0,0.0,0.0,False
2023-12-15,Friday,UP,Bull Call Spread,True,TARGET,71,944.25,175.64,768.61,True
2023-12-15,Friday,UP,Bear Put Spread,False,STOP,68,-588.25,176.66,-764.91,False
2023-12-15,Friday,UP,Iron Condor,False,NOSIM,0,0.0,0.0,0.0,False
2023-12-18,Monday,UP,Bull Call Spread,True,EOD,75,-113.25,178.54,-291.79,False
2023-12-18,Monday,UP,Bear Put Spread,False,EOD,75,118.5,179.86,-61.36,False
2023-12-18,Monday,UP,Iron Condor,False,EOD,75,-85.0,343.95,-428.95,False
2023-12-19,Tuesday,FLAT,Bull Call Spread,False,STOP,6,-492.5,177.03,-669.53,False
2023-12-19,Tuesday,FLAT,Bear Put Spread,False,EOD,75,174.25,178.95,-4.7,False
2023-12-19,Tuesday,FLAT,Iron Condor,True,NOSIM,0,0.0,0.0,0.0,False
2023-12-20,Wednesday,FLAT,Bull Call Spread,False,STOP,49,-541.0,175.22,-716.22,False
2023-12-20,Wednesday,FLAT,Bear Put Spread,False,TARGET,51,985.25,175.72,809.53,True
2023-12-20,Wednesday,FLAT,Iron Condor,True,NOSIM,0,0.0,0.0,0.0,False
2023-12-21,Thursday,DOWN,Bull Call Spread,False,TARGET,13,806.0,173.55,632.45,True
2023-12-21,Thursday,DOWN,Bear Put Spread,True,STOP,11,-642.5,174.76,-817.26,False
2023-12-21,Thursday,DOWN,Iron Condor,False,TARGET,11,514.0,342.39,171.61,True
2023-12-22,Friday,UP,Bull Call Spread,True,TARGET,21,856.5,172.55,683.95,True
2023-12-22,Friday,UP,Bear Put Spread,False,STOP,10,-427.75,172.82,-600.57,False
2023-12-22,Friday,UP,Iron Condor,False,EOD,75,168.5,340.95,-172.45,False
2023-12-26,Tuesday,FLAT,Bull Call Spread,False,EOD,75,431.75,180.19,251.56,True
2023-12-26,Tuesday,FLAT,Bear Put Spread,False,EOD,75,-393.75,178.78,-572.53,False
2023-12-26,Tuesday,FLAT,Iron Condor,True,EOD,75,78.75,340.15,-261.4,False
2023-12-27,Wednesday,UP,Bull Call Spread,True,TARGET,71,1032.25,176.31,855.94,True
2023-12-27,Wednesday,UP,Bear Put Spread,False,STOP,27,-509.25,176.48,-685.73,False
2023-12-27,Wednesday,UP,Iron Condor,False,EOD,75,207.75,340.56,-132.81,False
2023-12-28,Thursday,UP,Bull Call Spread,True,EOD,75,539.0,174.11,364.89,True
2023-12-28,Thursday,UP,Bear Put Spread,False,STOP,48,-376.25,172.98,-549.23,False
2023-12-28,Thursday,UP,Iron Condor,False,EOD,75,7.25,339.26,-332.01,False
2023-12-29,Friday,FLAT,Bull Call Spread,False,STOP,1,-153.25,170.02,-323.27,False
2023-12-29,Friday,FLAT,Bear Put Spread,False,TARGET,2,444.75,170.71,274.04,True
2023-12-29,Friday,FLAT,Iron Condor,True,NOSIM,0,0.0,0.0,0.0,False
2024-01-01,Monday,FLAT,Bull Call Spread,False,EOD,75,-155.25,180.31,-335.56,False
2024-01-01,Monday,FLAT,Bear Put Spread,False,EOD,75,163.75,182.32,-18.57,False
2024-01-01,Monday,FLAT,Iron Condor,True,EOD,75,-23.5,346.48,-369.98,False
2024-01-02,Tuesday,FLAT,Bull Call Spread,False,STOP,9,-568.0,177.85,-745.85,False
2024-01-02,Tuesday,FLAT,Bear Put Spread,False,EOD,75,501.75,177.7,324.05,True
2024-01-02,Tuesday,FLAT,Iron Condor,True,EOD,75,-287.5,346.89,-634.39,False
2024-01-03,Wednesday,DOWN,Bull Call Spread,False,STOP,6,-570.75,176.84,-747.59,False
2024-01-03,Wednesday,DOWN,Bear Put Spread,True,TARGET,73,947.25,175.88,771.37,True
2024-01-03,Wednesday,DOWN,Iron Condor,False,TARGET,6,338.5,341.57,-3.07,False
2024-01-04,Thursday,DOWN,Bull Call Spread,False,EOD,75,522.25,174.47,347.78,True
2024-01-04,Thursday,DOWN,Bear Put Spread,True,STOP,47,-428.5,174.0,-602.5,False
2024-01-04,Thursday,DOWN,Iron Condor,False,EOD,75,231.75,340.72,-108.97,False
2024-01-05,Friday,UP,Bull Call Spread,True,EOD,75,28.0,174.95,-146.95,False
2024-01-05,Friday,UP,Bear Put Spread,False,EOD,75,-27.25,174.48,-201.73,False
2024-01-05,Friday,UP,Iron Condor,False,NOSIM,0,0.0,0.0,0.0,False
2024-01-08,Monday,FLAT,Bull Call Spread,False,STOP,21,-536.0,178.25,-714.25,False
2024-01-08,Monday,FLAT,Bear Put Spread,False,TARGET,64,1151.0,178.43,972.57,True
2024-01-08,Monday,FLAT,Iron Condor,True,STOP,1,0.0,338.91,-338.91,False
2024-01-09,Tuesday,DOWN,Bull Call Spread,False,STOP,72,-555.75,177.99,-733.74,False
2024-01-09,Tuesday,DOWN,Bear Put Spread,True,EOD,75,565.5,177.65,387.85,True
2024-01-09,Tuesday,DOWN,Iron Condor,False,EOD,75,435.75,345.44,90.31,True
2024-01-10,Wednesday,DOWN,Bull Call Spread,False,EOD,75,639.0,175.01,463.99,True
2024-01-10,Wednesday,DOWN,Bear Put Spread,True,STOP,70,-667.5,176.69,-844.19,False
2024-01-10,Wednesday,DOWN,Iron Condor,False,EOD,75,-436.5,340.64,-777.14,False
2024-01-11,Thursday,UP,Bull Call Spread,True,STOP,59,-370.5,172.83,-543.33,False
2024-01-11,Thursday,UP,Bear Put Spread,False,EOD,75,172.5,173.68,-1.18,False
2024-01-11,Thursday,UP,Iron Condor,False,EOD,75,33.5,340.33,-306.83,False
2024-01-12,Friday,DOWN,Bull Call Spread,False,STOP,1,-508.5,171.76,-680.26,False
2024-01-12,Friday,DOWN,Bear Put Spread,True,TARGET,1,474.75,170.42,304.33,True
2024-01-12,Friday,DOWN,Iron Condor,False,NOSIM,0,0.0,0.0,0.0,False
2024-01-15,Monday,UP,Bull Call Spread,True,EOD,75,253.0,180.7,72.3,True
2024-01-15,Monday,UP,Bear Put Spread,False,EOD,75,-243.25,180.37,-423.62,False
2024-01-15,Monday,UP,Iron Condor,False,EOD,75,12.5,341.57,-329.07,False
2024-01-16,Tuesday,UP,Bull Call Spread,True,EOD,75,-240.5,177.43,-417.93,False
2024-01-16,Tuesday,UP,Bear Put Spread,False,EOD,75,263.25,179.11,84.14,True
2024-01-16,Tuesday,UP,Iron Condor,False,TARGET,52,76.0,339.39,-263.39,False
2024-01-17,Wednesday,DOWN,Bull Call Spread,False,TARGET,1,1283.75,175.94,1107.81,True
2024-01-17,Wednesday,DOWN,Bear Put Spread,True,STOP,1,-980.25,176.15,-1156.4,False
2024-01-17,Wednesday,DOWN,Iron Condor,False,NOSIM,0,0.0,0.0,0.0,False
2024-01-18,Thursday,DOWN,Bull Call Spread,False,STOP,8,-616.5,175.76,-792.26,False
2024-01-18,Thursday,DOWN,Bear Put Spread,True,STOP,23,-449.5,174.6,-624.1,False
2024-01-18,Thursday,DOWN,Iron Condor,False,STOP,33,-83.25,339.03,-422.28,False
2024-01-19,Friday,UP,Bull Call Spread,True,EOD,75,254.75,172.85,81.9,True
2024-01-19,Friday,UP,Bear Put Spread,False,STOP,3,-320.5,171.83,-492.33,False
2024-01-19,Friday,UP,Iron Condor,False,NOSIM,0,0.0,0.0,0.0,False
2024-01-23,Tuesday,FLAT,Bull Call Spread,False,STOP,18,-654.0,182.93,-836.93,False
2024-01-23,Tuesday,FLAT,Bear Put Spread,False,TARGET,33,1082.25,181.32,900.93,True
2024-01-23,Tuesday,FLAT,Iron Condor,True,TARGET,14,28.0,339.03,-311.03,False
2024-01-24,Wednesday,DOWN,Bull Call Spread,False,TARGET,16,1053.25,178.51,874.74,True
2024-01-24,Wednesday,DOWN,Bear Put Spread,True,STOP,7,-556.5,179.79,-736.29,False
2024-01-24,Wednesday,DOWN,Iron Condor,False,TARGET,2,8.25,338.93,-330.68,False
2024-01-25,Thursday,UP,Bull Call Spread,True,STOP,2,-492.75,175.18,-667.93,False
2024-01-25,Thursday,UP,Bear Put Spread,False,TARGET,13,938.25,174.79,763.46,True
2024-01-25,Thursday,UP,Iron Condor,False,STOP,1,-12.25,338.91,-351.16,False
2024-01-29,Monday,DOWN,Bull Call Spread,False,TARGET,1,589.0,169.92,419.08,True
2024-01-29,Monday,DOWN,Bear Put Spread,True,STOP,1,-491.0,170.86,-661.86,False
2024-01-29,Monday,DOWN,Iron Condor,False,NOSIM,0,0.0,0.0,0.0,False
2024-01-30,Tuesday,UP,Bull Call Spread,True,STOP,64,-577.25,183.88,-761.13,False
2024-01-30,Tuesday,UP,Bear Put Spread,False,EOD,75,825.25,186.15,639.1,True
2024-01-30,Tuesday,UP,Iron Condor,False,EOD,75,-636.5,345.29,-981.79,False
2024-01-31,Wednesday,DOWN,Bull Call Spread,False,EOD,75,840.0,182.33,657.67,True
2024-01-31,Wednesday,DOWN,Bear Put Spread,True,STOP,21,-582.25,183.48,-765.73,False
2024-01-31,Wednesday,DOWN,Iron Condor,False,TARGET,28,137.25,340.25,-203.0,False
2024-02-01,Thursday,UP,Bull Call Spread,True,EOD,75,-371.5,179.73,-551.23,False
2024-02-01,Thursday,UP,Bear Put Spread,False,EOD,75,407.0,181.46,225.54,True
2024-02-01,Thursday,UP,Iron Condor,False,EOD,75,-237.25,341.69,-578.94,False
2024-02-02,Friday,FLAT,Bull Call Spread,False,TARGET,1,1771.25,171.2,1600.05,True
2024-02-02,Friday,FLAT,Bear Put Spread,False,STOP,1,-453.25,170.49,-623.74,False
2024-02-02,Friday,FLAT,Iron Condor,True,NOSIM,0,0.0,0.0,0.0,False
2024-02-05,Monday,UP,Bull Call Spread,True,STOP,69,-655.0,184.14,-839.14,False
2024-02-05,Monday,UP,Bear Put Spread,False,EOD,75,609.0,182.09,426.91,True
2024-02-05,Monday,UP,Iron Condor,False,STOP,1,-19.75,338.94,-358.69,False
2024-02-06,Tuesday,DOWN,Bull Call Spread,False,EOD,75,456.5,180.98,275.52,True
2024-02-06,Tuesday,DOWN,Bear Put Spread,True,EOD,75,-441.75,183.25,-625.0,False
2024-02-06,Tuesday,DOWN,Iron Condor,False,EOD,75,-381.0,345.17,-726.17,False
2024-02-07,Wednesday,UP,Bull Call Spread,True,STOP,28,-665.25,179.3,-844.55,False
2024-02-07,Wednesday,UP,Bear Put Spread,False,EOD,75,463.0,179.71,283.29,True
2024-02-07,Wednesday,UP,Iron Condor,False,TARGET,23,86.5,339.53,-253.03,False
2024-02-08,Thursday,DOWN,Bull Call Spread,False,STOP,13,-614.5,175.87,-790.37,False
2024-02-08,Thursday,DOWN,Bear Put Spread,True,TARGET,18,930.5,175.06,755.44,True
2024-02-08,Thursday,DOWN,Iron Condor,False,STOP,22,-1528.25,341.92,-1870.17,False
2024-02-09,Friday,DOWN,Bull Call Spread,False,STOP,1,-332.75,171.81,-504.56,False
2024-02-09,Friday,DOWN,Bear Put Spread,True,TARGET,22,958.75,173.37,785.38,True
2024-02-09,Friday,DOWN,Iron Condor,False,NOSIM,0,0.0,0.0,0.0,False
2024-02-12,Monday,FLAT,Bull Call Spread,False,STOP,35,-616.25,183.03,-799.28,False
2024-02-12,Monday,FLAT,Bear Put Spread,False,EOD,75,720.75,182.9,537.85,True
2024-02-12,Monday,FLAT,Iron Condor,True,EOD,75,-96.25,348.99,-445.24,False
2024-02-13,Tuesday,DOWN,Bull Call Spread,False,EOD,75,264.75,182.37,82.38,True
2024-02-13,Tuesday,DOWN,Bear Put Spread,True,EOD,75,-251.5,180.99,-432.49,False
2024-02-13,Tuesday,DOWN,Iron Condor,False,EOD,75,-127.75,341.75,-469.5,False
2024-02-14,Wednesday,UP,Bull Call Spread,True,TARGET,62,960.75,177.26,783.49,True
2024-02-14,Wednesday,UP,Bear Put Spread,False,STOP,46,-617.75,179.15,-796.9,False
2024-02-14,Wednesday,UP,Iron Condor,False,STOP,61,-234.5,339.42,-573.92,False
2024-02-15,Thursday,UP,Bull Call Spread,True,STOP,5,-530.25,175.16,-705.41,False
2024-02-15,Thursday,UP,Bear Put Spread,False,EOD,75,-141.25,174.61,-315.86,False
2024-02-15,Thursday,UP,Iron Condor,False,TARGET,9,405.5,341.47,64.03,True
2024-02-16,Friday,FLAT,Bull Call Spread,False,EOD,75,170.75,173.07,-2.32,False
2024-02-16,Friday,FLAT,Bear Put Spread,False,STOP,45,-314.75,171.7,-486.45,False
2024-02-16,Friday,FLAT,Iron Condor,True,NOSIM,0,0.0,0.0,0.0,False
2024-02-19,Monday,FLAT,Bull Call Spread,False,EOD,75,52.0,182.85,-130.85,False
2024-02-19,Monday,FLAT,Bear Put Spread,False,EOD,75,-51.75,182.47,-234.22,False
2024-02-19,Monday,FLAT,Iron Condor,True,TARGET,8,14.75,338.96,-324.21,False
2024-02-20,Tuesday,FLAT,Bull Call Spread,False,EOD,75,485.75,180.59,305.16,True
2024-02-20,Tuesday,FLAT,Bear Put Spread,False,EOD,75,-453.25,180.61,-633.86,False
2024-02-20,Tuesday,FLAT,Iron Condor,True,EOD,75,372.25,346.07,26.18,True
2024-02-21,Wednesday,UP,Bull Call Spread,True,STOP,58,-521.25,178.11,-699.36,False
2024-02-21,Wednesday,UP,Bear Put Spread,False,TARGET,65,1171.5,178.18,993.32,True
2024-02-21,Wednesday,UP,Iron Condor,False,STOP,62,-669.75,340.75,-1010.5,False
2024-02-22,Thursday,DOWN,Bull Call Spread,False,STOP,3,-452.75,174.39,-627.14,False
2024-02-22,Thursday,DOWN,Bear Put Spread,True,TARGET,10,1100.25,175.85,924.4,True
2024-02-22,Thursday,DOWN,Iron Condor,False,TARGET,1,11.75,338.95,-327.2,False
2024-02-23,Friday,UP,Bull Call Spread,True,STOP,1,-224.0,170.2,-394.2,False
2024-02-23,Friday,UP,Bear Put Spread,False,TARGET,1,532.25,170.75,361.5,True
2024-02-23,Friday,UP,Iron Condor,False,NOSIM,0,0.0,0.0,0.0,False
2024-02-26,Monday,DOWN,Bull Call Spread,False,EOD,75,-204.25,183.19,-387.44,False
2024-02-26,Monday,DOWN,Bear Put Spread,True,EOD,75,206.75,181.34,25.41,True
2024-02-26,Monday,DOWN,Iron Condor,False,TARGET,21,15.75,338.98,-323.23,False
2024-02-27,Tuesday,FLAT,Bull Call Spread,False,EOD,75,461.75,180.21,281.54,True
2024-02-27,Tuesday,FLAT,Bear Put Spread,False,EOD,75,-437.5,181.06,-618.56,False
2024-02-27,Tuesday,FLAT,Iron Condor,True,STOP,1,0.0,338.91,-338.91,False
2024-02-28,Wednesday,UP,Bull Call Spread,True,STOP,21,-719.25,178.73,-897.98,False
2024-02-28,Wednesday,UP,Bear Put Spread,False,TARGET,22,984.5,177.46,807.04,True
2024-02-28,Wednesday,UP,Iron Condor,False,STOP,1,0.0,338.91,-338.91,False
2024-02-29,Thursday,DOWN,Bull Call Spread,False,EOD,75,700.5,175.43,525.07,True
2024-02-29,Thursday,DOWN,Bear Put Spread,True,STOP,73,-523.75,176.63,-700.38,False
2024-02-29,Thursday,DOWN,Iron Condor,False,EOD,75,-285.75,339.74,-625.49,False
2024-03-01,Friday,UP,Bull Call Spread,True,TARGET,1,1262.0,170.29,1091.71,True
2024-03-01,Friday,UP,Bear Put Spread,False,STOP,1,-404.25,170.38,-574.63,False
2024-03-01,Friday,UP,Iron Condor,False,NOSIM,0,0.0,0.0,0.0,False
2024-03-04,Monday,UP,Bull Call Spread,True,EOD,75,-22.0,183.36,-205.36,False
2024-03-04,Monday,UP,Bear Put Spread,False,EOD,75,21.75,182.97,-161.22,False
2024-03-04,Monday,UP,Iron Condor,False,EOD,75,-5.5,342.06,-347.56,False
2024-03-05,Tuesday,FLAT,Bull Call Spread,False,EOD,75,-59.25,180.91,-240.16,False
2024-03-05,Tuesday,FLAT,Bear Put Spread,False,EOD,75,58.25,178.94,-120.69,False
2024-03-05,Tuesday,FLAT,Iron Condor,True,EOD,75,-40.25,343.52,-383.77,False
2024-03-06,Wednesday,DOWN,Bull Call Spread,False,STOP,29,-467.5,176.24,-643.74,False
2024-03-06,Wednesday,DOWN,Bear Put Spread,True,STOP,64,-623.5,178.14,-801.64,False
2024-03-06,Wednesday,DOWN,Iron Condor,False,TARGET,65,411.5,342.35,69.15,True
2024-03-07,Thursday,UP,Bull Call Spread,True,EOD,75,-163.25,174.56,-337.81,False
2024-03-07,Thursday,UP,Bear Put Spread,False,EOD,75,168.25,174.13,-5.88,False
2024-03-07,Thursday,UP,Iron Condor,False,STOP,1,0.0,338.91,-338.91,False
2024-03-11,Monday,FLAT,Bull Call Spread,False,STOP,2,-456.0,171.45,-627.45,False
2024-03-11,Monday,FLAT,Bear Put Spread,False,TARGET,2,466.0,170.47,295.53,True
2024-03-11,Monday,FLAT,Iron Condor,True,NOSIM,0,0.0,0.0,0.0,False
2024-03-12,Tuesday,DOWN,Bull Call Spread,False,EOD,75,-8.5,178.35,-186.85,False
2024-03-12,Tuesday,DOWN,Bear Put Spread,True,EOD,75,8.75,179.7,-170.95,False
2024-03-12,Tuesday,DOWN,Iron Condor,False,STOP,5,-37.0,338.95,-375.95,False
2024-03-13,Wednesday,FLAT,Bull Call Spread,False,STOP,3,-515.5,177.32,-692.82,False
2024-03-13,Wednesday,FLAT,Bear Put Spread,False,TARGET,22,1134.5,177.57,956.93,True
2024-03-13,Wednesday,FLAT,Iron Condor,True,EOD,75,-354.5,345.04,-699.54,False
2024-03-14,Thursday,DOWN,Bull Call Spread,False,TARGET,30,1040.0,176.74,863.26,True
2024-03-14,Thursday,DOWN,Bear Put Spread,True,STOP,20,-550.5,178.22,-728.72,False
2024-03-14,Thursday,DOWN,Iron Condor,False,EOD,75,73.0,340.12,-267.12,False
2024-03-15,Friday,UP,Bull Call Spread,True,STOP,7,-454.75,173.24,-627.99,False
2024-03-15,Friday,UP,Bear Put Spread,False,TARGET,9,774.0,172.2,601.8,True
2024-03-15,Friday,UP,Iron Condor,False,NOSIM,0,0.0,0.0,0.0,False
2024-03-18,Monday,FLAT,Bull Call Spread,False,EOD,75,250.25,181.41,68.84,True
2024-03-18,Monday,FLAT,Bear Put Spread,False,EOD,75,-245.25,182.28,-427.53,False
2024-03-18,Monday,FLAT,Iron Condor,True,STOP,1,0.0,338.91,-338.91,False
2024-03-19,Tuesday,FLAT,Bull Call Spread,False,STOP,30,-583.5,179.45,-762.95,False
2024-03-19,Tuesday,FLAT,Bear Put Spread,False,EOD,75,656.25,179.73,476.52,True
2024-03-19,Tuesday,FLAT,Iron Condor,True,STOP,1,0.0,338.91,-338.91,False
2024-03-20,Wednesday,DOWN,Bull Call Spread,False,STOP,18,-542.25,177.86,-720.11,False
2024-03-20,Wednesday,DOWN,Bear Put Spread,True,EOD,75,-59.0,178.36,-237.36,False
2024-03-20,Wednesday,DOWN,Iron Condor,False,TARGET,19,381.0,342.48,38.52,True
2024-03-21,Thursday,FLAT,Bull Call Spread,False,EOD,75,173.25,174.68,-1.43,False
2024-03-21,Thursday,FLAT,Bear Put Spread,False,STOP,12,-511.0,175.47,-686.47,False
2024-03-21,Thursday,FLAT,Iron Condor,True,NOSIM,0,0.0,0.0,0.0,False
2024-03-22,Friday,FLAT,Bull Call Spread,False,TARGET,9,614.25,171.73,442.52,True
2024-03-22,Friday,FLAT,Bear Put Spread,False,STOP,9,-551.5,172.91,-724.41,False
2024-03-22,Friday,FLAT,Iron Condor,True,NOSIM,0,0.0,0.0,0.0,False
2024-03-26,Tuesday,UP,Bull Call Spread,True,EOD,75,360.25,178.9,181.35,True
2024-03-26,Tuesday,UP,Bear Put Spread,False,STOP,2,-557.5,179.05,-736.55,False
2024-03-26,Tuesday,UP,Iron Condor,False,NOSIM,0,0.0,0.0,0.0,False
2024-03-27,Wednesday,UP,Bull Call Spread,True,EOD,75,579.5,176.8,402.7,True
2024-03-27,Wednesday,UP,Bear Put Spread,False,STOP,10,-520.5,176.43,-696.93,False
2024-03-27,Wednesday,UP,Iron Condor,False,EOD,75,360.5,344.13,16.37,True
2024-03-28,Thursday,UP,Bull Call Spread,True,TARGET,7,1232.25,173.95,1058.3,True
2024-03-28,Thursday,UP,Bear Put Spread,False,STOP,3,-393.25,172.94,-566.19,False
2024-03-28,Thursday,UP,Iron Condor,False,STOP,42,-338.75,339.5,-678.25,False
2024-04-01,Monday,UP,Bull Call Spread,True,TARGET,1,1037.0,170.69,866.31,True
2024-04-01,Monday,UP,Bear Put Spread,False,STOP,1,-374.0,170.41,-544.41,False
2024-04-01,Monday,UP,Iron Condor,False,STOP,1,-7.75,338.91,-346.66,False
2024-04-02,Tuesday,UP,Bull Call Spread,True,EOD,75,28.0,179.2,-151.2,False
2024-04-02,Tuesday,UP,Bear Put Spread,False,EOD,75,-27.0,178.38,-205.38,False
2024-04-02,Tuesday,UP,Iron Condor,False,EOD,75,-5.75,350.48,-356.23,False
2024-04-03,Wednesday,FLAT,Bull Call Spread,False,EOD,75,331.75,177.04,154.71,True
2024-04-03,Wednesday,FLAT,Bear Put Spread,False,STOP,40,-545.5,178.24,-723.74,False
2024-04-03,Wednesday,FLAT,Iron Condor,True,EOD,75,38.0,339.38,-301.38,False
2024-04-04,Thursday,UP,Bull Call Spread,True,STOP,4,-617.25,175.0,-792.25,False
2024-04-04,Thursday,UP,Bear Put Spread,False,TARGET,6,987.5,175.62,811.88,True
2024-04-04,Thursday,UP,Iron Condor,False,NOSIM,0,0.0,0.0,0.0,False
2024-04-05,Friday,FLAT,Bull Call Spread,False,EOD,75,367.0,172.04,194.96,True
2024-04-05,Friday,FLAT,Bear Put Spread,False,STOP,74,-457.0,172.96,-629.96,False
2024-04-05,Friday,FLAT,Iron Condor,True,NOSIM,0,0.0,0.0,0.0,False
2024-04-08,Monday,FLAT,Bull Call Spread,False,EOD,75,400.5,178.18,222.32,True
2024-04-08,Monday,FLAT,Bear Put Spread,False,EOD,75,-387.5,179.9,-567.4,False
2024-04-08,Monday,FLAT,Iron Condor,True,EOD,75,201.0,345.97,-144.97,False
2024-04-09,Tuesday,UP,Bull Call Spread,True,STOP,49,-553.0,176.72,-729.72,False
2024-04-09,Tuesday,UP,Bear Put Spread,False,EOD,75,759.25,175.85,583.4,True
2024-04-09,Tuesday,UP,Iron Condor,False,EOD,75,-164.5,340.86,-505.36,False
2024-04-10,Wednesday,DOWN,Bull Call Spread,False,EOD,75,112.5,175.07,-62.57,False
2024-04-10,Wednesday,DOWN,Bear Put Spread,True,EOD,75,-98.75,173.42,-272.17,False
2024-04-10,Wednesday,DOWN,Iron Condor,False,EOD,75,6.5,339.52,-333.02,False
2024-04-12,Friday,FLAT,Bull Call Spread,False,TARGET,1,326.5,170.21,156.29,True
2024-04-12,Friday,FLAT,Bear Put Spread,False,STOP,1,-403.5,171.47,-574.97,False
2024-04-12,Friday,FLAT,Iron Condor,True,NOSIM,0,0.0,0.0,0.0,False
2024-04-15,Monday,DOWN,Bull Call Spread,False,EOD,75,-372.25,179.43,-551.68,False
2024-04-15,Monday,DOWN,Bear Put Spread,True,EOD,75,394.5,178.8,215.7,True
2024-04-15,Monday,DOWN,Iron Condor,False,EOD,75,-200.25,344.43,-544.68,False
2024-04-16,Tuesday,DOWN,Bull Call Spread,False,EOD,75,283.75,176.68,107.07,True
2024-04-16,Tuesday,DOWN,Bear Put Spread,True,EOD,75,-284.0,178.79,-462.79,False
2024-04-16,Tuesday,DOWN,Iron Condor,False,EOD,75,180.25,342.87,-162.62,False
2024-04-18,Thursday,FLAT,Bull Call Spread,False,STOP,51,-514.5,175.63,-690.13,False
2024-04-18,Thursday,FLAT,Bear Put Spread,False,STOP,24,-436.75,174.62,-611.37,False
2024-04-18,Thursday,FLAT,Iron Condor,True,STOP,68,-644.75,340.08,-984.83,False
2024-04-19,Friday,DOWN,Bull Call Spread,False,STOP,1,-498.25,171.3,-669.55,False
2024-04-19,Friday,DOWN,Bear Put Spread,True,TARGET,1,628.0,170.66,457.34,True
2024-04-19,Friday,DOWN,Iron Condor,False,NOSIM,0,0.0,0.0,0.0,False
2024-04-22,Monday,UP,Bull Call Spread,True,EOD,75,122.25,183.04,-60.79,False
2024-04-22,Monday,UP,Bear Put Spread,False,EOD,75,-122.5,184.23,-306.73,False
2024-04-22,Monday,UP,Iron Condor,False,EOD,75,44.5,343.09,-298.59,False
2024-04-23,Tuesday,UP,Bull Call Spread,True,EOD,75,-403.75,178.75,-582.5,False
2024-04-23,Tuesday,UP,Bear Put Spread,False,EOD,75,439.0,178.98,260.02,True
2024-04-23,Tuesday,UP,Iron Condor,False,EOD,75,-74.25,339.53,-413.78,False
2024-04-24,Wednesday,DOWN,Bull Call Spread,False,EOD,75,-59.25,177.26,-236.51,False
2024-04-24,Wednesday,DOWN,Bear Put Spread,True,EOD,75,56.25,175.42,-119.17,False
2024-04-24,Wednesday,DOWN,Iron Condor,False,EOD,75,-7.25,339.03,-346.28,False
2024-04-25,Thursday,FLAT,Bull Call Spread,False,TARGET,12,1297.0,174.06,1122.94,True
2024-04-25,Thursday,FLAT,Bear Put Spread,False,STOP,5,-479.5,172.81,-652.31,False
2024-04-25,Thursday,FLAT,Iron Condor,True,STOP,9,-306.5,339.36,-645.86,False
2024-04-26,Friday,UP,Bull Call Spread,True,STOP,1,-464.0,171.03,-635.03,False
2024-04-26,Friday,UP,Bear Put Spread,False,TARGET,1,418.5,169.9,248.6,True
2024-04-26,Friday,UP,Iron Condor,False,NOSIM,0,0.0,0.0,0.0,False
2024-04-29,Monday,DOWN,Bull Call Spread,False,EOD,75,709.25,179.33,529.92,True
2024-04-29,Monday,DOWN,Bear Put Spread,True,STOP,53,-579.75,181.52,-761.27,False
2024-04-29,Monday,DOWN,Iron Condor,False,STOP,1,0.0,338.91,-338.91,False
2024-04-30,Tuesday,UP,Bull Call Spread,True,STOP,73,-509.75,176.2,-685.95,False
2024-04-30,Tuesday,UP,Bear Put Spread,False,STOP,61,-551.0,177.91,-728.91,False
2024-04-30,Tuesday,UP,Iron Condor,False,EOD,75,-273.0,341.88,-614.88,False
2024-05-02,Thursday,FLAT,Bull Call Spread,False,EOD,75,647.75,175.99,471.76,True
2024-05-02,Thursday,FLAT,Bear Put Spread,False,STOP,1,-480.75,174.53,-655.28,False
2024-05-02,Thursday,FLAT,Iron Condor,True,STOP,1,-53.5,338.94,-392.44,False
2024-05-03,Friday,UP,Bull Call Spread,True,STOP,11,-505.5,172.85,-678.35,False
2024-05-03,Friday,UP,Bear Put Spread,False,TARGET,12,935.25,171.75,763.5,True
2024-05-03,Friday,UP,Iron Condor,False,NOSIM,0,0.0,0.0,0.0,False
2024-05-06,Monday,DOWN,Bull Call Spread,False,EOD,75,-404.25,182.5,-586.75,False
2024-05-06,Monday,DOWN,Bear Put Spread,True,EOD,75,424.25,181.36,242.89,True
2024-05-06,Monday,DOWN,Iron Condor,False,EOD,75,142.75,344.04,-201.29,False
2024-05-07,Tuesday,DOWN,Bull Call Spread,False,STOP,15,-527.0,179.88,-706.88,False
2024-05-07,Tuesday,DOWN,Bear Put Spread,True,EOD,75,839.0,180.77,658.23,True
2024-05-07,Tuesday,DOWN,Iron Condor,False,EOD,75,-191.75,340.04,-531.79,False
2024-05-08,Wednesday,DOWN,Bull Call Spread,False,EOD,75,380.75,178.01,202.74,True
2024-05-08,Wednesday,DOWN,Bear Put Spread,True,STOP,49,-581.25,179.65,-760.9,False
2024-05-08,Wednesday,DOWN,Iron Condor,False,TARGET,50,277.0,341.39,-64.39,False
2024-05-09,Thursday,FLAT,Bull Call Spread,False,STOP,15,-535.75,176.44,-712.19,False
2024-05-09,Thursday,FLAT,Bear Put Spread,False,STOP,1,-436.0,174.41,-610.41,False
2024-05-09,Thursday,FLAT,Iron Condor,True,TARGET,1,143.75,339.73,-195.98,False
2024-05-10,Friday,DOWN,Bull Call Spread,False,TARGET,8,891.75,173.62,718.13,True
2024-05-10,Friday,DOWN,Bear Put Spread,True,STOP,6,-563.75,174.29,-738.04,False
2024-05-10,Friday,DOWN,Iron Condor,False,NOSIM,0,0.0,0.0,0.0,False
2024-05-13,Monday,FLAT,Bull Call Spread,False,STOP,6,-599.75,181.47,-781.22,False
2024-05-13,Monday,FLAT,Bear Put Spread,False,EOD,75,-351.25,183.48,-534.73,False
2024-05-13,Monday,FLAT,Iron Condor,True,TARGET,1,3.75,338.92,-335.17,False
2024-05-14,Tuesday,UP,Bull Call Spread,True,EOD,75,529.25,180.3,348.95,True
2024-05-14,Tuesday,UP,Bear Put Spread,False,STOP,52,-515.5,179.09,-694.59,False
2024-05-14,Tuesday,UP,Iron Condor,False,STOP,1,0.0,338.91,-338.91,False
2024-05-15,Wednesday,UP,Bull Call Spread,True,EOD,75,-251.25,177.44,-428.69,False
2024-05-15,Wednesday,UP,Bear Put Spread,False,EOD,75,262.25,176.93,85.32,True
2024-05-15,Wednesday,UP,Iron Condor,False,EOD,75,-126.5,340.19,-466.69,False
2024-05-16,Thursday,FLAT,Bull Call Spread,False,STOP,6,-517.5,176.18,-693.68,False
2024-05-16,Thursday,FLAT,Bear Put Spread,False,TARGET,14,999.25,174.6,824.65,True
2024-05-16,Thursday,FLAT,Iron Condor,True,EOD,75,-235.25,340.48,-575.73,False
2024-05-17,Friday,UP,Bull Call Spread,True,STOP,2,-562.5,171.31,-733.81,False
2024-05-17,Friday,UP,Bear Put Spread,False,TARGET,2,714.0,170.46,543.54,True
2024-05-17,Friday,UP,Iron Condor,False,NOSIM,0,0.0,0.0,0.0,False
2024-05-21,Tuesday,FLAT,Bull Call Spread,False,EOD,75,459.75,180.82,278.93,True
2024-05-21,Tuesday,FLAT,Bear Put Spread,False,STOP,33,-541.0,180.36,-721.36,False
2024-05-21,Tuesday,FLAT,Iron Condor,True,STOP,36,-131.75,339.22,-470.97,False
2024-05-22,Wednesday,UP,Bull Call Spread,True,EOD,75,243.0,176.51,66.49,True
2024-05-22,Wednesday,UP,Bear Put Spread,False,EOD,75,-244.5,178.5,-423.0,False
2024-05-22,Wednesday,UP,Iron Condor,False,EOD,75,155.75,344.33,-188.58,False
2024-05-23,Thursday,FLAT,Bull Call Spread,False,TARGET,33,1169.25,174.95,994.3,True
2024-05-23,Thursday,FLAT,Bear Put Spread,False,STOP,6,-434.25,173.84,-608.09,False
2024-05-23,Thursday,FLAT,Iron Condor,True,TARGET,1,5.5,338.94,-333.44,False
2024-05-24,Friday,UP,Bull Call Spread,True,TARGET,1,328.0,170.07,157.93,True
2024-05-24,Friday,UP,Bear Put Spread,False,STOP,1,-384.5,171.14,-555.64,False
2024-05-24,Friday,UP,Iron Condor,False,NOSIM,0,0.0,0.0,0.0,False
2024-05-27,Monday,FLAT,Bull Call Spread,False,EOD,75,-388.5,182.49,-570.99,False
2024-05-27,Monday,FLAT,Bear Put Spread,False,EOD,75,415.5,183.48,232.02,True
2024-05-27,Monday,FLAT,Iron Condor,True,EOD,75,-400.25,350.66,-750.91,False
2024-05-28,Tuesday,DOWN,Bull Call Spread,False,EOD,75,-432.25,179.84,-612.09,False
2024-05-28,Tuesday,DOWN,Bear Put Spread,True,EOD,75,479.25,181.9,297.35,True
2024-05-28,Tuesday,DOWN,Iron Condor,False,NOSIM,0,0.0,0.0,0.0,False
2024-05-29,Wednesday,DOWN,Bull Call Spread,False,EOD,75,-290.75,178.85,-469.6,False
2024-05-29,Wednesday,DOWN,Bear Put Spread,True,EOD,75,300.75,177.69,123.06,True
2024-05-29,Wednesday,DOWN,Iron Condor,False,EOD,75,-164.75,340.62,-505.37,False
2024-05-30,Thursday,DOWN,Bull Call Spread,False,STOP,52,-546.0,176.47,-722.47,False
2024-05-30,Thursday,DOWN,Bear Put Spread,True,TARGET,65,912.25,175.01,737.24,True
2024-05-30,Thursday,DOWN,Iron Condor,False,STOP,1,0.0,338.91,-338.91,False
2024-05-31,Friday,DOWN,Bull Call Spread,False,TARGET,1,480.25,170.94,309.31,True
2024-05-31,Friday,DOWN,Bear Put Spread,True,STOP,1,-147.25,169.94,-317.19,False
2024-05-31,Friday,DOWN,Iron Condor,False,NOSIM,0,0.0,0.0,0.0,False
2024-06-03,Monday,FLAT,Bull Call Spread,False,EOD,75,-43.75,213.02,-256.77,False
2024-06-03,Monday,FLAT,Bear Put Spread,False,EOD,75,44.25,214.14,-169.89,False
2024-06-03,Monday,FLAT,Iron Condor,True,NOSIM,0,0.0,0.0,0.0,False
2024-06-04,Tuesday,DOWN,Bull Call Spread,False,STOP,2,-840.0,202.53,-1042.53,False
2024-06-04,Tuesday,DOWN,Bear Put Spread,True,TARGET,21,1308.25,204.53,1103.72,True
2024-06-04,Tuesday,DOWN,Iron Condor,False,TARGET,1,78.0,340.28,-262.28,False
2024-06-05,Wednesday,DOWN,Bull Call Spread,False,STOP,2,-608.0,198.0,-806.0,False
2024-06-05,Wednesday,DOWN,Bear Put Spread,True,STOP,57,-667.75,200.11,-867.86,False
2024-06-05,Wednesday,DOWN,Iron Condor,False,STOP,1,-11.75,338.93,-350.68,False
2024-06-06,Thursday,UP,Bull Call Spread,True,EOD,75,176.0,184.52,-8.52,False
2024-06-06,Thursday,UP,Bear Put Spread,False,EOD,75,-173.25,184.59,-357.84,False
2024-06-06,Thursday,UP,Iron Condor,False,STOP,1,0.0,338.91,-338.91,False
2024-06-07,Friday,UP,Bull Call Spread,True,TARGET,2,1215.75,172.96,1042.79,True
2024-06-07,Friday,UP,Bear Put Spread,False,STOP,2,-611.25,171.51,-782.76,False
2024-06-07,Friday,UP,Iron Condor,False,NOSIM,0,0.0,0.0,0.0,False
2024-06-10,Monday,UP,Bull Call Spread,True,EOD,75,-236.75,189.93,-426.68,False
2024-06-10,Monday,UP,Bear Put Spread,False,EOD,75,240.0,187.97,52.03,True
2024-06-10,Monday,UP,Iron Condor,False,EOD,75,-115.75,348.6,-464.35,False
2024-06-11,Tuesday,FLAT,Bull Call Spread,False,EOD,75,-74.0,184.11,-258.11,False
2024-06-11,Tuesday,FLAT,Bear Put Spread,False,EOD,75,75.75,185.62,-109.87,False
2024-06-11,Tuesday,FLAT,Iron Condor,True,EOD,75,-41.0,345.01,-386.01,False
2024-06-12,Wednesday,FLAT,Bull Call Spread,False,EOD,75,-172.75,178.77,-351.52,False
2024-06-12,Wednesday,FLAT,Bear Put Spread,False,EOD,75,180.5,179.23,1.27,True
2024-06-12,Wednesday,FLAT,Iron Condor,True,STOP,18,-39.25,338.96,-378.21,False
2024-06-13,Thursday,FLAT,Bull Call Spread,False,STOP,5,-475.25,175.11,-650.36,False
2024-06-13,Thursday,FLAT,Bear Put Spread,False,EOD,75,555.0,176.66,378.34,True
2024-06-13,Thursday,FLAT,Iron Condor,True,STOP,2,-19.0,338.94,-357.94,False
2024-06-14,Friday,DOWN,Bull Call Spread,False,STOP,1,-518.5,170.86,-689.36,False
2024-06-14,Friday,DOWN,Bear Put Spread,True,TARGET,1,739.0,170.03,568.97,True
2024-06-14,Friday,DOWN,Iron Condor,False,NOSIM,0,0.0,0.0,0.0,False
2024-06-18,Tuesday,FLAT,Bull Call Spread,False,EOD,75,-41.5,180.13,-221.63,False
2024-06-18,Tuesday,FLAT,Bear Put Spread,False,EOD,75,40.75,178.23,-137.48,False
2024-06-18,Tuesday,FLAT,Iron Condor,True,EOD,75,-21.0,343.5,-364.5,False
2024-06-19,Wednesday,FLAT,Bull Call Spread,False,STOP,12,-578.0,175.04,-753.04,False
2024-06-19,Wednesday,FLAT,Bear Put Spread,False,TARGET,14,1086.25,176.68,909.57,True
2024-06-19,Wednesday,FLAT,Iron Condor,True,TARGET,3,53.5,339.09,-285.59,False
2024-06-20,Thursday,DOWN,Bull Call Spread,False,STOP,1,-496.25,174.33,-670.58,False
2024-06-20,Thursday,DOWN,Bear Put Spread,True,EOD,75,52.0,175.41,-123.41,False
2024-06-20,Thursday,DOWN,Iron Condor,False,TARGET,1,12.25,338.94,-326.69,False
2024-06-21,Friday,FLAT,Bull Call Spread,False,STOP,1,-466.25,170.8,-637.05,False
2024-06-21,Friday,FLAT,Bear Put Spread,False,TARGET,1,692.5,170.18,522.32,True
2024-06-21,Friday,FLAT,Iron Condor,True,NOSIM,0,0.0,0.0,0.0,False
2024-06-24,Monday,DOWN,Bull Call Spread,False,EOD,75,750.75,179.59,571.16,True
2024-06-24,Monday,DOWN,Bear Put Spread,True,STOP,25,-621.75,181.16,-802.91,False
2024-06-24,Monday,DOWN,Iron Condor,False,EOD,75,52.75,340.45,-287.7,False
2024-06-25,Tuesday,UP,Bull Call Spread,True,EOD,75,717.25,178.13,539.12,True
2024-06-25,Tuesday,UP,Bear Put Spread,False,STOP,70,-637.5,180.14,-817.64,False
2024-06-25,Tuesday,UP,Iron Condor,False,EOD,75,-220.75,339.71,-560.46,False
2024-06-26,Wednesday,UP,Bull Call Spread,True,EOD,75,695.75,178.14,517.61,True
2024-06-26,Wednesday,UP,Bear Put Spread,False,STOP,28,-502.0,176.13,-678.13,False
2024-06-26,Wednesday,UP,Iron Condor,False,STOP,58,-419.0,339.99,-758.99,False
2024-06-27,Thursday,UP,Bull Call Spread,True,TARGET,36,912.75,174.28,738.47,True
2024-06-27,Thursday,UP,Bear Put Spread,False,STOP,15,-591.25,175.73,-766.98,False
2024-06-27,Thursday,UP,Iron Condor,False,STOP,69,-921.25,341.01,-1262.26,False
2024-06-28,Friday,UP,Bull Call Spread,True,TARGET,1,343.5,170.07,173.43,True
2024-06-28,Friday,UP,Bear Put Spread,False,STOP,1,-346.5,170.86,-517.36,False
2024-06-28,Friday,UP,Iron Condor,False,NOSIM,0,0.0,0.0,0.0,False
2024-07-01,Monday,FLAT,Bull Call Spread,False,EOD,75,519.0,181.99,337.01,True
2024-07-01,Monday,FLAT,Bear Put Spread,False,STOP,61,-572.5,182.6,-755.1,False
2024-07-01,Monday,FLAT,Iron Condor,True,STOP,1,-1.5,338.91,-340.41,False
2024-07-02,Tuesday,UP,Bull Call Spread,True,STOP,6,-560.0,178.83,-738.83,False
2024-07-02,Tuesday,UP,Bear Put Spread,False,EOD,75,530.0,180.72,349.28,True
2024-07-02,Tuesday,UP,Iron Condor,False,EOD,75,-382.25,342.03,-724.28,False
2024-07-03,Wednesday,FLAT,Bull Call Spread,False,EOD,75,-5.0,177.39,-182.39,False
2024-07-03,Wednesday,FLAT,Bear Put Spread,False,EOD,75,5.25,178.08,-172.83,False
2024-07-03,Wednesday,FLAT,Iron Condor,True,EOD,75,-2.25,340.05,-342.3,False
2024-07-04,Thursday,FLAT,Bull Call Spread,False,STOP,71,-540.5,176.06,-716.56,False
2024-07-04,Thursday,FLAT,Bear Put Spread,False,EOD,75,458.75,174.44,284.31,True
2024-07-04,Thursday,FLAT,Iron Condor,True,STOP,69,-71.0,339.01,-410.01,False
2024-07-05,Friday,DOWN,Bull Call Spread,False,STOP,3,-340.5,171.24,-511.74,False
2024-07-05,Friday,DOWN,Bear Put Spread,True,TARGET,3,342.0,170.5,171.5,True
2024-07-05,Friday,DOWN,Iron Condor,False,NOSIM,0,0.0,0.0,0.0,False
2024-07-08,Monday,UP,Bull Call Spread,True,EOD,75,7.5,178.4,-170.9,False
2024-07-08,Monday,UP,Bear Put Spread,False,EOD,75,-7.75,180.21,-187.96,False
2024-07-08,Monday,UP,Iron Condor,False,EOD,75,2.5,340.37,-337.87,False
2024-07-09,Tuesday,FLAT,Bull Call Spread,False,EOD,75,261.5,182.51,78.99,True
2024-07-09,Tuesday,FLAT,Bear Put Spread,False,EOD,75,-252.75,182.37,-435.12,False
2024-07-09,Tuesday,FLAT,Iron Condor,True,EOD,75,74.0,342.02,-268.02,False
2024-07-10,Wednesday,UP,Bull Call Spread,True,STOP,14,-807.5,181.19,-988.69,False
2024-07-10,Wednesday,UP,Bear Put Spread,False,TARGET,17,1227.75,180.24,1047.51,True
2024-07-10,Wednesday,UP,Iron Condor,False,STOP,17,-526.75,340.27,-867.02,False
2024-07-11,Thursday,DOWN,Bull Call Spread,False,STOP,12,-546.25,177.62,-723.87,False
2024-07-11,Thursday,DOWN,Bear Put Spread,True,TARGET,34,1042.0,177.89,864.11,True
2024-07-11,Thursday,DOWN,Iron Condor,False,EOD,75,161.0,343.96,-182.96,False
2024-07-12,Friday,FLAT,Bull Call Spread,False,TARGET,20,1055.0,171.66,883.34,True
2024-07-12,Friday,FLAT,Bear Put Spread,False,STOP,3,-451.5,172.43,-623.93,False
2024-07-12,Friday,FLAT,Iron Condor,True,NOSIM,0,0.0,0.0,0.0,False
2024-07-15,Monday,UP,Bull Call Spread,True,EOD,75,3.0,181.39,-178.39,False
2024-07-15,Monday,UP,Bear Put Spread,False,EOD,75,-3.0,182.5,-185.5,False
2024-07-15,Monday,UP,Iron Condor,False,EOD,75,-0.75,341.2,-341.95,False
2024-07-16,Tuesday,FLAT,Bull Call Spread,False,EOD,75,-85.25,177.83,-263.08,False
2024-07-16,Tuesday,FLAT,Bear Put Spread,False,EOD,75,84.25,176.44,-92.19,False
2024-07-16,Tuesday,FLAT,Iron Condor,True,EOD,75,-52.25,343.01,-395.26,False
2024-07-18,Thursday,FLAT,Bull Call Spread,False,TARGET,58,1104.0,180.5,923.5,True
2024-07-18,Thursday,FLAT,Bear Put Spread,False,STOP,48,-668.0,181.03,-849.03,False
2024-07-18,Thursday,FLAT,Iron Condor,True,STOP,60,-514.5,340.32,-854.82,False
2024-07-19,Friday,UP,Bull Call Spread,True,STOP,1,-495.25,170.56,-665.81,False
2024-07-19,Friday,UP,Bear Put Spread,False,TARGET,1,2191.0,170.35,2020.65,True
2024-07-19,Friday,UP,Iron Condor,False,STOP,1,-1436.75,339.04,-1775.79,False
2024-07-22,Monday,DOWN,Bull Call Spread,False,EOD,75,178.5,191.31,-12.81,False
2024-07-22,Monday,DOWN,Bear Put Spread,True,EOD,75,-177.0,191.65,-368.65,False
2024-07-22,Monday,DOWN,Iron Condor,False,EOD,75,0.75,340.54,-339.79,False
2024-07-23,Tuesday,FLAT,Bull Call Spread,False,STOP,37,-728.0,190.74,-918.74,False
2024-07-23,Tuesday,FLAT,Bear Put Spread,False,EOD,75,253.5,188.79,64.71,True
2024-07-23,Tuesday,FLAT,Iron Condor,True,EOD,75,-97.5,343.12,-440.62,False
2024-07-24,Wednesday,FLAT,Bull Call Spread,False,STOP,41,-527.25,180.0,-707.25,False
2024-07-24,Wednesday,FLAT,Bear Put Spread,False,EOD,75,13.75,180.42,-166.67,False
2024-07-24,Wednesday,FLAT,Iron Condor,True,EOD,75,-1.25,340.06,-341.31,False
2024-07-25,Thursday,FLAT,Bull Call Spread,False,TARGET,31,865.75,174.46,691.29,True
2024-07-25,Thursday,FLAT,Bear Put Spread,False,STOP,18,-567.25,175.97,-743.22,False
2024-07-25,Thursday,FLAT,Iron Condor,True,TARGET,10,124.5,339.6,-215.1,False
2024-07-26,Friday,UP,Bull Call Spread,True,TARGET,1,915.75,171.21,744.54,True
2024-07-26,Friday,UP,Bear Put Spread,False,STOP,1,-183.75,169.91,-353.66,False
2024-07-26,Friday,UP,Iron Condor,False,NOSIM,0,0.0,0.0,0.0,False
2024-07-29,Monday,UP,Bull Call Spread,True,STOP,60,-559.5,181.08,-740.58,False
2024-07-29,Monday,UP,Bear Put Spread,False,EOD,75,436.0,181.66,254.34,True
2024-07-29,Monday,UP,Iron Condor,False,EOD,75,379.75,348.42,31.33,True
2024-07-30,Tuesday,DOWN,Bull Call Spread,False,EOD,75,6.5,180.15,-173.65,False
2024-07-30,Tuesday,DOWN,Bear Put Spread,True,EOD,75,-6.75,181.08,-187.83,False
2024-07-30,Tuesday,DOWN,Iron Condor,False,STOP,65,-77.25,339.07,-416.32,False
2024-07-31,Wednesday,FLAT,Bull Call Spread,False,EOD,75,476.0,178.08,297.92,True
2024-07-31,Wednesday,FLAT,Bear Put Spread,False,EOD,75,-449.25,179.22,-628.47,False
2024-07-31,Wednesday,FLAT,Iron Condor,True,STOP,75,-45.75,338.97,-384.72,False
2024-08-01,Thursday,UP,Bull Call Spread,True,EOD,75,-121.0,177.91,-298.91,False
2024-08-01,Thursday,UP,Bear Put Spread,False,EOD,75,128.25,179.57,-51.32,False
2024-08-01,Thursday,UP,Iron Condor,False,EOD,75,5.5,339.45,-333.95,False
2024-08-02,Friday,FLAT,Bull Call Spread,False,STOP,70,-466.5,174.18,-640.68,False
2024-08-02,Friday,FLAT,Bear Put Spread,False,EOD,75,708.0,175.02,532.98,True
2024-08-02,Friday,FLAT,Iron Condor,True,NOSIM,0,0.0,0.0,0.0,False
2024-08-05,Monday,DOWN,Bull Call Spread,False,STOP,20,-620.75,184.1,-804.85,False
2024-08-05,Monday,DOWN,Bear Put Spread,True,TARGET,26,1320.75,183.78,1136.97,True
2024-08-05,Monday,DOWN,Iron Condor,False,STOP,25,-959.0,343.31,-1302.31,False
2024-08-06,Tuesday,DOWN,Bull Call Spread,False,STOP,66,-568.75,187.99,-756.74,False
2024-08-06,Tuesday,DOWN,Bear Put Spread,True,EOD,75,455.5,188.92,266.58,True
2024-08-06,Tuesday,DOWN,Iron Condor,False,EOD,75,-428.25,349.94,-778.19,False
2024-08-07,Wednesday,DOWN,Bull Call Spread,False,EOD,75,96.5,182.71,-86.21,False
2024-08-07,Wednesday,DOWN,Bear Put Spread,True,EOD,75,-96.5,183.66,-280.16,False
2024-08-07,Wednesday,DOWN,Iron Condor,False,EOD,75,-15.0,339.29,-354.29,False
2024-08-08,Thursday,UP,Bull Call Spread,True,STOP,11,-579.5,178.18,-757.68,False
2024-08-08,Thursday,UP,Bear Put Spread,False,EOD,75,804.25,178.27,625.98,True
2024-08-08,Thursday,UP,Iron Condor,False,EOD,75,-541.0,340.8,-881.8,False
2024-08-09,Friday,DOWN,Bull Call Spread,False,STOP,1,-238.75,170.11,-408.86,False
2024-08-09,Friday,DOWN,Bear Put Spread,True,TARGET,1,762.5,170.84,591.66,True
2024-08-09,Friday,DOWN,Iron Condor,False,NOSIM,0,0.0,0.0,0.0,False
2024-08-12,Monday,FLAT,Bull Call Spread,False,EOD,75,110.5,183.89,-73.39,False
2024-08-12,Monday,FLAT,Bear Put Spread,False,EOD,75,-107.25,181.95,-289.2,False
2024-08-12,Monday,FLAT,Iron Condor,True,EOD,75,-18.5,339.34,-357.84,False
2024-08-13,Tuesday,FLAT,Bull Call Spread,False,STOP,46,-541.25,180.15,-721.4,False
2024-08-13,Tuesday,FLAT,Bear Put Spread,False,EOD,75,897.5,180.81,716.69,True
2024-08-13,Tuesday,FLAT,Iron Condor,True,EOD,75,2.5,339.06,-336.56,False
2024-08-14,Wednesday,DOWN,Bull Call Spread,False,EOD,75,-200.25,177.49,-377.74,False
2024-08-14,Wednesday,DOWN,Bear Put Spread,True,EOD,75,215.75,178.83,36.92,True
2024-08-14,Wednesday,DOWN,Iron Condor,False,STOP,1,-3.5,338.91,-342.41,False
2024-08-16,Friday,FLAT,Bull Call Spread,False,TARGET,2,899.75,170.06,729.69,True
2024-08-16,Friday,FLAT,Bear Put Spread,False,STOP,2,-562.75,170.9,-733.65,False
2024-08-16,Friday,FLAT,Iron Condor,True,NOSIM,0,0.0,0.0,0.0,False
2024-08-19,Monday,UP,Bull Call Spread,True,EOD,75,-244.25,179.86,-424.11,False
2024-08-19,Monday,UP,Bear Put Spread,False,EOD,75,259.75,181.07,78.68,True
2024-08-19,Monday,UP,Iron Condor,False,EOD,75,96.0,340.56,-244.56,False
2024-08-20,Tuesday,FLAT,Bull Call Spread,False,EOD,75,119.0,178.93,-59.93,False
2024-08-20,Tuesday,FLAT,Bear Put Spread,False,EOD,75,-116.75,179.0,-295.75,False
2024-08-20,Tuesday,FLAT,Iron Condor,True,EOD,75,-39.0,340.1,-379.1,False
2024-08-21,Wednesday,UP,Bull Call Spread,True,EOD,75,430.25,180.39,249.86,True
2024-08-21,Wednesday,UP,Bear Put Spread,False,EOD,75,-415.0,182.15,-597.15,False
2024-08-21,Wednesday,UP,Iron Condor,False,EOD,75,-117.0,343.22,-460.22,False
2024-08-22,Thursday,UP,Bull Call Spread,True,EOD,75,-211.5,182.41,-393.91,False
2024-08-22,Thursday,UP,Bear Put Spread,False,EOD,75,215.75,181.12,34.63,True
2024-08-22,Thursday,UP,Iron Condor,False,EOD,75,62.25,348.12,-285.87,False
2024-08-23,Friday,FLAT,Bull Call Spread,False,STOP,1,-326.0,170.47,-496.47,False
2024-08-23,Friday,FLAT,Bear Put Spread,False,TARGET,1,685.25,170.72,514.53,True
2024-08-23,Friday,FLAT,Iron Condor,True,NOSIM,0,0.0,0.0,0.0,False
2024-08-26,Monday,FLAT,Bull Call Spread,False,EOD,75,391.5,183.82,207.68,True
2024-08-26,Monday,FLAT,Bear Put Spread,False,EOD,75,-371.5,183.19,-554.69,False
2024-08-26,Monday,FLAT,Iron Condor,True,EOD,75,5.75,338.96,-333.21,False
2024-08-27,Tuesday,UP,Bull Call Spread,True,EOD,75,-150.5,179.01,-329.51,False
2024-08-27,Tuesday,UP,Bear Put Spread,False,EOD,75,147.5,176.81,-29.31,False
2024-08-27,Tuesday,UP,Iron Condor,False,STOP,1,0.0,338.91,-338.91,False
2024-08-28,Wednesday,FLAT,Bull Call Spread,False,EOD,75,93.25,174.6,-81.35,False
2024-08-28,Wednesday,FLAT,Bear Put Spread,False,STOP,58,-535.25,176.13,-711.38,False
2024-08-28,Wednesday,FLAT,Iron Condor,True,NOSIM,0,0.0,0.0,0.0,False
2024-08-29,Thursday,FLAT,Bull Call Spread,False,TARGET,39,990.5,172.87,817.63,True
2024-08-29,Thursday,FLAT,Bear Put Spread,False,STOP,8,-523.0,173.93,-696.93,False
2024-08-29,Thursday,FLAT,Iron Condor,True,TARGET,15,462.25,341.67,120.58,True
2024-08-30,Friday,UP,Bull Call Spread,True,STOP,4,-399.5,171.59,-571.09,False
2024-08-30,Friday,UP,Bear Put Spread,False,EOD,75,30.5,171.61,-141.11,False
2024-08-30,Friday,UP,Iron Condor,False,NOSIM,0,0.0,0.0,0.0,False
2024-09-02,Monday,FLAT,Bull Call Spread,False,EOD,75,-269.75,178.74,-448.49,False
2024-09-02,Monday,FLAT,Bear Put Spread,False,EOD,75,291.25,180.18,111.07,True
2024-09-02,Monday,FLAT,Iron Condor,True,EOD,75,-117.75,340.41,-458.16,False
2024-09-03,Tuesday,DOWN,Bull Call Spread,False,EOD,75,-232.75,178.69,-411.44,False
2024-09-03,Tuesday,DOWN,Bear Put Spread,True,EOD,75,237.75,177.49,60.26,True
2024-09-03,Tuesday,DOWN,Iron Condor,False,EOD,75,-98.25,339.99,-438.24,False
2024-09-04,Wednesday,FLAT,Bull Call Spread,False,EOD,75,778.0,175.48,602.52,True
2024-09-04,Wednesday,FLAT,Bear Put Spread,False,STOP,49,-517.25,176.29,-693.54,False
2024-09-04,Wednesday,FLAT,Iron Condor,True,TARGET,70,434.25,342.3,91.95,True
2024-09-05,Thursday,FLAT,Bull Call Spread,False,EOD,75,-364.0,184.1,-548.1,False
2024-09-05,Thursday,FLAT,Bear Put Spread,False,EOD,75,382.5,184.0,198.5,True
2024-09-05,Thursday,FLAT,Iron Condor,True,EOD,75,39.25,356.96,-317.71,False
2024-09-06,Friday,DOWN,Bull Call Spread,False,STOP,7,-550.0,172.49,-722.49,False
2024-09-06,Friday,DOWN,Bear Put Spread,True,STOP,4,-444.5,172.92,-617.42,False
2024-09-06,Friday,DOWN,Iron Condor,False,NOSIM,0,0.0,0.0,0.0,False
2024-09-09,Monday,DOWN,Bull Call Spread,False,EOD,75,443.5,184.58,258.92,True
2024-09-09,Monday,DOWN,Bear Put Spread,True,EOD,75,-411.5,182.31,-593.81,False
2024-09-09,Monday,DOWN,Iron Condor,False,STOP,1,0.0,338.91,-338.91,False
2024-09-10,Tuesday,UP,Bull Call Spread,True,EOD,75,266.0,178.84,87.16,True
2024-09-10,Tuesday,UP,Bear Put Spread,False,STOP,51,-552.75,178.86,-731.61,False
2024-09-10,Tuesday,UP,Iron Condor,False,STOP,1,0.0,338.91,-338.91,False
2024-09-11,Wednesday,FLAT,Bull Call Spread,False,STOP,60,-530.75,175.38,-706.13,False
2024-09-11,Wednesday,FLAT,Bear Put Spread,False,EOD,75,549.25,176.68,372.57,True
2024-09-11,Wednesday,FLAT,Iron Condor,True,TARGET,16,17.25,338.98,-321.73,False
2024-09-12,Thursday,DOWN,Bull Call Spread,False,STOP,27,-626.5,175.37,-801.87,False
2024-09-12,Thursday,DOWN,Bear Put Spread,True,STOP,58,-465.5,174.58,-640.08,False
2024-09-12,Thursday,DOWN,Iron Condor,False,NOSIM,0,0.0,0.0,0.0,False
2024-09-13,Friday,UP,Bull Call Spread,True,STOP,2,-515.0,176.62,-691.62,False
2024-09-13,Friday,UP,Bear Put Spread,False,EOD,75,504.0,178.28,325.72,True
2024-09-13,Friday,UP,Iron Condor,False,NOSIM,0,0.0,0.0,0.0,False
2024-09-16,Monday,FLAT,Bull Call Spread,False,EOD,75,-129.25,180.81,-310.06,False
2024-09-16,Monday,FLAT,Bear Put Spread,False,EOD,75,131.0,180.17,-49.17,False
2024-09-16,Monday,FLAT,Iron Condor,True,EOD,75,-32.5,340.37,-372.87,False
2024-09-17,Tuesday,FLAT,Bull Call Spread,False,EOD,75,-36.5,184.21,-220.71,False
2024-09-17,Tuesday,FLAT,Bear Put Spread,False,EOD,75,35.75,182.56,-146.81,False
2024-09-17,Tuesday,FLAT,Iron Condor,True,EOD,75,-7.75,342.12,-349.87,False
2024-09-18,Wednesday,FLAT,Bull Call Spread,False,EOD,75,-305.0,178.02,-483.02,False
2024-09-18,Wednesday,FLAT,Bear Put Spread,False,EOD,75,323.25,177.78,145.47,True
2024-09-18,Wednesday,FLAT,Iron Condor,True,EOD,75,-65.75,339.39,-405.14,False
2024-09-19,Thursday,FLAT,Bull Call Spread,False,EOD,75,-197.5,178.56,-376.06,False
2024-09-19,Thursday,FLAT,Bear Put Spread,False,EOD,75,209.5,179.69,29.81,True
2024-09-19,Thursday,FLAT,Iron Condor,True,EOD,75,-12.75,339.56,-352.31,False
2024-09-20,Friday,FLAT,Bull Call Spread,False,TARGET,43,1105.0,180.84,924.16,True
2024-09-20,Friday,FLAT,Bear Put Spread,False,STOP,24,-669.0,183.05,-852.05,False
2024-09-20,Friday,FLAT,Iron Condor,True,NOSIM,0,0.0,0.0,0.0,False
2024-09-23,Monday,UP,Bull Call Spread,True,EOD,75,245.25,182.42,62.83,True
2024-09-23,Monday,UP,Bear Put Spread,False,EOD,75,-231.0,180.29,-411.29,False
2024-09-23,Monday,UP,Iron Condor,False,TARGET,1,1.25,338.92,-337.67,False
2024-09-24,Tuesday,UP,Bull Call Spread,True,EOD,75,145.75,180.63,-34.88,False
2024-09-24,Tuesday,UP,Bear Put Spread,False,EOD,75,-138.0,178.66,-316.66,False
2024-09-24,Tuesday,UP,Iron Condor,False,STOP,1,0.0,338.91,-338.91,False
2024-09-25,Wednesday,FLAT,Bull Call Spread,False,EOD,75,690.0,176.87,513.13,True
2024-09-25,Wednesday,FLAT,Bear Put Spread,False,STOP,71,-527.5,176.89,-704.39,False
2024-09-25,Wednesday,FLAT,Iron Condor,True,STOP,1,0.0,338.91,-338.91,False
2024-09-26,Thursday,FLAT,Bull Call Spread,False,EOD,75,787.5,180.97,606.53,True
2024-09-26,Thursday,FLAT,Bear Put Spread,False,STOP,65,-664.75,180.44,-845.19,False
2024-09-26,Thursday,FLAT,Iron Condor,True,STOP,1,0.0,338.91,-338.91,False
2024-09-27,Friday,UP,Bull Call Spread,True,STOP,1,-222.25,170.46,-392.71,False
2024-09-27,Friday,UP,Bear Put Spread,False,STOP,8,-194.75,170.55,-365.3,False
2024-09-27,Friday,UP,Iron Condor,False,NOSIM,0,0.0,0.0,0.0,False
2024-09-30,Monday,FLAT,Bull Call Spread,False,STOP,27,-577.25,182.8,-760.05,False
2024-09-30,Monday,FLAT,Bear Put Spread,False,EOD,75,945.5,181.7,763.8,True
2024-09-30,Monday,FLAT,Iron Condor,True,TARGET,4,3.5,338.92,-335.42,False
2024-10-01,Tuesday,DOWN,Bull Call Spread,False,EOD,75,88.0,183.05,-95.05,False
2024-10-01,Tuesday,DOWN,Bear Put Spread,True,EOD,75,-88.25,184.1,-272.35,False
2024-10-01,Tuesday,DOWN,Iron Condor,False,EOD,75,-70.75,345.33,-416.08,False
2024-10-03,Thursday,FLAT,Bull Call Spread,False,EOD,75,-492.75,189.69,-682.44,False
2024-10-03,Thursday,FLAT,Bear Put Spread,False,EOD,75,517.75,189.34,328.41,True
2024-10-03,Thursday,FLAT,Iron Condor,True,TARGET,59,235.0,342.77,-107.77,False
2024-10-04,Friday,DOWN,Bull Call Spread,False,STOP,62,-554.75,183.89,-738.64,False
2024-10-04,Friday,DOWN,Bear Put Spread,True,STOP,32,-599.5,185.57,-785.07,False
2024-10-04,Friday,DOWN,Iron Condor,False,NOSIM,0,0.0,0.0,0.0,False
2024-10-07,Monday,DOWN,Bull Call Spread,False,STOP,22,-635.25,188.67,-823.92,False
2024-10-07,Monday,DOWN,Bear Put Spread,True,EOD,75,728.0,190.18,537.82,True
2024-10-07,Monday,DOWN,Iron Condor,False,STOP,1,0.0,338.91,-338.91,False
2024-10-08,Tuesday,DOWN,Bull Call Spread,False,EOD,75,479.0,193.2,285.8,True
2024-10-08,Tuesday,DOWN,Bear Put Spread,True,EOD,75,-465.75,194.91,-660.66,False
2024-10-08,Tuesday,DOWN,Iron Condor,False,STOP,1,-3.0,338.91,-341.91,False
2024-10-09,Wednesday,UP,Bull Call Spread,True,EOD,75,-158.75,185.45,-344.2,False
2024-10-09,Wednesday,UP,Bear Put Spread,False,EOD,75,160.5,183.88,-23.38,False
2024-10-09,Wednesday,UP,Iron Condor,False,STOP,1,0.0,338.91,-338.91,False
2024-10-10,Thursday,DOWN,Bull Call Spread,False,EOD,75,-158.0,191.15,-349.15,False
2024-10-10,Thursday,DOWN,Bear Put Spread,True,EOD,75,159.25,189.39,-30.14,False
2024-10-10,Thursday,DOWN,Iron Condor,False,EOD,75,80.25,345.52,-265.27,False
2024-10-11,Friday,FLAT,Bull Call Spread,False,STOP,25,-371.5,172.14,-543.64,False
2024-10-11,Friday,FLAT,Bear Put Spread,False,EOD,75,105.25,173.14,-67.89,False
2024-10-11,Friday,FLAT,Iron Condor,True,NOSIM,0,0.0,0.0,0.0,False
2024-10-14,Monday,DOWN,Bull Call Spread,False,EOD,75,417.5,185.68,231.82,True
2024-10-14,Monday,DOWN,Bear Put Spread,True,EOD,75,-390.75,183.38,-574.13,False
2024-10-14,Monday,DOWN,Iron Condor,False,NOSIM,0,0.0,0.0,0.0,False
2024-10-15,Tuesday,UP,Bull Call Spread,True,EOD,75,-356.5,186.49,-542.99,False
2024-10-15,Tuesday,UP,Bear Put Spread,False,EOD,75,374.5,187.76,186.74,True
2024-10-15,Tuesday,UP,Iron Condor,False,EOD,75,-287.25,349.64,-636.89,False
2024-10-16,Wednesday,DOWN,Bull Call Spread,False,EOD,75,-151.5,187.02,-338.52,False
2024-10-16,Wednesday,DOWN,Bear Put Spread,True,EOD,75,153.5,186.13,-32.63,False
2024-10-16,Wednesday,DOWN,Iron Condor,False,NOSIM,0,0.0,0.0,0.0,False
2024-10-17,Thursday,FLAT,Bull Call Spread,False,STOP,7,-607.5,184.92,-792.42,False
2024-10-17,Thursday,FLAT,Bear Put Spread,False,EOD,75,881.25,187.06,694.19,True
2024-10-17,Thursday,FLAT,Iron Condor,True,EOD,75,-240.5,344.06,-584.56,False
2024-10-18,Friday,DOWN,Bull Call Spread,False,EOD,75,594.5,188.21,406.29,True
2024-10-18,Friday,DOWN,Bear Put Spread,True,STOP,54,-569.5,186.68,-756.18,False
2024-10-18,Friday,DOWN,Iron Condor,False,NOSIM,0,0.0,0.0,0.0,False
2024-10-21,Monday,UP,Bull Call Spread,True,STOP,4,-551.75,181.18,-732.93,False
2024-10-21,Monday,UP,Bear Put Spread,False,EOD,75,941.25,180.57,760.68,True
2024-10-21,Monday,UP,Iron Condor,False,STOP,1,0.0,338.91,-338.91,False
2024-10-22,Tuesday,DOWN,Bull Call Spread,False,STOP,47,-575.0,187.06,-762.06,False
2024-10-22,Tuesday,DOWN,Bear Put Spread,True,EOD,75,953.5,187.13,766.37,True
2024-10-22,Tuesday,DOWN,Iron Condor,False,EOD,75,324.25,349.24,-24.99,False
2024-10-23,Wednesday,DOWN,Bull Call Spread,False,EOD,75,255.75,179.54,76.21,True
2024-10-23,Wednesday,DOWN,Bear Put Spread,True,STOP,10,-630.25,181.5,-811.75,False
2024-10-23,Wednesday,DOWN,Iron Condor,False,EOD,75,54.0,340.55,-286.55,False
2024-10-24,Thursday,FLAT,Bull Call Spread,False,EOD,75,11.0,177.95,-166.95,False
2024-10-24,Thursday,FLAT,Bear Put Spread,False,EOD,75,-10.75,176.82,-187.57,False
2024-10-24,Thursday,FLAT,Iron Condor,True,EOD,75,1.25,339.22,-337.97,False
2024-10-25,Friday,FLAT,Bull Call Spread,False,STOP,2,-333.75,171.34,-505.09,False
2024-10-25,Friday,FLAT,Bear Put Spread,False,TARGET,2,287.5,170.33,117.17,True
2024-10-25,Friday,FLAT,Iron Condor,True,NOSIM,0,0.0,0.0,0.0,False
2024-10-28,Monday,DOWN,Bull Call Spread,False,EOD,75,431.0,183.65,247.35,True
2024-10-28,Monday,DOWN,Bear Put Spread,True,STOP,17,-565.0,183.5,-748.5,False
2024-10-28,Monday,DOWN,Iron Condor,False,STOP,17,-118.75,339.25,-458.0,False
2024-10-29,Tuesday,UP,Bull Call Spread,True,STOP,19,-553.75,183.5,-737.25,False
2024-10-29,Tuesday,UP,Bear Put Spread,False,EOD,75,-425.0,185.47,-610.47,False
2024-10-29,Tuesday,UP,Iron Condor,False,EOD,75,117.0,343.91,-226.91,False
2024-10-30,Wednesday,UP,Bull Call Spread,True,EOD,75,-84.25,183.24,-267.49,False
2024-10-30,Wednesday,UP,Bear Put Spread,False,EOD,75,83.25,181.18,-97.93,False
2024-10-30,Wednesday,UP,Iron Condor,False,EOD,75,-29.0,341.64,-370.64,False
2024-10-31,Thursday,DOWN,Bull Call Spread,False,STOP,4,-527.5,176.33,-703.83,False
2024-10-31,Thursday,DOWN,Bear Put Spread,True,TARGET,43,995.0,176.31,818.69,True
2024-10-31,Thursday,DOWN,Iron Condor,False,STOP,5,-193.5,339.23,-532.73,False
2024-11-04,Monday,FLAT,Bull Call Spread,False,STOP,3,-611.75,190.89,-802.64,False
2024-11-04,Monday,FLAT,Bear Put Spread,False,TARGET,22,1182.75,189.26,993.49,True
2024-11-04,Monday,FLAT,Iron Condor,True,STOP,1,0.0,338.91,-338.91,False
2024-11-05,Tuesday,DOWN,Bull Call Spread,False,EOD,75,835.0,188.19,646.81,True
2024-11-05,Tuesday,DOWN,Bear Put Spread,True,STOP,57,-584.75,186.51,-771.26,False
2024-11-05,Tuesday,DOWN,Iron Condor,False,STOP,1,0.0,338.91,-338.91,False
2024-11-06,Wednesday,UP,Bull Call Spread,True,EOD,75,654.75,184.69,470.06,True
2024-11-06,Wednesday,UP,Bear Put Spread,False,STOP,53,-557.75,183.8,-741.55,False
2024-11-06,Wednesday,UP,Iron Condor,False,STOP,1,0.0,338.91,-338.91,False
2024-11-07,Thursday,UP,Bull Call Spread,True,STOP,9,-707.5,182.62,-890.12,False
2024-11-07,Thursday,UP,Bear Put Spread,False,EOD,75,1084.5,183.56,900.94,True
2024-11-07,Thursday,UP,Iron Condor,False,STOP,9,-401.75,340.3,-742.05,False
2024-11-08,Friday,DOWN,Bull Call Spread,False,EOD,75,-285.75,188.0,-473.75,False
2024-11-08,Friday,DOWN,Bear Put Spread,True,EOD,75,294.0,187.18,106.82,True
2024-11-08,Friday,DOWN,Iron Condor,False,NOSIM,0,0.0,0.0,0.0,False
2024-11-11,Monday,DOWN,Bull Call Spread,False,EOD,75,124.75,183.35,-58.6,False
2024-11-11,Monday,DOWN,Bear Put Spread,True,STOP,21,-601.0,184.51,-785.51,False
2024-11-11,Monday,DOWN,Iron Condor,False,STOP,17,-58.0,339.01,-397.01,False
2024-11-12,Tuesday,FLAT,Bull Call Spread,False,STOP,43,-614.75,187.5,-802.25,False
2024-11-12,Tuesday,FLAT,Bear Put Spread,False,EOD,75,1047.25,189.82,857.43,True
2024-11-12,Tuesday,FLAT,Iron Condor,True,STOP,1,0.0,338.91,-338.91,False
2024-11-13,Wednesday,DOWN,Bull Call Spread,False,STOP,12,-639.0,179.04,-818.04,False
2024-11-13,Wednesday,DOWN,Bear Put Spread,True,TARGET,47,972.0,177.04,794.96,True
2024-11-13,Wednesday,DOWN,Iron Condor,False,STOP,1,0.0,338.91,-338.91,False
2024-11-14,Thursday,DOWN,Bull Call Spread,False,EOD,75,53.0,186.88,-133.88,False
2024-11-14,Thursday,DOWN,Bear Put Spread,True,EOD,75,-53.0,187.58,-240.58,False
2024-11-14,Thursday,DOWN,Iron Condor,False,EOD,75,23.25,341.44,-318.19,False
2024-11-18,Monday,FLAT,Bull Call Spread,False,STOP,3,-623.25,178.73,-801.98,False
2024-11-18,Monday,FLAT,Bear Put Spread,False,TARGET,5,1088.75,178.23,910.52,True
2024-11-18,Monday,FLAT,Iron Condor,True,NOSIM,0,0.0,0.0,0.0,False
2024-11-19,Tuesday,DOWN,Bull Call Spread,False,EOD,75,-190.0,185.18,-375.18,False
2024-11-19,Tuesday,DOWN,Bear Put Spread,True,STOP,15,-647.5,187.1,-834.6,False
2024-11-19,Tuesday,DOWN,Iron Condor,False,EOD,75,91.0,342.03,-251.03,False
2024-11-21,Thursday,FLAT,Bull Call Spread,False,STOP,5,-1788.75,369.36,-2158.11,False
2024-11-21,Thursday,FLAT,Bear Put Spread,False,EOD,75,1348.5,372.54,975.96,True
2024-11-21,Thursday,FLAT,Iron Condor,True,EOD,75,-264.0,656.23,-920.23,False
2024-11-22,Friday,DOWN,Bull Call Spread,False,TARGET,2,5526.75,323.46,5203.29,True
2024-11-22,Friday,DOWN,Bear Put Spread,True,STOP,2,-864.0,321.49,-1185.49,False
2024-11-22,Friday,DOWN,Iron Condor,False,NOSIM,0,0.0,0.0,0.0,False
2024-11-25,Monday,UP,Bull Call Spread,True,EOD,75,-21.75,383.83,-405.58,False
2024-11-25,Monday,UP,Bear Put Spread,False,EOD,75,21.75,382.54,-360.79,False
2024-11-25,Monday,UP,Iron Condor,False,EOD,75,8.25,645.69,-637.44,False
2024-11-26,Tuesday,UP,Bull Call Spread,True,STOP,38,-1817.25,366.75,-2184.0,False
2024-11-26,Tuesday,UP,Bear Put Spread,False,EOD,75,1510.5,368.51,1141.99,True
2024-11-26,Tuesday,UP,Iron Condor,False,TARGET,13,335.25,642.48,-307.23,False
2024-11-27,Wednesday,DOWN,Bull Call Spread,False,EOD,75,1158.75,346.72,812.03,True
2024-11-27,Wednesday,DOWN,Bear Put Spread,True,STOP,47,-1596.0,345.36,-1941.36,False
2024-11-27,Wednesday,DOWN,Iron Condor,False,STOP,1,0.0,639.13,-639.13,False
2024-11-28,Thursday,UP,Bull Call Spread,True,STOP,17,-2248.5,344.79,-2593.29,False
2024-11-28,Thursday,UP,Bear Put Spread,False,TARGET,18,2694.75,338.55,2356.2,True
2024-11-28,Thursday,UP,Iron Condor,False,STOP,17,-1313.25,641.91,-1955.16,False
2024-11-29,Friday,DOWN,Bull Call Spread,False,EOD,75,1773.0,370.47,1402.53,True
2024-11-29,Friday,DOWN,Bear Put Spread,True,STOP,26,-1827.0,376.99,-2203.99,False
2024-11-29,Friday,DOWN,Iron Condor,False,NOSIM,0,0.0,0.0,0.0,False
2024-12-02,Monday,UP,Bull Call Spread,True,EOD,75,1334.25,366.78,967.47,True
2024-12-02,Monday,UP,Bear Put Spread,False,EOD,75,-1281.75,369.26,-1651.01,False
2024-12-02,Monday,UP,Iron Condor,False,EOD,75,-213.75,640.2,-853.95,False
2024-12-03,Tuesday,UP,Bull Call Spread,True,EOD,75,651.75,382.37,269.38,True
2024-12-03,Tuesday,UP,Bear Put Spread,False,EOD,75,-633.75,376.96,-1010.71,False
2024-12-03,Tuesday,UP,Iron Condor,False,EOD,75,-288.75,647.54,-936.29,False
2024-12-04,Wednesday,UP,Bull Call Spread,True,EOD,75,-345.75,352.15,-697.9,False
2024-12-04,Wednesday,UP,Bear Put Spread,False,EOD,75,357.75,355.13,2.62,True
2024-12-04,Wednesday,UP,Iron Condor,False,EOD,75,76.5,641.12,-564.62,False
2024-12-05,Thursday,FLAT,Bull Call Spread,False,STOP,21,-1689.0,374.07,-2063.07,False
2024-12-05,Thursday,FLAT,Bear Put Spread,False,STOP,61,-1868.25,377.07,-2245.32,False
2024-12-05,Thursday,FLAT,Iron Condor,True,EOD,75,-873.75,652.84,-1526.59,False
2024-12-06,Friday,UP,Bull Call Spread,True,EOD,75,-574.5,365.92,-940.42,False
2024-12-06,Friday,UP,Bear Put Spread,False,EOD,75,596.25,371.71,224.54,True
2024-12-06,Friday,UP,Iron Condor,False,EOD,75,-168.0,704.1,-872.1,False
2024-12-09,Monday,FLAT,Bull Call Spread,False,EOD,76,-59.25,385.58,-444.83,False
2024-12-09,Monday,FLAT,Bear Put Spread,False,EOD,76,60.75,390.18,-329.43,False
2024-12-09,Monday,FLAT,Iron Condor,True,EOD,76,2.25,639.24,-636.99,False
2024-12-10,Tuesday,DOWN,Bull Call Spread,False,EOD,75,-367.5,359.77,-727.27,False
2024-12-10,Tuesday,DOWN,Bear Put Spread,True,EOD,75,373.5,358.88,14.62,True
2024-12-10,Tuesday,DOWN,Iron Condor,False,STOP,1,0.0,639.13,-639.13,False
2024-12-11,Wednesday,FLAT,Bull Call Spread,False,EOD,75,74.25,383.58,-309.33,False
2024-12-11,Wednesday,FLAT,Bear Put Spread,False,EOD,75,-72.75,377.28,-450.03,False
2024-12-11,Wednesday,FLAT,Iron Condor,True,EOD,75,29.25,647.49,-618.24,False
2024-12-12,Thursday,FLAT,Bull Call Spread,False,EOD,75,-1209.75,338.76,-1548.51,False
2024-12-12,Thursday,FLAT,Bear Put Spread,False,EOD,75,1329.0,337.6,991.4,True
2024-12-12,Thursday,FLAT,Iron Condor,True,TARGET,36,78.0,639.47,-561.47,False
2024-12-13,Friday,DOWN,Bull Call Spread,False,STOP,14,-1820.25,381.6,-2201.85,False
2024-12-13,Friday,DOWN,Bear Put Spread,True,STOP,55,-1810.5,381.88,-2192.38,False
2024-12-13,Friday,DOWN,Iron Condor,False,NOSIM,0,0.0,0.0,0.0,False
2024-12-16,Monday,UP,Bull Call Spread,True,STOP,36,-1671.75,357.33,-2029.08,False
2024-12-16,Monday,UP,Bear Put Spread,False,EOD,75,1299.0,356.25,942.75,True
2024-12-16,Monday,UP,Iron Condor,False,EOD,75,-977.25,651.2,-1628.45,False
2024-12-17,Tuesday,FLAT,Bull Call Spread,False,STOP,14,-1611.0,358.89,-1969.89,False
2024-12-17,Tuesday,FLAT,Bear Put Spread,False,EOD,76,2927.25,363.06,2564.19,True
2024-12-17,Tuesday,FLAT,Iron Condor,True,STOP,30,-773.25,641.52,-1414.77,False
2024-12-18,Wednesday,DOWN,Bull Call Spread,False,EOD,75,-682.5,378.92,-1061.42,False
2024-12-18,Wednesday,DOWN,Bear Put Spread,True,EOD,75,699.0,379.32,319.68,True
2024-12-18,Wednesday,DOWN,Iron Condor,False,EOD,75,-286.5,663.35,-949.85,False
2024-12-19,Thursday,DOWN,Bull Call Spread,False,EOD,76,713.25,375.16,338.09,True
2024-12-19,Thursday,DOWN,Bear Put Spread,True,EOD,76,-708.75,381.72,-1090.47,False
2024-12-19,Thursday,DOWN,Iron Condor,False,NOSIM,0,0.0,0.0,0.0,False
2024-12-20,Friday,FLAT,Bull Call Spread,False,STOP,45,-1751.25,375.32,-2126.57,False
2024-12-20,Friday,FLAT,Bear Put Spread,False,TARGET,72,3635.25,371.98,3263.27,True
2024-12-20,Friday,FLAT,Iron Condor,True,NOSIM,0,0.0,0.0,0.0,False
2024-12-23,Monday,DOWN,Bull Call Spread,False,EOD,75,85.5,368.2,-282.7,False
2024-12-23,Monday,DOWN,Bear Put Spread,True,EOD,75,-86.25,371.45,-457.7,False
2024-12-23,Monday,DOWN,Iron Condor,False,EOD,75,15.0,641.32,-626.32,False
2024-12-24,Tuesday,FLAT,Bull Call Spread,False,EOD,75,-663.0,345.22,-1008.22,False
2024-12-24,Tuesday,FLAT,Bear Put Spread,False,STOP,16,-1452.0,340.21,-1792.21,False
2024-12-24,Tuesday,FLAT,Iron Condor,True,TARGET,16,501.0,642.5,-141.5,False
2024-12-26,Thursday,FLAT,Bull Call Spread,False,EOD,75,-237.0,342.24,-579.24,False
2024-12-26,Thursday,FLAT,Bear Put Spread,False,EOD,75,253.5,348.51,-95.01,False
2024-12-26,Thursday,FLAT,Iron Condor,True,EOD,75,135.75,645.73,-509.98,False
2024-12-27,Friday,DOWN,Bull Call Spread,False,TARGET,12,2828.25,335.75,2492.5,True
2024-12-27,Friday,DOWN,Bear Put Spread,True,STOP,7,-1503.0,335.37,-1838.37,False
2024-12-27,Friday,DOWN,Iron Condor,False,NOSIM,0,0.0,0.0,0.0,False
2024-12-30,Monday,FLAT,Bull Call Spread,False,STOP,72,-1728.0,365.08,-2093.08,False
2024-12-30,Monday,FLAT,Bear Put Spread,False,EOD,75,1444.5,365.8,1078.7,True
2024-12-30,Monday,FLAT,Iron Condor,True,STOP,1,0.0,639.13,-639.13,False
2024-12-31,Tuesday,DOWN,Bull Call Spread,False,EOD,76,1392.75,355.99,1036.76,True
2024-12-31,Tuesday,DOWN,Bear Put Spread,True,EOD,76,-1287.75,352.93,-1640.68,False
2024-12-31,Tuesday,DOWN,Iron Condor,False,STOP,1,0.0,639.13,-639.13,False
2025-01-01,Wednesday,FLAT,Bull Call Spread,False,EOD,75,1015.5,377.08,638.42,True
2025-01-01,Wednesday,FLAT,Bear Put Spread,False,EOD,75,-993.75,380.52,-1374.27,False
2025-01-01,Wednesday,FLAT,Iron Condor,True,EOD,75,-271.5,642.13,-913.63,False
2025-01-02,Thursday,UP,Bull Call Spread,True,TARGET,68,3449.25,375.7,3073.55,True
2025-01-02,Thursday,UP,Bear Put Spread,False,STOP,39,-1863.75,380.52,-2244.27,False
2025-01-02,Thursday,UP,Iron Condor,False,EOD,76,-1274.25,647.98,-1922.23,False
2025-01-03,Friday,UP,Bull Call Spread,True,STOP,6,-1683.75,343.7,-2027.45,False
2025-01-03,Friday,UP,Bear Put Spread,False,TARGET,17,3122.25,344.54,2777.71,True
2025-01-03,Friday,UP,Iron Condor,False,NOSIM,0,0.0,0.0,0.0,False
2025-01-06,Monday,DOWN,Bull Call Spread,False,STOP,22,-1750.5,383.62,-2134.12,False
2025-01-06,Monday,DOWN,Bear Put Spread,True,EOD,75,3122.25,384.65,2737.6,True
2025-01-06,Monday,DOWN,Iron Condor,False,STOP,1,0.0,639.13,-639.13,False
2025-01-07,Tuesday,DOWN,Bull Call Spread,False,EOD,75,122.25,376.23,-253.98,False
2025-01-07,Tuesday,DOWN,Bear Put Spread,True,EOD,75,-122.25,381.98,-504.23,False
2025-01-07,Tuesday,DOWN,Iron Condor,False,EOD,75,-5.25,639.3,-644.55,False
2025-01-08,Wednesday,UP,Bull Call Spread,True,STOP,36,-1749.0,377.74,-2126.74,False
2025-01-08,Wednesday,UP,Bear Put Spread,False,EOD,75,608.25,378.52,229.73,True
2025-01-08,Wednesday,UP,Iron Condor,False,EOD,75,-33.0,647.89,-680.89,False
2025-01-09,Thursday,FLAT,Bull Call Spread,False,STOP,21,-1755.0,353.61,-2108.61,False
2025-01-09,Thursday,FLAT,Bear Put Spread,False,EOD,75,1684.5,346.79,1337.71,True
2025-01-09,Thursday,FLAT,Iron Condor,True,EOD,75,424.5,644.37,-219.87,False
2025-01-10,Friday,DOWN,Bull Call Spread,False,STOP,9,-2076.0,355.56,-2431.56,False
2025-01-10,Friday,DOWN,Bear Put Spread,True,EOD,75,1464.0,354.9,1109.1,True
2025-01-10,Friday,DOWN,Iron Condor,False,NOSIM,0,0.0,0.0,0.0,False
2025-01-13,Monday,DOWN,Bull Call Spread,False,EOD,75,-1053.75,365.26,-1419.01,False
2025-01-13,Monday,DOWN,Bear Put Spread,True,EOD,75,1108.5,366.41,742.09,True
2025-01-13,Monday,DOWN,Iron Condor,False,STOP,1,0.0,639.13,-639.13,False
2025-01-14,Tuesday,DOWN,Bull Call Spread,False,EOD,75,494.25,360.0,134.25,True
2025-01-14,Tuesday,DOWN,Bear Put Spread,True,EOD,75,-477.0,355.4,-832.4,False
2025-01-14,Tuesday,DOWN,Iron Condor,False,STOP,1,0.0,639.13,-639.13,False
2025-01-15,Wednesday,FLAT,Bull Call Spread,False,EOD,75,-347.25,345.81,-693.06,False
2025-01-15,Wednesday,FLAT,Bear Put Spread,False,EOD,75,355.5,345.59,9.91,True
2025-01-15,Wednesday,FLAT,Iron Condor,True,EOD,75,-189.0,644.61,-833.61,False
2025-01-16,Thursday,FLAT,Bull Call Spread,False,EOD,75,-418.5,340.89,-759.39,False
2025-01-16,Thursday,FLAT,Bear Put Spread,False,EOD,75,453.75,346.7,107.05,True
2025-01-16,Thursday,FLAT,Iron Condor,True,NOSIM,0,0.0,0.0,0.0,False
2025-01-17,Friday,FLAT,Bull Call Spread,False,STOP,1,-1763.25,326.24,-2089.49,False
2025-01-17,Friday,FLAT,Bear Put Spread,False,TARGET,1,3292.5,330.84,2961.66,True
2025-01-17,Friday,FLAT,Iron Condor,True,NOSIM,0,0.0,0.0,0.0,False
2025-01-20,Monday,DOWN,Bull Call Spread,False,EOD,76,483.0,364.07,118.93,True
2025-01-20,Monday,DOWN,Bear Put Spread,True,EOD,76,-477.75,366.66,-844.41,False
2025-01-20,Monday,DOWN,Iron Condor,False,EOD,76,-104.25,641.14,-745.39,False
2025-01-21,Tuesday,UP,Bull Call Spread,True,STOP,14,-2385.0,375.23,-2760.23,False
2025-01-21,Tuesday,UP,Bear Put Spread,False,TARGET,66,3654.75,368.7,3286.05,True
2025-01-21,Tuesday,UP,Iron Condor,False,TARGET,13,543.75,645.85,-102.1,False
2025-01-22,Wednesday,DOWN,Bull Call Spread,False,EOD,75,786.0,355.61,430.39,True
2025-01-22,Wednesday,DOWN,Bear Put Spread,True,EOD,75,-760.5,355.71,-1116.21,False
2025-01-22,Wednesday,DOWN,Iron Condor,False,TARGET,2,7.5,639.16,-631.66,False
2025-01-23,Thursday,FLAT,Bull Call Spread,False,EOD,75,909.75,362.46,547.29,True
2025-01-23,Thursday,FLAT,Bear Put Spread,False,EOD,75,-896.25,368.53,-1264.78,False
2025-01-23,Thursday,FLAT,Iron Condor,True,EOD,75,189.75,680.2,-490.45,False
2025-01-24,Friday,UP,Bull Call Spread,True,STOP,66,-1582.5,339.94,-1922.44,False
2025-01-24,Friday,UP,Bear Put Spread,False,STOP,2,-1614.75,343.97,-1958.72,False
2025-01-24,Friday,UP,Iron Condor,False,NOSIM,0,0.0,0.0,0.0,False
2025-01-27,Monday,DOWN,Bull Call Spread,False,EOD,75,-1211.25,364.19,-1575.44,False
2025-01-27,Monday,DOWN,Bear Put Spread,True,EOD,75,1287.75,366.85,920.9,True
2025-01-27,Monday,DOWN,Iron Condor,False,EOD,75,-55.5,639.46,-694.96,False
2025-01-28,Tuesday,DOWN,Bull Call Spread,False,EOD,75,177.0,362.84,-185.84,False
2025-01-28,Tuesday,DOWN,Bear Put Spread,True,STOP,64,-1716.0,359.71,-2075.71,False
2025-01-28,Tuesday,DOWN,Iron Condor,False,STOP,8,-49.5,639.21,-688.71,False
2025-01-29,Wednesday,FLAT,Bull Call Spread,False,EOD,75,1521.0,363.25,1157.75,True
2025-01-29,Wednesday,FLAT,Bear Put Spread,False,EOD,75,-1465.5,369.78,-1835.28,False
2025-01-29,Wednesday,FLAT,Iron Condor,True,EOD,75,-98.25,639.57,-737.82,False
2025-01-30,Thursday,UP,Bull Call Spread,True,EOD,75,1248.0,372.34,875.66,True
2025-01-30,Thursday,UP,Bear Put Spread,False,EOD,75,-1179.0,366.49,-1545.49,False
2025-01-30,Thursday,UP,Iron Condor,False,EOD,75,754.5,669.48,85.02,True
2025-01-31,Friday,UP,Bull Call Spread,True,EOD,75,2664.75,359.98,2304.77,True
2025-01-31,Friday,UP,Bear Put Spread,False,STOP,40,-1700.25,360.74,-2060.99,False
2025-01-31,Friday,UP,Iron Condor,False,NOSIM,0,0.0,0.0,0.0,False
2025-02-03,Monday,UP,Bull Call Spread,True,EOD,75,276.75,397.57,-120.82,False
2025-02-03,Monday,UP,Bear Put Spread,False,EOD,75,-273.75,391.44,-665.19,False
2025-02-03,Monday,UP,Iron Condor,False,STOP,1,0.0,639.13,-639.13,False
2025-02-04,Tuesday,FLAT,Bull Call Spread,False,EOD,75,1998.0,368.09,1629.91,True
2025-02-04,Tuesday,FLAT,Bear Put Spread,False,STOP,55,-1767.75,365.06,-2132.81,False
2025-02-04,Tuesday,FLAT,Iron Condor,True,EOD,75,-1152.75,646.29,-1799.04,False
2025-02-05,Wednesday,UP,Bull Call Spread,True,EOD,76,-1087.5,369.06,-1456.56,False
2025-02-05,Wednesday,UP,Bear Put Spread,False,EOD,76,1134.75,368.37,766.38,True
2025-02-05,Wednesday,UP,Iron Condor,False,EOD,76,653.25,666.5,-13.25,False
2025-02-06,Thursday,FLAT,Bull Call Spread,False,STOP,4,-1908.75,339.41,-2248.16,False
2025-02-06,Thursday,FLAT,Bear Put Spread,False,TARGET,11,2715.0,336.42,2378.58,True
2025-02-06,Thursday,FLAT,Iron Condor,True,TARGET,4,514.5,641.56,-127.06,False
2025-02-07,Friday,DOWN,Bull Call Spread,False,EOD,75,-751.5,374.82,-1126.32,False
2025-02-07,Friday,DOWN,Bear Put Spread,True,EOD,75,772.5,374.77,397.73,True
2025-02-07,Friday,DOWN,Iron Condor,False,NOSIM,0,0.0,0.0,0.0,False
2025-02-10,Monday,DOWN,Bull Call Spread,False,STOP,12,-1692.0,362.89,-2054.89,False
2025-02-10,Monday,DOWN,Bear Put Spread,True,EOD,75,1803.75,364.51,1439.24,True
2025-02-10,Monday,DOWN,Iron Condor,False,STOP,1,-35.25,639.15,-674.4,False
2025-02-11,Tuesday,DOWN,Bull Call Spread,False,STOP,43,-1755.0,358.72,-2113.72,False
2025-02-11,Tuesday,DOWN,Bear Put Spread,True,TARGET,48,3739.5,363.24,3376.26,True
2025-02-11,Tuesday,DOWN,Iron Condor,False,STOP,13,-99.0,639.29,-738.29,False
2025-02-12,Wednesday,DOWN,Bull Call Spread,False,STOP,7,-2125.5,356.61,-2482.11,False
2025-02-12,Wednesday,DOWN,Bear Put Spread,True,EOD,75,-84.75,356.25,-441.0,False
2025-02-12,Wednesday,DOWN,Iron Condor,False,STOP,7,-805.5,640.96,-1446.46,False
2025-02-13,Thursday,FLAT,Bull Call Spread,False,EOD,75,-349.5,370.07,-719.57,False
2025-02-13,Thursday,FLAT,Bear Put Spread,False,EOD,75,354.0,368.22,-14.22,False
2025-02-13,Thursday,FLAT,Iron Condor,True,EOD,75,-113.25,645.42,-758.67,False
2025-02-14,Friday,UP,Bull Call Spread,True,STOP,19,-1797.0,368.38,-2165.38,False
2025-02-14,Friday,UP,Bear Put Spread,False,EOD,75,1953.0,369.23,1583.77,True
2025-02-14,Friday,UP,Iron Condor,False,NOSIM,0,0.0,0.0,0.0,False
2025-02-17,Monday,DOWN,Bull Call Spread,False,EOD,75,1293.75,380.01,913.74,True
2025-02-17,Monday,DOWN,Bear Put Spread,True,EOD,75,-1241.25,376.85,-1618.1,False
2025-02-17,Monday,DOWN,Iron Condor,False,EOD,75,241.5,642.2,-400.7,False
2025-02-18,Tuesday,UP,Bull Call Spread,True,EOD,75,-440.25,364.21,-804.46,False
2025-02-18,Tuesday,UP,Bear Put Spread,False,EOD,75,445.5,360.16,85.34,True
2025-02-18,Tuesday,UP,Iron Condor,False,STOP,15,-75.75,639.25,-715.0,False
2025-02-19,Wednesday,FLAT,Bull Call Spread,False,EOD,75,993.0,348.38,644.62,True
2025-02-19,Wednesday,FLAT,Bear Put Spread,False,STOP,8,-1629.75,349.0,-1978.75,False
2025-02-19,Wednesday,FLAT,Iron Condor,True,STOP,7,-150.0,639.31,-789.31,False
2025-02-20,Thursday,FLAT,Bull Call Spread,False,EOD,76,1413.0,347.81,1065.19,True
2025-02-20,Thursday,FLAT,Bear Put Spread,False,EOD,76,-1242.75,342.18,-1584.93,False
2025-02-20,Thursday,FLAT,Iron Condor,True,EOD,76,312.75,641.96,-329.21,False
2025-02-21,Friday,FLAT,Bull Call Spread,False,TARGET,1,2739.75,323.29,2416.46,True
2025-02-21,Friday,FLAT,Bear Put Spread,False,STOP,1,-965.25,322.09,-1287.34,False
2025-02-21,Friday,FLAT,Iron Condor,True,NOSIM,0,0.0,0.0,0.0,False
2025-02-24,Monday,DOWN,Bull Call Spread,False,EOD,76,-732.0,357.55,-1089.55,False
2025-02-24,Monday,DOWN,Bear Put Spread,True,EOD,76,751.5,354.8,396.7,True
2025-02-24,Monday,DOWN,Iron Condor,False,EOD,76,-137.25,640.23,-777.48,False
2025-02-25,Tuesday,DOWN,Bull Call Spread,False,EOD,76,110.25,363.75,-253.5,False
2025-02-25,Tuesday,DOWN,Bear Put Spread,True,EOD,76,-107.25,358.92,-466.17,False
2025-02-25,Tuesday,DOWN,Iron Condor,False,NOSIM,0,0.0,0.0,0.0,False
2025-02-27,Thursday,FLAT,Bull Call Spread,False,STOP,75,-1511.25,332.34,-1843.59,False
2025-02-27,Thursday,FLAT,Bear Put Spread,False,EOD,75,1626.0,328.27,1297.73,True
2025-02-27,Thursday,FLAT,Iron Condor,True,NOSIM,0,0.0,0.0,0.0,False
2025-02-28,Friday,FLAT,Bull Call Spread,False,STOP,1,-1931.25,333.65,-2264.9,False
2025-02-28,Friday,FLAT,Bear Put Spread,False,TARGET,4,3507.0,337.52,3169.48,True
2025-02-28,Friday,FLAT,Iron Condor,True,NOSIM,0,0.0,0.0,0.0,False
2025-03-03,Monday,DOWN,Bull Call Spread,False,STOP,25,-1703.25,366.65,-2069.9,False
2025-03-03,Monday,DOWN,Bear Put Spread,True,EOD,75,519.0,368.04,150.96,True
2025-03-03,Monday,DOWN,Iron Condor,False,EOD,75,342.0,655.75,-313.75,False
2025-03-04,Tuesday,DOWN,Bull Call Spread,False,EOD,75,1248.75,362.46,886.29,True
2025-03-04,Tuesday,DOWN,Bear Put Spread,True,EOD,75,-1155.0,355.42,-1510.42,False
2025-03-04,Tuesday,DOWN,Iron Condor,False,STOP,1,0.0,639.13,-639.13,False
2025-03-05,Wednesday,UP,Bull Call Spread,True,TARGET,18,3354.0,347.99,3006.01,True
2025-03-05,Wednesday,UP,Bear Put Spread,False,STOP,2,-1477.5,341.85,-1819.35,False
2025-03-05,Wednesday,UP,Iron Condor,False,STOP,6,-780.0,640.38,-1420.38,False
2025-03-06,Thursday,UP,Bull Call Spread,True,STOP,7,-1956.0,365.86,-2321.86,False
2025-03-06,Thursday,UP,Bear Put Spread,False,EOD,75,-511.5,372.54,-884.04,False
2025-03-06,Thursday,UP,Iron Condor,False,EOD,75,-249.0,681.26,-930.26,False
2025-03-07,Friday,UP,Bull Call Spread,True,EOD,75,480.75,344.82,135.93,True
2025-03-07,Friday,UP,Bear Put Spread,False,STOP,13,-1557.75,342.48,-1900.23,False
2025-03-07,Friday,UP,Iron Condor,False,NOSIM,0,0.0,0.0,0.0,False
2025-03-10,Monday,FLAT,Bull Call Spread,False,EOD,75,-1014.0,357.59,-1371.59,False
2025-03-10,Monday,FLAT,Bear Put Spread,False,STOP,8,-1675.5,351.4,-2026.9,False
2025-03-10,Monday,FLAT,Iron Condor,True,STOP,8,-476.25,640.46,-1116.71,False
2025-03-11,Tuesday,DOWN,Bull Call Spread,False,EOD,75,1869.75,363.04,1506.71,True
2025-03-11,Tuesday,DOWN,Bear Put Spread,True,STOP,75,-1746.0,364.03,-2110.03,False
2025-03-11,Tuesday,DOWN,Iron Condor,False,EOD,75,302.25,652.53,-350.28,False
2025-03-12,Wednesday,UP,Bull Call Spread,True,STOP,29,-1845.0,359.66,-2204.66,False
2025-03-12,Wednesday,UP,Bear Put Spread,False,EOD,75,762.75,363.38,399.37,True
2025-03-12,Wednesday,UP,Iron Condor,False,EOD,75,-213.0,655.22,-868.22,False
2025-03-13,Thursday,FLAT,Bull Call Spread,False,STOP,4,-1307.25,333.69,-1640.94,False
2025-03-13,Thursday,FLAT,Bear Put Spread,False,TARGET,31,3188.25,335.63,2852.62,True
2025-03-13,Thursday,FLAT,Iron Condor,True,STOP,1,0.0,639.13,-639.13,False
2025-03-17,Monday,DOWN,Bull Call Spread,False,TARGET,3,3155.25,343.92,2811.33,True
2025-03-17,Monday,DOWN,Bear Put Spread,True,STOP,1,-2167.5,343.01,-2510.51,False
2025-03-17,Monday,DOWN,Iron Condor,False,NOSIM,0,0.0,0.0,0.0,False
2025-03-18,Tuesday,UP,Bull Call Spread,True,EOD,76,2334.0,357.3,1976.7,True
2025-03-18,Tuesday,UP,Bear Put Spread,False,STOP,69,-1630.5,353.75,-1984.25,False
2025-03-18,Tuesday,UP,Iron Condor,False,EOD,76,-28.5,639.84,-668.34,False
2025-03-19,Wednesday,UP,Bull Call Spread,True,EOD,75,423.0,363.95,59.05,True
2025-03-19,Wednesday,UP,Bear Put Spread,False,EOD,75,-406.5,356.72,-763.22,False
2025-03-19,Wednesday,UP,Iron Condor,False,EOD,75,-174.75,672.69,-847.44,False
2025-03-20,Thursday,FLAT,Bull Call Spread,False,EOD,75,1416.0,360.6,1055.4,True
2025-03-20,Thursday,FLAT,Bear Put Spread,False,STOP,63,-1781.25,364.26,-2145.51,False
2025-03-20,Thursday,FLAT,Iron Condor,True,EOD,75,-778.5,658.67,-1437.17,False
2025-03-21,Friday,UP,Bull Call Spread,True,TARGET,17,3202.5,338.3,2864.2,True
2025-03-21,Friday,UP,Bear Put Spread,False,STOP,5,-1439.25,333.88,-1773.13,False
2025-03-21,Friday,UP,Iron Condor,False,NOSIM,0,0.0,0.0,0.0,False
2025-03-24,Monday,UP,Bull Call Spread,True,EOD,75,1688.25,366.3,1321.95,True
2025-03-24,Monday,UP,Bear Put Spread,False,STOP,60,-1680.0,361.72,-2041.72,False
2025-03-24,Monday,UP,Iron Condor,False,EOD,75,-417.75,650.09,-1067.84,False
2025-03-25,Tuesday,UP,Bull Call Spread,True,EOD,75,-1335.0,371.14,-1706.14,False
2025-03-25,Tuesday,UP,Bear Put Spread,False,EOD,75,1404.0,370.12,1033.88,True
2025-03-25,Tuesday,UP,Iron Condor,False,TARGET,1,8.25,639.17,-630.92,False
2025-03-26,Wednesday,DOWN,Bull Call Spread,False,STOP,34,-1596.0,349.15,-1945.15,False
2025-03-26,Wednesday,DOWN,Bear Put Spread,True,TARGET,69,3206.25,348.78,2857.47,True
2025-03-26,Wednesday,DOWN,Iron Condor,False,STOP,6,-43.5,639.19,-682.69,False
2025-03-27,Thursday,DOWN,Bull Call Spread,False,EOD,75,1977.0,356.31,1620.69,True
2025-03-27,Thursday,DOWN,Bear Put Spread,True,STOP,10,-1782.75,360.68,-2143.43,False
2025-03-27,Thursday,DOWN,Iron Condor,False,EOD,75,-107.25,646.43,-753.68,False
2025-03-28,Friday,UP,Bull Call Spread,True,STOP,40,-1659.75,343.75,-2003.5,False
2025-03-28,Friday,UP,Bear Put Spread,False,EOD,75,1812.75,343.56,1469.19,True
2025-03-28,Friday,UP,Iron Condor,False,NOSIM,0,0.0,0.0,0.0,False
2025-04-01,Tuesday,DOWN,Bull Call Spread,False,STOP,32,-1717.5,355.38,-2072.88,False
2025-04-01,Tuesday,DOWN,Bear Put Spread,True,STOP,4,-1958.25,357.72,-2315.97,False
2025-04-01,Tuesday,DOWN,Iron Condor,False,TARGET,1,34.5,639.21,-604.71,False
2025-04-02,Wednesday,DOWN,Bull Call Spread,False,EOD,75,1733.25,354.83,1378.42,True
2025-04-02,Wednesday,DOWN,Bear Put Spread,True,STOP,70,-1707.75,356.75,-2064.5,False
2025-04-02,Wednesday,DOWN,Iron Condor,False,TARGET,4,84.0,639.6,-555.6,False
2025-04-03,Thursday,UP,Bull Call Spread,True,EOD,75,1696.5,341.16,1355.34,True
2025-04-03,Thursday,UP,Bear Put Spread,False,STOP,2,-1497.75,341.01,-1838.76,False
2025-04-03,Thursday,UP,Iron Condor,False,EOD,75,405.75,648.1,-242.35,False
2025-04-04,Friday,UP,Bull Call Spread,True,STOP,1,-1973.25,327.82,-2301.07,False
2025-04-04,Friday,UP,Bear Put Spread,False,TARGET,1,3190.5,329.76,2860.74,True
2025-04-04,Friday,UP,Iron Condor,False,NOSIM,0,0.0,0.0,0.0,False
2025-04-07,Monday,DOWN,Bull Call Spread,False,TARGET,3,3408.0,357.07,3050.93,True
2025-04-07,Monday,DOWN,Bear Put Spread,True,STOP,2,-2802.0,354.59,-3156.59,False
2025-04-07,Monday,DOWN,Iron Condor,False,NOSIM,0,0.0,0.0,0.0,False
2025-04-08,Tuesday,UP,Bull Call Spread,True,EOD,76,624.75,402.97,221.78,True
2025-04-08,Tuesday,UP,Bear Put Spread,False,EOD,76,-618.75,403.66,-1022.41,False
2025-04-08,Tuesday,UP,Iron Condor,False,TARGET,1,21.0,639.21,-618.21,False
2025-04-09,Wednesday,UP,Bull Call Spread,True,EOD,75,-423.75,364.99,-788.74,False
2025-04-09,Wednesday,UP,Bear Put Spread,False,EOD,75,428.25,361.87,66.38,True
2025-04-09,Wednesday,UP,Iron Condor,False,TARGET,1,21.75,639.2,-617.45,False
2025-04-11,Friday,DOWN,Bull Call Spread,False,TARGET,2,3690.75,328.77,3361.98,True
2025-04-11,Friday,DOWN,Bear Put Spread,True,STOP,1,-1701.75,329.7,-2031.45,False
2025-04-11,Friday,DOWN,Iron Condor,False,NOSIM,0,0.0,0.0,0.0,False
2025-04-15,Tuesday,UP,Bull Call Spread,True,EOD,75,-171.75,394.65,-566.4,False
2025-04-15,Tuesday,UP,Bear Put Spread,False,EOD,75,171.75,388.84,-217.09,False
2025-04-15,Tuesday,UP,Iron Condor,False,STOP,1,0.0,639.13,-639.13,False
2025-04-16,Wednesday,UP,Bull Call Spread,True,EOD,75,1337.25,347.54,989.71,True
2025-04-16,Wednesday,UP,Bear Put Spread,False,EOD,75,-1255.5,349.01,-1604.51,False
2025-04-16,Wednesday,UP,Iron Condor,False,EOD,75,1047.0,662.39,384.61,True
2025-04-17,Thursday,UP,Bull Call Spread,True,STOP,3,-1581.75,340.14,-1921.89,False
2025-04-17,Thursday,UP,Bear Put Spread,False,STOP,27,-1826.25,339.6,-2165.85,False
2025-04-17,Thursday,UP,Iron Condor,False,STOP,3,-306.75,639.56,-946.31,False
2025-04-21,Monday,UP,Bull Call Spread,True,TARGET,25,3090.75,342.41,2748.34,True
2025-04-21,Monday,UP,Bear Put Spread,False,STOP,10,-1614.75,342.54,-1957.29,False
2025-04-21,Monday,UP,Iron Condor,False,NOSIM,0,0.0,0.0,0.0,False
2025-04-22,Tuesday,UP,Bull Call Spread,True,EOD,75,-645.0,351.61,-996.61,False
2025-04-22,Tuesday,UP,Bear Put Spread,False,EOD,75,681.75,355.51,326.24,True
2025-04-22,Tuesday,UP,Iron Condor,False,STOP,1,0.0,639.13,-639.13,False
2025-04-23,Wednesday,FLAT,Bull Call Spread,False,STOP,11,-1735.5,347.28,-2082.78,False
2025-04-23,Wednesday,FLAT,Bear Put Spread,False,TARGET,19,3298.5,345.17,2953.33,True
2025-04-23,Wednesday,FLAT,Iron Condor,True,STOP,1,0.0,639.13,-639.13,False
2025-04-24,Thursday,FLAT,Bull Call Spread,False,EOD,75,-405.0,351.61,-756.61,False
2025-04-24,Thursday,FLAT,Bear Put Spread,False,EOD,75,426.0,357.61,68.39,True
2025-04-24,Thursday,FLAT,Iron Condor,True,EOD,75,-237.0,648.67,-885.67,False
2025-04-25,Friday,DOWN,Bull Call Spread,False,STOP,5,-1325.25,328.42,-1653.67,False
2025-04-25,Friday,DOWN,Bear Put Spread,True,TARGET,6,2553.0,330.7,2222.3,True
2025-04-25,Friday,DOWN,Iron Condor,False,NOSIM,0,0.0,0.0,0.0,False
2025-04-28,Monday,DOWN,Bull Call Spread,False,EOD,75,2478.75,368.21,2110.54,True
2025-04-28,Monday,DOWN,Bear Put Spread,True,STOP,11,-1838.25,362.22,-2200.47,False
2025-04-28,Monday,DOWN,Iron Condor,False,EOD,75,176.25,643.38,-467.13,False
2025-04-29,Tuesday,UP,Bull Call Spread,True,EOD,75,-585.75,356.59,-942.34,False
2025-04-29,Tuesday,UP,Bear Put Spread,False,EOD,75,588.75,350.75,238.0,True
2025-04-29,Tuesday,UP,Iron Condor,False,EOD,75,-211.5,644.75,-856.25,False
2025-04-30,Wednesday,FLAT,Bull Call Spread,False,EOD,76,-968.25,363.48,-1331.73,False
2025-04-30,Wednesday,FLAT,Bear Put Spread,False,EOD,76,1017.75,365.6,652.15,True
2025-04-30,Wednesday,FLAT,Iron Condor,True,EOD,76,-192.0,704.42,-896.42,False
2025-05-02,Friday,FLAT,Bull Call Spread,False,TARGET,3,4333.5,334.71,3998.79,True
2025-05-02,Friday,FLAT,Bear Put Spread,False,STOP,1,-1869.0,331.95,-2200.95,False
2025-05-02,Friday,FLAT,Iron Condor,True,NOSIM,0,0.0,0.0,0.0,False
2025-05-05,Monday,FLAT,Bull Call Spread,False,EOD,75,423.0,367.4,55.6,True
2025-05-05,Monday,FLAT,Bear Put Spread,False,EOD,75,-411.0,361.64,-772.64,False
2025-05-05,Monday,FLAT,Iron Condor,True,EOD,75,201.0,647.34,-446.34,False
2025-05-06,Tuesday,UP,Bull Call Spread,True,STOP,14,-1648.5,351.85,-2000.35,False
2025-05-06,Tuesday,UP,Bear Put Spread,False,EOD,75,2277.75,351.53,1926.22,True
2025-05-06,Tuesday,UP,Iron Condor,False,STOP,75,-709.5,640.61,-1350.11,False
2025-05-07,Wednesday,DOWN,Bull Call Spread,False,EOD,75,1993.5,358.33,1635.17,True
2025-05-07,Wednesday,DOWN,Bear Put Spread,True,STOP,3,-2037.0,362.91,-2399.91,False
2025-05-07,Wednesday,DOWN,Iron Condor,False,EOD,75,-411.0,669.52,-1080.52,False
2025-05-08,Thursday,UP,Bull Call Spread,True,STOP,50,-1431.0,332.59,-1763.59,False
2025-05-08,Thursday,UP,Bear Put Spread,False,TARGET,68,3942.0,336.87,3605.13,True
2025-05-08,Thursday,UP,Iron Condor,False,EOD,75,-3527.25,652.15,-4179.4,False
2025-05-09,Friday,DOWN,Bull Call Spread,False,TARGET,1,8400.0,322.77,8077.23,True
2025-05-09,Friday,DOWN,Bear Put Spread,True,STOP,1,-2511.0,325.15,-2836.15,False
2025-05-09,Friday,DOWN,Iron Condor,False,NOSIM,0,0.0,0.0,0.0,False
2025-05-12,Monday,UP,Bull Call Spread,True,TARGET,73,3661.5,388.24,3273.26,True
2025-05-12,Monday,UP,Bear Put Spread,False,STOP,8,-1813.5,382.0,-2195.5,False
2025-05-12,Monday,UP,Iron Condor,False,STOP,1,-45.0,639.18,-684.18,False
2025-05-13,Tuesday,UP,Bull Call Spread,True,STOP,44,-1821.0,387.37,-2208.37,False
2025-05-13,Tuesday,UP,Bear Put Spread,False,EOD,76,2076.0,382.94,1693.06,True
2025-05-13,Tuesday,UP,Iron Condor,False,TARGET,7,121.5,640.53,-519.03,False
2025-05-14,Wednesday,DOWN,Bull Call Spread,False,EOD,75,620.25,379.23,241.02,True
2025-05-14,Wednesday,DOWN,Bear Put Spread,True,EOD,75,-605.25,374.96,-980.21,False
2025-05-14,Wednesday,DOWN,Iron Condor,False,EOD,75,200.25,646.23,-445.98,False
2025-05-15,Thursday,FLAT,Bull Call Spread,False,STOP,6,-1743.0,353.34,-2096.34,False
2025-05-15,Thursday,FLAT,Bear Put Spread,False,STOP,48,-2223.75,354.75,-2578.5,False
2025-05-15,Thursday,FLAT,Iron Condor,True,STOP,52,-2580.75,647.38,-3228.13,False
2025-05-16,Friday,UP,Bull Call Spread,True,STOP,2,-1436.25,334.65,-1770.9,False
2025-05-16,Friday,UP,Bear Put Spread,False,TARGET,23,2771.25,331.29,2439.96,True
2025-05-16,Friday,UP,Iron Condor,False,NOSIM,0,0.0,0.0,0.0,False
2025-05-19,Monday,FLAT,Bull Call Spread,False,EOD,75,-561.0,381.87,-942.87,False
2025-05-19,Monday,FLAT,Bear Put Spread,False,EOD,75,573.0,380.07,192.93,True
2025-05-19,Monday,FLAT,Iron Condor,True,NOSIM,0,0.0,0.0,0.0,False
2025-05-20,Tuesday,DOWN,Bull Call Spread,False,STOP,44,-1799.25,364.5,-2163.75,False
2025-05-20,Tuesday,DOWN,Bear Put Spread,True,EOD,75,2898.75,365.43,2533.32,True
2025-05-20,Tuesday,DOWN,Iron Condor,False,STOP,59,-171.0,639.4,-810.4,False
2025-05-21,Wednesday,DOWN,Bull Call Spread,False,EOD,75,758.25,351.98,406.27,True
2025-05-21,Wednesday,DOWN,Bear Put Spread,True,STOP,13,-1824.0,353.44,-2177.44,False
2025-05-21,Wednesday,DOWN,Iron Condor,False,EOD,75,-470.25,648.84,-1119.09,False
2025-05-22,Thursday,FLAT,Bull Call Spread,False,STOP,4,-1837.5,360.15,-2197.65,False
2025-05-22,Thursday,FLAT,Bear Put Spread,False,EOD,75,1074.0,364.58,709.42,True
2025-05-22,Thursday,FLAT,Iron Condor,True,EOD,75,-74.25,641.03,-715.28,False
2025-05-23,Friday,DOWN,Bull Call Spread,False,TARGET,5,2582.25,333.85,2248.4,True
2025-05-23,Friday,DOWN,Bear Put Spread,True,STOP,2,-1627.5,336.27,-1963.77,False
2025-05-23,Friday,DOWN,Iron Condor,False,NOSIM,0,0.0,0.0,0.0,False
2025-05-26,Monday,UP,Bull Call Spread,True,EOD,76,675.75,378.86,296.89,True
2025-05-26,Monday,UP,Bear Put Spread,False,EOD,76,-655.5,372.96,-1028.46,False
2025-05-26,Monday,UP,Iron Condor,False,EOD,76,15.75,641.16,-625.41,False
2025-05-27,Tuesday,UP,Bull Call Spread,True,STOP,61,-1847.25,379.98,-2227.23,False
2025-05-27,Tuesday,UP,Bear Put Spread,False,EOD,75,1003.5,377.8,625.7,True
2025-05-27,Tuesday,UP,Iron Condor,False,EOD,75,-85.5,641.81,-727.31,False
2025-05-28,Wednesday,DOWN,Bull Call Spread,False,EOD,75,-700.5,367.36,-1067.86,False
2025-05-28,Wednesday,DOWN,Bear Put Spread,True,EOD,75,732.0,372.27,359.73,True
2025-05-28,Wednesday,DOWN,Iron Condor,False,EOD,75,-87.75,640.42,-728.17,False
2025-05-29,Thursday,DOWN,Bull Call Spread,False,EOD,75,618.75,357.91,260.84,True
2025-05-29,Thursday,DOWN,Bear Put Spread,True,EOD,75,-618.75,364.84,-983.59,False
2025-05-29,Thursday,DOWN,Iron Condor,False,EOD,75,40.5,639.47,-598.97,False
2025-05-30,Friday,FLAT,Bull Call Spread,False,TARGET,2,2612.25,323.7,2288.55,True
2025-05-30,Friday,FLAT,Bear Put Spread,False,STOP,2,-781.5,321.6,-1103.1,False
2025-05-30,Friday,FLAT,Iron Condor,True,NOSIM,0,0.0,0.0,0.0,False
2025-06-02,Monday,DOWN,Bull Call Spread,False,EOD,76,180.0,379.44,-199.44,False
2025-06-02,Monday,DOWN,Bear Put Spread,True,EOD,76,-176.25,373.43,-549.68,False
2025-06-02,Monday,DOWN,Iron Condor,False,EOD,76,60.0,644.39,-584.39,False
2025-06-03,Tuesday,FLAT,Bull Call Spread,False,STOP,44,-1914.0,380.58,-2294.58,False
2025-06-03,Tuesday,FLAT,Bear Put Spread,False,EOD,75,1966.5,384.45,1582.05,True
2025-06-03,Tuesday,FLAT,Iron Condor,True,EOD,75,-723.75,644.41,-1368.16,False
2025-06-04,Wednesday,DOWN,Bull Call Spread,False,EOD,75,609.0,360.23,248.77,True
2025-06-04,Wednesday,DOWN,Bear Put Spread,True,EOD,75,-588.75,357.15,-945.9,False
2025-06-04,Wednesday,DOWN,Iron Condor,False,EOD,75,96.0,641.41,-545.41,False
2025-06-05,Thursday,UP,Bull Call Spread,True,EOD,75,881.25,354.25,527.0,True
2025-06-05,Thursday,UP,Bear Put Spread,False,STOP,36,-2049.0,356.57,-2405.57,False
2025-06-05,Thursday,UP,Iron Condor,False,EOD,75,7.5,639.71,-632.21,False
2025-06-06,Friday,UP,Bull Call Spread,True,STOP,5,-1314.0,329.78,-1643.78,False
2025-06-06,Friday,UP,Bear Put Spread,False,STOP,15,-1877.25,330.03,-2207.28,False
2025-06-06,Friday,UP,Iron Condor,False,NOSIM,0,0.0,0.0,0.0,False
2025-06-09,Monday,UP,Bull Call Spread,True,EOD,75,-479.25,379.53,-858.78,False
2025-06-09,Monday,UP,Bear Put Spread,False,EOD,75,484.5,376.34,108.16,True
2025-06-09,Monday,UP,Iron Condor,False,EOD,75,69.75,642.54,-572.79,False
2025-06-10,Tuesday,FLAT,Bull Call Spread,False,EOD,75,-989.25,368.12,-1357.37,False
2025-06-10,Tuesday,FLAT,Bear Put Spread,False,EOD,75,1034.25,369.09,665.16,True
2025-06-10,Tuesday,FLAT,Iron Condor,True,EOD,75,100.5,640.73,-540.23,False
2025-06-11,Wednesday,FLAT,Bull Call Spread,False,EOD,75,-96.75,350.24,-446.99,False
2025-06-11,Wednesday,FLAT,Bear Put Spread,False,EOD,75,99.75,354.47,-254.72,False
2025-06-11,Wednesday,FLAT,Iron Condor,True,STOP,1,0.0,639.13,-639.13,False
2025-06-12,Thursday,FLAT,Bull Call Spread,False,STOP,29,-1754.25,352.08,-2106.33,False
2025-06-12,Thursday,FLAT,Bear Put Spread,False,TARGET,52,3123.0,348.05,2774.95,True
2025-06-12,Thursday,FLAT,Iron Condor,True,STOP,10,-110.25,639.3,-749.55,False
2025-06-13,Friday,DOWN,Bull Call Spread,False,TARGET,53,3407.25,354.18,3053.07,True
2025-06-13,Friday,DOWN,Bear Put Spread,True,STOP,1,-1587.75,347.81,-1935.56,False
2025-06-13,Friday,DOWN,Iron Condor,False,NOSIM,0,0.0,0.0,0.0,False
2025-06-16,Monday,DOWN,Bull Call Spread,False,EOD,75,1996.5,367.44,1629.06,True
2025-06-16,Monday,DOWN,Bear Put Spread,True,STOP,40,-1858.5,372.4,-2230.9,False
2025-06-16,Monday,DOWN,Iron Condor,False,STOP,1,-19.5,639.14,-658.64,False
2025-06-17,Tuesday,UP,Bull Call Spread,True,STOP,42,-1564.5,351.02,-1915.52,False
2025-06-17,Tuesday,UP,Bear Put Spread,False,EOD,75,1791.75,357.02,1434.73,True
2025-06-17,Tuesday,UP,Iron Condor,False,STOP,1,0.0,639.13,-639.13,False
2025-06-18,Wednesday,DOWN,Bull Call Spread,False,EOD,75,165.75,343.49,-177.74,False
2025-06-18,Wednesday,DOWN,Bear Put Spread,True,STOP,3,-1643.25,346.45,-1989.7,False
2025-06-18,Wednesday,DOWN,Iron Condor,False,STOP,1,0.0,639.13,-639.13,False
2025-06-19,Thursday,FLAT,Bull Call Spread,False,EOD,75,-915.75,345.12,-1260.87,False
2025-06-19,Thursday,FLAT,Bear Put Spread,False,EOD,75,969.75,344.18,625.57,True
2025-06-19,Thursday,FLAT,Iron Condor,True,EOD,75,522.75,646.76,-124.01,False
2025-06-20,Friday,FLAT,Bull Call Spread,False,TARGET,13,2997.75,341.13,2656.62,True
2025-06-20,Friday,FLAT,Bear Put Spread,False,STOP,7,-1699.5,344.22,-2043.72,False
2025-06-20,Friday,FLAT,Iron Condor,True,NOSIM,0,0.0,0.0,0.0,False
2025-06-23,Monday,UP,Bull Call Spread,True,EOD,75,204.75,361.86,-157.11,False
2025-06-23,Monday,UP,Bear Put Spread,False,EOD,75,-205.5,364.63,-570.13,False
2025-06-23,Monday,UP,Iron Condor,False,NOSIM,0,0.0,0.0,0.0,False
2025-06-24,Tuesday,FLAT,Bull Call Spread,False,STOP,55,-1612.5,356.49,-1968.99,False
2025-06-24,Tuesday,FLAT,Bear Put Spread,False,EOD,75,1275.75,362.03,913.72,True
2025-06-24,Tuesday,FLAT,Iron Condor,True,TARGET,52,61.5,639.47,-577.97,False
2025-06-25,Wednesday,DOWN,Bull Call Spread,False,EOD,75,1052.25,357.11,695.14,True
2025-06-25,Wednesday,DOWN,Bear Put Spread,True,EOD,75,-1004.25,356.88,-1361.13,False
2025-06-25,Wednesday,DOWN,Iron Condor,False,STOP,50,-83.25,639.27,-722.52,False
2025-06-26,Thursday,UP,Bull Call Spread,True,TARGET,57,3440.25,349.89,3090.36,True
2025-06-26,Thursday,UP,Bear Put Spread,False,STOP,7,-1560.75,344.74,-1905.49,False
2025-06-26,Thursday,UP,Iron Condor,False,TARGET,54,1782.0,658.56,1123.44,True
2025-06-27,Friday,UP,Bull Call Spread,True,EOD,75,939.75,340.44,599.31,True
2025-06-27,Friday,UP,Bear Put Spread,False,EOD,75,-932.25,346.41,-1278.66,False
2025-06-27,Friday,UP,Iron Condor,False,NOSIM,0,0.0,0.0,0.0,False
2025-06-30,Monday,FLAT,Bull Call Spread,False,STOP,49,-1708.5,362.04,-2070.54,False
2025-06-30,Monday,FLAT,Bear Put Spread,False,EOD,75,1770.0,358.6,1411.4,True
2025-06-30,Monday,FLAT,Iron Condor,True,EOD,75,-315.75,640.77,-956.52,False
2025-07-01,Tuesday,DOWN,Bull Call Spread,False,EOD,75,-242.25,352.84,-595.09,False
2025-07-01,Tuesday,DOWN,Bear Put Spread,True,EOD,75,244.5,352.36,-107.86,False
2025-07-01,Tuesday,DOWN,Iron Condor,False,STOP,1,0.0,639.13,-639.13,False
2025-07-02,Wednesday,FLAT,Bull Call Spread,False,STOP,17,-1453.5,341.11,-1794.61,False
2025-07-02,Wednesday,FLAT,Bear Put Spread,False,TARGET,51,3209.25,344.04,2865.21,True
2025-07-02,Wednesday,FLAT,Iron Condor,True,EOD,75,-2172.75,653.36,-2826.11,False
2025-07-03,Thursday,DOWN,Bull Call Spread,False,STOP,64,-1459.5,338.49,-1797.99,False
2025-07-03,Thursday,DOWN,Bear Put Spread,True,EOD,75,2255.25,337.18,1918.07,True
2025-07-03,Thursday,DOWN,Iron Condor,False,STOP,1,-12.0,639.15,-651.15,False
2025-07-04,Friday,FLAT,Bull Call Spread,False,STOP,5,-1023.75,326.03,-1349.78,False
2025-07-04,Friday,FLAT,Bear Put Spread,False,TARGET,31,2804.25,330.23,2474.02,True
2025-07-04,Friday,FLAT,Iron Condor,True,EOD,75,22.5,648.16,-625.66,False
2025-07-07,Monday,FLAT,Bull Call Spread,False,EOD,75,41.25,373.01,-331.76,False
2025-07-07,Monday,FLAT,Bear Put Spread,False,EOD,75,-40.5,372.7,-413.2,False
2025-07-07,Monday,FLAT,Iron Condor,True,EOD,75,20.25,650.98,-630.73,False
2025-07-08,Tuesday,FLAT,Bull Call Spread,False,EOD,75,913.5,366.86,546.64,True
2025-07-08,Tuesday,FLAT,Bear Put Spread,False,EOD,75,-899.25,373.14,-1272.39,False
2025-07-08,Tuesday,FLAT,Iron Condor,True,EOD,75,50.25,655.91,-605.66,False
2025-07-09,Wednesday,UP,Bull Call Spread,True,EOD,75,-687.75,352.65,-1040.4,False
2025-07-09,Wednesday,UP,Bear Put Spread,False,EOD,75,700.5,348.58,351.92,True
2025-07-09,Wednesday,UP,Iron Condor,False,EOD,75,-495.75,658.65,-1154.4,False
2025-07-10,Thursday,FLAT,Bull Call Spread,False,STOP,4,-1452.0,335.33,-1787.33,False
2025-07-10,Thursday,FLAT,Bear Put Spread,False,TARGET,19,2649.75,332.59,2317.16,True
2025-07-10,Thursday,FLAT,Iron Condor,True,STOP,20,-2395.5,644.22,-3039.72,False
2025-07-11,Friday,DOWN,Bull Call Spread,False,TARGET,1,1681.5,323.26,1358.24,True
2025-07-11,Friday,DOWN,Bear Put Spread,True,STOP,1,-827.25,322.34,-1149.59,False
2025-07-11,Friday,DOWN,Iron Condor,False,NOSIM,0,0.0,0.0,0.0,False
2025-07-14,Monday,DOWN,Bull Call Spread,False,EOD,75,-589.5,369.75,-959.25,False
2025-07-14,Monday,DOWN,Bear Put Spread,True,EOD,75,603.0,369.72,233.28,True
2025-07-14,Monday,DOWN,Iron Condor,False,EOD,75,342.75,654.59,-311.84,False
2025-07-15,Tuesday,FLAT,Bull Call Spread,False,EOD,75,1285.5,366.86,918.64,True
2025-07-15,Tuesday,FLAT,Bear Put Spread,False,EOD,75,-1239.0,369.74,-1608.74,False
2025-07-15,Tuesday,FLAT,Iron Condor,True,EOD,75,299.25,687.09,-387.84,False
2025-07-16,Wednesday,UP,Bull Call Spread,True,STOP,18,-1365.0,335.1,-1700.1,False
2025-07-16,Wednesday,UP,Bear Put Spread,False,EOD,75,-42.0,335.85,-377.85,False
2025-07-16,Wednesday,UP,Iron Condor,False,EOD,75,16.5,641.62,-625.12,False
2025-07-17,Thursday,FLAT,Bull Call Spread,False,STOP,7,-1043.25,328.28,-1371.53,False
2025-07-17,Thursday,FLAT,Bear Put Spread,False,TARGET,63,2955.0,332.36,2622.64,True
2025-07-17,Thursday,FLAT,Iron Condor,True,STOP,12,-350.25,639.63,-989.88,False
2025-07-18,Friday,DOWN,Bull Call Spread,False,STOP,1,-788.25,323.46,-1111.71,False
2025-07-18,Friday,DOWN,Bear Put Spread,True,TARGET,1,850.5,322.03,528.47,True
2025-07-18,Friday,DOWN,Iron Condor,False,NOSIM,0,0.0,0.0,0.0,False
2025-07-21,Monday,DOWN,Bull Call Spread,False,EOD,75,958.5,366.56,591.94,True
2025-07-21,Monday,DOWN,Bear Put Spread,True,EOD,75,-929.25,366.68,-1295.93,False
2025-07-21,Monday,DOWN,Iron Condor,False,EOD,75,-16.5,639.55,-656.05,False
2025-07-22,Tuesday,UP,Bull Call Spread,True,STOP,23,-1826.25,343.8,-2170.05,False
2025-07-22,Tuesday,UP,Bear Put Spread,False,EOD,75,1854.75,339.48,1515.27,True
2025-07-22,Tuesday,UP,Iron Condor,False,STOP,1,0.0,639.13,-639.13,False
2025-07-23,Wednesday,FLAT,Bull Call Spread,False,EOD,75,1356.0,338.16,1017.84,True
2025-07-23,Wednesday,FLAT,Bear Put Spread,False,STOP,71,-1619.25,340.75,-1960.0,False
2025-07-23,Wednesday,FLAT,Iron Condor,True,NOSIM,0,0.0,0.0,0.0,False
2025-07-24,Thursday,UP,Bull Call Spread,True,STOP,8,-1438.5,334.89,-1773.39,False
2025-07-24,Thursday,UP,Bear Put Spread,False,TARGET,26,2962.5,336.43,2626.07,True
2025-07-24,Thursday,UP,Iron Condor,False,STOP,34,-3420.0,644.98,-4064.98,False
2025-07-25,Friday,DOWN,Bull Call Spread,False,STOP,1,-1635.75,334.73,-1970.48,False
2025-07-25,Friday,DOWN,Bear Put Spread,True,TARGET,12,2679.75,332.31,2347.44,True
2025-07-25,Friday,DOWN,Iron Condor,False,NOSIM,0,0.0,0.0,0.0,False
2025-07-28,Monday,DOWN,Bull Call Spread,False,EOD,75,-1416.0,347.23,-1763.23,False
2025-07-28,Monday,DOWN,Bear Put Spread,True,EOD,75,1593.0,351.86,1241.14,True
2025-07-28,Monday,DOWN,Iron Condor,False,EOD,75,789.0,648.76,140.24,True
2025-07-29,Tuesday,DOWN,Bull Call Spread,False,TARGET,62,3296.25,346.34,2949.91,True
2025-07-29,Tuesday,DOWN,Bear Put Spread,True,STOP,8,-1635.0,343.72,-1978.72,False
2025-07-29,Tuesday,DOWN,Iron Condor,False,STOP,52,-870.0,640.85,-1510.85,False
2025-07-30,Wednesday,UP,Bull Call Spread,True,STOP,8,-1374.75,335.43,-1710.18,False
2025-07-30,Wednesday,UP,Bear Put Spread,False,EOD,75,1006.5,337.68,668.82,True
2025-07-30,Wednesday,UP,Iron Condor,False,TARGET,17,1016.25,646.25,370.0,True
2025-07-31,Thursday,FLAT,Bull Call Spread,False,TARGET,41,3206.25,348.63,2857.62,True
2025-07-31,Thursday,FLAT,Bear Put Spread,False,STOP,26,-1908.0,350.61,-2258.61,False
2025-07-31,Thursday,FLAT,Iron Condor,True,NOSIM,0,0.0,0.0,0.0,False
2025-08-01,Friday,UP,Bull Call Spread,True,STOP,2,-475.5,321.44,-796.94,False
2025-08-01,Friday,UP,Bear Put Spread,False,TARGET,3,2853.75,323.95,2529.8,True
2025-08-01,Friday,UP,Iron Condor,False,NOSIM,0,0.0,0.0,0.0,False
2025-08-04,Monday,DOWN,Bull Call Spread,False,EOD,75,1196.25,372.6,823.65,True
2025-08-04,Monday,DOWN,Bear Put Spread,True,EOD,75,-1155.0,373.57,-1528.57,False
2025-08-04,Monday,DOWN,Iron Condor,False,EOD,75,-180.75,667.93,-848.68,False
2025-08-05,Tuesday,UP,Bull Call Spread,True,EOD,75,-831.0,360.86,-1191.86,False
2025-08-05,Tuesday,UP,Bear Put Spread,False,EOD,75,846.0,355.04,490.96,True
2025-08-05,Tuesday,UP,Iron Condor,False,EOD,75,492.75,650.78,-158.03,False
2025-08-06,Wednesday,DOWN,Bull Call Spread,False,STOP,23,-1488.0,339.85,-1827.85,False
2025-08-06,Wednesday,DOWN,Bear Put Spread,True,EOD,75,1350.0,341.97,1008.03,True
2025-08-06,Wednesday,DOWN,Iron Condor,False,TARGET,17,195.75,640.23,-444.48,False
2025-08-07,Thursday,DOWN,Bull Call Spread,False,EOD,75,1767.0,364.87,1402.13,True
2025-08-07,Thursday,DOWN,Bear Put Spread,True,STOP,74,-1652.25,360.66,-2012.91,False
2025-08-07,Thursday,DOWN,Iron Condor,False,EOD,75,-219.75,649.2,-868.95,False
2025-08-08,Friday,UP,Bull Call Spread,True,STOP,3,-843.0,324.45,-1167.45,False
2025-08-08,Friday,UP,Bear Put Spread,False,STOP,1,-1001.25,325.46,-1326.71,False
2025-08-08,Friday,UP,Iron Condor,False,NOSIM,0,0.0,0.0,0.0,False
2025-08-11,Monday,DOWN,Bull Call Spread,False,EOD,75,2514.75,356.05,2158.7,True
2025-08-11,Monday,DOWN,Bear Put Spread,True,STOP,53,-1581.75,350.02,-1931.77,False
2025-08-11,Monday,DOWN,Iron Condor,False,STOP,53,-301.5,639.8,-941.3,False
2025-08-12,Tuesday,UP,Bull Call Spread,True,EOD,76,-863.25,362.27,-1225.52,False
2025-08-12,Tuesday,UP,Bear Put Spread,False,EOD,76,887.25,358.35,528.9,True
2025-08-12,Tuesday,UP,Iron Condor,False,EOD,76,330.0,645.19,-315.19,False
2025-08-13,Wednesday,DOWN,Bull Call Spread,False,EOD,76,656.25,346.3,309.95,True
2025-08-13,Wednesday,DOWN,Bear Put Spread,True,EOD,76,-649.5,349.89,-999.39,False
2025-08-13,Wednesday,DOWN,Iron Condor,False,EOD,76,-138.75,641.49,-780.24,False
2025-08-14,Thursday,FLAT,Bull Call Spread,False,EOD,75,99.75,361.3,-261.55,False
2025-08-14,Thursday,FLAT,Bear Put Spread,False,EOD,75,-99.75,359.1,-458.85,False
2025-08-14,Thursday,FLAT,Iron Condor,True,NOSIM,0,0.0,0.0,0.0,False
2025-08-18,Monday,FLAT,Bull Call Spread,False,EOD,75,-998.25,336.31,-1334.56,False
2025-08-18,Monday,FLAT,Bear Put Spread,False,EOD,75,1141.5,339.13,802.37,True
2025-08-18,Monday,FLAT,Iron Condor,True,NOSIM,0,0.0,0.0,0.0,False
2025-08-19,Tuesday,UP,Bull Call Spread,True,EOD,75,1116.75,359.5,757.25,True
2025-08-19,Tuesday,UP,Bear Put Spread,False,EOD,75,-1075.5,361.81,-1437.31,False
2025-08-19,Tuesday,UP,Iron Condor,False,EOD,75,-1003.5,666.99,-1670.49,False
2025-08-20,Wednesday,UP,Bull Call Spread,True,EOD,75,1440.0,344.91,1095.09,True
2025-08-20,Wednesday,UP,Bear Put Spread,False,STOP,45,-1422.75,340.76,-1763.51,False
2025-08-20,Wednesday,UP,Iron Condor,False,EOD,75,-272.25,673.98,-946.23,False
2025-08-21,Thursday,FLAT,Bull Call Spread,False,EOD,75,-736.5,357.76,-1094.26,False
2025-08-21,Thursday,FLAT,Bear Put Spread,False,EOD,75,771.0,359.87,411.13,True
2025-08-21,Thursday,FLAT,Iron Condor,True,EOD,75,-324.75,669.78,-994.53,False
2025-08-22,Friday,FLAT,Bull Call Spread,False,STOP,1,-1389.75,323.89,-1713.64,False
2025-08-22,Friday,FLAT,Bear Put Spread,False,TARGET,1,1734.0,321.53,1412.47,True
2025-08-22,Friday,FLAT,Iron Condor,True,NOSIM,0,0.0,0.0,0.0,False
2025-08-25,Monday,DOWN,Bull Call Spread,False,EOD,76,411.0,352.15,58.85,True
2025-08-25,Monday,DOWN,Bear Put Spread,True,EOD,76,-402.75,352.27,-755.02,False
2025-08-25,Monday,DOWN,Iron Condor,False,EOD,76,-393.75,665.4,-1059.15,False
2025-08-26,Tuesday,FLAT,Bull Call Spread,False,STOP,6,-1626.0,355.3,-1981.3,False
2025-08-26,Tuesday,FLAT,Bear Put Spread,False,EOD,75,2392.5,355.31,2037.19,True
2025-08-26,Tuesday,FLAT,Iron Condor,True,NOSIM,0,0.0,0.0,0.0,False
2025-08-28,Thursday,DOWN,Bull Call Spread,False,STOP,1,-2211.75,333.06,-2544.81,False
2025-08-28,Thursday,DOWN,Bear Put Spread,True,TARGET,1,2995.5,333.97,2661.53,True
2025-08-28,Thursday,DOWN,Iron Condor,False,TARGET,1,147.75,639.46,-491.71,False
2025-08-29,Friday,DOWN,Bull Call Spread,False,EOD,75,-456.0,353.24,-809.24,False
2025-08-29,Friday,DOWN,Bear Put Spread,True,EOD,75,457.5,348.58,108.92,True
2025-08-29,Friday,DOWN,Iron Condor,False,NOSIM,0,0.0,0.0,0.0,False
2025-09-01,Monday,DOWN,Bull Call Spread,False,TARGET,47,2893.5,338.99,2554.51,True
2025-09-01,Monday,DOWN,Bear Put Spread,True,STOP,2,-1641.0,343.3,-1984.3,False
2025-09-01,Monday,DOWN,Iron Condor,False,STOP,1,-96.75,639.16,-735.91,False
2025-09-02,Tuesday,UP,Bull Call Spread,True,STOP,58,-1773.0,335.27,-2108.27,False
2025-09-02,Tuesday,UP,Bear Put Spread,False,STOP,9,-1424.25,334.52,-1758.77,False
2025-09-02,Tuesday,UP,Iron Condor,False,EOD,75,-1020.0,643.11,-1663.11,False
2025-09-03,Wednesday,DOWN,Bull Call Spread,False,EOD,75,948.0,371.67,576.33,True
2025-09-03,Wednesday,DOWN,Bear Put Spread,True,EOD,75,-907.5,366.7,-1274.2,False
2025-09-03,Wednesday,DOWN,Iron Condor,False,NOSIM,0,0.0,0.0,0.0,False
2025-09-04,Thursday,UP,Bull Call Spread,True,STOP,1,-1569.0,345.13,-1914.13,False
2025-09-04,Thursday,UP,Bear Put Spread,False,TARGET,62,3800.25,350.17,3450.08,True
2025-09-04,Thursday,UP,Iron Condor,False,NOSIM,0,0.0,0.0,0.0,False
2025-09-05,Friday,DOWN,Bull Call Spread,False,STOP,12,-1762.5,355.11,-2117.61,False
2025-09-05,Friday,DOWN,Bear Put Spread,True,EOD,75,1011.0,349.83,661.17,True
2025-09-05,Friday,DOWN,Iron Condor,False,EOD,75,118.5,659.45,-540.95,False
2025-09-08,Monday,FLAT,Bull Call Spread,False,EOD,75,-116.25,366.08,-482.33,False
2025-09-08,Monday,FLAT,Bear Put Spread,False,EOD,75,117.75,365.17,-247.42,False
2025-09-08,Monday,FLAT,Iron Condor,True,EOD,75,80.25,663.53,-583.28,False
2025-09-09,Tuesday,FLAT,Bull Call Spread,False,EOD,75,349.5,335.92,13.58,True
2025-09-09,Tuesday,FLAT,Bear Put Spread,False,EOD,75,-318.0,332.6,-650.6,False
2025-09-09,Tuesday,FLAT,Iron Condor,True,EOD,75,-175.5,643.39,-818.89,False
2025-09-10,Wednesday,FLAT,Bull Call Spread,False,STOP,49,-1036.5,326.36,-1362.86,False
2025-09-10,Wednesday,FLAT,Bear Put Spread,False,STOP,15,-1125.75,328.09,-1453.84,False
2025-09-10,Wednesday,FLAT,Iron Condor,True,NOSIM,0,0.0,0.0,0.0,False
2025-09-11,Thursday,FLAT,Bull Call Spread,False,EOD,75,843.0,351.96,491.04,True
2025-09-11,Thursday,FLAT,Bear Put Spread,False,EOD,75,-813.75,353.08,-1166.83,False
2025-09-11,Thursday,FLAT,Iron Condor,True,STOP,1,0.0,639.13,-639.13,False
2025-09-12,Friday,DOWN,Bull Call Spread,False,EOD,75,369.0,365.64,3.36,True
2025-09-12,Friday,DOWN,Bear Put Spread,True,EOD,75,-356.25,358.52,-714.77,False
2025-09-12,Friday,DOWN,Iron Condor,False,EOD,75,321.0,671.9,-350.9,False
2025-09-15,Monday,UP,Bull Call Spread,True,EOD,75,-537.75,364.77,-902.52,False
2025-09-15,Monday,UP,Bear Put Spread,False,EOD,75,541.5,359.24,182.26,True
2025-09-15,Monday,UP,Iron Condor,False,EOD,75,-472.5,666.96,-1139.46,False
2025-09-16,Tuesday,FLAT,Bull Call Spread,False,EOD,75,2112.75,362.25,1750.5,True
2025-09-16,Tuesday,FLAT,Bear Put Spread,False,STOP,65,-1645.5,355.46,-2000.96,False
2025-09-16,Tuesday,FLAT,Iron Condor,True,EOD,75,-370.5,704.46,-1074.96,False
2025-09-17,Wednesday,UP,Bull Call Spread,True,EOD,75,597.75,357.86,239.89,True
2025-09-17,Wednesday,UP,Bear Put Spread,False,EOD,75,-596.25,364.36,-960.61,False
2025-09-17,Wednesday,UP,Iron Condor,False,NOSIM,0,0.0,0.0,0.0,False
2025-09-18,Thursday,FLAT,Bull Call Spread,False,EOD,75,-228.0,358.89,-586.89,False
2025-09-18,Thursday,FLAT,Bear Put Spread,False,EOD,75,233.25,361.28,-128.03,False
2025-09-18,Thursday,FLAT,Iron Condor,True,EOD,75,-112.5,657.26,-769.76,False
2025-09-19,Friday,FLAT,Bull Call Spread,False,EOD,75,-678.75,359.24,-1037.99,False
2025-09-19,Friday,FLAT,Bear Put Spread,False,EOD,75,693.75,356.24,337.51,True
2025-09-19,Friday,FLAT,Iron Condor,True,EOD,75,-200.25,646.37,-846.62,False
2025-09-22,Monday,FLAT,Bull Call Spread,False,EOD,75,-441.75,356.16,-797.91,False
2025-09-22,Monday,FLAT,Bear Put Spread,False,EOD,75,458.25,359.36,98.89,True
2025-09-22,Monday,FLAT,Iron Condor,True,NOSIM,0,0.0,0.0,0.0,False
2025-09-23,Tuesday,DOWN,Bull Call Spread,False,STOP,6,-1483.5,332.56,-1816.06,False
2025-09-23,Tuesday,DOWN,Bear Put Spread,True,TARGET,7,2410.5,330.55,2079.95,True
2025-09-23,Tuesday,DOWN,Iron Condor,False,NOSIM,0,0.0,0.0,0.0,False
2025-09-24,Wednesday,FLAT,Bull Call Spread,False,STOP,3,-1121.25,326.96,-1448.21,False
2025-09-24,Wednesday,FLAT,Bear Put Spread,False,TARGET,6,1750.5,325.32,1425.18,True
2025-09-24,Wednesday,FLAT,Iron Condor,True,NOSIM,0,0.0,0.0,0.0,False
2025-09-25,Thursday,DOWN,Bull Call Spread,False,STOP,70,-1899.75,346.71,-2246.46,False
2025-09-25,Thursday,DOWN,Bear Put Spread,True,EOD,75,1942.5,350.78,1591.72,True
2025-09-25,Thursday,DOWN,Iron Condor,False,EOD,75,-1923.0,663.79,-2586.79,False
2025-09-26,Friday,DOWN,Bull Call Spread,False,STOP,58,-1800.0,364.17,-2164.17,False
2025-09-26,Friday,DOWN,Bear Put Spread,True,EOD,75,1634.25,358.74,1275.51,True
2025-09-26,Friday,DOWN,Iron Condor,False,STOP,57,-196.5,639.51,-836.01,False
2025-09-29,Monday,DOWN,Bull Call Spread,False,STOP,31,-1367.25,337.45,-1704.7,False
2025-09-29,Monday,DOWN,Bear Put Spread,True,EOD,75,993.0,342.76,650.24,True
2025-09-29,Monday,DOWN,Iron Condor,False,EOD,75,-207.75,645.01,-852.76,False
2025-09-30,Tuesday,FLAT,Bull Call Spread,False,STOP,17,-1717.5,335.09,-2052.59,False
2025-09-30,Tuesday,FLAT,Bear Put Spread,False,EOD,75,1311.0,336.96,974.04,True
2025-09-30,Tuesday,FLAT,Iron Condor,True,TARGET,11,147.75,639.79,-492.04,False
2025-10-01,Wednesday,DOWN,Bull Call Spread,False,TARGET,3,2064.75,324.53,1740.22,True
2025-10-01,Wednesday,DOWN,Bear Put Spread,True,STOP,2,-340.5,321.1,-661.6,False
2025-10-01,Wednesday,DOWN,Iron Condor,False,NOSIM,0,0.0,0.0,0.0,False
2025-10-03,Friday,UP,Bull Call Spread,True,EOD,75,2437.5,343.35,2094.15,True
2025-10-03,Friday,UP,Bear Put Spread,False,STOP,65,-1668.0,340.83,-2008.83,False
2025-10-03,Friday,UP,Iron Condor,False,EOD,75,267.75,659.03,-391.28,False
2025-10-06,Monday,FLAT,Bull Call Spread,False,TARGET,46,3003.0,337.81,2665.19,True
2025-10-06,Monday,FLAT,Bear Put Spread,False,STOP,17,-1333.5,333.81,-1667.31,False
2025-10-06,Monday,FLAT,Iron Condor,True,STOP,1,0.0,639.13,-639.13,False
2025-10-07,Tuesday,UP,Bull Call Spread,True,TARGET,8,2402.25,330.94,2071.31,True
2025-10-07,Tuesday,UP,Bear Put Spread,False,STOP,6,-1413.75,334.2,-1747.95,False
2025-10-07,Tuesday,UP,Iron Condor,False,EOD,75,4.5,648.82,-644.32,False
2025-10-08,Wednesday,FLAT,Bull Call Spread,False,EOD,75,-781.5,345.48,-1126.98,False
2025-10-08,Wednesday,FLAT,Bear Put Spread,False,EOD,75,852.0,350.8,501.2,True
2025-10-08,Wednesday,FLAT,Iron Condor,True,NOSIM,0,0.0,0.0,0.0,False
2025-10-09,Thursday,DOWN,Bull Call Spread,False,EOD,75,1668.0,346.72,1321.28,True
2025-10-09,Thursday,DOWN,Bear Put Spread,True,STOP,31,-1476.75,340.34,-1817.09,False
2025-10-09,Thursday,DOWN,Iron Condor,False,EOD,75,1247.25,654.56,592.69,True
2025-10-10,Friday,UP,Bull Call Spread,True,EOD,75,1691.25,350.21,1341.04,True
2025-10-10,Friday,UP,Bear Put Spread,False,STOP,7,-1503.75,345.39,-1849.14,False
2025-10-10,Friday,UP,Iron Condor,False,TARGET,22,1161.0,650.46,510.54,True
2025-10-13,Monday,UP,Bull Call Spread,True,EOD,75,915.75,344.01,571.74,True
2025-10-13,Monday,UP,Bear Put Spread,False,EOD,75,-906.0,349.94,-1255.94,False
2025-10-13,Monday,UP,Iron Condor,False,NOSIM,0,0.0,0.0,0.0,False
2025-10-14,Tuesday,FLAT,Bull Call Spread,False,STOP,8,-1100.25,329.65,-1429.9,False
2025-10-14,Tuesday,FLAT,Bear Put Spread,False,TARGET,25,3700.5,334.61,3365.89,True
2025-10-14,Tuesday,FLAT,Iron Condor,True,NOSIM,0,0.0,0.0,0.0,False
2025-10-15,Wednesday,DOWN,Bull Call Spread,False,TARGET,49,2944.5,339.53,2604.97,True
2025-10-15,Wednesday,DOWN,Bear Put Spread,True,STOP,16,-1785.0,344.06,-2129.06,False
2025-10-15,Wednesday,DOWN,Iron Condor,False,NOSIM,0,0.0,0.0,0.0,False
2025-10-16,Thursday,UP,Bull Call Spread,True,TARGET,59,3060.75,342.77,2717.98,True
2025-10-16,Thursday,UP,Bear Put Spread,False,STOP,39,-1578.0,344.01,-1922.01,False
2025-10-16,Thursday,UP,Iron Condor,False,TARGET,58,1500.75,652.71,848.04,True
2025-10-17,Friday,UP,Bull Call Spread,True,TARGET,27,3246.0,347.74,2898.26,True
2025-10-17,Friday,UP,Bear Put Spread,False,STOP,12,-1688.25,348.49,-2036.74,False
2025-10-17,Friday,UP,Iron Condor,False,STOP,16,-680.25,640.62,-1320.87,False
2025-10-20,Monday,UP,Bull Call Spread,True,EOD,75,441.75,347.44,94.31,True
2025-10-20,Monday,UP,Bear Put Spread,False,EOD,75,-408.75,340.95,-749.7,False
2025-10-20,Monday,UP,Iron Condor,False,EOD,75,-168.75,650.02,-818.77,False
2025-10-23,Thursday,FLAT,Bull Call Spread,False,STOP,70,-1778.25,355.57,-2133.82,False
2025-10-23,Thursday,FLAT,Bear Put Spread,False,EOD,75,2412.75,353.46,2059.29,True
2025-10-23,Thursday,FLAT,Iron Condor,True,NOSIM,0,0.0,0.0,0.0,False
2025-10-24,Friday,DOWN,Bull Call Spread,False,STOP,18,-1523.25,346.88,-1870.13,False
2025-10-24,Friday,DOWN,Bear Put Spread,True,EOD,75,2050.5,350.79,1699.71,True
2025-10-24,Friday,DOWN,Iron Condor,False,STOP,1,0.0,639.13,-639.13,False
2025-10-27,Monday,DOWN,Bull Call Spread,False,EOD,75,2404.5,340.55,2063.95,True
2025-10-27,Monday,DOWN,Bear Put Spread,True,STOP,6,-1560.0,342.2,-1902.2,False
2025-10-27,Monday,DOWN,Iron Condor,False,TARGET,5,227.25,640.45,-413.2,False
2025-10-28,Tuesday,UP,Bull Call Spread,True,STOP,22,-1596.75,339.18,-1935.93,False
2025-10-28,Tuesday,UP,Bear Put Spread,False,EOD,75,-465.75,341.64,-807.39,False
2025-10-28,Tuesday,UP,Iron Condor,False,EOD,75,407.25,655.28,-248.03,False
2025-10-29,Wednesday,DOWN,Bull Call Spread,False,EOD,75,1683.75,337.12,1346.63,True
2025-10-29,Wednesday,DOWN,Bear Put Spread,True,STOP,42,-1641.75,341.54,-1983.29,False
2025-10-29,Wednesday,DOWN,Iron Condor,False,NOSIM,0,0.0,0.0,0.0,False
2025-10-30,Thursday,UP,Bull Call Spread,True,EOD,75,-891.0,365.59,-1256.59,False
2025-10-30,Thursday,UP,Bear Put Spread,False,EOD,75,936.75,369.95,566.8,True
2025-10-30,Thursday,UP,Iron Condor,False,NOSIM,0,0.0,0.0,0.0,False
2025-10-31,Friday,DOWN,Bull Call Spread,False,STOP,70,-1731.0,354.97,-2085.97,False
2025-10-31,Friday,DOWN,Bear Put Spread,True,EOD,76,1761.75,351.06,1410.69,True
2025-10-31,Friday,DOWN,Iron Condor,False,STOP,1,0.0,639.13,-639.13,False
2025-11-03,Monday,DOWN,Bull Call Spread,False,EOD,75,1240.5,345.45,895.05,True
2025-11-03,Monday,DOWN,Bear Put Spread,True,EOD,75,-1161.0,346.19,-1507.19,False
2025-11-03,Monday,DOWN,Iron Condor,False,STOP,1,0.0,639.13,-639.13,False
2025-11-04,Tuesday,FLAT,Bull Call Spread,False,EOD,75,-1167.75,385.19,-1552.94,False
2025-11-04,Tuesday,FLAT,Bear Put Spread,False,EOD,75,1214.25,386.54,827.71,True
2025-11-04,Tuesday,FLAT,Iron Condor,True,EOD,75,-265.5,734.27,-999.77,False
2025-11-06,Thursday,DOWN,Bull Call Spread,False,TARGET,1,2341.5,328.06,2013.44,True
2025-11-06,Thursday,DOWN,Bear Put Spread,True,STOP,1,-1815.75,329.4,-2145.15,False
2025-11-06,Thursday,DOWN,Iron Condor,False,NOSIM,0,0.0,0.0,0.0,False
2025-11-07,Friday,DOWN,Bull Call Spread,False,STOP,4,-1561.5,344.81,-1906.31,False
2025-11-07,Friday,DOWN,Bear Put Spread,True,EOD,76,-1133.25,349.02,-1482.27,False
2025-11-07,Friday,DOWN,Iron Condor,False,EOD,76,51.75,640.78,-589.03,False
2025-11-10,Monday,FLAT,Bull Call Spread,False,EOD,75,818.25,360.34,457.91,True
2025-11-10,Monday,FLAT,Bear Put Spread,False,EOD,75,-788.25,359.21,-1147.46,False
2025-11-10,Monday,FLAT,Iron Condor,True,EOD,75,275.25,661.08,-385.83,False
2025-11-11,Tuesday,UP,Bull Call Spread,True,STOP,17,-1836.0,359.0,-2195.0,False
2025-11-11,Tuesday,UP,Bear Put Spread,False,EOD,76,-1025.25,354.12,-1379.37,False
2025-11-11,Tuesday,UP,Iron Condor,False,EOD,76,-154.5,688.67,-843.17,False
2025-11-12,Wednesday,UP,Bull Call Spread,True,EOD,75,310.5,381.31,-70.81,False
2025-11-12,Wednesday,UP,Bear Put Spread,False,EOD,75,-310.5,385.79,-696.29,False
2025-11-12,Wednesday,UP,Iron Condor,False,NOSIM,0,0.0,0.0,0.0,False
2025-11-13,Thursday,FLAT,Bull Call Spread,False,EOD,75,-288.0,353.99,-641.99,False
2025-11-13,Thursday,FLAT,Bear Put Spread,False,EOD,75,289.5,352.19,-62.69,False
2025-11-13,Thursday,FLAT,Iron Condor,True,EOD,75,-5.25,682.38,-687.63,False
2025-11-14,Friday,FLAT,Bull Call Spread,False,EOD,76,1599.75,366.18,1233.57,True
2025-11-14,Friday,FLAT,Bear Put Spread,False,STOP,71,-1656.75,360.9,-2017.65,False
2025-11-14,Friday,FLAT,Iron Condor,True,TARGET,71,123.75,640.0,-516.25,False
2025-11-17,Monday,FLAT,Bull Call Spread,False,EOD,75,588.0,374.71,213.29,True
2025-11-17,Monday,FLAT,Bear Put Spread,False,EOD,75,-578.25,375.06,-953.31,False
2025-11-17,Monday,FLAT,Iron Condor,True,EOD,75,-0.0,640.86,-640.86,False
2025-11-18,Tuesday,FLAT,Bull Call Spread,False,STOP,16,-1818.0,353.66,-2171.66,False
2025-11-18,Tuesday,FLAT,Bear Put Spread,False,EOD,75,1803.75,347.63,1456.12,True
2025-11-18,Tuesday,FLAT,Iron Condor,True,NOSIM,0,0.0,0.0,0.0,False
2025-11-19,Wednesday,FLAT,Bull Call Spread,False,EOD,76,1271.25,373.82,897.43,True
2025-11-19,Wednesday,FLAT,Bear Put Spread,False,EOD,76,-1204.5,368.36,-1572.86,False
2025-11-19,Wednesday,FLAT,Iron Condor,True,NOSIM,0,0.0,0.0,0.0,False
2025-11-20,Thursday,UP,Bull Call Spread,True,EOD,75,730.5,358.65,371.85,True
2025-11-20,Thursday,UP,Bear Put Spread,False,EOD,75,-722.25,363.59,-1085.84,False
2025-11-20,Thursday,UP,Iron Condor,False,NOSIM,0,0.0,0.0,0.0,False
2025-11-21,Friday,UP,Bull Call Spread,True,EOD,75,-445.5,369.66,-815.16,False
2025-11-21,Friday,UP,Bear Put Spread,False,EOD,75,450.75,366.73,84.02,True
2025-11-21,Friday,UP,Iron Condor,False,EOD,75,-174.75,685.58,-860.33,False
2025-11-24,Monday,DOWN,Bull Call Spread,False,STOP,70,-1935.75,353.2,-2288.95,False
2025-11-24,Monday,DOWN,Bear Put Spread,True,EOD,75,2580.0,346.93,2233.07,True
2025-11-24,Monday,DOWN,Iron Condor,False,EOD,75,-2434.5,655.76,-3090.26,False
2025-11-25,Tuesday,DOWN,Bull Call Spread,False,STOP,68,-1530.0,334.6,-1864.6,False
2025-11-25,Tuesday,DOWN,Bear Put Spread,True,TARGET,70,2745.0,334.91,2410.09,True
2025-11-25,Tuesday,DOWN,Iron Condor,False,NOSIM,0,0.0,0.0,0.0,False
2025-11-26,Wednesday,DOWN,Bull Call Spread,False,TARGET,58,3369.0,367.74,3001.26,True
2025-11-26,Wednesday,DOWN,Bear Put Spread,True,STOP,7,-1884.75,369.62,-2254.37,False
2025-11-26,Wednesday,DOWN,Iron Condor,False,NOSIM,0,0.0,0.0,0.0,False
2025-11-27,Thursday,UP,Bull Call Spread,True,EOD,75,-493.5,358.95,-852.45,False
2025-11-27,Thursday,UP,Bear Put Spread,False,EOD,75,500.25,355.67,144.58,True
2025-11-27,Thursday,UP,Iron Condor,False,EOD,75,-16.5,664.82,-681.32,False
2025-11-28,Friday,FLAT,Bull Call Spread,False,EOD,76,-340.5,362.52,-703.02,False
2025-11-28,Friday,FLAT,Bear Put Spread,False,EOD,76,350.25,365.97,-15.72,False
2025-11-28,Friday,FLAT,Iron Condor,True,EOD,76,-28.5,674.92,-703.42,False
2025-12-01,Monday,FLAT,Bull Call Spread,False,STOP,23,-1416.0,342.26,-1758.26,False
2025-12-01,Monday,FLAT,Bear Put Spread,False,EOD,75,2444.25,348.54,2095.71,True
2025-12-01,Monday,FLAT,Iron Condor,True,EOD,75,15.0,651.29,-636.29,False
2025-12-02,Tuesday,DOWN,Bull Call Spread,False,EOD,75,-238.5,382.55,-621.05,False
2025-12-02,Tuesday,DOWN,Bear Put Spread,True,EOD,75,241.5,385.94,-144.44,False
2025-12-02,Tuesday,DOWN,Iron Condor,False,EOD,75,-24.0,729.59,-753.59,False
2025-12-03,Wednesday,FLAT,Bull Call Spread,False,EOD,75,-188.25,370.75,-559.0,False
2025-12-03,Wednesday,FLAT,Bear Put Spread,False,EOD,75,190.5,369.15,-178.65,False
2025-12-03,Wednesday,FLAT,Iron Condor,True,NOSIM,0,0.0,0.0,0.0,False
2025-12-04,Thursday,DOWN,Bull Call Spread,False,EOD,75,462.0,350.74,111.26,True
2025-12-04,Thursday,DOWN,Bear Put Spread,True,EOD,75,-462.75,355.62,-818.37,False
2025-12-04,Thursday,DOWN,Iron Condor,False,TARGET,17,267.75,641.22,-373.47,False
2025-12-05,Friday,UP,Bull Call Spread,True,EOD,75,2709.75,347.28,2362.47,True
2025-12-05,Friday,UP,Bear Put Spread,False,STOP,19,-1723.5,347.24,-2070.74,False
2025-12-05,Friday,UP,Iron Condor,False,NOSIM,0,0.0,0.0,0.0,False
2025-12-08,Monday,UP,Bull Call Spread,True,STOP,52,-1840.5,382.93,-2223.43,False
2025-12-08,Monday,UP,Bear Put Spread,False,EOD,75,1839.75,379.81,1459.94,True
2025-12-08,Monday,UP,Iron Condor,False,EOD,75,-637.5,704.42,-1341.92,False
2025-12-09,Tuesday,DOWN,Bull Call Spread,False,EOD,75,-300.75,360.53,-661.28,False
2025-12-09,Tuesday,DOWN,Bear Put Spread,True,EOD,75,300.0,355.59,-55.59,False
2025-12-09,Tuesday,DOWN,Iron Condor,False,NOSIM,0,0.0,0.0,0.0,False
2025-12-10,Wednesday,FLAT,Bull Call Spread,False,EOD,75,-1332.75,362.16,-1694.91,False
2025-12-10,Wednesday,FLAT,Bear Put Spread,False,EOD,75,1401.0,358.05,1042.95,True
2025-12-10,Wednesday,FLAT,Iron Condor,True,NOSIM,0,0.0,0.0,0.0,False
2025-12-11,Thursday,DOWN,Bull Call Spread,False,EOD,75,1353.0,367.28,985.72,True
2025-12-11,Thursday,DOWN,Bear Put Spread,True,EOD,75,-1262.25,360.99,-1623.24,False
2025-12-11,Thursday,DOWN,Iron Condor,False,EOD,75,-303.75,674.77,-978.52,False
2025-12-12,Friday,UP,Bull Call Spread,True,EOD,75,1215.75,347.13,868.62,True
2025-12-12,Friday,UP,Bear Put Spread,False,EOD,75,-1078.5,341.51,-1420.01,False
2025-12-12,Friday,UP,Iron Condor,False,EOD,75,-1178.25,660.29,-1838.54,False
2025-12-15,Monday,UP,Bull Call Spread,True,EOD,76,763.5,370.49,393.01,True
2025-12-15,Monday,UP,Bear Put Spread,False,EOD,76,-754.5,376.16,-1130.66,False
2025-12-15,Monday,UP,Iron Condor,False,NOSIM,0,0.0,0.0,0.0,False
2025-12-16,Tuesday,FLAT,Bull Call Spread,False,EOD,75,-931.5,370.43,-1301.93,False
2025-12-16,Tuesday,FLAT,Bear Put Spread,False,EOD,75,965.25,369.83,595.42,True
2025-12-16,Tuesday,FLAT,Iron Condor,True,EOD,75,-256.5,705.31,-961.81,False
2025-12-17,Wednesday,DOWN,Bull Call Spread,False,EOD,76,-746.25,371.2,-1117.45,False
2025-12-17,Wednesday,DOWN,Bear Put Spread,True,EOD,76,768.0,370.33,397.67,True
2025-12-17,Wednesday,DOWN,Iron Condor,False,NOSIM,0,0.0,0.0,0.0,False
2025-12-18,Thursday,FLAT,Bull Call Spread,False,EOD,75,648.75,357.36,291.39,True
2025-12-18,Thursday,FLAT,Bear Put Spread,False,EOD,75,-618.75,353.15,-971.9,False
2025-12-18,Thursday,FLAT,Iron Condor,True,EOD,75,-429.0,651.81,-1080.81,False
2025-12-19,Friday,FLAT,Bull Call Spread,False,EOD,75,855.75,345.17,510.58,True
2025-12-19,Friday,FLAT,Bear Put Spread,False,EOD,75,-789.75,342.1,-1131.85,False
2025-12-19,Friday,FLAT,Iron Condor,True,EOD,75,-630.0,654.52,-1284.52,False
2025-12-22,Monday,UP,Bull Call Spread,True,EOD,75,1013.25,371.86,641.39,True
2025-12-22,Monday,UP,Bear Put Spread,False,EOD,75,-975.75,369.98,-1345.73,False
2025-12-22,Monday,UP,Iron Condor,False,NOSIM,0,0.0,0.0,0.0,False
2025-12-23,Tuesday,UP,Bull Call Spread,True,EOD,75,-396.0,367.09,-763.09,False
2025-12-23,Tuesday,UP,Bear Put Spread,False,EOD,75,401.25,365.43,35.82,True
2025-12-23,Tuesday,UP,Iron Condor,False,NOSIM,0,0.0,0.0,0.0,False
2025-12-24,Wednesday,FLAT,Bull Call Spread,False,EOD,75,-280.5,372.22,-652.72,False
2025-12-24,Wednesday,FLAT,Bear Put Spread,False,EOD,75,281.25,366.05,-84.8,False
2025-12-24,Wednesday,FLAT,Iron Condor,True,NOSIM,0,0.0,0.0,0.0,False
2025-12-26,Friday,FLAT,Bull Call Spread,False,STOP,61,-1713.75,341.84,-2055.59,False
2025-12-26,Friday,FLAT,Bear Put Spread,False,EOD,75,1438.5,336.5,1102.0,True
2025-12-26,Friday,FLAT,Iron Condor,True,EOD,75,-123.0,658.62,-781.62,False
2025-12-29,Monday,DOWN,Bull Call Spread,False,EOD,75,-1286.25,360.5,-1646.75,False
2025-12-29,Monday,DOWN,Bear Put Spread,True,EOD,75,1350.75,356.61,994.14,True
2025-12-29,Monday,DOWN,Iron Condor,False,EOD,75,-276.75,692.73,-969.48,False
2025-12-30,Tuesday,DOWN,Bull Call Spread,False,EOD,75,303.55,321.98,-18.43,False
2025-12-30,Tuesday,DOWN,Bear Put Spread,True,EOD,75,-302.25,324.09,-626.34,False
2025-12-30,Tuesday,DOWN,Iron Condor,False,EOD,75,32.5,625.6,-593.1,False
2025-12-31,Wednesday,FLAT,Bull Call Spread,False,TARGET,1,2211.95,294.03,1917.92,True
2025-12-31,Wednesday,FLAT,Bear Put Spread,False,STOP,1,-544.05,290.98,-835.03,False
2025-12-31,Wednesday,FLAT,Iron Condor,True,NOSIM,0,0.0,0.0,0.0,False
2026-01-01,Thursday,UP,Bull Call Spread,True,EOD,75,-238.55,344.26,-582.81,False
2026-01-01,Thursday,UP,Bear Put Spread,False,EOD,75,239.2,338.1,-98.9,False
2026-01-01,Thursday,UP,Iron Condor,False,EOD,75,-18.2,639.32,-657.52,False
2026-01-02,Friday,FLAT,Bull Call Spread,False,EOD,76,1302.6,341.99,960.61,True
2026-01-02,Friday,FLAT,Bear Put Spread,False,EOD,76,-1242.8,340.51,-1583.31,False
2026-01-02,Friday,FLAT,Iron Condor,True,EOD,76,-204.1,659.41,-863.51,False
2026-01-05,Monday,UP,Bull Call Spread,True,EOD,76,-633.1,338.52,-971.62,False
2026-01-05,Monday,UP,Bear Put Spread,False,EOD,76,656.5,342.54,313.96,True
2026-01-05,Monday,UP,Iron Condor,False,EOD,76,-298.35,603.99,-902.34,False
2026-01-06,Tuesday,DOWN,Bull Call Spread,False,EOD,75,-276.25,301.91,-578.16,False
2026-01-06,Tuesday,DOWN,Bear Put Spread,True,STOP,10,-1254.5,303.97,-1558.47,False
2026-01-06,Tuesday,DOWN,Iron Condor,False,EOD,75,63.7,586.42,-522.72,False
2026-01-07,Wednesday,FLAT,Bull Call Spread,False,EOD,75,-1.95,318.81,-320.76,False
2026-01-07,Wednesday,FLAT,Bear Put Spread,False,EOD,75,2.6,320.37,-317.77,False
2026-01-07,Wednesday,FLAT,Iron Condor,True,NOSIM,0,0.0,0.0,0.0,False
2026-01-08,Thursday,FLAT,Bull Call Spread,False,STOP,51,-1557.4,337.87,-1895.27,False
2026-01-08,Thursday,FLAT,Bear Put Spread,False,EOD,75,1843.4,336.06,1507.34,True
2026-01-08,Thursday,FLAT,Iron Condor,True,EOD,75,-48.1,598.24,-646.34,False
2026-01-09,Friday,DOWN,Bull Call Spread,False,EOD,75,-930.8,341.65,-1272.45,False
2026-01-09,Friday,DOWN,Bear Put Spread,True,EOD,75,969.8,343.95,625.85,True
2026-01-09,Friday,DOWN,Iron Condor,False,EOD,75,-161.2,619.22,-780.42,False
2026-01-12,Monday,DOWN,Bull Call Spread,False,EOD,75,1058.2,339.92,718.28,True
2026-01-12,Monday,DOWN,Bear Put Spread,True,EOD,75,-1007.5,334.91,-1342.41,False
2026-01-12,Monday,DOWN,Iron Condor,False,EOD,75,33.8,625.86,-592.06,False
2026-01-13,Tuesday,UP,Bull Call Spread,True,STOP,43,-1536.6,336.95,-1873.55,False
2026-01-13,Tuesday,UP,Bear Put Spread,False,EOD,76,1422.85,337.47,1085.38,True
2026-01-13,Tuesday,UP,Iron Condor,False,EOD,76,157.95,628.14,-470.19,False
2026-01-14,Wednesday,DOWN,Bull Call Spread,False,TARGET,2,2094.95,293.93,1801.02,True
2026-01-14,Wednesday,DOWN,Bear Put Spread,True,STOP,1,-923.65,294.14,-1217.79,False
2026-01-14,Wednesday,DOWN,Iron Condor,False,NOSIM,0,0.0,0.0,0.0,False
2026-01-16,Friday,FLAT,Bull Call Spread,False,EOD,76,44.2,337.57,-293.37,False
2026-01-16,Friday,FLAT,Bear Put Spread,False,EOD,76,-44.85,338.42,-383.27,False
2026-01-16,Friday,FLAT,Iron Condor,True,EOD,76,-30.55,598.92,-629.47,False
2026-01-19,Monday,FLAT,Bull Call Spread,False,STOP,10,-1504.75,317.68,-1822.43,False
2026-01-19,Monday,FLAT,Bear Put Spread,False,EOD,75,1175.2,316.85,858.35,True
2026-01-19,Monday,FLAT,Iron Condor,True,EOD,75,-602.55,596.76,-1199.31,False
2026-01-20,Tuesday,DOWN,Bull Call Spread,False,STOP,42,-1469.0,324.55,-1793.55,False
2026-01-20,Tuesday,DOWN,Bear Put Spread,True,TARGET,72,3220.75,329.3,2891.45,True
2026-01-20,Tuesday,DOWN,Iron Condor,False,EOD,76,-1552.2,623.85,-2176.05,False
2026-01-21,Wednesday,DOWN,Bull Call Spread,False,STOP,20,-1468.35,326.73,-1795.08,False
2026-01-21,Wednesday,DOWN,Bear Put Spread,True,EOD,75,-249.6,328.83,-578.43,False
2026-01-21,Wednesday,DOWN,Iron Condor,False,NOSIM,0,0.0,0.0,0.0,False
2026-01-22,Thursday,UP,Bull Call Spread,True,EOD,76,-178.75,337.28,-516.03,False
2026-01-22,Thursday,UP,Bear Put Spread,False,EOD,76,181.35,338.61,-157.26,False
2026-01-22,Thursday,UP,Iron Condor,False,EOD,76,-68.9,600.75,-669.65,False
2026-01-23,Friday,FLAT,Bull Call Spread,False,STOP,30,-1471.6,315.79,-1787.39,False
2026-01-23,Friday,FLAT,Bear Put Spread,False,TARGET,52,3238.95,316.96,2921.99,True
2026-01-23,Friday,FLAT,Iron Condor,True,STOP,50,-1539.85,583.12,-2122.97,False
2026-01-27,Tuesday,DOWN,Bull Call Spread,False,EOD,75,2180.1,316.43,1863.67,True
2026-01-27,Tuesday,DOWN,Bear Put Spread,True,STOP,73,-1569.1,313.23,-1882.33,False
2026-01-27,Tuesday,DOWN,Iron Condor,False,TARGET,2,256.1,580.72,-324.62,False
2026-01-28,Wednesday,FLAT,Bull Call Spread,False,TARGET,1,4019.6,292.86,3726.74,True
2026-01-28,Wednesday,FLAT,Bear Put Spread,False,STOP,1,-906.1,291.58,-1197.68,False
2026-01-28,Wednesday,FLAT,Iron Condor,True,NOSIM,0,0.0,0.0,0.0,False
2026-01-29,Thursday,FLAT,Bull Call Spread,False,EOD,76,514.15,345.93,168.22,True
2026-01-29,Thursday,FLAT,Bear Put Spread,False,EOD,76,-507.65,347.04,-854.69,False
2026-01-29,Thursday,FLAT,Iron Condor,True,EOD,76,-256.1,587.92,-844.02,False
2026-01-30,Friday,UP,Bull Call Spread,True,EOD,75,432.9,349.58,83.32,True
2026-01-30,Friday,UP,Bear Put Spread,False,EOD,75,-429.0,350.02,-779.02,False
2026-01-30,Friday,UP,Iron Condor,False,EOD,75,-189.15,586.65,-775.8,False
2026-02-02,Monday,FLAT,Bull Call Spread,False,EOD,76,2224.3,334.97,1889.33,True
2026-02-02,Monday,FLAT,Bear Put Spread,False,STOP,68,-1658.15,335.7,-1993.85,False
2026-02-02,Monday,FLAT,Iron Condor,True,EOD,76,78.65,580.91,-502.26,False
2026-02-03,Tuesday,UP,Bull Call Spread,True,STOP,1,-3590.6,322.43,-3913.03,False
2026-02-03,Tuesday,UP,Bear Put Spread,False,TARGET,1,4579.9,320.38,4259.52,True
2026-02-03,Tuesday,UP,Iron Condor,False,NOSIM,0,0.0,0.0,0.0,False
2026-02-04,Wednesday,DOWN,Bull Call Spread,False,TARGET,2,2552.55,292.96,2259.59,True
2026-02-04,Wednesday,DOWN,Bear Put Spread,True,STOP,1,-1110.85,296.89,-1407.74,False
2026-02-04,Wednesday,DOWN,Iron Condor,False,NOSIM,0,0.0,0.0,0.0,False
2026-02-05,Thursday,UP,Bull Call Spread,True,EOD,75,-952.25,332.2,-1284.45,False
2026-02-05,Thursday,UP,Bear Put Spread,False,EOD,75,991.25,330.58,660.67,True
2026-02-05,Thursday,UP,Iron Condor,False,EOD,75,-216.45,580.49,-796.94,False
2026-02-06,Friday,DOWN,Bull Call Spread,False,EOD,75,487.5,342.43,145.07,True
2026-02-06,Friday,DOWN,Bear Put Spread,True,EOD,75,-479.05,340.77,-819.82,False
2026-02-06,Friday,DOWN,Iron Condor,False,EOD,75,180.7,586.45,-405.75,False
2026-02-09,Monday,UP,Bull Call Spread,True,STOP,5,-1326.0,310.68,-1636.68,False
2026-02-09,Monday,UP,Bear Put Spread,False,EOD,75,356.85,313.18,43.67,True
2026-02-09,Monday,UP,Iron Condor,False,EOD,75,-90.35,580.49,-670.84,False
2026-02-10,Tuesday,UP,Bull Call Spread,True,EOD,75,-78.65,315.85,-394.5,False
2026-02-10,Tuesday,UP,Bear Put Spread,False,EOD,75,76.05,310.56,-234.51,False
2026-02-10,Tuesday,UP,Iron Condor,False,EOD,75,5.2,607.07,-601.87,False
2026-02-11,Wednesday,FLAT,Bull Call Spread,False,STOP,4,-999.05,293.16,-1292.21,False
2026-02-11,Wednesday,FLAT,Bear Put Spread,False,TARGET,4,1663.35,293.53,1369.82,True
2026-02-11,Wednesday,FLAT,Iron Condor,True,NOSIM,0,0.0,0.0,0.0,False
2026-02-12,Thursday,FLAT,Bull Call Spread,False,EOD,75,-896.35,333.89,-1230.24,False
2026-02-12,Thursday,FLAT,Bear Put Spread,False,EOD,75,930.8,332.05,598.75,True
2026-02-12,Thursday,FLAT,Iron Condor,True,EOD,75,826.15,611.96,214.19,True
2026-02-13,Friday,DOWN,Bull Call Spread,False,EOD,75,-861.9,338.51,-1200.41,False
2026-02-13,Friday,DOWN,Bear Put Spread,True,EOD,75,882.7,332.98,549.72,True
2026-02-13,Friday,DOWN,Iron Condor,False,EOD,75,393.25,590.66,-197.41,False
2026-02-16,Monday,DOWN,Bull Call Spread,False,EOD,75,2720.9,323.7,2397.2,True
2026-02-16,Monday,DOWN,Bear Put Spread,True,STOP,37,-1351.35,317.9,-1669.25,False
2026-02-16,Monday,DOWN,Iron Condor,False,EOD,75,-390.0,583.99,-973.99,False
2026-02-17,Tuesday,UP,Bull Call Spread,True,EOD,75,954.2,315.02,639.18,True
2026-02-17,Tuesday,UP,Bear Put Spread,False,EOD,75,-917.8,317.76,-1235.56,False
2026-02-17,Tuesday,UP,Iron Condor,False,EOD,75,266.5,596.31,-329.81,False
2026-02-18,Wednesday,UP,Bull Call Spread,True,STOP,2,-1043.9,292.42,-1336.32,False
2026-02-18,Wednesday,UP,Bear Put Spread,False,TARGET,2,2085.85,292.03,1793.82,True
2026-02-18,Wednesday,UP,Iron Condor,False,NOSIM,0,0.0,0.0,0.0,False
2026-02-19,Thursday,FLAT,Bull Call Spread,False,STOP,31,-1638.65,336.49,-1975.14,False
2026-02-19,Thursday,FLAT,Bear Put Spread,False,TARGET,66,2869.75,330.45,2539.3,True
2026-02-19,Thursday,FLAT,Iron Condor,True,TARGET,4,31.2,579.22,-548.02,False
2026-02-20,Friday,DOWN,Bull Call Spread,False,EOD,75,1734.2,321.67,1412.53,True
2026-02-20,Friday,DOWN,Bear Put Spread,True,STOP,15,-1437.15,319.98,-1757.13,False
2026-02-20,Friday,DOWN,Iron Condor,False,TARGET,13,434.85,583.1,-148.25,False
2026-02-23,Monday,UP,Bull Call Spread,True,EOD,75,283.4,316.89,-33.49,False
2026-02-23,Monday,UP,Bear Put Spread,False,EOD,75,-287.3,321.96,-609.26,False
2026-02-23,Monday,UP,Iron Condor,False,TARGET,3,69.55,579.41,-509.86,False
2026-02-24,Tuesday,UP,Bull Call Spread,True,STOP,12,-1434.55,323.79,-1758.34,False
2026-02-24,Tuesday,UP,Bear Put Spread,False,EOD,76,1812.85,325.68,1487.17,True
2026-02-24,Tuesday,UP,Iron Condor,False,EOD,76,-986.7,607.33,-1594.03,False
2026-02-25,Wednesday,DOWN,Bull Call Spread,False,EOD,76,-317.2,328.56,-645.76,False
2026-02-25,Wednesday,DOWN,Bear Put Spread,True,EOD,76,319.8,325.31,-5.51,False
2026-02-25,Wednesday,DOWN,Iron Condor,False,NOSIM,0,0.0,0.0,0.0,False
2026-02-26,Thursday,DOWN,Bull Call Spread,False,EOD,75,-438.1,343.79,-781.89,False
2026-02-26,Thursday,DOWN,Bear Put Spread,True,EOD,75,445.25,341.98,103.27,True
2026-02-26,Thursday,DOWN,Iron Condor,False,EOD,75,-11.7,673.39,-685.09,False
2026-02-27,Friday,FLAT,Bull Call Spread,False,STOP,9,-1430.65,318.81,-1749.46,False
2026-02-27,Friday,FLAT,Bear Put Spread,False,TARGET,70,3190.85,316.37,2874.48,True
2026-02-27,Friday,FLAT,Iron Condor,True,TARGET,3,147.55,580.17,-432.62,False
2026-03-02,Monday,DOWN,Bull Call Spread,False,EOD,75,1474.85,338.23,1136.62,True
2026-03-02,Monday,DOWN,Bear Put Spread,True,STOP,1,-1671.15,335.71,-2006.86,False
2026-03-02,Monday,DOWN,Iron Condor,False,NOSIM,0,0.0,0.0,0.0,False
2026-03-04,Wednesday,DOWN,Bull Call Spread,False,EOD,75,696.8,332.79,364.01,True
2026-03-04,Wednesday,DOWN,Bear Put Spread,True,EOD,75,-683.15,335.47,-1018.62,False
2026-03-04,Wednesday,DOWN,Iron Condor,False,NOSIM,0,0.0,0.0,0.0,False
2026-03-05,Thursday,UP,Bull Call Spread,True,EOD,76,603.85,371.56,232.29,True
2026-03-05,Thursday,UP,Bear Put Spread,False,EOD,76,-593.45,367.03,-960.48,False
2026-03-05,Thursday,UP,Iron Condor,False,EOD,76,-72.8,583.46,-656.26,False
2026-03-06,Friday,UP,Bull Call Spread,True,STOP,73,-1554.15,340.35,-1894.5,False
2026-03-06,Friday,UP,Bear Put Spread,False,EOD,76,1400.75,338.53,1062.22,True
2026-03-06,Friday,UP,Iron Condor,False,TARGET,1,20.15,579.16,-559.01,False
2026-03-09,Monday,DOWN,Bull Call Spread,False,EOD,75,951.6,346.53,605.07,True
2026-03-09,Monday,DOWN,Bear Put Spread,True,EOD,75,-915.85,341.67,-1257.52,False
2026-03-09,Monday,DOWN,Iron Condor,False,TARGET,70,83.85,579.79,-495.94,False
2026-03-10,Tuesday,UP,Bull Call Spread,True,EOD,75,36.4,343.29,-306.89,False
2026-03-10,Tuesday,UP,Bear Put Spread,False,EOD,75,-36.4,348.07,-384.47,False
2026-03-10,Tuesday,UP,Iron Condor,False,EOD,75,-13.0,586.04,-599.04,False
2026-03-11,Wednesday,UP,Bull Call Spread,True,STOP,8,-1322.75,301.41,-1624.16,False
2026-03-11,Wednesday,UP,Bear Put Spread,False,TARGET,17,2928.9,305.08,2623.82,True
2026-03-11,Wednesday,UP,Iron Condor,False,NOSIM,0,0.0,0.0,0.0,False
2026-03-12,Thursday,DOWN,Bull Call Spread,False,EOD,75,-178.75,371.37,-550.12,False
2026-03-12,Thursday,DOWN,Bear Put Spread,True,EOD,75,178.75,364.47,-185.72,False
2026-03-12,Thursday,DOWN,Iron Condor,False,EOD,75,-114.4,597.65,-712.05,False
2026-03-13,Friday,FLAT,Bull Call Spread,False,STOP,48,-1579.5,358.42,-1937.92,False
2026-03-13,Friday,FLAT,Bear Put Spread,False,EOD,75,1680.9,354.89,1326.01,True
2026-03-13,Friday,FLAT,Iron Condor,True,TARGET,38,49.4,579.64,-530.24,False
2026-03-16,Monday,DOWN,Bull Call Spread,False,EOD,75,1469.65,353.7,1115.95,True
2026-03-16,Monday,DOWN,Bear Put Spread,True,STOP,65,-1695.2,349.26,-2044.46,False
2026-03-16,Monday,DOWN,Iron Condor,False,TARGET,1,10.4,579.11,-568.71,False
2026-03-17,Tuesday,UP,Bull Call Spread,True,EOD,75,622.7,325.89,296.81,True
2026-03-17,Tuesday,UP,Bear Put Spread,False,EOD,75,-609.7,327.43,-937.13,False
2026-03-17,Tuesday,UP,Iron Condor,False,EOD,75,-254.8,583.31,-838.11,False
2026-03-18,Wednesday,UP,Bull Call Spread,True,TARGET,19,2440.1,302.19,2137.91,True
2026-03-18,Wednesday,UP,Bear Put Spread,False,STOP,1,-1530.75,305.68,-1836.43,False
2026-03-18,Wednesday,UP,Iron Condor,False,NOSIM,0,0.0,0.0,0.0,False
2026-03-19,Thursday,UP,Bull Call Spread,True,STOP,69,-1674.4,339.68,-2014.08,False
2026-03-19,Thursday,UP,Bear Put Spread,False,EOD,75,818.35,340.07,478.28,True
2026-03-19,Thursday,UP,Iron Condor,False,STOP,1,0.0,579.09,-579.09,False
2026-03-20,Friday,DOWN,Bull Call Spread,False,EOD,75,143.65,357.25,-213.6,False
2026-03-20,Friday,DOWN,Bear Put Spread,True,EOD,75,-142.35,354.33,-496.68,False
2026-03-20,Friday,DOWN,Iron Condor,False,STOP,1,-37.05,579.11,-616.16,False
2026-03-23,Monday,FLAT,Bull Call Spread,False,STOP,13,-1593.15,355.04,-1948.19,False
2026-03-23,Monday,FLAT,Bear Put Spread,False,EOD,75,2034.5,348.44,1686.06,True
2026-03-23,Monday,FLAT,Iron Condor,True,STOP,1,0.0,579.09,-579.09,False
2026-03-24,Tuesday,DOWN,Bull Call Spread,False,STOP,17,-1560.0,342.26,-1902.26,False
2026-03-24,Tuesday,DOWN,Bear Put Spread,True,EOD,75,-540.8,347.63,-888.43,False
2026-03-24,Tuesday,DOWN,Iron Condor,False,TARGET,7,96.2,580.2,-484.0,False
2026-03-25,Wednesday,UP,Bull Call Spread,True,TARGET,2,2551.25,304.27,2246.98,True
2026-03-25,Wednesday,UP,Bear Put Spread,False,STOP,1,-1551.55,301.3,-1852.85,False
2026-03-25,Wednesday,UP,Iron Condor,False,NOSIM,0,0.0,0.0,0.0,False
2026-03-27,Friday,UP,Bull Call Spread,True,STOP,64,-1704.95,361.63,-2066.58,False
2026-03-27,Friday,UP,Bear Put Spread,False,EOD,75,1878.5,355.16,1523.34,True
2026-03-27,Friday,UP,Iron Condor,False,TARGET,1,28.6,579.19,-550.59,False
2026-03-30,Monday,DOWN,Bull Call Spread,False,STOP,70,-1663.35,344.36,-2007.71,False
2026-03-30,Monday,DOWN,Bear Put Spread,True,EOD,75,1179.75,344.24,835.51,True
2026-03-30,Monday,DOWN,Iron Condor,False,TARGET,21,20.8,579.18,-558.38,False
2026-04-01,Wednesday,DOWN,Bull Call Spread,False,STOP,21,-1504.75,314.23,-1818.98,False
2026-04-01,Wednesday,DOWN,Bear Put Spread,True,TARGET,54,2877.55,314.37,2563.18,True
2026-04-01,Wednesday,DOWN,Iron Condor,False,NOSIM,0,0.0,0.0,0.0,False
2026-04-02,Thursday,FLAT,Bull Call Spread,False,EOD,76,1584.7,365.61,1219.09,True
2026-04-02,Thursday,FLAT,Bear Put Spread,False,STOP,71,-1736.8,369.75,-2106.55,False
2026-04-02,Thursday,FLAT,Iron Condor,True,STOP,62,-219.05,580.34,-799.39,False
2026-04-06,Monday,UP,Bull Call Spread,True,EOD,76,1011.4,355.84,655.56,True
2026-04-06,Monday,UP,Bear Put Spread,False,EOD,76,-992.55,360.79,-1353.34,False
2026-04-06,Monday,UP,Iron Condor,False,TARGET,8,159.9,581.61,-421.71,False
2026-04-07,Tuesday,UP,Bull Call Spread,True,EOD,75,2243.15,335.07,1908.08,True
2026-04-07,Tuesday,UP,Bear Put Spread,False,STOP,54,-1603.55,337.77,-1941.32,False
2026-04-07,Tuesday,UP,Iron Condor,False,STOP,52,-103.35,579.31,-682.66,False
2026-04-08,Wednesday,UP,Bull Call Spread,True,EOD,75,1418.3,329.8,1088.5,True
2026-04-08,Wednesday,UP,Bear Put Spread,False,EOD,75,-1329.9,328.37,-1658.27,False
2026-04-08,Wednesday,UP,Iron Condor,False,NOSIM,0,0.0,0.0,0.0,False
2026-04-09,Thursday,UP,Bull Call Spread,True,EOD,75,-876.2,351.98,-1228.18,False
2026-04-09,Thursday,UP,Bear Put Spread,False,EOD,75,900.9,349.4,551.5,True
2026-04-09,Thursday,UP,Iron Condor,False,TARGET,63,160.55,581.35,-420.8,False
2026-04-10,Friday,DOWN,Bull Call Spread,False,EOD,76,1349.4,333.35,1016.05,True
2026-04-10,Friday,DOWN,Bear Put Spread,True,EOD,76,-1298.7,338.13,-1636.83,False
2026-04-10,Friday,DOWN,Iron Condor,False,EOD,76,16.9,580.42,-563.52,False
2026-04-13,Monday,UP,Bull Call Spread,True,TARGET,52,2765.1,319.15,2445.95,True
2026-04-13,Monday,UP,Bear Put Spread,False,STOP,20,-1590.55,321.53,-1912.08,False
2026-04-13,Monday,UP,Iron Condor,False,TARGET,14,149.5,580.05,-430.55,False
2026-04-15,Wednesday,UP,Bull Call Spread,True,TARGET,1,3588.0,293.17,3294.83,True
2026-04-15,Wednesday,UP,Bear Put Spread,False,STOP,1,-724.75,291.18,-1015.93,False
2026-04-15,Wednesday,UP,Iron Condor,False,NOSIM,0,0.0,0.0,0.0,False
2026-04-16,Thursday,FLAT,Bull Call Spread,False,STOP,34,-1472.9,341.76,-1814.66,False
2026-04-16,Thursday,FLAT,Bear Put Spread,False,EOD,75,1373.45,345.39,1028.06,True
2026-04-16,Thursday,FLAT,Iron Condor,True,TARGET,50,540.8,587.82,-47.02,False
2026-04-17,Friday,DOWN,Bull Call Spread,False,EOD,75,1647.1,335.77,1311.33,True
2026-04-17,Friday,DOWN,Bear Put Spread,True,STOP,73,-1491.75,331.59,-1823.34,False
2026-04-17,Friday,DOWN,Iron Condor,False,EOD,75,-379.6,580.54,-960.14,False
2026-04-20,Monday,UP,Bull Call Spread,True,EOD,75,-475.8,334.17,-809.97,False
2026-04-20,Monday,UP,Bear Put Spread,False,EOD,75,489.45,336.17,153.28,True
2026-04-20,Monday,UP,Iron Condor,False,EOD,75,165.75,584.25,-418.5,False
2026-04-21,Tuesday,DOWN,Bull Call Spread,False,EOD,76,2341.95,321.49,2020.46,True
2026-04-21,Tuesday,DOWN,Bear Put Spread,True,STOP,7,-1320.15,315.53,-1635.68,False
2026-04-21,Tuesday,DOWN,Iron Condor,False,STOP,7,-250.9,579.67,-830.57,False
2026-04-22,Wednesday,UP,Bull Call Spread,True,STOP,3,-1086.8,293.86,-1380.66,False
2026-04-22,Wednesday,UP,Bear Put Spread,False,TARGET,3,892.45,290.85,601.6,True
2026-04-22,Wednesday,UP,Iron Condor,False,NOSIM,0,0.0,0.0,0.0,False
2026-04-23,Thursday,DOWN,Bull Call Spread,False,EOD,76,-297.7,348.51,-646.21,False
2026-04-23,Thursday,DOWN,Bear Put Spread,True,EOD,76,302.25,347.7,-45.45,False
2026-04-23,Thursday,DOWN,Iron Condor,False,EOD,76,-29.25,579.79,-609.04,False
2026-04-24,Friday,FLAT,Bull Call Spread,False,STOP,31,-1493.7,333.96,-1827.66,False
2026-04-24,Friday,FLAT,Bear Put Spread,False,EOD,75,1622.4,333.66,1288.74,True
2026-04-24,Friday,FLAT,Iron Condor,True,STOP,8,-72.15,579.19,-651.34,False
2026-04-27,Monday,DOWN,Bull Call Spread,False,EOD,75,1395.55,331.73,1063.82,True
2026-04-27,Monday,DOWN,Bear Put Spread,True,EOD,75,-1324.7,332.72,-1657.42,False
2026-04-27,Monday,DOWN,Iron Condor,False,EOD,75,-30.55,579.68,-610.23,False
2026-04-28,Tuesday,UP,Bull Call Spread,True,EOD,76,-773.5,309.56,-1083.06,False
2026-04-28,Tuesday,UP,Bear Put Spread,False,STOP,9,-1431.3,309.5,-1740.8,False
2026-04-28,Tuesday,UP,Iron Condor,False,EOD,76,-781.95,593.98,-1375.93,False
2026-04-29,Wednesday,FLAT,Bull Call Spread,False,TARGET,6,1734.2,292.94,1441.26,True
2026-04-29,Wednesday,FLAT,Bear Put Spread,False,STOP,6,-1110.2,293.39,-1403.59,False
2026-04-29,Wednesday,FLAT,Iron Condor,True,NOSIM,0,0.0,0.0,0.0,False
2026-04-30,Thursday,UP,Bull Call Spread,True,STOP,24,-1513.85,333.46,-1847.31,False
2026-04-30,Thursday,UP,Bear Put Spread,False,EOD,75,-379.6,334.08,-713.68,False
2026-04-30,Thursday,UP,Iron Condor,False,EOD,75,-11.05,579.88,-590.93,False
2026-05-04,Monday,FLAT,Bull Call Spread,False,EOD,75,487.5,336.6,150.9,True
2026-05-04,Monday,FLAT,Bear Put Spread,False,STOP,5,-1479.4,333.01,-1812.41,False
2026-05-04,Monday,FLAT,Iron Condor,True,EOD,75,-37.05,580.18,-617.23,False
2026-05-05,Tuesday,FLAT,Bull Call Spread,False,STOP,21,-1407.9,317.23,-1725.13,False
2026-05-05,Tuesday,FLAT,Bear Put Spread,False,EOD,76,5.85,316.51,-310.66,False
2026-05-05,Tuesday,FLAT,Iron Condor,True,STOP,21,-315.25,579.8,-895.05,False
2026-05-06,Wednesday,FLAT,Bull Call Spread,False,EOD,75,1576.9,329.86,1247.04,True
2026-05-06,Wednesday,FLAT,Bear Put Spread,False,STOP,66,-1404.0,324.52,-1728.52,False
2026-05-06,Wednesday,FLAT,Iron Condor,True,NOSIM,0,0.0,0.0,0.0,False
2026-05-07,Thursday,UP,Bull Call Spread,True,EOD,76,-489.45,335.02,-824.47,False
2026-05-07,Thursday,UP,Bear Put Spread,False,EOD,76,501.15,335.24,165.91,True
2026-05-07,Thursday,UP,Iron Condor,False,EOD,76,172.9,584.41,-411.51,False
2026-05-08,Friday,DOWN,Bull Call Spread,False,EOD,75,-416.0,334.01,-750.01,False
2026-05-08,Friday,DOWN,Bear Put Spread,True,EOD,75,428.35,338.0,90.35,True
2026-05-08,Friday,DOWN,Iron Condor,False,EOD,75,-23.4,584.3,-607.7,False
2026-05-11,Monday,FLAT,Bull Call Spread,False,EOD,76,-1207.7,335.65,-1543.35,False
2026-05-11,Monday,FLAT,Bear Put Spread,False,EOD,76,1258.4,330.42,927.98,True
2026-05-11,Monday,FLAT,Iron Condor,True,EOD,76,-750.75,586.69,-1337.44,False
2026-05-12,Tuesday,DOWN,Bull Call Spread,False,STOP,35,-1676.35,323.56,-1999.91,False
2026-05-12,Tuesday,DOWN,Bear Put Spread,True,TARGET,59,2784.6,317.99,2466.61,True
2026-05-12,Tuesday,DOWN,Iron Condor,False,STOP,64,-2807.35,590.51,-3397.86,False
2026-05-13,Wednesday,DOWN,Bull Call Spread,False,STOP,5,-1398.15,306.61,-1704.76,False
2026-05-13,Wednesday,DOWN,Bear Put Spread,True,STOP,2,-1168.05,303.92,-1471.97,False
2026-05-13,Wednesday,DOWN,Iron Condor,False,NOSIM,0,0.0,0.0,0.0,False
2026-05-14,Thursday,FLAT,Bull Call Spread,False,EOD,75,1275.95,341.11,934.84,True
2026-05-14,Thursday,FLAT,Bear Put Spread,False,EOD,75,-1236.3,346.02,-1582.32,False
2026-05-14,Thursday,FLAT,Iron Condor,True,TARGET,8,16.9,579.15,-562.25,False
2026-05-15,Friday,UP,Bull Call Spread,True,EOD,76,-604.5,328.69,-933.19,False
2026-05-15,Friday,UP,Bear Put Spread,False,EOD,76,632.45,333.2,299.25,True
2026-05-15,Friday,UP,Iron Condor,False,EOD,76,92.95,580.58,-487.63,False
2026-05-18,Monday,DOWN,Bull Call Spread,False,EOD,76,1544.4,324.78,1219.62,True
2026-05-18,Monday,DOWN,Bear Put Spread,True,STOP,70,-1602.25,329.04,-1931.29,False
2026-05-18,Monday,DOWN,Iron Condor,False,EOD,76,357.5,583.64,-226.14,False
2026-05-19,Tuesday,UP,Bull Call Spread,True,EOD,76,-827.45,311.29,-1138.74,False
2026-05-19,Tuesday,UP,Bear Put Spread,False,EOD,76,921.05,316.92,604.13,True
2026-05-19,Tuesday,UP,Iron Condor,False,EOD,76,253.5,582.66,-329.16,False
2026-05-20,Wednesday,DOWN,Bull Call Spread,False,TARGET,4,2271.1,295.35,1975.75,True
2026-05-20,Wednesday,DOWN,Bear Put Spread,True,STOP,4,-1311.05,294.2,-1605.25,False
2026-05-20,Wednesday,DOWN,Iron Condor,False,NOSIM,0,0.0,0.0,0.0,False
2026-05-21,Thursday,UP,Bull Call Spread,True,EOD,76,-1242.8,338.54,-1581.34,False
2026-05-21,Thursday,UP,Bear Put Spread,False,EOD,76,1320.8,343.48,977.32,True
2026-05-21,Thursday,UP,Iron Condor,False,EOD,76,328.25,585.14,-256.89,False
2026-05-22,Friday,DOWN,Bull Call Spread,False,EOD,75,678.6,333.63,344.97,True
2026-05-22,Friday,DOWN,Bear Put Spread,True,EOD,75,-651.3,328.16,-979.46,False
2026-05-22,Friday,DOWN,Iron Condor,False,STOP,1,0.0,579.09,-579.09,False
2026-05-25,Monday,FLAT,Bull Call Spread,False,EOD,75,1177.8,320.3,857.5,True
2026-05-25,Monday,FLAT,Bear Put Spread,False,EOD,75,-1121.25,322.54,-1443.79,False
2026-05-25,Monday,FLAT,Iron Condor,True,EOD,75,-1151.8,604.36,-1756.16,False
2026-05-26,Tuesday,UP,Bull Call Spread,True,STOP,58,-1365.65,306.13,-1671.78,False
2026-05-26,Tuesday,UP,Bear Put Spread,False,STOP,17,-1254.5,305.2,-1559.7,False
2026-05-26,Tuesday,UP,Iron Condor,False,NOSIM,0,0.0,0.0,0.0,False
2026-05-27,Wednesday,DOWN,Bull Call Spread,False,TARGET,11,1472.9,294.93,1177.97,True
2026-05-27,Wednesday,DOWN,Bear Put Spread,True,STOP,1,-1204.45,298.27,-1502.72,False
2026-05-27,Wednesday,DOWN,Iron Condor,False,NOSIM,0,0.0,0.0,0.0,False
2026-05-29,Friday,FLAT,Bull Call Spread,False,STOP,61,-1473.55,326.66,-1800.21,False
2026-05-29,Friday,FLAT,Bear Put Spread,False,TARGET,70,3067.35,325.99,2741.36,True
2026-05-29,Friday,FLAT,Iron Condor,True,STOP,48,-96.85,579.23,-676.08,False
2026-06-01,Monday,DOWN,Bull Call Spread,False,STOP,33,-1504.75,324.65,-1829.4,False
2026-06-01,Monday,DOWN,Bear Put Spread,True,EOD,75,2723.5,323.42,2400.08,True
2026-06-01,Monday,DOWN,Iron Condor,False,EOD,75,143.65,588.06,-444.41,False
2026-06-02,Tuesday,DOWN,Bull Call Spread,False,TARGET,43,2841.15,308.64,2532.51,True
2026-06-02,Tuesday,DOWN,Bear Put Spread,True,STOP,14,-1613.3,313.27,-1926.57,False
2026-06-02,Tuesday,DOWN,Iron Condor,False,TARGET,14,677.95,583.9,94.05,True
2026-06-03,Wednesday,UP,Bull Call Spread,True,STOP,1,-2112.5,302.39,-2414.89,False
2026-06-03,Wednesday,UP,Bear Put Spread,False,TARGET,1,2646.15,299.24,2346.91,True
2026-06-03,Wednesday,UP,Iron Condor,False,NOSIM,0,0.0,0.0,0.0,False
2026-06-04,Thursday,DOWN,Bull Call Spread,False,EOD,75,1171.95,336.59,835.36,True
2026-06-04,Thursday,DOWN,Bear Put Spread,True,EOD,75,-1136.2,340.89,-1477.09,False
2026-06-04,Thursday,DOWN,Iron Condor,False,EOD,75,-438.75,583.3,-1022.05,False
2026-06-05,Friday,FLAT,Bull Call Spread,False,STOP,51,-1441.7,324.68,-1766.38,False
2026-06-05,Friday,FLAT,Bear Put Spread,False,EOD,75,1044.55,329.75,714.8,True
2026-06-05,Friday,FLAT,Iron Condor,True,EOD,75,238.55,583.24,-344.69,False
2026-06-08,Monday,DOWN,Bull Call Spread,False,EOD,75,251.55,317.7,-66.15,False
2026-06-08,Monday,DOWN,Bear Put Spread,True,STOP,38,-1513.2,322.22,-1835.42,False
2026-06-08,Monday,DOWN,Iron Condor,False,EOD,75,34.45,580.06,-545.61,False
2026-06-09,Tuesday,FLAT,Bull Call Spread,False,STOP,14,-1413.75,310.26,-1724.01,False
2026-06-09,Tuesday,FLAT,Bear Put Spread,False,EOD,75,19.5,308.17,-288.67,False
2026-06-09,Tuesday,FLAT,Iron Condor,True,STOP,1,0.0,579.09,-579.09,False
2026-06-10,Wednesday,UP,Bull Call Spread,True,EOD,75,-177.45,321.55,-499.0,False
2026-06-10,Wednesday,UP,Bear Put Spread,False,STOP,27,-1558.05,325.34,-1883.39,False
2026-06-10,Wednesday,UP,Iron Condor,False,NOSIM,0,0.0,0.0,0.0,False
2026-06-11,Thursday,FLAT,Bull Call Spread,False,EOD,75,715.0,331.63,383.37,True
2026-06-11,Thursday,FLAT,Bear Put Spread,False,STOP,37,-1478.1,330.37,-1808.47,False
2026-06-11,Thursday,FLAT,Iron Condor,True,STOP,32,-215.8,579.75,-795.55,False
2026-06-12,Friday,FLAT,Bull Call Spread,False,EOD,75,2089.1,327.55,1761.55,True
2026-06-12,Friday,FLAT,Bear Put Spread,False,STOP,67,-1548.95,324.32,-1873.27,False
2026-06-12,Friday,FLAT,Iron Condor,True,STOP,68,-704.6,581.56,-1286.16,False
2026-06-15,Monday,UP,Bull Call Spread,True,EOD,76,-1145.3,324.65,-1469.95,False
2026-06-15,Monday,UP,Bear Put Spread,False,EOD,76,1235.0,328.26,906.74,True
2026-06-15,Monday,UP,Iron Condor,False,NOSIM,0,0.0,0.0,0.0,False
2026-06-16,Tuesday,FLAT,Bull Call Spread,False,EOD,76,1062.1,313.28,748.82,True
2026-06-16,Tuesday,FLAT,Bear Put Spread,False,EOD,76,-932.75,307.82,-1240.57,False
2026-06-16,Tuesday,FLAT,Iron Condor,True,EOD,76,-833.3,593.36,-1426.66,False
2026-06-17,Wednesday,FLAT,Bull Call Spread,False,STOP,1,-915.2,291.66,-1206.86,False
2026-06-17,Wednesday,FLAT,Bear Put Spread,False,TARGET,1,3309.8,292.46,3017.34,True
2026-06-17,Wednesday,FLAT,Iron Condor,True,NOSIM,0,0.0,0.0,0.0,False
2026-06-18,Thursday,FLAT,Bull Call Spread,False,EOD,75,936.65,333.22,603.43,True
2026-06-18,Thursday,FLAT,Bear Put Spread,False,EOD,75,-885.3,327.12,-1212.42,False
2026-06-18,Thursday,FLAT,Iron Condor,True,EOD,75,749.45,611.43,138.02,True
2026-06-19,Friday,FLAT,Bull Call Spread,False,EOD,75,632.45,315.08,317.37,True
2026-06-19,Friday,FLAT,Bear Put Spread,False,EOD,75,-617.5,317.05,-934.55,False
2026-06-19,Friday,FLAT,Iron Condor,True,NOSIM,0,0.0,0.0,0.0,False
2026-06-22,Monday,FLAT,Bull Call Spread,False,EOD,75,-259.35,314.1,-573.45,False
2026-06-22,Monday,FLAT,Bear Put Spread,False,EOD,75,261.95,312.49,-50.54,False
2026-06-22,Monday,FLAT,Iron Condor,True,TARGET,11,36.4,579.22,-542.82,False
2026-06-23,Tuesday,FLAT,Bull Call Spread,False,STOP,33,-1623.05,304.78,-1927.83,False
2026-06-23,Tuesday,FLAT,Bear Put Spread,False,TARGET,34,2061.8,300.43,1761.37,True
2026-06-23,Tuesday,FLAT,Iron Condor,True,EOD,75,-4098.25,590.16,-4688.41,False
2026-06-24,Wednesday,DOWN,Bull Call Spread,False,TARGET,1,2335.45,291.72,2043.73,True
2026-06-24,Wednesday,DOWN,Bear Put Spread,True,STOP,1,-1086.8,292.33,-1379.13,False
2026-06-24,Wednesday,DOWN,Iron Condor,False,NOSIM,0,0.0,0.0,0.0,False
2026-06-25,Thursday,UP,Bull Call Spread,True,EOD,75,-726.05,319.14,-1045.19,False
2026-06-25,Thursday,UP,Bear Put Spread,False,EOD,75,780.65,324.88,455.77,True
2026-06-25,Thursday,UP,Iron Condor,False,EOD,75,-675.35,598.48,-1273.83,False
2026-06-29,Monday,FLAT,Bull Call Spread,False,STOP,41,-1485.9,317.02,-1802.92,False
2026-06-29,Monday,FLAT,Bear Put Spread,False,EOD,75,1046.5,314.18,732.32,True
2026-06-29,Monday,FLAT,Iron Condor,True,EOD,75,-1008.8,598.48,-1607.28,False
2026-06-30,Tuesday,DOWN,Bull Call Spread,False,STOP,1,-1358.5,302.86,-1661.36,False
2026-06-30,Tuesday,DOWN,Bear Put Spread,True,TARGET,4,2947.1,306.57,2640.53,True
2026-06-30,Tuesday,DOWN,Iron Condor,False,STOP,1,-21.45,579.09,-600.54,False
2026-07-01,Wednesday,DOWN,Bull Call Spread,False,TARGET,1,754.0,291.86,462.14,True
2026-07-01,Wednesday,DOWN,Bear Put Spread,True,STOP,1,-568.75,292.2,-860.95,False
2026-07-01,Wednesday,DOWN,Iron Condor,False,NOSIM,0,0.0,0.0,0.0,False
2026-07-02,Thursday,UP,Bull Call Spread,True,EOD,75,1094.6,324.32,770.28,True
2026-07-02,Thursday,UP,Bear Put Spread,False,EOD,75,-1024.4,321.23,-1345.63,False
2026-07-02,Thursday,UP,Iron Condor,False,NOSIM,0,0.0,0.0,0.0,False
2026-07-03,Friday,UP,Bull Call Spread,True,STOP,69,-1289.6,313.77,-1603.37,False
2026-07-03,Friday,UP,Bear Put Spread,False,EOD,76,1290.9,319.41,971.49,True
2026-07-03,Friday,UP,Iron Condor,False,EOD,76,-480.35,582.52,-1062.87,False
2026-07-06,Monday,UP,Bull Call Spread,True,EOD,75,1095.25,328.45,766.8,True
2026-07-06,Monday,UP,Bear Put Spread,False,EOD,75,-1038.05,326.62,-1364.67,False
2026-07-06,Monday,UP,Iron Condor,False,EOD,75,361.4,592.09,-230.69,False
2026-07-07,Tuesday,UP,Bull Call Spread,True,STOP,72,-1279.2,303.16,-1582.36,False
2026-07-07,Tuesday,UP,Bear Put Spread,False,STOP,33,-1058.2,300.24,-1358.44,False
2026-07-07,Tuesday,UP,Iron Condor,False,TARGET,74,1391.0,588.04,802.96,True
2026-07-08,Wednesday,DOWN,Bull Call Spread,False,STOP,40,-1241.5,302.15,-1543.65,False
2026-07-08,Wednesday,DOWN,Bear Put Spread,True,TARGET,55,3104.4,300.24,2804.16,True
2026-07-08,Wednesday,DOWN,Iron Condor,False,NOSIM,0,0.0,0.0,0.0,False
2026-07-09,Thursday,DOWN,Bull Call Spread,False,EOD,75,430.95,331.61,99.34,True
2026-07-09,Thursday,DOWN,Bear Put Spread,True,EOD,75,-430.3,336.77,-767.07,False
2026-07-09,Thursday,DOWN,Iron Condor,False,EOD,75,44.85,594.52,-549.67,False
2026-07-10,Friday,UP,Bull Call Spread,True,EOD,75,752.05,334.66,417.39,True
2026-07-10,Friday,UP,Bear Put Spread,False,EOD,75,-716.95,328.31,-1045.26,False
2026-07-10,Friday,UP,Iron Condor,False,EOD,75,-232.05,595.43,-827.48,False
2026-07-13,Monday,UP,Bull Call Spread,True,TARGET,41,2633.15,308.32,2324.83,True
2026-07-13,Monday,UP,Bear Put Spread,False,STOP,15,-1476.8,310.61,-1787.41,False
2026-07-13,Monday,UP,Iron Condor,False,STOP,15,-269.1,579.47,-848.57,False
2026-07-14,Tuesday,UP,Bull Call Spread,True,EOD,75,-589.55,306.51,-896.06,False
2026-07-14,Tuesday,UP,Bear Put Spread,False,STOP,2,-1190.8,302.68,-1493.48,False
2026-07-14,Tuesday,UP,Iron Condor,False,EOD,75,-492.7,588.11,-1080.81,False
2026-07-15,Wednesday,DOWN,Bull Call Spread,False,TARGET,1,2185.95,292.82,1893.13,True
2026-07-15,Wednesday,DOWN,Bear Put Spread,True,STOP,1,-1622.4,294.94,-1917.34,False
2026-07-15,Wednesday,DOWN,Iron Condor,False,NOSIM,0,0.0,0.0,0.0,False
2026-07-16,Thursday,FLAT,Bull Call Spread,False,EOD,75,-580.45,324.15,-904.6,False
2026-07-16,Thursday,FLAT,Bear Put Spread,False,EOD,75,605.15,325.96,279.19,True
2026-07-16,Thursday,FLAT,Iron Condor,True,EOD,75,555.1,608.06,-52.96,False
2026-07-17,Friday,FLAT,Bull Call Spread,False,EOD,75,2024.75,325.0,1699.75,True
2026-07-17,Friday,FLAT,Bear Put Spread,False,STOP,61,-1587.95,330.42,-1918.37,False
2026-07-17,Friday,FLAT,Iron Condor,True,EOD,75,-2016.3,609.02,-2625.32,False
2026-07-20,Monday,UP,Bull Call Spread,True,EOD,75,495.3,322.96,172.34,True
2026-07-20,Monday,UP,Bear Put Spread,False,EOD,75,-488.8,325.27,-814.07,False
2026-07-20,Monday,UP,Iron Condor,False,EOD,75,-43.55,579.43,-622.98,False
2026-07-21,Tuesday,FLAT,Bull Call Spread,False,STOP,46,-1346.15,304.6,-1650.75,False
2026-07-21,Tuesday,FLAT,Bear Put Spread,False,EOD,75,437.45,301.29,136.16,True
2026-07-21,Tuesday,FLAT,Iron Condor,True,NOSIM,0,0.0,0.0,0.0,False
2026-07-22,Wednesday,DOWN,Bull Call Spread,False,STOP,1,-1170.0,298.91,-1468.91,False
2026-07-22,Wednesday,DOWN,Bear Put Spread,True,TARGET,3,2625.35,298.8,2326.55,True
2026-07-22,Wednesday,DOWN,Iron Condor,False,NOSIM,0,0.0,0.0,0.0,False
2026-07-23,Thursday,DOWN,Bull Call Spread,False,EOD,75,-269.75,334.43,-604.18,False
2026-07-23,Thursday,DOWN,Bear Put Spread,True,EOD,75,272.35,333.05,-60.7,False
2026-07-23,Thursday,DOWN,Iron Condor,False,NOSIM,0,0.0,0.0,0.0,False
2026-07-24,Friday,FLAT,Bull Call Spread,False,EOD,75,1460.55,319.01,1141.54,True
2026-07-24,Friday,FLAT,Bear Put Spread,False,STOP,42,-1373.45,315.05,-1688.5,False
2026-07-24,Friday,FLAT,Iron Condor,True,TARGET,1,63.7,579.28,-515.58,False
2026-07-27,Monday,UP,Bull Call Spread,True,EOD,75,967.85,312.02,655.83,True
2026-07-27,Monday,UP,Bear Put Spread,False,EOD,75,-943.8,316.95,-1260.75,False
2026-07-27,Monday,UP,Iron Condor,False,STOP,1,0.0,579.09,-579.09,False
2026-07-28,Tuesday,UP,Bull Call Spread,True,EOD,75,347.75,304.36,43.39,True
2026-07-28,Tuesday,UP,Bear Put Spread,False,STOP,20,-1090.7,300.05,-1390.75,False
2026-07-28,Tuesday,UP,Iron Condor,False,EOD,75,-93.6,580.2,-673.8,False
2026-07-29,Wednesday,FLAT,Bull Call Spread,False,TARGET,5,895.05,290.71,604.34,True
2026-07-29,Wednesday,FLAT,Bear Put Spread,False,STOP,5,-1162.2,294.09,-1456.29,False
2026-07-29,Wednesday,FLAT,Iron Condor,True,NOSIM,0,0.0,0.0,0.0,False
2026-07-30,Thursday,UP,Bull Call Spread,True,EOD,75,549.25,318.04,231.21,True
2026-07-30,Thursday,UP,Bear Put Spread,False,EOD,75,-533.0,318.04,-851.04,False
2026-07-30,Thursday,UP,Iron Condor,False,EOD,75,276.25,587.39,-311.14,False
2026-07-31,Friday,UP,Bull Call Spread,True,EOD,75,48.1,329.82,-281.72,False
2026-07-31,Friday,UP,Bear Put Spread,False,EOD,75,-47.45,326.83,-374.28,False
2026-07-31,Friday,UP,Iron Condor,False,EOD,75,-9.75,604.93,-614.68,False
2026-08-03,Monday,FLAT,Bull Call Spread,False,EOD,76,1864.2,330.36,1533.84,True
2026-08-03,Monday,FLAT,Bear Put Spread,False,STOP,75,-1680.9,324.6,-2005.5,False
2026-08-03,Monday,FLAT,Iron Condor,True,EOD,76,-1509.95,616.59,-2126.54,False
2026-08-04,Tuesday,FLAT,Bull Call Spread,False,STOP,1,-1828.45,301.43,-2129.88,False
2026-08-04,Tuesday,FLAT,Bear Put Spread,False,TARGET,1,2345.2,300.63,2044.57,True
2026-08-04,Tuesday,FLAT,Iron Condor,True,NOSIM,0,0.0,0.0,0.0,False
2026-08-05,Wednesday,FLAT,Bull Call Spread,False,STOP,41,-1468.35,319.11,-1787.46,False
2026-08-05,Wednesday,FLAT,Bear Put Spread,False,EOD,76,534.95,314.48,220.47,True
2026-08-05,Wednesday,FLAT,Iron Condor,True,NOSIM,0,0.0,0.0,0.0,False
2026-08-06,Thursday,FLAT,Bull Call Spread,False,EOD,75,-40.95,332.2,-373.15,False
2026-08-06,Thursday,FLAT,Bear Put Spread,False,EOD,75,41.6,334.32,-292.72,False
2026-08-06,Thursday,FLAT,Iron Condor,True,EOD,75,13.65,595.49,-581.84,False
2026-08-07,Friday,UP,Bull Call Spread,True,EOD,75,271.7,330.2,-58.5,False
2026-08-07,Friday,UP,Bear Put Spread,False,EOD,75,-271.05,332.83,-603.88,False
2026-08-07,Friday,UP,Iron Condor,False,EOD,75,-39.65,591.69,-631.34,False
2026-08-10,Monday,FLAT,Bull Call Spread,False,EOD,75,34.45,310.5,-276.05,False
2026-08-10,Monday,FLAT,Bear Put Spread,False,EOD,75,-34.45,314.72,-349.17,False
2026-08-10,Monday,FLAT,Iron Condor,True,NOSIM,0,0.0,0.0,0.0,False
2026-08-11,Tuesday,FLAT,Bull Call Spread,False,STOP,7,-1233.05,309.96,-1543.01,False
2026-08-11,Tuesday,FLAT,Bear Put Spread,False,EOD,75,1436.5,315.59,1120.91,True
2026-08-11,Tuesday,FLAT,Iron Condor,True,NOSIM,0,0.0,0.0,0.0,False
2026-08-12,Wednesday,DOWN,Bull Call Spread,False,STOP,27,-1545.05,330.57,-1875.62,False
2026-08-12,Wednesday,DOWN,Bear Put Spread,True,EOD,75,337.35,324.86,12.49,True
2026-08-12,Wednesday,DOWN,Iron Condor,False,NOSIM,0,0.0,0.0,0.0,False
2026-08-13,Thursday,DOWN,Bull Call Spread,False,EOD,75,-381.55,317.87,-699.42,False
2026-08-13,Thursday,DOWN,Bear Put Spread,True,EOD,75,399.75,322.18,77.57,True
2026-08-13,Thursday,DOWN,Iron Condor,False,EOD,75,-79.3,583.46,-662.76,False
2026-08-14,Friday,FLAT,Bull Call Spread,False,EOD,75,52.0,316.21,-264.21,False
2026-08-14,Friday,FLAT,Bear Put Spread,False,EOD,75,-51.35,313.34,-364.69,False
2026-08-14,Friday,FLAT,Iron Condor,True,EOD,75,13.65,582.01,-568.36,False
2026-08-17,Monday,FLAT,Bull Call Spread,False,STOP,13,-1222.65,305.02,-1527.67,False
2026-08-17,Monday,FLAT,Bear Put Spread,False,EOD,75,995.8,306.35,689.45,True
2026-08-17,Monday,FLAT,Iron Condor,True,STOP,14,-358.15,579.65,-937.8,False
2026-08-18,Tuesday,FLAT,Bull Call Spread,False,STOP,72,-1275.95,302.08,-1578.03,False
2026-08-18,Tuesday,FLAT,Bear Put Spread,False,EOD,75,1589.25,297.53,1291.72,True
2026-08-18,Tuesday,FLAT,Iron Condor,True,NOSIM,0,0.0,0.0,0.0,False
2026-08-19,Wednesday,DOWN,Bull Call Spread,False,STOP,1,-884.0,294.55,-1178.55,False
2026-08-19,Wednesday,DOWN,Bear Put Spread,True,TARGET,2,1598.35,294.23,1304.12,True
2026-08-19,Wednesday,DOWN,Iron Condor,False,NOSIM,0,0.0,0.0,0.0,False
2026-08-20,Thursday,DOWN,Bull Call Spread,False,EOD,75,76.05,315.11,-239.06,False
2026-08-20,Thursday,DOWN,Bear Put Spread,True,EOD,75,-78.0,320.9,-398.9,False
2026-08-20,Thursday,DOWN,Iron Condor,False,EOD,75,6.5,595.65,-589.15,False
2026-08-21,Friday,FLAT,Bull Call Spread,False,EOD,75,-419.9,307.94,-727.84,False
2026-08-21,Friday,FLAT,Bear Put Spread,False,EOD,75,455.65,311.9,143.75,True
2026-08-21,Friday,FLAT,Iron Condor,True,EOD,75,37.05,586.65,-549.6,False
2026-08-24,Monday,FLAT,Bull Call Spread,False,STOP,27,-1193.4,305.69,-1499.09,False
2026-08-24,Monday,FLAT,Bear Put Spread,False,EOD,75,1114.1,308.88,805.22,True
2026-08-24,Monday,FLAT,Iron Condor,True,NOSIM,0,0.0,0.0,0.0,False
2026-08-25,Tuesday,DOWN,Bull Call Spread,False,STOP,14,-987.35,297.73,-1285.08,False
2026-08-25,Tuesday,DOWN,Bear Put Spread,True,STOP,68,-1351.35,302.32,-1653.67,False
2026-08-25,Tuesday,DOWN,Iron Condor,False,STOP,75,-2378.35,582.96,-2961.31,False
2026-08-26,Wednesday,UP,Bull Call Spread,True,STOP,34,-1142.05,301.59,-1443.64,False
2026-08-26,Wednesday,UP,Bear Put Spread,False,TARGET,75,2818.4,303.17,2515.23,True
2026-08-26,Wednesday,UP,Iron Condor,False,NOSIM,0,0.0,0.0,0.0,False
2026-08-27,Thursday,FLAT,Bull Call Spread,False,STOP,25,-1332.5,316.77,-1649.27,False
2026-08-27,Thursday,FLAT,Bear Put Spread,False,EOD,75,2103.4,322.03,1781.37,True
2026-08-27,Thursday,FLAT,Iron Condor,True,EOD,75,-982.15,611.17,-1593.32,False
2026-08-28,Friday,DOWN,Bull Call Spread,False,EOD,75,739.7,315.15,424.55,True
2026-08-28,Friday,DOWN,Bear Put Spread,True,EOD,75,-673.4,309.89,-983.29,False
2026-08-28,Friday,DOWN,Iron Condor,False,EOD,75,4.55,599.0,-594.45,False
2026-08-31,Monday,FLAT,Bull Call Spread,False,STOP,12,-1407.25,311.55,-1718.8,False
2026-08-31,Monday,FLAT,Bear Put Spread,False,EOD,75,553.8,307.57,246.23,True
2026-08-31,Monday,FLAT,Iron Condor,True,EOD,75,-139.75,594.78,-734.53,False
2026-09-01,Tuesday,FLAT,Bull Call Spread,False,STOP,59,-1314.95,314.0,-1628.95,False
2026-09-01,Tuesday,FLAT,Bear Put Spread,False,EOD,75,267.15,319.2,-52.05,False
2026-09-01,Tuesday,FLAT,Iron Condor,True,EOD,75,-169.0,600.19,-769.19,False
2026-09-02,Wednesday,DOWN,Bull Call Spread,False,STOP,1,-973.05,293.92,-1266.97,False
2026-09-02,Wednesday,DOWN,Bear Put Spread,True,TARGET,1,1173.9,292.76,881.14,True
2026-09-02,Wednesday,DOWN,Iron Condor,False,NOSIM,0,0.0,0.0,0.0,False
2026-09-03,Thursday,FLAT,Bull Call Spread,False,EOD,75,-1353.3,317.47,-1670.77,False
2026-09-03,Thursday,FLAT,Bear Put Spread,False,EOD,75,1485.9,317.86,1168.04,True
2026-09-03,Thursday,FLAT,Iron Condor,True,EOD,75,865.15,589.81,275.34,True
2026-09-04,Friday,DOWN,Bull Call Spread,False,EOD,75,-155.35,318.58,-473.93,False
2026-09-04,Friday,DOWN,Bear Put Spread,True,EOD,75,156.0,315.89,-159.89,False
2026-09-04,Friday,DOWN,Iron Condor,False,EOD,75,138.45,597.65,-459.2,False
2026-09-07,Monday,FLAT,Bull Call Spread,False,EOD,75,-989.3,321.78,-1311.08,False
2026-09-07,Monday,FLAT,Bear Put Spread,False,EOD,75,1065.35,325.78,739.57,True
2026-09-07,Monday,FLAT,Iron Condor,True,EOD,75,793.0,601.17,191.83,True
2026-09-08,Tuesday,DOWN,Bull Call Spread,False,STOP,2,-1136.2,301.17,-1437.37,False
2026-09-08,Tuesday,DOWN,Bear Put Spread,True,TARGET,56,2418.0,302.51,2115.49,True
2026-09-08,Tuesday,DOWN,Iron Condor,False,EOD,75,-521.95,580.53,-1102.48,False
2026-09-09,Wednesday,DOWN,Bull Call Spread,False,STOP,75,-1803.75,302.58,-2106.33,False
2026-09-09,Wednesday,DOWN,Bear Put Spread,True,TARGET,75,2060.5,298.29,1762.21,True
2026-09-09,Wednesday,DOWN,Iron Condor,False,NOSIM,0,0.0,0.0,0.0,False
2026-09-10,Thursday,DOWN,Bull Call Spread,False,EOD,75,306.15,324.57,-18.42,False
2026-09-10,Thursday,DOWN,Bear Put Spread,True,EOD,75,-304.2,325.27,-629.47,False
2026-09-10,Thursday,DOWN,Iron Condor,False,EOD,75,27.3,586.43,-559.13,False
2026-09-11,Friday,FLAT,Bull Call Spread,False,EOD,75,1862.9,313.37,1549.53,True
2026-09-11,Friday,FLAT,Bear Put Spread,False,STOP,57,-1437.15,308.7,-1745.85,False
2026-09-11,Friday,FLAT,Iron Condor,True,TARGET,57,504.4,582.59,-78.19,False
2026-09-15,Tuesday,UP,Bull Call Spread,True,STOP,7,-1513.2,318.71,-1831.91,False
2026-09-15,Tuesday,UP,Bear Put Spread,False,TARGET,52,3095.3,324.36,2770.94,True
2026-09-15,Tuesday,UP,Iron Condor,False,STOP,75,-3666.0,592.26,-4258.26,False
2026-09-16,Wednesday,DOWN,Bull Call Spread,False,EOD,75,248.3,309.69,-61.39,False
2026-09-16,Wednesday,DOWN,Bear Put Spread,True,EOD,75,-243.1,309.38,-552.48,False
2026-09-16,Wednesday,DOWN,Iron Condor,False,EOD,75,-9.75,600.84,-610.59,False
2026-09-17,Thursday,FLAT,Bull Call Spread,False,EOD,75,755.95,323.76,432.19,True
2026-09-17,Thursday,FLAT,Bear Put Spread,False,STOP,38,-1482.65,324.79,-1807.44,False
2026-09-17,Thursday,FLAT,Iron Condor,True,EOD,75,479.05,595.35,-116.3,False
2026-09-18,Friday,FLAT,Bull Call Spread,False,EOD,75,141.05,314.24,-173.19,False
2026-09-18,Friday,FLAT,Bear Put Spread,False,EOD,75,-144.95,317.73,-462.68,False
2026-09-18,Friday,FLAT,Iron Condor,True,STOP,1,0.0,579.09,-579.09,False
2026-09-21,Monday,FLAT,Bull Call Spread,False,EOD,75,953.55,316.8,636.75,True
2026-09-21,Monday,FLAT,Bear Put Spread,False,EOD,75,-928.85,321.42,-1250.27,False
2026-09-21,Monday,FLAT,Iron Condor,True,EOD,75,763.75,605.47,158.28,True
2026-09-22,Tuesday,UP,Bull Call Spread,True,STOP,42,-1372.15,312.69,-1684.84,False
2026-09-22,Tuesday,UP,Bear Put Spread,False,EOD,75,1757.6,311.68,1445.92,True
2026-09-22,Tuesday,UP,Iron Condor,False,EOD,75,-302.9,613.91,-916.81,False
2026-09-23,Wednesday,DOWN,Bull Call Spread,False,EOD,75,1136.85,317.54,819.31,True
2026-09-23,Wednesday,DOWN,Bear Put Spread,True,EOD,75,-1061.45,316.93,-1378.38,False
2026-09-23,Wednesday,DOWN,Iron Condor,False,NOSIM,0,0.0,0.0,0.0,False
2026-09-24,Thursday,FLAT,Bull Call Spread,False,STOP,56,-1647.1,320.46,-1967.56,False
2026-09-24,Thursday,FLAT,Bear Put Spread,False,EOD,75,1881.75,315.18,1566.57,True
2026-09-24,Thursday,FLAT,Iron Condor,True,EOD,75,-1485.25,588.56,-2073.81,False
2026-09-25,Friday,DOWN,Bull Call Spread,False,EOD,75,1118.0,320.18,797.82,True
2026-09-25,Friday,DOWN,Bear Put Spread,True,EOD,75,-1073.8,323.7,-1397.5,False
2026-09-25,Friday,DOWN,Iron Condor,False,STOP,1,-13.0,579.09,-592.09,False
