date,ok,reason,strike,spot,front,next,lot,credit_pts,credit_inr,friction_inr,friction_pts,clears,cover,friction,year
2021-01-01,True,,14050.0,14033.5,2021-01-07,2021-01-14,75,-144.45,-10833.75,732.59,9.77,False,-14.788,"{'brokerage': 160.0, 'stt': 42.17, 'exchange_turnover': 42.59, 'sebi_turnover': 0.08, 'stamp_duty': 1.27, 'gst': 36.48, 'slippage': 450.0, 'total_rupees': 732.59, 'points_equivalent': 9.77}",2021
2021-01-04,True,,14150.0,14132.75,2021-01-07,2021-01-14,75,-140.3,-10522.5,716.6,9.55,False,-14.684,"{'brokerage': 160.0, 'stt': 34.98, 'exchange_turnover': 35.33, 'sebi_turnover': 0.07, 'stamp_duty': 1.05, 'gst': 35.17, 'slippage': 450.0, 'total_rupees': 716.6, 'points_equivalent': 9.55}",2021
2021-01-05,True,,14200.0,14189.1,2021-01-07,2021-01-14,75,-161.0,-12075.0,714.83,9.53,False,-16.892,"{'brokerage': 160.0, 'stt': 34.19, 'exchange_turnover': 34.53, 'sebi_turnover': 0.07, 'stamp_duty': 1.03, 'gst': 35.03, 'slippage': 450.0, 'total_rupees': 714.83, 'points_equivalent': 9.53}",2021
2021-01-06,True,,14200.0,14160.95,2021-01-07,2021-01-14,75,-182.7,-13702.5,707.46,9.43,False,-19.369,"{'brokerage': 160.0, 'stt': 30.87, 'exchange_turnover': 31.18, 'sebi_turnover': 0.06, 'stamp_duty': 0.93, 'gst': 34.42, 'slippage': 450.0, 'total_rupees': 707.46, 'points_equivalent': 9.43}",2021
2021-01-07,True,,14150.0,14147.45,2021-01-07,2021-01-14,75,-244.7,-18352.5,683.97,9.12,False,-26.832,"{'brokerage': 160.0, 'stt': 20.31, 'exchange_turnover': 20.51, 'sebi_turnover': 0.04, 'stamp_duty': 0.61, 'gst': 32.5, 'slippage': 450.0, 'total_rupees': 683.97, 'points_equivalent': 9.12}",2021
2021-01-08,True,,14400.0,14339.55,2021-01-14,2021-01-21,75,-136.25,-10218.75,734.68,9.8,False,-13.909,"{'brokerage': 160.0, 'stt': 43.11, 'exchange_turnover': 43.54, 'sebi_turnover': 0.09, 'stamp_duty': 1.29, 'gst': 36.65, 'slippage': 450.0, 'total_rupees': 734.68, 'points_equivalent': 9.8}",2021
2021-01-11,True,,14500.0,14461.1,2021-01-14,2021-01-21,75,-164.8,-12360.0,729.98,9.73,False,-16.932,"{'brokerage': 160.0, 'stt': 40.99, 'exchange_turnover': 41.4, 'sebi_turnover': 0.08, 'stamp_duty': 1.23, 'gst': 36.27, 'slippage': 450.0, 'total_rupees': 729.98, 'points_equivalent': 9.73}",2021
2021-01-12,True,,14600.0,14568.4,2021-01-14,2021-01-21,75,-176.6,-13245.0,719.8,9.6,False,-18.401,"{'brokerage': 160.0, 'stt': 36.42, 'exchange_turnover': 36.78, 'sebi_turnover': 0.07, 'stamp_duty': 1.09, 'gst': 35.43, 'slippage': 450.0, 'total_rupees': 719.8, 'points_equivalent': 9.6}",2021
2021-01-13,True,,14600.0,14577.7,2021-01-14,2021-01-21,75,-207.7,-15577.5,705.78,9.41,False,-22.071,"{'brokerage': 160.0, 'stt': 30.11, 'exchange_turnover': 30.41, 'sebi_turnover': 0.06, 'stamp_duty': 0.9, 'gst': 34.29, 'slippage': 450.0, 'total_rupees': 705.78, 'points_equivalent': 9.41}",2021
2021-01-14,True,,14600.0,14593.25,2021-01-14,2021-01-21,75,-257.4,-19305.0,685.52,9.14,False,-28.161,"{'brokerage': 160.0, 'stt': 21.01, 'exchange_turnover': 21.22, 'sebi_turnover': 0.04, 'stamp_duty': 0.63, 'gst': 32.63, 'slippage': 450.0, 'total_rupees': 685.52, 'points_equivalent': 9.14}",2021
2021-01-15,True,,14500.0,14448.95,2021-01-21,2021-01-28,75,-140.7,-10552.5,757.04,10.09,False,-13.939,"{'brokerage': 160.0, 'stt': 53.16, 'exchange_turnover': 53.69, 'sebi_turnover': 0.11, 'stamp_duty': 1.59, 'gst': 38.48, 'slippage': 450.0, 'total_rupees': 757.04, 'points_equivalent': 10.09}",2021
2021-01-18,True,,14250.0,14283.75,2021-01-21,2021-01-28,75,-184.8,-13860.0,748.21,9.98,False,-18.524,"{'brokerage': 160.0, 'stt': 49.19, 'exchange_turnover': 49.68, 'sebi_turnover': 0.1, 'stamp_duty': 1.48, 'gst': 37.76, 'slippage': 450.0, 'total_rupees': 748.21, 'points_equivalent': 9.98}",2021
2021-01-19,True,,14550.0,14554.7,2021-01-21,2021-01-28,75,-176.8,-13260.0,720.3,9.6,False,-18.409,"{'brokerage': 160.0, 'stt': 36.65, 'exchange_turnover': 37.01, 'sebi_turnover': 0.07, 'stamp_duty': 1.1, 'gst': 35.48, 'slippage': 450.0, 'total_rupees': 720.3, 'points_equivalent': 9.6}",2021
2021-01-20,True,,14650.0,14640.85,2021-01-21,2021-01-28,75,-173.05,-12978.75,697.34,9.3,False,-18.612,"{'brokerage': 160.0, 'stt': 26.32, 'exchange_turnover': 26.58, 'sebi_turnover': 0.05, 'stamp_duty': 0.79, 'gst': 33.59, 'slippage': 450.0, 'total_rupees': 697.34, 'points_equivalent': 9.3}",2021
2021-01-21,True,,14600.0,14590.95,2021-01-21,2021-01-28,75,-274.75,-20606.25,690.82,9.21,False,-29.829,"{'brokerage': 160.0, 'stt': 23.39, 'exchange_turnover': 23.62, 'sebi_turnover': 0.05, 'stamp_duty': 0.7, 'gst': 33.06, 'slippage': 450.0, 'total_rupees': 690.82, 'points_equivalent': 9.21}",2021
2021-01-22,True,,14400.0,14380.8,2021-01-28,2021-02-04,75,-230.6,-17295.0,770.88,10.28,False,-22.435,"{'brokerage': 160.0, 'stt': 59.38, 'exchange_turnover': 59.98, 'sebi_turnover': 0.12, 'stamp_duty': 1.78, 'gst': 39.62, 'slippage': 450.0, 'total_rupees': 770.88, 'points_equivalent': 10.28}",2021
2021-01-25,True,,14300.0,14254.85,2021-01-28,2021-02-04,75,-281.05,-21078.75,751.69,10.02,False,-28.042,"{'brokerage': 160.0, 'stt': 50.76, 'exchange_turnover': 51.26, 'sebi_turnover': 0.1, 'stamp_duty': 1.52, 'gst': 38.05, 'slippage': 450.0, 'total_rupees': 751.69, 'points_equivalent': 10.02}",2021
2021-01-27,True,,14000.0,13982.5,2021-01-28,2021-02-04,75,-334.95,-25121.25,738.08,9.84,False,-34.036,"{'brokerage': 160.0, 'stt': 44.64, 'exchange_turnover': 45.08, 'sebi_turnover': 0.09, 'stamp_duty': 1.34, 'gst': 36.93, 'slippage': 450.0, 'total_rupees': 738.08, 'points_equivalent': 9.84}",2021
2021-01-28,True,,13800.0,13814.45,2021-01-28,2021-02-04,75,-417.5,-31312.5,715.53,9.54,False,-43.761,"{'brokerage': 160.0, 'stt': 34.5, 'exchange_turnover': 34.84, 'sebi_turnover': 0.07, 'stamp_duty': 1.03, 'gst': 35.08, 'slippage': 450.0, 'total_rupees': 715.53, 'points_equivalent': 9.54}",2021
2021-01-29,True,,13700.0,13682.95,2021-02-04,2021-02-11,75,-117.8,-8835.0,803.16,10.71,False,-11.0,"{'brokerage': 160.0, 'stt': 73.9, 'exchange_turnover': 74.64, 'sebi_turnover': 0.15, 'stamp_duty': 2.22, 'gst': 42.26, 'slippage': 450.0, 'total_rupees': 803.16, 'points_equivalent': 10.71}",2021
2021-02-01,True,,14350.0,14307.5,2021-02-04,2021-02-11,75,-166.4,-12480.0,755.23,10.07,False,-16.525,"{'brokerage': 160.0, 'stt': 52.35, 'exchange_turnover': 52.87, 'sebi_turnover': 0.1, 'stamp_duty': 1.57, 'gst': 38.34, 'slippage': 450.0, 'total_rupees': 755.23, 'points_equivalent': 10.07}",2021
2021-02-02,True,,14650.0,14653.1,2021-02-04,2021-02-11,75,-204.95,-15371.25,741.01,9.88,False,-20.744,"{'brokerage': 160.0, 'stt': 45.96, 'exchange_turnover': 46.42, 'sebi_turnover': 0.09, 'stamp_duty': 1.38, 'gst': 37.17, 'slippage': 450.0, 'total_rupees': 741.01, 'points_equivalent': 9.88}",2021
2021-02-03,True,,14800.0,14784.05,2021-02-04,2021-02-11,75,-238.6,-17895.0,724.42,9.66,False,-24.703,"{'brokerage': 160.0, 'stt': 38.5, 'exchange_turnover': 38.88, 'sebi_turnover': 0.08, 'stamp_duty': 1.15, 'gst': 35.81, 'slippage': 450.0, 'total_rupees': 724.42, 'points_equivalent': 9.66}",2021
2021-02-04,True,,14900.0,14895.75,2021-02-04,2021-02-11,75,-304.7,-22852.5,693.95,9.25,False,-32.931,"{'brokerage': 160.0, 'stt': 24.8, 'exchange_turnover': 25.04, 'sebi_turnover': 0.05, 'stamp_duty': 0.74, 'gst': 33.32, 'slippage': 450.0, 'total_rupees': 693.95, 'points_equivalent': 9.25}",2021
2021-02-05,True,,14950.0,14915.1,2021-02-11,2021-02-18,75,-159.3,-11947.5,767.6,10.23,False,-15.565,"{'brokerage': 160.0, 'stt': 57.91, 'exchange_turnover': 58.49, 'sebi_turnover': 0.12, 'stamp_duty': 1.74, 'gst': 39.35, 'slippage': 450.0, 'total_rupees': 767.6, 'points_equivalent': 10.23}",2021
2021-02-08,True,,15150.0,15112.9,2021-02-11,2021-02-18,75,-184.35,-13826.25,749.72,10.0,False,-18.442,"{'brokerage': 160.0, 'stt': 49.87, 'exchange_turnover': 50.37, 'sebi_turnover': 0.1, 'stamp_duty': 1.5, 'gst': 37.88, 'slippage': 450.0, 'total_rupees': 749.72, 'points_equivalent': 10.0}",2021
2021-02-09,True,,15100.0,15098.25,2021-02-11,2021-02-18,75,-198.1,-14857.5,742.26,9.9,False,-20.017,"{'brokerage': 160.0, 'stt': 46.52, 'exchange_turnover': 46.98, 'sebi_turnover': 0.09, 'stamp_duty': 1.4, 'gst': 37.27, 'slippage': 450.0, 'total_rupees': 742.26, 'points_equivalent': 9.9}",2021
2021-02-10,True,,15150.0,15108.2,2021-02-11,2021-02-18,75,-189.85,-14238.75,716.64,9.56,False,-19.869,"{'brokerage': 160.0, 'stt': 35.0, 'exchange_turnover': 35.35, 'sebi_turnover': 0.07, 'stamp_duty': 1.05, 'gst': 35.18, 'slippage': 450.0, 'total_rupees': 716.64, 'points_equivalent': 9.56}",2021
2021-02-11,True,,15150.0,15163.65,2021-02-11,2021-02-18,75,-267.65,-20073.75,690.14,9.2,False,-29.086,"{'brokerage': 160.0, 'stt': 23.08, 'exchange_turnover': 23.31, 'sebi_turnover': 0.05, 'stamp_duty': 0.69, 'gst': 33.0, 'slippage': 450.0, 'total_rupees': 690.14, 'points_equivalent': 9.2}",2021
2021-02-12,True,,15200.0,15159.8,2021-02-18,2021-02-25,75,-150.2,-11265.0,746.29,9.95,False,-15.095,"{'brokerage': 160.0, 'stt': 48.33, 'exchange_turnover': 48.81, 'sebi_turnover': 0.1, 'stamp_duty': 1.45, 'gst': 37.6, 'slippage': 450.0, 'total_rupees': 746.29, 'points_equivalent': 9.95}",2021
2021-02-15,True,,15350.0,15327.55,2021-02-18,2021-02-25,75,-158.9,-11917.5,728.61,9.71,False,-16.356,"{'brokerage': 160.0, 'stt': 40.38, 'exchange_turnover': 40.78, 'sebi_turnover': 0.08, 'stamp_duty': 1.21, 'gst': 36.16, 'slippage': 450.0, 'total_rupees': 728.61, 'points_equivalent': 9.71}",2021
2021-02-16,True,,15350.0,15328.55,2021-02-18,2021-02-25,75,-171.8,-12885.0,721.42,9.62,False,-17.861,"{'brokerage': 160.0, 'stt': 37.15, 'exchange_turnover': 37.52, 'sebi_turnover': 0.07, 'stamp_duty': 1.11, 'gst': 35.57, 'slippage': 450.0, 'total_rupees': 721.42, 'points_equivalent': 9.62}",2021
2021-02-17,True,,15200.0,15210.2,2021-02-18,2021-02-25,75,-196.7,-14752.5,712.08,9.49,False,-20.717,"{'brokerage': 160.0, 'stt': 32.95, 'exchange_turnover': 33.28, 'sebi_turnover': 0.07, 'stamp_duty': 0.99, 'gst': 34.8, 'slippage': 450.0, 'total_rupees': 712.08, 'points_equivalent': 9.49}",2021
2021-02-18,True,,15150.0,15126.4,2021-02-18,2021-02-25,75,-257.2,-19290.0,690.34,9.2,False,-27.943,"{'brokerage': 160.0, 'stt': 23.18, 'exchange_turnover': 23.41, 'sebi_turnover': 0.05, 'stamp_duty': 0.7, 'gst': 33.02, 'slippage': 450.0, 'total_rupees': 690.34, 'points_equivalent': 9.2}",2021
2021-02-19,True,,15000.0,14982.2,2021-02-25,2021-03-04,75,-147.15,-11036.25,751.52,10.02,False,-14.685,"{'brokerage': 160.0, 'stt': 50.68, 'exchange_turnover': 51.19, 'sebi_turnover': 0.1, 'stamp_duty': 1.52, 'gst': 38.03, 'slippage': 450.0, 'total_rupees': 751.52, 'points_equivalent': 10.02}",2021
2021-02-22,True,,14650.0,14675.5,2021-02-25,2021-03-04,75,-186.55,-13991.25,751.29,10.02,False,-18.623,"{'brokerage': 160.0, 'stt': 50.58, 'exchange_turnover': 51.08, 'sebi_turnover': 0.1, 'stamp_duty': 1.52, 'gst': 38.01, 'slippage': 450.0, 'total_rupees': 751.29, 'points_equivalent': 10.02}",2021
2021-02-23,True,,14750.0,14711.1,2021-02-25,2021-03-04,75,-194.25,-14568.75,734.46,9.79,False,-19.836,"{'brokerage': 160.0, 'stt': 43.01, 'exchange_turnover': 43.44, 'sebi_turnover': 0.09, 'stamp_duty': 1.29, 'gst': 36.63, 'slippage': 450.0, 'total_rupees': 734.46, 'points_equivalent': 9.79}",2021
2021-02-24,True,,15000.0,14998.25,2021-02-25,2021-03-04,75,-213.65,-16023.75,718.83,9.58,False,-22.291,"{'brokerage': 160.0, 'stt': 35.98, 'exchange_turnover': 36.34, 'sebi_turnover': 0.07, 'stamp_duty': 1.08, 'gst': 35.35, 'slippage': 450.0, 'total_rupees': 718.83, 'points_equivalent': 9.58}",2021
2021-02-25,True,,15100.0,15099.0,2021-02-25,2021-03-04,75,-298.7,-22402.5,692.76,9.24,False,-32.338,"{'brokerage': 160.0, 'stt': 24.26, 'exchange_turnover': 24.51, 'sebi_turnover': 0.05, 'stamp_duty': 0.73, 'gst': 33.22, 'slippage': 450.0, 'total_rupees': 692.76, 'points_equivalent': 9.24}",2021
2021-02-26,True,,14500.0,14533.45,2021-03-04,2021-03-10,75,-181.0,-13575.0,803.43,10.71,False,-16.896,"{'brokerage': 160.0, 'stt': 74.02, 'exchange_turnover': 74.76, 'sebi_turnover': 0.15, 'stamp_duty': 2.22, 'gst': 42.28, 'slippage': 450.0, 'total_rupees': 803.43, 'points_equivalent': 10.71}",2021
2021-03-01,True,,14800.0,14765.75,2021-03-04,2021-03-10,75,-185.65,-13923.75,766.14,10.22,False,-18.174,"{'brokerage': 160.0, 'stt': 57.25, 'exchange_turnover': 57.82, 'sebi_turnover': 0.11, 'stamp_duty': 1.72, 'gst': 39.23, 'slippage': 450.0, 'total_rupees': 766.14, 'points_equivalent': 10.22}",2021
2021-03-02,True,,14950.0,14934.4,2021-03-04,2021-03-10,75,-186.85,-14013.75,734.53,9.79,False,-19.079,"{'brokerage': 160.0, 'stt': 43.04, 'exchange_turnover': 43.47, 'sebi_turnover': 0.09, 'stamp_duty': 1.29, 'gst': 36.64, 'slippage': 450.0, 'total_rupees': 734.53, 'points_equivalent': 9.79}",2021
2021-03-03,True,,15250.0,15253.2,2021-03-04,2021-03-10,75,-223.45,-16758.75,716.64,9.56,False,-23.385,"{'brokerage': 160.0, 'stt': 35.0, 'exchange_turnover': 35.35, 'sebi_turnover': 0.07, 'stamp_duty': 1.05, 'gst': 35.18, 'slippage': 450.0, 'total_rupees': 716.64, 'points_equivalent': 9.56}",2021
2021-03-04,True,,15100.0,15086.95,2021-03-04,2021-03-10,75,-370.45,-27783.75,708.02,9.44,False,-39.241,"{'brokerage': 160.0, 'stt': 31.12, 'exchange_turnover': 31.43, 'sebi_turnover': 0.06, 'stamp_duty': 0.93, 'gst': 34.47, 'slippage': 450.0, 'total_rupees': 708.02, 'points_equivalent': 9.44}",2021
2021-03-05,True,,14950.0,14936.8,2021-03-10,2021-03-18,75,-208.9,-15667.5,794.22,10.59,False,-19.727,"{'brokerage': 160.0, 'stt': 69.88, 'exchange_turnover': 70.58, 'sebi_turnover': 0.14, 'stamp_duty': 2.1, 'gst': 41.53, 'slippage': 450.0, 'total_rupees': 794.22, 'points_equivalent': 10.59}",2021
2021-03-08,True,,14950.0,14952.85,2021-03-10,2021-03-18,75,-236.3,-17722.5,764.94,10.2,False,-23.168,"{'brokerage': 160.0, 'stt': 56.72, 'exchange_turnover': 57.28, 'sebi_turnover': 0.11, 'stamp_duty': 1.7, 'gst': 39.13, 'slippage': 450.0, 'total_rupees': 764.94, 'points_equivalent': 10.2}",2021
2021-03-09,True,,15100.0,15101.6,2021-03-10,2021-03-18,75,-243.45,-18258.75,727.59,9.7,False,-25.095,"{'brokerage': 160.0, 'stt': 39.92, 'exchange_turnover': 40.32, 'sebi_turnover': 0.08, 'stamp_duty': 1.2, 'gst': 36.07, 'slippage': 450.0, 'total_rupees': 727.59, 'points_equivalent': 9.7}",2021
2021-03-10,True,,15150.0,15170.0,2021-03-10,2021-03-18,75,-309.7,-23227.5,698.47,9.31,False,-33.255,"{'brokerage': 160.0, 'stt': 26.83, 'exchange_turnover': 27.1, 'sebi_turnover': 0.05, 'stamp_duty': 0.8, 'gst': 33.69, 'slippage': 450.0, 'total_rupees': 698.47, 'points_equivalent': 9.31}",2021
2021-03-12,True,,15100.0,15043.95,2021-03-18,2021-03-25,75,-182.5,-13687.5,778.32,10.38,False,-17.586,"{'brokerage': 160.0, 'stt': 62.73, 'exchange_turnover': 63.36, 'sebi_turnover': 0.13, 'stamp_duty': 1.88, 'gst': 40.23, 'slippage': 450.0, 'total_rupees': 778.32, 'points_equivalent': 10.38}",2021
2021-03-15,True,,14950.0,14954.35,2021-03-18,2021-03-25,75,-200.1,-15007.5,760.71,10.14,False,-19.728,"{'brokerage': 160.0, 'stt': 54.81, 'exchange_turnover': 55.36, 'sebi_turnover': 0.11, 'stamp_duty': 1.64, 'gst': 38.78, 'slippage': 450.0, 'total_rupees': 760.71, 'points_equivalent': 10.14}",2021
2021-03-16,True,,14950.0,14938.05,2021-03-18,2021-03-25,75,-198.95,-14921.25,744.9,9.93,False,-20.031,"{'brokerage': 160.0, 'stt': 47.7, 'exchange_turnover': 48.18, 'sebi_turnover': 0.1, 'stamp_duty': 1.43, 'gst': 37.49, 'slippage': 450.0, 'total_rupees': 744.9, 'points_equivalent': 9.93}",2021
2021-03-17,True,,14750.0,14750.55,2021-03-18,2021-03-25,75,-244.65,-18348.75,731.57,9.75,False,-25.081,"{'brokerage': 160.0, 'stt': 41.71, 'exchange_turnover': 42.13, 'sebi_turnover': 0.08, 'stamp_duty': 1.25, 'gst': 36.4, 'slippage': 450.0, 'total_rupees': 731.57, 'points_equivalent': 9.75}",2021
2021-03-18,True,,14550.0,14544.95,2021-03-18,2021-03-25,75,-363.0,-27225.0,704.41,9.39,False,-38.649,"{'brokerage': 160.0, 'stt': 29.5, 'exchange_turnover': 29.79, 'sebi_turnover': 0.06, 'stamp_duty': 0.88, 'gst': 34.17, 'slippage': 450.0, 'total_rupees': 704.41, 'points_equivalent': 9.39}",2021
2021-03-19,True,,14800.0,14759.95,2021-03-25,2021-04-01,75,-152.75,-11456.25,774.33,10.32,False,-14.795,"{'brokerage': 160.0, 'stt': 60.93, 'exchange_turnover': 61.54, 'sebi_turnover': 0.12, 'stamp_duty': 1.83, 'gst': 39.9, 'slippage': 450.0, 'total_rupees': 774.33, 'points_equivalent': 10.32}",2021
2021-03-22,True,,14750.0,14742.15,2021-03-25,2021-04-01,75,-171.5,-12862.5,755.37,10.07,False,-17.028,"{'brokerage': 160.0, 'stt': 52.41, 'exchange_turnover': 52.93, 'sebi_turnover': 0.1, 'stamp_duty': 1.57, 'gst': 38.35, 'slippage': 450.0, 'total_rupees': 755.37, 'points_equivalent': 10.07}",2021
2021-03-23,True,,14850.0,14838.3,2021-03-25,2021-04-01,75,-185.05,-13878.75,734.66,9.8,False,-18.891,"{'brokerage': 160.0, 'stt': 43.1, 'exchange_turnover': 43.53, 'sebi_turnover': 0.09, 'stamp_duty': 1.29, 'gst': 36.65, 'slippage': 450.0, 'total_rupees': 734.66, 'points_equivalent': 9.8}",2021
2021-03-24,True,,14550.0,14552.85,2021-03-25,2021-04-01,75,-249.55,-18716.25,732.56,9.77,False,-25.549,"{'brokerage': 160.0, 'stt': 42.15, 'exchange_turnover': 42.58, 'sebi_turnover': 0.08, 'stamp_duty': 1.26, 'gst': 36.48, 'slippage': 450.0, 'total_rupees': 732.56, 'points_equivalent': 9.77}",2021
2021-03-25,True,,14350.0,14333.55,2021-03-25,2021-04-01,75,-342.4,-25680.0,705.51,9.41,False,-36.399,"{'brokerage': 160.0, 'stt': 29.99, 'exchange_turnover': 30.29, 'sebi_turnover': 0.06, 'stamp_duty': 0.9, 'gst': 34.26, 'slippage': 450.0, 'total_rupees': 705.51, 'points_equivalent': 9.41}",2021
2021-03-26,True,,14600.0,14530.95,2021-04-01,2021-04-08,75,-147.05,-11028.75,756.96,10.09,False,-14.57,"{'brokerage': 160.0, 'stt': 53.13, 'exchange_turnover': 53.66, 'sebi_turnover': 0.11, 'stamp_duty': 1.59, 'gst': 38.48, 'slippage': 450.0, 'total_rupees': 756.96, 'points_equivalent': 10.09}",2021
2021-03-31,True,,14700.0,14696.7,2021-04-01,2021-04-08,75,-190.05,-14253.75,721.98,9.63,False,-19.743,"{'brokerage': 160.0, 'stt': 37.4, 'exchange_turnover': 37.77, 'sebi_turnover': 0.07, 'stamp_duty': 1.12, 'gst': 35.61, 'slippage': 450.0, 'total_rupees': 721.98, 'points_equivalent': 9.63}",2021
2021-04-01,True,,14850.0,14862.15,2021-04-01,2021-04-08,75,-250.4,-18780.0,686.86,9.16,False,-27.342,"{'brokerage': 160.0, 'stt': 21.61, 'exchange_turnover': 21.82, 'sebi_turnover': 0.04, 'stamp_duty': 0.65, 'gst': 32.74, 'slippage': 450.0, 'total_rupees': 686.86, 'points_equivalent': 9.16}",2021
2021-04-05,True,,14700.0,14647.25,2021-04-08,2021-04-15,75,-160.1,-12007.5,750.4,10.01,False,-16.001,"{'brokerage': 160.0, 'stt': 50.18, 'exchange_turnover': 50.68, 'sebi_turnover': 0.1, 'stamp_duty': 1.51, 'gst': 37.94, 'slippage': 450.0, 'total_rupees': 750.4, 'points_equivalent': 10.01}",2021
2021-04-06,True,,14700.0,14693.0,2021-04-08,2021-04-15,75,-166.1,-12457.5,733.5,9.78,False,-16.984,"{'brokerage': 160.0, 'stt': 42.58, 'exchange_turnover': 43.0, 'sebi_turnover': 0.09, 'stamp_duty': 1.28, 'gst': 36.56, 'slippage': 450.0, 'total_rupees': 733.5, 'points_equivalent': 9.78}",2021
2021-04-07,True,,14850.0,14824.1,2021-04-08,2021-04-15,75,-196.25,-14718.75,715.54,9.54,False,-20.57,"{'brokerage': 160.0, 'stt': 34.5, 'exchange_turnover': 34.85, 'sebi_turnover': 0.07, 'stamp_duty': 1.04, 'gst': 35.09, 'slippage': 450.0, 'total_rupees': 715.54, 'points_equivalent': 9.54}",2021
2021-04-08,True,,14850.0,14866.8,2021-04-08,2021-04-15,75,-290.85,-21813.75,695.79,9.28,False,-31.351,"{'brokerage': 160.0, 'stt': 25.62, 'exchange_turnover': 25.88, 'sebi_turnover': 0.05, 'stamp_duty': 0.77, 'gst': 33.47, 'slippage': 450.0, 'total_rupees': 695.79, 'points_equivalent': 9.28}",2021
2021-04-09,True,,14900.0,14842.25,2021-04-15,2021-04-22,75,-136.0,-10200.0,747.95,9.97,False,-13.637,"{'brokerage': 160.0, 'stt': 49.07, 'exchange_turnover': 49.56, 'sebi_turnover': 0.1, 'stamp_duty': 1.47, 'gst': 37.74, 'slippage': 450.0, 'total_rupees': 747.95, 'points_equivalent': 9.97}",2021
2021-04-12,True,,14350.0,14312.9,2021-04-15,2021-04-22,75,-185.05,-13878.75,761.15,10.15,False,-18.234,"{'brokerage': 160.0, 'stt': 55.01, 'exchange_turnover': 55.56, 'sebi_turnover': 0.11, 'stamp_duty': 1.65, 'gst': 38.82, 'slippage': 450.0, 'total_rupees': 761.15, 'points_equivalent': 10.15}",2021
2021-04-13,True,,14550.0,14496.95,2021-04-15,2021-04-22,75,-188.45,-14133.75,719.76,9.6,False,-19.637,"{'brokerage': 160.0, 'stt': 36.4, 'exchange_turnover': 36.77, 'sebi_turnover': 0.07, 'stamp_duty': 1.09, 'gst': 35.43, 'slippage': 450.0, 'total_rupees': 719.76, 'points_equivalent': 9.6}",2021
2021-04-15,True,,14550.0,14563.8,2021-04-15,2021-04-22,75,-304.0,-22800.0,696.42,9.29,False,-32.739,"{'brokerage': 160.0, 'stt': 25.91, 'exchange_turnover': 26.16, 'sebi_turnover': 0.05, 'stamp_duty': 0.78, 'gst': 33.52, 'slippage': 450.0, 'total_rupees': 696.42, 'points_equivalent': 9.29}",2021
2021-04-16,True,,14700.0,14624.5,2021-04-22,2021-04-29,75,-153.1,-11482.5,756.15,10.08,False,-15.185,"{'brokerage': 160.0, 'stt': 52.76, 'exchange_turnover': 53.29, 'sebi_turnover': 0.11, 'stamp_duty': 1.58, 'gst': 38.41, 'slippage': 450.0, 'total_rupees': 756.15, 'points_equivalent': 10.08}",2021
2021-04-19,True,,14400.0,14351.45,2021-04-22,2021-04-29,75,-195.65,-14673.75,753.79,10.05,False,-19.467,"{'brokerage': 160.0, 'stt': 51.7, 'exchange_turnover': 52.22, 'sebi_turnover': 0.1, 'stamp_duty': 1.55, 'gst': 38.22, 'slippage': 450.0, 'total_rupees': 753.79, 'points_equivalent': 10.05}",2021
2021-04-20,True,,14300.0,14285.35,2021-04-22,2021-04-29,75,-241.45,-18108.75,738.78,9.85,False,-24.512,"{'brokerage': 160.0, 'stt': 44.95, 'exchange_turnover': 45.4, 'sebi_turnover': 0.09, 'stamp_duty': 1.35, 'gst': 36.99, 'slippage': 450.0, 'total_rupees': 738.78, 'points_equivalent': 9.85}",2021
2021-04-22,True,,14400.0,14409.15,2021-04-22,2021-04-29,75,-370.7,-27802.5,705.96,9.41,False,-39.383,"{'brokerage': 160.0, 'stt': 30.2, 'exchange_turnover': 30.5, 'sebi_turnover': 0.06, 'stamp_duty': 0.91, 'gst': 34.3, 'slippage': 450.0, 'total_rupees': 705.96, 'points_equivalent': 9.41}",2021
2021-04-23,True,,14450.0,14339.95,2021-04-29,2021-05-06,75,-179.85,-13488.75,778.45,10.38,False,-17.328,"{'brokerage': 160.0, 'stt': 62.79, 'exchange_turnover': 63.41, 'sebi_turnover': 0.13, 'stamp_duty': 1.88, 'gst': 40.24, 'slippage': 450.0, 'total_rupees': 778.45, 'points_equivalent': 10.38}",2021
2021-04-26,True,,14550.0,14483.35,2021-04-29,2021-05-06,75,-183.75,-13781.25,756.88,10.09,False,-18.208,"{'brokerage': 160.0, 'stt': 53.09, 'exchange_turnover': 53.62, 'sebi_turnover': 0.11, 'stamp_duty': 1.59, 'gst': 38.47, 'slippage': 450.0, 'total_rupees': 756.88, 'points_equivalent': 10.09}",2021
2021-04-27,True,,14700.0,14644.2,2021-04-29,2021-05-06,75,-191.3,-14347.5,733.63,9.78,False,-19.557,"{'brokerage': 160.0, 'stt': 42.64, 'exchange_turnover': 43.06, 'sebi_turnover': 0.09, 'stamp_duty': 1.28, 'gst': 36.57, 'slippage': 450.0, 'total_rupees': 733.63, 'points_equivalent': 9.78}",2021
2021-04-28,True,,14900.0,14857.25,2021-04-29,2021-05-06,75,-209.75,-15731.25,721.21,9.62,False,-21.812,"{'brokerage': 160.0, 'stt': 37.05, 'exchange_turnover': 37.42, 'sebi_turnover': 0.07, 'stamp_duty': 1.11, 'gst': 35.55, 'slippage': 450.0, 'total_rupees': 721.21, 'points_equivalent': 9.62}",2021
2021-04-29,True,,14900.0,14900.3,2021-04-29,2021-05-06,75,-350.05,-26253.75,701.36,9.35,False,-37.433,"{'brokerage': 160.0, 'stt': 28.13, 'exchange_turnover': 28.41, 'sebi_turnover': 0.06, 'stamp_duty': 0.84, 'gst': 33.92, 'slippage': 450.0, 'total_rupees': 701.36, 'points_equivalent': 9.35}",2021
2021-04-30,True,,14700.0,14660.2,2021-05-06,2021-05-12,75,-142.15,-10661.25,775.21,10.34,False,-13.753,"{'brokerage': 160.0, 'stt': 61.33, 'exchange_turnover': 61.94, 'sebi_turnover': 0.12, 'stamp_duty': 1.84, 'gst': 39.97, 'slippage': 450.0, 'total_rupees': 775.21, 'points_equivalent': 10.34}",2021
2021-05-03,True,,14700.0,14646.55,2021-05-06,2021-05-12,75,-149.7,-11227.5,752.53,10.03,False,-14.92,"{'brokerage': 160.0, 'stt': 51.13, 'exchange_turnover': 51.65, 'sebi_turnover': 0.1, 'stamp_duty': 1.53, 'gst': 38.11, 'slippage': 450.0, 'total_rupees': 752.53, 'points_equivalent': 10.03}",2021
2021-05-04,True,,14500.0,14501.5,2021-05-06,2021-05-12,75,-169.35,-12701.25,739.81,9.86,False,-17.168,"{'brokerage': 160.0, 'stt': 45.42, 'exchange_turnover': 45.87, 'sebi_turnover': 0.09, 'stamp_duty': 1.36, 'gst': 37.07, 'slippage': 450.0, 'total_rupees': 739.81, 'points_equivalent': 9.86}",2021
2021-05-05,True,,14650.0,14622.2,2021-05-06,2021-05-12,75,-192.8,-14460.0,718.77,9.58,False,-20.118,"{'brokerage': 160.0, 'stt': 35.95, 'exchange_turnover': 36.31, 'sebi_turnover': 0.07, 'stamp_duty': 1.08, 'gst': 35.35, 'slippage': 450.0, 'total_rupees': 718.77, 'points_equivalent': 9.58}",2021
2021-05-06,True,,14700.0,14712.3,2021-05-06,2021-05-12,75,-285.6,-21420.0,692.38,9.23,False,-30.937,"{'brokerage': 160.0, 'stt': 24.09, 'exchange_turnover': 24.33, 'sebi_turnover': 0.05, 'stamp_duty': 0.72, 'gst': 33.19, 'slippage': 450.0, 'total_rupees': 692.38, 'points_equivalent': 9.23}",2021
2021-05-07,True,,14900.0,14829.95,2021-05-12,2021-05-20,75,-164.1,-12307.5,749.83,10.0,False,-16.414,"{'brokerage': 160.0, 'stt': 49.92, 'exchange_turnover': 50.42, 'sebi_turnover': 0.1, 'stamp_duty': 1.5, 'gst': 37.89, 'slippage': 450.0, 'total_rupees': 749.83, 'points_equivalent': 10.0}",2021
2021-05-10,True,,15000.0,14945.55,2021-05-12,2021-05-20,75,-171.1,-12832.5,727.64,9.7,False,-17.636,"{'brokerage': 160.0, 'stt': 39.95, 'exchange_turnover': 40.34, 'sebi_turnover': 0.08, 'stamp_duty': 1.2, 'gst': 36.08, 'slippage': 450.0, 'total_rupees': 727.64, 'points_equivalent': 9.7}",2021
2021-05-11,True,,14850.0,14848.05,2021-05-12,2021-05-20,75,-191.35,-14351.25,712.84,9.5,False,-20.132,"{'brokerage': 160.0, 'stt': 33.29, 'exchange_turnover': 33.62, 'sebi_turnover': 0.07, 'stamp_duty': 1.0, 'gst': 34.86, 'slippage': 450.0, 'total_rupees': 712.84, 'points_equivalent': 9.5}",2021
2021-05-12,True,,14700.0,14696.2,2021-05-12,2021-05-20,75,-288.0,-21600.0,690.61,9.21,False,-31.277,"{'brokerage': 160.0, 'stt': 23.3, 'exchange_turnover': 23.53, 'sebi_turnover': 0.05, 'stamp_duty': 0.7, 'gst': 33.04, 'slippage': 450.0, 'total_rupees': 690.61, 'points_equivalent': 9.21}",2021
2021-05-14,True,,14700.0,14691.05,2021-05-20,2021-05-27,75,-163.6,-12270.0,750.28,10.0,False,-16.354,"{'brokerage': 160.0, 'stt': 50.12, 'exchange_turnover': 50.62, 'sebi_turnover': 0.1, 'stamp_duty': 1.5, 'gst': 37.93, 'slippage': 450.0, 'total_rupees': 750.28, 'points_equivalent': 10.0}",2021
2021-05-17,True,,14950.0,14927.85,2021-05-20,2021-05-27,75,-161.7,-12127.5,730.55,9.74,False,-16.601,"{'brokerage': 160.0, 'stt': 41.25, 'exchange_turnover': 41.66, 'sebi_turnover': 0.08, 'stamp_duty': 1.24, 'gst': 36.31, 'slippage': 450.0, 'total_rupees': 730.55, 'points_equivalent': 9.74}",2021
2021-05-18,True,,15150.0,15121.85,2021-05-20,2021-05-27,75,-160.15,-12011.25,718.71,9.58,False,-16.712,"{'brokerage': 160.0, 'stt': 35.93, 'exchange_turnover': 36.29, 'sebi_turnover': 0.07, 'stamp_duty': 1.08, 'gst': 35.34, 'slippage': 450.0, 'total_rupees': 718.71, 'points_equivalent': 9.58}",2021
2021-05-19,True,,15050.0,15043.6,2021-05-20,2021-05-27,75,-183.0,-13725.0,710.56,9.47,False,-19.316,"{'brokerage': 160.0, 'stt': 32.27, 'exchange_turnover': 32.59, 'sebi_turnover': 0.06, 'stamp_duty': 0.97, 'gst': 34.68, 'slippage': 450.0, 'total_rupees': 710.56, 'points_equivalent': 9.47}",2021
2021-05-20,True,,14900.0,14903.25,2021-05-20,2021-05-27,75,-282.2,-21165.0,689.46,9.19,False,-30.698,"{'brokerage': 160.0, 'stt': 22.78, 'exchange_turnover': 23.01, 'sebi_turnover': 0.05, 'stamp_duty': 0.68, 'gst': 32.95, 'slippage': 450.0, 'total_rupees': 689.46, 'points_equivalent': 9.19}",2021
2021-05-21,True,,15250.0,15204.45,2021-05-27,2021-06-03,75,-131.15,-9836.25,737.99,9.84,False,-13.328,"{'brokerage': 160.0, 'stt': 44.6, 'exchange_turnover': 45.04, 'sebi_turnover': 0.09, 'stamp_duty': 1.34, 'gst': 36.92, 'slippage': 450.0, 'total_rupees': 737.99, 'points_equivalent': 9.84}",2021
2021-05-24,True,,15250.0,15210.35,2021-05-27,2021-06-03,75,-145.35,-10901.25,725.75,9.68,False,-15.021,"{'brokerage': 160.0, 'stt': 39.09, 'exchange_turnover': 39.48, 'sebi_turnover': 0.08, 'stamp_duty': 1.17, 'gst': 35.92, 'slippage': 450.0, 'total_rupees': 725.75, 'points_equivalent': 9.68}",2021
2021-05-25,True,,15250.0,15217.85,2021-05-27,2021-06-03,75,-153.0,-11475.0,713.55,9.51,False,-16.082,"{'brokerage': 160.0, 'stt': 33.61, 'exchange_turnover': 33.94, 'sebi_turnover': 0.07, 'stamp_duty': 1.01, 'gst': 34.92, 'slippage': 450.0, 'total_rupees': 713.55, 'points_equivalent': 9.51}",2021
2021-05-26,True,,15300.0,15302.8,2021-05-27,2021-06-03,75,-184.0,-13800.0,704.42,9.39,False,-19.591,"{'brokerage': 160.0, 'stt': 29.5, 'exchange_turnover': 29.8, 'sebi_turnover': 0.06, 'stamp_duty': 0.89, 'gst': 34.17, 'slippage': 450.0, 'total_rupees': 704.42, 'points_equivalent': 9.39}",2021
2021-05-27,True,,15350.0,15333.7,2021-05-27,2021-06-03,75,-238.1,-17857.5,684.76,9.13,False,-26.078,"{'brokerage': 160.0, 'stt': 20.66, 'exchange_turnover': 20.87, 'sebi_turnover': 0.04, 'stamp_duty': 0.62, 'gst': 32.56, 'slippage': 450.0, 'total_rupees': 684.76, 'points_equivalent': 9.13}",2021
2021-05-28,True,,15450.0,15426.75,2021-06-03,2021-06-10,75,-109.45,-8208.75,729.3,9.72,False,-11.256,"{'brokerage': 160.0, 'stt': 40.69, 'exchange_turnover': 41.1, 'sebi_turnover': 0.08, 'stamp_duty': 1.22, 'gst': 36.21, 'slippage': 450.0, 'total_rupees': 729.3, 'points_equivalent': 9.72}",2021
2021-05-31,True,,15600.0,15551.95,2021-06-03,2021-06-10,75,-121.9,-9142.5,718.34,9.58,False,-12.727,"{'brokerage': 160.0, 'stt': 35.76, 'exchange_turnover': 36.12, 'sebi_turnover': 0.07, 'stamp_duty': 1.07, 'gst': 35.31, 'slippage': 450.0, 'total_rupees': 718.34, 'points_equivalent': 9.58}",2021
2021-06-01,True,,15600.0,15582.6,2021-06-03,2021-06-10,75,-140.6,-10545.0,710.36,9.47,False,-14.845,"{'brokerage': 160.0, 'stt': 32.17, 'exchange_turnover': 32.5, 'sebi_turnover': 0.06, 'stamp_duty': 0.97, 'gst': 34.66, 'slippage': 450.0, 'total_rupees': 710.36, 'points_equivalent': 9.47}",2021
2021-06-02,True,,15600.0,15580.95,2021-06-03,2021-06-10,75,-158.65,-11898.75,697.11,9.29,False,-17.069,"{'brokerage': 160.0, 'stt': 26.22, 'exchange_turnover': 26.48, 'sebi_turnover': 0.05, 'stamp_duty': 0.79, 'gst': 33.58, 'slippage': 450.0, 'total_rupees': 697.11, 'points_equivalent': 9.29}",2021
2021-06-03,True,,15700.0,15685.35,2021-06-03,2021-06-10,75,-206.65,-15498.75,679.26,9.06,False,-22.817,"{'brokerage': 160.0, 'stt': 18.19, 'exchange_turnover': 18.37, 'sebi_turnover': 0.04, 'stamp_duty': 0.55, 'gst': 32.11, 'slippage': 450.0, 'total_rupees': 679.26, 'points_equivalent': 9.06}",2021
2021-06-04,True,,15700.0,15678.15,2021-06-10,2021-06-17,75,-103.4,-7755.0,722.79,9.64,False,-10.729,"{'brokerage': 160.0, 'stt': 37.76, 'exchange_turnover': 38.14, 'sebi_turnover': 0.08, 'stamp_duty': 1.13, 'gst': 35.68, 'slippage': 450.0, 'total_rupees': 722.79, 'points_equivalent': 9.64}",2021
2021-06-07,True,,15750.0,15761.35,2021-06-10,2021-06-17,75,-112.9,-8467.5,713.87,9.52,False,-11.861,"{'brokerage': 160.0, 'stt': 33.75, 'exchange_turnover': 34.09, 'sebi_turnover': 0.07, 'stamp_duty': 1.01, 'gst': 34.95, 'slippage': 450.0, 'total_rupees': 713.87, 'points_equivalent': 9.52}",2021
2021-06-08,True,,15750.0,15747.65,2021-06-10,2021-06-17,75,-126.7,-9502.5,703.39,9.38,False,-13.51,"{'brokerage': 160.0, 'stt': 29.04, 'exchange_turnover': 29.33, 'sebi_turnover': 0.06, 'stamp_duty': 0.87, 'gst': 34.09, 'slippage': 450.0, 'total_rupees': 703.39, 'points_equivalent': 9.38}",2021
2021-06-09,True,,15650.0,15643.9,2021-06-10,2021-06-17,75,-151.55,-11366.25,696.38,9.29,False,-16.322,"{'brokerage': 160.0, 'stt': 25.89, 'exchange_turnover': 26.15, 'sebi_turnover': 0.05, 'stamp_duty': 0.78, 'gst': 33.52, 'slippage': 450.0, 'total_rupees': 696.38, 'points_equivalent': 9.29}",2021
2021-06-10,True,,15750.0,15739.95,2021-06-10,2021-06-17,75,-206.7,-15502.5,677.77,9.04,False,-22.873,"{'brokerage': 160.0, 'stt': 17.52, 'exchange_turnover': 17.7, 'sebi_turnover': 0.04, 'stamp_duty': 0.53, 'gst': 31.99, 'slippage': 450.0, 'total_rupees': 677.77, 'points_equivalent': 9.04}",2021
2021-06-11,True,,15800.0,15800.4,2021-06-17,2021-06-24,75,-116.5,-8737.5,718.62,9.58,False,-12.159,"{'brokerage': 160.0, 'stt': 35.89, 'exchange_turnover': 36.25, 'sebi_turnover': 0.07, 'stamp_duty': 1.08, 'gst': 35.34, 'slippage': 450.0, 'total_rupees': 718.62, 'points_equivalent': 9.58}",2021
2021-06-14,True,,15850.0,15814.95,2021-06-17,2021-06-24,75,-121.85,-9138.75,709.89,9.47,False,-12.873,"{'brokerage': 160.0, 'stt': 31.96, 'exchange_turnover': 32.28, 'sebi_turnover': 0.06, 'stamp_duty': 0.96, 'gst': 34.62, 'slippage': 450.0, 'total_rupees': 709.89, 'points_equivalent': 9.47}",2021
2021-06-15,True,,15900.0,15864.05,2021-06-17,2021-06-24,75,-135.75,-10181.25,704.33,9.39,False,-14.455,"{'brokerage': 160.0, 'stt': 29.46, 'exchange_turnover': 29.76, 'sebi_turnover': 0.06, 'stamp_duty': 0.88, 'gst': 34.17, 'slippage': 450.0, 'total_rupees': 704.33, 'points_equivalent': 9.39}",2021
2021-06-16,True,,15800.0,15778.9,2021-06-17,2021-06-24,75,-155.65,-11673.75,701.43,9.35,False,-16.643,"{'brokerage': 160.0, 'stt': 28.16, 'exchange_turnover': 28.44, 'sebi_turnover': 0.06, 'stamp_duty': 0.84, 'gst': 33.93, 'slippage': 450.0, 'total_rupees': 701.43, 'points_equivalent': 9.35}",2021
2021-06-17,True,,15700.0,15690.6,2021-06-17,2021-06-24,75,-231.4,-17355.0,681.57,9.09,False,-25.463,"{'brokerage': 160.0, 'stt': 19.23, 'exchange_turnover': 19.42, 'sebi_turnover': 0.04, 'stamp_duty': 0.58, 'gst': 32.3, 'slippage': 450.0, 'total_rupees': 681.57, 'points_equivalent': 9.09}",2021
2021-06-18,True,,15700.0,15691.95,2021-06-24,2021-07-01,75,-111.75,-8381.25,725.78,9.68,False,-11.548,"{'brokerage': 160.0, 'stt': 39.11, 'exchange_turnover': 39.5, 'sebi_turnover': 0.08, 'stamp_duty': 1.17, 'gst': 35.92, 'slippage': 450.0, 'total_rupees': 725.78, 'points_equivalent': 9.68}",2021
2021-06-21,True,,15750.0,15744.55,2021-06-24,2021-07-01,75,-137.1,-10282.5,717.97,9.57,False,-14.322,"{'brokerage': 160.0, 'stt': 35.59, 'exchange_turnover': 35.95, 'sebi_turnover': 0.07, 'stamp_duty': 1.07, 'gst': 35.28, 'slippage': 450.0, 'total_rupees': 717.97, 'points_equivalent': 9.57}",2021
2021-06-22,True,,15800.0,15773.95,2021-06-24,2021-07-01,75,-146.8,-11010.0,708.01,9.44,False,-15.551,"{'brokerage': 160.0, 'stt': 31.12, 'exchange_turnover': 31.43, 'sebi_turnover': 0.06, 'stamp_duty': 0.93, 'gst': 34.47, 'slippage': 450.0, 'total_rupees': 708.01, 'points_equivalent': 9.44}",2021
2021-06-23,True,,15700.0,15694.8,2021-06-24,2021-07-01,75,-167.05,-12528.75,703.53,9.38,False,-17.808,"{'brokerage': 160.0, 'stt': 29.1, 'exchange_turnover': 29.39, 'sebi_turnover': 0.06, 'stamp_duty': 0.87, 'gst': 34.1, 'slippage': 450.0, 'total_rupees': 703.53, 'points_equivalent': 9.38}",2021
2021-06-24,True,,15800.0,15790.85,2021-06-24,2021-07-01,75,-223.2,-16740.0,680.82,9.08,False,-24.588,"{'brokerage': 160.0, 'stt': 18.89, 'exchange_turnover': 19.08, 'sebi_turnover': 0.04, 'stamp_duty': 0.57, 'gst': 32.24, 'slippage': 450.0, 'total_rupees': 680.82, 'points_equivalent': 9.08}",2021
2021-06-25,True,,15900.0,15857.6,2021-07-01,2021-07-08,75,-107.5,-8062.5,717.59,9.57,False,-11.236,"{'brokerage': 160.0, 'stt': 35.42, 'exchange_turnover': 35.78, 'sebi_turnover': 0.07, 'stamp_duty': 1.06, 'gst': 35.25, 'slippage': 450.0, 'total_rupees': 717.59, 'points_equivalent': 9.57}",2021
2021-06-28,True,,15850.0,15822.6,2021-07-01,2021-07-08,75,-98.25,-7368.75,712.04,9.49,False,-10.349,"{'brokerage': 160.0, 'stt': 32.93, 'exchange_turnover': 33.26, 'sebi_turnover': 0.07, 'stamp_duty': 0.99, 'gst': 34.8, 'slippage': 450.0, 'total_rupees': 712.04, 'points_equivalent': 9.49}",2021
2021-06-29,True,,15750.0,15757.85,2021-07-01,2021-07-08,75,-112.25,-8418.75,699.54,9.33,False,-12.035,"{'brokerage': 160.0, 'stt': 27.31, 'exchange_turnover': 27.58, 'sebi_turnover': 0.05, 'stamp_duty': 0.82, 'gst': 33.78, 'slippage': 450.0, 'total_rupees': 699.54, 'points_equivalent': 9.33}",2021
2021-06-30,True,,15700.0,15725.95,2021-07-01,2021-07-08,75,-130.65,-9798.75,689.47,9.19,False,-14.212,"{'brokerage': 160.0, 'stt': 22.78, 'exchange_turnover': 23.01, 'sebi_turnover': 0.05, 'stamp_duty': 0.68, 'gst': 32.95, 'slippage': 450.0, 'total_rupees': 689.47, 'points_equivalent': 9.19}",2021
2021-07-01,True,,15700.0,15676.6,2021-07-01,2021-07-08,50,-163.2,-8160.0,512.42,10.25,False,-15.924,"{'brokerage': 160.0, 'stt': 10.62, 'exchange_turnover': 10.73, 'sebi_turnover': 0.02, 'stamp_duty': 0.32, 'gst': 30.73, 'slippage': 300.0, 'total_rupees': 512.42, 'points_equivalent': 10.25}",2021
2021-07-02,True,,15750.0,15723.8,2021-07-08,2021-07-15,50,-77.4,-3870.0,531.01,10.62,False,-7.288,"{'brokerage': 160.0, 'stt': 18.98, 'exchange_turnover': 19.17, 'sebi_turnover': 0.04, 'stamp_duty': 0.57, 'gst': 32.26, 'slippage': 300.0, 'total_rupees': 531.01, 'points_equivalent': 10.62}",2021
2021-07-05,True,,15850.0,15834.25,2021-07-08,2021-07-15,50,-84.5,-4225.0,524.96,10.5,False,-8.048,"{'brokerage': 160.0, 'stt': 16.26, 'exchange_turnover': 16.42, 'sebi_turnover': 0.03, 'stamp_duty': 0.49, 'gst': 31.76, 'slippage': 300.0, 'total_rupees': 524.96, 'points_equivalent': 10.5}",2021
2021-07-06,True,,15850.0,15820.5,2021-07-08,2021-07-15,50,-102.0,-5100.0,523.1,10.46,False,-9.75,"{'brokerage': 160.0, 'stt': 15.42, 'exchange_turnover': 15.57, 'sebi_turnover': 0.03, 'stamp_duty': 0.46, 'gst': 31.61, 'slippage': 300.0, 'total_rupees': 523.1, 'points_equivalent': 10.46}",2021
2021-07-07,True,,15900.0,15873.2,2021-07-08,2021-07-15,50,-123.15,-6157.5,519.6,10.39,False,-11.85,"{'brokerage': 160.0, 'stt': 13.85, 'exchange_turnover': 13.99, 'sebi_turnover': 0.03, 'stamp_duty': 0.42, 'gst': 31.32, 'slippage': 300.0, 'total_rupees': 519.6, 'points_equivalent': 10.39}",2021
2021-07-08,True,,15700.0,15722.5,2021-07-08,2021-07-15,50,-191.75,-9587.5,515.64,10.31,False,-18.593,"{'brokerage': 160.0, 'stt': 12.07, 'exchange_turnover': 12.19, 'sebi_turnover': 0.02, 'stamp_duty': 0.36, 'gst': 31.0, 'slippage': 300.0, 'total_rupees': 515.64, 'points_equivalent': 10.31}",2021
2021-07-09,True,,15700.0,15714.0,2021-07-15,2021-07-22,50,-97.3,-4865.0,538.39,10.77,False,-9.036,"{'brokerage': 160.0, 'stt': 22.3, 'exchange_turnover': 22.52, 'sebi_turnover': 0.04, 'stamp_duty': 0.67, 'gst': 32.86, 'slippage': 300.0, 'total_rupees': 538.39, 'points_equivalent': 10.77}",2021
2021-07-12,True,,15700.0,15703.6,2021-07-15,2021-07-22,50,-100.5,-5025.0,531.2,10.62,False,-9.46,"{'brokerage': 160.0, 'stt': 19.07, 'exchange_turnover': 19.26, 'sebi_turnover': 0.04, 'stamp_duty': 0.57, 'gst': 32.27, 'slippage': 300.0, 'total_rupees': 531.2, 'points_equivalent': 10.62}",2021
2021-07-13,True,,15850.0,15814.5,2021-07-15,2021-07-22,50,-104.15,-5207.5,524.05,10.48,False,-9.937,"{'brokerage': 160.0, 'stt': 15.85, 'exchange_turnover': 16.01, 'sebi_turnover': 0.03, 'stamp_duty': 0.48, 'gst': 31.69, 'slippage': 300.0, 'total_rupees': 524.05, 'points_equivalent': 10.48}",2021
2021-07-14,True,,15850.0,15851.35,2021-07-15,2021-07-22,50,-122.45,-6122.5,519.4,10.39,False,-11.788,"{'brokerage': 160.0, 'stt': 13.76, 'exchange_turnover': 13.9, 'sebi_turnover': 0.03, 'stamp_duty': 0.41, 'gst': 31.31, 'slippage': 300.0, 'total_rupees': 519.4, 'points_equivalent': 10.39}",2021
2021-07-15,True,,15950.0,15925.8,2021-07-15,2021-07-22,50,-151.95,-7597.5,511.26,10.23,False,-14.86,"{'brokerage': 160.0, 'stt': 10.1, 'exchange_turnover': 10.2, 'sebi_turnover': 0.02, 'stamp_duty': 0.3, 'gst': 30.64, 'slippage': 300.0, 'total_rupees': 511.26, 'points_equivalent': 10.23}",2021
2021-07-16,True,,15950.0,15930.75,2021-07-22,2021-07-29,50,-94.6,-4730.0,532.76,10.66,False,-8.878,"{'brokerage': 160.0, 'stt': 19.77, 'exchange_turnover': 19.96, 'sebi_turnover': 0.04, 'stamp_duty': 0.59, 'gst': 32.4, 'slippage': 300.0, 'total_rupees': 532.76, 'points_equivalent': 10.66}",2021
2021-07-19,True,,15750.0,15753.65,2021-07-22,2021-07-29,50,-116.45,-5822.5,530.9,10.62,False,-10.967,"{'brokerage': 160.0, 'stt': 18.93, 'exchange_turnover': 19.12, 'sebi_turnover': 0.04, 'stamp_duty': 0.57, 'gst': 32.25, 'slippage': 300.0, 'total_rupees': 530.9, 'points_equivalent': 10.62}",2021
2021-07-20,True,,15650.0,15645.45,2021-07-22,2021-07-29,50,-139.15,-6957.5,527.51,10.55,False,-13.189,"{'brokerage': 160.0, 'stt': 17.4, 'exchange_turnover': 17.58, 'sebi_turnover': 0.03, 'stamp_duty': 0.52, 'gst': 31.97, 'slippage': 300.0, 'total_rupees': 527.51, 'points_equivalent': 10.55}",2021
2021-07-22,True,,15800.0,15812.05,2021-07-22,2021-07-29,50,-160.05,-8002.5,510.08,10.2,False,-15.689,"{'brokerage': 160.0, 'stt': 9.57, 'exchange_turnover': 9.66, 'sebi_turnover': 0.02, 'stamp_duty': 0.29, 'gst': 30.54, 'slippage': 300.0, 'total_rupees': 510.08, 'points_equivalent': 10.2}",2021
2021-07-23,True,,15900.0,15857.75,2021-07-29,2021-08-05,50,-79.65,-3982.5,531.68,10.63,False,-7.49,"{'brokerage': 160.0, 'stt': 19.28, 'exchange_turnover': 19.47, 'sebi_turnover': 0.04, 'stamp_duty': 0.58, 'gst': 32.31, 'slippage': 300.0, 'total_rupees': 531.68, 'points_equivalent': 10.63}",2021
2021-07-26,True,,15850.0,15823.95,2021-07-29,2021-08-05,50,-93.3,-4665.0,529.9,10.6,False,-8.804,"{'brokerage': 160.0, 'stt': 18.48, 'exchange_turnover': 18.66, 'sebi_turnover': 0.04, 'stamp_duty': 0.55, 'gst': 32.17, 'slippage': 300.0, 'total_rupees': 529.9, 'points_equivalent': 10.6}",2021
2021-07-27,True,,15750.0,15738.05,2021-07-29,2021-08-05,50,-115.6,-5780.0,528.85,10.58,False,-10.929,"{'brokerage': 160.0, 'stt': 18.0, 'exchange_turnover': 18.19, 'sebi_turnover': 0.04, 'stamp_duty': 0.54, 'gst': 32.08, 'slippage': 300.0, 'total_rupees': 528.85, 'points_equivalent': 10.58}",2021
2021-07-28,True,,15700.0,15709.35,2021-07-29,2021-08-05,50,-139.55,-6977.5,524.95,10.5,False,-13.292,"{'brokerage': 160.0, 'stt': 16.25, 'exchange_turnover': 16.42, 'sebi_turnover': 0.03, 'stamp_duty': 0.49, 'gst': 31.76, 'slippage': 300.0, 'total_rupees': 524.95, 'points_equivalent': 10.5}",2021
2021-07-29,True,,15800.0,15783.9,2021-07-29,2021-08-05,50,-159.8,-7990.0,511.2,10.22,False,-15.63,"{'brokerage': 160.0, 'stt': 10.07, 'exchange_turnover': 10.17, 'sebi_turnover': 0.02, 'stamp_duty': 0.3, 'gst': 30.63, 'slippage': 300.0, 'total_rupees': 511.2, 'points_equivalent': 10.22}",2021
2021-07-30,True,,15800.0,15759.95,2021-08-05,2021-08-12,50,-84.25,-4212.5,535.03,10.7,False,-7.873,"{'brokerage': 160.0, 'stt': 20.79, 'exchange_turnover': 21.0, 'sebi_turnover': 0.04, 'stamp_duty': 0.62, 'gst': 32.59, 'slippage': 300.0, 'total_rupees': 535.03, 'points_equivalent': 10.7}",2021
2021-08-02,True,,15900.0,15877.95,2021-08-05,2021-08-12,50,-95.3,-4765.0,528.37,10.57,False,-9.018,"{'brokerage': 160.0, 'stt': 17.79, 'exchange_turnover': 17.97, 'sebi_turnover': 0.04, 'stamp_duty': 0.53, 'gst': 32.04, 'slippage': 300.0, 'total_rupees': 528.37, 'points_equivalent': 10.57}",2021
2021-08-03,True,,16150.0,16118.2,2021-08-05,2021-08-12,50,-122.95,-6147.5,532.14,10.64,False,-11.552,"{'brokerage': 160.0, 'stt': 19.49, 'exchange_turnover': 19.68, 'sebi_turnover': 0.04, 'stamp_duty': 0.58, 'gst': 32.35, 'slippage': 300.0, 'total_rupees': 532.14, 'points_equivalent': 10.64}",2021
2021-08-04,True,,16250.0,16251.85,2021-08-05,2021-08-12,50,-146.0,-7300.0,525.04,10.5,False,-13.904,"{'brokerage': 160.0, 'stt': 16.3, 'exchange_turnover': 16.46, 'sebi_turnover': 0.03, 'stamp_duty': 0.49, 'gst': 31.77, 'slippage': 300.0, 'total_rupees': 525.04, 'points_equivalent': 10.5}",2021
2021-08-05,True,,16300.0,16305.45,2021-08-05,2021-08-12,50,-191.1,-9555.0,512.73,10.25,False,-18.636,"{'brokerage': 160.0, 'stt': 10.76, 'exchange_turnover': 10.87, 'sebi_turnover': 0.02, 'stamp_duty': 0.32, 'gst': 30.76, 'slippage': 300.0, 'total_rupees': 512.73, 'points_equivalent': 10.25}",2021
2021-08-06,True,,16250.0,16236.25,2021-08-12,2021-08-18,50,-81.95,-4097.5,536.29,10.73,False,-7.64,"{'brokerage': 160.0, 'stt': 21.35, 'exchange_turnover': 21.57, 'sebi_turnover': 0.04, 'stamp_duty': 0.64, 'gst': 32.69, 'slippage': 300.0, 'total_rupees': 536.29, 'points_equivalent': 10.73}",2021
2021-08-09,True,,16250.0,16251.25,2021-08-12,2021-08-18,50,-86.15,-4307.5,529.24,10.58,False,-8.139,"{'brokerage': 160.0, 'stt': 18.18, 'exchange_turnover': 18.36, 'sebi_turnover': 0.04, 'stamp_duty': 0.55, 'gst': 32.11, 'slippage': 300.0, 'total_rupees': 529.24, 'points_equivalent': 10.58}",2021
2021-08-10,True,,16300.0,16276.1,2021-08-12,2021-08-18,50,-98.35,-4917.5,525.56,10.51,False,-9.357,"{'brokerage': 160.0, 'stt': 16.53, 'exchange_turnover': 16.69, 'sebi_turnover': 0.03, 'stamp_duty': 0.5, 'gst': 31.81, 'slippage': 300.0, 'total_rupees': 525.56, 'points_equivalent': 10.51}",2021
2021-08-11,True,,16300.0,16277.05,2021-08-12,2021-08-18,50,-114.05,-5702.5,520.67,10.41,False,-10.952,"{'brokerage': 160.0, 'stt': 14.33, 'exchange_turnover': 14.47, 'sebi_turnover': 0.03, 'stamp_duty': 0.43, 'gst': 31.41, 'slippage': 300.0, 'total_rupees': 520.67, 'points_equivalent': 10.41}",2021
2021-08-12,True,,16350.0,16363.6,2021-08-12,2021-08-18,50,-152.9,-7645.0,509.47,10.19,False,-15.006,"{'brokerage': 160.0, 'stt': 9.29, 'exchange_turnover': 9.39, 'sebi_turnover': 0.02, 'stamp_duty': 0.28, 'gst': 30.49, 'slippage': 300.0, 'total_rupees': 509.47, 'points_equivalent': 10.19}",2021
2021-08-13,True,,16550.0,16517.15,2021-08-18,2021-08-26,50,-105.95,-5297.5,536.56,10.73,False,-9.873,"{'brokerage': 160.0, 'stt': 21.47, 'exchange_turnover': 21.69, 'sebi_turnover': 0.04, 'stamp_duty': 0.64, 'gst': 32.71, 'slippage': 300.0, 'total_rupees': 536.56, 'points_equivalent': 10.73}",2021
2021-08-16,True,,16600.0,16556.35,2021-08-18,2021-08-26,50,-121.35,-6067.5,530.75,10.62,False,-11.432,"{'brokerage': 160.0, 'stt': 18.86, 'exchange_turnover': 19.05, 'sebi_turnover': 0.04, 'stamp_duty': 0.57, 'gst': 32.24, 'slippage': 300.0, 'total_rupees': 530.75, 'points_equivalent': 10.62}",2021
2021-08-17,True,,16600.0,16602.45,2021-08-18,2021-08-26,50,-141.8,-7090.0,523.17,10.46,False,-13.552,"{'brokerage': 160.0, 'stt': 15.46, 'exchange_turnover': 15.61, 'sebi_turnover': 0.03, 'stamp_duty': 0.46, 'gst': 31.62, 'slippage': 300.0, 'total_rupees': 523.17, 'points_equivalent': 10.46}",2021
2021-08-18,True,,16600.0,16576.6,2021-08-18,2021-08-26,50,-171.25,-8562.5,513.56,10.27,False,-16.673,"{'brokerage': 160.0, 'stt': 11.13, 'exchange_turnover': 11.24, 'sebi_turnover': 0.02, 'stamp_duty': 0.33, 'gst': 30.83, 'slippage': 300.0, 'total_rupees': 513.56, 'points_equivalent': 10.27}",2021
2021-08-20,True,,16450.0,16441.75,2021-08-26,2021-09-02,50,-96.9,-4845.0,543.18,10.86,False,-8.92,"{'brokerage': 160.0, 'stt': 24.45, 'exchange_turnover': 24.69, 'sebi_turnover': 0.05, 'stamp_duty': 0.73, 'gst': 33.25, 'slippage': 300.0, 'total_rupees': 543.18, 'points_equivalent': 10.86}",2021
2021-08-23,True,,16500.0,16495.9,2021-08-26,2021-09-02,50,-109.35,-5467.5,535.37,10.71,False,-10.213,"{'brokerage': 160.0, 'stt': 20.94, 'exchange_turnover': 21.15, 'sebi_turnover': 0.04, 'stamp_duty': 0.63, 'gst': 32.61, 'slippage': 300.0, 'total_rupees': 535.37, 'points_equivalent': 10.71}",2021
2021-08-24,True,,16650.0,16621.95,2021-08-26,2021-09-02,50,-120.65,-6032.5,527.07,10.54,False,-11.445,"{'brokerage': 160.0, 'stt': 17.21, 'exchange_turnover': 17.38, 'sebi_turnover': 0.03, 'stamp_duty': 0.52, 'gst': 31.93, 'slippage': 300.0, 'total_rupees': 527.07, 'points_equivalent': 10.54}",2021
2021-08-25,True,,16650.0,16630.35,2021-08-26,2021-09-02,50,-139.5,-6975.0,523.01,10.46,False,-13.336,"{'brokerage': 160.0, 'stt': 15.38, 'exchange_turnover': 15.53, 'sebi_turnover': 0.03, 'stamp_duty': 0.46, 'gst': 31.6, 'slippage': 300.0, 'total_rupees': 523.01, 'points_equivalent': 10.46}",2021
2021-08-26,True,,16650.0,16632.2,2021-08-26,2021-09-02,50,-174.4,-8720.0,512.4,10.25,False,-17.018,"{'brokerage': 160.0, 'stt': 10.61, 'exchange_turnover': 10.72, 'sebi_turnover': 0.02, 'stamp_duty': 0.32, 'gst': 30.73, 'slippage': 300.0, 'total_rupees': 512.4, 'points_equivalent': 10.25}",2021
2021-08-27,True,,16750.0,16698.8,2021-09-02,2021-09-09,50,-93.05,-4652.5,540.5,10.81,False,-8.608,"{'brokerage': 160.0, 'stt': 23.24, 'exchange_turnover': 23.47, 'sebi_turnover': 0.05, 'stamp_duty': 0.7, 'gst': 33.03, 'slippage': 300.0, 'total_rupees': 540.5, 'points_equivalent': 10.81}",2021
2021-08-30,True,,16950.0,16921.45,2021-09-02,2021-09-09,50,-107.05,-5352.5,534.81,10.7,False,-10.008,"{'brokerage': 160.0, 'stt': 20.69, 'exchange_turnover': 20.89, 'sebi_turnover': 0.04, 'stamp_duty': 0.62, 'gst': 32.57, 'slippage': 300.0, 'total_rupees': 534.81, 'points_equivalent': 10.7}",2021
2021-08-31,True,,17150.0,17109.8,2021-09-02,2021-09-09,50,-144.6,-7230.0,536.53,10.73,False,-13.475,"{'brokerage': 160.0, 'stt': 21.46, 'exchange_turnover': 21.67, 'sebi_turnover': 0.04, 'stamp_duty': 0.64, 'gst': 32.71, 'slippage': 300.0, 'total_rupees': 536.53, 'points_equivalent': 10.73}",2021
2021-09-01,True,,17100.0,17083.15,2021-09-02,2021-09-09,50,-159.0,-7950.0,526.04,10.52,False,-15.113,"{'brokerage': 160.0, 'stt': 16.75, 'exchange_turnover': 16.91, 'sebi_turnover': 0.03, 'stamp_duty': 0.5, 'gst': 31.85, 'slippage': 300.0, 'total_rupees': 526.04, 'points_equivalent': 10.52}",2021
2021-09-02,True,,17250.0,17233.9,2021-09-02,2021-09-09,50,-206.4,-10320.0,515.78,10.32,False,-20.009,"{'brokerage': 160.0, 'stt': 12.13, 'exchange_turnover': 12.25, 'sebi_turnover': 0.02, 'stamp_duty': 0.36, 'gst': 31.01, 'slippage': 300.0, 'total_rupees': 515.78, 'points_equivalent': 10.32}",2021
2021-09-03,True,,17350.0,17318.5,2021-09-09,2021-09-16,50,-105.35,-5267.5,545.98,10.92,False,-9.648,"{'brokerage': 160.0, 'stt': 25.71, 'exchange_turnover': 25.96, 'sebi_turnover': 0.05, 'stamp_duty': 0.77, 'gst': 33.48, 'slippage': 300.0, 'total_rupees': 545.98, 'points_equivalent': 10.92}",2021
2021-09-06,True,,17400.0,17390.65,2021-09-09,2021-09-16,50,-119.35,-5967.5,541.94,10.84,False,-11.011,"{'brokerage': 160.0, 'stt': 23.89, 'exchange_turnover': 24.13, 'sebi_turnover': 0.05, 'stamp_duty': 0.72, 'gst': 33.15, 'slippage': 300.0, 'total_rupees': 541.94, 'points_equivalent': 10.84}",2021
2021-09-07,True,,17400.0,17368.6,2021-09-09,2021-09-16,50,-122.45,-6122.5,532.98,10.66,False,-11.487,"{'brokerage': 160.0, 'stt': 19.86, 'exchange_turnover': 20.06, 'sebi_turnover': 0.04, 'stamp_duty': 0.6, 'gst': 32.42, 'slippage': 300.0, 'total_rupees': 532.98, 'points_equivalent': 10.66}",2021
2021-09-08,True,,17350.0,17354.65,2021-09-09,2021-09-16,50,-138.9,-6945.0,524.79,10.5,False,-13.234,"{'brokerage': 160.0, 'stt': 16.18, 'exchange_turnover': 16.34, 'sebi_turnover': 0.03, 'stamp_duty': 0.49, 'gst': 31.75, 'slippage': 300.0, 'total_rupees': 524.79, 'points_equivalent': 10.5}",2021
2021-09-09,True,,17350.0,17365.0,2021-09-09,2021-09-16,50,-182.05,-9102.5,513.07,10.26,False,-17.741,"{'brokerage': 160.0, 'stt': 10.91, 'exchange_turnover': 11.02, 'sebi_turnover': 0.02, 'stamp_duty': 0.33, 'gst': 30.79, 'slippage': 300.0, 'total_rupees': 513.07, 'points_equivalent': 10.26}",2021
2021-09-13,True,,17350.0,17357.4,2021-09-16,2021-09-23,50,-108.2,-5410.0,535.93,10.72,False,-10.095,"{'brokerage': 160.0, 'stt': 21.19, 'exchange_turnover': 21.4, 'sebi_turnover': 0.04, 'stamp_duty': 0.64, 'gst': 32.66, 'slippage': 300.0, 'total_rupees': 535.93, 'points_equivalent': 10.72}",2021
2021-09-14,True,,17400.0,17384.8,2021-09-16,2021-09-23,50,-109.3,-5465.0,527.44,10.55,False,-10.361,"{'brokerage': 160.0, 'stt': 17.38, 'exchange_turnover': 17.55, 'sebi_turnover': 0.03, 'stamp_duty': 0.52, 'gst': 31.97, 'slippage': 300.0, 'total_rupees': 527.44, 'points_equivalent': 10.55}",2021
2021-09-15,True,,17550.0,17527.25,2021-09-16,2021-09-23,50,-145.15,-7257.5,522.46,10.45,False,-13.891,"{'brokerage': 160.0, 'stt': 15.13, 'exchange_turnover': 15.28, 'sebi_turnover': 0.03, 'stamp_duty': 0.45, 'gst': 31.56, 'slippage': 300.0, 'total_rupees': 522.46, 'points_equivalent': 10.45}",2021
2021-09-16,True,,17650.0,17632.5,2021-09-16,2021-09-23,50,-202.25,-10112.5,515.83,10.32,False,-19.604,"{'brokerage': 160.0, 'stt': 12.15, 'exchange_turnover': 12.27, 'sebi_turnover': 0.02, 'stamp_duty': 0.36, 'gst': 31.01, 'slippage': 300.0, 'total_rupees': 515.83, 'points_equivalent': 10.32}",2021
2021-09-17,True,,17600.0,17600.15,2021-09-23,2021-09-30,50,-116.4,-5820.0,547.51,10.95,False,-10.63,"{'brokerage': 160.0, 'stt': 26.39, 'exchange_turnover': 26.66, 'sebi_turnover': 0.05, 'stamp_duty': 0.79, 'gst': 33.61, 'slippage': 300.0, 'total_rupees': 547.51, 'points_equivalent': 10.95}",2021
2021-09-20,True,,17400.0,17397.3,2021-09-23,2021-09-30,50,-132.85,-6642.5,554.55,11.09,False,-11.978,"{'brokerage': 160.0, 'stt': 29.56, 'exchange_turnover': 29.86, 'sebi_turnover': 0.06, 'stamp_duty': 0.89, 'gst': 34.19, 'slippage': 300.0, 'total_rupees': 554.55, 'points_equivalent': 11.09}",2021
2021-09-21,True,,17600.0,17562.75,2021-09-23,2021-09-30,50,-145.7,-7285.0,539.76,10.8,False,-13.497,"{'brokerage': 160.0, 'stt': 22.91, 'exchange_turnover': 23.14, 'sebi_turnover': 0.05, 'stamp_duty': 0.69, 'gst': 32.97, 'slippage': 300.0, 'total_rupees': 539.76, 'points_equivalent': 10.8}",2021
2021-09-22,True,,17600.0,17571.8,2021-09-23,2021-09-30,50,-165.0,-8250.0,534.55,10.69,False,-15.434,"{'brokerage': 160.0, 'stt': 20.57, 'exchange_turnover': 20.78, 'sebi_turnover': 0.04, 'stamp_duty': 0.62, 'gst': 32.55, 'slippage': 300.0, 'total_rupees': 534.55, 'points_equivalent': 10.69}",2021
2021-09-23,True,,17800.0,17819.2,2021-09-23,2021-09-30,50,-250.6,-12530.0,521.92,10.44,False,-24.008,"{'brokerage': 160.0, 'stt': 14.89, 'exchange_turnover': 15.04, 'sebi_turnover': 0.03, 'stamp_duty': 0.45, 'gst': 31.51, 'slippage': 300.0, 'total_rupees': 521.92, 'points_equivalent': 10.44}",2021
2021-09-24,True,,17850.0,17856.5,2021-09-30,2021-10-07,50,-151.55,-7577.5,559.03,11.18,False,-13.555,"{'brokerage': 160.0, 'stt': 31.58, 'exchange_turnover': 31.89, 'sebi_turnover': 0.06, 'stamp_duty': 0.95, 'gst': 34.55, 'slippage': 300.0, 'total_rupees': 559.03, 'points_equivalent': 11.18}",2021
2021-09-27,True,,17850.0,17858.25,2021-09-30,2021-10-07,50,-177.95,-8897.5,553.13,11.06,False,-16.086,"{'brokerage': 160.0, 'stt': 28.92, 'exchange_turnover': 29.21, 'sebi_turnover': 0.06, 'stamp_duty': 0.87, 'gst': 34.07, 'slippage': 300.0, 'total_rupees': 553.13, 'points_equivalent': 11.06}",2021
2021-09-28,True,,17750.0,17751.9,2021-09-30,2021-10-07,50,-189.8,-9490.0,547.65,10.95,False,-17.329,"{'brokerage': 160.0, 'stt': 26.46, 'exchange_turnover': 26.72, 'sebi_turnover': 0.05, 'stamp_duty': 0.79, 'gst': 33.62, 'slippage': 300.0, 'total_rupees': 547.65, 'points_equivalent': 10.95}",2021
2021-09-29,True,,17700.0,17712.05,2021-09-30,2021-10-07,50,-206.9,-10345.0,540.65,10.81,False,-19.134,"{'brokerage': 160.0, 'stt': 23.31, 'exchange_turnover': 23.54, 'sebi_turnover': 0.05, 'stamp_duty': 0.7, 'gst': 33.05, 'slippage': 300.0, 'total_rupees': 540.65, 'points_equivalent': 10.81}",2021
2021-09-30,True,,17600.0,17620.55,2021-09-30,2021-10-07,50,-291.85,-14592.5,526.85,10.54,False,-27.698,"{'brokerage': 160.0, 'stt': 17.11, 'exchange_turnover': 17.28, 'sebi_turnover': 0.03, 'stamp_duty': 0.51, 'gst': 31.92, 'slippage': 300.0, 'total_rupees': 526.85, 'points_equivalent': 10.54}",2021
2021-10-01,True,,17550.0,17538.05,2021-10-07,2021-10-14,50,-141.1,-7055.0,562.02,11.24,False,-12.553,"{'brokerage': 160.0, 'stt': 32.92, 'exchange_turnover': 33.25, 'sebi_turnover': 0.07, 'stamp_duty': 0.99, 'gst': 34.8, 'slippage': 300.0, 'total_rupees': 562.02, 'points_equivalent': 11.24}",2021
2021-10-04,True,,17700.0,17707.35,2021-10-07,2021-10-14,50,-147.2,-7360.0,548.15,10.96,False,-13.427,"{'brokerage': 160.0, 'stt': 26.69, 'exchange_turnover': 26.95, 'sebi_turnover': 0.05, 'stamp_duty': 0.8, 'gst': 33.66, 'slippage': 300.0, 'total_rupees': 548.15, 'points_equivalent': 10.96}",2021
2021-10-05,True,,17850.0,17828.95,2021-10-07,2021-10-14,50,-156.55,-7827.5,538.72,10.77,False,-14.53,"{'brokerage': 160.0, 'stt': 22.44, 'exchange_turnover': 22.67, 'sebi_turnover': 0.04, 'stamp_duty': 0.67, 'gst': 32.89, 'slippage': 300.0, 'total_rupees': 538.72, 'points_equivalent': 10.77}",2021
2021-10-06,True,,17650.0,17649.8,2021-10-07,2021-10-14,50,-191.45,-9572.5,537.54,10.75,False,-17.808,"{'brokerage': 160.0, 'stt': 21.91, 'exchange_turnover': 22.13, 'sebi_turnover': 0.04, 'stamp_duty': 0.66, 'gst': 32.79, 'slippage': 300.0, 'total_rupees': 537.54, 'points_equivalent': 10.75}",2021
2021-10-07,True,,17800.0,17795.8,2021-10-07,2021-10-14,50,-240.0,-12000.0,517.94,10.36,False,-23.169,"{'brokerage': 160.0, 'stt': 13.1, 'exchange_turnover': 13.23, 'sebi_turnover': 0.03, 'stamp_duty': 0.39, 'gst': 31.19, 'slippage': 300.0, 'total_rupees': 517.94, 'points_equivalent': 10.36}",2021
2021-10-08,True,,17900.0,17898.95,2021-10-14,2021-10-21,50,-116.1,-5805.0,550.48,11.01,False,-10.545,"{'brokerage': 160.0, 'stt': 27.73, 'exchange_turnover': 28.01, 'sebi_turnover': 0.06, 'stamp_duty': 0.83, 'gst': 33.85, 'slippage': 300.0, 'total_rupees': 550.48, 'points_equivalent': 11.01}",2021
2021-10-11,True,,18000.0,17968.2,2021-10-14,2021-10-21,50,-126.85,-6342.5,544.81,10.9,False,-11.642,"{'brokerage': 160.0, 'stt': 25.18, 'exchange_turnover': 25.43, 'sebi_turnover': 0.05, 'stamp_duty': 0.76, 'gst': 33.39, 'slippage': 300.0, 'total_rupees': 544.81, 'points_equivalent': 10.9}",2021
2021-10-12,True,,18000.0,17996.35,2021-10-14,2021-10-21,50,-141.25,-7062.5,539.42,10.79,False,-13.093,"{'brokerage': 160.0, 'stt': 22.76, 'exchange_turnover': 22.99, 'sebi_turnover': 0.05, 'stamp_duty': 0.68, 'gst': 32.95, 'slippage': 300.0, 'total_rupees': 539.42, 'points_equivalent': 10.79}",2021
2021-10-13,True,,18200.0,18163.05,2021-10-14,2021-10-21,50,-176.15,-8807.5,533.51,10.67,False,-16.509,"{'brokerage': 160.0, 'stt': 20.1, 'exchange_turnover': 20.3, 'sebi_turnover': 0.04, 'stamp_duty': 0.6, 'gst': 32.46, 'slippage': 300.0, 'total_rupees': 533.51, 'points_equivalent': 10.67}",2021
2021-10-14,True,,18350.0,18334.6,2021-10-14,2021-10-21,50,-213.3,-10665.0,516.3,10.33,False,-20.657,"{'brokerage': 160.0, 'stt': 12.37, 'exchange_turnover': 12.49, 'sebi_turnover': 0.02, 'stamp_duty': 0.37, 'gst': 31.05, 'slippage': 300.0, 'total_rupees': 516.3, 'points_equivalent': 10.33}",2021
2021-10-18,True,,18500.0,18494.15,2021-10-21,2021-10-28,50,-149.9,-7495.0,551.05,11.02,False,-13.601,"{'brokerage': 160.0, 'stt': 27.99, 'exchange_turnover': 28.27, 'sebi_turnover': 0.06, 'stamp_duty': 0.84, 'gst': 33.9, 'slippage': 300.0, 'total_rupees': 551.05, 'points_equivalent': 11.02}",2021
2021-10-19,True,,18450.0,18440.7,2021-10-21,2021-10-28,50,-154.8,-7740.0,548.25,10.97,False,-14.118,"{'brokerage': 160.0, 'stt': 26.73, 'exchange_turnover': 27.0, 'sebi_turnover': 0.05, 'stamp_duty': 0.8, 'gst': 33.67, 'slippage': 300.0, 'total_rupees': 548.25, 'points_equivalent': 10.97}",2021
2021-10-20,True,,18300.0,18304.35,2021-10-21,2021-10-28,50,-221.75,-11087.5,543.28,10.87,False,-20.408,"{'brokerage': 160.0, 'stt': 24.49, 'exchange_turnover': 24.74, 'sebi_turnover': 0.05, 'stamp_duty': 0.73, 'gst': 33.26, 'slippage': 300.0, 'total_rupees': 543.28, 'points_equivalent': 10.87}",2021
2021-10-21,True,,18150.0,18158.75,2021-10-21,2021-10-28,50,-291.55,-14577.5,525.84,10.52,False,-27.722,"{'brokerage': 160.0, 'stt': 16.65, 'exchange_turnover': 16.82, 'sebi_turnover': 0.03, 'stamp_duty': 0.5, 'gst': 31.83, 'slippage': 300.0, 'total_rupees': 525.84, 'points_equivalent': 10.52}",2021
2021-10-22,True,,18150.0,18147.35,2021-10-28,2021-11-03,50,-139.0,-6950.0,564.43,11.29,False,-12.313,"{'brokerage': 160.0, 'stt': 34.01, 'exchange_turnover': 34.35, 'sebi_turnover': 0.07, 'stamp_duty': 1.02, 'gst': 34.99, 'slippage': 300.0, 'total_rupees': 564.43, 'points_equivalent': 11.29}",2021
2021-10-25,True,,18150.0,18146.8,2021-10-28,2021-11-03,50,-152.65,-7632.5,559.02,11.18,False,-13.653,"{'brokerage': 160.0, 'stt': 31.57, 'exchange_turnover': 31.89, 'sebi_turnover': 0.06, 'stamp_duty': 0.95, 'gst': 34.55, 'slippage': 300.0, 'total_rupees': 559.02, 'points_equivalent': 11.18}",2021
2021-10-26,True,,18350.0,18314.5,2021-10-28,2021-11-03,50,-164.8,-8240.0,545.34,10.91,False,-15.11,"{'brokerage': 160.0, 'stt': 25.42, 'exchange_turnover': 25.67, 'sebi_turnover': 0.05, 'stamp_duty': 0.76, 'gst': 33.43, 'slippage': 300.0, 'total_rupees': 545.34, 'points_equivalent': 10.91}",2021
2021-10-27,True,,18250.0,18220.3,2021-10-28,2021-11-03,50,-197.35,-9867.5,540.66,10.81,False,-18.251,"{'brokerage': 160.0, 'stt': 23.32, 'exchange_turnover': 23.55, 'sebi_turnover': 0.05, 'stamp_duty': 0.7, 'gst': 33.05, 'slippage': 300.0, 'total_rupees': 540.66, 'points_equivalent': 10.81}",2021
2021-10-28,True,,17850.0,17870.1,2021-10-28,2021-11-03,50,-317.45,-15872.5,529.33,10.59,False,-29.986,"{'brokerage': 160.0, 'stt': 18.22, 'exchange_turnover': 18.4, 'sebi_turnover': 0.04, 'stamp_duty': 0.55, 'gst': 32.12, 'slippage': 300.0, 'total_rupees': 529.33, 'points_equivalent': 10.59}",2021
2021-10-29,True,,17700.0,17710.25,2021-11-03,2021-11-11,50,-147.9,-7395.0,566.36,11.33,False,-13.057,"{'brokerage': 160.0, 'stt': 34.87, 'exchange_turnover': 35.22, 'sebi_turnover': 0.07, 'stamp_duty': 1.05, 'gst': 35.15, 'slippage': 300.0, 'total_rupees': 566.36, 'points_equivalent': 11.33}",2021
2021-11-01,True,,18000.0,17980.0,2021-11-03,2021-11-11,50,-171.45,-8572.5,550.41,11.01,False,-15.575,"{'brokerage': 160.0, 'stt': 27.7, 'exchange_turnover': 27.98, 'sebi_turnover': 0.06, 'stamp_duty': 0.83, 'gst': 33.85, 'slippage': 300.0, 'total_rupees': 550.41, 'points_equivalent': 11.01}",2021
2021-11-02,True,,17900.0,17897.85,2021-11-03,2021-11-11,50,-188.6,-9430.0,539.59,10.79,False,-17.476,"{'brokerage': 160.0, 'stt': 22.84, 'exchange_turnover': 23.06, 'sebi_turnover': 0.05, 'stamp_duty': 0.69, 'gst': 32.96, 'slippage': 300.0, 'total_rupees': 539.59, 'points_equivalent': 10.79}",2021
2021-11-03,True,,17850.0,17831.15,2021-11-03,2021-11-11,50,-250.15,-12507.5,521.72,10.43,False,-23.974,"{'brokerage': 160.0, 'stt': 14.8, 'exchange_turnover': 14.95, 'sebi_turnover': 0.03, 'stamp_duty': 0.44, 'gst': 31.5, 'slippage': 300.0, 'total_rupees': 521.72, 'points_equivalent': 10.43}",2021
2021-11-04,True,,17950.0,17919.6,2021-11-11,2021-11-18,50,-133.0,-6650.0,557.97,11.16,False,-11.918,"{'brokerage': 160.0, 'stt': 31.1, 'exchange_turnover': 31.41, 'sebi_turnover': 0.06, 'stamp_duty': 0.93, 'gst': 34.47, 'slippage': 300.0, 'total_rupees': 557.97, 'points_equivalent': 11.16}",2021
2021-11-08,True,,18100.0,18104.2,2021-11-11,2021-11-18,50,-144.45,-7222.5,548.95,10.98,False,-13.157,"{'brokerage': 160.0, 'stt': 27.04, 'exchange_turnover': 27.31, 'sebi_turnover': 0.05, 'stamp_duty': 0.81, 'gst': 33.73, 'slippage': 300.0, 'total_rupees': 548.95, 'points_equivalent': 10.98}",2021
2021-11-09,True,,18050.0,18058.8,2021-11-11,2021-11-18,50,-151.1,-7555.0,543.33,10.87,False,-13.905,"{'brokerage': 160.0, 'stt': 24.52, 'exchange_turnover': 24.76, 'sebi_turnover': 0.05, 'stamp_duty': 0.74, 'gst': 33.27, 'slippage': 300.0, 'total_rupees': 543.33, 'points_equivalent': 10.87}",2021
2021-11-10,True,,18050.0,18018.55,2021-11-11,2021-11-18,50,-172.7,-8635.0,536.22,10.72,False,-16.103,"{'brokerage': 160.0, 'stt': 21.32, 'exchange_turnover': 21.53, 'sebi_turnover': 0.04, 'stamp_duty': 0.64, 'gst': 32.68, 'slippage': 300.0, 'total_rupees': 536.22, 'points_equivalent': 10.72}",2021
2021-11-11,True,,17850.0,17865.9,2021-11-11,2021-11-18,50,-253.15,-12657.5,521.73,10.43,False,-24.261,"{'brokerage': 160.0, 'stt': 14.81, 'exchange_turnover': 14.96, 'sebi_turnover': 0.03, 'stamp_duty': 0.44, 'gst': 31.5, 'slippage': 300.0, 'total_rupees': 521.73, 'points_equivalent': 10.43}",2021
2021-11-12,True,,18150.0,18120.7,2021-11-18,2021-11-25,50,-126.75,-6337.5,552.05,11.04,False,-11.48,"{'brokerage': 160.0, 'stt': 28.44, 'exchange_turnover': 28.72, 'sebi_turnover': 0.06, 'stamp_duty': 0.85, 'gst': 33.98, 'slippage': 300.0, 'total_rupees': 552.05, 'points_equivalent': 11.04}",2021
2021-11-15,True,,18150.0,18137.8,2021-11-18,2021-11-25,50,-139.85,-6992.5,548.03,10.96,False,-12.759,"{'brokerage': 160.0, 'stt': 26.63, 'exchange_turnover': 26.9, 'sebi_turnover': 0.05, 'stamp_duty': 0.8, 'gst': 33.65, 'slippage': 300.0, 'total_rupees': 548.03, 'points_equivalent': 10.96}",2021
2021-11-16,True,,18050.0,18012.25,2021-11-18,2021-11-25,50,-148.2,-7410.0,542.19,10.84,False,-13.667,"{'brokerage': 160.0, 'stt': 24.0, 'exchange_turnover': 24.25, 'sebi_turnover': 0.05, 'stamp_duty': 0.72, 'gst': 33.17, 'slippage': 300.0, 'total_rupees': 542.19, 'points_equivalent': 10.84}",2021
2021-11-17,True,,17900.0,17904.35,2021-11-18,2021-11-25,50,-175.65,-8782.5,534.03,10.68,False,-16.446,"{'brokerage': 160.0, 'stt': 20.34, 'exchange_turnover': 20.54, 'sebi_turnover': 0.04, 'stamp_duty': 0.61, 'gst': 32.5, 'slippage': 300.0, 'total_rupees': 534.03, 'points_equivalent': 10.68}",2021
2021-11-18,True,,17800.0,17783.7,2021-11-18,2021-11-25,50,-216.05,-10802.5,518.65,10.37,False,-20.828,"{'brokerage': 160.0, 'stt': 13.42, 'exchange_turnover': 13.56, 'sebi_turnover': 0.03, 'stamp_duty': 0.4, 'gst': 31.25, 'slippage': 300.0, 'total_rupees': 518.65, 'points_equivalent': 10.37}",2021
2021-11-22,True,,17450.0,17438.05,2021-11-25,2021-12-02,50,-129.5,-6475.0,554.81,11.1,False,-11.671,"{'brokerage': 160.0, 'stt': 29.68, 'exchange_turnover': 29.98, 'sebi_turnover': 0.06, 'stamp_duty': 0.89, 'gst': 34.21, 'slippage': 300.0, 'total_rupees': 554.81, 'points_equivalent': 11.1}",2021
2021-11-23,True,,17500.0,17500.8,2021-11-25,2021-12-02,50,-141.45,-7072.5,542.96,10.86,False,-13.026,"{'brokerage': 160.0, 'stt': 24.35, 'exchange_turnover': 24.6, 'sebi_turnover': 0.05, 'stamp_duty': 0.73, 'gst': 33.24, 'slippage': 300.0, 'total_rupees': 542.96, 'points_equivalent': 10.86}",2021
2021-11-24,True,,17450.0,17416.6,2021-11-25,2021-12-02,50,-170.35,-8517.5,533.63,10.67,False,-15.961,"{'brokerage': 160.0, 'stt': 20.16, 'exchange_turnover': 20.36, 'sebi_turnover': 0.04, 'stamp_duty': 0.6, 'gst': 32.47, 'slippage': 300.0, 'total_rupees': 533.63, 'points_equivalent': 10.67}",2021
2021-11-25,True,,17550.0,17528.0,2021-11-25,2021-12-02,50,-212.7,-10635.0,518.39,10.37,False,-20.515,"{'brokerage': 160.0, 'stt': 13.3, 'exchange_turnover': 13.44, 'sebi_turnover': 0.03, 'stamp_duty': 0.4, 'gst': 31.22, 'slippage': 300.0, 'total_rupees': 518.39, 'points_equivalent': 10.37}",2021
2021-11-26,True,,17100.0,17044.55,2021-12-02,2021-12-09,50,-139.85,-6992.5,577.34,11.55,False,-12.112,"{'brokerage': 160.0, 'stt': 39.81, 'exchange_turnover': 40.21, 'sebi_turnover': 0.08, 'stamp_duty': 1.19, 'gst': 36.05, 'slippage': 300.0, 'total_rupees': 577.34, 'points_equivalent': 11.55}",2021
2021-11-29,True,,17150.0,17068.75,2021-12-02,2021-12-09,50,-162.1,-8105.0,566.82,11.34,False,-14.299,"{'brokerage': 160.0, 'stt': 35.08, 'exchange_turnover': 35.43, 'sebi_turnover': 0.07, 'stamp_duty': 1.05, 'gst': 35.19, 'slippage': 300.0, 'total_rupees': 566.82, 'points_equivalent': 11.34}",2021
2021-11-30,True,,17050.0,17009.9,2021-12-02,2021-12-09,50,-207.05,-10352.5,560.96,11.22,False,-18.455,"{'brokerage': 160.0, 'stt': 32.44, 'exchange_turnover': 32.77, 'sebi_turnover': 0.06, 'stamp_duty': 0.97, 'gst': 34.71, 'slippage': 300.0, 'total_rupees': 560.96, 'points_equivalent': 11.22}",2021
2021-12-01,True,,17200.0,17177.4,2021-12-02,2021-12-09,50,-219.1,-10955.0,543.39,10.87,False,-20.16,"{'brokerage': 160.0, 'stt': 24.55, 'exchange_turnover': 24.79, 'sebi_turnover': 0.05, 'stamp_duty': 0.74, 'gst': 33.27, 'slippage': 300.0, 'total_rupees': 543.39, 'points_equivalent': 10.87}",2021
2021-12-02,True,,17400.0,17390.85,2021-12-02,2021-12-09,50,-283.9,-14195.0,523.61,10.47,False,-27.11,"{'brokerage': 160.0, 'stt': 15.65, 'exchange_turnover': 15.81, 'sebi_turnover': 0.03, 'stamp_duty': 0.47, 'gst': 31.65, 'slippage': 300.0, 'total_rupees': 523.61, 'points_equivalent': 10.47}",2021
2021-12-03,True,,17250.0,17210.85,2021-12-09,2021-12-16,50,-131.1,-6555.0,568.02,11.36,False,-11.54,"{'brokerage': 160.0, 'stt': 35.62, 'exchange_turnover': 35.98, 'sebi_turnover': 0.07, 'stamp_duty': 1.07, 'gst': 35.29, 'slippage': 300.0, 'total_rupees': 568.02, 'points_equivalent': 11.36}",2021
2021-12-06,True,,16950.0,16931.9,2021-12-09,2021-12-16,50,-171.85,-8592.5,565.29,11.31,False,-15.2,"{'brokerage': 160.0, 'stt': 34.39, 'exchange_turnover': 34.74, 'sebi_turnover': 0.07, 'stamp_duty': 1.03, 'gst': 35.06, 'slippage': 300.0, 'total_rupees': 565.29, 'points_equivalent': 11.31}",2021
2021-12-07,True,,17200.0,17189.3,2021-12-09,2021-12-16,50,-175.45,-8772.5,550.7,11.01,False,-15.93,"{'brokerage': 160.0, 'stt': 27.83, 'exchange_turnover': 28.11, 'sebi_turnover': 0.06, 'stamp_duty': 0.83, 'gst': 33.87, 'slippage': 300.0, 'total_rupees': 550.7, 'points_equivalent': 11.01}",2021
2021-12-08,True,,17500.0,17474.85,2021-12-09,2021-12-16,50,-189.4,-9470.0,536.16,10.72,False,-17.663,"{'brokerage': 160.0, 'stt': 21.3, 'exchange_turnover': 21.51, 'sebi_turnover': 0.04, 'stamp_duty': 0.64, 'gst': 32.68, 'slippage': 300.0, 'total_rupees': 536.16, 'points_equivalent': 10.72}",2021
2021-12-09,True,,17500.0,17515.75,2021-12-09,2021-12-16,50,-255.75,-12787.5,521.81,10.44,False,-24.506,"{'brokerage': 160.0, 'stt': 14.84, 'exchange_turnover': 14.99, 'sebi_turnover': 0.03, 'stamp_duty': 0.45, 'gst': 31.5, 'slippage': 300.0, 'total_rupees': 521.81, 'points_equivalent': 10.44}",2021
2021-12-10,True,,17550.0,17523.35,2021-12-16,2021-12-23,50,-121.65,-6082.5,556.85,11.14,False,-10.923,"{'brokerage': 160.0, 'stt': 30.6, 'exchange_turnover': 30.9, 'sebi_turnover': 0.06, 'stamp_duty': 0.92, 'gst': 34.37, 'slippage': 300.0, 'total_rupees': 556.85, 'points_equivalent': 11.14}",2021
2021-12-13,True,,17450.0,17408.4,2021-12-16,2021-12-23,50,-140.05,-7002.5,555.93,11.12,False,-12.596,"{'brokerage': 160.0, 'stt': 30.18, 'exchange_turnover': 30.48, 'sebi_turnover': 0.06, 'stamp_duty': 0.91, 'gst': 34.3, 'slippage': 300.0, 'total_rupees': 555.93, 'points_equivalent': 11.12}",2021
2021-12-14,True,,17350.0,17331.4,2021-12-16,2021-12-23,50,-169.65,-8482.5,549.9,11.0,False,-15.426,"{'brokerage': 160.0, 'stt': 27.47, 'exchange_turnover': 27.75, 'sebi_turnover': 0.05, 'stamp_duty': 0.82, 'gst': 33.8, 'slippage': 300.0, 'total_rupees': 549.9, 'points_equivalent': 11.0}",2021
2021-12-15,True,,17250.0,17235.85,2021-12-16,2021-12-23,50,-216.95,-10847.5,545.94,10.92,False,-19.869,"{'brokerage': 160.0, 'stt': 25.69, 'exchange_turnover': 25.95, 'sebi_turnover': 0.05, 'stamp_duty': 0.77, 'gst': 33.48, 'slippage': 300.0, 'total_rupees': 545.94, 'points_equivalent': 10.92}",2021
2021-12-16,True,,17250.0,17238.35,2021-12-16,2021-12-23,50,-272.3,-13615.0,522.52,10.45,False,-26.056,"{'brokerage': 160.0, 'stt': 15.16, 'exchange_turnover': 15.31, 'sebi_turnover': 0.03, 'stamp_duty': 0.45, 'gst': 31.56, 'slippage': 300.0, 'total_rupees': 522.52, 'points_equivalent': 10.45}",2021
2021-12-17,True,,17000.0,17006.35,2021-12-23,2021-12-30,50,-114.55,-5727.5,565.41,11.31,False,-10.13,"{'brokerage': 160.0, 'stt': 34.44, 'exchange_turnover': 34.79, 'sebi_turnover': 0.07, 'stamp_duty': 1.03, 'gst': 35.07, 'slippage': 300.0, 'total_rupees': 565.41, 'points_equivalent': 11.31}",2021
2021-12-20,True,,16700.0,16624.4,2021-12-23,2021-12-30,50,-143.5,-7175.0,563.88,11.28,False,-12.724,"{'brokerage': 160.0, 'stt': 33.76, 'exchange_turnover': 34.09, 'sebi_turnover': 0.07, 'stamp_duty': 1.01, 'gst': 34.95, 'slippage': 300.0, 'total_rupees': 563.88, 'points_equivalent': 11.28}",2021
2021-12-21,True,,16800.0,16782.5,2021-12-23,2021-12-30,50,-147.15,-7357.5,551.4,11.03,False,-13.343,"{'brokerage': 160.0, 'stt': 28.15, 'exchange_turnover': 28.43, 'sebi_turnover': 0.06, 'stamp_duty': 0.84, 'gst': 33.93, 'slippage': 300.0, 'total_rupees': 551.4, 'points_equivalent': 11.03}",2021
2021-12-22,True,,16950.0,16956.65,2021-12-23,2021-12-30,50,-186.85,-9342.5,537.28,10.75,False,-17.389,"{'brokerage': 160.0, 'stt': 21.8, 'exchange_turnover': 22.02, 'sebi_turnover': 0.04, 'stamp_duty': 0.65, 'gst': 32.77, 'slippage': 300.0, 'total_rupees': 537.28, 'points_equivalent': 10.75}",2021
2021-12-23,True,,17100.0,17080.7,2021-12-23,2021-12-30,50,-254.4,-12720.0,521.85,10.44,False,-24.375,"{'brokerage': 160.0, 'stt': 14.86, 'exchange_turnover': 15.01, 'sebi_turnover': 0.03, 'stamp_duty': 0.45, 'gst': 31.51, 'slippage': 300.0, 'total_rupees': 521.85, 'points_equivalent': 10.44}",2021
2021-12-24,True,,17050.0,17006.1,2021-12-30,2022-01-06,50,-130.1,-6505.0,561.19,11.22,False,-11.591,"{'brokerage': 160.0, 'stt': 32.55, 'exchange_turnover': 32.87, 'sebi_turnover': 0.07, 'stamp_duty': 0.98, 'gst': 34.73, 'slippage': 300.0, 'total_rupees': 561.19, 'points_equivalent': 11.22}",2021
2021-12-27,True,,17150.0,17100.65,2021-12-30,2022-01-06,50,-156.65,-7832.5,556.41,11.13,False,-14.077,"{'brokerage': 160.0, 'stt': 30.4, 'exchange_turnover': 30.7, 'sebi_turnover': 0.06, 'stamp_duty': 0.91, 'gst': 34.34, 'slippage': 300.0, 'total_rupees': 556.41, 'points_equivalent': 11.13}",2021
2021-12-28,True,,17250.0,17243.85,2021-12-30,2022-01-06,50,-181.0,-9050.0,544.84,10.9,False,-16.61,"{'brokerage': 160.0, 'stt': 25.2, 'exchange_turnover': 25.45, 'sebi_turnover': 0.05, 'stamp_duty': 0.76, 'gst': 33.39, 'slippage': 300.0, 'total_rupees': 544.84, 'points_equivalent': 10.9}",2021
2021-12-29,True,,17250.0,17222.65,2021-12-30,2022-01-06,50,-201.1,-10055.0,536.55,10.73,False,-18.74,"{'brokerage': 160.0, 'stt': 21.47, 'exchange_turnover': 21.68, 'sebi_turnover': 0.04, 'stamp_duty': 0.64, 'gst': 32.71, 'slippage': 300.0, 'total_rupees': 536.55, 'points_equivalent': 10.73}",2021
2021-12-30,True,,17200.0,17201.2,2021-12-30,2022-01-06,50,-277.4,-13870.0,522.52,10.45,False,-26.544,"{'brokerage': 160.0, 'stt': 15.16, 'exchange_turnover': 15.31, 'sebi_turnover': 0.03, 'stamp_duty': 0.45, 'gst': 31.56, 'slippage': 300.0, 'total_rupees': 522.52, 'points_equivalent': 10.45}",2021
2021-12-31,True,,17400.0,17364.15,2022-01-06,2022-01-13,50,-134.5,-6725.0,557.33,11.15,False,-12.066,"{'brokerage': 160.0, 'stt': 30.81, 'exchange_turnover': 31.12, 'sebi_turnover': 0.06, 'stamp_duty': 0.92, 'gst': 34.41, 'slippage': 300.0, 'total_rupees': 557.33, 'points_equivalent': 11.15}",2021
2022-01-03,True,,17650.0,17634.2,2022-01-06,2022-01-13,50,-141.1,-7055.0,551.2,11.02,False,-12.799,"{'brokerage': 160.0, 'stt': 28.05, 'exchange_turnover': 28.34, 'sebi_turnover': 0.06, 'stamp_duty': 0.84, 'gst': 33.91, 'slippage': 300.0, 'total_rupees': 551.2, 'points_equivalent': 11.02}",2022
2022-01-04,True,,17800.0,17804.0,2022-01-06,2022-01-13,50,-156.85,-7842.5,539.92,10.8,False,-14.525,"{'brokerage': 160.0, 'stt': 22.98, 'exchange_turnover': 23.21, 'sebi_turnover': 0.05, 'stamp_duty': 0.69, 'gst': 32.99, 'slippage': 300.0, 'total_rupees': 539.92, 'points_equivalent': 10.8}",2022
2022-01-05,True,,17950.0,17927.35,2022-01-06,2022-01-13,50,-204.1,-10205.0,535.71,10.71,False,-19.049,"{'brokerage': 160.0, 'stt': 21.09, 'exchange_turnover': 21.3, 'sebi_turnover': 0.04, 'stamp_duty': 0.63, 'gst': 32.64, 'slippage': 300.0, 'total_rupees': 535.71, 'points_equivalent': 10.71}",2022
2022-01-06,True,,17750.0,17749.95,2022-01-06,2022-01-13,50,-305.2,-15260.0,525.22,10.5,False,-29.054,"{'brokerage': 160.0, 'stt': 16.38, 'exchange_turnover': 16.54, 'sebi_turnover': 0.03, 'stamp_duty': 0.49, 'gst': 31.78, 'slippage': 300.0, 'total_rupees': 525.22, 'points_equivalent': 10.5}",2022
2022-01-07,True,,17850.0,17821.7,2022-01-13,2022-01-20,50,-133.25,-6662.5,564.74,11.29,False,-11.797,"{'brokerage': 160.0, 'stt': 34.14, 'exchange_turnover': 34.48, 'sebi_turnover': 0.07, 'stamp_duty': 1.02, 'gst': 35.02, 'slippage': 300.0, 'total_rupees': 564.74, 'points_equivalent': 11.29}",2022
2022-01-10,True,,18050.0,18014.55,2022-01-13,2022-01-20,50,-152.75,-7637.5,554.77,11.1,False,-13.767,"{'brokerage': 160.0, 'stt': 29.66, 'exchange_turnover': 29.96, 'sebi_turnover': 0.06, 'stamp_duty': 0.89, 'gst': 34.2, 'slippage': 300.0, 'total_rupees': 554.77, 'points_equivalent': 11.1}",2022
2022-01-11,True,,18100.0,18058.2,2022-01-13,2022-01-20,50,-172.4,-8620.0,548.7,10.97,False,-15.71,"{'brokerage': 160.0, 'stt': 26.93, 'exchange_turnover': 27.2, 'sebi_turnover': 0.05, 'stamp_duty': 0.81, 'gst': 33.71, 'slippage': 300.0, 'total_rupees': 548.7, 'points_equivalent': 10.97}",2022
2022-01-12,True,,18250.0,18216.25,2022-01-13,2022-01-20,50,-192.45,-9622.5,536.64,10.73,False,-17.931,"{'brokerage': 160.0, 'stt': 21.51, 'exchange_turnover': 21.72, 'sebi_turnover': 0.04, 'stamp_duty': 0.65, 'gst': 32.72, 'slippage': 300.0, 'total_rupees': 536.64, 'points_equivalent': 10.73}",2022
2022-01-13,True,,18250.0,18252.45,2022-01-13,2022-01-20,50,-270.95,-13547.5,521.3,10.43,False,-25.988,"{'brokerage': 160.0, 'stt': 14.61, 'exchange_turnover': 14.76, 'sebi_turnover': 0.03, 'stamp_duty': 0.44, 'gst': 31.46, 'slippage': 300.0, 'total_rupees': 521.3, 'points_equivalent': 10.43}",2022
2022-01-14,True,,18300.0,18278.65,2022-01-20,2022-01-27,50,-119.0,-5950.0,558.47,11.17,False,-10.654,"{'brokerage': 160.0, 'stt': 31.32, 'exchange_turnover': 31.64, 'sebi_turnover': 0.06, 'stamp_duty': 0.94, 'gst': 34.51, 'slippage': 300.0, 'total_rupees': 558.47, 'points_equivalent': 11.17}",2022
2022-01-17,True,,18350.0,18322.9,2022-01-20,2022-01-27,50,-139.65,-6982.5,549.28,10.99,False,-12.712,"{'brokerage': 160.0, 'stt': 27.19, 'exchange_turnover': 27.46, 'sebi_turnover': 0.05, 'stamp_duty': 0.82, 'gst': 33.75, 'slippage': 300.0, 'total_rupees': 549.28, 'points_equivalent': 10.99}",2022
2022-01-18,True,,18150.0,18120.5,2022-01-20,2022-01-27,50,-165.7,-8285.0,550.58,11.01,False,-15.048,"{'brokerage': 160.0, 'stt': 27.78, 'exchange_turnover': 28.05, 'sebi_turnover': 0.06, 'stamp_duty': 0.83, 'gst': 33.86, 'slippage': 300.0, 'total_rupees': 550.58, 'points_equivalent': 11.01}",2022
2022-01-19,True,,17950.0,17952.75,2022-01-20,2022-01-27,50,-204.35,-10217.5,537.69,10.75,False,-19.003,"{'brokerage': 160.0, 'stt': 21.98, 'exchange_turnover': 22.2, 'sebi_turnover': 0.04, 'stamp_duty': 0.66, 'gst': 32.8, 'slippage': 300.0, 'total_rupees': 537.69, 'points_equivalent': 10.75}",2022
2022-01-20,True,,17750.0,17749.25,2022-01-20,2022-01-27,50,-288.15,-14407.5,523.66,10.47,False,-27.513,"{'brokerage': 160.0, 'stt': 15.67, 'exchange_turnover': 15.83, 'sebi_turnover': 0.03, 'stamp_duty': 0.47, 'gst': 31.65, 'slippage': 300.0, 'total_rupees': 523.66, 'points_equivalent': 10.47}",2022
2022-01-21,True,,17650.0,17620.95,2022-01-27,2022-02-03,50,-248.05,-12402.5,580.94,11.62,False,-21.349,"{'brokerage': 160.0, 'stt': 41.43, 'exchange_turnover': 41.84, 'sebi_turnover': 0.08, 'stamp_duty': 1.24, 'gst': 36.35, 'slippage': 300.0, 'total_rupees': 580.94, 'points_equivalent': 11.62}",2022
2022-01-24,True,,17200.0,17156.4,2022-01-27,2022-02-03,50,-330.35,-16517.5,595.18,11.9,False,-27.752,"{'brokerage': 160.0, 'stt': 47.83, 'exchange_turnover': 48.31, 'sebi_turnover': 0.1, 'stamp_duty': 1.43, 'gst': 37.51, 'slippage': 300.0, 'total_rupees': 595.18, 'points_equivalent': 11.9}",2022
2022-01-25,True,,17300.0,17283.55,2022-01-27,2022-02-03,50,-381.1,-19055.0,575.12,11.5,False,-33.132,"{'brokerage': 160.0, 'stt': 38.81, 'exchange_turnover': 39.2, 'sebi_turnover': 0.08, 'stamp_duty': 1.16, 'gst': 35.87, 'slippage': 300.0, 'total_rupees': 575.12, 'points_equivalent': 11.5}",2022
2022-01-27,True,,17100.0,17099.45,2022-01-27,2022-02-03,50,-502.45,-25122.5,548.87,10.98,False,-45.771,"{'brokerage': 160.0, 'stt': 27.01, 'exchange_turnover': 27.28, 'sebi_turnover': 0.05, 'stamp_duty': 0.81, 'gst': 33.72, 'slippage': 300.0, 'total_rupees': 548.87, 'points_equivalent': 10.98}",2022
2022-01-28,True,,17100.0,17113.0,2022-02-03,2022-02-10,50,-154.8,-7740.0,616.16,12.32,False,-12.562,"{'brokerage': 160.0, 'stt': 57.26, 'exchange_turnover': 57.83, 'sebi_turnover': 0.11, 'stamp_duty': 1.72, 'gst': 39.23, 'slippage': 300.0, 'total_rupees': 616.16, 'points_equivalent': 12.32}",2022
2022-01-31,True,,17400.0,17350.7,2022-02-03,2022-02-10,50,-174.2,-8710.0,612.97,12.26,False,-14.21,"{'brokerage': 160.0, 'stt': 55.83, 'exchange_turnover': 56.39, 'sebi_turnover': 0.11, 'stamp_duty': 1.67, 'gst': 38.97, 'slippage': 300.0, 'total_rupees': 612.97, 'points_equivalent': 12.26}",2022
2022-02-01,True,,17600.0,17574.5,2022-02-03,2022-02-10,50,-219.65,-10982.5,574.28,11.49,False,-19.124,"{'brokerage': 160.0, 'stt': 38.43, 'exchange_turnover': 38.82, 'sebi_turnover': 0.08, 'stamp_duty': 1.15, 'gst': 35.8, 'slippage': 300.0, 'total_rupees': 574.28, 'points_equivalent': 11.49}",2022
2022-02-02,True,,17800.0,17783.85,2022-02-03,2022-02-10,50,-221.75,-11087.5,543.14,10.86,False,-20.414,"{'brokerage': 160.0, 'stt': 24.43, 'exchange_turnover': 24.68, 'sebi_turnover': 0.05, 'stamp_duty': 0.73, 'gst': 33.25, 'slippage': 300.0, 'total_rupees': 543.14, 'points_equivalent': 10.86}",2022
2022-02-03,True,,17600.0,17584.15,2022-02-03,2022-02-10,50,-323.1,-16155.0,530.3,10.61,False,-30.464,"{'brokerage': 160.0, 'stt': 18.66, 'exchange_turnover': 18.85, 'sebi_turnover': 0.04, 'stamp_duty': 0.56, 'gst': 32.2, 'slippage': 300.0, 'total_rupees': 530.3, 'points_equivalent': 10.61}",2022
2022-02-04,True,,17550.0,17524.35,2022-02-10,2022-02-17,50,-163.55,-8177.5,572.46,11.45,False,-14.285,"{'brokerage': 160.0, 'stt': 37.61, 'exchange_turnover': 37.99, 'sebi_turnover': 0.08, 'stamp_duty': 1.13, 'gst': 35.65, 'slippage': 300.0, 'total_rupees': 572.46, 'points_equivalent': 11.45}",2022
2022-02-07,True,,17250.0,17215.95,2022-02-10,2022-02-17,50,-182.55,-9127.5,568.88,11.38,False,-16.045,"{'brokerage': 160.0, 'stt': 36.0, 'exchange_turnover': 36.36, 'sebi_turnover': 0.07, 'stamp_duty': 1.08, 'gst': 35.36, 'slippage': 300.0, 'total_rupees': 568.88, 'points_equivalent': 11.38}",2022
2022-02-08,True,,17300.0,17264.45,2022-02-10,2022-02-17,50,-193.4,-9670.0,553.09,11.06,False,-17.484,"{'brokerage': 160.0, 'stt': 28.91, 'exchange_turnover': 29.19, 'sebi_turnover': 0.06, 'stamp_duty': 0.87, 'gst': 34.07, 'slippage': 300.0, 'total_rupees': 553.09, 'points_equivalent': 11.06}",2022
2022-02-09,True,,17500.0,17472.15,2022-02-10,2022-02-17,50,-194.1,-9705.0,536.84,10.74,False,-18.078,"{'brokerage': 160.0, 'stt': 21.6, 'exchange_turnover': 21.82, 'sebi_turnover': 0.04, 'stamp_duty': 0.65, 'gst': 32.73, 'slippage': 300.0, 'total_rupees': 536.84, 'points_equivalent': 10.74}",2022
2022-02-10,True,,17600.0,17612.4,2022-02-10,2022-02-17,50,-266.55,-13327.5,522.22,10.44,False,-25.521,"{'brokerage': 160.0, 'stt': 15.03, 'exchange_turnover': 15.18, 'sebi_turnover': 0.03, 'stamp_duty': 0.45, 'gst': 31.54, 'slippage': 300.0, 'total_rupees': 522.22, 'points_equivalent': 10.44}",2022
2022-02-11,True,,17400.0,17366.55,2022-02-17,2022-02-24,50,-164.4,-8220.0,572.08,11.44,False,-14.369,"{'brokerage': 160.0, 'stt': 37.45, 'exchange_turnover': 37.82, 'sebi_turnover': 0.07, 'stamp_duty': 1.12, 'gst': 35.62, 'slippage': 300.0, 'total_rupees': 572.08, 'points_equivalent': 11.44}",2022
2022-02-14,True,,16900.0,16849.95,2022-02-17,2022-02-24,50,-186.1,-9305.0,586.31,11.73,False,-15.87,"{'brokerage': 160.0, 'stt': 43.84, 'exchange_turnover': 44.28, 'sebi_turnover': 0.09, 'stamp_duty': 1.32, 'gst': 36.79, 'slippage': 300.0, 'total_rupees': 586.31, 'points_equivalent': 11.73}",2022
2022-02-15,True,,17400.0,17363.8,2022-02-17,2022-02-24,50,-208.65,-10432.5,564.76,11.3,False,-18.472,"{'brokerage': 160.0, 'stt': 34.15, 'exchange_turnover': 34.49, 'sebi_turnover': 0.07, 'stamp_duty': 1.02, 'gst': 35.02, 'slippage': 300.0, 'total_rupees': 564.76, 'points_equivalent': 11.3}",2022
2022-02-16,True,,17350.0,17330.9,2022-02-17,2022-02-24,50,-252.75,-12637.5,552.92,11.06,False,-22.856,"{'brokerage': 160.0, 'stt': 28.83, 'exchange_turnover': 29.12, 'sebi_turnover': 0.06, 'stamp_duty': 0.86, 'gst': 34.05, 'slippage': 300.0, 'total_rupees': 552.92, 'points_equivalent': 11.06}",2022
2022-02-17,True,,17300.0,17314.1,2022-02-17,2022-02-24,50,-397.4,-19870.0,537.4,10.75,False,-36.974,"{'brokerage': 160.0, 'stt': 21.85, 'exchange_turnover': 22.07, 'sebi_turnover': 0.04, 'stamp_duty': 0.66, 'gst': 32.78, 'slippage': 300.0, 'total_rupees': 537.4, 'points_equivalent': 10.75}",2022
2022-02-18,True,,17350.0,17282.15,2022-02-24,2022-03-03,50,-176.3,-8815.0,593.2,11.86,False,-14.86,"{'brokerage': 160.0, 'stt': 46.94, 'exchange_turnover': 47.41, 'sebi_turnover': 0.09, 'stamp_duty': 1.41, 'gst': 37.35, 'slippage': 300.0, 'total_rupees': 593.2, 'points_equivalent': 11.86}",2022
2022-02-21,True,,17250.0,17207.3,2022-02-24,2022-03-03,50,-215.3,-10765.0,579.29,11.59,False,-18.583,"{'brokerage': 160.0, 'stt': 40.69, 'exchange_turnover': 41.09, 'sebi_turnover': 0.08, 'stamp_duty': 1.22, 'gst': 36.21, 'slippage': 300.0, 'total_rupees': 579.29, 'points_equivalent': 11.59}",2022
2022-02-22,True,,17100.0,17075.15,2022-02-24,2022-03-03,50,-266.25,-13312.5,579.21,11.58,False,-22.984,"{'brokerage': 160.0, 'stt': 40.65, 'exchange_turnover': 41.05, 'sebi_turnover': 0.08, 'stamp_duty': 1.22, 'gst': 36.2, 'slippage': 300.0, 'total_rupees': 579.21, 'points_equivalent': 11.58}",2022
2022-02-23,True,,17100.0,17081.7,2022-02-24,2022-03-03,50,-276.65,-13832.5,556.06,11.12,False,-24.876,"{'brokerage': 160.0, 'stt': 30.24, 'exchange_turnover': 30.54, 'sebi_turnover': 0.06, 'stamp_duty': 0.91, 'gst': 34.31, 'slippage': 300.0, 'total_rupees': 556.06, 'points_equivalent': 11.12}",2022
2022-02-24,True,,16250.0,16252.75,2022-02-24,2022-03-03,50,-665.45,-33272.5,567.97,11.36,False,-58.581,"{'brokerage': 160.0, 'stt': 35.6, 'exchange_turnover': 35.95, 'sebi_turnover': 0.07, 'stamp_duty': 1.07, 'gst': 35.28, 'slippage': 300.0, 'total_rupees': 567.97, 'points_equivalent': 11.36}",2022
2022-02-25,True,,16750.0,16641.6,2022-03-03,2022-03-10,50,-244.25,-12212.5,621.12,12.42,False,-19.662,"{'brokerage': 160.0, 'stt': 59.49, 'exchange_turnover': 60.09, 'sebi_turnover': 0.12, 'stamp_duty': 1.78, 'gst': 39.64, 'slippage': 300.0, 'total_rupees': 621.12, 'points_equivalent': 12.42}",2022
2022-02-28,True,,16900.0,16777.85,2022-03-03,2022-03-10,50,-302.8,-15140.0,618.1,12.36,False,-24.494,"{'brokerage': 160.0, 'stt': 58.13, 'exchange_turnover': 58.72, 'sebi_turnover': 0.12, 'stamp_duty': 1.74, 'gst': 39.39, 'slippage': 300.0, 'total_rupees': 618.1, 'points_equivalent': 12.36}",2022
2022-03-02,True,,16650.0,16595.65,2022-03-03,2022-03-10,50,-391.7,-19585.0,594.74,11.89,False,-32.93,"{'brokerage': 160.0, 'stt': 47.63, 'exchange_turnover': 48.11, 'sebi_turnover': 0.1, 'stamp_duty': 1.43, 'gst': 37.48, 'slippage': 300.0, 'total_rupees': 594.74, 'points_equivalent': 11.89}",2022
2022-03-03,True,,16500.0,16494.05,2022-03-03,2022-03-10,50,-515.1,-25755.0,551.28,11.03,False,-46.719,"{'brokerage': 160.0, 'stt': 28.09, 'exchange_turnover': 28.37, 'sebi_turnover': 0.06, 'stamp_duty': 0.84, 'gst': 33.92, 'slippage': 300.0, 'total_rupees': 551.28, 'points_equivalent': 11.03}",2022
2022-03-04,True,,16300.0,16248.2,2022-03-10,2022-03-17,50,-199.35,-9967.5,619.37,12.39,False,-16.093,"{'brokerage': 160.0, 'stt': 58.71, 'exchange_turnover': 59.29, 'sebi_turnover': 0.12, 'stamp_duty': 1.76, 'gst': 39.49, 'slippage': 300.0, 'total_rupees': 619.37, 'points_equivalent': 12.39}",2022
2022-03-07,True,,15900.0,15860.75,2022-03-10,2022-03-17,50,-239.65,-11982.5,617.88,12.36,False,-19.393,"{'brokerage': 160.0, 'stt': 58.04, 'exchange_turnover': 58.62, 'sebi_turnover': 0.12, 'stamp_duty': 1.74, 'gst': 39.37, 'slippage': 300.0, 'total_rupees': 617.88, 'points_equivalent': 12.36}",2022
2022-03-08,True,,16000.0,16001.3,2022-03-10,2022-03-17,50,-277.25,-13862.5,601.26,12.03,False,-23.056,"{'brokerage': 160.0, 'stt': 50.56, 'exchange_turnover': 51.07, 'sebi_turnover': 0.1, 'stamp_duty': 1.52, 'gst': 38.01, 'slippage': 300.0, 'total_rupees': 601.26, 'points_equivalent': 12.03}",2022
2022-03-09,True,,16400.0,16359.0,2022-03-10,2022-03-17,50,-324.3,-16215.0,577.11,11.54,False,-28.097,"{'brokerage': 160.0, 'stt': 39.7, 'exchange_turnover': 40.1, 'sebi_turnover': 0.08, 'stamp_duty': 1.19, 'gst': 36.03, 'slippage': 300.0, 'total_rupees': 577.11, 'points_equivalent': 11.54}",2022
2022-03-10,True,,16600.0,16597.75,2022-03-10,2022-03-17,50,-480.8,-24040.0,546.66,10.93,False,-43.976,"{'brokerage': 160.0, 'stt': 26.02, 'exchange_turnover': 26.28, 'sebi_turnover': 0.05, 'stamp_duty': 0.78, 'gst': 33.54, 'slippage': 300.0, 'total_rupees': 546.66, 'points_equivalent': 10.93}",2022
2022-03-11,True,,16700.0,16631.1,2022-03-17,2022-03-24,50,-175.85,-8792.5,608.6,12.17,False,-14.447,"{'brokerage': 160.0, 'stt': 53.86, 'exchange_turnover': 54.4, 'sebi_turnover': 0.11, 'stamp_duty': 1.62, 'gst': 38.61, 'slippage': 300.0, 'total_rupees': 608.6, 'points_equivalent': 12.17}",2022
2022-03-14,True,,16950.0,16872.85,2022-03-17,2022-03-24,50,-193.35,-9667.5,600.1,12.0,False,-16.11,"{'brokerage': 160.0, 'stt': 50.04, 'exchange_turnover': 50.54, 'sebi_turnover': 0.1, 'stamp_duty': 1.5, 'gst': 37.92, 'slippage': 300.0, 'total_rupees': 600.1, 'points_equivalent': 12.0}",2022
2022-03-15,True,,16700.0,16655.5,2022-03-17,2022-03-24,50,-267.65,-13382.5,597.97,11.96,False,-22.38,"{'brokerage': 160.0, 'stt': 49.08, 'exchange_turnover': 49.57, 'sebi_turnover': 0.1, 'stamp_duty': 1.47, 'gst': 37.74, 'slippage': 300.0, 'total_rupees': 597.97, 'points_equivalent': 11.96}",2022
2022-03-16,True,,17000.0,16986.55,2022-03-17,2022-03-24,50,-263.7,-13185.0,573.79,11.48,False,-22.979,"{'brokerage': 160.0, 'stt': 38.21, 'exchange_turnover': 38.59, 'sebi_turnover': 0.08, 'stamp_duty': 1.15, 'gst': 35.76, 'slippage': 300.0, 'total_rupees': 573.79, 'points_equivalent': 11.48}",2022
2022-03-17,True,,17300.0,17287.45,2022-03-17,2022-03-24,50,-380.1,-19005.0,536.15,10.72,False,-35.447,"{'brokerage': 160.0, 'stt': 21.29, 'exchange_turnover': 21.5, 'sebi_turnover': 0.04, 'stamp_duty': 0.64, 'gst': 32.68, 'slippage': 300.0, 'total_rupees': 536.15, 'points_equivalent': 10.72}",2022
2022-03-21,True,,17150.0,17139.15,2022-03-24,2022-03-31,50,-219.0,-10950.0,596.99,11.94,False,-18.342,"{'brokerage': 160.0, 'stt': 48.65, 'exchange_turnover': 49.13, 'sebi_turnover': 0.1, 'stamp_duty': 1.46, 'gst': 37.66, 'slippage': 300.0, 'total_rupees': 596.99, 'points_equivalent': 11.94}",2022
2022-03-22,True,,17350.0,17344.75,2022-03-24,2022-03-31,50,-247.15,-12357.5,577.53,11.55,False,-21.397,"{'brokerage': 160.0, 'stt': 39.89, 'exchange_turnover': 40.29, 'sebi_turnover': 0.08, 'stamp_duty': 1.2, 'gst': 36.07, 'slippage': 300.0, 'total_rupees': 577.53, 'points_equivalent': 11.55}",2022
2022-03-23,True,,17300.0,17257.25,2022-03-24,2022-03-31,50,-306.85,-15342.5,565.95,11.32,False,-27.109,"{'brokerage': 160.0, 'stt': 34.69, 'exchange_turnover': 35.03, 'sebi_turnover': 0.07, 'stamp_duty': 1.04, 'gst': 35.12, 'slippage': 300.0, 'total_rupees': 565.95, 'points_equivalent': 11.32}",2022
2022-03-24,True,,17250.0,17229.15,2022-03-24,2022-03-31,50,-389.25,-19462.5,538.08,10.76,False,-36.17,"{'brokerage': 160.0, 'stt': 22.16, 'exchange_turnover': 22.38, 'sebi_turnover': 0.04, 'stamp_duty': 0.66, 'gst': 32.84, 'slippage': 300.0, 'total_rupees': 538.08, 'points_equivalent': 10.76}",2022
2022-03-25,True,,17250.0,17188.35,2022-03-31,2022-04-07,50,-201.4,-10070.0,590.39,11.81,False,-17.057,"{'brokerage': 160.0, 'stt': 45.68, 'exchange_turnover': 46.13, 'sebi_turnover': 0.09, 'stamp_duty': 1.37, 'gst': 37.12, 'slippage': 300.0, 'total_rupees': 590.39, 'points_equivalent': 11.81}",2022
2022-03-28,True,,17300.0,17267.05,2022-03-31,2022-04-07,50,-213.15,-10657.5,570.74,11.41,False,-18.673,"{'brokerage': 160.0, 'stt': 36.84, 'exchange_turnover': 37.21, 'sebi_turnover': 0.07, 'stamp_duty': 1.11, 'gst': 35.51, 'slippage': 300.0, 'total_rupees': 570.74, 'points_equivalent': 11.41}",2022
2022-03-29,True,,17400.0,17367.65,2022-03-31,2022-04-07,50,-224.8,-11240.0,553.51,11.07,False,-20.307,"{'brokerage': 160.0, 'stt': 29.09, 'exchange_turnover': 29.39, 'sebi_turnover': 0.06, 'stamp_duty': 0.87, 'gst': 34.1, 'slippage': 300.0, 'total_rupees': 553.51, 'points_equivalent': 11.07}",2022
2022-03-30,True,,17550.0,17517.75,2022-03-31,2022-04-07,50,-237.9,-11895.0,544.63,10.89,False,-21.841,"{'brokerage': 160.0, 'stt': 25.1, 'exchange_turnover': 25.35, 'sebi_turnover': 0.05, 'stamp_duty': 0.75, 'gst': 33.37, 'slippage': 300.0, 'total_rupees': 544.63, 'points_equivalent': 10.89}",2022
2022-03-31,True,,17450.0,17467.75,2022-03-31,2022-04-07,50,-332.55,-16627.5,530.64,10.61,False,-31.335,"{'brokerage': 160.0, 'stt': 18.81, 'exchange_turnover': 19.0, 'sebi_turnover': 0.04, 'stamp_duty': 0.56, 'gst': 32.23, 'slippage': 300.0, 'total_rupees': 530.64, 'points_equivalent': 10.61}",2022
2022-04-01,True,,17700.0,17678.05,2022-04-07,2022-04-13,50,-146.15,-7307.5,564.56,11.29,False,-12.944,"{'brokerage': 160.0, 'stt': 34.06, 'exchange_turnover': 34.4, 'sebi_turnover': 0.07, 'stamp_duty': 1.02, 'gst': 35.0, 'slippage': 300.0, 'total_rupees': 564.56, 'points_equivalent': 11.29}",2022
2022-04-04,True,,18050.0,18063.35,2022-04-07,2022-04-13,50,-156.5,-7825.0,555.5,11.11,False,-14.086,"{'brokerage': 160.0, 'stt': 29.99, 'exchange_turnover': 30.29, 'sebi_turnover': 0.06, 'stamp_duty': 0.9, 'gst': 34.26, 'slippage': 300.0, 'total_rupees': 555.5, 'points_equivalent': 11.11}",2022
2022-04-05,True,,18000.0,17980.4,2022-04-07,2022-04-13,50,-178.1,-8905.0,549.15,10.98,False,-16.216,"{'brokerage': 160.0, 'stt': 27.14, 'exchange_turnover': 27.41, 'sebi_turnover': 0.05, 'stamp_duty': 0.81, 'gst': 33.74, 'slippage': 300.0, 'total_rupees': 549.15, 'points_equivalent': 10.98}",2022
2022-04-06,True,,17850.0,17817.4,2022-04-07,2022-04-13,50,-208.9,-10445.0,539.9,10.8,False,-19.346,"{'brokerage': 160.0, 'stt': 22.98, 'exchange_turnover': 23.2, 'sebi_turnover': 0.05, 'stamp_duty': 0.69, 'gst': 32.99, 'slippage': 300.0, 'total_rupees': 539.9, 'points_equivalent': 10.8}",2022
2022-04-07,True,,17650.0,17643.65,2022-04-07,2022-04-13,50,-296.15,-14807.5,524.77,10.5,False,-28.217,"{'brokerage': 160.0, 'stt': 16.17, 'exchange_turnover': 16.33, 'sebi_turnover': 0.03, 'stamp_duty': 0.49, 'gst': 31.75, 'slippage': 300.0, 'total_rupees': 524.77, 'points_equivalent': 10.5}",2022
2022-04-08,True,,17850.0,17835.6,2022-04-13,2022-04-21,50,-156.8,-7840.0,562.82,11.26,False,-13.93,"{'brokerage': 160.0, 'stt': 33.28, 'exchange_turnover': 33.61, 'sebi_turnover': 0.07, 'stamp_duty': 1.0, 'gst': 34.86, 'slippage': 300.0, 'total_rupees': 562.82, 'points_equivalent': 11.26}",2022
2022-04-11,True,,17700.0,17683.35,2022-04-13,2022-04-21,50,-178.45,-8922.5,550.51,11.01,False,-16.208,"{'brokerage': 160.0, 'stt': 27.75, 'exchange_turnover': 28.02, 'sebi_turnover': 0.06, 'stamp_duty': 0.83, 'gst': 33.85, 'slippage': 300.0, 'total_rupees': 550.51, 'points_equivalent': 11.01}",2022
2022-04-12,True,,17550.0,17540.0,2022-04-13,2022-04-21,50,-193.75,-9687.5,536.68,10.73,False,-18.051,"{'brokerage': 160.0, 'stt': 21.53, 'exchange_turnover': 21.74, 'sebi_turnover': 0.04, 'stamp_duty': 0.65, 'gst': 32.72, 'slippage': 300.0, 'total_rupees': 536.68, 'points_equivalent': 10.73}",2022
2022-04-13,True,,17500.0,17481.9,2022-04-13,2022-04-21,50,-253.65,-12682.5,522.08,10.44,False,-24.292,"{'brokerage': 160.0, 'stt': 14.96, 'exchange_turnover': 15.11, 'sebi_turnover': 0.03, 'stamp_duty': 0.45, 'gst': 31.53, 'slippage': 300.0, 'total_rupees': 522.08, 'points_equivalent': 10.44}",2022
2022-04-18,True,,17250.0,17193.35,2022-04-21,2022-04-28,50,-154.6,-7730.0,561.5,11.23,False,-13.767,"{'brokerage': 160.0, 'stt': 32.69, 'exchange_turnover': 33.01, 'sebi_turnover': 0.07, 'stamp_duty': 0.98, 'gst': 34.75, 'slippage': 300.0, 'total_rupees': 561.5, 'points_equivalent': 11.23}",2022
2022-04-19,True,,16950.0,16959.9,2022-04-21,2022-04-28,50,-195.6,-9780.0,553.01,11.06,False,-17.685,"{'brokerage': 160.0, 'stt': 28.87, 'exchange_turnover': 29.16, 'sebi_turnover': 0.06, 'stamp_duty': 0.87, 'gst': 34.06, 'slippage': 300.0, 'total_rupees': 553.01, 'points_equivalent': 11.06}",2022
2022-04-20,True,,17150.0,17142.25,2022-04-21,2022-04-28,50,-216.15,-10807.5,541.76,10.84,False,-19.949,"{'brokerage': 160.0, 'stt': 23.81, 'exchange_turnover': 24.05, 'sebi_turnover': 0.05, 'stamp_duty': 0.71, 'gst': 33.14, 'slippage': 300.0, 'total_rupees': 541.76, 'points_equivalent': 10.84}",2022
2022-04-21,True,,17400.0,17391.4,2022-04-21,2022-04-28,50,-292.15,-14607.5,524.85,10.5,False,-27.832,"{'brokerage': 160.0, 'stt': 16.21, 'exchange_turnover': 16.37, 'sebi_turnover': 0.03, 'stamp_duty': 0.49, 'gst': 31.75, 'slippage': 300.0, 'total_rupees': 524.85, 'points_equivalent': 10.5}",2022
2022-04-22,True,,17250.0,17180.2,2022-04-28,2022-05-05,50,-146.5,-7325.0,569.08,11.38,False,-12.872,"{'brokerage': 160.0, 'stt': 36.09, 'exchange_turnover': 36.46, 'sebi_turnover': 0.07, 'stamp_duty': 1.08, 'gst': 35.38, 'slippage': 300.0, 'total_rupees': 569.08, 'points_equivalent': 11.38}",2022
2022-04-25,True,,17000.0,16954.05,2022-04-28,2022-05-05,50,-178.15,-8907.5,570.79,11.42,False,-15.606,"{'brokerage': 160.0, 'stt': 36.86, 'exchange_turnover': 37.23, 'sebi_turnover': 0.07, 'stamp_duty': 1.11, 'gst': 35.51, 'slippage': 300.0, 'total_rupees': 570.79, 'points_equivalent': 11.42}",2022
2022-04-26,True,,17200.0,17204.5,2022-04-28,2022-05-05,50,-173.9,-8695.0,550.06,11.0,False,-15.807,"{'brokerage': 160.0, 'stt': 27.55, 'exchange_turnover': 27.82, 'sebi_turnover': 0.06, 'stamp_duty': 0.83, 'gst': 33.82, 'slippage': 300.0, 'total_rupees': 550.06, 'points_equivalent': 11.0}",2022
2022-04-27,True,,17050.0,17055.25,2022-04-28,2022-05-05,50,-225.2,-11260.0,548.0,10.96,False,-20.547,"{'brokerage': 160.0, 'stt': 26.62, 'exchange_turnover': 26.88, 'sebi_turnover': 0.05, 'stamp_duty': 0.8, 'gst': 33.65, 'slippage': 300.0, 'total_rupees': 548.0, 'points_equivalent': 10.96}",2022
2022-04-28,True,,17250.0,17252.05,2022-04-28,2022-05-05,50,-304.0,-15200.0,525.58,10.51,False,-28.92,"{'brokerage': 160.0, 'stt': 16.54, 'exchange_turnover': 16.7, 'sebi_turnover': 0.03, 'stamp_duty': 0.5, 'gst': 31.81, 'slippage': 300.0, 'total_rupees': 525.58, 'points_equivalent': 10.51}",2022
2022-04-29,True,,17150.0,17132.45,2022-05-05,2022-05-12,50,-156.05,-7802.5,569.95,11.4,False,-13.69,"{'brokerage': 160.0, 'stt': 36.49, 'exchange_turnover': 36.85, 'sebi_turnover': 0.07, 'stamp_duty': 1.09, 'gst': 35.45, 'slippage': 300.0, 'total_rupees': 569.95, 'points_equivalent': 11.4}",2022
2022-05-02,True,,17100.0,17077.15,2022-05-05,2022-05-12,50,-195.65,-9782.5,566.2,11.32,False,-17.277,"{'brokerage': 160.0, 'stt': 34.8, 'exchange_turnover': 35.15, 'sebi_turnover': 0.07, 'stamp_duty': 1.04, 'gst': 35.14, 'slippage': 300.0, 'total_rupees': 566.2, 'points_equivalent': 11.32}",2022
2022-05-04,True,,16700.0,16694.3,2022-05-05,2022-05-12,50,-289.25,-14462.5,561.8,11.24,False,-25.743,"{'brokerage': 160.0, 'stt': 32.82, 'exchange_turnover': 33.15, 'sebi_turnover': 0.07, 'stamp_duty': 0.98, 'gst': 34.78, 'slippage': 300.0, 'total_rupees': 561.8, 'points_equivalent': 11.24}",2022
2022-05-05,True,,16700.0,16685.1,2022-05-05,2022-05-12,50,-334.9,-16745.0,530.71,10.61,False,-31.552,"{'brokerage': 160.0, 'stt': 18.84, 'exchange_turnover': 19.03, 'sebi_turnover': 0.04, 'stamp_duty': 0.57, 'gst': 32.23, 'slippage': 300.0, 'total_rupees': 530.71, 'points_equivalent': 10.61}",2022
2022-05-06,True,,16450.0,16414.85,2022-05-12,2022-05-19,50,-146.45,-7322.5,584.43,11.69,False,-12.529,"{'brokerage': 160.0, 'stt': 43.0, 'exchange_turnover': 43.43, 'sebi_turnover': 0.09, 'stamp_duty': 1.29, 'gst': 36.63, 'slippage': 300.0, 'total_rupees': 584.43, 'points_equivalent': 11.69}",2022
2022-05-09,True,,16300.0,16298.1,2022-05-12,2022-05-19,50,-175.65,-8782.5,574.3,11.49,False,-15.293,"{'brokerage': 160.0, 'stt': 38.44, 'exchange_turnover': 38.83, 'sebi_turnover': 0.08, 'stamp_duty': 1.15, 'gst': 35.8, 'slippage': 300.0, 'total_rupees': 574.3, 'points_equivalent': 11.49}",2022
2022-05-10,True,,16250.0,16248.6,2022-05-12,2022-05-19,50,-207.6,-10380.0,565.6,11.31,False,-18.352,"{'brokerage': 160.0, 'stt': 34.53, 'exchange_turnover': 34.88, 'sebi_turnover': 0.07, 'stamp_duty': 1.04, 'gst': 35.09, 'slippage': 300.0, 'total_rupees': 565.6, 'points_equivalent': 11.31}",2022
2022-05-11,True,,16200.0,16173.75,2022-05-12,2022-05-19,50,-229.4,-11470.0,552.93,11.06,False,-20.744,"{'brokerage': 160.0, 'stt': 28.84, 'exchange_turnover': 29.12, 'sebi_turnover': 0.06, 'stamp_duty': 0.87, 'gst': 34.05, 'slippage': 300.0, 'total_rupees': 552.93, 'points_equivalent': 11.06}",2022
2022-05-12,True,,15800.0,15796.85,2022-05-12,2022-05-19,50,-395.0,-19750.0,536.5,10.73,False,-36.813,"{'brokerage': 160.0, 'stt': 21.45, 'exchange_turnover': 21.66, 'sebi_turnover': 0.04, 'stamp_duty': 0.64, 'gst': 32.71, 'slippage': 300.0, 'total_rupees': 536.5, 'points_equivalent': 10.73}",2022
2022-05-13,True,,15850.0,15795.85,2022-05-19,2022-05-26,50,-175.6,-8780.0,586.79,11.74,False,-14.963,"{'brokerage': 160.0, 'stt': 44.05, 'exchange_turnover': 44.5, 'sebi_turnover': 0.09, 'stamp_duty': 1.32, 'gst': 36.83, 'slippage': 300.0, 'total_rupees': 586.79, 'points_equivalent': 11.74}",2022
2022-05-16,True,,15850.0,15838.8,2022-05-19,2022-05-26,50,-189.55,-9477.5,576.92,11.54,False,-16.428,"{'brokerage': 160.0, 'stt': 39.62, 'exchange_turnover': 40.01, 'sebi_turnover': 0.08, 'stamp_duty': 1.19, 'gst': 36.02, 'slippage': 300.0, 'total_rupees': 576.92, 'points_equivalent': 11.54}",2022
2022-05-17,True,,16300.0,16257.2,2022-05-19,2022-05-26,50,-194.2,-9710.0,560.62,11.21,False,-17.32,"{'brokerage': 160.0, 'stt': 32.29, 'exchange_turnover': 32.61, 'sebi_turnover': 0.06, 'stamp_duty': 0.97, 'gst': 34.68, 'slippage': 300.0, 'total_rupees': 560.62, 'points_equivalent': 11.21}",2022
2022-05-18,True,,16250.0,16235.05,2022-05-19,2022-05-26,50,-234.45,-11722.5,548.45,10.97,False,-21.374,"{'brokerage': 160.0, 'stt': 26.82, 'exchange_turnover': 27.09, 'sebi_turnover': 0.05, 'stamp_duty': 0.8, 'gst': 33.69, 'slippage': 300.0, 'total_rupees': 548.45, 'points_equivalent': 10.97}",2022
2022-05-19,True,,15800.0,15802.05,2022-05-19,2022-05-26,50,-401.7,-20085.0,536.8,10.74,False,-37.416,"{'brokerage': 160.0, 'stt': 21.58, 'exchange_turnover': 21.8, 'sebi_turnover': 0.04, 'stamp_duty': 0.65, 'gst': 32.73, 'slippage': 300.0, 'total_rupees': 536.8, 'points_equivalent': 10.74}",2022
2022-05-20,True,,16300.0,16252.95,2022-05-26,2022-06-02,50,-162.45,-8122.5,584.79,11.7,False,-13.89,"{'brokerage': 160.0, 'stt': 43.16, 'exchange_turnover': 43.59, 'sebi_turnover': 0.09, 'stamp_duty': 1.29, 'gst': 36.66, 'slippage': 300.0, 'total_rupees': 584.79, 'points_equivalent': 11.7}",2022
2022-05-23,True,,16250.0,16187.85,2022-05-26,2022-06-02,50,-201.7,-10085.0,578.48,11.57,False,-17.434,"{'brokerage': 160.0, 'stt': 40.32, 'exchange_turnover': 40.72, 'sebi_turnover': 0.08, 'stamp_duty': 1.21, 'gst': 36.14, 'slippage': 300.0, 'total_rupees': 578.48, 'points_equivalent': 11.57}",2022
2022-05-24,True,,16150.0,16102.4,2022-05-26,2022-06-02,50,-240.45,-12022.5,572.08,11.44,False,-21.015,"{'brokerage': 160.0, 'stt': 37.44, 'exchange_turnover': 37.82, 'sebi_turnover': 0.07, 'stamp_duty': 1.12, 'gst': 35.62, 'slippage': 300.0, 'total_rupees': 572.08, 'points_equivalent': 11.44}",2022
2022-05-25,True,,16000.0,16010.3,2022-05-26,2022-06-02,50,-266.8,-13340.0,559.86,11.2,False,-23.827,"{'brokerage': 160.0, 'stt': 31.95, 'exchange_turnover': 32.27, 'sebi_turnover': 0.06, 'stamp_duty': 0.96, 'gst': 34.62, 'slippage': 300.0, 'total_rupees': 559.86, 'points_equivalent': 11.2}",2022
2022-05-26,True,,16150.0,16152.8,2022-05-26,2022-06-02,50,-361.3,-18065.0,532.23,10.64,False,-33.942,"{'brokerage': 160.0, 'stt': 19.53, 'exchange_turnover': 19.72, 'sebi_turnover': 0.04, 'stamp_duty': 0.59, 'gst': 32.36, 'slippage': 300.0, 'total_rupees': 532.23, 'points_equivalent': 10.64}",2022
2022-05-27,True,,16400.0,16330.5,2022-06-02,2022-06-09,50,-149.5,-7475.0,577.69,11.55,False,-12.939,"{'brokerage': 160.0, 'stt': 39.97, 'exchange_turnover': 40.36, 'sebi_turnover': 0.08, 'stamp_duty': 1.2, 'gst': 36.08, 'slippage': 300.0, 'total_rupees': 577.69, 'points_equivalent': 11.55}",2022
2022-05-30,True,,16700.0,16648.75,2022-06-02,2022-06-09,50,-161.4,-8070.0,565.03,11.3,False,-14.282,"{'brokerage': 160.0, 'stt': 34.27, 'exchange_turnover': 34.62, 'sebi_turnover': 0.07, 'stamp_duty': 1.03, 'gst': 35.04, 'slippage': 300.0, 'total_rupees': 565.03, 'points_equivalent': 11.3}",2022
2022-05-31,True,,16600.0,16576.65,2022-06-02,2022-06-09,50,-185.0,-9250.0,559.78,11.2,False,-16.524,"{'brokerage': 160.0, 'stt': 31.91, 'exchange_turnover': 32.23, 'sebi_turnover': 0.06, 'stamp_duty': 0.96, 'gst': 34.61, 'slippage': 300.0, 'total_rupees': 559.78, 'points_equivalent': 11.2}",2022
2022-06-01,True,,16550.0,16512.2,2022-06-02,2022-06-09,50,-227.1,-11355.0,549.98,11.0,False,-20.646,"{'brokerage': 160.0, 'stt': 27.5, 'exchange_turnover': 27.78, 'sebi_turnover': 0.06, 'stamp_duty': 0.83, 'gst': 33.81, 'slippage': 300.0, 'total_rupees': 549.98, 'points_equivalent': 11.0}",2022
2022-06-02,True,,16600.0,16616.25,2022-06-02,2022-06-09,50,-322.65,-16132.5,530.52,10.61,False,-30.409,"{'brokerage': 160.0, 'stt': 18.76, 'exchange_turnover': 18.95, 'sebi_turnover': 0.04, 'stamp_duty': 0.56, 'gst': 32.22, 'slippage': 300.0, 'total_rupees': 530.52, 'points_equivalent': 10.61}",2022
2022-06-03,True,,16600.0,16602.7,2022-06-09,2022-06-16,50,-154.65,-7732.5,575.55,11.51,False,-13.435,"{'brokerage': 160.0, 'stt': 39.0, 'exchange_turnover': 39.39, 'sebi_turnover': 0.08, 'stamp_duty': 1.17, 'gst': 35.9, 'slippage': 300.0, 'total_rupees': 575.55, 'points_equivalent': 11.51}",2022
2022-06-06,True,,16600.0,16572.45,2022-06-09,2022-06-16,50,-169.65,-8482.5,565.55,11.31,False,-14.999,"{'brokerage': 160.0, 'stt': 34.51, 'exchange_turnover': 34.85, 'sebi_turnover': 0.07, 'stamp_duty': 1.04, 'gst': 35.09, 'slippage': 300.0, 'total_rupees': 565.55, 'points_equivalent': 11.31}",2022
2022-06-07,True,,16450.0,16419.6,2022-06-09,2022-06-16,50,-185.5,-9275.0,557.72,11.15,False,-16.63,"{'brokerage': 160.0, 'stt': 30.98, 'exchange_turnover': 31.29, 'sebi_turnover': 0.06, 'stamp_duty': 0.93, 'gst': 34.44, 'slippage': 300.0, 'total_rupees': 557.72, 'points_equivalent': 11.15}",2022
2022-06-08,True,,16350.0,16348.9,2022-06-09,2022-06-16,50,-228.25,-11412.5,543.85,10.88,False,-20.985,"{'brokerage': 160.0, 'stt': 24.75, 'exchange_turnover': 25.0, 'sebi_turnover': 0.05, 'stamp_duty': 0.74, 'gst': 33.31, 'slippage': 300.0, 'total_rupees': 543.85, 'points_equivalent': 10.88}",2022
2022-06-09,True,,16450.0,16467.65,2022-06-09,2022-06-16,50,-287.4,-14370.0,525.69,10.51,False,-27.336,"{'brokerage': 160.0, 'stt': 16.59, 'exchange_turnover': 16.75, 'sebi_turnover': 0.03, 'stamp_duty': 0.5, 'gst': 31.82, 'slippage': 300.0, 'total_rupees': 525.69, 'points_equivalent': 10.51}",2022
2022-06-10,True,,16250.0,16219.25,2022-06-16,2022-06-23,50,-148.5,-7425.0,573.65,11.47,False,-12.943,"{'brokerage': 160.0, 'stt': 38.15, 'exchange_turnover': 38.53, 'sebi_turnover': 0.08, 'stamp_duty': 1.14, 'gst': 35.75, 'slippage': 300.0, 'total_rupees': 573.65, 'points_equivalent': 11.47}",2022
2022-06-13,True,,15800.0,15768.0,2022-06-16,2022-06-23,50,-174.75,-8737.5,574.05,11.48,False,-15.221,"{'brokerage': 160.0, 'stt': 38.33, 'exchange_turnover': 38.71, 'sebi_turnover': 0.08, 'stamp_duty': 1.15, 'gst': 35.78, 'slippage': 300.0, 'total_rupees': 574.05, 'points_equivalent': 11.48}",2022
2022-06-14,True,,15750.0,15734.8,2022-06-16,2022-06-23,50,-196.5,-9825.0,565.99,11.32,False,-17.359,"{'brokerage': 160.0, 'stt': 34.7, 'exchange_turnover': 35.05, 'sebi_turnover': 0.07, 'stamp_duty': 1.04, 'gst': 35.12, 'slippage': 300.0, 'total_rupees': 565.99, 'points_equivalent': 11.32}",2022
2022-06-15,True,,15700.0,15703.05,2022-06-16,2022-06-23,50,-218.45,-10922.5,562.37,11.25,False,-19.422,"{'brokerage': 160.0, 'stt': 33.08, 'exchange_turnover': 33.41, 'sebi_turnover': 0.07, 'stamp_duty': 0.99, 'gst': 34.83, 'slippage': 300.0, 'total_rupees': 562.37, 'points_equivalent': 11.25}",2022
2022-06-16,True,,15350.0,15369.25,2022-06-16,2022-06-23,50,-394.45,-19722.5,537.73,10.75,False,-36.677,"{'brokerage': 160.0, 'stt': 22.0, 'exchange_turnover': 22.22, 'sebi_turnover': 0.04, 'stamp_duty': 0.66, 'gst': 32.81, 'slippage': 300.0, 'total_rupees': 537.73, 'points_equivalent': 10.75}",2022
2022-06-17,True,,15400.0,15317.25,2022-06-23,2022-06-30,50,-151.15,-7557.5,588.69,11.77,False,-12.838,"{'brokerage': 160.0, 'stt': 44.91, 'exchange_turnover': 45.36, 'sebi_turnover': 0.09, 'stamp_duty': 1.35, 'gst': 36.98, 'slippage': 300.0, 'total_rupees': 588.69, 'points_equivalent': 11.77}",2022
2022-06-20,True,,15400.0,15344.7,2022-06-23,2022-06-30,50,-171.75,-8587.5,570.0,11.4,False,-15.066,"{'brokerage': 160.0, 'stt': 36.51, 'exchange_turnover': 36.87, 'sebi_turnover': 0.07, 'stamp_duty': 1.1, 'gst': 35.45, 'slippage': 300.0, 'total_rupees': 570.0, 'points_equivalent': 11.4}",2022
2022-06-21,True,,15650.0,15635.05,2022-06-23,2022-06-30,50,-198.0,-9900.0,555.49,11.11,False,-17.822,"{'brokerage': 160.0, 'stt': 29.98, 'exchange_turnover': 30.28, 'sebi_turnover': 0.06, 'stamp_duty': 0.9, 'gst': 34.26, 'slippage': 300.0, 'total_rupees': 555.49, 'points_equivalent': 11.11}",2022
2022-06-22,True,,15450.0,15407.7,2022-06-23,2022-06-30,50,-226.75,-11337.5,548.05,10.96,False,-20.687,"{'brokerage': 160.0, 'stt': 26.64, 'exchange_turnover': 26.9, 'sebi_turnover': 0.05, 'stamp_duty': 0.8, 'gst': 33.65, 'slippage': 300.0, 'total_rupees': 548.05, 'points_equivalent': 10.96}",2022
2022-06-23,True,,15550.0,15555.3,2022-06-23,2022-06-30,50,-330.3,-16515.0,528.76,10.58,False,-31.233,"{'brokerage': 160.0, 'stt': 17.96, 'exchange_turnover': 18.14, 'sebi_turnover': 0.04, 'stamp_duty': 0.54, 'gst': 32.07, 'slippage': 300.0, 'total_rupees': 528.76, 'points_equivalent': 10.58}",2022
2022-06-24,True,,15750.0,15708.05,2022-06-30,2022-07-07,50,-155.6,-7780.0,574.15,11.48,False,-13.55,"{'brokerage': 160.0, 'stt': 38.38, 'exchange_turnover': 38.76, 'sebi_turnover': 0.08, 'stamp_duty': 1.15, 'gst': 35.79, 'slippage': 300.0, 'total_rupees': 574.15, 'points_equivalent': 11.48}",2022
2022-06-27,True,,15850.0,15834.75,2022-06-30,2022-07-07,50,-181.7,-9085.0,564.71,11.29,False,-16.088,"{'brokerage': 160.0, 'stt': 34.13, 'exchange_turnover': 34.47, 'sebi_turnover': 0.07, 'stamp_duty': 1.02, 'gst': 35.02, 'slippage': 300.0, 'total_rupees': 564.71, 'points_equivalent': 11.29}",2022
2022-06-28,True,,15850.0,15842.65,2022-06-30,2022-07-07,50,-205.5,-10275.0,556.44,11.13,False,-18.466,"{'brokerage': 160.0, 'stt': 30.41, 'exchange_turnover': 30.71, 'sebi_turnover': 0.06, 'stamp_duty': 0.91, 'gst': 34.34, 'slippage': 300.0, 'total_rupees': 556.44, 'points_equivalent': 11.13}",2022
2022-06-29,True,,15800.0,15782.7,2022-06-30,2022-07-07,50,-230.65,-11532.5,551.04,11.02,False,-20.929,"{'brokerage': 160.0, 'stt': 27.98, 'exchange_turnover': 28.26, 'sebi_turnover': 0.06, 'stamp_duty': 0.84, 'gst': 33.9, 'slippage': 300.0, 'total_rupees': 551.04, 'points_equivalent': 11.02}",2022
2022-06-30,True,,15800.0,15789.0,2022-06-30,2022-07-07,50,-339.95,-16997.5,531.41,10.63,False,-31.986,"{'brokerage': 160.0, 'stt': 19.16, 'exchange_turnover': 19.35, 'sebi_turnover': 0.04, 'stamp_duty': 0.57, 'gst': 32.29, 'slippage': 300.0, 'total_rupees': 531.41, 'points_equivalent': 10.63}",2022
2022-07-01,True,,15800.0,15753.15,2022-07-07,2022-07-14,50,-169.05,-8452.5,575.45,11.51,False,-14.689,"{'brokerage': 160.0, 'stt': 38.96, 'exchange_turnover': 39.35, 'sebi_turnover': 0.08, 'stamp_duty': 1.17, 'gst': 35.9, 'slippage': 300.0, 'total_rupees': 575.45, 'points_equivalent': 11.51}",2022
2022-07-04,True,,15850.0,15835.55,2022-07-07,2022-07-14,50,-182.75,-9137.5,562.45,11.25,False,-16.246,"{'brokerage': 160.0, 'stt': 33.11, 'exchange_turnover': 33.44, 'sebi_turnover': 0.07, 'stamp_duty': 0.99, 'gst': 34.83, 'slippage': 300.0, 'total_rupees': 562.45, 'points_equivalent': 11.25}",2022
2022-07-05,True,,15800.0,15779.4,2022-07-07,2022-07-14,50,-200.65,-10032.5,554.28,11.09,False,-18.1,"{'brokerage': 160.0, 'stt': 29.44, 'exchange_turnover': 29.74, 'sebi_turnover': 0.06, 'stamp_duty': 0.88, 'gst': 34.16, 'slippage': 300.0, 'total_rupees': 554.28, 'points_equivalent': 11.09}",2022
2022-07-06,True,,16000.0,15987.45,2022-07-07,2022-07-14,50,-225.7,-11285.0,546.29,10.93,False,-20.658,"{'brokerage': 160.0, 'stt': 25.85, 'exchange_turnover': 26.11, 'sebi_turnover': 0.05, 'stamp_duty': 0.78, 'gst': 33.51, 'slippage': 300.0, 'total_rupees': 546.29, 'points_equivalent': 10.93}",2022
2022-07-07,True,,16150.0,16132.55,2022-07-07,2022-07-14,50,-290.6,-14530.0,525.6,10.51,False,-27.645,"{'brokerage': 160.0, 'stt': 16.55, 'exchange_turnover': 16.71, 'sebi_turnover': 0.03, 'stamp_duty': 0.5, 'gst': 31.81, 'slippage': 300.0, 'total_rupees': 525.6, 'points_equivalent': 10.51}",2022
2022-07-08,True,,16250.0,16213.8,2022-07-14,2022-07-21,50,-143.1,-7155.0,563.41,11.27,False,-12.699,"{'brokerage': 160.0, 'stt': 33.55, 'exchange_turnover': 33.88, 'sebi_turnover': 0.07, 'stamp_duty': 1.01, 'gst': 34.91, 'slippage': 300.0, 'total_rupees': 563.41, 'points_equivalent': 11.27}",2022
2022-07-11,True,,16200.0,16200.6,2022-07-14,2022-07-21,50,-145.4,-7270.0,554.48,11.09,False,-13.111,"{'brokerage': 160.0, 'stt': 29.53, 'exchange_turnover': 29.83, 'sebi_turnover': 0.06, 'stamp_duty': 0.89, 'gst': 34.18, 'slippage': 300.0, 'total_rupees': 554.48, 'points_equivalent': 11.09}",2022
2022-07-12,True,,16050.0,16046.2,2022-07-14,2022-07-21,50,-170.7,-8535.0,550.24,11.0,False,-15.511,"{'brokerage': 160.0, 'stt': 27.62, 'exchange_turnover': 27.9, 'sebi_turnover': 0.06, 'stamp_duty': 0.83, 'gst': 33.83, 'slippage': 300.0, 'total_rupees': 550.24, 'points_equivalent': 11.0}",2022
2022-07-13,True,,15950.0,15969.8,2022-07-14,2022-07-21,50,-192.5,-9625.0,545.42,10.91,False,-17.647,"{'brokerage': 160.0, 'stt': 25.46, 'exchange_turnover': 25.71, 'sebi_turnover': 0.05, 'stamp_duty': 0.76, 'gst': 33.44, 'slippage': 300.0, 'total_rupees': 545.42, 'points_equivalent': 10.91}",2022
2022-07-14,True,,15950.0,15932.0,2022-07-14,2022-07-21,50,-273.85,-13692.5,523.64,10.47,False,-26.149,"{'brokerage': 160.0, 'stt': 15.66, 'exchange_turnover': 15.82, 'sebi_turnover': 0.03, 'stamp_duty': 0.47, 'gst': 31.65, 'slippage': 300.0, 'total_rupees': 523.64, 'points_equivalent': 10.47}",2022
2022-07-15,True,,16100.0,16058.35,2022-07-21,2022-07-28,50,-142.65,-7132.5,558.41,11.17,False,-12.773,"{'brokerage': 160.0, 'stt': 31.3, 'exchange_turnover': 31.61, 'sebi_turnover': 0.06, 'stamp_duty': 0.94, 'gst': 34.5, 'slippage': 300.0, 'total_rupees': 558.41, 'points_equivalent': 11.17}",2022
2022-07-18,True,,16300.0,16284.65,2022-07-21,2022-07-28,50,-154.25,-7712.5,548.27,10.97,False,-14.067,"{'brokerage': 160.0, 'stt': 26.74, 'exchange_turnover': 27.0, 'sebi_turnover': 0.05, 'stamp_duty': 0.8, 'gst': 33.67, 'slippage': 300.0, 'total_rupees': 548.27, 'points_equivalent': 10.97}",2022
2022-07-19,True,,16350.0,16337.55,2022-07-21,2022-07-28,50,-159.0,-7950.0,541.68,10.83,False,-14.677,"{'brokerage': 160.0, 'stt': 23.78, 'exchange_turnover': 24.01, 'sebi_turnover': 0.05, 'stamp_duty': 0.71, 'gst': 33.13, 'slippage': 300.0, 'total_rupees': 541.68, 'points_equivalent': 10.83}",2022
2022-07-20,True,,16500.0,16512.5,2022-07-21,2022-07-28,50,-179.4,-8970.0,533.77,10.68,False,-16.805,"{'brokerage': 160.0, 'stt': 20.22, 'exchange_turnover': 20.42, 'sebi_turnover': 0.04, 'stamp_duty': 0.61, 'gst': 32.48, 'slippage': 300.0, 'total_rupees': 533.77, 'points_equivalent': 10.68}",2022
2022-07-21,True,,16600.0,16594.05,2022-07-21,2022-07-28,50,-262.75,-13137.5,520.77,10.42,False,-25.227,"{'brokerage': 160.0, 'stt': 14.37, 'exchange_turnover': 14.52, 'sebi_turnover': 0.03, 'stamp_duty': 0.43, 'gst': 31.42, 'slippage': 300.0, 'total_rupees': 520.77, 'points_equivalent': 10.42}",2022
2022-07-22,True,,16750.0,16723.05,2022-07-28,2022-08-04,50,-137.85,-6892.5,559.77,11.2,False,-12.313,"{'brokerage': 160.0, 'stt': 31.91, 'exchange_turnover': 32.23, 'sebi_turnover': 0.06, 'stamp_duty': 0.96, 'gst': 34.61, 'slippage': 300.0, 'total_rupees': 559.77, 'points_equivalent': 11.2}",2022
2022-07-25,True,,16650.0,16635.75,2022-07-28,2022-08-04,50,-169.2,-8460.0,554.0,11.08,False,-15.271,"{'brokerage': 160.0, 'stt': 29.32, 'exchange_turnover': 29.61, 'sebi_turnover': 0.06, 'stamp_duty': 0.88, 'gst': 34.14, 'slippage': 300.0, 'total_rupees': 554.0, 'points_equivalent': 11.08}",2022
2022-07-26,True,,16500.0,16493.05,2022-07-28,2022-08-04,50,-186.45,-9322.5,548.05,10.96,False,-17.01,"{'brokerage': 160.0, 'stt': 26.64, 'exchange_turnover': 26.9, 'sebi_turnover': 0.05, 'stamp_duty': 0.8, 'gst': 33.65, 'slippage': 300.0, 'total_rupees': 548.05, 'points_equivalent': 10.96}",2022
2022-07-27,True,,16650.0,16651.55,2022-07-28,2022-08-04,50,-199.75,-9987.5,546.12,10.92,False,-18.288,"{'brokerage': 160.0, 'stt': 25.77, 'exchange_turnover': 26.03, 'sebi_turnover': 0.05, 'stamp_duty': 0.77, 'gst': 33.49, 'slippage': 300.0, 'total_rupees': 546.12, 'points_equivalent': 10.92}",2022
2022-07-28,True,,16900.0,16918.75,2022-07-28,2022-08-04,50,-260.3,-13015.0,523.19,10.46,False,-24.876,"{'brokerage': 160.0, 'stt': 15.46, 'exchange_turnover': 15.61, 'sebi_turnover': 0.03, 'stamp_duty': 0.46, 'gst': 31.62, 'slippage': 300.0, 'total_rupees': 523.19, 'points_equivalent': 10.46}",2022
2022-07-29,True,,17200.0,17173.7,2022-08-04,2022-08-11,50,-143.35,-7167.5,559.34,11.19,False,-12.814,"{'brokerage': 160.0, 'stt': 31.72, 'exchange_turnover': 32.03, 'sebi_turnover': 0.06, 'stamp_duty': 0.95, 'gst': 34.58, 'slippage': 300.0, 'total_rupees': 559.34, 'points_equivalent': 11.19}",2022
2022-08-01,True,,17350.0,17345.65,2022-08-04,2022-08-11,50,-166.0,-8300.0,554.49,11.09,False,-14.969,"{'brokerage': 160.0, 'stt': 29.54, 'exchange_turnover': 29.83, 'sebi_turnover': 0.06, 'stamp_duty': 0.89, 'gst': 34.18, 'slippage': 300.0, 'total_rupees': 554.49, 'points_equivalent': 11.09}",2022
2022-08-02,True,,17350.0,17328.4,2022-08-04,2022-08-11,50,-201.75,-10087.5,552.61,11.05,False,-18.254,"{'brokerage': 160.0, 'stt': 28.69, 'exchange_turnover': 28.97, 'sebi_turnover': 0.06, 'stamp_duty': 0.86, 'gst': 34.03, 'slippage': 300.0, 'total_rupees': 552.61, 'points_equivalent': 11.05}",2022
2022-08-03,True,,17400.0,17384.6,2022-08-04,2022-08-11,50,-228.85,-11442.5,544.34,10.89,False,-21.021,"{'brokerage': 160.0, 'stt': 24.97, 'exchange_turnover': 25.22, 'sebi_turnover': 0.05, 'stamp_duty': 0.75, 'gst': 33.35, 'slippage': 300.0, 'total_rupees': 544.34, 'points_equivalent': 10.89}",2022
2022-08-04,True,,17400.0,17389.3,2022-08-04,2022-08-11,50,-328.6,-16430.0,529.75,10.59,False,-31.015,"{'brokerage': 160.0, 'stt': 18.41, 'exchange_turnover': 18.59, 'sebi_turnover': 0.04, 'stamp_duty': 0.55, 'gst': 32.15, 'slippage': 300.0, 'total_rupees': 529.75, 'points_equivalent': 10.59}",2022
2022-08-05,True,,17400.0,17397.35,2022-08-11,2022-08-18,50,-144.4,-7220.0,567.1,11.34,False,-12.731,"{'brokerage': 160.0, 'stt': 35.2, 'exchange_turnover': 35.56, 'sebi_turnover': 0.07, 'stamp_duty': 1.06, 'gst': 35.21, 'slippage': 300.0, 'total_rupees': 567.1, 'points_equivalent': 11.34}",2022
2022-08-08,True,,17550.0,17534.15,2022-08-11,2022-08-18,50,-167.35,-8367.5,554.97,11.1,False,-15.077,"{'brokerage': 160.0, 'stt': 29.75, 'exchange_turnover': 30.05, 'sebi_turnover': 0.06, 'stamp_duty': 0.89, 'gst': 34.22, 'slippage': 300.0, 'total_rupees': 554.97, 'points_equivalent': 11.1}",2022
2022-08-10,True,,17550.0,17537.7,2022-08-11,2022-08-18,50,-184.3,-9215.0,544.26,10.89,False,-16.931,"{'brokerage': 160.0, 'stt': 24.94, 'exchange_turnover': 25.18, 'sebi_turnover': 0.05, 'stamp_duty': 0.75, 'gst': 33.34, 'slippage': 300.0, 'total_rupees': 544.26, 'points_equivalent': 10.89}",2022
2022-08-11,True,,17650.0,17666.15,2022-08-11,2022-08-18,50,-244.85,-12242.5,520.33,10.41,False,-23.528,"{'brokerage': 160.0, 'stt': 14.18, 'exchange_turnover': 14.32, 'sebi_turnover': 0.03, 'stamp_duty': 0.43, 'gst': 31.38, 'slippage': 300.0, 'total_rupees': 520.33, 'points_equivalent': 10.41}",2022
2022-08-12,True,,17750.0,17696.7,2022-08-18,2022-08-25,50,-153.15,-7657.5,553.61,11.07,False,-13.832,"{'brokerage': 160.0, 'stt': 29.14, 'exchange_turnover': 29.43, 'sebi_turnover': 0.06, 'stamp_duty': 0.87, 'gst': 34.11, 'slippage': 300.0, 'total_rupees': 553.61, 'points_equivalent': 11.07}",2022
2022-08-16,True,,17850.0,17827.4,2022-08-18,2022-08-25,50,-159.0,-7950.0,540.85,10.82,False,-14.699,"{'brokerage': 160.0, 'stt': 23.4, 'exchange_turnover': 23.63, 'sebi_turnover': 0.05, 'stamp_duty': 0.7, 'gst': 33.06, 'slippage': 300.0, 'total_rupees': 540.85, 'points_equivalent': 10.82}",2022
2022-08-17,True,,17950.0,17955.25,2022-08-18,2022-08-25,50,-174.75,-8737.5,535.27,10.71,False,-16.324,"{'brokerage': 160.0, 'stt': 20.89, 'exchange_turnover': 21.1, 'sebi_turnover': 0.04, 'stamp_duty': 0.63, 'gst': 32.61, 'slippage': 300.0, 'total_rupees': 535.27, 'points_equivalent': 10.71}",2022
2022-08-18,True,,17950.0,17953.55,2022-08-18,2022-08-25,50,-250.8,-12540.0,519.1,10.38,False,-24.157,"{'brokerage': 160.0, 'stt': 13.62, 'exchange_turnover': 13.76, 'sebi_turnover': 0.03, 'stamp_duty': 0.41, 'gst': 31.28, 'slippage': 300.0, 'total_rupees': 519.1, 'points_equivalent': 10.38}",2022
2022-08-19,True,,17800.0,17766.45,2022-08-25,2022-09-01,50,-138.4,-6920.0,561.92,11.24,False,-12.315,"{'brokerage': 160.0, 'stt': 32.88, 'exchange_turnover': 33.2, 'sebi_turnover': 0.07, 'stamp_duty': 0.99, 'gst': 34.79, 'slippage': 300.0, 'total_rupees': 561.92, 'points_equivalent': 11.24}",2022
2022-08-22,True,,17500.0,17490.4,2022-08-25,2022-09-01,50,-166.1,-8305.0,556.0,11.12,False,-14.937,"{'brokerage': 160.0, 'stt': 30.21, 'exchange_turnover': 30.52, 'sebi_turnover': 0.06, 'stamp_duty': 0.91, 'gst': 34.3, 'slippage': 300.0, 'total_rupees': 556.0, 'points_equivalent': 11.12}",2022
2022-08-23,True,,17600.0,17588.75,2022-08-25,2022-09-01,50,-186.35,-9317.5,546.68,10.93,False,-17.044,"{'brokerage': 160.0, 'stt': 26.02, 'exchange_turnover': 26.28, 'sebi_turnover': 0.05, 'stamp_duty': 0.78, 'gst': 33.54, 'slippage': 300.0, 'total_rupees': 546.68, 'points_equivalent': 10.93}",2022
2022-08-24,True,,17600.0,17613.65,2022-08-25,2022-09-01,50,-200.2,-10010.0,538.1,10.76,False,-18.602,"{'brokerage': 160.0, 'stt': 22.16, 'exchange_turnover': 22.39, 'sebi_turnover': 0.04, 'stamp_duty': 0.66, 'gst': 32.84, 'slippage': 300.0, 'total_rupees': 538.1, 'points_equivalent': 10.76}",2022
2022-08-25,True,,17550.0,17536.55,2022-08-25,2022-09-01,50,-304.35,-15217.5,528.95,10.58,False,-28.769,"{'brokerage': 160.0, 'stt': 18.05, 'exchange_turnover': 18.23, 'sebi_turnover': 0.04, 'stamp_duty': 0.54, 'gst': 32.09, 'slippage': 300.0, 'total_rupees': 528.95, 'points_equivalent': 10.58}",2022
2022-08-26,True,,17600.0,17587.4,2022-09-01,2022-09-08,50,-130.5,-6525.0,564.28,11.29,False,-11.563,"{'brokerage': 160.0, 'stt': 33.94, 'exchange_turnover': 34.27, 'sebi_turnover': 0.07, 'stamp_duty': 1.02, 'gst': 34.98, 'slippage': 300.0, 'total_rupees': 564.28, 'points_equivalent': 11.29}",2022
2022-08-29,True,,17350.0,17311.0,2022-09-01,2022-09-08,50,-164.6,-8230.0,559.82,11.2,False,-14.701,"{'brokerage': 160.0, 'stt': 31.93, 'exchange_turnover': 32.25, 'sebi_turnover': 0.06, 'stamp_duty': 0.96, 'gst': 34.62, 'slippage': 300.0, 'total_rupees': 559.82, 'points_equivalent': 11.2}",2022
2022-08-30,True,,17800.0,17770.1,2022-09-01,2022-09-08,50,-194.35,-9717.5,544.8,10.9,False,-17.837,"{'brokerage': 160.0, 'stt': 25.18, 'exchange_turnover': 25.43, 'sebi_turnover': 0.05, 'stamp_duty': 0.76, 'gst': 33.39, 'slippage': 300.0, 'total_rupees': 544.8, 'points_equivalent': 10.9}",2022
2022-09-01,True,,17550.0,17542.7,2022-09-01,2022-09-08,50,-346.15,-17307.5,531.32,10.63,False,-32.575,"{'brokerage': 160.0, 'stt': 19.12, 'exchange_turnover': 19.31, 'sebi_turnover': 0.04, 'stamp_duty': 0.57, 'gst': 32.28, 'slippage': 300.0, 'total_rupees': 531.32, 'points_equivalent': 10.63}",2022
2022-09-02,True,,17550.0,17539.55,2022-09-08,2022-09-15,50,-153.35,-7667.5,575.01,11.5,False,-13.335,"{'brokerage': 160.0, 'stt': 38.76, 'exchange_turnover': 39.15, 'sebi_turnover': 0.08, 'stamp_duty': 1.16, 'gst': 35.86, 'slippage': 300.0, 'total_rupees': 575.01, 'points_equivalent': 11.5}",2022
2022-09-05,True,,17700.0,17676.45,2022-09-08,2022-09-15,50,-176.95,-8847.5,564.87,11.3,False,-15.663,"{'brokerage': 160.0, 'stt': 34.2, 'exchange_turnover': 34.54, 'sebi_turnover': 0.07, 'stamp_duty': 1.03, 'gst': 35.03, 'slippage': 300.0, 'total_rupees': 564.87, 'points_equivalent': 11.3}",2022
2022-09-06,True,,17700.0,17662.2,2022-09-08,2022-09-15,50,-194.15,-9707.5,557.32,11.15,False,-17.418,"{'brokerage': 160.0, 'stt': 30.81, 'exchange_turnover': 31.12, 'sebi_turnover': 0.06, 'stamp_duty': 0.92, 'gst': 34.41, 'slippage': 300.0, 'total_rupees': 557.32, 'points_equivalent': 11.15}",2022
2022-09-07,True,,17650.0,17627.95,2022-09-08,2022-09-15,50,-207.95,-10397.5,547.28,10.95,False,-18.999,"{'brokerage': 160.0, 'stt': 26.29, 'exchange_turnover': 26.56, 'sebi_turnover': 0.05, 'stamp_duty': 0.79, 'gst': 33.59, 'slippage': 300.0, 'total_rupees': 547.28, 'points_equivalent': 10.95}",2022
2022-09-08,True,,17800.0,17798.95,2022-09-08,2022-09-15,50,-293.45,-14672.5,524.27,10.49,False,-27.987,"{'brokerage': 160.0, 'stt': 15.95, 'exchange_turnover': 16.11, 'sebi_turnover': 0.03, 'stamp_duty': 0.48, 'gst': 31.7, 'slippage': 300.0, 'total_rupees': 524.27, 'points_equivalent': 10.49}",2022
2022-09-09,True,,17850.0,17849.4,2022-09-15,2022-09-22,50,-149.35,-7467.5,565.26,11.31,False,-13.211,"{'brokerage': 160.0, 'stt': 34.38, 'exchange_turnover': 34.72, 'sebi_turnover': 0.07, 'stamp_duty': 1.03, 'gst': 35.06, 'slippage': 300.0, 'total_rupees': 565.26, 'points_equivalent': 11.31}",2022
2022-09-12,True,,17950.0,17947.5,2022-09-15,2022-09-22,50,-155.3,-7765.0,557.69,11.15,False,-13.924,"{'brokerage': 160.0, 'stt': 30.98, 'exchange_turnover': 31.28, 'sebi_turnover': 0.06, 'stamp_duty': 0.93, 'gst': 34.44, 'slippage': 300.0, 'total_rupees': 557.69, 'points_equivalent': 11.15}",2022
2022-09-13,True,,18100.0,18080.05,2022-09-15,2022-09-22,50,-167.55,-8377.5,549.44,10.99,False,-15.247,"{'brokerage': 160.0, 'stt': 27.26, 'exchange_turnover': 27.54, 'sebi_turnover': 0.05, 'stamp_duty': 0.82, 'gst': 33.77, 'slippage': 300.0, 'total_rupees': 549.44, 'points_equivalent': 10.99}",2022
2022-09-14,True,,18050.0,18013.25,2022-09-15,2022-09-22,50,-215.5,-10775.0,548.45,10.97,False,-19.646,"{'brokerage': 160.0, 'stt': 26.82, 'exchange_turnover': 27.09, 'sebi_turnover': 0.05, 'stamp_duty': 0.8, 'gst': 33.69, 'slippage': 300.0, 'total_rupees': 548.45, 'points_equivalent': 10.97}",2022
2022-09-15,True,,17900.0,17891.35,2022-09-15,2022-09-22,50,-304.85,-15242.5,526.94,10.54,False,-28.926,"{'brokerage': 160.0, 'stt': 17.15, 'exchange_turnover': 17.32, 'sebi_turnover': 0.03, 'stamp_duty': 0.51, 'gst': 31.92, 'slippage': 300.0, 'total_rupees': 526.94, 'points_equivalent': 10.54}",2022
2022-09-16,True,,17550.0,17552.25,2022-09-22,2022-09-29,50,-184.4,-9220.0,583.09,11.66,False,-15.812,"{'brokerage': 160.0, 'stt': 42.4, 'exchange_turnover': 42.82, 'sebi_turnover': 0.08, 'stamp_duty': 1.27, 'gst': 36.52, 'slippage': 300.0, 'total_rupees': 583.09, 'points_equivalent': 11.66}",2022
2022-09-19,True,,17650.0,17616.4,2022-09-22,2022-09-29,50,-187.65,-9382.5,572.99,11.46,False,-16.375,"{'brokerage': 160.0, 'stt': 37.85, 'exchange_turnover': 38.23, 'sebi_turnover': 0.08, 'stamp_duty': 1.14, 'gst': 35.7, 'slippage': 300.0, 'total_rupees': 572.99, 'points_equivalent': 11.46}",2022
2022-09-20,True,,17850.0,17820.0,2022-09-22,2022-09-29,50,-192.5,-9625.0,559.49,11.19,False,-17.203,"{'brokerage': 160.0, 'stt': 31.79, 'exchange_turnover': 32.1, 'sebi_turnover': 0.06, 'stamp_duty': 0.95, 'gst': 34.59, 'slippage': 300.0, 'total_rupees': 559.49, 'points_equivalent': 11.19}",2022
2022-09-21,True,,17750.0,17724.55,2022-09-22,2022-09-29,50,-185.1,-9255.0,562.71,11.25,False,-16.447,"{'brokerage': 160.0, 'stt': 33.23, 'exchange_turnover': 33.56, 'sebi_turnover': 0.07, 'stamp_duty': 1.0, 'gst': 34.85, 'slippage': 300.0, 'total_rupees': 562.71, 'points_equivalent': 11.25}",2022
2022-09-22,True,,17650.0,17638.0,2022-09-22,2022-09-29,50,-326.9,-16345.0,529.82,10.6,False,-30.85,"{'brokerage': 160.0, 'stt': 18.45, 'exchange_turnover': 18.63, 'sebi_turnover': 0.04, 'stamp_duty': 0.55, 'gst': 32.16, 'slippage': 300.0, 'total_rupees': 529.82, 'points_equivalent': 10.6}",2022
2022-09-23,True,,17350.0,17336.6,2022-09-29,2022-10-06,50,-176.85,-8842.5,588.74,11.77,False,-15.019,"{'brokerage': 160.0, 'stt': 44.93, 'exchange_turnover': 45.38, 'sebi_turnover': 0.09, 'stamp_duty': 1.35, 'gst': 36.98, 'slippage': 300.0, 'total_rupees': 588.74, 'points_equivalent': 11.77}",2022
2022-09-26,True,,17050.0,17028.05,2022-09-29,2022-10-06,50,-215.6,-10780.0,577.82,11.56,False,-18.656,"{'brokerage': 160.0, 'stt': 40.02, 'exchange_turnover': 40.43, 'sebi_turnover': 0.08, 'stamp_duty': 1.2, 'gst': 36.09, 'slippage': 300.0, 'total_rupees': 577.82, 'points_equivalent': 11.56}",2022
2022-09-27,True,,17000.0,17016.1,2022-09-29,2022-10-06,50,-233.65,-11682.5,566.54,11.33,False,-20.621,"{'brokerage': 160.0, 'stt': 34.95, 'exchange_turnover': 35.3, 'sebi_turnover': 0.07, 'stamp_duty': 1.05, 'gst': 35.17, 'slippage': 300.0, 'total_rupees': 566.54, 'points_equivalent': 11.33}",2022
2022-09-28,True,,16900.0,16862.3,2022-09-29,2022-10-06,50,-265.95,-13297.5,553.78,11.08,False,-24.012,"{'brokerage': 160.0, 'stt': 29.22, 'exchange_turnover': 29.51, 'sebi_turnover': 0.06, 'stamp_duty': 0.88, 'gst': 34.12, 'slippage': 300.0, 'total_rupees': 553.78, 'points_equivalent': 11.08}",2022
2022-09-29,True,,16800.0,16810.2,2022-09-29,2022-10-06,50,-353.85,-17692.5,532.78,10.66,False,-33.208,"{'brokerage': 160.0, 'stt': 19.77, 'exchange_turnover': 19.97, 'sebi_turnover': 0.04, 'stamp_duty': 0.59, 'gst': 32.4, 'slippage': 300.0, 'total_rupees': 532.78, 'points_equivalent': 10.66}",2022
2022-09-30,True,,17150.0,17087.15,2022-10-06,2022-10-13,50,-174.8,-8740.0,575.6,11.51,False,-15.184,"{'brokerage': 160.0, 'stt': 39.02, 'exchange_turnover': 39.42, 'sebi_turnover': 0.08, 'stamp_duty': 1.17, 'gst': 35.91, 'slippage': 300.0, 'total_rupees': 575.6, 'points_equivalent': 11.51}",2022
2022-10-03,True,,16900.0,16885.75,2022-10-06,2022-10-13,50,-183.6,-9180.0,567.59,11.35,False,-16.174,"{'brokerage': 160.0, 'stt': 35.43, 'exchange_turnover': 35.78, 'sebi_turnover': 0.07, 'stamp_duty': 1.06, 'gst': 35.25, 'slippage': 300.0, 'total_rupees': 567.59, 'points_equivalent': 11.35}",2022
2022-10-04,True,,17300.0,17271.5,2022-10-06,2022-10-13,50,-213.2,-10660.0,549.61,10.99,False,-19.396,"{'brokerage': 160.0, 'stt': 27.34, 'exchange_turnover': 27.61, 'sebi_turnover': 0.05, 'stamp_duty': 0.82, 'gst': 33.78, 'slippage': 300.0, 'total_rupees': 549.61, 'points_equivalent': 10.99}",2022
2022-10-06,True,,17350.0,17340.1,2022-10-06,2022-10-13,50,-288.25,-14412.5,524.7,10.49,False,-27.468,"{'brokerage': 160.0, 'stt': 16.14, 'exchange_turnover': 16.3, 'sebi_turnover': 0.03, 'stamp_duty': 0.48, 'gst': 31.74, 'slippage': 300.0, 'total_rupees': 524.7, 'points_equivalent': 10.49}",2022
2022-10-07,True,,17350.0,17315.75,2022-10-13,2022-10-20,50,-160.3,-8015.0,568.49,11.37,False,-14.099,"{'brokerage': 160.0, 'stt': 35.83, 'exchange_turnover': 36.19, 'sebi_turnover': 0.07, 'stamp_duty': 1.07, 'gst': 35.33, 'slippage': 300.0, 'total_rupees': 568.49, 'points_equivalent': 11.37}",2022
2022-10-10,True,,17250.0,17231.2,2022-10-13,2022-10-20,50,-176.95,-8847.5,562.84,11.26,False,-15.719,"{'brokerage': 160.0, 'stt': 33.29, 'exchange_turnover': 33.62, 'sebi_turnover': 0.07, 'stamp_duty': 1.0, 'gst': 34.86, 'slippage': 300.0, 'total_rupees': 562.84, 'points_equivalent': 11.26}",2022
2022-10-11,True,,16950.0,16984.1,2022-10-13,2022-10-20,50,-215.5,-10775.0,561.32,11.23,False,-19.196,"{'brokerage': 160.0, 'stt': 32.61, 'exchange_turnover': 32.93, 'sebi_turnover': 0.07, 'stamp_duty': 0.98, 'gst': 34.74, 'slippage': 300.0, 'total_rupees': 561.32, 'points_equivalent': 11.23}",2022
2022-10-12,True,,17150.0,17125.25,2022-10-13,2022-10-20,50,-224.8,-11240.0,551.13,11.02,False,-20.394,"{'brokerage': 160.0, 'stt': 28.03, 'exchange_turnover': 28.31, 'sebi_turnover': 0.06, 'stamp_duty': 0.84, 'gst': 33.91, 'slippage': 300.0, 'total_rupees': 551.13, 'points_equivalent': 11.02}",2022
2022-10-13,True,,17000.0,17008.9,2022-10-13,2022-10-20,50,-353.15,-17657.5,532.03,10.64,False,-33.189,"{'brokerage': 160.0, 'stt': 19.44, 'exchange_turnover': 19.63, 'sebi_turnover': 0.04, 'stamp_duty': 0.58, 'gst': 32.34, 'slippage': 300.0, 'total_rupees': 532.03, 'points_equivalent': 10.64}",2022
2022-10-14,True,,17200.0,17190.05,2022-10-20,2022-10-27,50,-163.25,-8162.5,570.24,11.4,False,-14.314,"{'brokerage': 160.0, 'stt': 36.62, 'exchange_turnover': 36.98, 'sebi_turnover': 0.07, 'stamp_duty': 1.1, 'gst': 35.47, 'slippage': 300.0, 'total_rupees': 570.24, 'points_equivalent': 11.4}",2022
2022-10-17,True,,17350.0,17303.9,2022-10-20,2022-10-27,50,-174.6,-8730.0,561.49,11.23,False,-15.548,"{'brokerage': 160.0, 'stt': 32.68, 'exchange_turnover': 33.01, 'sebi_turnover': 0.07, 'stamp_duty': 0.98, 'gst': 34.75, 'slippage': 300.0, 'total_rupees': 561.49, 'points_equivalent': 11.23}",2022
2022-10-18,True,,17500.0,17490.6,2022-10-20,2022-10-27,50,-173.6,-8680.0,548.21,10.96,False,-15.833,"{'brokerage': 160.0, 'stt': 26.71, 'exchange_turnover': 26.98, 'sebi_turnover': 0.05, 'stamp_duty': 0.8, 'gst': 33.67, 'slippage': 300.0, 'total_rupees': 548.21, 'points_equivalent': 10.96}",2022
2022-10-19,True,,17500.0,17498.2,2022-10-20,2022-10-27,50,-192.65,-9632.5,538.38,10.77,False,-17.892,"{'brokerage': 160.0, 'stt': 22.29, 'exchange_turnover': 22.52, 'sebi_turnover': 0.04, 'stamp_duty': 0.67, 'gst': 32.86, 'slippage': 300.0, 'total_rupees': 538.38, 'points_equivalent': 10.77}",2022
2022-10-20,True,,17550.0,17550.2,2022-10-20,2022-10-27,50,-262.65,-13132.5,520.72,10.41,False,-25.22,"{'brokerage': 160.0, 'stt': 14.35, 'exchange_turnover': 14.5, 'sebi_turnover': 0.03, 'stamp_duty': 0.43, 'gst': 31.41, 'slippage': 300.0, 'total_rupees': 520.72, 'points_equivalent': 10.41}",2022
2022-10-21,True,,17600.0,17563.55,2022-10-27,2022-11-03,50,-176.35,-8817.5,558.02,11.16,False,-15.801,"{'brokerage': 160.0, 'stt': 31.12, 'exchange_turnover': 31.43, 'sebi_turnover': 0.06, 'stamp_duty': 0.93, 'gst': 34.47, 'slippage': 300.0, 'total_rupees': 558.02, 'points_equivalent': 11.16}",2022
2022-10-24,True,,17750.0,17734.65,2022-10-27,2022-11-03,50,-197.85,-9892.5,549.6,10.99,False,-17.999,"{'brokerage': 160.0, 'stt': 27.34, 'exchange_turnover': 27.61, 'sebi_turnover': 0.05, 'stamp_duty': 0.82, 'gst': 33.78, 'slippage': 300.0, 'total_rupees': 549.6, 'points_equivalent': 10.99}",2022
2022-10-25,True,,17650.0,17656.95,2022-10-27,2022-11-03,50,-191.35,-9567.5,540.47,10.81,False,-17.702,"{'brokerage': 160.0, 'stt': 23.23, 'exchange_turnover': 23.46, 'sebi_turnover': 0.05, 'stamp_duty': 0.7, 'gst': 33.03, 'slippage': 300.0, 'total_rupees': 540.47, 'points_equivalent': 10.81}",2022
2022-10-27,True,,17700.0,17717.7,2022-10-27,2022-11-03,50,-263.45,-13172.5,523.75,10.47,False,-25.15,"{'brokerage': 160.0, 'stt': 15.71, 'exchange_turnover': 15.87, 'sebi_turnover': 0.03, 'stamp_duty': 0.47, 'gst': 31.66, 'slippage': 300.0, 'total_rupees': 523.75, 'points_equivalent': 10.47}",2022
2022-10-28,True,,17800.0,17786.9,2022-11-03,2022-11-10,50,-134.05,-6702.5,559.96,11.2,False,-11.97,"{'brokerage': 160.0, 'stt': 31.99, 'exchange_turnover': 32.31, 'sebi_turnover': 0.06, 'stamp_duty': 0.96, 'gst': 34.63, 'slippage': 300.0, 'total_rupees': 559.96, 'points_equivalent': 11.2}",2022
2022-10-31,True,,18050.0,18007.0,2022-11-03,2022-11-10,50,-146.1,-7305.0,551.11,11.02,False,-13.255,"{'brokerage': 160.0, 'stt': 28.02, 'exchange_turnover': 28.3, 'sebi_turnover': 0.06, 'stamp_duty': 0.84, 'gst': 33.9, 'slippage': 300.0, 'total_rupees': 551.11, 'points_equivalent': 11.02}",2022
2022-11-01,True,,18150.0,18153.55,2022-11-03,2022-11-10,50,-175.45,-8772.5,547.51,10.95,False,-16.023,"{'brokerage': 160.0, 'stt': 26.4, 'exchange_turnover': 26.66, 'sebi_turnover': 0.05, 'stamp_duty': 0.79, 'gst': 33.61, 'slippage': 300.0, 'total_rupees': 547.51, 'points_equivalent': 10.95}",2022
2022-11-02,True,,18100.0,18094.8,2022-11-03,2022-11-10,50,-181.15,-9057.5,546.13,10.92,False,-16.585,"{'brokerage': 160.0, 'stt': 25.78, 'exchange_turnover': 26.04, 'sebi_turnover': 0.05, 'stamp_duty': 0.77, 'gst': 33.5, 'slippage': 300.0, 'total_rupees': 546.13, 'points_equivalent': 10.92}",2022
2022-11-03,True,,18050.0,18057.8,2022-11-03,2022-11-10,50,-271.05,-13552.5,522.06,10.44,False,-25.96,"{'brokerage': 160.0, 'stt': 14.95, 'exchange_turnover': 15.1, 'sebi_turnover': 0.03, 'stamp_duty': 0.45, 'gst': 31.52, 'slippage': 300.0, 'total_rupees': 522.06, 'points_equivalent': 10.44}",2022
2022-11-04,True,,18150.0,18141.55,2022-11-10,2022-11-17,50,-144.65,-7232.5,556.16,11.12,False,-13.004,"{'brokerage': 160.0, 'stt': 30.29, 'exchange_turnover': 30.59, 'sebi_turnover': 0.06, 'stamp_duty': 0.91, 'gst': 34.32, 'slippage': 300.0, 'total_rupees': 556.16, 'points_equivalent': 11.12}",2022
2022-11-07,True,,18200.0,18214.7,2022-11-10,2022-11-17,50,-155.1,-7755.0,543.24,10.86,False,-14.275,"{'brokerage': 160.0, 'stt': 24.48, 'exchange_turnover': 24.72, 'sebi_turnover': 0.05, 'stamp_duty': 0.73, 'gst': 33.26, 'slippage': 300.0, 'total_rupees': 543.24, 'points_equivalent': 10.86}",2022
2022-11-09,True,,18150.0,18165.7,2022-11-10,2022-11-17,50,-185.35,-9267.5,535.77,10.72,False,-17.298,"{'brokerage': 160.0, 'stt': 21.12, 'exchange_turnover': 21.33, 'sebi_turnover': 0.04, 'stamp_duty': 0.63, 'gst': 32.65, 'slippage': 300.0, 'total_rupees': 535.77, 'points_equivalent': 10.72}",2022
2022-11-10,True,,18050.0,18027.65,2022-11-10,2022-11-17,50,-238.55,-11927.5,520.72,10.41,False,-22.906,"{'brokerage': 160.0, 'stt': 14.35, 'exchange_turnover': 14.5, 'sebi_turnover': 0.03, 'stamp_duty': 0.43, 'gst': 31.41, 'slippage': 300.0, 'total_rupees': 520.72, 'points_equivalent': 10.41}",2022
2022-11-11,True,,18400.0,18375.4,2022-11-17,2022-11-24,50,-124.9,-6245.0,550.13,11.0,False,-11.352,"{'brokerage': 160.0, 'stt': 27.57, 'exchange_turnover': 27.85, 'sebi_turnover': 0.06, 'stamp_duty': 0.83, 'gst': 33.82, 'slippage': 300.0, 'total_rupees': 550.13, 'points_equivalent': 11.0}",2022
2022-11-14,True,,18350.0,18338.9,2022-11-17,2022-11-24,50,-136.9,-6845.0,543.7,10.87,False,-12.59,"{'brokerage': 160.0, 'stt': 24.69, 'exchange_turnover': 24.93, 'sebi_turnover': 0.05, 'stamp_duty': 0.74, 'gst': 33.3, 'slippage': 300.0, 'total_rupees': 543.7, 'points_equivalent': 10.87}",2022
2022-11-15,True,,18450.0,18418.35,2022-11-17,2022-11-24,50,-145.9,-7295.0,535.69,10.71,False,-13.618,"{'brokerage': 160.0, 'stt': 21.08, 'exchange_turnover': 21.29, 'sebi_turnover': 0.04, 'stamp_duty': 0.63, 'gst': 32.64, 'slippage': 300.0, 'total_rupees': 535.69, 'points_equivalent': 10.71}",2022
2022-11-16,True,,18400.0,18409.45,2022-11-17,2022-11-24,50,-173.15,-8657.5,532.13,10.64,False,-16.27,"{'brokerage': 160.0, 'stt': 19.48, 'exchange_turnover': 19.68, 'sebi_turnover': 0.04, 'stamp_duty': 0.58, 'gst': 32.35, 'slippage': 300.0, 'total_rupees': 532.13, 'points_equivalent': 10.64}",2022
2022-11-17,True,,18350.0,18353.8,2022-11-17,2022-11-24,50,-230.9,-11545.0,517.24,10.34,False,-22.32,"{'brokerage': 160.0, 'stt': 12.79, 'exchange_turnover': 12.91, 'sebi_turnover': 0.03, 'stamp_duty': 0.38, 'gst': 31.13, 'slippage': 300.0, 'total_rupees': 517.24, 'points_equivalent': 10.34}",2022
2022-11-18,True,,18400.0,18354.4,2022-11-24,2022-12-01,50,-118.55,-5927.5,547.22,10.94,False,-10.832,"{'brokerage': 160.0, 'stt': 26.27, 'exchange_turnover': 26.53, 'sebi_turnover': 0.05, 'stamp_duty': 0.79, 'gst': 33.58, 'slippage': 300.0, 'total_rupees': 547.22, 'points_equivalent': 10.94}",2022
2022-11-21,True,,18200.0,18190.55,2022-11-24,2022-12-01,50,-131.15,-6557.5,540.56,10.81,False,-12.131,"{'brokerage': 160.0, 'stt': 23.27, 'exchange_turnover': 23.51, 'sebi_turnover': 0.05, 'stamp_duty': 0.7, 'gst': 33.04, 'slippage': 300.0, 'total_rupees': 540.56, 'points_equivalent': 10.81}",2022
2022-11-22,True,,18300.0,18278.5,2022-11-24,2022-12-01,50,-128.3,-6415.0,530.31,10.61,False,-12.097,"{'brokerage': 160.0, 'stt': 18.66, 'exchange_turnover': 18.85, 'sebi_turnover': 0.04, 'stamp_duty': 0.56, 'gst': 32.2, 'slippage': 300.0, 'total_rupees': 530.31, 'points_equivalent': 10.61}",2022
2022-11-23,True,,18300.0,18289.15,2022-11-24,2022-12-01,50,-145.9,-7295.0,524.48,10.49,False,-13.909,"{'brokerage': 160.0, 'stt': 16.04, 'exchange_turnover': 16.2, 'sebi_turnover': 0.03, 'stamp_duty': 0.48, 'gst': 31.72, 'slippage': 300.0, 'total_rupees': 524.48, 'points_equivalent': 10.49}",2022
2022-11-24,True,,18450.0,18454.55,2022-11-24,2022-12-01,50,-196.3,-9815.0,514.53,10.29,False,-19.076,"{'brokerage': 160.0, 'stt': 11.57, 'exchange_turnover': 11.69, 'sebi_turnover': 0.02, 'stamp_duty': 0.35, 'gst': 30.91, 'slippage': 300.0, 'total_rupees': 514.53, 'points_equivalent': 10.29}",2022
2022-11-25,True,,18550.0,18532.7,2022-12-01,2022-12-08,50,-116.95,-5847.5,542.44,10.85,False,-10.78,"{'brokerage': 160.0, 'stt': 24.12, 'exchange_turnover': 24.36, 'sebi_turnover': 0.05, 'stamp_duty': 0.72, 'gst': 33.19, 'slippage': 300.0, 'total_rupees': 542.44, 'points_equivalent': 10.85}",2022
2022-11-28,True,,18600.0,18579.3,2022-12-01,2022-12-08,50,-133.85,-6692.5,538.4,10.77,False,-12.43,"{'brokerage': 160.0, 'stt': 22.3, 'exchange_turnover': 22.53, 'sebi_turnover': 0.04, 'stamp_duty': 0.67, 'gst': 32.86, 'slippage': 300.0, 'total_rupees': 538.4, 'points_equivalent': 10.77}",2022
2022-11-29,True,,18650.0,18622.95,2022-12-01,2022-12-08,50,-149.75,-7487.5,532.09,10.64,False,-14.072,"{'brokerage': 160.0, 'stt': 19.46, 'exchange_turnover': 19.66, 'sebi_turnover': 0.04, 'stamp_duty': 0.58, 'gst': 32.35, 'slippage': 300.0, 'total_rupees': 532.09, 'points_equivalent': 10.64}",2022
2022-11-30,True,,18750.0,18747.75,2022-12-01,2022-12-08,50,-165.15,-8257.5,526.59,10.53,False,-15.681,"{'brokerage': 160.0, 'stt': 16.99, 'exchange_turnover': 17.16, 'sebi_turnover': 0.03, 'stamp_duty': 0.51, 'gst': 31.9, 'slippage': 300.0, 'total_rupees': 526.59, 'points_equivalent': 10.53}",2022
2022-12-01,True,,18800.0,18815.5,2022-12-01,2022-12-08,50,-214.2,-10710.0,517.4,10.35,False,-20.7,"{'brokerage': 160.0, 'stt': 12.86, 'exchange_turnover': 12.99, 'sebi_turnover': 0.03, 'stamp_duty': 0.39, 'gst': 31.14, 'slippage': 300.0, 'total_rupees': 517.4, 'points_equivalent': 10.35}",2022
2022-12-02,True,,18700.0,18723.5,2022-12-08,2022-12-15,50,-116.9,-5845.0,548.08,10.96,False,-10.665,"{'brokerage': 160.0, 'stt': 26.66, 'exchange_turnover': 26.92, 'sebi_turnover': 0.05, 'stamp_duty': 0.8, 'gst': 33.66, 'slippage': 300.0, 'total_rupees': 548.08, 'points_equivalent': 10.96}",2022
2022-12-05,True,,18700.0,18725.4,2022-12-08,2022-12-15,50,-129.3,-6465.0,543.41,10.87,False,-11.897,"{'brokerage': 160.0, 'stt': 24.55, 'exchange_turnover': 24.8, 'sebi_turnover': 0.05, 'stamp_duty': 0.74, 'gst': 33.27, 'slippage': 300.0, 'total_rupees': 543.41, 'points_equivalent': 10.87}",2022
2022-12-06,True,,18700.0,18682.6,2022-12-08,2022-12-15,50,-137.3,-6865.0,539.1,10.78,False,-12.734,"{'brokerage': 160.0, 'stt': 22.62, 'exchange_turnover': 22.84, 'sebi_turnover': 0.05, 'stamp_duty': 0.68, 'gst': 32.92, 'slippage': 300.0, 'total_rupees': 539.1, 'points_equivalent': 10.78}",2022
2022-12-07,True,,18600.0,18590.5,2022-12-08,2022-12-15,50,-160.2,-8010.0,532.55,10.65,False,-15.041,"{'brokerage': 160.0, 'stt': 19.67, 'exchange_turnover': 19.87, 'sebi_turnover': 0.04, 'stamp_duty': 0.59, 'gst': 32.38, 'slippage': 300.0, 'total_rupees': 532.55, 'points_equivalent': 10.65}",2022
2022-12-08,True,,18600.0,18608.85,2022-12-08,2022-12-15,50,-203.3,-10165.0,515.27,10.31,False,-19.728,"{'brokerage': 160.0, 'stt': 11.9, 'exchange_turnover': 12.02, 'sebi_turnover': 0.02, 'stamp_duty': 0.36, 'gst': 30.97, 'slippage': 300.0, 'total_rupees': 515.27, 'points_equivalent': 10.31}",2022
2022-12-09,True,,18500.0,18518.75,2022-12-15,2022-12-22,50,-113.6,-5680.0,544.53,10.89,False,-10.431,"{'brokerage': 160.0, 'stt': 25.05, 'exchange_turnover': 25.31, 'sebi_turnover': 0.05, 'stamp_duty': 0.75, 'gst': 33.36, 'slippage': 300.0, 'total_rupees': 544.53, 'points_equivalent': 10.89}",2022
2022-12-12,True,,18550.0,18533.35,2022-12-15,2022-12-22,50,-113.6,-5680.0,537.85,10.76,False,-10.561,"{'brokerage': 160.0, 'stt': 22.05, 'exchange_turnover': 22.28, 'sebi_turnover': 0.04, 'stamp_duty': 0.66, 'gst': 32.82, 'slippage': 300.0, 'total_rupees': 537.85, 'points_equivalent': 10.76}",2022
2022-12-13,True,,18650.0,18626.95,2022-12-15,2022-12-22,50,-110.6,-5530.0,534.96,10.7,False,-10.337,"{'brokerage': 160.0, 'stt': 20.75, 'exchange_turnover': 20.96, 'sebi_turnover': 0.04, 'stamp_duty': 0.62, 'gst': 32.58, 'slippage': 300.0, 'total_rupees': 534.96, 'points_equivalent': 10.7}",2022
2022-12-14,True,,18700.0,18673.9,2022-12-15,2022-12-22,50,-125.35,-6267.5,528.72,10.57,False,-11.854,"{'brokerage': 160.0, 'stt': 17.95, 'exchange_turnover': 18.13, 'sebi_turnover': 0.04, 'stamp_duty': 0.54, 'gst': 32.07, 'slippage': 300.0, 'total_rupees': 528.72, 'points_equivalent': 10.57}",2022
2022-12-15,True,,18450.0,18431.25,2022-12-15,2022-12-22,50,-199.25,-9962.5,516.66,10.33,False,-19.283,"{'brokerage': 160.0, 'stt': 12.53, 'exchange_turnover': 12.65, 'sebi_turnover': 0.03, 'stamp_duty': 0.38, 'gst': 31.08, 'slippage': 300.0, 'total_rupees': 516.66, 'points_equivalent': 10.33}",2022
2022-12-16,True,,18300.0,18290.25,2022-12-22,2022-12-29,50,-135.2,-6760.0,550.18,11.0,False,-12.287,"{'brokerage': 160.0, 'stt': 27.59, 'exchange_turnover': 27.87, 'sebi_turnover': 0.06, 'stamp_duty': 0.83, 'gst': 33.83, 'slippage': 300.0, 'total_rupees': 550.18, 'points_equivalent': 11.0}",2022
2022-12-19,True,,18450.0,18453.3,2022-12-22,2022-12-29,50,-128.65,-6432.5,539.83,10.8,False,-11.916,"{'brokerage': 160.0, 'stt': 22.94, 'exchange_turnover': 23.17, 'sebi_turnover': 0.05, 'stamp_duty': 0.69, 'gst': 32.98, 'slippage': 300.0, 'total_rupees': 539.83, 'points_equivalent': 10.8}",2022
2022-12-20,True,,18400.0,18393.1,2022-12-22,2022-12-29,50,-142.05,-7102.5,534.16,10.68,False,-13.297,"{'brokerage': 160.0, 'stt': 20.39, 'exchange_turnover': 20.6, 'sebi_turnover': 0.04, 'stamp_duty': 0.61, 'gst': 32.51, 'slippage': 300.0, 'total_rupees': 534.16, 'points_equivalent': 10.68}",2022
2022-12-21,True,,18250.0,18234.15,2022-12-22,2022-12-29,50,-189.95,-9497.5,539.34,10.79,False,-17.609,"{'brokerage': 160.0, 'stt': 22.72, 'exchange_turnover': 22.95, 'sebi_turnover': 0.05, 'stamp_duty': 0.68, 'gst': 32.94, 'slippage': 300.0, 'total_rupees': 539.34, 'points_equivalent': 10.79}",2022
2022-12-22,True,,18150.0,18131.05,2022-12-22,2022-12-29,50,-240.0,-12000.0,520.82,10.42,False,-23.041,"{'brokerage': 160.0, 'stt': 14.39, 'exchange_turnover': 14.54, 'sebi_turnover': 0.03, 'stamp_duty': 0.43, 'gst': 31.42, 'slippage': 300.0, 'total_rupees': 520.82, 'points_equivalent': 10.42}",2022
2022-12-23,True,,17900.0,17859.8,2022-12-29,2023-01-05,50,-133.35,-6667.5,560.61,11.21,False,-11.893,"{'brokerage': 160.0, 'stt': 32.29, 'exchange_turnover': 32.61, 'sebi_turnover': 0.06, 'stamp_duty': 0.97, 'gst': 34.68, 'slippage': 300.0, 'total_rupees': 560.61, 'points_equivalent': 11.21}",2022
2022-12-26,True,,18050.0,18036.65,2022-12-29,2023-01-05,50,-152.5,-7625.0,549.94,11.0,False,-13.865,"{'brokerage': 160.0, 'stt': 27.49, 'exchange_turnover': 27.76, 'sebi_turnover': 0.05, 'stamp_duty': 0.82, 'gst': 33.81, 'slippage': 300.0, 'total_rupees': 549.94, 'points_equivalent': 11.0}",2022
2022-12-27,True,,18150.0,18134.35,2022-12-29,2023-01-05,50,-162.95,-8147.5,539.56,10.79,False,-15.1,"{'brokerage': 160.0, 'stt': 22.82, 'exchange_turnover': 23.05, 'sebi_turnover': 0.05, 'stamp_duty': 0.68, 'gst': 32.96, 'slippage': 300.0, 'total_rupees': 539.56, 'points_equivalent': 10.79}",2022
2022-12-28,True,,18150.0,18124.4,2022-12-29,2023-01-05,50,-183.55,-9177.5,532.5,10.65,False,-17.235,"{'brokerage': 160.0, 'stt': 19.65, 'exchange_turnover': 19.84, 'sebi_turnover': 0.04, 'stamp_duty': 0.59, 'gst': 32.38, 'slippage': 300.0, 'total_rupees': 532.5, 'points_equivalent': 10.65}",2022
2022-12-29,True,,18200.0,18186.4,2022-12-29,2023-01-05,50,-218.1,-10905.0,517.01,10.34,False,-21.092,"{'brokerage': 160.0, 'stt': 12.69, 'exchange_turnover': 12.81, 'sebi_turnover': 0.03, 'stamp_duty': 0.38, 'gst': 31.11, 'slippage': 300.0, 'total_rupees': 517.01, 'points_equivalent': 10.34}",2022
2022-12-30,True,,18150.0,18133.6,2023-01-05,2023-01-12,50,-122.35,-6117.5,551.69,11.03,False,-11.089,"{'brokerage': 160.0, 'stt': 28.28, 'exchange_turnover': 28.56, 'sebi_turnover': 0.06, 'stamp_duty': 0.85, 'gst': 33.95, 'slippage': 300.0, 'total_rupees': 551.69, 'points_equivalent': 11.03}",2022
2023-01-02,True,,18200.0,18206.35,2023-01-05,2023-01-12,50,-127.4,-6370.0,544.1,10.88,False,-11.707,"{'brokerage': 160.0, 'stt': 24.87, 'exchange_turnover': 25.11, 'sebi_turnover': 0.05, 'stamp_duty': 0.75, 'gst': 33.33, 'slippage': 300.0, 'total_rupees': 544.1, 'points_equivalent': 10.88}",2023
2023-01-03,True,,18250.0,18252.25,2023-01-05,2023-01-12,50,-134.3,-6715.0,536.29,10.73,False,-12.521,"{'brokerage': 160.0, 'stt': 21.35, 'exchange_turnover': 21.56, 'sebi_turnover': 0.04, 'stamp_duty': 0.64, 'gst': 32.69, 'slippage': 300.0, 'total_rupees': 536.29, 'points_equivalent': 10.73}",2023
2023-01-04,True,,18050.0,18053.4,2023-01-05,2023-01-12,50,-169.7,-8485.0,533.43,10.67,False,-15.906,"{'brokerage': 160.0, 'stt': 20.07, 'exchange_turnover': 20.27, 'sebi_turnover': 0.04, 'stamp_duty': 0.6, 'gst': 32.46, 'slippage': 300.0, 'total_rupees': 533.43, 'points_equivalent': 10.67}",2023
2023-01-05,True,,18000.0,17991.45,2023-01-05,2023-01-12,50,-231.05,-11552.5,518.0,10.36,False,-22.302,"{'brokerage': 160.0, 'stt': 13.13, 'exchange_turnover': 13.26, 'sebi_turnover': 0.03, 'stamp_duty': 0.39, 'gst': 31.19, 'slippage': 300.0, 'total_rupees': 518.0, 'points_equivalent': 10.36}",2023
2023-01-06,True,,17900.0,17886.6,2023-01-12,2023-01-19,50,-121.35,-6067.5,550.76,11.02,False,-11.017,"{'brokerage': 160.0, 'stt': 27.86, 'exchange_turnover': 28.14, 'sebi_turnover': 0.06, 'stamp_duty': 0.84, 'gst': 33.87, 'slippage': 300.0, 'total_rupees': 550.76, 'points_equivalent': 11.02}",2023
2023-01-09,True,,18100.0,18110.6,2023-01-12,2023-01-19,50,-135.05,-6752.5,539.85,10.8,False,-12.508,"{'brokerage': 160.0, 'stt': 22.95, 'exchange_turnover': 23.18, 'sebi_turnover': 0.05, 'stamp_duty': 0.69, 'gst': 32.98, 'slippage': 300.0, 'total_rupees': 539.85, 'points_equivalent': 10.8}",2023
2023-01-10,True,,17900.0,17926.7,2023-01-12,2023-01-19,50,-156.05,-7802.5,541.7,10.83,False,-14.404,"{'brokerage': 160.0, 'stt': 23.78, 'exchange_turnover': 24.02, 'sebi_turnover': 0.05, 'stamp_duty': 0.71, 'gst': 33.13, 'slippage': 300.0, 'total_rupees': 541.7, 'points_equivalent': 10.83}",2023
2023-01-11,True,,17900.0,17905.5,2023-01-12,2023-01-19,50,-178.1,-8905.0,535.74,10.71,False,-16.622,"{'brokerage': 160.0, 'stt': 21.11, 'exchange_turnover': 21.32, 'sebi_turnover': 0.04, 'stamp_duty': 0.63, 'gst': 32.64, 'slippage': 300.0, 'total_rupees': 535.74, 'points_equivalent': 10.71}",2023
2023-01-12,True,,17850.0,17857.5,2023-01-12,2023-01-19,50,-264.45,-13222.5,521.39,10.43,False,-25.36,"{'brokerage': 160.0, 'stt': 14.65, 'exchange_turnover': 14.8, 'sebi_turnover': 0.03, 'stamp_duty': 0.44, 'gst': 31.47, 'slippage': 300.0, 'total_rupees': 521.39, 'points_equivalent': 10.43}",2023
2023-01-13,True,,18000.0,17981.4,2023-01-19,2023-01-25,50,-119.45,-5972.5,549.66,10.99,False,-10.866,"{'brokerage': 160.0, 'stt': 27.36, 'exchange_turnover': 27.64, 'sebi_turnover': 0.05, 'stamp_duty': 0.82, 'gst': 33.78, 'slippage': 300.0, 'total_rupees': 549.66, 'points_equivalent': 10.99}",2023
2023-01-16,True,,17900.0,17909.35,2023-01-19,2023-01-25,50,-127.9,-6395.0,544.29,10.89,False,-11.749,"{'brokerage': 160.0, 'stt': 24.95, 'exchange_turnover': 25.2, 'sebi_turnover': 0.05, 'stamp_duty': 0.75, 'gst': 33.34, 'slippage': 300.0, 'total_rupees': 544.29, 'points_equivalent': 10.89}",2023
2023-01-17,True,,18050.0,18054.3,2023-01-19,2023-01-25,50,-138.95,-6947.5,536.06,10.72,False,-12.96,"{'brokerage': 160.0, 'stt': 21.25, 'exchange_turnover': 21.46, 'sebi_turnover': 0.04, 'stamp_duty': 0.64, 'gst': 32.67, 'slippage': 300.0, 'total_rupees': 536.06, 'points_equivalent': 10.72}",2023
2023-01-18,True,,18150.0,18164.6,2023-01-19,2023-01-25,50,-153.7,-7685.0,528.33,10.57,False,-14.546,"{'brokerage': 160.0, 'stt': 17.78, 'exchange_turnover': 17.95, 'sebi_turnover': 0.04, 'stamp_duty': 0.53, 'gst': 32.04, 'slippage': 300.0, 'total_rupees': 528.33, 'points_equivalent': 10.57}",2023
2023-01-19,True,,18100.0,18111.55,2023-01-19,2023-01-25,50,-204.0,-10200.0,514.95,10.3,False,-19.808,"{'brokerage': 160.0, 'stt': 11.76, 'exchange_turnover': 11.87, 'sebi_turnover': 0.02, 'stamp_duty': 0.35, 'gst': 30.94, 'slippage': 300.0, 'total_rupees': 514.95, 'points_equivalent': 10.3}",2023
2023-01-20,True,,18050.0,18054.35,2023-01-25,2023-02-02,50,-190.15,-9507.5,550.9,11.02,False,-17.258,"{'brokerage': 160.0, 'stt': 27.92, 'exchange_turnover': 28.2, 'sebi_turnover': 0.06, 'stamp_duty': 0.84, 'gst': 33.89, 'slippage': 300.0, 'total_rupees': 550.9, 'points_equivalent': 11.02}",2023
2023-01-23,True,,18150.0,18147.25,2023-01-25,2023-02-02,50,-195.5,-9775.0,538.73,10.77,False,-18.145,"{'brokerage': 160.0, 'stt': 22.45, 'exchange_turnover': 22.67, 'sebi_turnover': 0.04, 'stamp_duty': 0.67, 'gst': 32.89, 'slippage': 300.0, 'total_rupees': 538.73, 'points_equivalent': 10.77}",2023
2023-01-24,True,,18150.0,18127.25,2023-01-25,2023-02-02,50,-207.7,-10385.0,532.44,10.65,False,-19.505,"{'brokerage': 160.0, 'stt': 19.62, 'exchange_turnover': 19.82, 'sebi_turnover': 0.04, 'stamp_duty': 0.59, 'gst': 32.37, 'slippage': 300.0, 'total_rupees': 532.44, 'points_equivalent': 10.65}",2023
2023-01-25,True,,17900.0,17887.95,2023-01-25,2023-02-02,50,-301.35,-15067.5,525.77,10.52,False,-28.658,"{'brokerage': 160.0, 'stt': 16.62, 'exchange_turnover': 16.79, 'sebi_turnover': 0.03, 'stamp_duty': 0.5, 'gst': 31.83, 'slippage': 300.0, 'total_rupees': 525.77, 'points_equivalent': 10.52}",2023
2023-01-27,True,,17650.0,17624.55,2023-02-02,2023-02-09,50,-127.9,-6395.0,582.99,11.66,False,-10.969,"{'brokerage': 160.0, 'stt': 42.35, 'exchange_turnover': 42.77, 'sebi_turnover': 0.08, 'stamp_duty': 1.27, 'gst': 36.51, 'slippage': 300.0, 'total_rupees': 582.99, 'points_equivalent': 11.66}",2023
2023-01-30,True,,17700.0,17665.25,2023-02-02,2023-02-09,50,-148.9,-7445.0,575.21,11.5,False,-12.943,"{'brokerage': 160.0, 'stt': 38.85, 'exchange_turnover': 39.24, 'sebi_turnover': 0.08, 'stamp_duty': 1.17, 'gst': 35.88, 'slippage': 300.0, 'total_rupees': 575.21, 'points_equivalent': 11.5}",2023
2023-01-31,True,,17700.0,17717.75,2023-02-02,2023-02-09,50,-145.9,-7295.0,570.78,11.42,False,-12.781,"{'brokerage': 160.0, 'stt': 36.86, 'exchange_turnover': 37.23, 'sebi_turnover': 0.07, 'stamp_duty': 1.11, 'gst': 35.51, 'slippage': 300.0, 'total_rupees': 570.78, 'points_equivalent': 11.42}",2023
2023-02-01,True,,17600.0,17617.9,2023-02-02,2023-02-09,50,-221.65,-11082.5,551.17,11.02,False,-20.107,"{'brokerage': 160.0, 'stt': 28.04, 'exchange_turnover': 28.32, 'sebi_turnover': 0.06, 'stamp_duty': 0.84, 'gst': 33.91, 'slippage': 300.0, 'total_rupees': 551.17, 'points_equivalent': 11.02}",2023
2023-02-02,True,,17600.0,17607.05,2023-02-02,2023-02-09,50,-298.9,-14945.0,525.77,10.52,False,-28.425,"{'brokerage': 160.0, 'stt': 16.62, 'exchange_turnover': 16.79, 'sebi_turnover': 0.03, 'stamp_duty': 0.5, 'gst': 31.83, 'slippage': 300.0, 'total_rupees': 525.77, 'points_equivalent': 10.52}",2023
2023-02-03,True,,17900.0,17857.35,2023-02-09,2023-02-16,50,-106.85,-5342.5,553.21,11.06,False,-9.657,"{'brokerage': 160.0, 'stt': 28.96, 'exchange_turnover': 29.25, 'sebi_turnover': 0.06, 'stamp_duty': 0.87, 'gst': 34.07, 'slippage': 300.0, 'total_rupees': 553.21, 'points_equivalent': 11.06}",2023
2023-02-06,True,,17800.0,17766.85,2023-02-09,2023-02-16,50,-112.0,-5600.0,546.86,10.94,False,-10.24,"{'brokerage': 160.0, 'stt': 26.11, 'exchange_turnover': 26.37, 'sebi_turnover': 0.05, 'stamp_duty': 0.78, 'gst': 33.56, 'slippage': 300.0, 'total_rupees': 546.86, 'points_equivalent': 10.94}",2023
2023-02-07,True,,17750.0,17739.7,2023-02-09,2023-02-16,50,-124.35,-6217.5,539.68,10.79,False,-11.521,"{'brokerage': 160.0, 'stt': 22.88, 'exchange_turnover': 23.11, 'sebi_turnover': 0.05, 'stamp_duty': 0.69, 'gst': 32.97, 'slippage': 300.0, 'total_rupees': 539.68, 'points_equivalent': 10.79}",2023
2023-02-08,True,,17900.0,17870.7,2023-02-09,2023-02-16,50,-132.3,-6615.0,529.65,10.59,False,-12.489,"{'brokerage': 160.0, 'stt': 18.37, 'exchange_turnover': 18.55, 'sebi_turnover': 0.04, 'stamp_duty': 0.55, 'gst': 32.15, 'slippage': 300.0, 'total_rupees': 529.65, 'points_equivalent': 10.59}",2023
2023-02-09,True,,17900.0,17888.65,2023-02-09,2023-02-16,50,-207.5,-10375.0,515.2,10.3,False,-20.138,"{'brokerage': 160.0, 'stt': 11.87, 'exchange_turnover': 11.99, 'sebi_turnover': 0.02, 'stamp_duty': 0.36, 'gst': 30.96, 'slippage': 300.0, 'total_rupees': 515.2, 'points_equivalent': 10.3}",2023
2023-02-10,True,,17850.0,17861.75,2023-02-16,2023-02-23,50,-109.55,-5477.5,542.65,10.85,False,-10.094,"{'brokerage': 160.0, 'stt': 24.21, 'exchange_turnover': 24.45, 'sebi_turnover': 0.05, 'stamp_duty': 0.73, 'gst': 33.21, 'slippage': 300.0, 'total_rupees': 542.65, 'points_equivalent': 10.85}",2023
2023-02-13,True,,17800.0,17785.2,2023-02-16,2023-02-23,50,-117.95,-5897.5,540.06,10.8,False,-10.92,"{'brokerage': 160.0, 'stt': 23.05, 'exchange_turnover': 23.28, 'sebi_turnover': 0.05, 'stamp_duty': 0.69, 'gst': 33.0, 'slippage': 300.0, 'total_rupees': 540.06, 'points_equivalent': 10.8}",2023
2023-02-14,True,,17950.0,17927.15,2023-02-16,2023-02-23,50,-123.35,-6167.5,534.38,10.69,False,-11.541,"{'brokerage': 160.0, 'stt': 20.49, 'exchange_turnover': 20.7, 'sebi_turnover': 0.04, 'stamp_duty': 0.61, 'gst': 32.53, 'slippage': 300.0, 'total_rupees': 534.38, 'points_equivalent': 10.69}",2023
2023-02-15,True,,18000.0,18010.9,2023-02-16,2023-02-23,50,-137.7,-6885.0,524.71,10.49,False,-13.122,"{'brokerage': 160.0, 'stt': 16.14, 'exchange_turnover': 16.31, 'sebi_turnover': 0.03, 'stamp_duty': 0.48, 'gst': 31.74, 'slippage': 300.0, 'total_rupees': 524.71, 'points_equivalent': 10.49}",2023
2023-02-16,True,,18050.0,18050.85,2023-02-16,2023-02-23,50,-192.1,-9605.0,512.87,10.26,False,-18.728,"{'brokerage': 160.0, 'stt': 10.82, 'exchange_turnover': 10.93, 'sebi_turnover': 0.02, 'stamp_duty': 0.32, 'gst': 30.77, 'slippage': 300.0, 'total_rupees': 512.87, 'points_equivalent': 10.26}",2023
2023-02-17,True,,17950.0,17949.95,2023-02-23,2023-03-02,50,-110.1,-5505.0,543.83,10.88,False,-10.123,"{'brokerage': 160.0, 'stt': 24.74, 'exchange_turnover': 24.99, 'sebi_turnover': 0.05, 'stamp_duty': 0.74, 'gst': 33.31, 'slippage': 300.0, 'total_rupees': 543.83, 'points_equivalent': 10.88}",2023
2023-02-20,True,,17850.0,17862.75,2023-02-23,2023-03-02,50,-121.2,-6060.0,540.75,10.81,False,-11.207,"{'brokerage': 160.0, 'stt': 23.36, 'exchange_turnover': 23.59, 'sebi_turnover': 0.05, 'stamp_duty': 0.7, 'gst': 33.05, 'slippage': 300.0, 'total_rupees': 540.75, 'points_equivalent': 10.81}",2023
2023-02-21,True,,17850.0,17838.5,2023-02-23,2023-03-02,50,-125.35,-6267.5,533.34,10.67,False,-11.751,"{'brokerage': 160.0, 'stt': 20.03, 'exchange_turnover': 20.23, 'sebi_turnover': 0.04, 'stamp_duty': 0.6, 'gst': 32.45, 'slippage': 300.0, 'total_rupees': 533.34, 'points_equivalent': 10.67}",2023
2023-02-22,True,,17550.0,17565.0,2023-02-23,2023-03-02,50,-177.4,-8870.0,533.13,10.66,False,-16.638,"{'brokerage': 160.0, 'stt': 19.93, 'exchange_turnover': 20.13, 'sebi_turnover': 0.04, 'stamp_duty': 0.6, 'gst': 32.43, 'slippage': 300.0, 'total_rupees': 533.13, 'points_equivalent': 10.66}",2023
2023-02-23,True,,17500.0,17509.4,2023-02-23,2023-03-02,50,-229.4,-11470.0,517.89,10.36,False,-22.148,"{'brokerage': 160.0, 'stt': 13.08, 'exchange_turnover': 13.21, 'sebi_turnover': 0.03, 'stamp_duty': 0.39, 'gst': 31.18, 'slippage': 300.0, 'total_rupees': 517.89, 'points_equivalent': 10.36}",2023
2023-02-24,True,,17500.0,17483.25,2023-03-02,2023-03-09,50,-100.05,-5002.5,545.02,10.9,False,-9.179,"{'brokerage': 160.0, 'stt': 25.28, 'exchange_turnover': 25.53, 'sebi_turnover': 0.05, 'stamp_duty': 0.76, 'gst': 33.4, 'slippage': 300.0, 'total_rupees': 545.02, 'points_equivalent': 10.9}",2023
2023-02-27,True,,17400.0,17413.45,2023-03-02,2023-03-09,50,-112.2,-5610.0,538.85,10.78,False,-10.411,"{'brokerage': 160.0, 'stt': 22.5, 'exchange_turnover': 22.73, 'sebi_turnover': 0.05, 'stamp_duty': 0.68, 'gst': 32.9, 'slippage': 300.0, 'total_rupees': 538.85, 'points_equivalent': 10.78}",2023
2023-02-28,True,,17300.0,17324.0,2023-03-02,2023-03-09,50,-130.05,-6502.5,534.96,10.7,False,-12.155,"{'brokerage': 160.0, 'stt': 20.75, 'exchange_turnover': 20.96, 'sebi_turnover': 0.04, 'stamp_duty': 0.62, 'gst': 32.58, 'slippage': 300.0, 'total_rupees': 534.96, 'points_equivalent': 10.7}",2023
2023-03-01,True,,17450.0,17457.8,2023-03-02,2023-03-09,50,-133.55,-6677.5,524.4,10.49,False,-12.734,"{'brokerage': 160.0, 'stt': 16.01, 'exchange_turnover': 16.17, 'sebi_turnover': 0.03, 'stamp_duty': 0.48, 'gst': 31.72, 'slippage': 300.0, 'total_rupees': 524.4, 'points_equivalent': 10.49}",2023
2023-03-02,True,,17350.0,17325.4,2023-03-02,2023-03-09,50,-176.25,-8812.5,514.29,10.29,False,-17.135,"{'brokerage': 160.0, 'stt': 11.46, 'exchange_turnover': 11.58, 'sebi_turnover': 0.02, 'stamp_duty': 0.34, 'gst': 30.89, 'slippage': 300.0, 'total_rupees': 514.29, 'points_equivalent': 10.29}",2023
2023-03-03,True,,17650.0,17607.8,2023-03-09,2023-03-16,50,-99.55,-4977.5,535.3,10.71,False,-9.299,"{'brokerage': 160.0, 'stt': 20.91, 'exchange_turnover': 21.12, 'sebi_turnover': 0.04, 'stamp_duty': 0.63, 'gst': 32.61, 'slippage': 300.0, 'total_rupees': 535.3, 'points_equivalent': 10.71}",2023
2023-03-06,True,,17700.0,17712.0,2023-03-09,2023-03-16,50,-116.7,-5835.0,528.78,10.58,False,-11.035,"{'brokerage': 160.0, 'stt': 17.98, 'exchange_turnover': 18.15, 'sebi_turnover': 0.04, 'stamp_duty': 0.54, 'gst': 32.07, 'slippage': 300.0, 'total_rupees': 528.78, 'points_equivalent': 10.58}",2023
2023-03-08,True,,17750.0,17744.85,2023-03-09,2023-03-16,50,-141.55,-7077.5,523.57,10.47,False,-13.518,"{'brokerage': 160.0, 'stt': 15.63, 'exchange_turnover': 15.79, 'sebi_turnover': 0.03, 'stamp_duty': 0.47, 'gst': 31.65, 'slippage': 300.0, 'total_rupees': 523.57, 'points_equivalent': 10.47}",2023
2023-03-09,True,,17600.0,17600.25,2023-03-09,2023-03-16,50,-203.35,-10167.5,513.96,10.28,False,-19.783,"{'brokerage': 160.0, 'stt': 11.31, 'exchange_turnover': 11.43, 'sebi_turnover': 0.02, 'stamp_duty': 0.34, 'gst': 30.86, 'slippage': 300.0, 'total_rupees': 513.96, 'points_equivalent': 10.28}",2023
2023-03-10,True,,17450.0,17417.75,2023-03-16,2023-03-23,50,-104.05,-5202.5,544.87,10.9,False,-9.548,"{'brokerage': 160.0, 'stt': 25.21, 'exchange_turnover': 25.46, 'sebi_turnover': 0.05, 'stamp_duty': 0.76, 'gst': 33.39, 'slippage': 300.0, 'total_rupees': 544.87, 'points_equivalent': 10.9}",2023
2023-03-13,True,,17150.0,17161.5,2023-03-16,2023-03-23,50,-141.2,-7060.0,555.32,11.11,False,-12.713,"{'brokerage': 160.0, 'stt': 29.91, 'exchange_turnover': 30.21, 'sebi_turnover': 0.06, 'stamp_duty': 0.9, 'gst': 34.25, 'slippage': 300.0, 'total_rupees': 555.32, 'points_equivalent': 11.11}",2023
2023-03-14,True,,17100.0,17070.55,2023-03-16,2023-03-23,50,-149.45,-7472.5,547.31,10.95,False,-13.653,"{'brokerage': 160.0, 'stt': 26.31, 'exchange_turnover': 26.57, 'sebi_turnover': 0.05, 'stamp_duty': 0.79, 'gst': 33.59, 'slippage': 300.0, 'total_rupees': 547.31, 'points_equivalent': 10.95}",2023
2023-03-15,True,,17000.0,16982.5,2023-03-16,2023-03-23,50,-201.55,-10077.5,539.46,10.79,False,-18.681,"{'brokerage': 160.0, 'stt': 22.78, 'exchange_turnover': 23.01, 'sebi_turnover': 0.05, 'stamp_duty': 0.68, 'gst': 32.95, 'slippage': 300.0, 'total_rupees': 539.46, 'points_equivalent': 10.79}",2023
2023-03-16,True,,17000.0,16978.8,2023-03-16,2023-03-23,50,-289.65,-14482.5,526.53,10.53,False,-27.506,"{'brokerage': 160.0, 'stt': 16.96, 'exchange_turnover': 17.13, 'sebi_turnover': 0.03, 'stamp_duty': 0.51, 'gst': 31.89, 'slippage': 300.0, 'total_rupees': 526.53, 'points_equivalent': 10.53}",2023
2023-03-17,True,,17150.0,17135.85,2023-03-23,2023-03-29,50,-112.4,-5620.0,552.64,11.05,False,-10.169,"{'brokerage': 160.0, 'stt': 28.71, 'exchange_turnover': 28.99, 'sebi_turnover': 0.06, 'stamp_duty': 0.86, 'gst': 34.03, 'slippage': 300.0, 'total_rupees': 552.64, 'points_equivalent': 11.05}",2023
2023-03-20,True,,17000.0,16994.45,2023-03-23,2023-03-29,50,-133.65,-6682.5,552.14,11.04,False,-12.103,"{'brokerage': 160.0, 'stt': 28.48, 'exchange_turnover': 28.76, 'sebi_turnover': 0.06, 'stamp_duty': 0.85, 'gst': 33.99, 'slippage': 300.0, 'total_rupees': 552.14, 'points_equivalent': 11.04}",2023
2023-03-21,True,,17150.0,17122.15,2023-03-23,2023-03-29,50,-129.25,-6462.5,541.11,10.82,False,-11.943,"{'brokerage': 160.0, 'stt': 23.52, 'exchange_turnover': 23.75, 'sebi_turnover': 0.05, 'stamp_duty': 0.71, 'gst': 33.08, 'slippage': 300.0, 'total_rupees': 541.11, 'points_equivalent': 10.82}",2023
2023-03-22,True,,17150.0,17153.65,2023-03-23,2023-03-29,50,-138.8,-6940.0,536.05,10.72,False,-12.947,"{'brokerage': 160.0, 'stt': 21.25, 'exchange_turnover': 21.46, 'sebi_turnover': 0.04, 'stamp_duty': 0.64, 'gst': 32.67, 'slippage': 300.0, 'total_rupees': 536.05, 'points_equivalent': 10.72}",2023
2023-03-23,True,,17100.0,17084.1,2023-03-23,2023-03-29,50,-212.4,-10620.0,517.83,10.36,False,-20.509,"{'brokerage': 160.0, 'stt': 13.05, 'exchange_turnover': 13.18, 'sebi_turnover': 0.03, 'stamp_duty': 0.39, 'gst': 31.18, 'slippage': 300.0, 'total_rupees': 517.83, 'points_equivalent': 10.36}",2023
2023-03-24,True,,17000.0,16958.2,2023-03-29,2023-04-06,50,-136.05,-6802.5,552.79,11.06,False,-12.306,"{'brokerage': 160.0, 'stt': 28.77, 'exchange_turnover': 29.06, 'sebi_turnover': 0.06, 'stamp_duty': 0.86, 'gst': 34.04, 'slippage': 300.0, 'total_rupees': 552.79, 'points_equivalent': 11.06}",2023
2023-03-27,True,,17050.0,17028.85,2023-03-29,2023-04-06,50,-150.75,-7537.5,541.56,10.83,False,-13.918,"{'brokerage': 160.0, 'stt': 23.72, 'exchange_turnover': 23.96, 'sebi_turnover': 0.05, 'stamp_duty': 0.71, 'gst': 33.12, 'slippage': 300.0, 'total_rupees': 541.56, 'points_equivalent': 10.83}",2023
2023-03-28,True,,17000.0,16968.6,2023-03-29,2023-04-06,50,-169.3,-8465.0,533.29,10.67,False,-15.873,"{'brokerage': 160.0, 'stt': 20.0, 'exchange_turnover': 20.21, 'sebi_turnover': 0.04, 'stamp_duty': 0.6, 'gst': 32.44, 'slippage': 300.0, 'total_rupees': 533.29, 'points_equivalent': 10.67}",2023
2023-03-29,True,,17050.0,17063.05,2023-03-29,2023-04-06,50,-212.35,-10617.5,517.52,10.35,False,-20.516,"{'brokerage': 160.0, 'stt': 12.91, 'exchange_turnover': 13.04, 'sebi_turnover': 0.03, 'stamp_duty': 0.39, 'gst': 31.15, 'slippage': 300.0, 'total_rupees': 517.52, 'points_equivalent': 10.35}",2023
2023-03-31,True,,17400.0,17359.95,2023-04-06,2023-04-13,50,-100.5,-5025.0,543.91,10.88,False,-9.239,"{'brokerage': 160.0, 'stt': 24.78, 'exchange_turnover': 25.03, 'sebi_turnover': 0.05, 'stamp_duty': 0.74, 'gst': 33.31, 'slippage': 300.0, 'total_rupees': 543.91, 'points_equivalent': 10.88}",2023
2023-04-03,True,,17400.0,17402.0,2023-04-06,2023-04-13,50,-114.65,-5732.5,532.02,10.64,False,-10.775,"{'brokerage': 160.0, 'stt': 19.43, 'exchange_turnover': 19.63, 'sebi_turnover': 0.04, 'stamp_duty': 0.58, 'gst': 32.34, 'slippage': 300.0, 'total_rupees': 532.02, 'points_equivalent': 10.64}",2023
2023-04-05,True,,17550.0,17549.3,2023-04-06,2023-04-13,50,-135.35,-6767.5,523.51,10.47,False,-12.927,"{'brokerage': 160.0, 'stt': 15.61, 'exchange_turnover': 15.76, 'sebi_turnover': 0.03, 'stamp_duty': 0.47, 'gst': 31.64, 'slippage': 300.0, 'total_rupees': 523.51, 'points_equivalent': 10.47}",2023
2023-04-06,True,,17600.0,17599.55,2023-04-06,2023-04-13,50,-170.0,-8500.0,509.47,10.19,False,-16.684,"{'brokerage': 160.0, 'stt': 9.29, 'exchange_turnover': 9.39, 'sebi_turnover': 0.02, 'stamp_duty': 0.28, 'gst': 30.49, 'slippage': 300.0, 'total_rupees': 509.47, 'points_equivalent': 10.19}",2023
2023-04-10,True,,17650.0,17632.4,2023-04-13,2023-04-20,50,-96.3,-4815.0,529.87,10.6,False,-9.087,"{'brokerage': 160.0, 'stt': 18.46, 'exchange_turnover': 18.65, 'sebi_turnover': 0.04, 'stamp_duty': 0.55, 'gst': 32.16, 'slippage': 300.0, 'total_rupees': 529.87, 'points_equivalent': 10.6}",2023
2023-04-11,True,,17750.0,17732.85,2023-04-13,2023-04-20,50,-108.35,-5417.5,524.1,10.48,False,-10.337,"{'brokerage': 160.0, 'stt': 15.87, 'exchange_turnover': 16.03, 'sebi_turnover': 0.03, 'stamp_duty': 0.48, 'gst': 31.69, 'slippage': 300.0, 'total_rupees': 524.1, 'points_equivalent': 10.48}",2023
2023-04-12,True,,17800.0,17805.65,2023-04-13,2023-04-20,50,-122.65,-6132.5,522.51,10.45,False,-11.737,"{'brokerage': 160.0, 'stt': 15.16, 'exchange_turnover': 15.31, 'sebi_turnover': 0.03, 'stamp_duty': 0.45, 'gst': 31.56, 'slippage': 300.0, 'total_rupees': 522.51, 'points_equivalent': 10.45}",2023
2023-04-13,True,,17800.0,17821.55,2023-04-13,2023-04-20,50,-151.6,-7580.0,511.14,10.22,False,-14.83,"{'brokerage': 160.0, 'stt': 10.04, 'exchange_turnover': 10.15, 'sebi_turnover': 0.02, 'stamp_duty': 0.3, 'gst': 30.63, 'slippage': 300.0, 'total_rupees': 511.14, 'points_equivalent': 10.22}",2023
2023-04-17,True,,17750.0,17722.05,2023-04-20,2023-04-27,50,-105.05,-5252.5,531.63,10.63,False,-9.88,"{'brokerage': 160.0, 'stt': 19.26, 'exchange_turnover': 19.45, 'sebi_turnover': 0.04, 'stamp_duty': 0.58, 'gst': 32.31, 'slippage': 300.0, 'total_rupees': 531.63, 'points_equivalent': 10.63}",2023
2023-04-18,True,,17700.0,17677.95,2023-04-20,2023-04-27,50,-115.0,-5750.0,526.42,10.53,False,-10.923,"{'brokerage': 160.0, 'stt': 16.91, 'exchange_turnover': 17.08, 'sebi_turnover': 0.03, 'stamp_duty': 0.51, 'gst': 31.88, 'slippage': 300.0, 'total_rupees': 526.42, 'points_equivalent': 10.53}",2023
2023-04-19,True,,17650.0,17620.4,2023-04-20,2023-04-27,50,-121.65,-6082.5,521.5,10.43,False,-11.663,"{'brokerage': 160.0, 'stt': 14.7, 'exchange_turnover': 14.85, 'sebi_turnover': 0.03, 'stamp_duty': 0.44, 'gst': 31.48, 'slippage': 300.0, 'total_rupees': 521.5, 'points_equivalent': 10.43}",2023
2023-04-20,True,,17600.0,17621.75,2023-04-20,2023-04-27,50,-168.45,-8422.5,512.99,10.26,False,-16.418,"{'brokerage': 160.0, 'stt': 10.88, 'exchange_turnover': 10.99, 'sebi_turnover': 0.02, 'stamp_duty': 0.33, 'gst': 30.78, 'slippage': 300.0, 'total_rupees': 512.99, 'points_equivalent': 10.26}",2023
2023-04-21,True,,17700.0,17655.65,2023-04-27,2023-05-04,50,-93.0,-4650.0,533.36,10.67,False,-8.718,"{'brokerage': 160.0, 'stt': 20.04, 'exchange_turnover': 20.24, 'sebi_turnover': 0.04, 'stamp_duty': 0.6, 'gst': 32.45, 'slippage': 300.0, 'total_rupees': 533.36, 'points_equivalent': 10.67}",2023
2023-04-24,True,,17750.0,17760.05,2023-04-27,2023-05-04,50,-105.25,-5262.5,527.78,10.56,False,-9.971,"{'brokerage': 160.0, 'stt': 17.53, 'exchange_turnover': 17.7, 'sebi_turnover': 0.04, 'stamp_duty': 0.53, 'gst': 31.99, 'slippage': 300.0, 'total_rupees': 527.78, 'points_equivalent': 10.56}",2023
2023-04-25,True,,17800.0,17782.5,2023-04-27,2023-05-04,50,-111.95,-5597.5,522.96,10.46,False,-10.703,"{'brokerage': 160.0, 'stt': 15.36, 'exchange_turnover': 15.51, 'sebi_turnover': 0.03, 'stamp_duty': 0.46, 'gst': 31.6, 'slippage': 300.0, 'total_rupees': 522.96, 'points_equivalent': 10.46}",2023
2023-04-26,True,,17800.0,17817.15,2023-04-27,2023-05-04,50,-124.8,-6240.0,519.82,10.4,False,-12.004,"{'brokerage': 160.0, 'stt': 13.95, 'exchange_turnover': 14.08, 'sebi_turnover': 0.03, 'stamp_duty': 0.42, 'gst': 31.34, 'slippage': 300.0, 'total_rupees': 519.82, 'points_equivalent': 10.4}",2023
2023-04-27,True,,17900.0,17906.45,2023-04-27,2023-05-04,50,-159.7,-7985.0,509.89,10.2,False,-15.66,"{'brokerage': 160.0, 'stt': 9.48, 'exchange_turnover': 9.57, 'sebi_turnover': 0.02, 'stamp_duty': 0.28, 'gst': 30.53, 'slippage': 300.0, 'total_rupees': 509.89, 'points_equivalent': 10.2}",2023
2023-04-28,True,,18050.0,18061.1,2023-05-04,2023-05-11,50,-100.85,-5042.5,529.95,10.6,False,-9.515,"{'brokerage': 160.0, 'stt': 18.5, 'exchange_turnover': 18.69, 'sebi_turnover': 0.04, 'stamp_duty': 0.56, 'gst': 32.17, 'slippage': 300.0, 'total_rupees': 529.95, 'points_equivalent': 10.6}",2023
2023-05-02,True,,18150.0,18162.7,2023-05-04,2023-05-11,50,-112.95,-5647.5,527.34,10.55,False,-10.709,"{'brokerage': 160.0, 'stt': 17.33, 'exchange_turnover': 17.5, 'sebi_turnover': 0.03, 'stamp_duty': 0.52, 'gst': 31.96, 'slippage': 300.0, 'total_rupees': 527.34, 'points_equivalent': 10.55}",2023
2023-05-03,True,,18100.0,18093.85,2023-05-04,2023-05-11,50,-112.1,-5605.0,522.92,10.46,False,-10.719,"{'brokerage': 160.0, 'stt': 15.34, 'exchange_turnover': 15.49, 'sebi_turnover': 0.03, 'stamp_duty': 0.46, 'gst': 31.59, 'slippage': 300.0, 'total_rupees': 522.92, 'points_equivalent': 10.46}",2023
2023-05-04,True,,18250.0,18253.7,2023-05-04,2023-05-11,50,-167.75,-8387.5,509.75,10.19,False,-16.454,"{'brokerage': 160.0, 'stt': 9.42, 'exchange_turnover': 9.51, 'sebi_turnover': 0.02, 'stamp_duty': 0.28, 'gst': 30.52, 'slippage': 300.0, 'total_rupees': 509.75, 'points_equivalent': 10.19}",2023
2023-05-05,True,,18100.0,18095.7,2023-05-11,2023-05-18,50,-102.35,-5117.5,539.31,10.79,False,-9.489,"{'brokerage': 160.0, 'stt': 22.71, 'exchange_turnover': 22.93, 'sebi_turnover': 0.05, 'stamp_duty': 0.68, 'gst': 32.94, 'slippage': 300.0, 'total_rupees': 539.31, 'points_equivalent': 10.79}",2023
2023-05-08,True,,18300.0,18277.05,2023-05-11,2023-05-18,50,-103.6,-5180.0,531.96,10.64,False,-9.738,"{'brokerage': 160.0, 'stt': 19.41, 'exchange_turnover': 19.6, 'sebi_turnover': 0.04, 'stamp_duty': 0.58, 'gst': 32.33, 'slippage': 300.0, 'total_rupees': 531.96, 'points_equivalent': 10.64}",2023
2023-05-09,True,,18300.0,18277.0,2023-05-11,2023-05-18,50,-110.85,-5542.5,527.77,10.56,False,-10.502,"{'brokerage': 160.0, 'stt': 17.52, 'exchange_turnover': 17.7, 'sebi_turnover': 0.04, 'stamp_duty': 0.53, 'gst': 31.99, 'slippage': 300.0, 'total_rupees': 527.77, 'points_equivalent': 10.56}",2023
2023-05-10,True,,18300.0,18317.65,2023-05-11,2023-05-18,50,-126.2,-6310.0,524.38,10.49,False,-12.033,"{'brokerage': 160.0, 'stt': 16.0, 'exchange_turnover': 16.15, 'sebi_turnover': 0.03, 'stamp_duty': 0.48, 'gst': 31.71, 'slippage': 300.0, 'total_rupees': 524.38, 'points_equivalent': 10.49}",2023
2023-05-11,True,,18300.0,18294.15,2023-05-11,2023-05-18,50,-191.5,-9575.0,512.87,10.26,False,-18.669,"{'brokerage': 160.0, 'stt': 10.82, 'exchange_turnover': 10.93, 'sebi_turnover': 0.02, 'stamp_duty': 0.32, 'gst': 30.77, 'slippage': 300.0, 'total_rupees': 512.87, 'points_equivalent': 10.26}",2023
2023-05-12,True,,18350.0,18317.75,2023-05-18,2023-05-25,50,-92.65,-4632.5,538.24,10.76,False,-8.607,"{'brokerage': 160.0, 'stt': 22.23, 'exchange_turnover': 22.45, 'sebi_turnover': 0.04, 'stamp_duty': 0.67, 'gst': 32.85, 'slippage': 300.0, 'total_rupees': 538.24, 'points_equivalent': 10.76}",2023
2023-05-15,True,,18450.0,18406.6,2023-05-18,2023-05-25,50,-94.7,-4735.0,531.51,10.63,False,-8.909,"{'brokerage': 160.0, 'stt': 19.21, 'exchange_turnover': 19.4, 'sebi_turnover': 0.04, 'stamp_duty': 0.58, 'gst': 32.3, 'slippage': 300.0, 'total_rupees': 531.51, 'points_equivalent': 10.63}",2023
2023-05-16,True,,18300.0,18306.15,2023-05-18,2023-05-25,50,-113.7,-5685.0,529.04,10.58,False,-10.746,"{'brokerage': 160.0, 'stt': 18.09, 'exchange_turnover': 18.27, 'sebi_turnover': 0.04, 'stamp_duty': 0.54, 'gst': 32.1, 'slippage': 300.0, 'total_rupees': 529.04, 'points_equivalent': 10.58}",2023
2023-05-17,True,,18200.0,18191.45,2023-05-18,2023-05-25,50,-139.3,-6965.0,523.61,10.47,False,-13.302,"{'brokerage': 160.0, 'stt': 15.65, 'exchange_turnover': 15.81, 'sebi_turnover': 0.03, 'stamp_duty': 0.47, 'gst': 31.65, 'slippage': 300.0, 'total_rupees': 523.61, 'points_equivalent': 10.47}",2023
2023-05-18,True,,18150.0,18133.25,2023-05-18,2023-05-25,50,-177.65,-8882.5,513.37,10.27,False,-17.302,"{'brokerage': 160.0, 'stt': 11.05, 'exchange_turnover': 11.16, 'sebi_turnover': 0.02, 'stamp_duty': 0.33, 'gst': 30.81, 'slippage': 300.0, 'total_rupees': 513.37, 'points_equivalent': 10.27}",2023
2023-05-19,True,,18250.0,18223.85,2023-05-25,2023-06-01,50,-99.65,-4982.5,536.32,10.73,False,-9.29,"{'brokerage': 160.0, 'stt': 21.37, 'exchange_turnover': 21.58, 'sebi_turnover': 0.04, 'stamp_duty': 0.64, 'gst': 32.69, 'slippage': 300.0, 'total_rupees': 536.32, 'points_equivalent': 10.73}",2023
2023-05-22,True,,18350.0,18332.8,2023-05-25,2023-06-01,50,-106.1,-5305.0,531.27,10.63,False,-9.986,"{'brokerage': 160.0, 'stt': 19.09, 'exchange_turnover': 19.29, 'sebi_turnover': 0.04, 'stamp_duty': 0.57, 'gst': 32.28, 'slippage': 300.0, 'total_rupees': 531.27, 'points_equivalent': 10.63}",2023
2023-05-23,True,,18350.0,18364.3,2023-05-25,2023-06-01,50,-123.15,-6157.5,527.63,10.55,False,-11.67,"{'brokerage': 160.0, 'stt': 17.46, 'exchange_turnover': 17.63, 'sebi_turnover': 0.03, 'stamp_duty': 0.52, 'gst': 31.98, 'slippage': 300.0, 'total_rupees': 527.63, 'points_equivalent': 10.55}",2023
2023-05-24,True,,18300.0,18292.35,2023-05-25,2023-06-01,50,-144.8,-7240.0,523.29,10.47,False,-13.836,"{'brokerage': 160.0, 'stt': 15.51, 'exchange_turnover': 15.66, 'sebi_turnover': 0.03, 'stamp_duty': 0.47, 'gst': 31.62, 'slippage': 300.0, 'total_rupees': 523.29, 'points_equivalent': 10.47}",2023
2023-05-25,True,,18300.0,18318.75,2023-05-25,2023-06-01,50,-179.15,-8957.5,513.98,10.28,False,-17.428,"{'brokerage': 160.0, 'stt': 11.32, 'exchange_turnover': 11.44, 'sebi_turnover': 0.02, 'stamp_duty': 0.34, 'gst': 30.86, 'slippage': 300.0, 'total_rupees': 513.98, 'points_equivalent': 10.28}",2023
2023-05-26,True,,18550.0,18504.15,2023-06-01,2023-06-08,50,-97.4,-4870.0,538.68,10.77,False,-9.041,"{'brokerage': 160.0, 'stt': 22.43, 'exchange_turnover': 22.65, 'sebi_turnover': 0.04, 'stamp_duty': 0.67, 'gst': 32.88, 'slippage': 300.0, 'total_rupees': 538.68, 'points_equivalent': 10.77}",2023
2023-05-29,True,,18650.0,18607.8,2023-06-01,2023-06-08,50,-101.4,-5070.0,533.33,10.67,False,-9.506,"{'brokerage': 160.0, 'stt': 20.02, 'exchange_turnover': 20.22, 'sebi_turnover': 0.04, 'stamp_duty': 0.6, 'gst': 32.45, 'slippage': 300.0, 'total_rupees': 533.33, 'points_equivalent': 10.67}",2023
2023-05-30,True,,18650.0,18641.4,2023-06-01,2023-06-08,50,-120.6,-6030.0,527.63,10.55,False,-11.428,"{'brokerage': 160.0, 'stt': 17.46, 'exchange_turnover': 17.63, 'sebi_turnover': 0.03, 'stamp_duty': 0.52, 'gst': 31.98, 'slippage': 300.0, 'total_rupees': 527.63, 'points_equivalent': 10.55}",2023
2023-05-31,True,,18550.0,18550.95,2023-06-01,2023-06-08,50,-130.9,-6545.0,524.21,10.48,False,-12.485,"{'brokerage': 160.0, 'stt': 15.92, 'exchange_turnover': 16.08, 'sebi_turnover': 0.03, 'stamp_duty': 0.48, 'gst': 31.7, 'slippage': 300.0, 'total_rupees': 524.21, 'points_equivalent': 10.48}",2023
2023-06-01,True,,18500.0,18497.2,2023-06-01,2023-06-08,50,-192.7,-9635.0,513.63,10.27,False,-18.759,"{'brokerage': 160.0, 'stt': 11.17, 'exchange_turnover': 11.28, 'sebi_turnover': 0.02, 'stamp_duty': 0.33, 'gst': 30.83, 'slippage': 300.0, 'total_rupees': 513.63, 'points_equivalent': 10.27}",2023
2023-06-02,True,,18600.0,18574.65,2023-06-08,2023-06-15,50,-88.85,-4442.5,535.3,10.71,False,-8.299,"{'brokerage': 160.0, 'stt': 20.91, 'exchange_turnover': 21.12, 'sebi_turnover': 0.04, 'stamp_duty': 0.63, 'gst': 32.61, 'slippage': 300.0, 'total_rupees': 535.3, 'points_equivalent': 10.71}",2023
2023-06-05,True,,18650.0,18624.4,2023-06-08,2023-06-15,50,-98.85,-4942.5,529.57,10.59,False,-9.333,"{'brokerage': 160.0, 'stt': 18.33, 'exchange_turnover': 18.52, 'sebi_turnover': 0.04, 'stamp_duty': 0.55, 'gst': 32.14, 'slippage': 300.0, 'total_rupees': 529.57, 'points_equivalent': 10.59}",2023
2023-06-06,True,,18600.0,18606.35,2023-06-08,2023-06-15,50,-111.45,-5572.5,524.4,10.49,False,-10.626,"{'brokerage': 160.0, 'stt': 16.01, 'exchange_turnover': 16.17, 'sebi_turnover': 0.03, 'stamp_duty': 0.48, 'gst': 31.72, 'slippage': 300.0, 'total_rupees': 524.4, 'points_equivalent': 10.49}",2023
2023-06-07,True,,18750.0,18726.25,2023-06-08,2023-06-15,50,-124.85,-6242.5,521.0,10.42,False,-11.982,"{'brokerage': 160.0, 'stt': 14.48, 'exchange_turnover': 14.62, 'sebi_turnover': 0.03, 'stamp_duty': 0.43, 'gst': 31.44, 'slippage': 300.0, 'total_rupees': 521.0, 'points_equivalent': 10.42}",2023
2023-06-08,True,,18650.0,18636.45,2023-06-08,2023-06-15,50,-169.1,-8455.0,511.84,10.24,False,-16.519,"{'brokerage': 160.0, 'stt': 10.36, 'exchange_turnover': 10.46, 'sebi_turnover': 0.02, 'stamp_duty': 0.31, 'gst': 30.69, 'slippage': 300.0, 'total_rupees': 511.84, 'points_equivalent': 10.24}",2023
2023-06-09,True,,18600.0,18594.2,2023-06-15,2023-06-22,50,-92.95,-4647.5,536.17,10.72,False,-8.668,"{'brokerage': 160.0, 'stt': 21.3, 'exchange_turnover': 21.51, 'sebi_turnover': 0.04, 'stamp_duty': 0.64, 'gst': 32.68, 'slippage': 300.0, 'total_rupees': 536.17, 'points_equivalent': 10.72}",2023
2023-06-12,True,,18650.0,18638.05,2023-06-15,2023-06-22,50,-98.6,-4930.0,530.43,10.61,False,-9.294,"{'brokerage': 160.0, 'stt': 18.71, 'exchange_turnover': 18.9, 'sebi_turnover': 0.04, 'stamp_duty': 0.56, 'gst': 32.21, 'slippage': 300.0, 'total_rupees': 530.43, 'points_equivalent': 10.61}",2023
2023-06-13,True,,18750.0,18724.55,2023-06-15,2023-06-22,50,-104.55,-5227.5,524.81,10.5,False,-9.961,"{'brokerage': 160.0, 'stt': 16.19, 'exchange_turnover': 16.35, 'sebi_turnover': 0.03, 'stamp_duty': 0.49, 'gst': 31.75, 'slippage': 300.0, 'total_rupees': 524.81, 'points_equivalent': 10.5}",2023
2023-06-14,True,,18750.0,18762.25,2023-06-15,2023-06-22,50,-124.3,-6215.0,522.05,10.44,False,-11.905,"{'brokerage': 160.0, 'stt': 14.95, 'exchange_turnover': 15.1, 'sebi_turnover': 0.03, 'stamp_duty': 0.45, 'gst': 31.52, 'slippage': 300.0, 'total_rupees': 522.05, 'points_equivalent': 10.44}",2023
2023-06-15,True,,18700.0,18687.2,2023-06-15,2023-06-22,50,-166.9,-8345.0,511.39,10.23,False,-16.318,"{'brokerage': 160.0, 'stt': 10.15, 'exchange_turnover': 10.26, 'sebi_turnover': 0.02, 'stamp_duty': 0.3, 'gst': 30.65, 'slippage': 300.0, 'total_rupees': 511.39, 'points_equivalent': 10.23}",2023
2023-06-16,True,,18900.0,18862.25,2023-06-22,2023-06-29,50,-87.75,-4387.5,533.07,10.66,False,-8.231,"{'brokerage': 160.0, 'stt': 19.9, 'exchange_turnover': 20.1, 'sebi_turnover': 0.04, 'stamp_duty': 0.6, 'gst': 32.43, 'slippage': 300.0, 'total_rupees': 533.07, 'points_equivalent': 10.66}",2023
2023-06-19,True,,18800.0,18802.45,2023-06-22,2023-06-29,50,-107.1,-5355.0,529.9,10.6,False,-10.106,"{'brokerage': 160.0, 'stt': 18.48, 'exchange_turnover': 18.66, 'sebi_turnover': 0.04, 'stamp_duty': 0.55, 'gst': 32.17, 'slippage': 300.0, 'total_rupees': 529.9, 'points_equivalent': 10.6}",2023
2023-06-20,True,,18850.0,18825.05,2023-06-22,2023-06-29,50,-110.45,-5522.5,524.45,10.49,False,-10.53,"{'brokerage': 160.0, 'stt': 16.03, 'exchange_turnover': 16.19, 'sebi_turnover': 0.03, 'stamp_duty': 0.48, 'gst': 31.72, 'slippage': 300.0, 'total_rupees': 524.45, 'points_equivalent': 10.49}",2023
2023-06-21,True,,18850.0,18860.55,2023-06-22,2023-06-29,50,-127.05,-6352.5,521.16,10.42,False,-12.189,"{'brokerage': 160.0, 'stt': 14.55, 'exchange_turnover': 14.69, 'sebi_turnover': 0.03, 'stamp_duty': 0.44, 'gst': 31.45, 'slippage': 300.0, 'total_rupees': 521.16, 'points_equivalent': 10.42}",2023
2023-06-22,True,,18750.0,18773.2,2023-06-22,2023-06-29,50,-173.8,-8690.0,513.96,10.28,False,-16.908,"{'brokerage': 160.0, 'stt': 11.31, 'exchange_turnover': 11.42, 'sebi_turnover': 0.02, 'stamp_duty': 0.34, 'gst': 30.86, 'slippage': 300.0, 'total_rupees': 513.96, 'points_equivalent': 10.28}",2023
2023-06-23,True,,18700.0,18707.3,2023-06-29,2023-07-06,50,-108.05,-5402.5,535.94,10.72,False,-10.08,"{'brokerage': 160.0, 'stt': 21.19, 'exchange_turnover': 21.4, 'sebi_turnover': 0.04, 'stamp_duty': 0.64, 'gst': 32.66, 'slippage': 300.0, 'total_rupees': 535.94, 'points_equivalent': 10.72}",2023
2023-06-26,True,,18700.0,18715.05,2023-06-29,2023-07-06,50,-115.85,-5792.5,530.79,10.62,False,-10.913,"{'brokerage': 160.0, 'stt': 18.88, 'exchange_turnover': 19.07, 'sebi_turnover': 0.04, 'stamp_duty': 0.57, 'gst': 32.24, 'slippage': 300.0, 'total_rupees': 530.79, 'points_equivalent': 10.62}",2023
2023-06-27,True,,18800.0,18808.85,2023-06-29,2023-07-06,50,-128.1,-6405.0,520.65,10.41,False,-12.302,"{'brokerage': 160.0, 'stt': 14.32, 'exchange_turnover': 14.46, 'sebi_turnover': 0.03, 'stamp_duty': 0.43, 'gst': 31.41, 'slippage': 300.0, 'total_rupees': 520.65, 'points_equivalent': 10.41}",2023
2023-06-28,True,,18950.0,18960.15,2023-06-28,2023-07-06,50,-179.2,-8960.0,513.63,10.27,False,-17.444,"{'brokerage': 160.0, 'stt': 11.17, 'exchange_turnover': 11.28, 'sebi_turnover': 0.02, 'stamp_duty': 0.33, 'gst': 30.83, 'slippage': 300.0, 'total_rupees': 513.63, 'points_equivalent': 10.27}",2023
2023-06-30,True,,19200.0,19183.4,2023-07-06,2023-07-13,50,-101.85,-5092.5,536.47,10.73,False,-9.493,"{'brokerage': 160.0, 'stt': 21.43, 'exchange_turnover': 21.65, 'sebi_turnover': 0.04, 'stamp_duty': 0.64, 'gst': 32.7, 'slippage': 300.0, 'total_rupees': 536.47, 'points_equivalent': 10.73}",2023
2023-07-03,True,,19350.0,19322.5,2023-07-06,2023-07-13,50,-108.7,-5435.0,533.69,10.67,False,-10.184,"{'brokerage': 160.0, 'stt': 20.18, 'exchange_turnover': 20.39, 'sebi_turnover': 0.04, 'stamp_duty': 0.61, 'gst': 32.48, 'slippage': 300.0, 'total_rupees': 533.69, 'points_equivalent': 10.67}",2023
2023-07-04,True,,19400.0,19385.65,2023-07-06,2023-07-13,50,-129.6,-6480.0,529.56,10.59,False,-12.237,"{'brokerage': 160.0, 'stt': 18.32, 'exchange_turnover': 18.51, 'sebi_turnover': 0.04, 'stamp_duty': 0.55, 'gst': 32.14, 'slippage': 300.0, 'total_rupees': 529.56, 'points_equivalent': 10.59}",2023
2023-07-05,True,,19400.0,19394.85,2023-07-06,2023-07-13,50,-141.7,-7085.0,526.1,10.52,False,-13.467,"{'brokerage': 160.0, 'stt': 16.77, 'exchange_turnover': 16.94, 'sebi_turnover': 0.03, 'stamp_duty': 0.5, 'gst': 31.85, 'slippage': 300.0, 'total_rupees': 526.1, 'points_equivalent': 10.52}",2023
2023-07-06,True,,19500.0,19497.4,2023-07-06,2023-07-13,50,-201.2,-10060.0,513.82,10.28,False,-19.579,"{'brokerage': 160.0, 'stt': 11.25, 'exchange_turnover': 11.36, 'sebi_turnover': 0.02, 'stamp_duty': 0.34, 'gst': 30.85, 'slippage': 300.0, 'total_rupees': 513.82, 'points_equivalent': 10.28}",2023
2023-07-07,True,,19350.0,19352.7,2023-07-13,2023-07-20,50,-102.1,-5105.0,540.19,10.8,False,-9.45,"{'brokerage': 160.0, 'stt': 23.11, 'exchange_turnover': 23.34, 'sebi_turnover': 0.05, 'stamp_duty': 0.69, 'gst': 33.01, 'slippage': 300.0, 'total_rupees': 540.19, 'points_equivalent': 10.8}",2023
2023-07-10,True,,19350.0,19362.0,2023-07-13,2023-07-20,50,-105.7,-5285.0,533.18,10.66,False,-9.912,"{'brokerage': 160.0, 'stt': 19.96, 'exchange_turnover': 20.15, 'sebi_turnover': 0.04, 'stamp_duty': 0.6, 'gst': 32.44, 'slippage': 300.0, 'total_rupees': 533.18, 'points_equivalent': 10.66}",2023
2023-07-11,True,,19450.0,19455.55,2023-07-13,2023-07-20,50,-113.85,-5692.5,525.96,10.52,False,-10.823,"{'brokerage': 160.0, 'stt': 16.71, 'exchange_turnover': 16.87, 'sebi_turnover': 0.03, 'stamp_duty': 0.5, 'gst': 31.84, 'slippage': 300.0, 'total_rupees': 525.96, 'points_equivalent': 10.52}",2023
2023-07-12,True,,19400.0,19410.35,2023-07-13,2023-07-20,50,-116.8,-5840.0,522.8,10.46,False,-11.171,"{'brokerage': 160.0, 'stt': 15.29, 'exchange_turnover': 15.44, 'sebi_turnover': 0.03, 'stamp_duty': 0.46, 'gst': 31.58, 'slippage': 300.0, 'total_rupees': 522.8, 'points_equivalent': 10.46}",2023
2023-07-13,True,,19400.0,19402.65,2023-07-13,2023-07-20,50,-175.5,-8775.0,511.73,10.23,False,-17.148,"{'brokerage': 160.0, 'stt': 10.31, 'exchange_turnover': 10.41, 'sebi_turnover': 0.02, 'stamp_duty': 0.31, 'gst': 30.68, 'slippage': 300.0, 'total_rupees': 511.73, 'points_equivalent': 10.23}",2023
2023-07-14,True,,19600.0,19570.35,2023-07-20,2023-07-27,50,-92.7,-4635.0,535.71,10.71,False,-8.652,"{'brokerage': 160.0, 'stt': 21.09, 'exchange_turnover': 21.3, 'sebi_turnover': 0.04, 'stamp_duty': 0.63, 'gst': 32.64, 'slippage': 300.0, 'total_rupees': 535.71, 'points_equivalent': 10.71}",2023
2023-07-17,True,,19700.0,19698.85,2023-07-20,2023-07-27,50,-104.5,-5225.0,534.97,10.7,False,-9.767,"{'brokerage': 160.0, 'stt': 20.76, 'exchange_turnover': 20.97, 'sebi_turnover': 0.04, 'stamp_duty': 0.62, 'gst': 32.58, 'slippage': 300.0, 'total_rupees': 534.97, 'points_equivalent': 10.7}",2023
2023-07-18,True,,19750.0,19754.5,2023-07-20,2023-07-27,50,-123.5,-6175.0,533.21,10.66,False,-11.581,"{'brokerage': 160.0, 'stt': 19.96, 'exchange_turnover': 20.16, 'sebi_turnover': 0.04, 'stamp_duty': 0.6, 'gst': 32.44, 'slippage': 300.0, 'total_rupees': 533.21, 'points_equivalent': 10.66}",2023
2023-07-19,True,,19850.0,19830.45,2023-07-20,2023-07-27,50,-132.6,-6630.0,525.31,10.51,False,-12.621,"{'brokerage': 160.0, 'stt': 16.41, 'exchange_turnover': 16.58, 'sebi_turnover': 0.03, 'stamp_duty': 0.49, 'gst': 31.79, 'slippage': 300.0, 'total_rupees': 525.31, 'points_equivalent': 10.51}",2023
2023-07-20,True,,20000.0,19981.6,2023-07-20,2023-07-27,50,-208.7,-10435.0,516.75,10.33,False,-20.194,"{'brokerage': 160.0, 'stt': 12.56, 'exchange_turnover': 12.69, 'sebi_turnover': 0.03, 'stamp_duty': 0.38, 'gst': 31.09, 'slippage': 300.0, 'total_rupees': 516.75, 'points_equivalent': 10.33}",2023
2023-07-21,True,,19800.0,19776.5,2023-07-27,2023-08-03,50,-101.95,-5097.5,548.85,10.98,False,-9.288,"{'brokerage': 160.0, 'stt': 27.0, 'exchange_turnover': 27.27, 'sebi_turnover': 0.05, 'stamp_duty': 0.81, 'gst': 33.72, 'slippage': 300.0, 'total_rupees': 548.85, 'points_equivalent': 10.98}",2023
2023-07-24,True,,19700.0,19692.65,2023-07-27,2023-08-03,50,-117.05,-5852.5,541.44,10.83,False,-10.809,"{'brokerage': 160.0, 'stt': 23.67, 'exchange_turnover': 23.9, 'sebi_turnover': 0.05, 'stamp_duty': 0.71, 'gst': 33.11, 'slippage': 300.0, 'total_rupees': 541.44, 'points_equivalent': 10.83}",2023
2023-07-25,True,,19700.0,19691.3,2023-07-27,2023-08-03,50,-128.4,-6420.0,533.73,10.67,False,-12.029,"{'brokerage': 160.0, 'stt': 20.2, 'exchange_turnover': 20.4, 'sebi_turnover': 0.04, 'stamp_duty': 0.61, 'gst': 32.48, 'slippage': 300.0, 'total_rupees': 533.73, 'points_equivalent': 10.67}",2023
2023-07-26,True,,19750.0,19773.5,2023-07-27,2023-08-03,50,-142.8,-7140.0,529.35,10.59,False,-13.488,"{'brokerage': 160.0, 'stt': 18.23, 'exchange_turnover': 18.41, 'sebi_turnover': 0.04, 'stamp_duty': 0.55, 'gst': 32.12, 'slippage': 300.0, 'total_rupees': 529.35, 'points_equivalent': 10.59}",2023
2023-07-27,True,,19650.0,19644.85,2023-07-27,2023-08-03,50,-225.65,-11282.5,517.04,10.34,False,-21.821,"{'brokerage': 160.0, 'stt': 12.7, 'exchange_turnover': 12.82, 'sebi_turnover': 0.03, 'stamp_duty': 0.38, 'gst': 31.11, 'slippage': 300.0, 'total_rupees': 517.04, 'points_equivalent': 10.34}",2023
2023-07-28,True,,19650.0,19667.8,2023-08-03,2023-08-10,50,-102.5,-5125.0,542.72,10.85,False,-9.443,"{'brokerage': 160.0, 'stt': 24.25, 'exchange_turnover': 24.49, 'sebi_turnover': 0.05, 'stamp_duty': 0.73, 'gst': 33.22, 'slippage': 300.0, 'total_rupees': 542.72, 'points_equivalent': 10.85}",2023
2023-07-31,True,,19750.0,19762.05,2023-08-03,2023-08-10,50,-110.3,-5515.0,534.97,10.7,False,-10.309,"{'brokerage': 160.0, 'stt': 20.76, 'exchange_turnover': 20.97, 'sebi_turnover': 0.04, 'stamp_duty': 0.62, 'gst': 32.58, 'slippage': 300.0, 'total_rupees': 534.97, 'points_equivalent': 10.7}",2023
2023-08-01,True,,19750.0,19738.15,2023-08-03,2023-08-10,50,-110.95,-5547.5,529.06,10.58,False,-10.486,"{'brokerage': 160.0, 'stt': 18.1, 'exchange_turnover': 18.28, 'sebi_turnover': 0.04, 'stamp_duty': 0.54, 'gst': 32.1, 'slippage': 300.0, 'total_rupees': 529.06, 'points_equivalent': 10.58}",2023
2023-08-02,True,,19500.0,19516.95,2023-08-03,2023-08-10,50,-141.7,-7085.0,529.57,10.59,False,-13.379,"{'brokerage': 160.0, 'stt': 18.33, 'exchange_turnover': 18.51, 'sebi_turnover': 0.04, 'stamp_duty': 0.55, 'gst': 32.14, 'slippage': 300.0, 'total_rupees': 529.57, 'points_equivalent': 10.59}",2023
2023-08-03,True,,19350.0,19367.8,2023-08-03,2023-08-10,50,-203.95,-10197.5,516.84,10.34,False,-19.73,"{'brokerage': 160.0, 'stt': 12.61, 'exchange_turnover': 12.73, 'sebi_turnover': 0.03, 'stamp_duty': 0.38, 'gst': 31.1, 'slippage': 300.0, 'total_rupees': 516.84, 'points_equivalent': 10.34}",2023
2023-08-04,True,,19550.0,19529.6,2023-08-10,2023-08-17,50,-87.55,-4377.5,538.28,10.77,False,-8.132,"{'brokerage': 160.0, 'stt': 22.25, 'exchange_turnover': 22.47, 'sebi_turnover': 0.04, 'stamp_duty': 0.67, 'gst': 32.85, 'slippage': 300.0, 'total_rupees': 538.28, 'points_equivalent': 10.77}",2023
2023-08-07,True,,19600.0,19608.35,2023-08-10,2023-08-17,50,-94.65,-4732.5,532.57,10.65,False,-8.886,"{'brokerage': 160.0, 'stt': 19.68, 'exchange_turnover': 19.87, 'sebi_turnover': 0.04, 'stamp_duty': 0.59, 'gst': 32.38, 'slippage': 300.0, 'total_rupees': 532.57, 'points_equivalent': 10.65}",2023
2023-08-08,True,,19550.0,19565.85,2023-08-10,2023-08-17,50,-105.4,-5270.0,528.8,10.58,False,-9.966,"{'brokerage': 160.0, 'stt': 17.98, 'exchange_turnover': 18.16, 'sebi_turnover': 0.04, 'stamp_duty': 0.54, 'gst': 32.08, 'slippage': 300.0, 'total_rupees': 528.8, 'points_equivalent': 10.58}",2023
2023-08-09,True,,19650.0,19638.55,2023-08-10,2023-08-17,50,-116.75,-5837.5,522.3,10.45,False,-11.177,"{'brokerage': 160.0, 'stt': 15.06, 'exchange_turnover': 15.21, 'sebi_turnover': 0.03, 'stamp_duty': 0.45, 'gst': 31.54, 'slippage': 300.0, 'total_rupees': 522.3, 'points_equivalent': 10.45}",2023
2023-08-10,True,,19550.0,19539.9,2023-08-10,2023-08-17,50,-180.5,-9025.0,511.94,10.24,False,-17.629,"{'brokerage': 160.0, 'stt': 10.4, 'exchange_turnover': 10.51, 'sebi_turnover': 0.02, 'stamp_duty': 0.31, 'gst': 30.7, 'slippage': 300.0, 'total_rupees': 511.94, 'points_equivalent': 10.24}",2023
2023-08-11,True,,19500.0,19478.95,2023-08-17,2023-08-24,50,-90.05,-4502.5,537.21,10.74,False,-8.381,"{'brokerage': 160.0, 'stt': 21.77, 'exchange_turnover': 21.99, 'sebi_turnover': 0.04, 'stamp_duty': 0.65, 'gst': 32.77, 'slippage': 300.0, 'total_rupees': 537.21, 'points_equivalent': 10.74}",2023
2023-08-14,True,,19450.0,19452.3,2023-08-17,2023-08-24,50,-104.15,-5207.5,530.56,10.61,False,-9.815,"{'brokerage': 160.0, 'stt': 18.78, 'exchange_turnover': 18.97, 'sebi_turnover': 0.04, 'stamp_duty': 0.56, 'gst': 32.22, 'slippage': 300.0, 'total_rupees': 530.56, 'points_equivalent': 10.61}",2023
2023-08-16,True,,19450.0,19456.8,2023-08-17,2023-08-24,50,-123.5,-6175.0,523.2,10.46,False,-11.802,"{'brokerage': 160.0, 'stt': 15.46, 'exchange_turnover': 15.62, 'sebi_turnover': 0.03, 'stamp_duty': 0.46, 'gst': 31.62, 'slippage': 300.0, 'total_rupees': 523.2, 'points_equivalent': 10.46}",2023
2023-08-17,True,,19350.0,19371.45,2023-08-17,2023-08-24,50,-178.4,-8920.0,513.72,10.27,False,-17.364,"{'brokerage': 160.0, 'stt': 11.21, 'exchange_turnover': 11.32, 'sebi_turnover': 0.02, 'stamp_duty': 0.34, 'gst': 30.84, 'slippage': 300.0, 'total_rupees': 513.72, 'points_equivalent': 10.27}",2023
2023-08-18,True,,19350.0,19316.95,2023-08-24,2023-08-31,50,-89.95,-4497.5,537.45,10.75,False,-8.368,"{'brokerage': 160.0, 'stt': 21.87, 'exchange_turnover': 22.09, 'sebi_turnover': 0.04, 'stamp_duty': 0.66, 'gst': 32.78, 'slippage': 300.0, 'total_rupees': 537.45, 'points_equivalent': 10.75}",2023
2023-08-21,True,,19400.0,19384.7,2023-08-24,2023-08-31,50,-96.15,-4807.5,530.74,10.61,False,-9.058,"{'brokerage': 160.0, 'stt': 18.86, 'exchange_turnover': 19.05, 'sebi_turnover': 0.04, 'stamp_duty': 0.57, 'gst': 32.24, 'slippage': 300.0, 'total_rupees': 530.74, 'points_equivalent': 10.61}",2023
2023-08-22,True,,19400.0,19377.45,2023-08-24,2023-08-31,50,-104.95,-5247.5,526.75,10.53,False,-9.962,"{'brokerage': 160.0, 'stt': 17.06, 'exchange_turnover': 17.23, 'sebi_turnover': 0.03, 'stamp_duty': 0.51, 'gst': 31.91, 'slippage': 300.0, 'total_rupees': 526.75, 'points_equivalent': 10.53}",2023
2023-08-23,True,,19450.0,19434.55,2023-08-24,2023-08-31,50,-118.15,-5907.5,521.55,10.43,False,-11.327,"{'brokerage': 160.0, 'stt': 14.72, 'exchange_turnover': 14.87, 'sebi_turnover': 0.03, 'stamp_duty': 0.44, 'gst': 31.48, 'slippage': 300.0, 'total_rupees': 521.55, 'points_equivalent': 10.43}",2023
2023-08-24,True,,19400.0,19394.45,2023-08-24,2023-08-31,50,-187.1,-9355.0,512.13,10.24,False,-18.267,"{'brokerage': 160.0, 'stt': 10.49, 'exchange_turnover': 10.59, 'sebi_turnover': 0.02, 'stamp_duty': 0.31, 'gst': 30.71, 'slippage': 300.0, 'total_rupees': 512.13, 'points_equivalent': 10.24}",2023
2023-08-25,True,,19250.0,19256.75,2023-08-31,2023-09-07,50,-103.95,-5197.5,541.79,10.84,False,-9.593,"{'brokerage': 160.0, 'stt': 23.82, 'exchange_turnover': 24.06, 'sebi_turnover': 0.05, 'stamp_duty': 0.71, 'gst': 33.14, 'slippage': 300.0, 'total_rupees': 541.79, 'points_equivalent': 10.84}",2023
2023-08-28,True,,19350.0,19322.25,2023-08-31,2023-09-07,50,-110.35,-5517.5,533.36,10.67,False,-10.345,"{'brokerage': 160.0, 'stt': 20.03, 'exchange_turnover': 20.23, 'sebi_turnover': 0.04, 'stamp_duty': 0.6, 'gst': 32.45, 'slippage': 300.0, 'total_rupees': 533.36, 'points_equivalent': 10.67}",2023
2023-08-29,True,,19350.0,19337.85,2023-08-31,2023-09-07,50,-122.35,-6117.5,526.62,10.53,False,-11.617,"{'brokerage': 160.0, 'stt': 17.0, 'exchange_turnover': 17.17, 'sebi_turnover': 0.03, 'stamp_duty': 0.51, 'gst': 31.9, 'slippage': 300.0, 'total_rupees': 526.62, 'points_equivalent': 10.53}",2023
2023-08-30,True,,19350.0,19344.1,2023-08-31,2023-09-07,50,-138.9,-6945.0,521.93,10.44,False,-13.306,"{'brokerage': 160.0, 'stt': 14.89, 'exchange_turnover': 15.04, 'sebi_turnover': 0.03, 'stamp_duty': 0.45, 'gst': 31.51, 'slippage': 300.0, 'total_rupees': 521.93, 'points_equivalent': 10.44}",2023
2023-08-31,True,,19250.0,19253.35,2023-08-31,2023-09-07,50,-222.9,-11145.0,515.69,10.31,False,-21.612,"{'brokerage': 160.0, 'stt': 12.09, 'exchange_turnover': 12.21, 'sebi_turnover': 0.02, 'stamp_duty': 0.36, 'gst': 31.0, 'slippage': 300.0, 'total_rupees': 515.69, 'points_equivalent': 10.31}",2023
2023-09-01,True,,19450.0,19442.0,2023-09-07,2023-09-14,50,-90.1,-4505.0,536.59,10.73,False,-8.396,"{'brokerage': 160.0, 'stt': 21.48, 'exchange_turnover': 21.7, 'sebi_turnover': 0.04, 'stamp_duty': 0.64, 'gst': 32.71, 'slippage': 300.0, 'total_rupees': 536.59, 'points_equivalent': 10.73}",2023
2023-09-04,True,,19550.0,19537.75,2023-09-07,2023-09-14,50,-99.8,-4990.0,528.07,10.56,False,-9.45,"{'brokerage': 160.0, 'stt': 17.66, 'exchange_turnover': 17.83, 'sebi_turnover': 0.04, 'stamp_duty': 0.53, 'gst': 32.02, 'slippage': 300.0, 'total_rupees': 528.07, 'points_equivalent': 10.56}",2023
2023-09-05,True,,19600.0,19581.4,2023-09-07,2023-09-14,50,-106.45,-5322.5,522.92,10.46,False,-10.178,"{'brokerage': 160.0, 'stt': 15.34, 'exchange_turnover': 15.5, 'sebi_turnover': 0.03, 'stamp_duty': 0.46, 'gst': 31.59, 'slippage': 300.0, 'total_rupees': 522.92, 'points_equivalent': 10.46}",2023
2023-09-06,True,,19600.0,19594.55,2023-09-07,2023-09-14,50,-119.65,-5982.5,517.75,10.36,False,-11.555,"{'brokerage': 160.0, 'stt': 13.02, 'exchange_turnover': 13.15, 'sebi_turnover': 0.03, 'stamp_duty': 0.39, 'gst': 31.17, 'slippage': 300.0, 'total_rupees': 517.75, 'points_equivalent': 10.36}",2023
2023-09-07,True,,19750.0,19730.9,2023-09-07,2023-09-14,50,-159.6,-7980.0,511.69,10.23,False,-15.595,"{'brokerage': 160.0, 'stt': 10.29, 'exchange_turnover': 10.39, 'sebi_turnover': 0.02, 'stamp_duty': 0.31, 'gst': 30.67, 'slippage': 300.0, 'total_rupees': 511.69, 'points_equivalent': 10.23}",2023
2023-09-08,True,,19850.0,19829.25,2023-09-14,2023-09-21,50,-85.95,-4297.5,537.14,10.74,False,-8.001,"{'brokerage': 160.0, 'stt': 21.73, 'exchange_turnover': 21.95, 'sebi_turnover': 0.04, 'stamp_duty': 0.65, 'gst': 32.76, 'slippage': 300.0, 'total_rupees': 537.14, 'points_equivalent': 10.74}",2023
2023-09-11,True,,20000.0,19992.95,2023-09-14,2023-09-21,50,-98.2,-4910.0,533.96,10.68,False,-9.195,"{'brokerage': 160.0, 'stt': 20.3, 'exchange_turnover': 20.51, 'sebi_turnover': 0.04, 'stamp_duty': 0.61, 'gst': 32.5, 'slippage': 300.0, 'total_rupees': 533.96, 'points_equivalent': 10.68}",2023
2023-09-12,True,,20000.0,20005.8,2023-09-14,2023-09-21,50,-112.5,-5625.0,531.87,10.64,False,-10.576,"{'brokerage': 160.0, 'stt': 19.37, 'exchange_turnover': 19.56, 'sebi_turnover': 0.04, 'stamp_duty': 0.58, 'gst': 32.33, 'slippage': 300.0, 'total_rupees': 531.87, 'points_equivalent': 10.64}",2023
2023-09-13,True,,20100.0,20073.5,2023-09-14,2023-09-21,50,-130.9,-6545.0,527.0,10.54,False,-12.419,"{'brokerage': 160.0, 'stt': 17.18, 'exchange_turnover': 17.35, 'sebi_turnover': 0.03, 'stamp_duty': 0.52, 'gst': 31.93, 'slippage': 300.0, 'total_rupees': 527.0, 'points_equivalent': 10.54}",2023
2023-09-14,True,,20100.0,20100.35,2023-09-14,2023-09-21,50,-199.2,-9960.0,512.92,10.26,False,-19.418,"{'brokerage': 160.0, 'stt': 10.84, 'exchange_turnover': 10.95, 'sebi_turnover': 0.02, 'stamp_duty': 0.33, 'gst': 30.78, 'slippage': 300.0, 'total_rupees': 512.92, 'points_equivalent': 10.26}",2023
2023-09-15,True,,20250.0,20224.3,2023-09-21,2023-09-28,50,-97.3,-4865.0,537.81,10.76,False,-9.046,"{'brokerage': 160.0, 'stt': 22.04, 'exchange_turnover': 22.26, 'sebi_turnover': 0.04, 'stamp_duty': 0.66, 'gst': 32.81, 'slippage': 300.0, 'total_rupees': 537.81, 'points_equivalent': 10.76}",2023
2023-09-18,True,,20150.0,20151.35,2023-09-21,2023-09-28,50,-111.35,-5567.5,531.64,10.63,False,-10.472,"{'brokerage': 160.0, 'stt': 19.26, 'exchange_turnover': 19.46, 'sebi_turnover': 0.04, 'stamp_duty': 0.58, 'gst': 32.31, 'slippage': 300.0, 'total_rupees': 531.64, 'points_equivalent': 10.63}",2023
2023-09-20,True,,19950.0,19919.35,2023-09-21,2023-09-28,50,-132.55,-6627.5,527.08,10.54,False,-12.574,"{'brokerage': 160.0, 'stt': 17.21, 'exchange_turnover': 17.38, 'sebi_turnover': 0.03, 'stamp_duty': 0.52, 'gst': 31.94, 'slippage': 300.0, 'total_rupees': 527.08, 'points_equivalent': 10.54}",2023
2023-09-21,True,,19750.0,19742.4,2023-09-21,2023-09-28,50,-207.75,-10387.5,514.04,10.28,False,-20.208,"{'brokerage': 160.0, 'stt': 11.35, 'exchange_turnover': 11.46, 'sebi_turnover': 0.02, 'stamp_duty': 0.34, 'gst': 30.87, 'slippage': 300.0, 'total_rupees': 514.04, 'points_equivalent': 10.28}",2023
2023-09-22,True,,19700.0,19709.45,2023-09-28,2023-10-05,50,-105.4,-5270.0,541.21,10.82,False,-9.737,"{'brokerage': 160.0, 'stt': 23.57, 'exchange_turnover': 23.8, 'sebi_turnover': 0.05, 'stamp_duty': 0.71, 'gst': 33.09, 'slippage': 300.0, 'total_rupees': 541.21, 'points_equivalent': 10.82}",2023
2023-09-25,True,,19700.0,19700.5,2023-09-28,2023-10-05,50,-103.75,-5187.5,533.61,10.67,False,-9.722,"{'brokerage': 160.0, 'stt': 20.15, 'exchange_turnover': 20.35, 'sebi_turnover': 0.04, 'stamp_duty': 0.6, 'gst': 32.47, 'slippage': 300.0, 'total_rupees': 533.61, 'points_equivalent': 10.67}",2023
2023-09-26,True,,19700.0,19674.35,2023-09-28,2023-10-05,50,-108.6,-5430.0,528.45,10.57,False,-10.275,"{'brokerage': 160.0, 'stt': 17.82, 'exchange_turnover': 18.0, 'sebi_turnover': 0.04, 'stamp_duty': 0.53, 'gst': 32.05, 'slippage': 300.0, 'total_rupees': 528.45, 'points_equivalent': 10.57}",2023
2023-09-27,True,,19700.0,19717.7,2023-09-28,2023-10-05,50,-134.1,-6705.0,523.57,10.47,False,-12.806,"{'brokerage': 160.0, 'stt': 15.63, 'exchange_turnover': 15.79, 'sebi_turnover': 0.03, 'stamp_duty': 0.47, 'gst': 31.65, 'slippage': 300.0, 'total_rupees': 523.57, 'points_equivalent': 10.47}",2023
2023-09-28,True,,19500.0,19520.6,2023-09-28,2023-10-05,50,-227.85,-11392.5,519.41,10.39,False,-21.934,"{'brokerage': 160.0, 'stt': 13.76, 'exchange_turnover': 13.9, 'sebi_turnover': 0.03, 'stamp_duty': 0.41, 'gst': 31.31, 'slippage': 300.0, 'total_rupees': 519.41, 'points_equivalent': 10.39}",2023
2023-09-29,True,,19700.0,19658.05,2023-10-05,2023-10-12,50,-110.0,-5500.0,538.43,10.77,False,-10.215,"{'brokerage': 160.0, 'stt': 22.32, 'exchange_turnover': 22.54, 'sebi_turnover': 0.04, 'stamp_duty': 0.67, 'gst': 32.86, 'slippage': 300.0, 'total_rupees': 538.43, 'points_equivalent': 10.77}",2023
2023-10-03,True,,19550.0,19535.15,2023-10-05,2023-10-12,50,-125.05,-6252.5,532.34,10.65,False,-11.745,"{'brokerage': 160.0, 'stt': 19.58, 'exchange_turnover': 19.77, 'sebi_turnover': 0.04, 'stamp_duty': 0.59, 'gst': 32.37, 'slippage': 300.0, 'total_rupees': 532.34, 'points_equivalent': 10.65}",2023
2023-10-04,True,,19450.0,19437.8,2023-10-05,2023-10-12,50,-138.2,-6910.0,525.48,10.51,False,-13.15,"{'brokerage': 160.0, 'stt': 16.49, 'exchange_turnover': 16.65, 'sebi_turnover': 0.03, 'stamp_duty': 0.49, 'gst': 31.8, 'slippage': 300.0, 'total_rupees': 525.48, 'points_equivalent': 10.51}",2023
2023-10-05,True,,19550.0,19546.25,2023-10-05,2023-10-12,50,-193.95,-9697.5,511.78,10.24,False,-18.949,"{'brokerage': 160.0, 'stt': 10.33, 'exchange_turnover': 10.44, 'sebi_turnover': 0.02, 'stamp_duty': 0.31, 'gst': 30.68, 'slippage': 300.0, 'total_rupees': 511.78, 'points_equivalent': 10.24}",2023
2023-10-06,True,,19700.0,19663.65,2023-10-12,2023-10-19,50,-91.25,-4562.5,537.28,10.75,False,-8.492,"{'brokerage': 160.0, 'stt': 21.8, 'exchange_turnover': 22.02, 'sebi_turnover': 0.04, 'stamp_duty': 0.65, 'gst': 32.77, 'slippage': 300.0, 'total_rupees': 537.28, 'points_equivalent': 10.75}",2023
2023-10-09,True,,19550.0,19525.05,2023-10-12,2023-10-19,50,-105.05,-5252.5,539.35,10.79,False,-9.739,"{'brokerage': 160.0, 'stt': 22.73, 'exchange_turnover': 22.95, 'sebi_turnover': 0.05, 'stamp_duty': 0.68, 'gst': 32.94, 'slippage': 300.0, 'total_rupees': 539.35, 'points_equivalent': 10.79}",2023
2023-10-10,True,,19750.0,19707.25,2023-10-12,2023-10-19,50,-113.45,-5672.5,534.88,10.7,False,-10.605,"{'brokerage': 160.0, 'stt': 20.72, 'exchange_turnover': 20.92, 'sebi_turnover': 0.04, 'stamp_duty': 0.62, 'gst': 32.57, 'slippage': 300.0, 'total_rupees': 534.88, 'points_equivalent': 10.7}",2023
2023-10-11,True,,19850.0,19818.65,2023-10-12,2023-10-19,50,-134.75,-6737.5,527.19,10.54,False,-12.78,"{'brokerage': 160.0, 'stt': 17.26, 'exchange_turnover': 17.44, 'sebi_turnover': 0.03, 'stamp_duty': 0.52, 'gst': 31.94, 'slippage': 300.0, 'total_rupees': 527.19, 'points_equivalent': 10.54}",2023
2023-10-12,True,,19800.0,19796.9,2023-10-12,2023-10-19,50,-211.65,-10582.5,513.76,10.28,False,-20.598,"{'brokerage': 160.0, 'stt': 11.22, 'exchange_turnover': 11.33, 'sebi_turnover': 0.02, 'stamp_duty': 0.34, 'gst': 30.84, 'slippage': 300.0, 'total_rupees': 513.76, 'points_equivalent': 10.28}",2023
2023-10-13,True,,19750.0,19748.95,2023-10-19,2023-10-26,50,-95.8,-4790.0,541.81,10.84,False,-8.841,"{'brokerage': 160.0, 'stt': 23.84, 'exchange_turnover': 24.07, 'sebi_turnover': 0.05, 'stamp_duty': 0.72, 'gst': 33.14, 'slippage': 300.0, 'total_rupees': 541.81, 'points_equivalent': 10.84}",2023
2023-10-16,True,,19750.0,19747.1,2023-10-19,2023-10-26,50,-103.25,-5162.5,537.51,10.75,False,-9.604,"{'brokerage': 160.0, 'stt': 21.9, 'exchange_turnover': 22.12, 'sebi_turnover': 0.04, 'stamp_duty': 0.66, 'gst': 32.79, 'slippage': 300.0, 'total_rupees': 537.51, 'points_equivalent': 10.75}",2023
2023-10-17,True,,19800.0,19814.9,2023-10-19,2023-10-26,50,-109.7,-5485.0,530.4,10.61,False,-10.341,"{'brokerage': 160.0, 'stt': 18.71, 'exchange_turnover': 18.89, 'sebi_turnover': 0.04, 'stamp_duty': 0.56, 'gst': 32.21, 'slippage': 300.0, 'total_rupees': 530.4, 'points_equivalent': 10.61}",2023
2023-10-18,True,,19700.0,19684.1,2023-10-19,2023-10-26,50,-141.55,-7077.5,527.25,10.55,False,-13.423,"{'brokerage': 160.0, 'stt': 17.29, 'exchange_turnover': 17.46, 'sebi_turnover': 0.03, 'stamp_duty': 0.52, 'gst': 31.95, 'slippage': 300.0, 'total_rupees': 527.25, 'points_equivalent': 10.55}",2023
2023-10-19,True,,19650.0,19633.85,2023-10-19,2023-10-26,50,-196.45,-9822.5,514.57,10.29,False,-19.089,"{'brokerage': 160.0, 'stt': 11.59, 'exchange_turnover': 11.7, 'sebi_turnover': 0.02, 'stamp_duty': 0.35, 'gst': 30.91, 'slippage': 300.0, 'total_rupees': 514.57, 'points_equivalent': 10.29}",2023
2023-10-20,True,,19550.0,19529.65,2023-10-26,2023-11-02,50,-105.95,-5297.5,543.05,10.86,False,-9.755,"{'brokerage': 160.0, 'stt': 24.39, 'exchange_turnover': 24.64, 'sebi_turnover': 0.05, 'stamp_duty': 0.73, 'gst': 33.24, 'slippage': 300.0, 'total_rupees': 543.05, 'points_equivalent': 10.86}",2023
2023-10-23,True,,19250.0,19269.25,2023-10-26,2023-11-02,50,-141.95,-7097.5,543.39,10.87,False,-13.062,"{'brokerage': 160.0, 'stt': 24.54, 'exchange_turnover': 24.79, 'sebi_turnover': 0.05, 'stamp_duty': 0.74, 'gst': 33.27, 'slippage': 300.0, 'total_rupees': 543.39, 'points_equivalent': 10.87}",2023
2023-10-25,True,,19150.0,19126.35,2023-10-26,2023-11-02,50,-172.7,-8635.0,534.68,10.69,False,-16.15,"{'brokerage': 160.0, 'stt': 20.63, 'exchange_turnover': 20.84, 'sebi_turnover': 0.04, 'stamp_duty': 0.62, 'gst': 32.56, 'slippage': 300.0, 'total_rupees': 534.68, 'points_equivalent': 10.69}",2023
2023-10-26,True,,18850.0,18854.55,2023-10-26,2023-11-02,50,-268.45,-13422.5,520.96,10.42,False,-25.765,"{'brokerage': 160.0, 'stt': 14.46, 'exchange_turnover': 14.6, 'sebi_turnover': 0.03, 'stamp_duty': 0.43, 'gst': 31.43, 'slippage': 300.0, 'total_rupees': 520.96, 'points_equivalent': 10.42}",2023
2023-10-27,True,,19100.0,19064.25,2023-11-02,2023-11-09,50,-98.55,-4927.5,547.83,10.96,False,-8.995,"{'brokerage': 160.0, 'stt': 26.54, 'exchange_turnover': 26.81, 'sebi_turnover': 0.05, 'stamp_duty': 0.8, 'gst': 33.63, 'slippage': 300.0, 'total_rupees': 547.83, 'points_equivalent': 10.96}",2023
2023-10-30,True,,19200.0,19165.15,2023-11-02,2023-11-09,50,-111.4,-5570.0,539.48,10.79,False,-10.325,"{'brokerage': 160.0, 'stt': 22.79, 'exchange_turnover': 23.01, 'sebi_turnover': 0.05, 'stamp_duty': 0.68, 'gst': 32.95, 'slippage': 300.0, 'total_rupees': 539.48, 'points_equivalent': 10.79}",2023
2023-10-31,True,,19100.0,19104.9,2023-11-02,2023-11-09,50,-128.0,-6400.0,536.13,10.72,False,-11.937,"{'brokerage': 160.0, 'stt': 21.28, 'exchange_turnover': 21.49, 'sebi_turnover': 0.04, 'stamp_duty': 0.64, 'gst': 32.68, 'slippage': 300.0, 'total_rupees': 536.13, 'points_equivalent': 10.72}",2023
2023-11-01,True,,19000.0,18986.3,2023-11-02,2023-11-09,50,-141.9,-7095.0,530.65,10.61,False,-13.37,"{'brokerage': 160.0, 'stt': 18.82, 'exchange_turnover': 19.0, 'sebi_turnover': 0.04, 'stamp_duty': 0.56, 'gst': 32.23, 'slippage': 300.0, 'total_rupees': 530.65, 'points_equivalent': 10.61}",2023
2023-11-02,True,,19150.0,19134.55,2023-11-02,2023-11-09,50,-199.55,-9977.5,515.03,10.3,False,-19.373,"{'brokerage': 160.0, 'stt': 11.79, 'exchange_turnover': 11.91, 'sebi_turnover': 0.02, 'stamp_duty': 0.35, 'gst': 30.95, 'slippage': 300.0, 'total_rupees': 515.03, 'points_equivalent': 10.3}",2023
2023-11-03,True,,19250.0,19250.05,2023-11-09,2023-11-16,50,-89.8,-4490.0,539.61,10.79,False,-8.321,"{'brokerage': 160.0, 'stt': 22.84, 'exchange_turnover': 23.07, 'sebi_turnover': 0.05, 'stamp_duty': 0.69, 'gst': 32.96, 'slippage': 300.0, 'total_rupees': 539.61, 'points_equivalent': 10.79}",2023
2023-11-06,True,,19450.0,19423.1,2023-11-09,2023-11-16,50,-96.85,-4842.5,530.98,10.62,False,-9.12,"{'brokerage': 160.0, 'stt': 18.96, 'exchange_turnover': 19.15, 'sebi_turnover': 0.04, 'stamp_duty': 0.57, 'gst': 32.25, 'slippage': 300.0, 'total_rupees': 530.98, 'points_equivalent': 10.62}",2023
2023-11-07,True,,19400.0,19414.0,2023-11-09,2023-11-16,50,-109.3,-5465.0,527.67,10.55,False,-10.357,"{'brokerage': 160.0, 'stt': 17.48, 'exchange_turnover': 17.65, 'sebi_turnover': 0.03, 'stamp_duty': 0.52, 'gst': 31.98, 'slippage': 300.0, 'total_rupees': 527.67, 'points_equivalent': 10.55}",2023
2023-11-08,True,,19450.0,19433.75,2023-11-09,2023-11-16,50,-125.75,-6287.5,522.43,10.45,False,-12.035,"{'brokerage': 160.0, 'stt': 15.12, 'exchange_turnover': 15.27, 'sebi_turnover': 0.03, 'stamp_duty': 0.45, 'gst': 31.55, 'slippage': 300.0, 'total_rupees': 522.43, 'points_equivalent': 10.45}",2023
2023-11-09,True,,19400.0,19396.4,2023-11-09,2023-11-16,50,-193.0,-9650.0,511.84,10.24,False,-18.854,"{'brokerage': 160.0, 'stt': 10.36, 'exchange_turnover': 10.46, 'sebi_turnover': 0.02, 'stamp_duty': 0.31, 'gst': 30.69, 'slippage': 300.0, 'total_rupees': 511.84, 'points_equivalent': 10.24}",2023
2023-11-10,True,,19450.0,19440.55,2023-11-16,2023-11-23,50,-88.6,-4430.0,535.16,10.7,False,-8.278,"{'brokerage': 160.0, 'stt': 20.84, 'exchange_turnover': 21.05, 'sebi_turnover': 0.04, 'stamp_duty': 0.63, 'gst': 32.6, 'slippage': 300.0, 'total_rupees': 535.16, 'points_equivalent': 10.7}",2023
2023-11-13,True,,19450.0,19456.3,2023-11-16,2023-11-23,50,-106.4,-5320.0,528.06,10.56,False,-10.075,"{'brokerage': 160.0, 'stt': 17.65, 'exchange_turnover': 17.83, 'sebi_turnover': 0.04, 'stamp_duty': 0.53, 'gst': 32.02, 'slippage': 300.0, 'total_rupees': 528.06, 'points_equivalent': 10.56}",2023
2023-11-15,True,,19700.0,19678.5,2023-11-16,2023-11-23,50,-125.5,-6275.0,522.13,10.44,False,-12.018,"{'brokerage': 160.0, 'stt': 14.98, 'exchange_turnover': 15.13, 'sebi_turnover': 0.03, 'stamp_duty': 0.45, 'gst': 31.53, 'slippage': 300.0, 'total_rupees': 522.13, 'points_equivalent': 10.44}",2023
2023-11-16,True,,19800.0,19792.8,2023-11-16,2023-11-23,50,-172.45,-8622.5,512.74,10.25,False,-16.817,"{'brokerage': 160.0, 'stt': 10.76, 'exchange_turnover': 10.87, 'sebi_turnover': 0.02, 'stamp_duty': 0.32, 'gst': 30.76, 'slippage': 300.0, 'total_rupees': 512.74, 'points_equivalent': 10.25}",2023
2023-11-17,True,,19800.0,19780.6,2023-11-23,2023-11-30,50,-87.0,-4350.0,541.56,10.83,False,-8.032,"{'brokerage': 160.0, 'stt': 23.72, 'exchange_turnover': 23.96, 'sebi_turnover': 0.05, 'stamp_duty': 0.71, 'gst': 33.12, 'slippage': 300.0, 'total_rupees': 541.56, 'points_equivalent': 10.83}",2023
2023-11-20,True,,19700.0,19719.4,2023-11-23,2023-11-30,50,-99.5,-4975.0,536.41,10.73,False,-9.275,"{'brokerage': 160.0, 'stt': 21.41, 'exchange_turnover': 21.62, 'sebi_turnover': 0.04, 'stamp_duty': 0.64, 'gst': 32.7, 'slippage': 300.0, 'total_rupees': 536.41, 'points_equivalent': 10.73}",2023
2023-11-21,True,,19800.0,19805.15,2023-11-23,2023-11-30,50,-112.45,-5622.5,529.07,10.58,False,-10.627,"{'brokerage': 160.0, 'stt': 18.11, 'exchange_turnover': 18.29, 'sebi_turnover': 0.04, 'stamp_duty': 0.54, 'gst': 32.1, 'slippage': 300.0, 'total_rupees': 529.07, 'points_equivalent': 10.58}",2023
2023-11-22,True,,19850.0,19842.3,2023-11-23,2023-11-30,50,-125.65,-6282.5,520.83,10.42,False,-12.062,"{'brokerage': 160.0, 'stt': 14.4, 'exchange_turnover': 14.55, 'sebi_turnover': 0.03, 'stamp_duty': 0.43, 'gst': 31.42, 'slippage': 300.0, 'total_rupees': 520.83, 'points_equivalent': 10.42}",2023
2023-11-23,True,,19800.0,19800.7,2023-11-23,2023-11-30,50,-189.0,-9450.0,510.91,10.22,False,-18.496,"{'brokerage': 160.0, 'stt': 9.94, 'exchange_turnover': 10.04, 'sebi_turnover': 0.02, 'stamp_duty': 0.3, 'gst': 30.61, 'slippage': 300.0, 'total_rupees': 510.91, 'points_equivalent': 10.22}",2023
2023-11-24,True,,19850.0,19827.7,2023-11-30,2023-12-07,50,-120.65,-6032.5,536.85,10.74,False,-11.237,"{'brokerage': 160.0, 'stt': 21.6, 'exchange_turnover': 21.82, 'sebi_turnover': 0.04, 'stamp_duty': 0.65, 'gst': 32.74, 'slippage': 300.0, 'total_rupees': 536.85, 'points_equivalent': 10.74}",2023
2023-11-28,True,,19950.0,19936.45,2023-11-30,2023-12-07,50,-148.8,-7440.0,531.38,10.63,False,-14.001,"{'brokerage': 160.0, 'stt': 19.14, 'exchange_turnover': 19.34, 'sebi_turnover': 0.04, 'stamp_duty': 0.57, 'gst': 32.29, 'slippage': 300.0, 'total_rupees': 531.38, 'points_equivalent': 10.63}",2023
2023-11-29,True,,20150.0,20131.65,2023-11-30,2023-12-07,50,-182.7,-9135.0,528.21,10.56,False,-17.294,"{'brokerage': 160.0, 'stt': 17.72, 'exchange_turnover': 17.9, 'sebi_turnover': 0.04, 'stamp_duty': 0.53, 'gst': 32.03, 'slippage': 300.0, 'total_rupees': 528.21, 'points_equivalent': 10.56}",2023
2023-11-30,True,,20150.0,20131.2,2023-11-30,2023-12-07,50,-245.25,-12262.5,521.03,10.42,False,-23.535,"{'brokerage': 160.0, 'stt': 14.49, 'exchange_turnover': 14.64, 'sebi_turnover': 0.03, 'stamp_duty': 0.43, 'gst': 31.44, 'slippage': 300.0, 'total_rupees': 521.03, 'points_equivalent': 10.42}",2023
2023-12-01,True,,20350.0,20298.8,2023-12-07,2023-12-14,50,-96.9,-4845.0,553.2,11.06,False,-8.758,"{'brokerage': 160.0, 'stt': 28.96, 'exchange_turnover': 29.24, 'sebi_turnover': 0.06, 'stamp_duty': 0.87, 'gst': 34.07, 'slippage': 300.0, 'total_rupees': 553.2, 'points_equivalent': 11.06}",2023
2023-12-04,True,,20700.0,20704.3,2023-12-07,2023-12-14,50,-129.2,-6460.0,548.56,10.97,False,-11.776,"{'brokerage': 160.0, 'stt': 26.87, 'exchange_turnover': 27.14, 'sebi_turnover': 0.05, 'stamp_duty': 0.81, 'gst': 33.69, 'slippage': 300.0, 'total_rupees': 548.56, 'points_equivalent': 10.97}",2023
2023-12-05,True,,20850.0,20865.15,2023-12-07,2023-12-14,50,-147.1,-7355.0,541.96,10.84,False,-13.571,"{'brokerage': 160.0, 'stt': 23.9, 'exchange_turnover': 24.14, 'sebi_turnover': 0.05, 'stamp_duty': 0.72, 'gst': 33.15, 'slippage': 300.0, 'total_rupees': 541.96, 'points_equivalent': 10.84}",2023
2023-12-06,True,,20950.0,20953.15,2023-12-07,2023-12-14,50,-178.5,-8925.0,533.97,10.68,False,-16.714,"{'brokerage': 160.0, 'stt': 20.31, 'exchange_turnover': 20.51, 'sebi_turnover': 0.04, 'stamp_duty': 0.61, 'gst': 32.5, 'slippage': 300.0, 'total_rupees': 533.97, 'points_equivalent': 10.68}",2023
2023-12-07,True,,20900.0,20899.15,2023-12-07,2023-12-14,50,-241.85,-12092.5,517.02,10.34,False,-23.389,"{'brokerage': 160.0, 'stt': 12.69, 'exchange_turnover': 12.81, 'sebi_turnover': 0.03, 'stamp_duty': 0.38, 'gst': 31.11, 'slippage': 300.0, 'total_rupees': 517.02, 'points_equivalent': 10.34}",2023
2023-12-08,True,,21000.0,21014.7,2023-12-14,2023-12-21,50,-113.75,-5687.5,547.29,10.95,False,-10.392,"{'brokerage': 160.0, 'stt': 26.3, 'exchange_turnover': 26.56, 'sebi_turnover': 0.05, 'stamp_duty': 0.79, 'gst': 33.59, 'slippage': 300.0, 'total_rupees': 547.29, 'points_equivalent': 10.95}",2023
2023-12-11,True,,21050.0,21022.75,2023-12-14,2023-12-21,50,-120.05,-6002.5,542.37,10.85,False,-11.067,"{'brokerage': 160.0, 'stt': 24.09, 'exchange_turnover': 24.33, 'sebi_turnover': 0.05, 'stamp_duty': 0.72, 'gst': 33.19, 'slippage': 300.0, 'total_rupees': 542.37, 'points_equivalent': 10.85}",2023
2023-12-12,True,,20950.0,20948.35,2023-12-14,2023-12-21,50,-133.95,-6697.5,540.12,10.8,False,-12.4,"{'brokerage': 160.0, 'stt': 23.07, 'exchange_turnover': 23.3, 'sebi_turnover': 0.05, 'stamp_duty': 0.69, 'gst': 33.0, 'slippage': 300.0, 'total_rupees': 540.12, 'points_equivalent': 10.8}",2023
2023-12-13,True,,20950.0,20929.8,2023-12-14,2023-12-21,50,-148.15,-7407.5,528.07,10.56,False,-14.027,"{'brokerage': 160.0, 'stt': 17.66, 'exchange_turnover': 17.83, 'sebi_turnover': 0.04, 'stamp_duty': 0.53, 'gst': 32.02, 'slippage': 300.0, 'total_rupees': 528.07, 'points_equivalent': 10.56}",2023
2023-12-14,True,,21150.0,21171.95,2023-12-14,2023-12-21,50,-232.55,-11627.5,519.97,10.4,False,-22.362,"{'brokerage': 160.0, 'stt': 14.01, 'exchange_turnover': 14.15, 'sebi_turnover': 0.03, 'stamp_duty': 0.42, 'gst': 31.35, 'slippage': 300.0, 'total_rupees': 519.97, 'points_equivalent': 10.4}",2023
2023-12-15,True,,21550.0,21509.1,2023-12-21,2023-12-28,50,-121.4,-6070.0,555.24,11.1,False,-10.932,"{'brokerage': 160.0, 'stt': 29.87, 'exchange_turnover': 30.17, 'sebi_turnover': 0.06, 'stamp_duty': 0.9, 'gst': 34.24, 'slippage': 300.0, 'total_rupees': 555.24, 'points_equivalent': 11.1}",2023
2023-12-18,True,,21400.0,21418.3,2023-12-21,2023-12-28,50,-137.85,-6892.5,549.57,10.99,False,-12.542,"{'brokerage': 160.0, 'stt': 27.32, 'exchange_turnover': 27.6, 'sebi_turnover': 0.05, 'stamp_duty': 0.82, 'gst': 33.78, 'slippage': 300.0, 'total_rupees': 549.57, 'points_equivalent': 10.99}",2023
2023-12-19,True,,21450.0,21462.55,2023-12-21,2023-12-28,50,-168.6,-8430.0,540.17,10.8,False,-15.606,"{'brokerage': 160.0, 'stt': 23.09, 'exchange_turnover': 23.33, 'sebi_turnover': 0.05, 'stamp_duty': 0.69, 'gst': 33.01, 'slippage': 300.0, 'total_rupees': 540.17, 'points_equivalent': 10.8}",2023
2023-12-20,True,,21150.0,21140.8,2023-12-21,2023-12-28,50,-174.6,-8730.0,538.15,10.76,False,-16.222,"{'brokerage': 160.0, 'stt': 22.19, 'exchange_turnover': 22.41, 'sebi_turnover': 0.04, 'stamp_duty': 0.67, 'gst': 32.84, 'slippage': 300.0, 'total_rupees': 538.15, 'points_equivalent': 10.76}",2023
2023-12-21,True,,21250.0,21248.8,2023-12-21,2023-12-28,50,-290.8,-14540.0,523.3,10.47,False,-27.785,"{'brokerage': 160.0, 'stt': 15.51, 'exchange_turnover': 15.67, 'sebi_turnover': 0.03, 'stamp_duty': 0.47, 'gst': 31.63, 'slippage': 300.0, 'total_rupees': 523.3, 'points_equivalent': 10.47}",2023
2023-12-22,True,,21450.0,21407.85,2023-12-28,2024-01-04,50,-173.75,-8687.5,561.16,11.22,False,-15.481,"{'brokerage': 160.0, 'stt': 32.53, 'exchange_turnover': 32.86, 'sebi_turnover': 0.07, 'stamp_duty': 0.98, 'gst': 34.73, 'slippage': 300.0, 'total_rupees': 561.16, 'points_equivalent': 11.22}",2023
2023-12-26,True,,21500.0,21473.3,2023-12-28,2024-01-04,50,-205.2,-10260.0,550.79,11.02,False,-18.628,"{'brokerage': 160.0, 'stt': 27.87, 'exchange_turnover': 28.15, 'sebi_turnover': 0.06, 'stamp_duty': 0.84, 'gst': 33.88, 'slippage': 300.0, 'total_rupees': 550.79, 'points_equivalent': 11.02}",2023
2023-12-27,True,,21700.0,21682.7,2023-12-28,2024-01-04,50,-231.05,-11552.5,541.63,10.83,False,-21.329,"{'brokerage': 160.0, 'stt': 23.75, 'exchange_turnover': 23.99, 'sebi_turnover': 0.05, 'stamp_duty': 0.71, 'gst': 33.13, 'slippage': 300.0, 'total_rupees': 541.63, 'points_equivalent': 10.83}",2023
2023-12-28,True,,21750.0,21770.9,2023-12-28,2024-01-04,50,-309.1,-15455.0,528.58,10.57,False,-29.239,"{'brokerage': 160.0, 'stt': 17.89, 'exchange_turnover': 18.06, 'sebi_turnover': 0.04, 'stamp_duty': 0.54, 'gst': 32.06, 'slippage': 300.0, 'total_rupees': 528.58, 'points_equivalent': 10.57}",2023
2023-12-29,True,,21800.0,21791.2,2024-01-04,2024-01-11,50,-164.95,-8247.5,566.73,11.33,False,-14.553,"{'brokerage': 160.0, 'stt': 35.04, 'exchange_turnover': 35.39, 'sebi_turnover': 0.07, 'stamp_duty': 1.05, 'gst': 35.18, 'slippage': 300.0, 'total_rupees': 566.73, 'points_equivalent': 11.33}",2023
2024-01-01,True,,21850.0,21815.65,2024-01-04,2024-01-11,50,-169.05,-8452.5,553.14,11.06,False,-15.281,"{'brokerage': 160.0, 'stt': 28.93, 'exchange_turnover': 29.22, 'sebi_turnover': 0.06, 'stamp_duty': 0.87, 'gst': 34.07, 'slippage': 300.0, 'total_rupees': 553.14, 'points_equivalent': 11.06}",2024
2024-01-02,True,,21700.0,21664.95,2024-01-04,2024-01-11,50,-182.15,-9107.5,547.61,10.95,False,-16.631,"{'brokerage': 160.0, 'stt': 26.44, 'exchange_turnover': 26.71, 'sebi_turnover': 0.05, 'stamp_duty': 0.79, 'gst': 33.62, 'slippage': 300.0, 'total_rupees': 547.61, 'points_equivalent': 10.95}",2024
2024-01-03,True,,21500.0,21505.1,2024-01-04,2024-01-11,50,-201.4,-10070.0,536.64,10.73,False,-18.765,"{'brokerage': 160.0, 'stt': 21.51, 'exchange_turnover': 21.73, 'sebi_turnover': 0.04, 'stamp_duty': 0.65, 'gst': 32.72, 'slippage': 300.0, 'total_rupees': 536.64, 'points_equivalent': 10.73}",2024
2024-01-04,True,,21650.0,21650.95,2024-01-04,2024-01-11,50,-252.1,-12605.0,518.09,10.36,False,-24.33,"{'brokerage': 160.0, 'stt': 13.17, 'exchange_turnover': 13.3, 'sebi_turnover': 0.03, 'stamp_duty': 0.4, 'gst': 31.2, 'slippage': 300.0, 'total_rupees': 518.09, 'points_equivalent': 10.36}",2024
2024-01-05,True,,21750.0,21736.8,2024-01-11,2024-01-18,50,-124.8,-6240.0,551.21,11.02,False,-11.321,"{'brokerage': 160.0, 'stt': 28.06, 'exchange_turnover': 28.34, 'sebi_turnover': 0.06, 'stamp_duty': 0.84, 'gst': 33.91, 'slippage': 300.0, 'total_rupees': 551.21, 'points_equivalent': 11.02}",2024
2024-01-08,True,,21550.0,21528.35,2024-01-11,2024-01-18,50,-145.35,-7267.5,549.93,11.0,False,-13.215,"{'brokerage': 160.0, 'stt': 27.48, 'exchange_turnover': 27.76, 'sebi_turnover': 0.05, 'stamp_duty': 0.82, 'gst': 33.81, 'slippage': 300.0, 'total_rupees': 549.93, 'points_equivalent': 11.0}",2024
2024-01-09,True,,21550.0,21553.2,2024-01-11,2024-01-18,50,-157.15,-7857.5,543.95,10.88,False,-14.445,"{'brokerage': 160.0, 'stt': 24.8, 'exchange_turnover': 25.05, 'sebi_turnover': 0.05, 'stamp_duty': 0.74, 'gst': 33.32, 'slippage': 300.0, 'total_rupees': 543.95, 'points_equivalent': 10.88}",2024
2024-01-10,True,,21650.0,21657.0,2024-01-11,2024-01-18,50,-183.4,-9170.0,534.62,10.69,False,-17.152,"{'brokerage': 160.0, 'stt': 20.6, 'exchange_turnover': 20.81, 'sebi_turnover': 0.04, 'stamp_duty': 0.62, 'gst': 32.55, 'slippage': 300.0, 'total_rupees': 534.62, 'points_equivalent': 10.69}",2024
2024-01-11,True,,21650.0,21645.15,2024-01-11,2024-01-18,50,-265.35,-13267.5,520.17,10.4,False,-25.506,"{'brokerage': 160.0, 'stt': 14.1, 'exchange_turnover': 14.24, 'sebi_turnover': 0.03, 'stamp_duty': 0.42, 'gst': 31.37, 'slippage': 300.0, 'total_rupees': 520.17, 'points_equivalent': 10.4}",2024
2024-01-12,True,,21950.0,21922.4,2024-01-18,2024-01-25,50,-139.1,-6955.0,562.36,11.25,False,-12.368,"{'brokerage': 160.0, 'stt': 33.08, 'exchange_turnover': 33.41, 'sebi_turnover': 0.07, 'stamp_duty': 0.99, 'gst': 34.82, 'slippage': 300.0, 'total_rupees': 562.36, 'points_equivalent': 11.25}",2024
2024-01-15,True,,22150.0,22113.9,2024-01-18,2024-01-25,50,-172.0,-8600.0,556.64,11.13,False,-15.45,"{'brokerage': 160.0, 'stt': 30.5, 'exchange_turnover': 30.8, 'sebi_turnover': 0.06, 'stamp_duty': 0.92, 'gst': 34.36, 'slippage': 300.0, 'total_rupees': 556.64, 'points_equivalent': 11.13}",2024
2024-01-16,True,,22050.0,22029.9,2024-01-18,2024-01-25,50,-183.4,-9170.0,548.85,10.98,False,-16.708,"{'brokerage': 160.0, 'stt': 27.0, 'exchange_turnover': 27.27, 'sebi_turnover': 0.05, 'stamp_duty': 0.81, 'gst': 33.72, 'slippage': 300.0, 'total_rupees': 548.85, 'points_equivalent': 10.98}",2024
2024-01-17,True,,21600.0,21571.1,2024-01-18,2024-01-25,50,-256.0,-12800.0,552.54,11.05,False,-23.166,"{'brokerage': 160.0, 'stt': 28.66, 'exchange_turnover': 28.95, 'sebi_turnover': 0.06, 'stamp_duty': 0.86, 'gst': 34.02, 'slippage': 300.0, 'total_rupees': 552.54, 'points_equivalent': 11.05}",2024
2024-01-18,True,,21450.0,21456.45,2024-01-18,2024-01-25,50,-332.05,-16602.5,527.92,10.56,False,-31.449,"{'brokerage': 160.0, 'stt': 17.59, 'exchange_turnover': 17.76, 'sebi_turnover': 0.04, 'stamp_duty': 0.53, 'gst': 32.0, 'slippage': 300.0, 'total_rupees': 527.92, 'points_equivalent': 10.56}",2024
2024-01-19,True,,21700.0,21673.65,2024-01-25,2024-02-01,50,-177.6,-8880.0,573.13,11.46,False,-15.494,"{'brokerage': 160.0, 'stt': 37.91, 'exchange_turnover': 38.29, 'sebi_turnover': 0.08, 'stamp_duty': 1.14, 'gst': 35.71, 'slippage': 300.0, 'total_rupees': 573.13, 'points_equivalent': 11.46}",2024
2024-01-23,True,,21200.0,21190.5,2024-01-25,2024-02-01,50,-230.0,-11500.0,566.82,11.34,False,-20.289,"{'brokerage': 160.0, 'stt': 35.08, 'exchange_turnover': 35.43, 'sebi_turnover': 0.07, 'stamp_duty': 1.05, 'gst': 35.19, 'slippage': 300.0, 'total_rupees': 566.82, 'points_equivalent': 11.34}",2024
2024-01-24,True,,21500.0,21476.9,2024-01-25,2024-02-01,50,-254.25,-12712.5,551.28,11.03,False,-23.06,"{'brokerage': 160.0, 'stt': 28.09, 'exchange_turnover': 28.37, 'sebi_turnover': 0.06, 'stamp_duty': 0.84, 'gst': 33.92, 'slippage': 300.0, 'total_rupees': 551.28, 'points_equivalent': 11.03}",2024
2024-01-25,True,,21350.0,21335.0,2024-01-25,2024-02-01,50,-345.3,-17265.0,531.25,10.62,False,-32.499,"{'brokerage': 160.0, 'stt': 19.09, 'exchange_turnover': 19.28, 'sebi_turnover': 0.04, 'stamp_duty': 0.57, 'gst': 32.28, 'slippage': 300.0, 'total_rupees': 531.25, 'points_equivalent': 10.62}",2024
2024-01-29,True,,21800.0,21770.75,2024-02-01,2024-02-08,50,-178.85,-8942.5,585.59,11.71,False,-15.271,"{'brokerage': 160.0, 'stt': 43.52, 'exchange_turnover': 43.95, 'sebi_turnover': 0.09, 'stamp_duty': 1.31, 'gst': 36.73, 'slippage': 300.0, 'total_rupees': 585.59, 'points_equivalent': 11.71}",2024
2024-01-30,True,,21550.0,21544.8,2024-02-01,2024-02-08,50,-219.85,-10992.5,580.51,11.61,False,-18.936,"{'brokerage': 160.0, 'stt': 41.23, 'exchange_turnover': 41.64, 'sebi_turnover': 0.08, 'stamp_duty': 1.24, 'gst': 36.31, 'slippage': 300.0, 'total_rupees': 580.51, 'points_equivalent': 11.61}",2024
2024-01-31,True,,21700.0,21732.0,2024-02-01,2024-02-08,50,-242.15,-12107.5,572.71,11.45,False,-21.141,"{'brokerage': 160.0, 'stt': 37.73, 'exchange_turnover': 38.1, 'sebi_turnover': 0.08, 'stamp_duty': 1.13, 'gst': 35.67, 'slippage': 300.0, 'total_rupees': 572.71, 'points_equivalent': 11.45}",2024
2024-02-01,True,,21700.0,21700.15,2024-02-01,2024-02-08,50,-322.85,-16142.5,526.61,10.53,False,-30.654,"{'brokerage': 160.0, 'stt': 17.0, 'exchange_turnover': 17.17, 'sebi_turnover': 0.03, 'stamp_duty': 0.51, 'gst': 31.9, 'slippage': 300.0, 'total_rupees': 526.61, 'points_equivalent': 10.53}",2024
2024-02-02,True,,21900.0,21884.2,2024-02-08,2024-02-15,50,-152.1,-7605.0,574.51,11.49,False,-13.237,"{'brokerage': 160.0, 'stt': 38.54, 'exchange_turnover': 38.92, 'sebi_turnover': 0.08, 'stamp_duty': 1.16, 'gst': 35.82, 'slippage': 300.0, 'total_rupees': 574.51, 'points_equivalent': 11.49}",2024
2024-02-05,True,,21750.0,21740.55,2024-02-08,2024-02-15,50,-161.15,-8057.5,570.57,11.41,False,-14.122,"{'brokerage': 160.0, 'stt': 36.76, 'exchange_turnover': 37.13, 'sebi_turnover': 0.07, 'stamp_duty': 1.1, 'gst': 35.5, 'slippage': 300.0, 'total_rupees': 570.57, 'points_equivalent': 11.41}",2024
2024-02-06,True,,21950.0,21925.5,2024-02-08,2024-02-15,50,-193.0,-9650.0,563.13,11.26,False,-17.136,"{'brokerage': 160.0, 'stt': 33.42, 'exchange_turnover': 33.75, 'sebi_turnover': 0.07, 'stamp_duty': 1.0, 'gst': 34.89, 'slippage': 300.0, 'total_rupees': 563.13, 'points_equivalent': 11.26}",2024
2024-02-07,True,,21950.0,21947.45,2024-02-08,2024-02-15,50,-223.35,-11167.5,547.95,10.96,False,-20.381,"{'brokerage': 160.0, 'stt': 26.59, 'exchange_turnover': 26.86, 'sebi_turnover': 0.05, 'stamp_duty': 0.8, 'gst': 33.64, 'slippage': 300.0, 'total_rupees': 547.95, 'points_equivalent': 10.96}",2024
2024-02-08,True,,21700.0,21703.35,2024-02-08,2024-02-15,50,-350.15,-17507.5,531.06,10.62,False,-32.967,"{'brokerage': 160.0, 'stt': 19.0, 'exchange_turnover': 19.19, 'sebi_turnover': 0.04, 'stamp_duty': 0.57, 'gst': 32.26, 'slippage': 300.0, 'total_rupees': 531.06, 'points_equivalent': 10.62}",2024
2024-02-09,True,,21800.0,21792.6,2024-02-15,2024-02-22,50,-147.5,-7375.0,573.62,11.47,False,-12.857,"{'brokerage': 160.0, 'stt': 38.13, 'exchange_turnover': 38.52, 'sebi_turnover': 0.08, 'stamp_duty': 1.14, 'gst': 35.75, 'slippage': 300.0, 'total_rupees': 573.62, 'points_equivalent': 11.47}",2024
2024-02-12,True,,21650.0,21631.85,2024-02-15,2024-02-22,50,-162.75,-8137.5,569.34,11.39,False,-14.293,"{'brokerage': 160.0, 'stt': 36.21, 'exchange_turnover': 36.57, 'sebi_turnover': 0.07, 'stamp_duty': 1.09, 'gst': 35.4, 'slippage': 300.0, 'total_rupees': 569.34, 'points_equivalent': 11.39}",2024
2024-02-13,True,,21800.0,21754.95,2024-02-15,2024-02-22,50,-171.35,-8567.5,556.69,11.13,False,-15.39,"{'brokerage': 160.0, 'stt': 30.52, 'exchange_turnover': 30.83, 'sebi_turnover': 0.06, 'stamp_duty': 0.92, 'gst': 34.36, 'slippage': 300.0, 'total_rupees': 556.69, 'points_equivalent': 11.13}",2024
2024-02-14,True,,21900.0,21878.7,2024-02-15,2024-02-22,50,-204.7,-10235.0,545.26,10.91,False,-18.771,"{'brokerage': 160.0, 'stt': 25.39, 'exchange_turnover': 25.64, 'sebi_turnover': 0.05, 'stamp_duty': 0.76, 'gst': 33.42, 'slippage': 300.0, 'total_rupees': 545.26, 'points_equivalent': 10.91}",2024
2024-02-15,True,,21900.0,21906.2,2024-02-15,2024-02-22,50,-312.15,-15607.5,526.43,10.53,False,-29.648,"{'brokerage': 160.0, 'stt': 16.92, 'exchange_turnover': 17.09, 'sebi_turnover': 0.03, 'stamp_duty': 0.51, 'gst': 31.88, 'slippage': 300.0, 'total_rupees': 526.43, 'points_equivalent': 10.53}",2024
2024-02-16,True,,22100.0,22056.3,2024-02-22,2024-02-29,50,-154.15,-7707.5,573.22,11.46,False,-13.446,"{'brokerage': 160.0, 'stt': 37.96, 'exchange_turnover': 38.34, 'sebi_turnover': 0.08, 'stamp_duty': 1.14, 'gst': 35.71, 'slippage': 300.0, 'total_rupees': 573.22, 'points_equivalent': 11.46}",2024
2024-02-19,True,,22150.0,22124.3,2024-02-22,2024-02-29,50,-170.9,-8545.0,566.66,11.33,False,-15.08,"{'brokerage': 160.0, 'stt': 35.01, 'exchange_turnover': 35.36, 'sebi_turnover': 0.07, 'stamp_duty': 1.05, 'gst': 35.18, 'slippage': 300.0, 'total_rupees': 566.66, 'points_equivalent': 11.33}",2024
2024-02-20,True,,22200.0,22190.35,2024-02-22,2024-02-29,50,-194.05,-9702.5,558.5,11.17,False,-17.372,"{'brokerage': 160.0, 'stt': 31.34, 'exchange_turnover': 31.65, 'sebi_turnover': 0.06, 'stamp_duty': 0.94, 'gst': 34.51, 'slippage': 300.0, 'total_rupees': 558.5, 'points_equivalent': 11.17}",2024
2024-02-21,True,,22000.0,22018.4,2024-02-22,2024-02-29,50,-226.4,-11320.0,548.54,10.97,False,-20.637,"{'brokerage': 160.0, 'stt': 26.86, 'exchange_turnover': 27.13, 'sebi_turnover': 0.05, 'stamp_duty': 0.81, 'gst': 33.69, 'slippage': 300.0, 'total_rupees': 548.54, 'points_equivalent': 10.97}",2024
2024-02-22,True,,22200.0,22210.5,2024-02-22,2024-02-29,50,-310.5,-15525.0,528.02,10.56,False,-29.402,"{'brokerage': 160.0, 'stt': 17.64, 'exchange_turnover': 17.81, 'sebi_turnover': 0.04, 'stamp_duty': 0.53, 'gst': 32.01, 'slippage': 300.0, 'total_rupees': 528.02, 'points_equivalent': 10.56}",2024
2024-02-23,True,,22250.0,22233.35,2024-02-29,2024-03-07,50,-158.95,-7947.5,572.23,11.44,False,-13.889,"{'brokerage': 160.0, 'stt': 37.51, 'exchange_turnover': 37.89, 'sebi_turnover': 0.08, 'stamp_duty': 1.13, 'gst': 35.63, 'slippage': 300.0, 'total_rupees': 572.23, 'points_equivalent': 11.44}",2024
2024-02-26,True,,22150.0,22143.0,2024-02-29,2024-03-07,50,-178.3,-8915.0,567.52,11.35,False,-15.709,"{'brokerage': 160.0, 'stt': 35.4, 'exchange_turnover': 35.75, 'sebi_turnover': 0.07, 'stamp_duty': 1.06, 'gst': 35.25, 'slippage': 300.0, 'total_rupees': 567.52, 'points_equivalent': 11.35}",2024
2024-02-27,True,,22200.0,22201.25,2024-02-29,2024-03-07,50,-198.4,-9920.0,558.78,11.18,False,-17.753,"{'brokerage': 160.0, 'stt': 31.46, 'exchange_turnover': 31.78, 'sebi_turnover': 0.06, 'stamp_duty': 0.94, 'gst': 34.53, 'slippage': 300.0, 'total_rupees': 558.78, 'points_equivalent': 11.18}",2024
2024-02-28,True,,21900.0,21917.95,2024-02-29,2024-03-07,50,-244.4,-12220.0,554.76,11.1,False,-22.028,"{'brokerage': 160.0, 'stt': 29.66, 'exchange_turnover': 29.95, 'sebi_turnover': 0.06, 'stamp_duty': 0.89, 'gst': 34.2, 'slippage': 300.0, 'total_rupees': 554.76, 'points_equivalent': 11.1}",2024
2024-02-29,True,,21950.0,21954.7,2024-02-29,2024-03-07,50,-327.2,-16360.0,530.66,10.61,False,-30.83,"{'brokerage': 160.0, 'stt': 18.82, 'exchange_turnover': 19.01, 'sebi_turnover': 0.04, 'stamp_duty': 0.56, 'gst': 32.23, 'slippage': 300.0, 'total_rupees': 530.66, 'points_equivalent': 10.61}",2024
2024-03-01,True,,22400.0,22358.8,2024-03-07,2024-03-14,50,-151.15,-7557.5,574.69,11.49,False,-13.151,"{'brokerage': 160.0, 'stt': 38.62, 'exchange_turnover': 39.0, 'sebi_turnover': 0.08, 'stamp_duty': 1.16, 'gst': 35.83, 'slippage': 300.0, 'total_rupees': 574.69, 'points_equivalent': 11.49}",2024
2024-03-04,True,,22450.0,22396.55,2024-03-07,2024-03-14,50,-151.45,-7572.5,560.48,11.21,False,-13.511,"{'brokerage': 160.0, 'stt': 32.23, 'exchange_turnover': 32.55, 'sebi_turnover': 0.06, 'stamp_duty': 0.97, 'gst': 34.67, 'slippage': 300.0, 'total_rupees': 560.48, 'points_equivalent': 11.21}",2024
2024-03-05,True,,22400.0,22352.95,2024-03-07,2024-03-14,50,-155.1,-7755.0,548.1,10.96,False,-14.149,"{'brokerage': 160.0, 'stt': 26.66, 'exchange_turnover': 26.93, 'sebi_turnover': 0.05, 'stamp_duty': 0.8, 'gst': 33.66, 'slippage': 300.0, 'total_rupees': 548.1, 'points_equivalent': 10.96}",2024
2024-03-06,True,,22550.0,22508.1,2024-03-07,2024-03-14,50,-193.55,-9677.5,538.46,10.77,False,-17.973,"{'brokerage': 160.0, 'stt': 22.33, 'exchange_turnover': 22.55, 'sebi_turnover': 0.04, 'stamp_duty': 0.67, 'gst': 32.87, 'slippage': 300.0, 'total_rupees': 538.46, 'points_equivalent': 10.77}",2024
2024-03-07,True,,22500.0,22497.25,2024-03-07,2024-03-14,50,-245.7,-12285.0,518.14,10.36,False,-23.71,"{'brokerage': 160.0, 'stt': 13.19, 'exchange_turnover': 13.32, 'sebi_turnover': 0.03, 'stamp_duty': 0.4, 'gst': 31.2, 'slippage': 300.0, 'total_rupees': 518.14, 'points_equivalent': 10.36}",2024
2024-03-11,True,,22400.0,22365.85,2024-03-14,2024-03-21,50,-147.55,-7377.5,557.31,11.15,False,-13.238,"{'brokerage': 160.0, 'stt': 30.8, 'exchange_turnover': 31.11, 'sebi_turnover': 0.06, 'stamp_duty': 0.92, 'gst': 34.41, 'slippage': 300.0, 'total_rupees': 557.31, 'points_equivalent': 11.15}",2024
2024-03-12,True,,22400.0,22383.05,2024-03-14,2024-03-21,50,-153.75,-7687.5,550.06,11.0,False,-13.976,"{'brokerage': 160.0, 'stt': 27.54, 'exchange_turnover': 27.82, 'sebi_turnover': 0.06, 'stamp_duty': 0.83, 'gst': 33.82, 'slippage': 300.0, 'total_rupees': 550.06, 'points_equivalent': 11.0}",2024
2024-03-13,True,,21950.0,21974.3,2024-03-14,2024-03-21,50,-222.55,-11127.5,551.25,11.02,False,-20.186,"{'brokerage': 160.0, 'stt': 28.08, 'exchange_turnover': 28.36, 'sebi_turnover': 0.06, 'stamp_duty': 0.84, 'gst': 33.91, 'slippage': 300.0, 'total_rupees': 551.25, 'points_equivalent': 11.02}",2024
2024-03-14,True,,22150.0,22147.0,2024-03-14,2024-03-21,50,-306.45,-15322.5,524.73,10.49,False,-29.201,"{'brokerage': 160.0, 'stt': 16.15, 'exchange_turnover': 16.31, 'sebi_turnover': 0.03, 'stamp_duty': 0.48, 'gst': 31.74, 'slippage': 300.0, 'total_rupees': 524.73, 'points_equivalent': 10.49}",2024
2024-03-15,True,,22100.0,22069.8,2024-03-21,2024-03-28,50,-139.8,-6990.0,567.51,11.35,False,-12.317,"{'brokerage': 160.0, 'stt': 35.39, 'exchange_turnover': 35.74, 'sebi_turnover': 0.07, 'stamp_duty': 1.06, 'gst': 35.25, 'slippage': 300.0, 'total_rupees': 567.51, 'points_equivalent': 11.35}",2024
2024-03-18,True,,22100.0,22070.95,2024-03-21,2024-03-28,50,-153.55,-7677.5,559.62,11.19,False,-13.719,"{'brokerage': 160.0, 'stt': 31.84, 'exchange_turnover': 32.16, 'sebi_turnover': 0.06, 'stamp_duty': 0.96, 'gst': 34.6, 'slippage': 300.0, 'total_rupees': 559.62, 'points_equivalent': 11.19}",2024
2024-03-19,True,,21850.0,21826.3,2024-03-21,2024-03-28,50,-167.2,-8360.0,553.77,11.08,False,-15.097,"{'brokerage': 160.0, 'stt': 29.21, 'exchange_turnover': 29.5, 'sebi_turnover': 0.06, 'stamp_duty': 0.88, 'gst': 34.12, 'slippage': 300.0, 'total_rupees': 553.77, 'points_equivalent': 11.08}",2024
2024-03-20,True,,21850.0,21849.4,2024-03-21,2024-03-28,50,-186.05,-9302.5,542.9,10.86,False,-17.135,"{'brokerage': 160.0, 'stt': 24.32, 'exchange_turnover': 24.57, 'sebi_turnover': 0.05, 'stamp_duty': 0.73, 'gst': 33.23, 'slippage': 300.0, 'total_rupees': 542.9, 'points_equivalent': 10.86}",2024
2024-03-21,True,,22000.0,22004.85,2024-03-21,2024-03-28,50,-268.55,-13427.5,520.92,10.42,False,-25.777,"{'brokerage': 160.0, 'stt': 14.44, 'exchange_turnover': 14.59, 'sebi_turnover': 0.03, 'stamp_duty': 0.43, 'gst': 31.43, 'slippage': 300.0, 'total_rupees': 520.92, 'points_equivalent': 10.42}",2024
2024-03-22,True,,22200.0,22167.15,2024-03-28,2024-04-04,50,-137.45,-6872.5,555.59,11.11,False,-12.37,"{'brokerage': 160.0, 'stt': 30.03, 'exchange_turnover': 30.33, 'sebi_turnover': 0.06, 'stamp_duty': 0.9, 'gst': 34.27, 'slippage': 300.0, 'total_rupees': 555.59, 'points_equivalent': 11.11}",2024
2024-03-26,True,,22100.0,22089.95,2024-03-28,2024-04-04,50,-161.0,-8050.0,548.29,10.97,False,-14.682,"{'brokerage': 160.0, 'stt': 26.75, 'exchange_turnover': 27.01, 'sebi_turnover': 0.05, 'stamp_duty': 0.8, 'gst': 33.67, 'slippage': 300.0, 'total_rupees': 548.29, 'points_equivalent': 10.97}",2024
2024-03-27,True,,22200.0,22164.7,2024-03-28,2024-04-04,50,-180.9,-9045.0,535.36,10.71,False,-16.895,"{'brokerage': 160.0, 'stt': 20.93, 'exchange_turnover': 21.14, 'sebi_turnover': 0.04, 'stamp_duty': 0.63, 'gst': 32.61, 'slippage': 300.0, 'total_rupees': 535.36, 'points_equivalent': 10.71}",2024
2024-03-28,True,,22300.0,22314.3,2024-03-28,2024-04-04,50,-240.1,-12005.0,524.31,10.49,False,-22.897,"{'brokerage': 160.0, 'stt': 15.96, 'exchange_turnover': 16.12, 'sebi_turnover': 0.03, 'stamp_duty': 0.48, 'gst': 31.71, 'slippage': 300.0, 'total_rupees': 524.31, 'points_equivalent': 10.49}",2024
2024-04-01,True,,22500.0,22484.0,2024-04-04,2024-04-10,50,-116.35,-5817.5,549.54,10.99,False,-10.586,"{'brokerage': 160.0, 'stt': 27.31, 'exchange_turnover': 27.58, 'sebi_turnover': 0.05, 'stamp_duty': 0.82, 'gst': 33.77, 'slippage': 300.0, 'total_rupees': 549.54, 'points_equivalent': 10.99}",2024
2024-04-02,True,,22450.0,22456.15,2024-04-04,2024-04-10,50,-138.35,-6917.5,542.25,10.85,False,-12.757,"{'brokerage': 160.0, 'stt': 24.03, 'exchange_turnover': 24.27, 'sebi_turnover': 0.05, 'stamp_duty': 0.72, 'gst': 33.18, 'slippage': 300.0, 'total_rupees': 542.25, 'points_equivalent': 10.85}",2024
2024-04-03,True,,22450.0,22431.05,2024-04-04,2024-04-10,50,-155.2,-7760.0,533.38,10.67,False,-14.549,"{'brokerage': 160.0, 'stt': 20.05, 'exchange_turnover': 20.25, 'sebi_turnover': 0.04, 'stamp_duty': 0.6, 'gst': 32.45, 'slippage': 300.0, 'total_rupees': 533.38, 'points_equivalent': 10.67}",2024
2024-04-04,True,,22500.0,22504.3,2024-04-04,2024-04-10,50,-238.45,-11922.5,519.43,10.39,False,-22.953,"{'brokerage': 160.0, 'stt': 13.77, 'exchange_turnover': 13.91, 'sebi_turnover': 0.03, 'stamp_duty': 0.41, 'gst': 31.31, 'slippage': 300.0, 'total_rupees': 519.43, 'points_equivalent': 10.39}",2024
2024-04-05,True,,22550.0,22532.2,2024-04-10,2024-04-18,50,-122.15,-6107.5,553.85,11.08,False,-11.027,"{'brokerage': 160.0, 'stt': 29.25, 'exchange_turnover': 29.54, 'sebi_turnover': 0.06, 'stamp_duty': 0.88, 'gst': 34.13, 'slippage': 300.0, 'total_rupees': 553.85, 'points_equivalent': 11.08}",2024
2024-04-08,True,,22700.0,22677.95,2024-04-10,2024-04-18,50,-155.85,-7792.5,545.35,10.91,False,-14.289,"{'brokerage': 160.0, 'stt': 25.43, 'exchange_turnover': 25.68, 'sebi_turnover': 0.05, 'stamp_duty': 0.76, 'gst': 33.43, 'slippage': 300.0, 'total_rupees': 545.35, 'points_equivalent': 10.91}",2024
2024-04-09,True,,22700.0,22661.05,2024-04-10,2024-04-18,50,-173.25,-8662.5,535.52,10.71,False,-16.176,"{'brokerage': 160.0, 'stt': 21.01, 'exchange_turnover': 21.22, 'sebi_turnover': 0.04, 'stamp_duty': 0.63, 'gst': 32.63, 'slippage': 300.0, 'total_rupees': 535.52, 'points_equivalent': 10.71}",2024
2024-04-10,True,,22750.0,22752.75,2024-04-10,2024-04-18,50,-255.35,-12767.5,519.21,10.38,False,-24.59,"{'brokerage': 160.0, 'stt': 13.67, 'exchange_turnover': 13.81, 'sebi_turnover': 0.03, 'stamp_duty': 0.41, 'gst': 31.29, 'slippage': 300.0, 'total_rupees': 519.21, 'points_equivalent': 10.38}",2024
2024-04-12,True,,22600.0,22567.85,2024-04-18,2024-04-25,50,-136.6,-6830.0,556.91,11.14,False,-12.264,"{'brokerage': 160.0, 'stt': 30.62, 'exchange_turnover': 30.93, 'sebi_turnover': 0.06, 'stamp_duty': 0.92, 'gst': 34.38, 'slippage': 300.0, 'total_rupees': 556.91, 'points_equivalent': 11.14}",2024
2024-04-15,True,,22350.0,22317.35,2024-04-18,2024-04-25,50,-161.05,-8052.5,553.38,11.07,False,-14.551,"{'brokerage': 160.0, 'stt': 29.04, 'exchange_turnover': 29.33, 'sebi_turnover': 0.06, 'stamp_duty': 0.87, 'gst': 34.09, 'slippage': 300.0, 'total_rupees': 553.38, 'points_equivalent': 11.07}",2024
2024-04-16,True,,22200.0,22159.45,2024-04-18,2024-04-25,50,-187.05,-9352.5,544.31,10.89,False,-17.182,"{'brokerage': 160.0, 'stt': 24.96, 'exchange_turnover': 25.21, 'sebi_turnover': 0.05, 'stamp_duty': 0.75, 'gst': 33.35, 'slippage': 300.0, 'total_rupees': 544.31, 'points_equivalent': 10.89}",2024
2024-04-18,True,,22000.0,21992.4,2024-04-18,2024-04-25,50,-314.75,-15737.5,527.49,10.55,False,-29.835,"{'brokerage': 160.0, 'stt': 17.4, 'exchange_turnover': 17.57, 'sebi_turnover': 0.03, 'stamp_duty': 0.52, 'gst': 31.97, 'slippage': 300.0, 'total_rupees': 527.49, 'points_equivalent': 10.55}",2024
2024-04-19,True,,22200.0,22130.05,2024-04-25,2024-05-02,50,-128.9,-6445.0,573.12,11.46,False,-11.245,"{'brokerage': 160.0, 'stt': 37.91, 'exchange_turnover': 38.29, 'sebi_turnover': 0.08, 'stamp_duty': 1.14, 'gst': 35.71, 'slippage': 300.0, 'total_rupees': 573.12, 'points_equivalent': 11.46}",2024
2024-04-22,True,,22400.0,22357.8,2024-04-25,2024-05-02,50,-142.45,-7122.5,555.13,11.1,False,-12.83,"{'brokerage': 160.0, 'stt': 29.82, 'exchange_turnover': 30.12, 'sebi_turnover': 0.06, 'stamp_duty': 0.89, 'gst': 34.23, 'slippage': 300.0, 'total_rupees': 555.13, 'points_equivalent': 11.1}",2024
2024-04-23,True,,22400.0,22373.05,2024-04-25,2024-05-02,50,-152.25,-7612.5,545.02,10.9,False,-13.967,"{'brokerage': 160.0, 'stt': 25.28, 'exchange_turnover': 25.53, 'sebi_turnover': 0.05, 'stamp_duty': 0.76, 'gst': 33.4, 'slippage': 300.0, 'total_rupees': 545.02, 'points_equivalent': 10.9}",2024
2024-04-24,True,,22400.0,22412.0,2024-04-25,2024-05-02,50,-175.9,-8795.0,535.05,10.7,False,-16.438,"{'brokerage': 160.0, 'stt': 20.8, 'exchange_turnover': 21.0, 'sebi_turnover': 0.04, 'stamp_duty': 0.62, 'gst': 32.59, 'slippage': 300.0, 'total_rupees': 535.05, 'points_equivalent': 10.7}",2024
2024-04-25,True,,22600.0,22586.8,2024-04-25,2024-05-02,50,-248.3,-12415.0,521.71,10.43,False,-23.797,"{'brokerage': 160.0, 'stt': 14.79, 'exchange_turnover': 14.94, 'sebi_turnover': 0.03, 'stamp_duty': 0.44, 'gst': 31.5, 'slippage': 300.0, 'total_rupees': 521.71, 'points_equivalent': 10.43}",2024
2024-04-26,True,,22500.0,22493.55,2024-05-02,2024-05-09,25,-128.75,-3218.75,374.65,14.99,False,-8.591,"{'brokerage': 160.0, 'stt': 16.12, 'exchange_turnover': 16.28, 'sebi_turnover': 0.03, 'stamp_duty': 0.48, 'gst': 31.74, 'slippage': 150.0, 'total_rupees': 374.65, 'points_equivalent': 14.99}",2024
2024-04-29,True,,22700.0,22671.75,2024-05-02,2024-05-09,25,-159.9,-3997.5,369.19,14.77,False,-10.828,"{'brokerage': 160.0, 'stt': 13.67, 'exchange_turnover': 13.8, 'sebi_turnover': 0.03, 'stamp_duty': 0.41, 'gst': 31.29, 'slippage': 150.0, 'total_rupees': 369.19, 'points_equivalent': 14.77}",2024
2024-04-30,True,,22700.0,22655.45,2024-05-02,2024-05-09,25,-163.2,-4080.0,365.63,14.63,False,-11.159,"{'brokerage': 160.0, 'stt': 12.06, 'exchange_turnover': 12.18, 'sebi_turnover': 0.02, 'stamp_duty': 0.36, 'gst': 31.0, 'slippage': 150.0, 'total_rupees': 365.63, 'points_equivalent': 14.63}",2024
2024-05-02,True,,22650.0,22653.75,2024-05-02,2024-05-09,25,-279.6,-6990.0,355.43,14.22,False,-19.666,"{'brokerage': 160.0, 'stt': 7.48, 'exchange_turnover': 7.55, 'sebi_turnover': 0.01, 'stamp_duty': 0.22, 'gst': 30.16, 'slippage': 150.0, 'total_rupees': 355.43, 'points_equivalent': 14.22}",2024
2024-05-03,True,,22500.0,22518.15,2024-05-09,2024-05-16,25,-136.9,-3422.5,377.97,15.12,False,-9.055,"{'brokerage': 160.0, 'stt': 17.61, 'exchange_turnover': 17.79, 'sebi_turnover': 0.04, 'stamp_duty': 0.53, 'gst': 32.01, 'slippage': 150.0, 'total_rupees': 377.97, 'points_equivalent': 15.12}",2024
2024-05-06,True,,22500.0,22468.7,2024-05-09,2024-05-16,25,-153.65,-3841.25,375.4,15.02,False,-10.232,"{'brokerage': 160.0, 'stt': 16.46, 'exchange_turnover': 16.62, 'sebi_turnover': 0.03, 'stamp_duty': 0.49, 'gst': 31.8, 'slippage': 150.0, 'total_rupees': 375.4, 'points_equivalent': 15.02}",2024
2024-05-07,True,,22300.0,22308.0,2024-05-09,2024-05-16,25,-177.65,-4441.25,372.65,14.91,False,-11.918,"{'brokerage': 160.0, 'stt': 15.22, 'exchange_turnover': 15.37, 'sebi_turnover': 0.03, 'stamp_duty': 0.46, 'gst': 31.57, 'slippage': 150.0, 'total_rupees': 372.65, 'points_equivalent': 14.91}",2024
2024-05-08,True,,22300.0,22308.65,2024-05-09,2024-05-16,25,-201.3,-5032.5,366.02,14.64,False,-13.749,"{'brokerage': 160.0, 'stt': 12.24, 'exchange_turnover': 12.36, 'sebi_turnover': 0.02, 'stamp_duty': 0.37, 'gst': 31.03, 'slippage': 150.0, 'total_rupees': 366.02, 'points_equivalent': 14.64}",2024
2024-05-09,True,,21950.0,21960.3,2024-05-09,2024-05-16,25,-335.35,-8383.75,359.01,14.36,False,-23.352,"{'brokerage': 160.0, 'stt': 9.09, 'exchange_turnover': 9.18, 'sebi_turnover': 0.02, 'stamp_duty': 0.27, 'gst': 30.46, 'slippage': 150.0, 'total_rupees': 359.01, 'points_equivalent': 14.36}",2024
2024-05-10,True,,22100.0,22072.55,2024-05-16,2024-05-23,25,-131.6,-3290.0,379.0,15.16,False,-8.681,"{'brokerage': 160.0, 'stt': 18.07, 'exchange_turnover': 18.25, 'sebi_turnover': 0.04, 'stamp_duty': 0.54, 'gst': 32.09, 'slippage': 150.0, 'total_rupees': 379.0, 'points_equivalent': 15.16}",2024
2024-05-13,True,,22150.0,22114.5,2024-05-16,2024-05-23,25,-163.35,-4083.75,374.72,14.99,False,-10.898,"{'brokerage': 160.0, 'stt': 16.15, 'exchange_turnover': 16.31, 'sebi_turnover': 0.03, 'stamp_duty': 0.48, 'gst': 31.74, 'slippage': 150.0, 'total_rupees': 374.72, 'points_equivalent': 14.99}",2024
2024-05-14,True,,22250.0,22228.0,2024-05-16,2024-05-23,25,-169.5,-4237.5,369.79,14.79,False,-11.459,"{'brokerage': 160.0, 'stt': 13.93, 'exchange_turnover': 14.07, 'sebi_turnover': 0.03, 'stamp_duty': 0.42, 'gst': 31.34, 'slippage': 150.0, 'total_rupees': 369.79, 'points_equivalent': 14.79}",2024
2024-05-15,True,,22200.0,22207.35,2024-05-16,2024-05-23,25,-202.4,-5060.0,365.82,14.63,False,-13.832,"{'brokerage': 160.0, 'stt': 12.15, 'exchange_turnover': 12.27, 'sebi_turnover': 0.02, 'stamp_duty': 0.36, 'gst': 31.01, 'slippage': 150.0, 'total_rupees': 365.82, 'points_equivalent': 14.63}",2024
2024-05-16,True,,22400.0,22401.5,2024-05-16,2024-05-23,25,-285.2,-7130.0,356.57,14.26,False,-19.996,"{'brokerage': 160.0, 'stt': 7.99, 'exchange_turnover': 8.07, 'sebi_turnover': 0.02, 'stamp_duty': 0.24, 'gst': 30.26, 'slippage': 150.0, 'total_rupees': 356.57, 'points_equivalent': 14.26}",2024
2024-05-17,True,,22500.0,22461.6,2024-05-23,2024-05-30,25,-141.7,-3542.5,376.12,15.04,False,-9.419,"{'brokerage': 160.0, 'stt': 16.78, 'exchange_turnover': 16.95, 'sebi_turnover': 0.03, 'stamp_duty': 0.5, 'gst': 31.86, 'slippage': 150.0, 'total_rupees': 376.12, 'points_equivalent': 15.04}",2024
2024-05-21,True,,22550.0,22537.05,2024-05-23,2024-05-30,25,-175.15,-4378.75,370.99,14.84,False,-11.803,"{'brokerage': 160.0, 'stt': 14.47, 'exchange_turnover': 14.62, 'sebi_turnover': 0.03, 'stamp_duty': 0.43, 'gst': 31.44, 'slippage': 150.0, 'total_rupees': 370.99, 'points_equivalent': 14.84}",2024
2024-05-22,True,,22650.0,22610.6,2024-05-23,2024-05-30,25,-189.6,-4740.0,365.03,14.6,False,-12.985,"{'brokerage': 160.0, 'stt': 11.79, 'exchange_turnover': 11.91, 'sebi_turnover': 0.02, 'stamp_duty': 0.35, 'gst': 30.95, 'slippage': 150.0, 'total_rupees': 365.03, 'points_equivalent': 14.6}",2024
2024-05-23,True,,22950.0,22958.9,2024-05-23,2024-05-30,25,-315.6,-7890.0,358.46,14.34,False,-22.011,"{'brokerage': 160.0, 'stt': 8.84, 'exchange_turnover': 8.93, 'sebi_turnover': 0.02, 'stamp_duty': 0.27, 'gst': 30.41, 'slippage': 150.0, 'total_rupees': 358.46, 'points_equivalent': 14.34}",2024
2024-05-24,True,,23050.0,23017.15,2024-05-30,2024-06-06,25,-506.05,-12651.25,400.93,16.04,False,-31.555,"{'brokerage': 160.0, 'stt': 27.93, 'exchange_turnover': 28.21, 'sebi_turnover': 0.06, 'stamp_duty': 0.84, 'gst': 33.89, 'slippage': 150.0, 'total_rupees': 400.93, 'points_equivalent': 16.04}",2024
2024-05-27,True,,23000.0,22982.25,2024-05-30,2024-06-06,25,-580.2,-14505.0,400.88,16.04,False,-36.183,"{'brokerage': 160.0, 'stt': 27.91, 'exchange_turnover': 28.19, 'sebi_turnover': 0.06, 'stamp_duty': 0.84, 'gst': 33.88, 'slippage': 150.0, 'total_rupees': 400.88, 'points_equivalent': 16.04}",2024
2024-05-28,True,,22950.0,22935.75,2024-05-30,2024-06-06,25,-662.45,-16561.25,400.17,16.01,False,-41.386,"{'brokerage': 160.0, 'stt': 27.59, 'exchange_turnover': 27.87, 'sebi_turnover': 0.06, 'stamp_duty': 0.83, 'gst': 33.83, 'slippage': 150.0, 'total_rupees': 400.17, 'points_equivalent': 16.01}",2024
2024-05-29,True,,22750.0,22743.05,2024-05-30,2024-06-06,25,-711.8,-17795.0,397.22,15.89,False,-44.799,"{'brokerage': 160.0, 'stt': 26.27, 'exchange_turnover': 26.53, 'sebi_turnover': 0.05, 'stamp_duty': 0.79, 'gst': 33.58, 'slippage': 150.0, 'total_rupees': 397.22, 'points_equivalent': 15.89}",2024
2024-05-30,True,,22500.0,22483.9,2024-05-30,2024-06-06,25,-838.95,-20973.75,388.12,15.52,False,-54.039,"{'brokerage': 160.0, 'stt': 22.17, 'exchange_turnover': 22.4, 'sebi_turnover': 0.04, 'stamp_duty': 0.67, 'gst': 32.84, 'slippage': 150.0, 'total_rupees': 388.12, 'points_equivalent': 15.52}",2024
2024-05-31,True,,22850.0,22616.65,2024-06-06,2024-06-13,25,-152.45,-3811.25,440.4,17.62,False,-8.654,"{'brokerage': 160.0, 'stt': 45.68, 'exchange_turnover': 46.14, 'sebi_turnover': 0.09, 'stamp_duty': 1.37, 'gst': 37.12, 'slippage': 150.0, 'total_rupees': 440.4, 'points_equivalent': 17.62}",2024
2024-06-03,True,,23200.0,23280.55,2024-06-06,2024-06-13,25,-157.45,-3936.25,421.86,16.87,False,-9.331,"{'brokerage': 160.0, 'stt': 37.34, 'exchange_turnover': 37.72, 'sebi_turnover': 0.07, 'stamp_duty': 1.12, 'gst': 35.6, 'slippage': 150.0, 'total_rupees': 421.86, 'points_equivalent': 16.87}",2024
2024-06-04,True,,21850.0,21800.4,2024-06-06,2024-06-13,25,-173.6,-4340.0,414.79,16.59,False,-10.463,"{'brokerage': 160.0, 'stt': 34.16, 'exchange_turnover': 34.51, 'sebi_turnover': 0.07, 'stamp_duty': 1.02, 'gst': 35.02, 'slippage': 150.0, 'total_rupees': 414.79, 'points_equivalent': 16.59}",2024
2024-06-05,True,,22550.0,22550.2,2024-06-06,2024-06-13,25,-286.05,-7151.25,391.32,15.65,False,-18.275,"{'brokerage': 160.0, 'stt': 23.61, 'exchange_turnover': 23.85, 'sebi_turnover': 0.05, 'stamp_duty': 0.71, 'gst': 33.1, 'slippage': 150.0, 'total_rupees': 391.32, 'points_equivalent': 15.65}",2024
2024-06-06,True,,22800.0,22810.35,2024-06-06,2024-06-13,25,-432.7,-10817.5,365.2,14.61,False,-29.621,"{'brokerage': 160.0, 'stt': 11.87, 'exchange_turnover': 11.99, 'sebi_turnover': 0.02, 'stamp_duty': 0.36, 'gst': 30.96, 'slippage': 150.0, 'total_rupees': 365.2, 'points_equivalent': 14.61}",2024
2024-06-07,True,,23400.0,23299.5,2024-06-13,2024-06-20,25,-146.6,-3665.0,393.47,15.74,False,-9.315,"{'brokerage': 160.0, 'stt': 24.58, 'exchange_turnover': 24.83, 'sebi_turnover': 0.05, 'stamp_duty': 0.74, 'gst': 33.28, 'slippage': 150.0, 'total_rupees': 393.47, 'points_equivalent': 15.74}",2024
2024-06-10,True,,23200.0,23222.5,2024-06-13,2024-06-20,25,-169.65,-4241.25,386.31,15.45,False,-10.979,"{'brokerage': 160.0, 'stt': 21.36, 'exchange_turnover': 21.57, 'sebi_turnover': 0.04, 'stamp_duty': 0.64, 'gst': 32.69, 'slippage': 150.0, 'total_rupees': 386.31, 'points_equivalent': 15.45}",2024
2024-06-11,True,,23300.0,23284.05,2024-06-13,2024-06-20,25,-167.1,-4177.5,373.99,14.96,False,-11.17,"{'brokerage': 160.0, 'stt': 15.82, 'exchange_turnover': 15.98, 'sebi_turnover': 0.03, 'stamp_duty': 0.47, 'gst': 31.68, 'slippage': 150.0, 'total_rupees': 373.99, 'points_equivalent': 14.96}",2024
2024-06-12,True,,23350.0,23324.15,2024-06-13,2024-06-20,25,-189.7,-4742.5,368.29,14.73,False,-12.877,"{'brokerage': 160.0, 'stt': 13.26, 'exchange_turnover': 13.39, 'sebi_turnover': 0.03, 'stamp_duty': 0.4, 'gst': 31.22, 'slippage': 150.0, 'total_rupees': 368.29, 'points_equivalent': 14.73}",2024
2024-06-13,True,,23400.0,23396.8,2024-06-13,2024-06-20,25,-273.95,-6848.75,354.79,14.19,False,-19.304,"{'brokerage': 160.0, 'stt': 7.19, 'exchange_turnover': 7.26, 'sebi_turnover': 0.01, 'stamp_duty': 0.22, 'gst': 30.11, 'slippage': 150.0, 'total_rupees': 354.79, 'points_equivalent': 14.19}",2024
2024-06-14,True,,23500.0,23467.9,2024-06-20,2024-06-27,25,-141.2,-3530.0,372.37,14.89,False,-9.48,"{'brokerage': 160.0, 'stt': 15.1, 'exchange_turnover': 15.25, 'sebi_turnover': 0.03, 'stamp_duty': 0.45, 'gst': 31.55, 'slippage': 150.0, 'total_rupees': 372.37, 'points_equivalent': 14.89}",2024
2024-06-18,True,,23600.0,23557.65,2024-06-20,2024-06-27,25,-154.3,-3857.5,366.29,14.65,False,-10.531,"{'brokerage': 160.0, 'stt': 12.36, 'exchange_turnover': 12.48, 'sebi_turnover': 0.02, 'stamp_duty': 0.37, 'gst': 31.05, 'slippage': 150.0, 'total_rupees': 366.29, 'points_equivalent': 14.65}",2024
2024-06-19,True,,23500.0,23504.95,2024-06-20,2024-06-27,25,-176.75,-4418.75,365.33,14.61,False,-12.095,"{'brokerage': 160.0, 'stt': 11.93, 'exchange_turnover': 12.05, 'sebi_turnover': 0.02, 'stamp_duty': 0.36, 'gst': 30.97, 'slippage': 150.0, 'total_rupees': 365.33, 'points_equivalent': 14.61}",2024
2024-06-20,True,,23550.0,23564.0,2024-06-20,2024-06-27,25,-267.35,-6683.75,355.63,14.23,False,-18.794,"{'brokerage': 160.0, 'stt': 7.57, 'exchange_turnover': 7.64, 'sebi_turnover': 0.02, 'stamp_duty': 0.23, 'gst': 30.18, 'slippage': 150.0, 'total_rupees': 355.63, 'points_equivalent': 14.23}",2024
2024-06-21,True,,23500.0,23492.65,2024-06-27,2024-07-04,25,-144.85,-3621.25,375.79,15.03,False,-9.636,"{'brokerage': 160.0, 'stt': 16.63, 'exchange_turnover': 16.8, 'sebi_turnover': 0.03, 'stamp_duty': 0.5, 'gst': 31.83, 'slippage': 150.0, 'total_rupees': 375.79, 'points_equivalent': 15.03}",2024
2024-06-24,True,,23550.0,23541.9,2024-06-27,2024-07-04,25,-157.95,-3948.75,373.68,14.95,False,-10.567,"{'brokerage': 160.0, 'stt': 15.68, 'exchange_turnover': 15.84, 'sebi_turnover': 0.03, 'stamp_duty': 0.47, 'gst': 31.66, 'slippage': 150.0, 'total_rupees': 373.68, 'points_equivalent': 14.95}",2024
2024-06-25,True,,23750.0,23732.3,2024-06-27,2024-07-04,25,-182.65,-4566.25,370.78,14.83,False,-12.315,"{'brokerage': 160.0, 'stt': 14.38, 'exchange_turnover': 14.52, 'sebi_turnover': 0.03, 'stamp_duty': 0.43, 'gst': 31.42, 'slippage': 150.0, 'total_rupees': 370.78, 'points_equivalent': 14.83}",2024
2024-06-26,True,,23850.0,23868.35,2024-06-27,2024-07-04,25,-211.35,-5283.75,367.59,14.7,False,-14.374,"{'brokerage': 160.0, 'stt': 12.95, 'exchange_turnover': 13.08, 'sebi_turnover': 0.03, 'stamp_duty': 0.39, 'gst': 31.16, 'slippage': 150.0, 'total_rupees': 367.59, 'points_equivalent': 14.7}",2024
2024-06-27,True,,24050.0,24041.2,2024-06-27,2024-07-04,25,-309.45,-7736.25,357.75,14.31,False,-21.625,"{'brokerage': 160.0, 'stt': 8.52, 'exchange_turnover': 8.61, 'sebi_turnover': 0.02, 'stamp_duty': 0.26, 'gst': 30.35, 'slippage': 150.0, 'total_rupees': 357.75, 'points_equivalent': 14.31}",2024
2024-06-28,True,,24100.0,24074.05,2024-07-04,2024-07-11,25,-151.45,-3786.25,379.91,15.2,False,-9.966,"{'brokerage': 160.0, 'stt': 18.48, 'exchange_turnover': 18.67, 'sebi_turnover': 0.04, 'stamp_duty': 0.55, 'gst': 32.17, 'slippage': 150.0, 'total_rupees': 379.91, 'points_equivalent': 15.2}",2024
2024-07-01,True,,24200.0,24148.65,2024-07-04,2024-07-11,25,-165.6,-4140.0,375.49,15.02,False,-11.026,"{'brokerage': 160.0, 'stt': 16.5, 'exchange_turnover': 16.66, 'sebi_turnover': 0.03, 'stamp_duty': 0.49, 'gst': 31.81, 'slippage': 150.0, 'total_rupees': 375.49, 'points_equivalent': 15.02}",2024
2024-07-02,True,,24150.0,24144.45,2024-07-04,2024-07-11,25,-173.55,-4338.75,371.43,14.86,False,-11.681,"{'brokerage': 160.0, 'stt': 14.67, 'exchange_turnover': 14.82, 'sebi_turnover': 0.03, 'stamp_duty': 0.44, 'gst': 31.47, 'slippage': 150.0, 'total_rupees': 371.43, 'points_equivalent': 14.86}",2024
2024-07-03,True,,24300.0,24284.25,2024-07-04,2024-07-11,25,-188.55,-4713.75,365.99,14.64,False,-12.879,"{'brokerage': 160.0, 'stt': 12.23, 'exchange_turnover': 12.35, 'sebi_turnover': 0.02, 'stamp_duty': 0.37, 'gst': 31.03, 'slippage': 150.0, 'total_rupees': 365.99, 'points_equivalent': 14.64}",2024
2024-07-04,True,,24300.0,24299.05,2024-07-04,2024-07-11,25,-268.55,-6713.75,354.33,14.17,False,-18.948,"{'brokerage': 160.0, 'stt': 6.98, 'exchange_turnover': 7.05, 'sebi_turnover': 0.01, 'stamp_duty': 0.21, 'gst': 30.07, 'slippage': 150.0, 'total_rupees': 354.33, 'points_equivalent': 14.17}",2024
2024-07-05,True,,24400.0,24344.4,2024-07-11,2024-07-18,25,-124.25,-3106.25,372.28,14.89,False,-8.344,"{'brokerage': 160.0, 'stt': 15.05, 'exchange_turnover': 15.2, 'sebi_turnover': 0.03, 'stamp_duty': 0.45, 'gst': 31.54, 'slippage': 150.0, 'total_rupees': 372.28, 'points_equivalent': 14.89}",2024
2024-07-08,True,,24350.0,24334.35,2024-07-11,2024-07-18,25,-131.6,-3290.0,369.32,14.77,False,-8.908,"{'brokerage': 160.0, 'stt': 13.72, 'exchange_turnover': 13.86, 'sebi_turnover': 0.03, 'stamp_duty': 0.41, 'gst': 31.3, 'slippage': 150.0, 'total_rupees': 369.32, 'points_equivalent': 14.77}",2024
2024-07-09,True,,24500.0,24448.35,2024-07-11,2024-07-18,25,-151.1,-3777.5,365.67,14.63,False,-10.33,"{'brokerage': 160.0, 'stt': 12.08, 'exchange_turnover': 12.2, 'sebi_turnover': 0.02, 'stamp_duty': 0.36, 'gst': 31.0, 'slippage': 150.0, 'total_rupees': 365.67, 'points_equivalent': 14.63}",2024
2024-07-10,True,,24300.0,24318.35,2024-07-11,2024-07-18,25,-170.55,-4263.75,363.41,14.54,False,-11.733,"{'brokerage': 160.0, 'stt': 11.07, 'exchange_turnover': 11.18, 'sebi_turnover': 0.02, 'stamp_duty': 0.33, 'gst': 30.82, 'slippage': 150.0, 'total_rupees': 363.41, 'points_equivalent': 14.54}",2024
2024-07-11,True,,24300.0,24311.35,2024-07-11,2024-07-18,25,-244.35,-6108.75,354.18,14.17,False,-17.248,"{'brokerage': 160.0, 'stt': 6.92, 'exchange_turnover': 6.99, 'sebi_turnover': 0.01, 'stamp_duty': 0.21, 'gst': 30.06, 'slippage': 150.0, 'total_rupees': 354.18, 'points_equivalent': 14.17}",2024
2024-07-12,True,,24550.0,24521.35,2024-07-18,2024-07-25,25,-257.95,-6448.75,379.13,15.17,False,-17.009,"{'brokerage': 160.0, 'stt': 18.13, 'exchange_turnover': 18.31, 'sebi_turnover': 0.04, 'stamp_duty': 0.54, 'gst': 32.1, 'slippage': 150.0, 'total_rupees': 379.13, 'points_equivalent': 15.17}",2024
2024-07-15,True,,24650.0,24607.3,2024-07-18,2024-07-25,25,-281.0,-7025.0,376.13,15.05,False,-18.677,"{'brokerage': 160.0, 'stt': 16.79, 'exchange_turnover': 16.95, 'sebi_turnover': 0.03, 'stamp_duty': 0.5, 'gst': 31.86, 'slippage': 150.0, 'total_rupees': 376.13, 'points_equivalent': 15.05}",2024
2024-07-16,True,,24650.0,24634.7,2024-07-18,2024-07-25,25,-333.3,-8332.5,372.26,14.89,False,-22.384,"{'brokerage': 160.0, 'stt': 15.04, 'exchange_turnover': 15.19, 'sebi_turnover': 0.03, 'stamp_duty': 0.45, 'gst': 31.54, 'slippage': 150.0, 'total_rupees': 372.26, 'points_equivalent': 14.89}",2024
2024-07-18,True,,24800.0,24805.0,2024-07-18,2024-07-25,25,-436.75,-10918.75,364.31,14.57,False,-29.971,"{'brokerage': 160.0, 'stt': 11.47, 'exchange_turnover': 11.58, 'sebi_turnover': 0.02, 'stamp_duty': 0.34, 'gst': 30.89, 'slippage': 150.0, 'total_rupees': 364.31, 'points_equivalent': 14.57}",2024
2024-07-19,True,,24500.0,24526.75,2024-07-25,2024-08-01,25,-129.05,-3226.25,397.88,15.92,False,-8.109,"{'brokerage': 160.0, 'stt': 26.56, 'exchange_turnover': 26.83, 'sebi_turnover': 0.05, 'stamp_duty': 0.8, 'gst': 33.64, 'slippage': 150.0, 'total_rupees': 397.88, 'points_equivalent': 15.92}",2024
2024-07-22,True,,24500.0,24504.8,2024-07-25,2024-08-01,25,-132.85,-3321.25,394.34,15.77,False,-8.422,"{'brokerage': 160.0, 'stt': 24.97, 'exchange_turnover': 25.22, 'sebi_turnover': 0.05, 'stamp_duty': 0.75, 'gst': 33.35, 'slippage': 150.0, 'total_rupees': 394.34, 'points_equivalent': 15.77}",2024
2024-07-23,True,,24450.0,24465.2,2024-07-25,2024-08-01,25,-174.45,-4361.25,374.27,14.97,False,-11.653,"{'brokerage': 160.0, 'stt': 15.95, 'exchange_turnover': 16.11, 'sebi_turnover': 0.03, 'stamp_duty': 0.48, 'gst': 31.7, 'slippage': 150.0, 'total_rupees': 374.27, 'points_equivalent': 14.97}",2024
2024-07-24,True,,24400.0,24385.05,2024-07-25,2024-08-01,25,-190.2,-4755.0,367.01,14.68,False,-12.956,"{'brokerage': 160.0, 'stt': 12.68, 'exchange_turnover': 12.81, 'sebi_turnover': 0.03, 'stamp_duty': 0.38, 'gst': 31.11, 'slippage': 150.0, 'total_rupees': 367.01, 'points_equivalent': 14.68}",2024
2024-07-25,True,,24400.0,24402.45,2024-07-25,2024-08-01,25,-305.7,-7642.5,356.53,14.26,False,-21.436,"{'brokerage': 160.0, 'stt': 7.97, 'exchange_turnover': 8.05, 'sebi_turnover': 0.02, 'stamp_duty': 0.24, 'gst': 30.25, 'slippage': 150.0, 'total_rupees': 356.53, 'points_equivalent': 14.26}",2024
2024-07-26,True,,24900.0,24870.7,2024-08-01,2024-08-08,25,-137.85,-3446.25,376.18,15.05,False,-9.161,"{'brokerage': 160.0, 'stt': 16.81, 'exchange_turnover': 16.97, 'sebi_turnover': 0.03, 'stamp_duty': 0.5, 'gst': 31.86, 'slippage': 150.0, 'total_rupees': 376.18, 'points_equivalent': 15.05}",2024
2024-07-29,True,,24850.0,24848.0,2024-08-01,2024-08-08,25,-155.15,-3878.75,373.77,14.95,False,-10.377,"{'brokerage': 160.0, 'stt': 15.72, 'exchange_turnover': 15.88, 'sebi_turnover': 0.03, 'stamp_duty': 0.47, 'gst': 31.66, 'slippage': 150.0, 'total_rupees': 373.77, 'points_equivalent': 14.95}",2024
2024-07-30,True,,24900.0,24886.95,2024-08-01,2024-08-08,25,-166.5,-4162.5,369.15,14.77,False,-11.276,"{'brokerage': 160.0, 'stt': 13.64, 'exchange_turnover': 13.78, 'sebi_turnover': 0.03, 'stamp_duty': 0.41, 'gst': 31.29, 'slippage': 150.0, 'total_rupees': 369.15, 'points_equivalent': 14.77}",2024
2024-07-31,True,,24950.0,24958.95,2024-08-01,2024-08-08,25,-192.75,-4818.75,367.74,14.71,False,-13.104,"{'brokerage': 160.0, 'stt': 13.01, 'exchange_turnover': 13.14, 'sebi_turnover': 0.03, 'stamp_duty': 0.39, 'gst': 31.17, 'slippage': 150.0, 'total_rupees': 367.74, 'points_equivalent': 14.71}",2024
2024-08-01,True,,25000.0,25002.4,2024-08-01,2024-08-08,25,-290.2,-7255.0,356.23,14.25,False,-20.366,"{'brokerage': 160.0, 'stt': 7.83, 'exchange_turnover': 7.91, 'sebi_turnover': 0.02, 'stamp_duty': 0.24, 'gst': 30.23, 'slippage': 150.0, 'total_rupees': 356.23, 'points_equivalent': 14.25}",2024
2024-08-02,True,,24700.0,24676.95,2024-08-08,2024-08-14,25,-136.3,-3407.5,380.64,15.23,False,-8.952,"{'brokerage': 160.0, 'stt': 18.81, 'exchange_turnover': 19.0, 'sebi_turnover': 0.04, 'stamp_duty': 0.56, 'gst': 32.23, 'slippage': 150.0, 'total_rupees': 380.64, 'points_equivalent': 15.23}",2024
2024-08-05,True,,24200.0,24075.6,2024-08-08,2024-08-14,25,-210.45,-5261.25,395.11,15.8,False,-13.316,"{'brokerage': 160.0, 'stt': 25.32, 'exchange_turnover': 25.57, 'sebi_turnover': 0.05, 'stamp_duty': 0.76, 'gst': 33.41, 'slippage': 150.0, 'total_rupees': 395.11, 'points_equivalent': 15.8}",2024
2024-08-06,True,,24100.0,24019.4,2024-08-08,2024-08-14,25,-223.35,-5583.75,383.22,15.33,False,-14.571,"{'brokerage': 160.0, 'stt': 19.97, 'exchange_turnover': 20.17, 'sebi_turnover': 0.04, 'stamp_duty': 0.6, 'gst': 32.44, 'slippage': 150.0, 'total_rupees': 383.22, 'points_equivalent': 15.33}",2024
2024-08-07,True,,24350.0,24332.4,2024-08-08,2024-08-14,25,-214.3,-5357.5,369.89,14.8,False,-14.484,"{'brokerage': 160.0, 'stt': 13.98, 'exchange_turnover': 14.12, 'sebi_turnover': 0.03, 'stamp_duty': 0.42, 'gst': 31.35, 'slippage': 150.0, 'total_rupees': 369.89, 'points_equivalent': 14.8}",2024
2024-08-08,True,,24150.0,24136.75,2024-08-08,2024-08-14,25,-362.7,-9067.5,361.2,14.45,False,-25.104,"{'brokerage': 160.0, 'stt': 10.07, 'exchange_turnover': 10.17, 'sebi_turnover': 0.02, 'stamp_duty': 0.3, 'gst': 30.63, 'slippage': 150.0, 'total_rupees': 361.2, 'points_equivalent': 14.45}",2024
2024-08-09,True,,24400.0,24379.65,2024-08-14,2024-08-22,25,-183.0,-4575.0,381.32,15.25,False,-11.998,"{'brokerage': 160.0, 'stt': 19.12, 'exchange_turnover': 19.31, 'sebi_turnover': 0.04, 'stamp_duty': 0.57, 'gst': 32.28, 'slippage': 150.0, 'total_rupees': 381.32, 'points_equivalent': 15.25}",2024
2024-08-12,True,,24350.0,24329.9,2024-08-14,2024-08-22,25,-195.85,-4896.25,375.75,15.03,False,-13.031,"{'brokerage': 160.0, 'stt': 16.61, 'exchange_turnover': 16.78, 'sebi_turnover': 0.03, 'stamp_duty': 0.5, 'gst': 31.83, 'slippage': 150.0, 'total_rupees': 375.75, 'points_equivalent': 15.03}",2024
2024-08-13,True,,24150.0,24151.25,2024-08-14,2024-08-22,25,-259.15,-6478.75,372.67,14.91,False,-17.385,"{'brokerage': 160.0, 'stt': 15.23, 'exchange_turnover': 15.38, 'sebi_turnover': 0.03, 'stamp_duty': 0.46, 'gst': 31.57, 'slippage': 150.0, 'total_rupees': 372.67, 'points_equivalent': 14.91}",2024
2024-08-14,True,,24150.0,24144.25,2024-08-14,2024-08-22,25,-347.95,-8698.75,359.06,14.36,False,-24.226,"{'brokerage': 160.0, 'stt': 9.11, 'exchange_turnover': 9.2, 'sebi_turnover': 0.02, 'stamp_duty': 0.27, 'gst': 30.46, 'slippage': 150.0, 'total_rupees': 359.06, 'points_equivalent': 14.36}",2024
2024-08-16,True,,24600.0,24567.5,2024-08-22,2024-08-29,25,-161.1,-4027.5,376.72,15.07,False,-10.691,"{'brokerage': 160.0, 'stt': 17.05, 'exchange_turnover': 17.22, 'sebi_turnover': 0.03, 'stamp_duty': 0.51, 'gst': 31.91, 'slippage': 150.0, 'total_rupees': 376.72, 'points_equivalent': 15.07}",2024
2024-08-19,True,,24600.0,24570.15,2024-08-22,2024-08-29,25,-163.9,-4097.5,371.87,14.87,False,-11.019,"{'brokerage': 160.0, 'stt': 14.87, 'exchange_turnover': 15.02, 'sebi_turnover': 0.03, 'stamp_duty': 0.45, 'gst': 31.51, 'slippage': 150.0, 'total_rupees': 371.87, 'points_equivalent': 14.87}",2024
2024-08-20,True,,24700.0,24691.1,2024-08-22,2024-08-29,25,-170.9,-4272.5,367.21,14.69,False,-11.635,"{'brokerage': 160.0, 'stt': 12.77, 'exchange_turnover': 12.9, 'sebi_turnover': 0.03, 'stamp_duty': 0.38, 'gst': 31.13, 'slippage': 150.0, 'total_rupees': 367.21, 'points_equivalent': 14.69}",2024
2024-08-21,True,,24750.0,24767.35,2024-08-22,2024-08-29,25,-195.1,-4877.5,362.65,14.51,False,-13.45,"{'brokerage': 160.0, 'stt': 10.72, 'exchange_turnover': 10.83, 'sebi_turnover': 0.02, 'stamp_duty': 0.32, 'gst': 30.75, 'slippage': 150.0, 'total_rupees': 362.65, 'points_equivalent': 14.51}",2024
2024-08-22,True,,24800.0,24808.3,2024-08-22,2024-08-29,25,-265.5,-6637.5,354.76,14.19,False,-18.71,"{'brokerage': 160.0, 'stt': 7.18, 'exchange_turnover': 7.25, 'sebi_turnover': 0.01, 'stamp_duty': 0.22, 'gst': 30.11, 'slippage': 150.0, 'total_rupees': 354.76, 'points_equivalent': 14.19}",2024
2024-08-23,True,,24900.0,24855.1,2024-08-29,2024-09-05,25,-143.95,-3598.75,375.57,15.02,False,-9.582,"{'brokerage': 160.0, 'stt': 16.53, 'exchange_turnover': 16.7, 'sebi_turnover': 0.03, 'stamp_duty': 0.5, 'gst': 31.81, 'slippage': 150.0, 'total_rupees': 375.57, 'points_equivalent': 15.02}",2024
2024-08-26,True,,25050.0,25045.0,2024-08-29,2024-09-05,25,-164.7,-4117.5,370.46,14.82,False,-11.115,"{'brokerage': 160.0, 'stt': 14.23, 'exchange_turnover': 14.37, 'sebi_turnover': 0.03, 'stamp_duty': 0.43, 'gst': 31.39, 'slippage': 150.0, 'total_rupees': 370.46, 'points_equivalent': 14.82}",2024
2024-08-27,True,,25000.0,25018.55,2024-08-29,2024-09-05,25,-179.4,-4485.0,366.63,14.67,False,-12.233,"{'brokerage': 160.0, 'stt': 12.51, 'exchange_turnover': 12.64, 'sebi_turnover': 0.03, 'stamp_duty': 0.38, 'gst': 31.08, 'slippage': 150.0, 'total_rupees': 366.63, 'points_equivalent': 14.67}",2024
2024-08-28,True,,25050.0,25045.3,2024-08-29,2024-09-05,25,-187.3,-4682.5,362.44,14.5,False,-12.919,"{'brokerage': 160.0, 'stt': 10.63, 'exchange_turnover': 10.73, 'sebi_turnover': 0.02, 'stamp_duty': 0.32, 'gst': 30.74, 'slippage': 150.0, 'total_rupees': 362.44, 'points_equivalent': 14.5}",2024
2024-08-29,True,,25150.0,25161.35,2024-08-29,2024-09-05,25,-262.05,-6551.25,355.42,14.22,False,-18.432,"{'brokerage': 160.0, 'stt': 7.47, 'exchange_turnover': 7.55, 'sebi_turnover': 0.01, 'stamp_duty': 0.22, 'gst': 30.16, 'slippage': 150.0, 'total_rupees': 355.42, 'points_equivalent': 14.22}",2024
2024-08-30,True,,25350.0,25301.25,2024-09-05,2024-09-12,25,-139.95,-3498.75,372.94,14.92,False,-9.382,"{'brokerage': 160.0, 'stt': 15.35, 'exchange_turnover': 15.5, 'sebi_turnover': 0.03, 'stamp_duty': 0.46, 'gst': 31.6, 'slippage': 150.0, 'total_rupees': 372.94, 'points_equivalent': 14.92}",2024
2024-09-02,True,,25300.0,25265.45,2024-09-05,2024-09-12,25,-154.65,-3866.25,370.68,14.83,False,-10.43,"{'brokerage': 160.0, 'stt': 14.33, 'exchange_turnover': 14.48, 'sebi_turnover': 0.03, 'stamp_duty': 0.43, 'gst': 31.41, 'slippage': 150.0, 'total_rupees': 370.68, 'points_equivalent': 14.83}",2024
2024-09-03,True,,25300.0,25282.55,2024-09-05,2024-09-12,25,-164.9,-4122.5,366.74,14.67,False,-11.241,"{'brokerage': 160.0, 'stt': 12.56, 'exchange_turnover': 12.69, 'sebi_turnover': 0.03, 'stamp_duty': 0.38, 'gst': 31.09, 'slippage': 150.0, 'total_rupees': 366.74, 'points_equivalent': 14.67}",2024
2024-09-04,True,,25200.0,25171.7,2024-09-05,2024-09-12,25,-187.2,-4680.0,364.41,14.58,False,-12.843,"{'brokerage': 160.0, 'stt': 11.52, 'exchange_turnover': 11.63, 'sebi_turnover': 0.02, 'stamp_duty': 0.35, 'gst': 30.9, 'slippage': 150.0, 'total_rupees': 364.41, 'points_equivalent': 14.58}",2024
2024-09-05,True,,25150.0,25147.15,2024-09-05,2024-09-12,25,-281.55,-7038.75,355.18,14.21,False,-19.817,"{'brokerage': 160.0, 'stt': 7.37, 'exchange_turnover': 7.44, 'sebi_turnover': 0.01, 'stamp_duty': 0.22, 'gst': 30.14, 'slippage': 150.0, 'total_rupees': 355.18, 'points_equivalent': 14.21}",2024
2024-09-06,True,,24850.0,24866.8,2024-09-12,2024-09-19,25,-176.85,-4421.25,383.96,15.36,False,-11.515,"{'brokerage': 160.0, 'stt': 20.31, 'exchange_turnover': 20.51, 'sebi_turnover': 0.04, 'stamp_duty': 0.61, 'gst': 32.5, 'slippage': 150.0, 'total_rupees': 383.96, 'points_equivalent': 15.36}",2024
2024-09-09,True,,24950.0,24931.45,2024-09-12,2024-09-19,25,-187.3,-4682.5,374.23,14.97,False,-12.512,"{'brokerage': 160.0, 'stt': 15.93, 'exchange_turnover': 16.09, 'sebi_turnover': 0.03, 'stamp_duty': 0.48, 'gst': 31.7, 'slippage': 150.0, 'total_rupees': 374.23, 'points_equivalent': 14.97}",2024
2024-09-10,True,,25050.0,25031.05,2024-09-12,2024-09-19,25,-180.15,-4503.75,367.29,14.69,False,-12.262,"{'brokerage': 160.0, 'stt': 12.81, 'exchange_turnover': 12.94, 'sebi_turnover': 0.03, 'stamp_duty': 0.38, 'gst': 31.13, 'slippage': 150.0, 'total_rupees': 367.29, 'points_equivalent': 14.69}",2024
2024-09-11,True,,24900.0,24885.65,2024-09-12,2024-09-19,25,-193.95,-4848.75,365.36,14.61,False,-13.271,"{'brokerage': 160.0, 'stt': 11.94, 'exchange_turnover': 12.06, 'sebi_turnover': 0.02, 'stamp_duty': 0.36, 'gst': 30.98, 'slippage': 150.0, 'total_rupees': 365.36, 'points_equivalent': 14.61}",2024
2024-09-12,True,,25400.0,25400.2,2024-09-12,2024-09-19,25,-286.25,-7156.25,356.67,14.27,False,-20.064,"{'brokerage': 160.0, 'stt': 8.04, 'exchange_turnover': 8.12, 'sebi_turnover': 0.02, 'stamp_duty': 0.24, 'gst': 30.26, 'slippage': 150.0, 'total_rupees': 356.67, 'points_equivalent': 14.27}",2024
2024-09-13,True,,25350.0,25337.3,2024-09-19,2024-09-26,25,-166.75,-4168.75,377.13,15.09,False,-11.054,"{'brokerage': 160.0, 'stt': 17.23, 'exchange_turnover': 17.41, 'sebi_turnover': 0.03, 'stamp_duty': 0.52, 'gst': 31.94, 'slippage': 150.0, 'total_rupees': 377.13, 'points_equivalent': 15.09}",2024
2024-09-16,True,,25450.0,25413.4,2024-09-19,2024-09-26,25,-172.95,-4323.75,372.09,14.88,False,-11.62,"{'brokerage': 160.0, 'stt': 14.97, 'exchange_turnover': 15.12, 'sebi_turnover': 0.03, 'stamp_duty': 0.45, 'gst': 31.53, 'slippage': 150.0, 'total_rupees': 372.09, 'points_equivalent': 14.88}",2024
2024-09-17,True,,25450.0,25416.85,2024-09-19,2024-09-26,25,-185.7,-4642.5,370.57,14.82,False,-12.528,"{'brokerage': 160.0, 'stt': 14.29, 'exchange_turnover': 14.43, 'sebi_turnover': 0.03, 'stamp_duty': 0.43, 'gst': 31.4, 'slippage': 150.0, 'total_rupees': 370.57, 'points_equivalent': 14.82}",2024
2024-09-18,True,,25400.0,25381.0,2024-09-19,2024-09-26,25,-196.9,-4922.5,373.55,14.94,False,-13.178,"{'brokerage': 160.0, 'stt': 15.62, 'exchange_turnover': 15.78, 'sebi_turnover': 0.03, 'stamp_duty': 0.47, 'gst': 31.65, 'slippage': 150.0, 'total_rupees': 373.55, 'points_equivalent': 14.94}",2024
2024-09-19,True,,25400.0,25407.85,2024-09-19,2024-09-26,25,-319.7,-7992.5,357.86,14.31,False,-22.334,"{'brokerage': 160.0, 'stt': 8.57, 'exchange_turnover': 8.66, 'sebi_turnover': 0.02, 'stamp_duty': 0.26, 'gst': 30.36, 'slippage': 150.0, 'total_rupees': 357.86, 'points_equivalent': 14.31}",2024
2024-09-20,True,,25800.0,25761.25,2024-09-26,2024-10-03,25,-147.95,-3698.75,377.05,15.08,False,-9.81,"{'brokerage': 160.0, 'stt': 17.2, 'exchange_turnover': 17.37, 'sebi_turnover': 0.03, 'stamp_duty': 0.52, 'gst': 31.93, 'slippage': 150.0, 'total_rupees': 377.05, 'points_equivalent': 15.08}",2024
2024-09-23,True,,25950.0,25915.6,2024-09-26,2024-10-03,25,-163.85,-4096.25,374.96,15.0,False,-10.924,"{'brokerage': 160.0, 'stt': 16.26, 'exchange_turnover': 16.42, 'sebi_turnover': 0.03, 'stamp_duty': 0.49, 'gst': 31.76, 'slippage': 150.0, 'total_rupees': 374.96, 'points_equivalent': 15.0}",2024
2024-09-24,True,,25950.0,25942.75,2024-09-26,2024-10-03,25,-185.95,-4648.75,370.52,14.82,False,-12.547,"{'brokerage': 160.0, 'stt': 14.26, 'exchange_turnover': 14.4, 'sebi_turnover': 0.03, 'stamp_duty': 0.43, 'gst': 31.4, 'slippage': 150.0, 'total_rupees': 370.52, 'points_equivalent': 14.82}",2024
2024-09-25,True,,26000.0,25996.9,2024-09-26,2024-10-03,25,-196.85,-4921.25,364.73,14.59,False,-13.493,"{'brokerage': 160.0, 'stt': 11.66, 'exchange_turnover': 11.77, 'sebi_turnover': 0.02, 'stamp_duty': 0.35, 'gst': 30.92, 'slippage': 150.0, 'total_rupees': 364.73, 'points_equivalent': 14.59}",2024
2024-09-26,True,,26200.0,26224.3,2024-09-26,2024-10-03,25,-275.1,-6877.5,357.57,14.3,False,-19.234,"{'brokerage': 160.0, 'stt': 8.44, 'exchange_turnover': 8.52, 'sebi_turnover': 0.02, 'stamp_duty': 0.25, 'gst': 30.34, 'slippage': 150.0, 'total_rupees': 357.57, 'points_equivalent': 14.3}",2024
2024-09-27,True,,26250.0,26238.55,2024-10-03,2024-10-10,25,-154.45,-3861.25,376.01,15.04,False,-10.269,"{'brokerage': 160.0, 'stt': 16.73, 'exchange_turnover': 16.9, 'sebi_turnover': 0.03, 'stamp_duty': 0.5, 'gst': 31.85, 'slippage': 150.0, 'total_rupees': 376.01, 'points_equivalent': 15.04}",2024
2024-09-30,True,,25850.0,25846.45,2024-10-03,2024-10-10,25,-168.05,-4201.25,374.58,14.98,False,-11.216,"{'brokerage': 160.0, 'stt': 16.09, 'exchange_turnover': 16.25, 'sebi_turnover': 0.03, 'stamp_duty': 0.48, 'gst': 31.73, 'slippage': 150.0, 'total_rupees': 374.58, 'points_equivalent': 14.98}",2024
2024-10-01,True,,25800.0,25815.7,2024-10-03,2024-10-10,25,-193.9,-4847.5,365.92,14.64,False,-13.247,"{'brokerage': 160.0, 'stt': 12.19, 'exchange_turnover': 12.31, 'sebi_turnover': 0.02, 'stamp_duty': 0.37, 'gst': 31.02, 'slippage': 150.0, 'total_rupees': 365.92, 'points_equivalent': 14.64}",2024
2024-10-03,True,,25250.0,25254.25,2024-10-03,2024-10-10,25,-368.9,-9222.5,360.13,14.41,False,-25.609,"{'brokerage': 160.0, 'stt': 9.59, 'exchange_turnover': 9.69, 'sebi_turnover': 0.02, 'stamp_duty': 0.29, 'gst': 30.55, 'slippage': 150.0, 'total_rupees': 360.13, 'points_equivalent': 14.41}",2024
2024-10-04,True,,25100.0,25037.3,2024-10-10,2024-10-17,25,-139.7,-3492.5,387.61,15.5,False,-9.01,"{'brokerage': 160.0, 'stt': 21.95, 'exchange_turnover': 22.17, 'sebi_turnover': 0.04, 'stamp_duty': 0.66, 'gst': 32.8, 'slippage': 150.0, 'total_rupees': 387.61, 'points_equivalent': 15.5}",2024
2024-10-07,True,,24900.0,24839.05,2024-10-10,2024-10-17,25,-158.95,-3973.75,387.1,15.48,False,-10.265,"{'brokerage': 160.0, 'stt': 21.72, 'exchange_turnover': 21.93, 'sebi_turnover': 0.04, 'stamp_duty': 0.65, 'gst': 32.76, 'slippage': 150.0, 'total_rupees': 387.1, 'points_equivalent': 15.48}",2024
2024-10-08,True,,25000.0,24977.75,2024-10-10,2024-10-17,25,-195.95,-4898.75,379.0,15.16,False,-12.925,"{'brokerage': 160.0, 'stt': 18.08, 'exchange_turnover': 18.26, 'sebi_turnover': 0.04, 'stamp_duty': 0.54, 'gst': 32.09, 'slippage': 150.0, 'total_rupees': 379.0, 'points_equivalent': 15.16}",2024
2024-10-09,True,,24950.0,24956.7,2024-10-10,2024-10-17,25,-226.15,-5653.75,371.05,14.84,False,-15.237,"{'brokerage': 160.0, 'stt': 14.5, 'exchange_turnover': 14.64, 'sebi_turnover': 0.03, 'stamp_duty': 0.43, 'gst': 31.44, 'slippage': 150.0, 'total_rupees': 371.05, 'points_equivalent': 14.84}",2024
2024-10-10,True,,25000.0,24999.35,2024-10-10,2024-10-17,25,-339.3,-8482.5,358.19,14.33,False,-23.682,"{'brokerage': 160.0, 'stt': 8.72, 'exchange_turnover': 8.81, 'sebi_turnover': 0.02, 'stamp_duty': 0.26, 'gst': 30.39, 'slippage': 150.0, 'total_rupees': 358.19, 'points_equivalent': 14.33}",2024
2024-10-11,True,,25000.0,24962.85,2024-10-17,2024-10-24,25,-135.35,-3383.75,378.08,15.12,False,-8.95,"{'brokerage': 160.0, 'stt': 17.66, 'exchange_turnover': 17.84, 'sebi_turnover': 0.04, 'stamp_duty': 0.53, 'gst': 32.02, 'slippage': 150.0, 'total_rupees': 378.08, 'points_equivalent': 15.12}",2024
2024-10-14,True,,25150.0,25132.45,2024-10-17,2024-10-24,25,-144.1,-3602.5,371.82,14.87,False,-9.689,"{'brokerage': 160.0, 'stt': 14.85, 'exchange_turnover': 14.99, 'sebi_turnover': 0.03, 'stamp_duty': 0.45, 'gst': 31.5, 'slippage': 150.0, 'total_rupees': 371.82, 'points_equivalent': 14.87}",2024
2024-10-15,True,,25050.0,25038.1,2024-10-17,2024-10-24,25,-170.7,-4267.5,369.12,14.76,False,-11.561,"{'brokerage': 160.0, 'stt': 13.63, 'exchange_turnover': 13.77, 'sebi_turnover': 0.03, 'stamp_duty': 0.41, 'gst': 31.28, 'slippage': 150.0, 'total_rupees': 369.12, 'points_equivalent': 14.76}",2024
2024-10-16,True,,25000.0,24989.15,2024-10-17,2024-10-24,25,-193.55,-4838.75,364.25,14.57,False,-13.284,"{'brokerage': 160.0, 'stt': 11.44, 'exchange_turnover': 11.56, 'sebi_turnover': 0.02, 'stamp_duty': 0.34, 'gst': 30.88, 'slippage': 150.0, 'total_rupees': 364.25, 'points_equivalent': 14.57}",2024
2024-10-17,True,,24750.0,24751.1,2024-10-17,2024-10-24,25,-325.4,-8135.0,357.31,14.29,False,-22.767,"{'brokerage': 160.0, 'stt': 8.32, 'exchange_turnover': 8.4, 'sebi_turnover': 0.02, 'stamp_duty': 0.25, 'gst': 30.32, 'slippage': 150.0, 'total_rupees': 357.31, 'points_equivalent': 14.29}",2024
2024-10-18,True,,24900.0,24890.5,2024-10-24,2024-10-31,25,-148.95,-3723.75,376.93,15.08,False,-9.879,"{'brokerage': 160.0, 'stt': 17.14, 'exchange_turnover': 17.32, 'sebi_turnover': 0.03, 'stamp_duty': 0.51, 'gst': 31.92, 'slippage': 150.0, 'total_rupees': 376.93, 'points_equivalent': 15.08}",2024
2024-10-21,True,,24750.0,24748.15,2024-10-24,2024-10-31,25,-170.85,-4271.25,374.43,14.98,False,-11.407,"{'brokerage': 160.0, 'stt': 16.02, 'exchange_turnover': 16.18, 'sebi_turnover': 0.03, 'stamp_duty': 0.48, 'gst': 31.72, 'slippage': 150.0, 'total_rupees': 374.43, 'points_equivalent': 14.98}",2024
2024-10-22,True,,24500.0,24489.5,2024-10-24,2024-10-31,25,-178.5,-4462.5,374.8,14.99,False,-11.906,"{'brokerage': 160.0, 'stt': 16.19, 'exchange_turnover': 16.35, 'sebi_turnover': 0.03, 'stamp_duty': 0.49, 'gst': 31.75, 'slippage': 150.0, 'total_rupees': 374.8, 'points_equivalent': 14.99}",2024
2024-10-23,True,,24450.0,24435.65,2024-10-24,2024-10-31,25,-213.5,-5337.5,368.27,14.73,False,-14.493,"{'brokerage': 160.0, 'stt': 13.25, 'exchange_turnover': 13.38, 'sebi_turnover': 0.03, 'stamp_duty': 0.4, 'gst': 31.21, 'slippage': 150.0, 'total_rupees': 368.27, 'points_equivalent': 14.73}",2024
2024-10-24,True,,24400.0,24401.2,2024-10-24,2024-10-31,25,-319.15,-7978.75,356.9,14.28,False,-22.356,"{'brokerage': 160.0, 'stt': 8.14, 'exchange_turnover': 8.22, 'sebi_turnover': 0.02, 'stamp_duty': 0.24, 'gst': 30.28, 'slippage': 150.0, 'total_rupees': 356.9, 'points_equivalent': 14.28}",2024
2024-10-25,True,,24200.0,24191.85,2024-10-31,2024-11-07,25,-195.95,-4898.75,383.5,15.34,False,-12.774,"{'brokerage': 160.0, 'stt': 20.1, 'exchange_turnover': 20.3, 'sebi_turnover': 0.04, 'stamp_duty': 0.6, 'gst': 32.46, 'slippage': 150.0, 'total_rupees': 383.5, 'points_equivalent': 15.34}",2024
2024-10-28,True,,24400.0,24347.6,2024-10-31,2024-11-07,25,-217.9,-5447.5,376.52,15.06,False,-14.468,"{'brokerage': 160.0, 'stt': 16.96, 'exchange_turnover': 17.13, 'sebi_turnover': 0.03, 'stamp_duty': 0.51, 'gst': 31.89, 'slippage': 150.0, 'total_rupees': 376.52, 'points_equivalent': 15.06}",2024
2024-10-29,True,,24500.0,24475.75,2024-10-31,2024-11-07,25,-260.7,-6517.5,373.21,14.93,False,-17.463,"{'brokerage': 160.0, 'stt': 15.47, 'exchange_turnover': 15.62, 'sebi_turnover': 0.03, 'stamp_duty': 0.46, 'gst': 31.62, 'slippage': 150.0, 'total_rupees': 373.21, 'points_equivalent': 14.93}",2024
2024-10-30,True,,24400.0,24368.55,2024-10-31,2024-11-07,25,-304.2,-7605.0,372.32,14.89,False,-20.426,"{'brokerage': 160.0, 'stt': 15.07, 'exchange_turnover': 15.22, 'sebi_turnover': 0.03, 'stamp_duty': 0.45, 'gst': 31.55, 'slippage': 150.0, 'total_rupees': 372.32, 'points_equivalent': 14.89}",2024
2024-10-31,True,,24200.0,24203.8,2024-10-31,2024-11-07,25,-434.85,-10871.25,363.76,14.55,False,-29.886,"{'brokerage': 160.0, 'stt': 11.22, 'exchange_turnover': 11.33, 'sebi_turnover': 0.02, 'stamp_duty': 0.34, 'gst': 30.84, 'slippage': 150.0, 'total_rupees': 363.76, 'points_equivalent': 14.55}",2024
2024-11-01,True,,24300.0,24277.45,2024-11-07,2024-11-14,25,-153.5,-3837.5,392.76,15.71,False,-9.771,"{'brokerage': 160.0, 'stt': 24.26, 'exchange_turnover': 24.5, 'sebi_turnover': 0.05, 'stamp_duty': 0.73, 'gst': 33.22, 'slippage': 150.0, 'total_rupees': 392.76, 'points_equivalent': 15.71}",2024
2024-11-04,True,,24050.0,24004.15,2024-11-07,2024-11-14,25,-170.25,-4256.25,391.82,15.67,False,-10.863,"{'brokerage': 160.0, 'stt': 23.84, 'exchange_turnover': 24.08, 'sebi_turnover': 0.05, 'stamp_duty': 0.72, 'gst': 33.14, 'slippage': 150.0, 'total_rupees': 391.82, 'points_equivalent': 15.67}",2024
2024-11-05,True,,24200.0,24171.85,2024-11-07,2024-11-14,25,-178.0,-4450.0,384.57,15.38,False,-11.571,"{'brokerage': 160.0, 'stt': 20.58, 'exchange_turnover': 20.78, 'sebi_turnover': 0.04, 'stamp_duty': 0.62, 'gst': 32.55, 'slippage': 150.0, 'total_rupees': 384.57, 'points_equivalent': 15.38}",2024
2024-11-06,True,,24450.0,24458.75,2024-11-07,2024-11-14,25,-234.15,-5853.75,370.76,14.83,False,-15.789,"{'brokerage': 160.0, 'stt': 14.37, 'exchange_turnover': 14.51, 'sebi_turnover': 0.03, 'stamp_duty': 0.43, 'gst': 31.42, 'slippage': 150.0, 'total_rupees': 370.76, 'points_equivalent': 14.83}",2024
2024-11-07,True,,24200.0,24200.2,2024-11-07,2024-11-14,25,-353.15,-8828.75,358.81,14.35,False,-24.606,"{'brokerage': 160.0, 'stt': 9.0, 'exchange_turnover': 9.09, 'sebi_turnover': 0.02, 'stamp_duty': 0.27, 'gst': 30.44, 'slippage': 150.0, 'total_rupees': 358.81, 'points_equivalent': 14.35}",2024
2024-11-08,True,,24200.0,24154.75,2024-11-14,2024-11-21,25,-132.55,-3313.75,378.69,15.15,False,-8.751,"{'brokerage': 160.0, 'stt': 17.94, 'exchange_turnover': 18.12, 'sebi_turnover': 0.04, 'stamp_duty': 0.54, 'gst': 32.07, 'slippage': 150.0, 'total_rupees': 378.69, 'points_equivalent': 15.15}",2024
2024-11-11,True,,24200.0,24156.5,2024-11-14,2024-11-21,25,-126.45,-3161.25,372.0,14.88,False,-8.498,"{'brokerage': 160.0, 'stt': 14.93, 'exchange_turnover': 15.08, 'sebi_turnover': 0.03, 'stamp_duty': 0.45, 'gst': 31.52, 'slippage': 150.0, 'total_rupees': 372.0, 'points_equivalent': 14.88}",2024
2024-11-12,True,,23900.0,23898.55,2024-11-14,2024-11-21,25,-152.35,-3808.75,370.52,14.82,False,-10.279,"{'brokerage': 160.0, 'stt': 14.26, 'exchange_turnover': 14.4, 'sebi_turnover': 0.03, 'stamp_duty': 0.43, 'gst': 31.4, 'slippage': 150.0, 'total_rupees': 370.52, 'points_equivalent': 14.82}",2024
2024-11-13,True,,23550.0,23562.05,2024-11-14,2024-11-21,25,-185.25,-4631.25,369.61,14.78,False,-12.53,"{'brokerage': 160.0, 'stt': 13.85, 'exchange_turnover': 13.99, 'sebi_turnover': 0.03, 'stamp_duty': 0.42, 'gst': 31.32, 'slippage': 150.0, 'total_rupees': 369.61, 'points_equivalent': 14.78}",2024
2024-11-14,True,,23550.0,23525.7,2024-11-14,2024-11-21,25,-263.35,-6583.75,356.22,14.25,False,-18.482,"{'brokerage': 160.0, 'stt': 7.83, 'exchange_turnover': 7.91, 'sebi_turnover': 0.02, 'stamp_duty': 0.24, 'gst': 30.23, 'slippage': 150.0, 'total_rupees': 356.22, 'points_equivalent': 14.25}",2024
2024-11-18,True,,23450.0,23457.0,2024-11-21,2024-11-28,25,-194.55,-4863.75,375.93,15.04,False,-12.938,"{'brokerage': 160.0, 'stt': 16.69, 'exchange_turnover': 16.86, 'sebi_turnover': 0.03, 'stamp_duty': 0.5, 'gst': 31.84, 'slippage': 150.0, 'total_rupees': 375.93, 'points_equivalent': 15.04}",2024
2024-11-19,True,,23500.0,23484.65,2024-11-21,2024-11-28,25,-210.3,-5257.5,374.16,14.97,False,-14.051,"{'brokerage': 160.0, 'stt': 15.9, 'exchange_turnover': 16.06, 'sebi_turnover': 0.03, 'stamp_duty': 0.48, 'gst': 31.7, 'slippage': 150.0, 'total_rupees': 374.16, 'points_equivalent': 14.97}",2024
2024-11-21,True,,23350.0,23347.45,2024-11-21,2024-11-28,75,-376.4,-28230.0,703.14,9.38,False,-40.148,"{'brokerage': 160.0, 'stt': 28.93, 'exchange_turnover': 29.22, 'sebi_turnover': 0.06, 'stamp_duty': 0.87, 'gst': 34.07, 'slippage': 450.0, 'total_rupees': 703.14, 'points_equivalent': 9.38}",2024
2024-11-22,True,,23950.0,23892.2,2024-11-28,2024-12-05,75,-119.45,-8958.75,790.67,10.54,False,-11.331,"{'brokerage': 160.0, 'stt': 68.28, 'exchange_turnover': 68.97, 'sebi_turnover': 0.14, 'stamp_duty': 2.05, 'gst': 41.24, 'slippage': 450.0, 'total_rupees': 790.67, 'points_equivalent': 10.54}",2024
2024-11-25,True,,24300.0,24258.2,2024-11-28,2024-12-05,75,-161.75,-12131.25,759.43,10.13,False,-15.974,"{'brokerage': 160.0, 'stt': 54.24, 'exchange_turnover': 54.78, 'sebi_turnover': 0.11, 'stamp_duty': 1.63, 'gst': 38.68, 'slippage': 450.0, 'total_rupees': 759.43, 'points_equivalent': 10.13}",2024
2024-11-26,True,,24250.0,24221.2,2024-11-28,2024-12-05,75,-186.1,-13957.5,742.44,9.9,False,-18.799,"{'brokerage': 160.0, 'stt': 46.6, 'exchange_turnover': 47.06, 'sebi_turnover': 0.09, 'stamp_duty': 1.4, 'gst': 37.29, 'slippage': 450.0, 'total_rupees': 742.44, 'points_equivalent': 9.9}",2024
2024-11-27,True,,24300.0,24299.8,2024-11-28,2024-12-05,75,-208.15,-15611.25,722.8,9.64,False,-21.598,"{'brokerage': 160.0, 'stt': 37.77, 'exchange_turnover': 38.14, 'sebi_turnover': 0.08, 'stamp_duty': 1.13, 'gst': 35.68, 'slippage': 450.0, 'total_rupees': 722.8, 'points_equivalent': 9.64}",2024
2024-11-28,True,,23900.0,23900.9,2024-11-28,2024-12-05,75,-367.55,-27566.25,705.28,9.4,False,-39.086,"{'brokerage': 160.0, 'stt': 29.89, 'exchange_turnover': 30.19, 'sebi_turnover': 0.06, 'stamp_duty': 0.9, 'gst': 34.24, 'slippage': 450.0, 'total_rupees': 705.28, 'points_equivalent': 9.4}",2024
2024-11-29,True,,24200.0,24190.45,2024-12-05,2024-12-12,75,-156.75,-11756.25,767.92,10.24,False,-15.309,"{'brokerage': 160.0, 'stt': 58.05, 'exchange_turnover': 58.63, 'sebi_turnover': 0.12, 'stamp_duty': 1.74, 'gst': 39.38, 'slippage': 450.0, 'total_rupees': 767.92, 'points_equivalent': 10.24}",2024
2024-12-02,True,,24350.0,24307.9,2024-12-05,2024-12-12,75,-165.1,-12382.5,767.63,10.24,False,-16.131,"{'brokerage': 160.0, 'stt': 57.92, 'exchange_turnover': 58.5, 'sebi_turnover': 0.12, 'stamp_duty': 1.74, 'gst': 39.35, 'slippage': 450.0, 'total_rupees': 767.63, 'points_equivalent': 10.24}",2024
2024-12-03,True,,24500.0,24441.95,2024-12-05,2024-12-12,75,-186.85,-14013.75,757.46,10.1,False,-18.501,"{'brokerage': 160.0, 'stt': 53.35, 'exchange_turnover': 53.88, 'sebi_turnover': 0.11, 'stamp_duty': 1.6, 'gst': 38.52, 'slippage': 450.0, 'total_rupees': 757.46, 'points_equivalent': 10.1}",2024
2024-12-04,True,,24450.0,24452.25,2024-12-05,2024-12-12,75,-221.15,-16586.25,752.97,10.04,False,-22.028,"{'brokerage': 160.0, 'stt': 51.33, 'exchange_turnover': 51.85, 'sebi_turnover': 0.1, 'stamp_duty': 1.54, 'gst': 38.15, 'slippage': 450.0, 'total_rupees': 752.97, 'points_equivalent': 10.04}",2024
2024-12-05,True,,24700.0,24708.0,2024-12-05,2024-12-12,75,-408.95,-30671.25,715.96,9.55,False,-42.839,"{'brokerage': 160.0, 'stt': 34.69, 'exchange_turnover': 35.04, 'sebi_turnover': 0.07, 'stamp_duty': 1.04, 'gst': 35.12, 'slippage': 450.0, 'total_rupees': 715.96, 'points_equivalent': 9.55}",2024
2024-12-06,True,,24700.0,24699.65,2024-12-12,2024-12-19,75,-152.65,-11448.75,785.45,10.47,False,-14.576,"{'brokerage': 160.0, 'stt': 65.94, 'exchange_turnover': 66.6, 'sebi_turnover': 0.13, 'stamp_duty': 1.98, 'gst': 40.81, 'slippage': 450.0, 'total_rupees': 785.45, 'points_equivalent': 10.47}",2024
2024-12-09,True,,24600.0,24606.25,2024-12-12,2024-12-19,75,-191.15,-14336.25,768.25,10.24,False,-18.661,"{'brokerage': 160.0, 'stt': 58.2, 'exchange_turnover': 58.79, 'sebi_turnover': 0.12, 'stamp_duty': 1.75, 'gst': 39.4, 'slippage': 450.0, 'total_rupees': 768.25, 'points_equivalent': 10.24}",2024
2024-12-10,True,,24600.0,24593.55,2024-12-12,2024-12-19,75,-209.7,-15727.5,751.7,10.02,False,-20.923,"{'brokerage': 160.0, 'stt': 50.76, 'exchange_turnover': 51.27, 'sebi_turnover': 0.1, 'stamp_duty': 1.52, 'gst': 38.05, 'slippage': 450.0, 'total_rupees': 751.7, 'points_equivalent': 10.02}",2024
2024-12-11,True,,24650.0,24637.6,2024-12-12,2024-12-19,75,-231.15,-17336.25,720.33,9.6,False,-24.067,"{'brokerage': 160.0, 'stt': 36.66, 'exchange_turnover': 37.02, 'sebi_turnover': 0.07, 'stamp_duty': 1.1, 'gst': 35.48, 'slippage': 450.0, 'total_rupees': 720.33, 'points_equivalent': 9.6}",2024
2024-12-12,True,,24550.0,24550.0,2024-12-12,2024-12-19,75,-336.4,-25230.0,696.12,9.28,False,-36.244,"{'brokerage': 160.0, 'stt': 25.77, 'exchange_turnover': 26.03, 'sebi_turnover': 0.05, 'stamp_duty': 0.77, 'gst': 33.49, 'slippage': 450.0, 'total_rupees': 696.12, 'points_equivalent': 9.28}",2024
2024-12-13,True,,24800.0,24773.2,2024-12-19,2024-12-26,75,-163.55,-12266.25,760.96,10.15,False,-16.119,"{'brokerage': 160.0, 'stt': 54.93, 'exchange_turnover': 55.48, 'sebi_turnover': 0.11, 'stamp_duty': 1.65, 'gst': 38.81, 'slippage': 450.0, 'total_rupees': 760.96, 'points_equivalent': 10.15}",2024
2024-12-16,True,,24700.0,24686.1,2024-12-19,2024-12-26,75,-160.5,-12037.5,769.56,10.26,False,-15.642,"{'brokerage': 160.0, 'stt': 58.79, 'exchange_turnover': 59.38, 'sebi_turnover': 0.12, 'stamp_duty': 1.76, 'gst': 39.51, 'slippage': 450.0, 'total_rupees': 769.56, 'points_equivalent': 10.26}",2024
2024-12-17,True,,24350.0,24371.35,2024-12-19,2024-12-26,75,-232.6,-17445.0,754.42,10.06,False,-23.124,"{'brokerage': 160.0, 'stt': 51.98, 'exchange_turnover': 52.5, 'sebi_turnover': 0.1, 'stamp_duty': 1.56, 'gst': 38.27, 'slippage': 450.0, 'total_rupees': 754.42, 'points_equivalent': 10.06}",2024
2024-12-18,True,,24200.0,24201.25,2024-12-19,2024-12-26,75,-267.4,-20055.0,732.9,9.77,False,-27.364,"{'brokerage': 160.0, 'stt': 42.31, 'exchange_turnover': 42.73, 'sebi_turnover': 0.08, 'stamp_duty': 1.27, 'gst': 36.51, 'slippage': 450.0, 'total_rupees': 732.9, 'points_equivalent': 9.77}",2024
2024-12-19,True,,23950.0,23951.9,2024-12-19,2024-12-26,75,-410.05,-30753.75,708.37,9.44,False,-43.415,"{'brokerage': 160.0, 'stt': 31.28, 'exchange_turnover': 31.59, 'sebi_turnover': 0.06, 'stamp_duty': 0.94, 'gst': 34.5, 'slippage': 450.0, 'total_rupees': 708.37, 'points_equivalent': 9.44}",2024
2024-12-20,True,,23600.0,23623.8,2024-12-26,2025-01-02,75,-194.25,-14568.75,793.14,10.58,False,-18.368,"{'brokerage': 160.0, 'stt': 69.39, 'exchange_turnover': 70.09, 'sebi_turnover': 0.14, 'stamp_duty': 2.08, 'gst': 41.44, 'slippage': 450.0, 'total_rupees': 793.14, 'points_equivalent': 10.58}",2024
2024-12-23,True,,23800.0,23770.25,2024-12-26,2025-01-02,75,-217.0,-16275.0,740.64,9.88,False,-21.974,"{'brokerage': 160.0, 'stt': 45.79, 'exchange_turnover': 46.25, 'sebi_turnover': 0.09, 'stamp_duty': 1.37, 'gst': 37.14, 'slippage': 450.0, 'total_rupees': 740.64, 'points_equivalent': 9.88}",2024
2024-12-24,True,,23800.0,23769.3,2024-12-26,2025-01-02,75,-220.8,-16560.0,720.1,9.6,False,-22.997,"{'brokerage': 160.0, 'stt': 36.55, 'exchange_turnover': 36.92, 'sebi_turnover': 0.07, 'stamp_duty': 1.1, 'gst': 35.46, 'slippage': 450.0, 'total_rupees': 720.1, 'points_equivalent': 9.6}",2024
2024-12-26,True,,23750.0,23749.75,2024-12-26,2025-01-02,75,-369.5,-27712.5,701.35,9.35,False,-39.513,"{'brokerage': 160.0, 'stt': 28.12, 'exchange_turnover': 28.41, 'sebi_turnover': 0.06, 'stamp_duty': 0.84, 'gst': 33.92, 'slippage': 450.0, 'total_rupees': 701.35, 'points_equivalent': 9.35}",2024
2024-12-27,True,,23900.0,23869.25,2025-01-02,2025-01-09,75,-156.95,-11771.25,757.81,10.1,False,-15.533,"{'brokerage': 160.0, 'stt': 53.51, 'exchange_turnover': 54.04, 'sebi_turnover': 0.11, 'stamp_duty': 1.61, 'gst': 38.55, 'slippage': 450.0, 'total_rupees': 757.81, 'points_equivalent': 10.1}",2024
2024-12-30,True,,23700.0,23697.1,2025-01-02,2025-01-09,75,-167.65,-12573.75,755.51,10.07,False,-16.643,"{'brokerage': 160.0, 'stt': 52.47, 'exchange_turnover': 53.0, 'sebi_turnover': 0.1, 'stamp_duty': 1.57, 'gst': 38.36, 'slippage': 450.0, 'total_rupees': 755.51, 'points_equivalent': 10.07}",2024
2024-12-31,True,,23700.0,23691.6,2025-01-02,2025-01-09,75,-187.0,-14025.0,758.2,10.11,False,-18.498,"{'brokerage': 160.0, 'stt': 53.69, 'exchange_turnover': 54.22, 'sebi_turnover': 0.11, 'stamp_duty': 1.61, 'gst': 38.58, 'slippage': 450.0, 'total_rupees': 758.2, 'points_equivalent': 10.11}",2024
2025-01-01,True,,23800.0,23782.65,2025-01-02,2025-01-09,75,-215.7,-16177.5,753.67,10.05,False,-21.465,"{'brokerage': 160.0, 'stt': 51.65, 'exchange_turnover': 52.16, 'sebi_turnover': 0.1, 'stamp_duty': 1.55, 'gst': 38.21, 'slippage': 450.0, 'total_rupees': 753.67, 'points_equivalent': 10.05}",2025
2025-01-02,True,,24200.0,24190.65,2025-01-02,2025-01-09,75,-354.5,-26587.5,703.36,9.38,False,-37.801,"{'brokerage': 160.0, 'stt': 29.03, 'exchange_turnover': 29.32, 'sebi_turnover': 0.06, 'stamp_duty': 0.87, 'gst': 34.09, 'slippage': 450.0, 'total_rupees': 703.36, 'points_equivalent': 9.38}",2025
2025-01-03,True,,24000.0,24000.05,2025-01-09,2025-01-16,75,-161.65,-12123.75,770.24,10.27,False,-15.74,"{'brokerage': 160.0, 'stt': 59.1, 'exchange_turnover': 59.69, 'sebi_turnover': 0.12, 'stamp_duty': 1.77, 'gst': 39.56, 'slippage': 450.0, 'total_rupees': 770.24, 'points_equivalent': 10.27}",2025
2025-01-06,True,,23650.0,23622.4,2025-01-09,2025-01-16,75,-168.75,-12656.25,796.83,10.62,False,-15.883,"{'brokerage': 160.0, 'stt': 71.05, 'exchange_turnover': 71.76, 'sebi_turnover': 0.14, 'stamp_duty': 2.13, 'gst': 41.74, 'slippage': 450.0, 'total_rupees': 796.83, 'points_equivalent': 10.62}",2025
2025-01-07,True,,23700.0,23707.15,2025-01-09,2025-01-16,75,-211.25,-15843.75,754.59,10.06,False,-20.997,"{'brokerage': 160.0, 'stt': 52.06, 'exchange_turnover': 52.58, 'sebi_turnover': 0.1, 'stamp_duty': 1.56, 'gst': 38.28, 'slippage': 450.0, 'total_rupees': 754.59, 'points_equivalent': 10.06}",2025
2025-01-08,True,,23700.0,23689.85,2025-01-09,2025-01-16,75,-245.25,-18393.75,728.5,9.71,False,-25.249,"{'brokerage': 160.0, 'stt': 40.33, 'exchange_turnover': 40.73, 'sebi_turnover': 0.08, 'stamp_duty': 1.21, 'gst': 36.15, 'slippage': 450.0, 'total_rupees': 728.5, 'points_equivalent': 9.71}",2025
2025-01-09,True,,23500.0,23519.15,2025-01-09,2025-01-16,75,-352.3,-26422.5,704.39,9.39,False,-37.511,"{'brokerage': 160.0, 'stt': 29.49, 'exchange_turnover': 29.78, 'sebi_turnover': 0.06, 'stamp_duty': 0.88, 'gst': 34.17, 'slippage': 450.0, 'total_rupees': 704.39, 'points_equivalent': 9.39}",2025
2025-01-10,True,,23450.0,23448.5,2025-01-16,2025-01-23,75,-175.05,-13128.75,775.13,10.34,False,-16.937,"{'brokerage': 160.0, 'stt': 61.29, 'exchange_turnover': 61.91, 'sebi_turnover': 0.12, 'stamp_duty': 1.84, 'gst': 39.97, 'slippage': 450.0, 'total_rupees': 775.13, 'points_equivalent': 10.34}",2025
2025-01-13,True,,23150.0,23127.55,2025-01-16,2025-01-23,75,-207.6,-15570.0,763.02,10.17,False,-20.406,"{'brokerage': 160.0, 'stt': 55.85, 'exchange_turnover': 56.41, 'sebi_turnover': 0.11, 'stamp_duty': 1.68, 'gst': 38.97, 'slippage': 450.0, 'total_rupees': 763.02, 'points_equivalent': 10.17}",2025
2025-01-14,True,,23250.0,23237.25,2025-01-16,2025-01-23,75,-232.85,-17463.75,734.27,9.79,False,-23.784,"{'brokerage': 160.0, 'stt': 42.93, 'exchange_turnover': 43.36, 'sebi_turnover': 0.09, 'stamp_duty': 1.29, 'gst': 36.62, 'slippage': 450.0, 'total_rupees': 734.27, 'points_equivalent': 9.79}",2025
2025-01-15,True,,23250.0,23214.8,2025-01-16,2025-01-23,75,-247.7,-18577.5,716.72,9.56,False,-25.92,"{'brokerage': 160.0, 'stt': 35.03, 'exchange_turnover': 35.38, 'sebi_turnover': 0.07, 'stamp_duty': 1.05, 'gst': 35.18, 'slippage': 450.0, 'total_rupees': 716.72, 'points_equivalent': 9.56}",2025
2025-01-16,True,,23300.0,23303.8,2025-01-16,2025-01-23,75,-367.95,-27596.25,702.05,9.36,False,-39.308,"{'brokerage': 160.0, 'stt': 28.44, 'exchange_turnover': 28.72, 'sebi_turnover': 0.06, 'stamp_duty': 0.85, 'gst': 33.98, 'slippage': 450.0, 'total_rupees': 702.05, 'points_equivalent': 9.36}",2025
2025-01-17,True,,23250.0,23237.55,2025-01-23,2025-01-30,75,-168.25,-12618.75,775.71,10.34,False,-16.267,"{'brokerage': 160.0, 'stt': 61.56, 'exchange_turnover': 62.17, 'sebi_turnover': 0.12, 'stamp_duty': 1.85, 'gst': 40.01, 'slippage': 450.0, 'total_rupees': 775.71, 'points_equivalent': 10.34}",2025
2025-01-20,True,,23400.0,23376.8,2025-01-23,2025-01-30,75,-190.0,-14250.0,763.54,10.18,False,-18.663,"{'brokerage': 160.0, 'stt': 56.09, 'exchange_turnover': 56.65, 'sebi_turnover': 0.11, 'stamp_duty': 1.68, 'gst': 39.02, 'slippage': 450.0, 'total_rupees': 763.54, 'points_equivalent': 10.18}",2025
2025-01-21,True,,23100.0,23080.85,2025-01-23,2025-01-30,75,-214.1,-16057.5,756.9,10.09,False,-21.215,"{'brokerage': 160.0, 'stt': 53.1, 'exchange_turnover': 53.63, 'sebi_turnover': 0.11, 'stamp_duty': 1.59, 'gst': 38.47, 'slippage': 450.0, 'total_rupees': 756.9, 'points_equivalent': 10.09}",2025
2025-01-22,True,,23150.0,23164.8,2025-01-23,2025-01-30,75,-270.7,-20302.5,724.93,9.67,False,-28.006,"{'brokerage': 160.0, 'stt': 38.72, 'exchange_turnover': 39.11, 'sebi_turnover': 0.08, 'stamp_duty': 1.16, 'gst': 35.85, 'slippage': 450.0, 'total_rupees': 724.93, 'points_equivalent': 9.67}",2025
2025-01-23,True,,23200.0,23206.15,2025-01-23,2025-01-30,75,-372.6,-27945.0,703.44,9.38,False,-39.726,"{'brokerage': 160.0, 'stt': 29.06, 'exchange_turnover': 29.35, 'sebi_turnover': 0.06, 'stamp_duty': 0.87, 'gst': 34.09, 'slippage': 450.0, 'total_rupees': 703.44, 'points_equivalent': 9.38}",2025
2025-01-24,True,,23150.0,23113.95,2025-01-30,2025-02-06,75,-324.15,-24311.25,804.42,10.73,False,-30.222,"{'brokerage': 160.0, 'stt': 74.46, 'exchange_turnover': 75.21, 'sebi_turnover': 0.15, 'stamp_duty': 2.23, 'gst': 42.36, 'slippage': 450.0, 'total_rupees': 804.42, 'points_equivalent': 10.73}",2025
2025-01-27,True,,22850.0,22847.85,2025-01-30,2025-02-06,75,-353.45,-26508.75,800.43,10.67,False,-33.118,"{'brokerage': 160.0, 'stt': 72.67, 'exchange_turnover': 73.4, 'sebi_turnover': 0.15, 'stamp_duty': 2.18, 'gst': 42.04, 'slippage': 450.0, 'total_rupees': 800.43, 'points_equivalent': 10.67}",2025
2025-01-28,True,,23000.0,22974.5,2025-01-30,2025-02-06,75,-374.65,-28098.75,793.98,10.59,False,-35.39,"{'brokerage': 160.0, 'stt': 69.77, 'exchange_turnover': 70.47, 'sebi_turnover': 0.14, 'stamp_duty': 2.09, 'gst': 41.51, 'slippage': 450.0, 'total_rupees': 793.98, 'points_equivalent': 10.59}",2025
2025-01-29,True,,23150.0,23142.55,2025-01-30,2025-02-06,75,-391.8,-29385.0,803.16,10.71,False,-36.587,"{'brokerage': 160.0, 'stt': 73.9, 'exchange_turnover': 74.64, 'sebi_turnover': 0.15, 'stamp_duty': 2.22, 'gst': 42.26, 'slippage': 450.0, 'total_rupees': 803.16, 'points_equivalent': 10.71}",2025
2025-01-30,True,,23250.0,23239.6,2025-01-30,2025-02-06,75,-604.2,-45315.0,744.33,9.92,False,-60.88,"{'brokerage': 160.0, 'stt': 47.45, 'exchange_turnover': 47.92, 'sebi_turnover': 0.09, 'stamp_duty': 1.42, 'gst': 37.44, 'slippage': 450.0, 'total_rupees': 744.33, 'points_equivalent': 9.92}",2025
2025-01-31,True,,23650.0,23567.1,2025-02-06,2025-02-13,75,-130.85,-9813.75,822.07,10.96,False,-11.938,"{'brokerage': 160.0, 'stt': 82.4, 'exchange_turnover': 83.22, 'sebi_turnover': 0.16, 'stamp_duty': 2.47, 'gst': 43.81, 'slippage': 450.0, 'total_rupees': 822.07, 'points_equivalent': 10.96}",2025
2025-02-03,True,,23400.0,23387.7,2025-02-06,2025-02-13,75,-210.05,-15753.75,748.5,9.98,False,-21.047,"{'brokerage': 160.0, 'stt': 49.32, 'exchange_turnover': 49.82, 'sebi_turnover': 0.1, 'stamp_duty': 1.48, 'gst': 37.78, 'slippage': 450.0, 'total_rupees': 748.5, 'points_equivalent': 9.98}",2025
2025-02-04,True,,23700.0,23702.15,2025-02-06,2025-02-13,75,-223.7,-16777.5,738.15,9.84,False,-22.729,"{'brokerage': 160.0, 'stt': 44.67, 'exchange_turnover': 45.12, 'sebi_turnover': 0.09, 'stamp_duty': 1.34, 'gst': 36.94, 'slippage': 450.0, 'total_rupees': 738.15, 'points_equivalent': 9.84}",2025
2025-02-05,True,,23650.0,23682.35,2025-02-06,2025-02-13,75,-256.2,-19215.0,728.29,9.71,False,-26.384,"{'brokerage': 160.0, 'stt': 40.24, 'exchange_turnover': 40.64, 'sebi_turnover': 0.08, 'stamp_duty': 1.21, 'gst': 36.13, 'slippage': 450.0, 'total_rupees': 728.29, 'points_equivalent': 9.71}",2025
2025-02-06,True,,23600.0,23597.15,2025-02-06,2025-02-13,75,-372.1,-27907.5,703.46,9.38,False,-39.672,"{'brokerage': 160.0, 'stt': 29.07, 'exchange_turnover': 29.36, 'sebi_turnover': 0.06, 'stamp_duty': 0.87, 'gst': 34.1, 'slippage': 450.0, 'total_rupees': 703.46, 'points_equivalent': 9.38}",2025
2025-02-07,True,,23600.0,23568.5,2025-02-13,2025-02-20,75,-153.85,-11538.75,765.12,10.2,False,-15.081,"{'brokerage': 160.0, 'stt': 56.79, 'exchange_turnover': 57.36, 'sebi_turnover': 0.11, 'stamp_duty': 1.7, 'gst': 39.15, 'slippage': 450.0, 'total_rupees': 765.12, 'points_equivalent': 10.2}",2025
2025-02-10,True,,23400.0,23416.75,2025-02-13,2025-02-20,75,-169.05,-12678.75,758.8,10.12,False,-16.709,"{'brokerage': 160.0, 'stt': 53.95, 'exchange_turnover': 54.49, 'sebi_turnover': 0.11, 'stamp_duty': 1.62, 'gst': 38.63, 'slippage': 450.0, 'total_rupees': 758.8, 'points_equivalent': 10.12}",2025
2025-02-11,True,,23100.0,23103.1,2025-02-13,2025-02-20,75,-197.6,-14820.0,748.3,9.98,False,-19.805,"{'brokerage': 160.0, 'stt': 49.23, 'exchange_turnover': 49.72, 'sebi_turnover': 0.1, 'stamp_duty': 1.48, 'gst': 37.77, 'slippage': 450.0, 'total_rupees': 748.3, 'points_equivalent': 9.98}",2025
2025-02-12,True,,23050.0,23047.9,2025-02-13,2025-02-20,75,-222.4,-16680.0,733.62,9.78,False,-22.737,"{'brokerage': 160.0, 'stt': 42.63, 'exchange_turnover': 43.06, 'sebi_turnover': 0.09, 'stamp_duty': 1.28, 'gst': 36.57, 'slippage': 450.0, 'total_rupees': 733.62, 'points_equivalent': 9.78}",2025
2025-02-13,True,,23050.0,23034.5,2025-02-13,2025-02-20,75,-342.85,-25713.75,702.5,9.37,False,-36.603,"{'brokerage': 160.0, 'stt': 28.64, 'exchange_turnover': 28.93, 'sebi_turnover': 0.06, 'stamp_duty': 0.86, 'gst': 34.02, 'slippage': 450.0, 'total_rupees': 702.5, 'points_equivalent': 9.37}",2025
2025-02-14,True,,23000.0,22965.95,2025-02-20,2025-02-27,75,-142.25,-10668.75,773.64,10.32,False,-13.79,"{'brokerage': 160.0, 'stt': 60.63, 'exchange_turnover': 61.23, 'sebi_turnover': 0.12, 'stamp_duty': 1.82, 'gst': 39.84, 'slippage': 450.0, 'total_rupees': 773.64, 'points_equivalent': 10.32}",2025
2025-02-17,True,,23000.0,22989.95,2025-02-20,2025-02-27,75,-160.0,-12000.0,766.43,10.22,False,-15.657,"{'brokerage': 160.0, 'stt': 57.38, 'exchange_turnover': 57.96, 'sebi_turnover': 0.11, 'stamp_duty': 1.72, 'gst': 39.25, 'slippage': 450.0, 'total_rupees': 766.43, 'points_equivalent': 10.22}",2025
2025-02-18,True,,22950.0,22949.5,2025-02-20,2025-02-27,75,-191.1,-14332.5,749.95,10.0,False,-19.111,"{'brokerage': 160.0, 'stt': 49.97, 'exchange_turnover': 50.47, 'sebi_turnover': 0.1, 'stamp_duty': 1.5, 'gst': 37.9, 'slippage': 450.0, 'total_rupees': 749.95, 'points_equivalent': 10.0}",2025
2025-02-19,True,,22950.0,22937.85,2025-02-20,2025-02-27,75,-216.85,-16263.75,729.8,9.73,False,-22.285,"{'brokerage': 160.0, 'stt': 40.92, 'exchange_turnover': 41.33, 'sebi_turnover': 0.08, 'stamp_duty': 1.23, 'gst': 36.25, 'slippage': 450.0, 'total_rupees': 729.8, 'points_equivalent': 9.73}",2025
2025-02-20,True,,22900.0,22912.05,2025-02-20,2025-02-27,75,-313.9,-23542.5,695.75,9.28,False,-33.838,"{'brokerage': 160.0, 'stt': 25.61, 'exchange_turnover': 25.86, 'sebi_turnover': 0.05, 'stamp_duty': 0.77, 'gst': 33.46, 'slippage': 450.0, 'total_rupees': 695.75, 'points_equivalent': 9.28}",2025
2025-02-21,True,,22850.0,22822.4,2025-02-27,2025-03-06,75,-168.8,-12660.0,762.17,10.16,False,-16.61,"{'brokerage': 160.0, 'stt': 55.47, 'exchange_turnover': 56.02, 'sebi_turnover': 0.11, 'stamp_duty': 1.66, 'gst': 38.9, 'slippage': 450.0, 'total_rupees': 762.17, 'points_equivalent': 10.16}",2025
2025-02-24,True,,22650.0,22616.65,2025-02-27,2025-03-06,75,-193.45,-14508.75,737.34,9.83,False,-19.677,"{'brokerage': 160.0, 'stt': 44.31, 'exchange_turnover': 44.75, 'sebi_turnover': 0.09, 'stamp_duty': 1.33, 'gst': 36.87, 'slippage': 450.0, 'total_rupees': 737.34, 'points_equivalent': 9.83}",2025
2025-02-25,True,,22600.0,22584.0,2025-02-27,2025-03-06,75,-217.6,-16320.0,711.86,9.49,False,-22.926,"{'brokerage': 160.0, 'stt': 32.85, 'exchange_turnover': 33.18, 'sebi_turnover': 0.07, 'stamp_duty': 0.99, 'gst': 34.78, 'slippage': 450.0, 'total_rupees': 711.86, 'points_equivalent': 9.49}",2025
2025-02-27,True,,22550.0,22550.2,2025-02-27,2025-03-06,75,-286.35,-21476.25,687.97,9.17,False,-31.217,"{'brokerage': 160.0, 'stt': 22.11, 'exchange_turnover': 22.33, 'sebi_turnover': 0.04, 'stamp_duty': 0.66, 'gst': 32.83, 'slippage': 450.0, 'total_rupees': 687.97, 'points_equivalent': 9.17}",2025
2025-02-28,True,,22200.0,22186.75,2025-03-06,2025-03-13,75,-143.3,-10747.5,760.54,10.14,False,-14.131,"{'brokerage': 160.0, 'stt': 54.73, 'exchange_turnover': 55.28, 'sebi_turnover': 0.11, 'stamp_duty': 1.64, 'gst': 38.77, 'slippage': 450.0, 'total_rupees': 760.54, 'points_equivalent': 10.14}",2025
2025-03-03,True,,22200.0,22151.55,2025-03-06,2025-03-13,75,-153.95,-11546.25,742.97,9.91,False,-15.541,"{'brokerage': 160.0, 'stt': 46.83, 'exchange_turnover': 47.3, 'sebi_turnover': 0.09, 'stamp_duty': 1.41, 'gst': 37.33, 'slippage': 450.0, 'total_rupees': 742.97, 'points_equivalent': 9.91}",2025
2025-03-04,True,,22100.0,22079.75,2025-03-06,2025-03-13,75,-176.35,-13226.25,732.16,9.76,False,-18.065,"{'brokerage': 160.0, 'stt': 41.97, 'exchange_turnover': 42.39, 'sebi_turnover': 0.08, 'stamp_duty': 1.26, 'gst': 36.45, 'slippage': 450.0, 'total_rupees': 732.16, 'points_equivalent': 9.76}",2025
2025-03-05,True,,22350.0,22335.0,2025-03-06,2025-03-13,75,-191.35,-14351.25,722.73,9.64,False,-19.857,"{'brokerage': 160.0, 'stt': 37.74, 'exchange_turnover': 38.11, 'sebi_turnover': 0.08, 'stamp_duty': 1.13, 'gst': 35.67, 'slippage': 450.0, 'total_rupees': 722.73, 'points_equivalent': 9.64}",2025
2025-03-06,True,,22550.0,22544.5,2025-03-06,2025-03-13,75,-309.9,-23242.5,693.4,9.25,False,-33.52,"{'brokerage': 160.0, 'stt': 24.55, 'exchange_turnover': 24.79, 'sebi_turnover': 0.05, 'stamp_duty': 0.74, 'gst': 33.27, 'slippage': 450.0, 'total_rupees': 693.4, 'points_equivalent': 9.25}",2025
2025-03-07,True,,22600.0,22589.15,2025-03-13,2025-03-20,75,-136.95,-10271.25,752.57,10.03,False,-13.648,"{'brokerage': 160.0, 'stt': 51.15, 'exchange_turnover': 51.67, 'sebi_turnover': 0.1, 'stamp_duty': 1.53, 'gst': 38.12, 'slippage': 450.0, 'total_rupees': 752.57, 'points_equivalent': 10.03}",2025
2025-03-10,True,,22500.0,22462.6,2025-03-13,2025-03-20,75,-144.4,-10830.0,743.09,9.91,False,-14.574,"{'brokerage': 160.0, 'stt': 46.89, 'exchange_turnover': 47.36, 'sebi_turnover': 0.09, 'stamp_duty': 1.41, 'gst': 37.34, 'slippage': 450.0, 'total_rupees': 743.09, 'points_equivalent': 9.91}",2025
2025-03-11,True,,22500.0,22501.3,2025-03-13,2025-03-20,75,-167.15,-12536.25,735.78,9.81,False,-17.038,"{'brokerage': 160.0, 'stt': 43.6, 'exchange_turnover': 44.04, 'sebi_turnover': 0.09, 'stamp_duty': 1.31, 'gst': 36.74, 'slippage': 450.0, 'total_rupees': 735.78, 'points_equivalent': 9.81}",2025
2025-03-12,True,,22500.0,22481.15,2025-03-13,2025-03-20,75,-184.5,-13837.5,713.87,9.52,False,-19.384,"{'brokerage': 160.0, 'stt': 33.75, 'exchange_turnover': 34.09, 'sebi_turnover': 0.07, 'stamp_duty': 1.01, 'gst': 34.95, 'slippage': 450.0, 'total_rupees': 713.87, 'points_equivalent': 9.52}",2025
2025-03-13,True,,22400.0,22396.0,2025-03-13,2025-03-20,75,-262.0,-19650.0,684.34,9.12,False,-28.714,"{'brokerage': 160.0, 'stt': 20.48, 'exchange_turnover': 20.68, 'sebi_turnover': 0.04, 'stamp_duty': 0.61, 'gst': 32.53, 'slippage': 450.0, 'total_rupees': 684.34, 'points_equivalent': 9.12}",2025
2025-03-17,True,,22550.0,22532.9,2025-03-20,2025-03-27,75,-151.3,-11347.5,739.64,9.86,False,-15.342,"{'brokerage': 160.0, 'stt': 45.34, 'exchange_turnover': 45.79, 'sebi_turnover': 0.09, 'stamp_duty': 1.36, 'gst': 37.06, 'slippage': 450.0, 'total_rupees': 739.64, 'points_equivalent': 9.86}",2025
2025-03-18,True,,22900.0,22851.65,2025-03-20,2025-03-27,75,-164.85,-12363.75,726.23,9.68,False,-17.025,"{'brokerage': 160.0, 'stt': 39.31, 'exchange_turnover': 39.7, 'sebi_turnover': 0.08, 'stamp_duty': 1.18, 'gst': 35.96, 'slippage': 450.0, 'total_rupees': 726.23, 'points_equivalent': 9.68}",2025
2025-03-19,True,,22950.0,22933.7,2025-03-20,2025-03-27,75,-175.2,-13140.0,720.34,9.6,False,-18.241,"{'brokerage': 160.0, 'stt': 36.66, 'exchange_turnover': 37.03, 'sebi_turnover': 0.07, 'stamp_duty': 1.1, 'gst': 35.48, 'slippage': 450.0, 'total_rupees': 720.34, 'points_equivalent': 9.6}",2025
2025-03-20,True,,23200.0,23196.8,2025-03-20,2025-03-27,75,-263.45,-19758.75,685.55,9.14,False,-28.822,"{'brokerage': 160.0, 'stt': 21.02, 'exchange_turnover': 21.23, 'sebi_turnover': 0.04, 'stamp_duty': 0.63, 'gst': 32.63, 'slippage': 450.0, 'total_rupees': 685.55, 'points_equivalent': 9.14}",2025
2025-03-21,True,,23400.0,23376.7,2025-03-27,2025-04-03,75,-129.1,-9682.5,745.11,9.93,False,-12.995,"{'brokerage': 160.0, 'stt': 47.8, 'exchange_turnover': 48.28, 'sebi_turnover': 0.1, 'stamp_duty': 1.43, 'gst': 37.51, 'slippage': 450.0, 'total_rupees': 745.11, 'points_equivalent': 9.93}",2025
2025-03-24,True,,23700.0,23692.6,2025-03-27,2025-04-03,75,-138.75,-10406.25,751.59,10.02,False,-13.846,"{'brokerage': 160.0, 'stt': 50.71, 'exchange_turnover': 51.22, 'sebi_turnover': 0.1, 'stamp_duty': 1.52, 'gst': 38.04, 'slippage': 450.0, 'total_rupees': 751.59, 'points_equivalent': 10.02}",2025
2025-03-25,True,,23700.0,23714.15,2025-03-27,2025-04-03,75,-172.9,-12967.5,738.65,9.85,False,-17.556,"{'brokerage': 160.0, 'stt': 44.9, 'exchange_turnover': 45.34, 'sebi_turnover': 0.09, 'stamp_duty': 1.35, 'gst': 36.98, 'slippage': 450.0, 'total_rupees': 738.65, 'points_equivalent': 9.85}",2025
2025-03-26,True,,23550.0,23519.15,2025-03-27,2025-04-03,75,-190.1,-14257.5,723.71,9.65,False,-19.701,"{'brokerage': 160.0, 'stt': 38.18, 'exchange_turnover': 38.56, 'sebi_turnover': 0.08, 'stamp_duty': 1.15, 'gst': 35.75, 'slippage': 450.0, 'total_rupees': 723.71, 'points_equivalent': 9.65}",2025
2025-03-27,True,,23600.0,23595.0,2025-03-27,2025-04-03,75,-314.9,-23617.5,694.77,9.26,False,-33.993,"{'brokerage': 160.0, 'stt': 25.16, 'exchange_turnover': 25.41, 'sebi_turnover': 0.05, 'stamp_duty': 0.75, 'gst': 33.38, 'slippage': 450.0, 'total_rupees': 694.77, 'points_equivalent': 9.26}",2025
2025-03-28,True,,23550.0,23542.8,2025-04-03,2025-04-09,75,-151.2,-11340.0,742.89,9.91,False,-15.265,"{'brokerage': 160.0, 'stt': 46.8, 'exchange_turnover': 47.27, 'sebi_turnover': 0.09, 'stamp_duty': 1.4, 'gst': 37.33, 'slippage': 450.0, 'total_rupees': 742.89, 'points_equivalent': 9.91}",2025
2025-04-01,True,,23250.0,23209.3,2025-04-03,2025-04-09,75,-168.25,-12618.75,734.02,9.79,False,-17.191,"{'brokerage': 160.0, 'stt': 42.81, 'exchange_turnover': 43.24, 'sebi_turnover': 0.09, 'stamp_duty': 1.28, 'gst': 36.6, 'slippage': 450.0, 'total_rupees': 734.02, 'points_equivalent': 9.79}",2025
2025-04-02,True,,23300.0,23314.5,2025-04-03,2025-04-09,75,-207.3,-15547.5,722.12,9.63,False,-21.53,"{'brokerage': 160.0, 'stt': 37.46, 'exchange_turnover': 37.84, 'sebi_turnover': 0.07, 'stamp_duty': 1.12, 'gst': 35.62, 'slippage': 450.0, 'total_rupees': 722.12, 'points_equivalent': 9.63}",2025
2025-04-03,True,,23250.0,23250.55,2025-04-03,2025-04-09,75,-310.3,-23272.5,691.55,9.22,False,-33.653,"{'brokerage': 160.0, 'stt': 23.71, 'exchange_turnover': 23.95, 'sebi_turnover': 0.05, 'stamp_duty': 0.71, 'gst': 33.12, 'slippage': 450.0, 'total_rupees': 691.55, 'points_equivalent': 9.22}",2025
2025-04-04,True,,22900.0,22881.7,2025-04-09,2025-04-17,75,-171.05,-12828.75,747.2,9.96,False,-17.169,"{'brokerage': 160.0, 'stt': 48.74, 'exchange_turnover': 49.23, 'sebi_turnover': 0.1, 'stamp_duty': 1.46, 'gst': 37.68, 'slippage': 450.0, 'total_rupees': 747.2, 'points_equivalent': 9.96}",2025
2025-04-07,True,,22450.0,22200.1,2025-04-09,2025-04-17,75,-216.55,-16241.25,864.69,11.53,False,-18.783,"{'brokerage': 160.0, 'stt': 101.56, 'exchange_turnover': 102.58, 'sebi_turnover': 0.2, 'stamp_duty': 3.05, 'gst': 47.3, 'slippage': 450.0, 'total_rupees': 864.69, 'points_equivalent': 11.53}",2025
2025-04-08,True,,22650.0,22560.6,2025-04-09,2025-04-17,75,-297.05,-22278.75,798.95,10.65,False,-27.885,"{'brokerage': 160.0, 'stt': 72.0, 'exchange_turnover': 72.72, 'sebi_turnover': 0.14, 'stamp_duty': 2.16, 'gst': 41.92, 'slippage': 450.0, 'total_rupees': 798.95, 'points_equivalent': 10.65}",2025
2025-04-09,True,,22400.0,22399.0,2025-04-09,2025-04-17,75,-602.25,-45168.75,740.16,9.87,False,-61.026,"{'brokerage': 160.0, 'stt': 45.57, 'exchange_turnover': 46.03, 'sebi_turnover': 0.09, 'stamp_duty': 1.37, 'gst': 37.1, 'slippage': 450.0, 'total_rupees': 740.16, 'points_equivalent': 9.87}",2025
2025-04-11,True,,22900.0,22861.8,2025-04-17,2025-04-24,75,-190.1,-14257.5,835.05,11.13,False,-17.074,"{'brokerage': 160.0, 'stt': 88.24, 'exchange_turnover': 89.12, 'sebi_turnover': 0.18, 'stamp_duty': 2.65, 'gst': 44.87, 'slippage': 450.0, 'total_rupees': 835.05, 'points_equivalent': 11.13}",2025
2025-04-15,True,,23300.0,23299.35,2025-04-17,2025-04-24,75,-241.8,-18135.0,743.21,9.91,False,-24.401,"{'brokerage': 160.0, 'stt': 46.94, 'exchange_turnover': 47.41, 'sebi_turnover': 0.09, 'stamp_duty': 1.41, 'gst': 37.35, 'slippage': 450.0, 'total_rupees': 743.21, 'points_equivalent': 9.91}",2025
2025-04-16,True,,23350.0,23383.45,2025-04-17,2025-04-24,75,-254.65,-19098.75,735.88,9.81,False,-25.954,"{'brokerage': 160.0, 'stt': 43.65, 'exchange_turnover': 44.08, 'sebi_turnover': 0.09, 'stamp_duty': 1.31, 'gst': 36.75, 'slippage': 450.0, 'total_rupees': 735.88, 'points_equivalent': 9.81}",2025
2025-04-17,True,,23850.0,23851.35,2025-04-17,2025-04-24,75,-376.45,-28233.75,703.71,9.38,False,-40.121,"{'brokerage': 160.0, 'stt': 29.19, 'exchange_turnover': 29.48, 'sebi_turnover': 0.06, 'stamp_duty': 0.88, 'gst': 34.12, 'slippage': 450.0, 'total_rupees': 703.71, 'points_equivalent': 9.38}",2025
2025-04-21,True,,24150.0,24135.1,2025-04-24,2025-04-30,75,-195.85,-14688.75,754.68,10.06,False,-19.464,"{'brokerage': 160.0, 'stt': 52.1, 'exchange_turnover': 52.62, 'sebi_turnover': 0.1, 'stamp_duty': 1.56, 'gst': 38.29, 'slippage': 450.0, 'total_rupees': 754.68, 'points_equivalent': 10.06}",2025
2025-04-22,True,,24150.0,24172.25,2025-04-24,2025-04-30,75,-217.5,-16312.5,738.35,9.84,False,-22.093,"{'brokerage': 160.0, 'stt': 44.76, 'exchange_turnover': 45.21, 'sebi_turnover': 0.09, 'stamp_duty': 1.34, 'gst': 36.95, 'slippage': 450.0, 'total_rupees': 738.35, 'points_equivalent': 9.84}",2025
2025-04-23,True,,24300.0,24311.8,2025-04-24,2025-04-30,75,-270.55,-20291.25,726.37,9.68,False,-27.935,"{'brokerage': 160.0, 'stt': 39.37, 'exchange_turnover': 39.76, 'sebi_turnover': 0.08, 'stamp_duty': 1.18, 'gst': 35.97, 'slippage': 450.0, 'total_rupees': 726.37, 'points_equivalent': 9.68}",2025
2025-04-24,True,,24250.0,24245.75,2025-04-24,2025-04-30,75,-382.85,-28713.75,704.65,9.4,False,-40.749,"{'brokerage': 160.0, 'stt': 29.61, 'exchange_turnover': 29.9, 'sebi_turnover': 0.06, 'stamp_duty': 0.89, 'gst': 34.19, 'slippage': 450.0, 'total_rupees': 704.65, 'points_equivalent': 9.4}",2025
2025-04-25,True,,24100.0,24055.4,2025-04-30,2025-05-08,75,-226.2,-16965.0,789.33,10.52,False,-21.493,"{'brokerage': 160.0, 'stt': 67.68, 'exchange_turnover': 68.36, 'sebi_turnover': 0.14, 'stamp_duty': 2.03, 'gst': 41.13, 'slippage': 450.0, 'total_rupees': 789.33, 'points_equivalent': 10.52}",2025
2025-04-28,True,,24350.0,24341.5,2025-04-30,2025-05-08,75,-286.8,-21510.0,755.54,10.07,False,-28.47,"{'brokerage': 160.0, 'stt': 52.48, 'exchange_turnover': 53.01, 'sebi_turnover': 0.1, 'stamp_duty': 1.57, 'gst': 38.36, 'slippage': 450.0, 'total_rupees': 755.54, 'points_equivalent': 10.07}",2025
2025-04-29,True,,24300.0,24317.15,2025-04-30,2025-05-08,75,-354.8,-26610.0,735.17,9.8,False,-36.196,"{'brokerage': 160.0, 'stt': 43.33, 'exchange_turnover': 43.76, 'sebi_turnover': 0.09, 'stamp_duty': 1.3, 'gst': 36.69, 'slippage': 450.0, 'total_rupees': 735.17, 'points_equivalent': 9.8}",2025
2025-04-30,True,,24350.0,24360.75,2025-04-30,2025-05-08,75,-453.15,-33986.25,719.78,9.6,False,-47.218,"{'brokerage': 160.0, 'stt': 36.41, 'exchange_turnover': 36.77, 'sebi_turnover': 0.07, 'stamp_duty': 1.09, 'gst': 35.43, 'slippage': 450.0, 'total_rupees': 719.78, 'points_equivalent': 9.6}",2025
2025-05-02,True,,24400.0,24334.9,2025-05-08,2025-05-15,75,-241.05,-18078.75,790.87,10.54,False,-22.859,"{'brokerage': 160.0, 'stt': 68.37, 'exchange_turnover': 69.06, 'sebi_turnover': 0.14, 'stamp_duty': 2.05, 'gst': 41.25, 'slippage': 450.0, 'total_rupees': 790.87, 'points_equivalent': 10.54}",2025
2025-05-05,True,,24500.0,24459.1,2025-05-08,2025-05-15,75,-267.85,-20088.75,751.84,10.02,False,-26.719,"{'brokerage': 160.0, 'stt': 50.82, 'exchange_turnover': 51.33, 'sebi_turnover': 0.1, 'stamp_duty': 1.52, 'gst': 38.06, 'slippage': 450.0, 'total_rupees': 751.84, 'points_equivalent': 10.02}",2025
2025-05-06,True,,24400.0,24355.25,2025-05-08,2025-05-15,75,-282.85,-21213.75,737.28,9.83,False,-28.773,"{'brokerage': 160.0, 'stt': 44.28, 'exchange_turnover': 44.72, 'sebi_turnover': 0.09, 'stamp_duty': 1.33, 'gst': 36.87, 'slippage': 450.0, 'total_rupees': 737.28, 'points_equivalent': 9.83}",2025
2025-05-07,True,,24400.0,24364.35,2025-05-08,2025-05-15,75,-332.7,-24952.5,735.35,9.8,False,-33.933,"{'brokerage': 160.0, 'stt': 43.41, 'exchange_turnover': 43.84, 'sebi_turnover': 0.09, 'stamp_duty': 1.3, 'gst': 36.71, 'slippage': 450.0, 'total_rupees': 735.35, 'points_equivalent': 9.8}",2025
2025-05-08,True,,24300.0,24296.6,2025-05-08,2025-05-15,75,-504.4,-37830.0,728.91,9.72,False,-51.899,"{'brokerage': 160.0, 'stt': 40.52, 'exchange_turnover': 40.92, 'sebi_turnover': 0.08, 'stamp_duty': 1.22, 'gst': 36.18, 'slippage': 450.0, 'total_rupees': 728.91, 'points_equivalent': 9.72}",2025
2025-05-09,True,,24100.0,23988.55,2025-05-15,2025-05-22,75,-213.25,-15993.75,826.49,11.02,False,-19.351,"{'brokerage': 160.0, 'stt': 84.39, 'exchange_turnover': 85.23, 'sebi_turnover': 0.17, 'stamp_duty': 2.53, 'gst': 44.17, 'slippage': 450.0, 'total_rupees': 826.49, 'points_equivalent': 11.02}",2025
2025-05-12,True,,25000.0,24953.9,2025-05-15,2025-05-22,75,-165.15,-12386.25,796.0,10.61,False,-15.561,"{'brokerage': 160.0, 'stt': 70.68, 'exchange_turnover': 71.38, 'sebi_turnover': 0.14, 'stamp_duty': 2.12, 'gst': 41.67, 'slippage': 450.0, 'total_rupees': 796.0, 'points_equivalent': 10.61}",2025
2025-05-13,True,,24550.0,24564.55,2025-05-15,2025-05-22,75,-238.35,-17876.25,774.36,10.32,False,-23.085,"{'brokerage': 160.0, 'stt': 60.95, 'exchange_turnover': 61.56, 'sebi_turnover': 0.12, 'stamp_duty': 1.83, 'gst': 39.9, 'slippage': 450.0, 'total_rupees': 774.36, 'points_equivalent': 10.32}",2025
2025-05-14,True,,24650.0,24634.6,2025-05-15,2025-05-22,75,-258.0,-19350.0,743.82,9.92,False,-26.014,"{'brokerage': 160.0, 'stt': 47.22, 'exchange_turnover': 47.69, 'sebi_turnover': 0.09, 'stamp_duty': 1.42, 'gst': 37.4, 'slippage': 450.0, 'total_rupees': 743.82, 'points_equivalent': 9.92}",2025
2025-05-15,True,,25050.0,25067.35,2025-05-15,2025-05-22,75,-371.75,-27881.25,708.3,9.44,False,-39.364,"{'brokerage': 160.0, 'stt': 31.25, 'exchange_turnover': 31.56, 'sebi_turnover': 0.06, 'stamp_duty': 0.94, 'gst': 34.49, 'slippage': 450.0, 'total_rupees': 708.3, 'points_equivalent': 9.44}",2025
2025-05-16,True,,25050.0,25033.95,2025-05-22,2025-05-29,75,-189.1,-14182.5,788.56,10.51,False,-17.985,"{'brokerage': 160.0, 'stt': 67.34, 'exchange_turnover': 68.01, 'sebi_turnover': 0.13, 'stamp_duty': 2.02, 'gst': 41.07, 'slippage': 450.0, 'total_rupees': 788.56, 'points_equivalent': 10.51}",2025
2025-05-19,True,,24950.0,24937.15,2025-05-22,2025-05-29,75,-217.75,-16331.25,778.36,10.38,False,-20.982,"{'brokerage': 160.0, 'stt': 62.75, 'exchange_turnover': 63.38, 'sebi_turnover': 0.13, 'stamp_duty': 1.88, 'gst': 40.23, 'slippage': 450.0, 'total_rupees': 778.36, 'points_equivalent': 10.38}",2025
2025-05-20,True,,24750.0,24730.0,2025-05-22,2025-05-29,75,-243.35,-18251.25,758.2,10.11,False,-24.072,"{'brokerage': 160.0, 'stt': 53.68, 'exchange_turnover': 54.22, 'sebi_turnover': 0.11, 'stamp_duty': 1.61, 'gst': 38.58, 'slippage': 450.0, 'total_rupees': 758.2, 'points_equivalent': 10.11}",2025
2025-05-21,True,,24800.0,24791.6,2025-05-22,2025-05-29,75,-247.15,-18536.25,753.73,10.05,False,-24.593,"{'brokerage': 160.0, 'stt': 51.67, 'exchange_turnover': 52.19, 'sebi_turnover': 0.1, 'stamp_duty': 1.55, 'gst': 38.21, 'slippage': 450.0, 'total_rupees': 753.73, 'points_equivalent': 10.05}",2025
2025-05-22,True,,24600.0,24605.45,2025-05-22,2025-05-29,75,-394.15,-29561.25,708.97,9.45,False,-41.696,"{'brokerage': 160.0, 'stt': 31.55, 'exchange_turnover': 31.86, 'sebi_turnover': 0.06, 'stamp_duty': 0.95, 'gst': 34.55, 'slippage': 450.0, 'total_rupees': 708.97, 'points_equivalent': 9.45}",2025
2025-05-23,True,,24900.0,24879.4,2025-05-29,2025-06-05,75,-172.65,-12948.75,802.82,10.7,False,-16.129,"{'brokerage': 160.0, 'stt': 73.74, 'exchange_turnover': 74.48, 'sebi_turnover': 0.15, 'stamp_duty': 2.21, 'gst': 42.23, 'slippage': 450.0, 'total_rupees': 802.82, 'points_equivalent': 10.7}",2025
2025-05-26,True,,25050.0,25038.05,2025-05-29,2025-06-05,75,-193.05,-14478.75,805.84,10.74,False,-17.967,"{'brokerage': 160.0, 'stt': 75.1, 'exchange_turnover': 75.85, 'sebi_turnover': 0.15, 'stamp_duty': 2.25, 'gst': 42.48, 'slippage': 450.0, 'total_rupees': 805.84, 'points_equivalent': 10.74}",2025
2025-05-27,True,,24850.0,24865.1,2025-05-29,2025-06-05,75,-233.95,-17546.25,800.8,10.68,False,-21.911,"{'brokerage': 160.0, 'stt': 72.84, 'exchange_turnover': 73.56, 'sebi_turnover': 0.15, 'stamp_duty': 2.19, 'gst': 42.07, 'slippage': 450.0, 'total_rupees': 800.8, 'points_equivalent': 10.68}",2025
2025-05-28,True,,24750.0,24765.5,2025-05-29,2025-06-05,75,-304.4,-22830.0,764.04,10.19,False,-29.881,"{'brokerage': 160.0, 'stt': 56.31, 'exchange_turnover': 56.87, 'sebi_turnover': 0.11, 'stamp_duty': 1.69, 'gst': 39.06, 'slippage': 450.0, 'total_rupees': 764.04, 'points_equivalent': 10.19}",2025
2025-05-29,True,,24800.0,24811.8,2025-05-29,2025-06-05,75,-384.2,-28815.0,710.13,9.47,False,-40.577,"{'brokerage': 160.0, 'stt': 32.07, 'exchange_turnover': 32.39, 'sebi_turnover': 0.06, 'stamp_duty': 0.96, 'gst': 34.64, 'slippage': 450.0, 'total_rupees': 710.13, 'points_equivalent': 9.47}",2025
2025-05-30,True,,24800.0,24791.8,2025-06-05,2025-06-12,75,-188.3,-14122.5,806.3,10.75,False,-17.515,"{'brokerage': 160.0, 'stt': 75.31, 'exchange_turnover': 76.06, 'sebi_turnover': 0.15, 'stamp_duty': 2.26, 'gst': 42.52, 'slippage': 450.0, 'total_rupees': 806.3, 'points_equivalent': 10.75}",2025
2025-06-02,True,,24750.0,24746.0,2025-06-05,2025-06-12,75,-195.0,-14625.0,817.76,10.9,False,-17.884,"{'brokerage': 160.0, 'stt': 80.46, 'exchange_turnover': 81.26, 'sebi_turnover': 0.16, 'stamp_duty': 2.41, 'gst': 43.46, 'slippage': 450.0, 'total_rupees': 817.76, 'points_equivalent': 10.9}",2025
2025-06-03,True,,24550.0,24581.95,2025-06-05,2025-06-12,75,-259.25,-19443.75,773.68,10.32,False,-25.132,"{'brokerage': 160.0, 'stt': 60.64, 'exchange_turnover': 61.25, 'sebi_turnover': 0.12, 'stamp_duty': 1.82, 'gst': 39.85, 'slippage': 450.0, 'total_rupees': 773.68, 'points_equivalent': 10.32}",2025
2025-06-04,True,,24600.0,24618.7,2025-06-05,2025-06-12,75,-271.3,-20347.5,737.77,9.84,False,-27.58,"{'brokerage': 160.0, 'stt': 44.5, 'exchange_turnover': 44.94, 'sebi_turnover': 0.09, 'stamp_duty': 1.33, 'gst': 36.91, 'slippage': 450.0, 'total_rupees': 737.77, 'points_equivalent': 9.84}",2025
2025-06-05,True,,24750.0,24744.5,2025-06-05,2025-06-12,75,-364.65,-27348.75,702.86,9.37,False,-38.911,"{'brokerage': 160.0, 'stt': 28.8, 'exchange_turnover': 29.09, 'sebi_turnover': 0.06, 'stamp_duty': 0.86, 'gst': 34.05, 'slippage': 450.0, 'total_rupees': 702.86, 'points_equivalent': 9.37}",2025
2025-06-06,True,,25050.0,25029.8,2025-06-12,2025-06-19,75,-181.5,-13612.5,780.47,10.41,False,-17.441,"{'brokerage': 160.0, 'stt': 63.7, 'exchange_turnover': 64.33, 'sebi_turnover': 0.13, 'stamp_duty': 1.91, 'gst': 40.4, 'slippage': 450.0, 'total_rupees': 780.47, 'points_equivalent': 10.41}",2025
2025-06-09,True,,25100.0,25107.1,2025-06-12,2025-06-19,75,-199.85,-14988.75,761.58,10.15,False,-19.681,"{'brokerage': 160.0, 'stt': 55.2, 'exchange_turnover': 55.76, 'sebi_turnover': 0.11, 'stamp_duty': 1.66, 'gst': 38.86, 'slippage': 450.0, 'total_rupees': 761.58, 'points_equivalent': 10.15}",2025
2025-06-10,True,,25100.0,25086.0,2025-06-12,2025-06-19,75,-207.95,-15596.25,733.11,9.77,False,-21.274,"{'brokerage': 160.0, 'stt': 42.4, 'exchange_turnover': 42.83, 'sebi_turnover': 0.08, 'stamp_duty': 1.27, 'gst': 36.52, 'slippage': 450.0, 'total_rupees': 733.11, 'points_equivalent': 9.77}",2025
2025-06-11,True,,25150.0,25133.9,2025-06-12,2025-06-19,75,-211.5,-15862.5,723.36,9.64,False,-21.929,"{'brokerage': 160.0, 'stt': 38.02, 'exchange_turnover': 38.4, 'sebi_turnover': 0.08, 'stamp_duty': 1.14, 'gst': 35.73, 'slippage': 450.0, 'total_rupees': 723.36, 'points_equivalent': 9.64}",2025
2025-06-12,True,,24900.0,24895.65,2025-06-12,2025-06-19,75,-341.45,-25608.75,700.11,9.33,False,-36.578,"{'brokerage': 160.0, 'stt': 27.57, 'exchange_turnover': 27.84, 'sebi_turnover': 0.06, 'stamp_duty': 0.83, 'gst': 33.82, 'slippage': 450.0, 'total_rupees': 700.11, 'points_equivalent': 9.33}",2025
2025-06-13,True,,24750.0,24683.05,2025-06-19,2025-06-26,75,-174.45,-13083.75,787.39,10.5,False,-16.617,"{'brokerage': 160.0, 'stt': 66.81, 'exchange_turnover': 67.47, 'sebi_turnover': 0.13, 'stamp_duty': 2.0, 'gst': 40.97, 'slippage': 450.0, 'total_rupees': 787.39, 'points_equivalent': 10.5}",2025
2025-06-16,True,,25000.0,24959.7,2025-06-19,2025-06-26,75,-203.05,-15228.75,762.65,10.17,False,-19.968,"{'brokerage': 160.0, 'stt': 55.68, 'exchange_turnover': 56.24, 'sebi_turnover': 0.11, 'stamp_duty': 1.67, 'gst': 38.94, 'slippage': 450.0, 'total_rupees': 762.65, 'points_equivalent': 10.17}",2025
2025-06-17,True,,24850.0,24835.9,2025-06-19,2025-06-26,75,-220.85,-16563.75,746.64,9.96,False,-22.184,"{'brokerage': 160.0, 'stt': 48.48, 'exchange_turnover': 48.97, 'sebi_turnover': 0.1, 'stamp_duty': 1.45, 'gst': 37.63, 'slippage': 450.0, 'total_rupees': 746.64, 'points_equivalent': 9.96}",2025
2025-06-18,True,,24800.0,24799.8,2025-06-19,2025-06-26,75,-250.75,-18806.25,735.34,9.8,False,-25.575,"{'brokerage': 160.0, 'stt': 43.41, 'exchange_turnover': 43.84, 'sebi_turnover': 0.09, 'stamp_duty': 1.3, 'gst': 36.71, 'slippage': 450.0, 'total_rupees': 735.34, 'points_equivalent': 9.8}",2025
2025-06-19,True,,24800.0,24800.9,2025-06-19,2025-06-26,75,-376.95,-28271.25,703.55,9.38,False,-40.184,"{'brokerage': 160.0, 'stt': 29.11, 'exchange_turnover': 29.4, 'sebi_turnover': 0.06, 'stamp_duty': 0.87, 'gst': 34.1, 'slippage': 450.0, 'total_rupees': 703.55, 'points_equivalent': 9.38}",2025
2025-06-20,True,,25150.0,25116.45,2025-06-26,2025-07-03,75,-172.3,-12922.5,771.65,10.29,False,-16.747,"{'brokerage': 160.0, 'stt': 59.73, 'exchange_turnover': 60.33, 'sebi_turnover': 0.12, 'stamp_duty': 1.79, 'gst': 39.68, 'slippage': 450.0, 'total_rupees': 771.65, 'points_equivalent': 10.29}",2025
2025-06-23,True,,25050.0,24997.9,2025-06-26,2025-07-03,75,-192.3,-14422.5,759.86,10.13,False,-18.98,"{'brokerage': 160.0, 'stt': 54.43, 'exchange_turnover': 54.97, 'sebi_turnover': 0.11, 'stamp_duty': 1.63, 'gst': 38.71, 'slippage': 450.0, 'total_rupees': 759.86, 'points_equivalent': 10.13}",2025
2025-06-24,True,,25100.0,25071.65,2025-06-26,2025-07-03,75,-208.5,-15637.5,745.69,9.94,False,-20.971,"{'brokerage': 160.0, 'stt': 48.06, 'exchange_turnover': 48.54, 'sebi_turnover': 0.1, 'stamp_duty': 1.44, 'gst': 37.55, 'slippage': 450.0, 'total_rupees': 745.69, 'points_equivalent': 9.94}",2025
2025-06-25,True,,25250.0,25249.5,2025-06-26,2025-07-03,75,-232.7,-17452.5,722.89,9.64,False,-24.143,"{'brokerage': 160.0, 'stt': 37.81, 'exchange_turnover': 38.19, 'sebi_turnover': 0.08, 'stamp_duty': 1.13, 'gst': 35.69, 'slippage': 450.0, 'total_rupees': 722.89, 'points_equivalent': 9.64}",2025
2025-06-26,True,,25550.0,25548.75,2025-06-26,2025-07-03,75,-329.9,-24742.5,696.65,9.29,False,-35.516,"{'brokerage': 160.0, 'stt': 26.01, 'exchange_turnover': 26.27, 'sebi_turnover': 0.05, 'stamp_duty': 0.78, 'gst': 33.54, 'slippage': 450.0, 'total_rupees': 696.65, 'points_equivalent': 9.29}",2025
2025-06-27,True,,25700.0,25658.65,2025-07-03,2025-07-10,75,-161.9,-12142.5,757.87,10.1,False,-16.022,"{'brokerage': 160.0, 'stt': 53.54, 'exchange_turnover': 54.07, 'sebi_turnover': 0.11, 'stamp_duty': 1.61, 'gst': 38.55, 'slippage': 450.0, 'total_rupees': 757.87, 'points_equivalent': 10.1}",2025
2025-06-30,True,,25550.0,25526.35,2025-07-03,2025-07-10,75,-170.5,-12787.5,752.33,10.03,False,-16.997,"{'brokerage': 160.0, 'stt': 51.05, 'exchange_turnover': 51.56, 'sebi_turnover': 0.1, 'stamp_duty': 1.53, 'gst': 38.1, 'slippage': 450.0, 'total_rupees': 752.33, 'points_equivalent': 10.03}",2025
2025-07-01,True,,25550.0,25561.4,2025-07-03,2025-07-10,75,-195.55,-14666.25,731.77,9.76,False,-20.042,"{'brokerage': 160.0, 'stt': 41.8, 'exchange_turnover': 42.22, 'sebi_turnover': 0.08, 'stamp_duty': 1.25, 'gst': 36.41, 'slippage': 450.0, 'total_rupees': 731.77, 'points_equivalent': 9.76}",2025
2025-07-02,True,,25450.0,25455.25,2025-07-03,2025-07-10,75,-210.05,-15753.75,719.09,9.59,False,-21.908,"{'brokerage': 160.0, 'stt': 36.1, 'exchange_turnover': 36.46, 'sebi_turnover': 0.07, 'stamp_duty': 1.08, 'gst': 35.38, 'slippage': 450.0, 'total_rupees': 719.09, 'points_equivalent': 9.59}",2025
2025-07-03,True,,25400.0,25408.05,2025-07-03,2025-07-10,75,-304.65,-22848.75,693.37,9.24,False,-32.953,"{'brokerage': 160.0, 'stt': 24.54, 'exchange_turnover': 24.78, 'sebi_turnover': 0.05, 'stamp_duty': 0.74, 'gst': 33.27, 'slippage': 450.0, 'total_rupees': 693.37, 'points_equivalent': 9.24}",2025
2025-07-04,True,,25450.0,25470.4,2025-07-10,2025-07-17,75,-149.1,-11182.5,754.48,10.06,False,-14.821,"{'brokerage': 160.0, 'stt': 52.01, 'exchange_turnover': 52.53, 'sebi_turnover': 0.1, 'stamp_duty': 1.56, 'gst': 38.27, 'slippage': 450.0, 'total_rupees': 754.48, 'points_equivalent': 10.06}",2025
2025-07-07,True,,25450.0,25467.35,2025-07-10,2025-07-17,75,-161.6,-12120.0,742.24,9.9,False,-16.329,"{'brokerage': 160.0, 'stt': 46.51, 'exchange_turnover': 46.97, 'sebi_turnover': 0.09, 'stamp_duty': 1.4, 'gst': 37.27, 'slippage': 450.0, 'total_rupees': 742.24, 'points_equivalent': 9.9}",2025
2025-07-08,True,,25550.0,25544.25,2025-07-10,2025-07-17,75,-174.45,-13083.75,726.13,9.68,False,-18.018,"{'brokerage': 160.0, 'stt': 39.27, 'exchange_turnover': 39.66, 'sebi_turnover': 0.08, 'stamp_duty': 1.18, 'gst': 35.95, 'slippage': 450.0, 'total_rupees': 726.13, 'points_equivalent': 9.68}",2025
2025-07-09,True,,25500.0,25495.9,2025-07-10,2025-07-17,75,-185.65,-13923.75,712.64,9.5,False,-19.538,"{'brokerage': 160.0, 'stt': 33.2, 'exchange_turnover': 33.53, 'sebi_turnover': 0.07, 'stamp_duty': 1.0, 'gst': 34.85, 'slippage': 450.0, 'total_rupees': 712.64, 'points_equivalent': 9.5}",2025
2025-07-10,True,,25350.0,25360.8,2025-07-10,2025-07-17,75,-264.9,-19867.5,688.59,9.18,False,-28.852,"{'brokerage': 160.0, 'stt': 22.39, 'exchange_turnover': 22.61, 'sebi_turnover': 0.04, 'stamp_duty': 0.67, 'gst': 32.88, 'slippage': 450.0, 'total_rupees': 688.59, 'points_equivalent': 9.18}",2025
2025-07-11,True,,25200.0,25189.5,2025-07-17,2025-07-24,75,-141.35,-10601.25,744.28,9.92,False,-14.244,"{'brokerage': 160.0, 'stt': 47.43, 'exchange_turnover': 47.9, 'sebi_turnover': 0.09, 'stamp_duty': 1.42, 'gst': 37.44, 'slippage': 450.0, 'total_rupees': 744.28, 'points_equivalent': 9.92}",2025
2025-07-14,True,,25150.0,25128.35,2025-07-17,2025-07-24,75,-153.2,-11490.0,733.33,9.78,False,-15.668,"{'brokerage': 160.0, 'stt': 42.5, 'exchange_turnover': 42.93, 'sebi_turnover': 0.09, 'stamp_duty': 1.28, 'gst': 36.54, 'slippage': 450.0, 'total_rupees': 733.33, 'points_equivalent': 9.78}",2025
2025-07-15,True,,25200.0,25221.25,2025-07-17,2025-07-24,75,-169.85,-12738.75,716.13,9.55,False,-17.788,"{'brokerage': 160.0, 'stt': 34.77, 'exchange_turnover': 35.11, 'sebi_turnover': 0.07, 'stamp_duty': 1.04, 'gst': 35.13, 'slippage': 450.0, 'total_rupees': 716.13, 'points_equivalent': 9.55}",2025
2025-07-16,True,,25200.0,25222.0,2025-07-17,2025-07-24,75,-175.7,-13177.5,703.47,9.38,False,-18.732,"{'brokerage': 160.0, 'stt': 29.08, 'exchange_turnover': 29.37, 'sebi_turnover': 0.06, 'stamp_duty': 0.87, 'gst': 34.1, 'slippage': 450.0, 'total_rupees': 703.47, 'points_equivalent': 9.38}",2025
2025-07-17,True,,25100.0,25112.2,2025-07-17,2025-07-24,75,-253.35,-19001.25,686.3,9.15,False,-27.687,"{'brokerage': 160.0, 'stt': 21.36, 'exchange_turnover': 21.57, 'sebi_turnover': 0.04, 'stamp_duty': 0.64, 'gst': 32.69, 'slippage': 450.0, 'total_rupees': 686.3, 'points_equivalent': 9.15}",2025
2025-07-18,True,,25000.0,25016.4,2025-07-24,2025-07-31,75,-131.35,-9851.25,744.68,9.93,False,-13.229,"{'brokerage': 160.0, 'stt': 47.61, 'exchange_turnover': 48.08, 'sebi_turnover': 0.1, 'stamp_duty': 1.43, 'gst': 37.47, 'slippage': 450.0, 'total_rupees': 744.68, 'points_equivalent': 9.93}",2025
2025-07-21,True,,25100.0,25106.95,2025-07-24,2025-07-31,75,-143.7,-10777.5,724.87,9.66,False,-14.868,"{'brokerage': 160.0, 'stt': 38.7, 'exchange_turnover': 39.09, 'sebi_turnover': 0.08, 'stamp_duty': 1.16, 'gst': 35.85, 'slippage': 450.0, 'total_rupees': 724.87, 'points_equivalent': 9.66}",2025
2025-07-22,True,,25100.0,25080.85,2025-07-24,2025-07-31,75,-150.95,-11321.25,710.37,9.47,False,-15.937,"{'brokerage': 160.0, 'stt': 32.18, 'exchange_turnover': 32.5, 'sebi_turnover': 0.06, 'stamp_duty': 0.97, 'gst': 34.66, 'slippage': 450.0, 'total_rupees': 710.37, 'points_equivalent': 9.47}",2025
2025-07-23,True,,25200.0,25227.15,2025-07-24,2025-07-31,75,-165.5,-12412.5,699.79,9.33,False,-17.737,"{'brokerage': 160.0, 'stt': 27.42, 'exchange_turnover': 27.69, 'sebi_turnover': 0.05, 'stamp_duty': 0.82, 'gst': 33.79, 'slippage': 450.0, 'total_rupees': 699.79, 'points_equivalent': 9.33}",2025
2025-07-24,True,,25050.0,25064.4,2025-07-24,2025-07-31,75,-233.7,-17527.5,683.49,9.11,False,-25.644,"{'brokerage': 160.0, 'stt': 20.09, 'exchange_turnover': 20.29, 'sebi_turnover': 0.04, 'stamp_duty': 0.6, 'gst': 32.46, 'slippage': 450.0, 'total_rupees': 683.49, 'points_equivalent': 9.11}",2025
2025-07-25,True,,24850.0,24853.4,2025-07-31,2025-08-07,75,-135.85,-10188.75,742.2,9.9,False,-13.728,"{'brokerage': 160.0, 'stt': 46.49, 'exchange_turnover': 46.95, 'sebi_turnover': 0.09, 'stamp_duty': 1.39, 'gst': 37.27, 'slippage': 450.0, 'total_rupees': 742.2, 'points_equivalent': 9.9}",2025
2025-07-28,True,,24700.0,24712.15,2025-07-31,2025-08-07,75,-160.05,-12003.75,736.74,9.82,False,-16.293,"{'brokerage': 160.0, 'stt': 44.04, 'exchange_turnover': 44.48, 'sebi_turnover': 0.09, 'stamp_duty': 1.32, 'gst': 36.82, 'slippage': 450.0, 'total_rupees': 736.74, 'points_equivalent': 9.82}",2025
2025-07-29,True,,24850.0,24838.9,2025-07-31,2025-08-07,75,-172.65,-12948.75,719.58,9.59,False,-17.995,"{'brokerage': 160.0, 'stt': 36.32, 'exchange_turnover': 36.68, 'sebi_turnover': 0.07, 'stamp_duty': 1.09, 'gst': 35.42, 'slippage': 450.0, 'total_rupees': 719.58, 'points_equivalent': 9.59}",2025
2025-07-30,True,,24850.0,24870.95,2025-07-31,2025-08-07,75,-187.95,-14096.25,709.54,9.46,False,-19.867,"{'brokerage': 160.0, 'stt': 31.8, 'exchange_turnover': 32.12, 'sebi_turnover': 0.06, 'stamp_duty': 0.95, 'gst': 34.59, 'slippage': 450.0, 'total_rupees': 709.54, 'points_equivalent': 9.46}",2025
2025-07-31,True,,24800.0,24783.8,2025-07-31,2025-08-07,75,-279.05,-20928.75,693.19,9.24,False,-30.192,"{'brokerage': 160.0, 'stt': 24.45, 'exchange_turnover': 24.7, 'sebi_turnover': 0.05, 'stamp_duty': 0.73, 'gst': 33.25, 'slippage': 450.0, 'total_rupees': 693.19, 'points_equivalent': 9.24}",2025
2025-08-01,True,,24600.0,24581.6,2025-08-07,2025-08-14,75,-133.55,-10016.25,759.83,10.13,False,-13.182,"{'brokerage': 160.0, 'stt': 54.42, 'exchange_turnover': 54.96, 'sebi_turnover': 0.11, 'stamp_duty': 1.63, 'gst': 38.71, 'slippage': 450.0, 'total_rupees': 759.83, 'points_equivalent': 10.13}",2025
2025-08-04,True,,24750.0,24729.4,2025-08-07,2025-08-14,75,-143.5,-10762.5,741.24,9.88,False,-14.52,"{'brokerage': 160.0, 'stt': 46.06, 'exchange_turnover': 46.52, 'sebi_turnover': 0.09, 'stamp_duty': 1.38, 'gst': 37.19, 'slippage': 450.0, 'total_rupees': 741.24, 'points_equivalent': 9.88}",2025
2025-08-05,True,,24650.0,24651.1,2025-08-07,2025-08-14,75,-154.55,-11591.25,725.0,9.67,False,-15.988,"{'brokerage': 160.0, 'stt': 38.76, 'exchange_turnover': 39.14, 'sebi_turnover': 0.08, 'stamp_duty': 1.16, 'gst': 35.86, 'slippage': 450.0, 'total_rupees': 725.0, 'points_equivalent': 9.67}",2025
2025-08-06,True,,24600.0,24580.8,2025-08-07,2025-08-14,75,-173.75,-13031.25,714.42,9.53,False,-18.24,"{'brokerage': 160.0, 'stt': 34.0, 'exchange_turnover': 34.34, 'sebi_turnover': 0.07, 'stamp_duty': 1.02, 'gst': 34.99, 'slippage': 450.0, 'total_rupees': 714.42, 'points_equivalent': 9.53}",2025
2025-08-07,True,,24600.0,24587.35,2025-08-07,2025-08-14,75,-253.8,-19035.0,686.59,9.15,False,-27.724,"{'brokerage': 160.0, 'stt': 21.49, 'exchange_turnover': 21.7, 'sebi_turnover': 0.04, 'stamp_duty': 0.64, 'gst': 32.71, 'slippage': 450.0, 'total_rupees': 686.59, 'points_equivalent': 9.15}",2025
2025-08-08,True,,24400.0,24409.05,2025-08-14,2025-08-21,75,-119.45,-8958.75,746.79,9.96,False,-11.996,"{'brokerage': 160.0, 'stt': 48.55, 'exchange_turnover': 49.04, 'sebi_turnover': 0.1, 'stamp_duty': 1.46, 'gst': 37.64, 'slippage': 450.0, 'total_rupees': 746.79, 'points_equivalent': 9.96}",2025
2025-08-11,True,,24600.0,24582.3,2025-08-14,2025-08-21,75,-130.0,-9750.0,729.38,9.73,False,-13.368,"{'brokerage': 160.0, 'stt': 40.73, 'exchange_turnover': 41.13, 'sebi_turnover': 0.08, 'stamp_duty': 1.22, 'gst': 36.22, 'slippage': 450.0, 'total_rupees': 729.38, 'points_equivalent': 9.73}",2025
2025-08-12,True,,24500.0,24512.0,2025-08-14,2025-08-21,75,-151.35,-11351.25,717.93,9.57,False,-15.811,"{'brokerage': 160.0, 'stt': 35.58, 'exchange_turnover': 35.93, 'sebi_turnover': 0.07, 'stamp_duty': 1.07, 'gst': 35.28, 'slippage': 450.0, 'total_rupees': 717.93, 'points_equivalent': 9.57}",2025
2025-08-13,True,,24650.0,24644.05,2025-08-14,2025-08-21,75,-174.65,-13098.75,707.02,9.43,False,-18.527,"{'brokerage': 160.0, 'stt': 30.67, 'exchange_turnover': 30.98, 'sebi_turnover': 0.06, 'stamp_duty': 0.92, 'gst': 34.39, 'slippage': 450.0, 'total_rupees': 707.02, 'points_equivalent': 9.43}",2025
2025-08-14,True,,24650.0,24637.85,2025-08-14,2025-08-21,75,-264.0,-19800.0,688.36,9.18,False,-28.764,"{'brokerage': 160.0, 'stt': 22.28, 'exchange_turnover': 22.51, 'sebi_turnover': 0.04, 'stamp_duty': 0.67, 'gst': 32.86, 'slippage': 450.0, 'total_rupees': 688.36, 'points_equivalent': 9.18}",2025
2025-08-18,True,,24950.0,24936.25,2025-08-21,2025-08-28,75,-130.75,-9806.25,733.59,9.78,False,-13.367,"{'brokerage': 160.0, 'stt': 42.62, 'exchange_turnover': 43.04, 'sebi_turnover': 0.09, 'stamp_duty': 1.28, 'gst': 36.56, 'slippage': 450.0, 'total_rupees': 733.59, 'points_equivalent': 9.78}",2025
2025-08-19,True,,25000.0,25000.6,2025-08-21,2025-08-28,75,-151.8,-11385.0,714.83,9.53,False,-15.927,"{'brokerage': 160.0, 'stt': 34.19, 'exchange_turnover': 34.53, 'sebi_turnover': 0.07, 'stamp_duty': 1.03, 'gst': 35.03, 'slippage': 450.0, 'total_rupees': 714.83, 'points_equivalent': 9.53}",2025
2025-08-20,True,,25050.0,25052.2,2025-08-21,2025-08-28,75,-176.2,-13215.0,704.32,9.39,False,-18.763,"{'brokerage': 160.0, 'stt': 29.46, 'exchange_turnover': 29.75, 'sebi_turnover': 0.06, 'stamp_duty': 0.88, 'gst': 34.17, 'slippage': 450.0, 'total_rupees': 704.32, 'points_equivalent': 9.39}",2025
2025-08-21,True,,25100.0,25088.7,2025-08-21,2025-08-28,75,-225.75,-16931.25,681.6,9.09,False,-24.84,"{'brokerage': 160.0, 'stt': 19.24, 'exchange_turnover': 19.43, 'sebi_turnover': 0.04, 'stamp_duty': 0.58, 'gst': 32.3, 'slippage': 450.0, 'total_rupees': 681.6, 'points_equivalent': 9.09}",2025
2025-08-22,True,,24900.0,24901.25,2025-08-28,2025-09-02,75,-100.9,-7567.5,731.51,9.75,False,-10.345,"{'brokerage': 160.0, 'stt': 41.69, 'exchange_turnover': 42.1, 'sebi_turnover': 0.08, 'stamp_duty': 1.25, 'gst': 36.39, 'slippage': 450.0, 'total_rupees': 731.51, 'points_equivalent': 9.75}",2025
2025-08-25,True,,25000.0,24991.45,2025-08-28,2025-09-02,75,-109.5,-8212.5,708.49,9.45,False,-11.592,"{'brokerage': 160.0, 'stt': 31.34, 'exchange_turnover': 31.65, 'sebi_turnover': 0.06, 'stamp_duty': 0.94, 'gst': 34.51, 'slippage': 450.0, 'total_rupees': 708.49, 'points_equivalent': 9.45}",2025
2025-08-26,True,,24750.0,24733.75,2025-08-28,2025-09-02,75,-123.6,-9270.0,704.51,9.39,False,-13.158,"{'brokerage': 160.0, 'stt': 29.54, 'exchange_turnover': 29.84, 'sebi_turnover': 0.06, 'stamp_duty': 0.89, 'gst': 34.18, 'slippage': 450.0, 'total_rupees': 704.51, 'points_equivalent': 9.39}",2025
2025-08-28,True,,24500.0,24494.95,2025-08-28,2025-09-02,75,-223.65,-16773.75,679.69,9.06,False,-24.679,"{'brokerage': 160.0, 'stt': 18.39, 'exchange_turnover': 18.57, 'sebi_turnover': 0.04, 'stamp_duty': 0.55, 'gst': 32.15, 'slippage': 450.0, 'total_rupees': 679.69, 'points_equivalent': 9.06}",2025
2025-08-29,True,,24450.0,24466.1,2025-09-02,2025-09-09,75,-163.9,-12292.5,724.72,9.66,False,-16.962,"{'brokerage': 160.0, 'stt': 38.63, 'exchange_turnover': 39.02, 'sebi_turnover': 0.08, 'stamp_duty': 1.16, 'gst': 35.84, 'slippage': 450.0, 'total_rupees': 724.72, 'points_equivalent': 9.66}",2025
2025-09-01,True,,24650.0,24636.45,2025-09-02,2025-09-09,75,-170.9,-12817.5,703.02,9.37,False,-18.232,"{'brokerage': 160.0, 'stt': 28.88, 'exchange_turnover': 29.16, 'sebi_turnover': 0.06, 'stamp_duty': 0.87, 'gst': 34.06, 'slippage': 450.0, 'total_rupees': 703.02, 'points_equivalent': 9.37}",2025
2025-09-02,True,,24600.0,24580.1,2025-09-02,2025-09-09,75,-244.35,-18326.25,687.0,9.16,False,-26.676,"{'brokerage': 160.0, 'stt': 21.67, 'exchange_turnover': 21.89, 'sebi_turnover': 0.04, 'stamp_duty': 0.65, 'gst': 32.75, 'slippage': 450.0, 'total_rupees': 687.0, 'points_equivalent': 9.16}",2025
2025-09-03,True,,24750.0,24735.55,2025-09-09,2025-09-16,75,-122.6,-9195.0,733.53,9.78,False,-12.535,"{'brokerage': 160.0, 'stt': 42.59, 'exchange_turnover': 43.02, 'sebi_turnover': 0.09, 'stamp_duty': 1.28, 'gst': 36.56, 'slippage': 450.0, 'total_rupees': 733.53, 'points_equivalent': 9.78}",2025
2025-09-04,True,,24750.0,24755.6,2025-09-09,2025-09-16,75,-129.7,-9727.5,727.16,9.7,False,-13.377,"{'brokerage': 160.0, 'stt': 39.73, 'exchange_turnover': 40.12, 'sebi_turnover': 0.08, 'stamp_duty': 1.19, 'gst': 36.04, 'slippage': 450.0, 'total_rupees': 727.16, 'points_equivalent': 9.7}",2025
2025-09-05,True,,24750.0,24768.55,2025-09-09,2025-09-16,75,-140.8,-10560.0,718.92,9.59,False,-14.689,"{'brokerage': 160.0, 'stt': 36.02, 'exchange_turnover': 36.38, 'sebi_turnover': 0.07, 'stamp_duty': 1.08, 'gst': 35.36, 'slippage': 450.0, 'total_rupees': 718.92, 'points_equivalent': 9.59}",2025
2025-09-08,True,,24800.0,24803.45,2025-09-09,2025-09-16,75,-165.7,-12427.5,703.46,9.38,False,-17.666,"{'brokerage': 160.0, 'stt': 29.07, 'exchange_turnover': 29.36, 'sebi_turnover': 0.06, 'stamp_duty': 0.87, 'gst': 34.1, 'slippage': 450.0, 'total_rupees': 703.46, 'points_equivalent': 9.38}",2025
2025-09-09,True,,24850.0,24864.35,2025-09-09,2025-09-16,75,-238.25,-17868.75,684.2,9.12,False,-26.116,"{'brokerage': 160.0, 'stt': 20.41, 'exchange_turnover': 20.62, 'sebi_turnover': 0.04, 'stamp_duty': 0.61, 'gst': 32.52, 'slippage': 450.0, 'total_rupees': 684.2, 'points_equivalent': 9.12}",2025
2025-09-10,True,,25050.0,25018.5,2025-09-16,2025-09-23,75,-122.6,-9195.0,731.81,9.76,False,-12.565,"{'brokerage': 160.0, 'stt': 41.82, 'exchange_turnover': 42.24, 'sebi_turnover': 0.08, 'stamp_duty': 1.25, 'gst': 36.42, 'slippage': 450.0, 'total_rupees': 731.81, 'points_equivalent': 9.76}",2025
2025-09-11,True,,25050.0,25048.5,2025-09-16,2025-09-23,75,-136.55,-10241.25,722.83,9.64,False,-14.168,"{'brokerage': 160.0, 'stt': 37.78, 'exchange_turnover': 38.16, 'sebi_turnover': 0.08, 'stamp_duty': 1.13, 'gst': 35.68, 'slippage': 450.0, 'total_rupees': 722.83, 'points_equivalent': 9.64}",2025
2025-09-12,True,,25150.0,25134.2,2025-09-16,2025-09-23,75,-145.7,-10927.5,711.81,9.49,False,-15.352,"{'brokerage': 160.0, 'stt': 32.83, 'exchange_turnover': 33.16, 'sebi_turnover': 0.07, 'stamp_duty': 0.98, 'gst': 34.78, 'slippage': 450.0, 'total_rupees': 711.81, 'points_equivalent': 9.49}",2025
2025-09-15,True,,25100.0,25100.3,2025-09-16,2025-09-23,75,-173.4,-13005.0,698.42,9.31,False,-18.621,"{'brokerage': 160.0, 'stt': 26.8, 'exchange_turnover': 27.07, 'sebi_turnover': 0.05, 'stamp_duty': 0.8, 'gst': 33.68, 'slippage': 450.0, 'total_rupees': 698.42, 'points_equivalent': 9.31}",2025
2025-09-16,True,,25250.0,25233.65,2025-09-16,2025-09-23,75,-233.85,-17538.75,683.8,9.12,False,-25.649,"{'brokerage': 160.0, 'stt': 20.23, 'exchange_turnover': 20.43, 'sebi_turnover': 0.04, 'stamp_duty': 0.61, 'gst': 32.49, 'slippage': 450.0, 'total_rupees': 683.8, 'points_equivalent': 9.12}",2025
2025-09-17,True,,25400.0,25385.1,2025-09-23,2025-09-30,75,-123.9,-9292.5,729.56,9.73,False,-12.737,"{'brokerage': 160.0, 'stt': 40.81, 'exchange_turnover': 41.22, 'sebi_turnover': 0.08, 'stamp_duty': 1.22, 'gst': 36.23, 'slippage': 450.0, 'total_rupees': 729.56, 'points_equivalent': 9.73}",2025
2025-09-18,True,,25500.0,25469.05,2025-09-23,2025-09-30,75,-134.1,-10057.5,714.5,9.53,False,-14.076,"{'brokerage': 160.0, 'stt': 34.04, 'exchange_turnover': 34.38, 'sebi_turnover': 0.07, 'stamp_duty': 1.02, 'gst': 35.0, 'slippage': 450.0, 'total_rupees': 714.5, 'points_equivalent': 9.53}",2025
2025-09-19,True,,25350.0,25364.6,2025-09-23,2025-09-30,75,-149.35,-11201.25,710.49,9.47,False,-15.766,"{'brokerage': 160.0, 'stt': 32.23, 'exchange_turnover': 32.55, 'sebi_turnover': 0.06, 'stamp_duty': 0.97, 'gst': 34.67, 'slippage': 450.0, 'total_rupees': 710.49, 'points_equivalent': 9.47}",2025
2025-09-22,True,,25250.0,25233.0,2025-09-23,2025-09-30,75,-167.3,-12547.5,701.54,9.35,False,-17.886,"{'brokerage': 160.0, 'stt': 28.21, 'exchange_turnover': 28.49, 'sebi_turnover': 0.06, 'stamp_duty': 0.85, 'gst': 33.94, 'slippage': 450.0, 'total_rupees': 701.54, 'points_equivalent': 9.35}",2025
2025-09-23,True,,25150.0,25171.15,2025-09-23,2025-09-30,75,-244.95,-18371.25,687.22,9.16,False,-26.733,"{'brokerage': 160.0, 'stt': 21.77, 'exchange_turnover': 21.99, 'sebi_turnover': 0.04, 'stamp_duty': 0.65, 'gst': 32.77, 'slippage': 450.0, 'total_rupees': 687.22, 'points_equivalent': 9.16}",2025
2025-09-24,True,,25100.0,25110.0,2025-09-30,2025-10-07,75,-126.05,-9453.75,730.15,9.74,False,-12.948,"{'brokerage': 160.0, 'stt': 41.07, 'exchange_turnover': 41.48, 'sebi_turnover': 0.08, 'stamp_duty': 1.23, 'gst': 36.28, 'slippage': 450.0, 'total_rupees': 730.15, 'points_equivalent': 9.74}",2025
2025-09-25,True,,24950.0,24967.85,2025-09-30,2025-10-07,75,-137.15,-10286.25,725.85,9.68,False,-14.171,"{'brokerage': 160.0, 'stt': 39.14, 'exchange_turnover': 39.53, 'sebi_turnover': 0.08, 'stamp_duty': 1.17, 'gst': 35.93, 'slippage': 450.0, 'total_rupees': 725.85, 'points_equivalent': 9.68}",2025
2025-09-26,True,,24700.0,24689.75,2025-09-30,2025-10-07,75,-152.25,-11418.75,724.0,9.65,False,-15.772,"{'brokerage': 160.0, 'stt': 38.31, 'exchange_turnover': 38.69, 'sebi_turnover': 0.08, 'stamp_duty': 1.15, 'gst': 35.78, 'slippage': 450.0, 'total_rupees': 724.0, 'points_equivalent': 9.65}",2025
2025-09-29,True,,24700.0,24681.1,2025-09-30,2025-10-07,75,-181.85,-13638.75,707.5,9.43,False,-19.277,"{'brokerage': 160.0, 'stt': 30.89, 'exchange_turnover': 31.2, 'sebi_turnover': 0.06, 'stamp_duty': 0.93, 'gst': 34.43, 'slippage': 450.0, 'total_rupees': 707.5, 'points_equivalent': 9.43}",2025
2025-09-30,True,,24600.0,24613.7,2025-09-30,2025-10-07,75,-258.0,-19350.0,687.31,9.16,False,-28.153,"{'brokerage': 160.0, 'stt': 21.81, 'exchange_turnover': 22.03, 'sebi_turnover': 0.04, 'stamp_duty': 0.65, 'gst': 32.77, 'slippage': 450.0, 'total_rupees': 687.31, 'points_equivalent': 9.16}",2025
2025-10-01,True,,24900.0,24871.5,2025-10-07,2025-10-14,75,-130.05,-9753.75,723.38,9.65,False,-13.484,"{'brokerage': 160.0, 'stt': 38.03, 'exchange_turnover': 38.41, 'sebi_turnover': 0.08, 'stamp_duty': 1.14, 'gst': 35.73, 'slippage': 450.0, 'total_rupees': 723.38, 'points_equivalent': 9.65}",2025
2025-10-03,True,,24900.0,24914.75,2025-10-07,2025-10-14,75,-142.6,-10695.0,708.78,9.45,False,-15.089,"{'brokerage': 160.0, 'stt': 31.46, 'exchange_turnover': 31.78, 'sebi_turnover': 0.06, 'stamp_duty': 0.94, 'gst': 34.53, 'slippage': 450.0, 'total_rupees': 708.78, 'points_equivalent': 9.45}",2025
2025-10-06,True,,25100.0,25099.35,2025-10-07,2025-10-14,75,-155.5,-11662.5,696.35,9.28,False,-16.748,"{'brokerage': 160.0, 'stt': 25.88, 'exchange_turnover': 26.13, 'sebi_turnover': 0.05, 'stamp_duty': 0.78, 'gst': 33.51, 'slippage': 450.0, 'total_rupees': 696.35, 'points_equivalent': 9.28}",2025
2025-10-07,True,,25100.0,25111.4,2025-10-07,2025-10-14,75,-216.9,-16267.5,679.45,9.06,False,-23.942,"{'brokerage': 160.0, 'stt': 18.28, 'exchange_turnover': 18.46, 'sebi_turnover': 0.04, 'stamp_duty': 0.55, 'gst': 32.13, 'slippage': 450.0, 'total_rupees': 679.45, 'points_equivalent': 9.06}",2025
2025-10-08,True,,25050.0,25059.5,2025-10-14,2025-10-20,75,-114.25,-8568.75,724.62,9.66,False,-11.825,"{'brokerage': 160.0, 'stt': 38.58, 'exchange_turnover': 38.97, 'sebi_turnover': 0.08, 'stamp_duty': 1.16, 'gst': 35.83, 'slippage': 450.0, 'total_rupees': 724.62, 'points_equivalent': 9.66}",2025
2025-10-09,True,,25200.0,25211.1,2025-10-14,2025-10-20,75,-122.45,-9183.75,716.28,9.55,False,-12.821,"{'brokerage': 160.0, 'stt': 34.83, 'exchange_turnover': 35.18, 'sebi_turnover': 0.07, 'stamp_duty': 1.05, 'gst': 35.15, 'slippage': 450.0, 'total_rupees': 716.28, 'points_equivalent': 9.55}",2025
2025-10-10,True,,25350.0,25343.25,2025-10-14,2025-10-20,75,-133.1,-9982.5,708.36,9.44,False,-14.092,"{'brokerage': 160.0, 'stt': 31.28, 'exchange_turnover': 31.59, 'sebi_turnover': 0.06, 'stamp_duty': 0.94, 'gst': 34.5, 'slippage': 450.0, 'total_rupees': 708.36, 'points_equivalent': 9.44}",2025
2025-10-13,True,,25250.0,25244.25,2025-10-14,2025-10-20,75,-165.7,-12427.5,704.36,9.39,False,-17.644,"{'brokerage': 160.0, 'stt': 29.48, 'exchange_turnover': 29.77, 'sebi_turnover': 0.06, 'stamp_duty': 0.88, 'gst': 34.17, 'slippage': 450.0, 'total_rupees': 704.36, 'points_equivalent': 9.39}",2025
2025-10-14,True,,25150.0,25151.9,2025-10-14,2025-10-20,75,-265.55,-19916.25,685.4,9.14,False,-29.058,"{'brokerage': 160.0, 'stt': 20.95, 'exchange_turnover': 21.16, 'sebi_turnover': 0.04, 'stamp_duty': 0.63, 'gst': 32.62, 'slippage': 450.0, 'total_rupees': 685.4, 'points_equivalent': 9.14}",2025
2025-10-15,True,,25400.0,25385.05,2025-10-20,2025-10-28,75,-141.7,-10627.5,729.91,9.73,False,-14.56,"{'brokerage': 160.0, 'stt': 40.97, 'exchange_turnover': 41.37, 'sebi_turnover': 0.08, 'stamp_duty': 1.23, 'gst': 36.26, 'slippage': 450.0, 'total_rupees': 729.91, 'points_equivalent': 9.73}",2025
2025-10-16,True,,25650.0,25611.5,2025-10-20,2025-10-28,75,-153.75,-11531.25,724.77,9.66,False,-15.91,"{'brokerage': 160.0, 'stt': 38.65, 'exchange_turnover': 39.04, 'sebi_turnover': 0.08, 'stamp_duty': 1.16, 'gst': 35.84, 'slippage': 450.0, 'total_rupees': 724.77, 'points_equivalent': 9.66}",2025
2025-10-17,True,,25750.0,25730.6,2025-10-20,2025-10-28,75,-183.6,-13770.0,722.07,9.63,False,-19.07,"{'brokerage': 160.0, 'stt': 37.44, 'exchange_turnover': 37.81, 'sebi_turnover': 0.07, 'stamp_duty': 1.12, 'gst': 35.62, 'slippage': 450.0, 'total_rupees': 722.07, 'points_equivalent': 9.63}",2025
2025-10-20,True,,25850.0,25840.05,2025-10-20,2025-10-28,75,-279.05,-20928.75,689.44,9.19,False,-30.356,"{'brokerage': 160.0, 'stt': 22.77, 'exchange_turnover': 22.99, 'sebi_turnover': 0.05, 'stamp_duty': 0.68, 'gst': 32.95, 'slippage': 450.0, 'total_rupees': 689.44, 'points_equivalent': 9.19}",2025
2025-10-21,True,,25950.0,25914.25,2025-10-28,2025-11-04,75,-129.05,-9678.75,750.62,10.01,False,-12.894,"{'brokerage': 160.0, 'stt': 50.28, 'exchange_turnover': 50.78, 'sebi_turnover': 0.1, 'stamp_duty': 1.51, 'gst': 37.96, 'slippage': 450.0, 'total_rupees': 750.62, 'points_equivalent': 10.01}",2025
2025-10-23,True,,26000.0,25981.8,2025-10-28,2025-11-04,75,-162.9,-12217.5,740.44,9.87,False,-16.5,"{'brokerage': 160.0, 'stt': 45.7, 'exchange_turnover': 46.15, 'sebi_turnover': 0.09, 'stamp_duty': 1.37, 'gst': 37.12, 'slippage': 450.0, 'total_rupees': 740.44, 'points_equivalent': 9.87}",2025
2025-10-24,True,,25800.0,25810.95,2025-10-28,2025-11-04,75,-185.3,-13897.5,732.62,9.77,False,-18.97,"{'brokerage': 160.0, 'stt': 42.18, 'exchange_turnover': 42.6, 'sebi_turnover': 0.08, 'stamp_duty': 1.27, 'gst': 36.48, 'slippage': 450.0, 'total_rupees': 732.62, 'points_equivalent': 9.77}",2025
2025-10-27,True,,26000.0,26010.55,2025-10-28,2025-11-04,75,-221.5,-16612.5,721.87,9.62,False,-23.013,"{'brokerage': 160.0, 'stt': 37.35, 'exchange_turnover': 37.72, 'sebi_turnover': 0.07, 'stamp_duty': 1.12, 'gst': 35.6, 'slippage': 450.0, 'total_rupees': 721.87, 'points_equivalent': 9.62}",2025
2025-10-28,True,,25950.0,25930.65,2025-10-28,2025-11-04,75,-305.15,-22886.25,697.13,9.3,False,-32.829,"{'brokerage': 160.0, 'stt': 26.22, 'exchange_turnover': 26.49, 'sebi_turnover': 0.05, 'stamp_duty': 0.79, 'gst': 33.58, 'slippage': 450.0, 'total_rupees': 697.13, 'points_equivalent': 9.3}",2025
2025-10-29,True,,26150.0,26131.65,2025-11-04,2025-11-11,75,-127.6,-9570.0,756.19,10.08,False,-12.656,"{'brokerage': 160.0, 'stt': 52.78, 'exchange_turnover': 53.31, 'sebi_turnover': 0.11, 'stamp_duty': 1.58, 'gst': 38.41, 'slippage': 450.0, 'total_rupees': 756.19, 'points_equivalent': 10.08}",2025
2025-10-30,True,,25950.0,25934.45,2025-11-04,2025-11-11,75,-140.15,-10511.25,744.13,9.92,False,-14.126,"{'brokerage': 160.0, 'stt': 47.36, 'exchange_turnover': 47.83, 'sebi_turnover': 0.09, 'stamp_duty': 1.42, 'gst': 37.43, 'slippage': 450.0, 'total_rupees': 744.13, 'points_equivalent': 9.92}",2025
2025-10-31,True,,25800.0,25807.75,2025-11-04,2025-11-11,75,-161.05,-12078.75,732.21,9.76,False,-16.496,"{'brokerage': 160.0, 'stt': 42.0, 'exchange_turnover': 42.42, 'sebi_turnover': 0.08, 'stamp_duty': 1.26, 'gst': 36.45, 'slippage': 450.0, 'total_rupees': 732.21, 'points_equivalent': 9.76}",2025
2025-11-03,True,,25800.0,25779.95,2025-11-04,2025-11-11,75,-190.45,-14283.75,717.76,9.57,False,-19.9,"{'brokerage': 160.0, 'stt': 35.5, 'exchange_turnover': 35.86, 'sebi_turnover': 0.07, 'stamp_duty': 1.07, 'gst': 35.27, 'slippage': 450.0, 'total_rupees': 717.76, 'points_equivalent': 9.57}",2025
2025-11-04,True,,25600.0,25599.25,2025-11-04,2025-11-11,75,-279.5,-20962.5,688.38,9.18,False,-30.452,"{'brokerage': 160.0, 'stt': 22.29, 'exchange_turnover': 22.51, 'sebi_turnover': 0.04, 'stamp_duty': 0.67, 'gst': 32.86, 'slippage': 450.0, 'total_rupees': 688.38, 'points_equivalent': 9.18}",2025
2025-11-06,True,,25550.0,25552.2,2025-11-11,2025-11-18,75,-164.5,-12337.5,737.24,9.83,False,-16.735,"{'brokerage': 160.0, 'stt': 44.26, 'exchange_turnover': 44.7, 'sebi_turnover': 0.09, 'stamp_duty': 1.33, 'gst': 36.86, 'slippage': 450.0, 'total_rupees': 737.24, 'points_equivalent': 9.83}",2025
2025-11-07,True,,25500.0,25513.65,2025-11-11,2025-11-18,75,-179.85,-13488.75,728.9,9.72,False,-18.506,"{'brokerage': 160.0, 'stt': 40.51, 'exchange_turnover': 40.92, 'sebi_turnover': 0.08, 'stamp_duty': 1.22, 'gst': 36.18, 'slippage': 450.0, 'total_rupees': 728.9, 'points_equivalent': 9.72}",2025
2025-11-10,True,,25650.0,25617.95,2025-11-11,2025-11-18,75,-197.15,-14786.25,712.11,9.49,False,-20.764,"{'brokerage': 160.0, 'stt': 32.96, 'exchange_turnover': 33.29, 'sebi_turnover': 0.07, 'stamp_duty': 0.99, 'gst': 34.8, 'slippage': 450.0, 'total_rupees': 712.11, 'points_equivalent': 9.49}",2025
2025-11-11,True,,25700.0,25692.15,2025-11-11,2025-11-18,75,-295.9,-22192.5,692.45,9.23,False,-32.049,"{'brokerage': 160.0, 'stt': 24.12, 'exchange_turnover': 24.36, 'sebi_turnover': 0.05, 'stamp_duty': 0.72, 'gst': 33.19, 'slippage': 450.0, 'total_rupees': 692.45, 'points_equivalent': 9.23}",2025
2025-11-12,True,,25950.0,25939.3,2025-11-18,2025-11-25,75,-148.15,-11111.25,750.99,10.01,False,-14.795,"{'brokerage': 160.0, 'stt': 50.44, 'exchange_turnover': 50.95, 'sebi_turnover': 0.1, 'stamp_duty': 1.51, 'gst': 37.99, 'slippage': 450.0, 'total_rupees': 750.99, 'points_equivalent': 10.01}",2025
2025-11-13,True,,25950.0,25908.6,2025-11-18,2025-11-25,75,-142.35,-10676.25,752.62,10.03,False,-14.185,"{'brokerage': 160.0, 'stt': 51.18, 'exchange_turnover': 51.69, 'sebi_turnover': 0.1, 'stamp_duty': 1.54, 'gst': 38.12, 'slippage': 450.0, 'total_rupees': 752.62, 'points_equivalent': 10.03}",2025
2025-11-14,True,,25900.0,25915.75,2025-11-18,2025-11-25,75,-181.65,-13623.75,738.55,9.85,False,-18.447,"{'brokerage': 160.0, 'stt': 44.85, 'exchange_turnover': 45.29, 'sebi_turnover': 0.09, 'stamp_duty': 1.35, 'gst': 36.97, 'slippage': 450.0, 'total_rupees': 738.55, 'points_equivalent': 9.85}",2025
2025-11-17,True,,26000.0,26014.2,2025-11-18,2025-11-25,75,-210.95,-15821.25,718.33,9.58,False,-22.025,"{'brokerage': 160.0, 'stt': 35.76, 'exchange_turnover': 36.11, 'sebi_turnover': 0.07, 'stamp_duty': 1.07, 'gst': 35.31, 'slippage': 450.0, 'total_rupees': 718.33, 'points_equivalent': 9.58}",2025
2025-11-18,True,,25900.0,25916.7,2025-11-18,2025-11-25,75,-306.0,-22950.0,695.98,9.28,False,-32.975,"{'brokerage': 160.0, 'stt': 25.71, 'exchange_turnover': 25.97, 'sebi_turnover': 0.05, 'stamp_duty': 0.77, 'gst': 33.48, 'slippage': 450.0, 'total_rupees': 695.98, 'points_equivalent': 9.28}",2025
2025-11-19,True,,26100.0,26070.45,2025-11-25,2025-12-02,75,-138.4,-10380.0,757.55,10.1,False,-13.702,"{'brokerage': 160.0, 'stt': 53.39, 'exchange_turnover': 53.93, 'sebi_turnover': 0.11, 'stamp_duty': 1.6, 'gst': 38.53, 'slippage': 450.0, 'total_rupees': 757.55, 'points_equivalent': 10.1}",2025
2025-11-20,True,,26250.0,26223.3,2025-11-25,2025-12-02,75,-153.0,-11475.0,744.49,9.93,False,-15.413,"{'brokerage': 160.0, 'stt': 47.52, 'exchange_turnover': 48.0, 'sebi_turnover': 0.1, 'stamp_duty': 1.43, 'gst': 37.46, 'slippage': 450.0, 'total_rupees': 744.49, 'points_equivalent': 9.93}",2025
2025-11-21,True,,26100.0,26083.0,2025-11-25,2025-12-02,75,-178.75,-13406.25,738.41,9.85,False,-18.156,"{'brokerage': 160.0, 'stt': 44.79, 'exchange_turnover': 45.23, 'sebi_turnover': 0.09, 'stamp_duty': 1.34, 'gst': 36.96, 'slippage': 450.0, 'total_rupees': 738.41, 'points_equivalent': 9.85}",2025
2025-11-24,True,,26000.0,26001.0,2025-11-25,2025-12-02,75,-204.65,-15348.75,720.91,9.61,False,-21.291,"{'brokerage': 160.0, 'stt': 36.92, 'exchange_turnover': 37.29, 'sebi_turnover': 0.07, 'stamp_duty': 1.11, 'gst': 35.53, 'slippage': 450.0, 'total_rupees': 720.91, 'points_equivalent': 9.61}",2025
2025-11-25,True,,25900.0,25884.4,2025-11-25,2025-12-02,75,-269.85,-20238.75,690.59,9.21,False,-29.306,"{'brokerage': 160.0, 'stt': 23.28, 'exchange_turnover': 23.52, 'sebi_turnover': 0.05, 'stamp_duty': 0.7, 'gst': 33.04, 'slippage': 450.0, 'total_rupees': 690.59, 'points_equivalent': 9.21}",2025
2025-11-26,True,,26250.0,26224.9,2025-12-02,2025-12-09,75,-136.1,-10207.5,749.65,10.0,False,-13.616,"{'brokerage': 160.0, 'stt': 49.84, 'exchange_turnover': 50.34, 'sebi_turnover': 0.1, 'stamp_duty': 1.5, 'gst': 37.88, 'slippage': 450.0, 'total_rupees': 749.65, 'points_equivalent': 10.0}",2025
2025-11-27,True,,26250.0,26241.1,2025-12-02,2025-12-09,75,-146.85,-11013.75,734.59,9.79,False,-14.993,"{'brokerage': 160.0, 'stt': 43.07, 'exchange_turnover': 43.5, 'sebi_turnover': 0.09, 'stamp_duty': 1.29, 'gst': 36.65, 'slippage': 450.0, 'total_rupees': 734.59, 'points_equivalent': 9.79}",2025
2025-11-28,True,,26250.0,26239.05,2025-12-02,2025-12-09,75,-156.45,-11733.75,723.0,9.64,False,-16.229,"{'brokerage': 160.0, 'stt': 37.86, 'exchange_turnover': 38.23, 'sebi_turnover': 0.08, 'stamp_duty': 1.14, 'gst': 35.7, 'slippage': 450.0, 'total_rupees': 723.0, 'points_equivalent': 9.64}",2025
2025-12-01,True,,26200.0,26185.45,2025-12-02,2025-12-09,75,-186.3,-13972.5,711.8,9.49,False,-19.63,"{'brokerage': 160.0, 'stt': 32.82, 'exchange_turnover': 33.15, 'sebi_turnover': 0.07, 'stamp_duty': 0.98, 'gst': 34.78, 'slippage': 450.0, 'total_rupees': 711.8, 'points_equivalent': 9.49}",2025
2025-12-02,True,,26050.0,26025.25,2025-12-02,2025-12-09,75,-258.1,-19357.5,690.48,9.21,False,-28.035,"{'brokerage': 160.0, 'stt': 23.23, 'exchange_turnover': 23.47, 'sebi_turnover': 0.05, 'stamp_duty': 0.7, 'gst': 33.03, 'slippage': 450.0, 'total_rupees': 690.48, 'points_equivalent': 9.21}",2025
2025-12-03,True,,26050.0,26025.0,2025-12-09,2025-12-16,75,-124.6,-9345.0,741.92,9.89,False,-12.596,"{'brokerage': 160.0, 'stt': 46.37, 'exchange_turnover': 46.83, 'sebi_turnover': 0.09, 'stamp_duty': 1.39, 'gst': 37.25, 'slippage': 450.0, 'total_rupees': 741.92, 'points_equivalent': 9.89}",2025
2025-12-04,True,,26100.0,26075.0,2025-12-09,2025-12-16,75,-132.5,-9937.5,729.63,9.73,False,-13.62,"{'brokerage': 160.0, 'stt': 40.84, 'exchange_turnover': 41.25, 'sebi_turnover': 0.08, 'stamp_duty': 1.23, 'gst': 36.24, 'slippage': 450.0, 'total_rupees': 729.63, 'points_equivalent': 9.73}",2025
2025-12-05,True,,26200.0,26206.0,2025-12-09,2025-12-16,75,-147.5,-11062.5,715.85,9.54,False,-15.454,"{'brokerage': 160.0, 'stt': 34.64, 'exchange_turnover': 34.99, 'sebi_turnover': 0.07, 'stamp_duty': 1.04, 'gst': 35.11, 'slippage': 450.0, 'total_rupees': 715.85, 'points_equivalent': 9.54}",2025
2025-12-08,True,,25950.0,25960.9,2025-12-09,2025-12-16,75,-183.6,-13770.0,711.9,9.49,False,-19.343,"{'brokerage': 160.0, 'stt': 32.87, 'exchange_turnover': 33.19, 'sebi_turnover': 0.07, 'stamp_duty': 0.99, 'gst': 34.79, 'slippage': 450.0, 'total_rupees': 711.9, 'points_equivalent': 9.49}",2025
2025-12-09,True,,25850.0,25840.9,2025-12-09,2025-12-16,75,-254.75,-19106.25,686.3,9.15,False,-27.84,"{'brokerage': 160.0, 'stt': 21.36, 'exchange_turnover': 21.57, 'sebi_turnover': 0.04, 'stamp_duty': 0.64, 'gst': 32.69, 'slippage': 450.0, 'total_rupees': 686.3, 'points_equivalent': 9.15}",2025
2025-12-10,True,,25800.0,25795.55,2025-12-16,2025-12-23,75,-125.65,-9423.75,745.18,9.94,False,-12.646,"{'brokerage': 160.0, 'stt': 47.83, 'exchange_turnover': 48.31, 'sebi_turnover': 0.1, 'stamp_duty': 1.43, 'gst': 37.51, 'slippage': 450.0, 'total_rupees': 745.18, 'points_equivalent': 9.94}",2025
2025-12-11,True,,25950.0,25928.95,2025-12-16,2025-12-23,75,-132.7,-9952.5,728.18,9.71,False,-13.668,"{'brokerage': 160.0, 'stt': 40.19, 'exchange_turnover': 40.59, 'sebi_turnover': 0.08, 'stamp_duty': 1.21, 'gst': 36.12, 'slippage': 450.0, 'total_rupees': 728.18, 'points_equivalent': 9.71}",2025
2025-12-12,True,,26050.0,26060.05,2025-12-16,2025-12-23,75,-147.55,-11066.25,715.61,9.54,False,-15.464,"{'brokerage': 160.0, 'stt': 34.53, 'exchange_turnover': 34.88, 'sebi_turnover': 0.07, 'stamp_duty': 1.04, 'gst': 35.09, 'slippage': 450.0, 'total_rupees': 715.61, 'points_equivalent': 9.54}",2025
2025-12-15,True,,26050.0,26027.15,2025-12-16,2025-12-23,75,-164.5,-12337.5,705.32,9.4,False,-17.492,"{'brokerage': 160.0, 'stt': 29.91, 'exchange_turnover': 30.21, 'sebi_turnover': 0.06, 'stamp_duty': 0.9, 'gst': 34.25, 'slippage': 450.0, 'total_rupees': 705.32, 'points_equivalent': 9.4}",2025
2025-12-16,True,,25850.0,25867.75,2025-12-16,2025-12-23,75,-244.1,-18307.5,685.67,9.14,False,-26.7,"{'brokerage': 160.0, 'stt': 21.07, 'exchange_turnover': 21.29, 'sebi_turnover': 0.04, 'stamp_duty': 0.63, 'gst': 32.64, 'slippage': 450.0, 'total_rupees': 685.67, 'points_equivalent': 9.14}",2025
2025-12-17,True,,25850.0,25859.55,2025-12-23,2025-12-30,75,-114.7,-8602.5,735.12,9.8,False,-11.702,"{'brokerage': 160.0, 'stt': 43.3, 'exchange_turnover': 43.74, 'sebi_turnover': 0.09, 'stamp_duty': 1.3, 'gst': 36.69, 'slippage': 450.0, 'total_rupees': 735.12, 'points_equivalent': 9.8}",2025
2025-12-18,True,,25850.0,25841.8,2025-12-23,2025-12-30,75,-123.4,-9255.0,725.11,9.67,False,-12.764,"{'brokerage': 160.0, 'stt': 38.8, 'exchange_turnover': 39.19, 'sebi_turnover': 0.08, 'stamp_duty': 1.16, 'gst': 35.87, 'slippage': 450.0, 'total_rupees': 725.11, 'points_equivalent': 9.67}",2025
2025-12-19,True,,26000.0,25976.65,2025-12-23,2025-12-30,75,-134.5,-10087.5,712.4,9.5,False,-14.16,"{'brokerage': 160.0, 'stt': 33.09, 'exchange_turnover': 33.42, 'sebi_turnover': 0.07, 'stamp_duty': 0.99, 'gst': 34.83, 'slippage': 450.0, 'total_rupees': 712.4, 'points_equivalent': 9.5}",2025
2025-12-22,True,,26150.0,26152.85,2025-12-23,2025-12-30,75,-156.9,-11767.5,700.62,9.34,False,-16.796,"{'brokerage': 160.0, 'stt': 27.8, 'exchange_turnover': 28.07, 'sebi_turnover': 0.06, 'stamp_duty': 0.83, 'gst': 33.86, 'slippage': 450.0, 'total_rupees': 700.62, 'points_equivalent': 9.34}",2025
2025-12-23,True,,26200.0,26182.1,2025-12-23,2025-12-30,75,-198.2,-14865.0,679.07,9.05,False,-21.89,"{'brokerage': 160.0, 'stt': 18.11, 'exchange_turnover': 18.29, 'sebi_turnover': 0.04, 'stamp_duty': 0.54, 'gst': 32.1, 'slippage': 450.0, 'total_rupees': 679.07, 'points_equivalent': 9.05}",2025
2025-12-24,True,,26200.0,26174.05,2025-12-30,2026-01-06,75,-121.4,-9105.0,716.38,9.55,False,-12.71,"{'brokerage': 160.0, 'stt': 34.88, 'exchange_turnover': 35.23, 'sebi_turnover': 0.07, 'stamp_duty': 1.05, 'gst': 35.15, 'slippage': 450.0, 'total_rupees': 716.38, 'points_equivalent': 9.55}",2025
2025-12-26,True,,26050.0,26060.1,2025-12-30,2026-01-06,75,-138.5,-10387.5,705.94,9.41,False,-14.714,"{'brokerage': 160.0, 'stt': 30.19, 'exchange_turnover': 30.49, 'sebi_turnover': 0.06, 'stamp_duty': 0.91, 'gst': 34.3, 'slippage': 450.0, 'total_rupees': 705.94, 'points_equivalent': 9.41}",2025
2025-12-29,True,,25950.0,25955.3,2025-12-30,2026-01-06,75,-153.8,-11535.0,697.45,9.3,False,-16.539,"{'brokerage': 160.0, 'stt': 26.37, 'exchange_turnover': 26.63, 'sebi_turnover': 0.05, 'stamp_duty': 0.79, 'gst': 33.6, 'slippage': 450.0, 'total_rupees': 697.45, 'points_equivalent': 9.3}",2025
2025-12-30,True,,25950.0,25937.3,2025-12-30,2026-01-06,65,-208.45,-13549.25,613.48,9.44,False,-22.086,"{'brokerage': 160.0, 'stt': 15.59, 'exchange_turnover': 15.75, 'sebi_turnover': 0.03, 'stamp_duty': 0.47, 'gst': 31.64, 'slippage': 390.0, 'total_rupees': 613.48, 'points_equivalent': 9.44}",2025
2025-12-31,True,,26200.0,26178.15,2026-01-06,2026-01-13,65,-112.75,-7328.75,652.8,10.04,False,-11.227,"{'brokerage': 160.0, 'stt': 33.27, 'exchange_turnover': 33.6, 'sebi_turnover': 0.07, 'stamp_duty': 1.0, 'gst': 34.86, 'slippage': 390.0, 'total_rupees': 652.8, 'points_equivalent': 10.04}",2025
2026-01-01,True,,26200.0,26170.05,2026-01-06,2026-01-13,65,-117.55,-7640.75,641.52,9.87,False,-11.91,"{'brokerage': 160.0, 'stt': 28.2, 'exchange_turnover': 28.48, 'sebi_turnover': 0.06, 'stamp_duty': 0.85, 'gst': 33.94, 'slippage': 390.0, 'total_rupees': 641.52, 'points_equivalent': 9.87}",2026
2026-01-02,True,,26350.0,26325.65,2026-01-06,2026-01-13,65,-139.15,-9044.75,637.65,9.81,False,-14.185,"{'brokerage': 160.0, 'stt': 26.46, 'exchange_turnover': 26.72, 'sebi_turnover': 0.05, 'stamp_duty': 0.79, 'gst': 33.62, 'slippage': 390.0, 'total_rupees': 637.65, 'points_equivalent': 9.81}",2026
2026-01-05,True,,26250.0,26228.35,2026-01-06,2026-01-13,65,-159.2,-10348.0,630.63,9.7,False,-16.409,"{'brokerage': 160.0, 'stt': 23.3, 'exchange_turnover': 23.54, 'sebi_turnover': 0.05, 'stamp_duty': 0.7, 'gst': 33.04, 'slippage': 390.0, 'total_rupees': 630.63, 'points_equivalent': 9.7}",2026
2026-01-06,True,,26200.0,26176.0,2026-01-06,2026-01-13,65,-195.75,-12723.75,614.27,9.45,False,-20.714,"{'brokerage': 160.0, 'stt': 15.95, 'exchange_turnover': 16.11, 'sebi_turnover': 0.03, 'stamp_duty': 0.48, 'gst': 31.71, 'slippage': 390.0, 'total_rupees': 614.27, 'points_equivalent': 9.45}",2026
2026-01-07,True,,26150.0,26161.6,2026-01-13,2026-01-20,65,-123.5,-8027.5,651.79,10.03,False,-12.316,"{'brokerage': 160.0, 'stt': 32.82, 'exchange_turnover': 33.15, 'sebi_turnover': 0.07, 'stamp_duty': 0.98, 'gst': 34.78, 'slippage': 390.0, 'total_rupees': 651.79, 'points_equivalent': 10.03}",2026
2026-01-08,True,,25900.0,25918.15,2026-01-13,2026-01-20,65,-137.85,-8960.25,654.06,10.06,False,-13.699,"{'brokerage': 160.0, 'stt': 33.84, 'exchange_turnover': 34.17, 'sebi_turnover': 0.07, 'stamp_duty': 1.02, 'gst': 34.96, 'slippage': 390.0, 'total_rupees': 654.06, 'points_equivalent': 10.06}",2026
2026-01-09,True,,25700.0,25715.3,2026-01-13,2026-01-20,65,-148.85,-9675.25,653.69,10.06,False,-14.801,"{'brokerage': 160.0, 'stt': 33.67, 'exchange_turnover': 34.01, 'sebi_turnover': 0.07, 'stamp_duty': 1.01, 'gst': 34.93, 'slippage': 390.0, 'total_rupees': 653.69, 'points_equivalent': 10.06}",2026
2026-01-12,True,,25800.0,25805.9,2026-01-13,2026-01-20,65,-189.35,-12307.75,646.1,9.94,False,-19.049,"{'brokerage': 160.0, 'stt': 30.26, 'exchange_turnover': 30.56, 'sebi_turnover': 0.06, 'stamp_duty': 0.91, 'gst': 34.31, 'slippage': 390.0, 'total_rupees': 646.1, 'points_equivalent': 9.94}",2026
2026-01-13,True,,25750.0,25737.75,2026-01-13,2026-01-20,65,-259.65,-16877.25,621.12,9.56,False,-27.172,"{'brokerage': 160.0, 'stt': 19.03, 'exchange_turnover': 19.22, 'sebi_turnover': 0.04, 'stamp_duty': 0.57, 'gst': 32.27, 'slippage': 390.0, 'total_rupees': 621.12, 'points_equivalent': 9.56}",2026
2026-01-14,True,,25700.0,25684.45,2026-01-20,2026-01-27,65,-124.05,-8063.25,668.51,10.28,False,-12.062,"{'brokerage': 160.0, 'stt': 40.34, 'exchange_turnover': 40.74, 'sebi_turnover': 0.08, 'stamp_duty': 1.21, 'gst': 36.15, 'slippage': 390.0, 'total_rupees': 668.51, 'points_equivalent': 10.28}",2026
2026-01-16,True,,25700.0,25717.0,2026-01-20,2026-01-27,65,-140.75,-9148.75,659.03,10.14,False,-13.882,"{'brokerage': 160.0, 'stt': 36.07, 'exchange_turnover': 36.43, 'sebi_turnover': 0.07, 'stamp_duty': 1.08, 'gst': 35.37, 'slippage': 390.0, 'total_rupees': 659.03, 'points_equivalent': 10.14}",2026
2026-01-19,True,,25600.0,25577.9,2026-01-20,2026-01-27,65,-175.6,-11414.0,641.95,9.88,False,-17.78,"{'brokerage': 160.0, 'stt': 28.39, 'exchange_turnover': 28.68, 'sebi_turnover': 0.06, 'stamp_duty': 0.85, 'gst': 33.97, 'slippage': 390.0, 'total_rupees': 641.95, 'points_equivalent': 9.88}",2026
2026-01-20,True,,25250.0,25249.8,2026-01-20,2026-01-27,65,-299.05,-19438.25,627.12,9.65,False,-30.996,"{'brokerage': 160.0, 'stt': 21.73, 'exchange_turnover': 21.94, 'sebi_turnover': 0.04, 'stamp_duty': 0.65, 'gst': 32.76, 'slippage': 390.0, 'total_rupees': 627.12, 'points_equivalent': 9.65}",2026
2026-01-21,True,,25200.0,25179.55,2026-01-27,2026-02-03,65,-264.1,-17166.5,707.09,10.88,False,-24.278,"{'brokerage': 160.0, 'stt': 57.68, 'exchange_turnover': 58.26, 'sebi_turnover': 0.12, 'stamp_duty': 1.73, 'gst': 39.31, 'slippage': 390.0, 'total_rupees': 707.09, 'points_equivalent': 10.88}",2026
2026-01-22,True,,25350.0,25351.9,2026-01-27,2026-02-03,65,-301.2,-19578.0,690.96,10.63,False,-28.334,"{'brokerage': 160.0, 'stt': 50.43, 'exchange_turnover': 50.93, 'sebi_turnover': 0.1, 'stamp_duty': 1.51, 'gst': 37.99, 'slippage': 390.0, 'total_rupees': 690.96, 'points_equivalent': 10.63}",2026
2026-01-23,True,,25100.0,25084.85,2026-01-27,2026-02-03,65,-335.9,-21833.5,690.67,10.63,False,-31.612,"{'brokerage': 160.0, 'stt': 50.3, 'exchange_turnover': 50.8, 'sebi_turnover': 0.1, 'stamp_duty': 1.51, 'gst': 37.96, 'slippage': 390.0, 'total_rupees': 690.67, 'points_equivalent': 10.63}",2026
2026-01-27,True,,25150.0,25159.05,2026-01-27,2026-02-03,65,-491.1,-31921.5,656.41,10.1,False,-48.63,"{'brokerage': 160.0, 'stt': 34.89, 'exchange_turnover': 35.24, 'sebi_turnover': 0.07, 'stamp_duty': 1.05, 'gst': 35.16, 'slippage': 390.0, 'total_rupees': 656.41, 'points_equivalent': 10.1}",2026
2026-01-28,True,,25400.0,25369.3,2026-02-03,2026-02-10,65,-125.0,-8125.0,717.7,11.04,False,-11.321,"{'brokerage': 160.0, 'stt': 62.45, 'exchange_turnover': 63.08, 'sebi_turnover': 0.12, 'stamp_duty': 1.87, 'gst': 40.18, 'slippage': 390.0, 'total_rupees': 717.7, 'points_equivalent': 11.04}",2026
2026-01-29,True,,25500.0,25453.7,2026-02-03,2026-02-10,65,-132.65,-8622.25,705.68,10.86,False,-12.218,"{'brokerage': 160.0, 'stt': 57.05, 'exchange_turnover': 57.62, 'sebi_turnover': 0.11, 'stamp_duty': 1.71, 'gst': 39.19, 'slippage': 390.0, 'total_rupees': 705.68, 'points_equivalent': 10.86}",2026
2026-01-30,True,,25350.0,25343.05,2026-02-03,2026-02-10,65,-131.05,-8518.25,711.31,10.94,False,-11.975,"{'brokerage': 160.0, 'stt': 59.58, 'exchange_turnover': 60.17, 'sebi_turnover': 0.12, 'stamp_duty': 1.79, 'gst': 39.65, 'slippage': 390.0, 'total_rupees': 711.31, 'points_equivalent': 10.94}",2026
2026-02-02,True,,25100.0,25066.65,2026-02-03,2026-02-10,65,-232.45,-15109.25,666.92,10.26,False,-22.655,"{'brokerage': 160.0, 'stt': 39.62, 'exchange_turnover': 40.02, 'sebi_turnover': 0.08, 'stamp_duty': 1.19, 'gst': 36.02, 'slippage': 390.0, 'total_rupees': 666.92, 'points_equivalent': 10.26}",2026
2026-02-03,True,,25750.0,25728.25,2026-02-03,2026-02-10,65,-351.0,-22815.0,637.83,9.81,False,-35.77,"{'brokerage': 160.0, 'stt': 26.54, 'exchange_turnover': 26.8, 'sebi_turnover': 0.05, 'stamp_duty': 0.8, 'gst': 33.63, 'slippage': 390.0, 'total_rupees': 637.83, 'points_equivalent': 9.81}",2026
2026-02-04,True,,25800.0,25797.85,2026-02-10,2026-02-17,65,-125.65,-8167.25,689.3,10.6,False,-11.849,"{'brokerage': 160.0, 'stt': 49.68, 'exchange_turnover': 50.18, 'sebi_turnover': 0.1, 'stamp_duty': 1.49, 'gst': 37.85, 'slippage': 390.0, 'total_rupees': 689.3, 'points_equivalent': 10.6}",2026
2026-02-05,True,,25700.0,25664.95,2026-02-10,2026-02-17,65,-131.15,-8524.75,675.9,10.4,False,-12.612,"{'brokerage': 160.0, 'stt': 43.66, 'exchange_turnover': 44.09, 'sebi_turnover': 0.09, 'stamp_duty': 1.31, 'gst': 36.75, 'slippage': 390.0, 'total_rupees': 675.9, 'points_equivalent': 10.4}",2026
2026-02-06,True,,25700.0,25675.7,2026-02-10,2026-02-17,65,-157.8,-10257.0,660.92,10.17,False,-15.519,"{'brokerage': 160.0, 'stt': 36.92, 'exchange_turnover': 37.29, 'sebi_turnover': 0.07, 'stamp_duty': 1.11, 'gst': 35.53, 'slippage': 390.0, 'total_rupees': 660.92, 'points_equivalent': 10.17}",2026
2026-02-09,True,,25850.0,25863.45,2026-02-10,2026-02-17,65,-186.35,-12112.75,646.78,9.95,False,-18.728,"{'brokerage': 160.0, 'stt': 30.57, 'exchange_turnover': 30.87, 'sebi_turnover': 0.06, 'stamp_duty': 0.92, 'gst': 34.37, 'slippage': 390.0, 'total_rupees': 646.78, 'points_equivalent': 9.95}",2026
2026-02-10,True,,25950.0,25947.3,2026-02-10,2026-02-17,65,-262.35,-17052.75,620.37,9.54,False,-27.488,"{'brokerage': 160.0, 'stt': 18.69, 'exchange_turnover': 18.88, 'sebi_turnover': 0.04, 'stamp_duty': 0.56, 'gst': 32.2, 'slippage': 390.0, 'total_rupees': 620.37, 'points_equivalent': 9.54}",2026
2026-02-11,True,,26000.0,25971.95,2026-02-17,2026-02-24,65,-131.05,-8518.25,667.18,10.26,False,-12.768,"{'brokerage': 160.0, 'stt': 39.74, 'exchange_turnover': 40.14, 'sebi_turnover': 0.08, 'stamp_duty': 1.19, 'gst': 36.04, 'slippage': 390.0, 'total_rupees': 667.18, 'points_equivalent': 10.26}",2026
2026-02-12,True,,25850.0,25836.05,2026-02-17,2026-02-24,65,-139.9,-9093.5,661.93,10.18,False,-13.738,"{'brokerage': 160.0, 'stt': 37.38, 'exchange_turnover': 37.75, 'sebi_turnover': 0.07, 'stamp_duty': 1.12, 'gst': 35.61, 'slippage': 390.0, 'total_rupees': 661.93, 'points_equivalent': 10.18}",2026
2026-02-13,True,,25500.0,25500.8,2026-02-17,2026-02-24,65,-172.7,-11225.5,668.77,10.29,False,-16.785,"{'brokerage': 160.0, 'stt': 40.45, 'exchange_turnover': 40.85, 'sebi_turnover': 0.08, 'stamp_duty': 1.21, 'gst': 36.17, 'slippage': 390.0, 'total_rupees': 668.77, 'points_equivalent': 10.29}",2026
2026-02-16,True,,25700.0,25691.05,2026-02-17,2026-02-24,65,-198.1,-12876.5,652.7,10.04,False,-19.728,"{'brokerage': 160.0, 'stt': 33.23, 'exchange_turnover': 33.56, 'sebi_turnover': 0.07, 'stamp_duty': 1.0, 'gst': 34.85, 'slippage': 390.0, 'total_rupees': 652.7, 'points_equivalent': 10.04}",2026
2026-02-17,True,,25750.0,25728.35,2026-02-17,2026-02-24,65,-282.85,-18385.25,626.79,9.64,False,-29.332,"{'brokerage': 160.0, 'stt': 21.58, 'exchange_turnover': 21.79, 'sebi_turnover': 0.04, 'stamp_duty': 0.65, 'gst': 32.73, 'slippage': 390.0, 'total_rupees': 626.79, 'points_equivalent': 9.64}",2026
2026-02-18,True,,25850.0,25831.55,2026-02-24,2026-03-02,65,-126.95,-8251.75,672.49,10.35,False,-12.27,"{'brokerage': 160.0, 'stt': 42.12, 'exchange_turnover': 42.54, 'sebi_turnover': 0.08, 'stamp_duty': 1.26, 'gst': 36.47, 'slippage': 390.0, 'total_rupees': 672.49, 'points_equivalent': 10.35}",2026
2026-02-19,True,,25500.0,25462.1,2026-02-24,2026-03-02,65,-146.55,-9525.75,681.09,10.48,False,-13.986,"{'brokerage': 160.0, 'stt': 45.99, 'exchange_turnover': 46.45, 'sebi_turnover': 0.09, 'stamp_duty': 1.38, 'gst': 37.18, 'slippage': 390.0, 'total_rupees': 681.09, 'points_equivalent': 10.48}",2026
2026-02-20,True,,25650.0,25597.0,2026-02-24,2026-03-02,65,-164.8,-10712.0,673.9,10.37,False,-15.896,"{'brokerage': 160.0, 'stt': 42.76, 'exchange_turnover': 43.18, 'sebi_turnover': 0.09, 'stamp_duty': 1.28, 'gst': 36.59, 'slippage': 390.0, 'total_rupees': 673.9, 'points_equivalent': 10.37}",2026
2026-02-23,True,,25700.0,25708.1,2026-02-24,2026-03-02,65,-208.8,-13572.0,658.52,10.13,False,-20.61,"{'brokerage': 160.0, 'stt': 35.84, 'exchange_turnover': 36.2, 'sebi_turnover': 0.07, 'stamp_duty': 1.08, 'gst': 35.33, 'slippage': 390.0, 'total_rupees': 658.52, 'points_equivalent': 10.13}",2026
2026-02-24,True,,25400.0,25418.6,2026-02-24,2026-03-02,65,-342.7,-22275.5,635.63,9.78,False,-35.045,"{'brokerage': 160.0, 'stt': 25.55, 'exchange_turnover': 25.81, 'sebi_turnover': 0.05, 'stamp_duty': 0.77, 'gst': 33.45, 'slippage': 390.0, 'total_rupees': 635.63, 'points_equivalent': 9.78}",2026
2026-02-25,True,,25550.0,25509.55,2026-03-02,2026-03-10,65,-174.4,-11336.0,688.69,10.6,False,-16.46,"{'brokerage': 160.0, 'stt': 49.41, 'exchange_turnover': 49.9, 'sebi_turnover': 0.1, 'stamp_duty': 1.48, 'gst': 37.8, 'slippage': 390.0, 'total_rupees': 688.69, 'points_equivalent': 10.6}",2026
2026-02-26,True,,25500.0,25512.85,2026-03-02,2026-03-10,65,-197.25,-12821.25,675.51,10.39,False,-18.98,"{'brokerage': 160.0, 'stt': 43.48, 'exchange_turnover': 43.92, 'sebi_turnover': 0.09, 'stamp_duty': 1.3, 'gst': 36.72, 'slippage': 390.0, 'total_rupees': 675.51, 'points_equivalent': 10.39}",2026
2026-02-27,True,,25250.0,25219.6,2026-03-02,2026-03-10,65,-237.35,-15427.75,673.08,10.36,False,-22.921,"{'brokerage': 160.0, 'stt': 42.39, 'exchange_turnover': 42.81, 'sebi_turnover': 0.08, 'stamp_duty': 1.27, 'gst': 36.52, 'slippage': 390.0, 'total_rupees': 673.08, 'points_equivalent': 10.36}",2026
2026-03-02,True,,24850.0,24854.1,2026-03-02,2026-03-10,65,-518.3,-33689.5,660.9,10.17,False,-50.975,"{'brokerage': 160.0, 'stt': 36.91, 'exchange_turnover': 37.28, 'sebi_turnover': 0.07, 'stamp_duty': 1.11, 'gst': 35.52, 'slippage': 390.0, 'total_rupees': 660.9, 'points_equivalent': 10.17}",2026
2026-03-04,True,,24700.0,24497.75,2026-03-10,2026-03-17,65,-186.15,-12099.75,785.57,12.09,False,-15.403,"{'brokerage': 160.0, 'stt': 92.97, 'exchange_turnover': 93.9, 'sebi_turnover': 0.19, 'stamp_duty': 2.79, 'gst': 45.73, 'slippage': 390.0, 'total_rupees': 785.57, 'points_equivalent': 12.09}",2026
2026-03-05,True,,24850.0,24779.75,2026-03-10,2026-03-17,65,-215.95,-14036.75,730.58,11.24,False,-19.213,"{'brokerage': 160.0, 'stt': 68.24, 'exchange_turnover': 68.92, 'sebi_turnover': 0.14, 'stamp_duty': 2.05, 'gst': 41.23, 'slippage': 390.0, 'total_rupees': 730.58, 'points_equivalent': 11.24}",2026
2026-03-06,True,,24500.0,24456.65,2026-03-10,2026-03-17,65,-269.05,-17488.25,750.43,11.55,False,-23.304,"{'brokerage': 160.0, 'stt': 77.16, 'exchange_turnover': 77.94, 'sebi_turnover': 0.15, 'stamp_duty': 2.31, 'gst': 42.86, 'slippage': 390.0, 'total_rupees': 750.43, 'points_equivalent': 11.55}",2026
2026-03-09,True,,24100.0,24053.05,2026-03-10,2026-03-17,65,-440.55,-28635.75,750.93,11.55,False,-38.134,"{'brokerage': 160.0, 'stt': 77.39, 'exchange_turnover': 78.17, 'sebi_turnover': 0.15, 'stamp_duty': 2.32, 'gst': 42.9, 'slippage': 390.0, 'total_rupees': 750.93, 'points_equivalent': 11.55}",2026
2026-03-10,True,,24250.0,24253.2,2026-03-10,2026-03-17,65,-533.55,-34680.75,661.05,10.17,False,-52.463,"{'brokerage': 160.0, 'stt': 36.98, 'exchange_turnover': 37.35, 'sebi_turnover': 0.07, 'stamp_duty': 1.11, 'gst': 35.54, 'slippage': 390.0, 'total_rupees': 661.05, 'points_equivalent': 10.17}",2026
2026-03-11,True,,24000.0,23895.35,2026-03-17,2026-03-24,65,-218.8,-14222.0,779.56,11.99,False,-18.244,"{'brokerage': 160.0, 'stt': 90.27, 'exchange_turnover': 91.17, 'sebi_turnover': 0.18, 'stamp_duty': 2.71, 'gst': 45.24, 'slippage': 390.0, 'total_rupees': 779.56, 'points_equivalent': 11.99}",2026
2026-03-12,True,,23750.0,23671.0,2026-03-17,2026-03-24,65,-264.2,-17173.0,761.1,11.71,False,-22.563,"{'brokerage': 160.0, 'stt': 81.97, 'exchange_turnover': 82.78, 'sebi_turnover': 0.16, 'stamp_duty': 2.46, 'gst': 43.73, 'slippage': 390.0, 'total_rupees': 761.1, 'points_equivalent': 11.71}",2026
2026-03-13,True,,23200.0,23155.15,2026-03-17,2026-03-24,65,-321.3,-20884.5,766.6,11.79,False,-27.243,"{'brokerage': 160.0, 'stt': 84.44, 'exchange_turnover': 85.28, 'sebi_turnover': 0.17, 'stamp_duty': 2.53, 'gst': 44.18, 'slippage': 390.0, 'total_rupees': 766.6, 'points_equivalent': 11.79}",2026
2026-03-16,True,,23400.0,23386.9,2026-03-17,2026-03-24,65,-376.8,-24492.0,722.07,11.11,False,-33.919,"{'brokerage': 160.0, 'stt': 64.42, 'exchange_turnover': 65.06, 'sebi_turnover': 0.13, 'stamp_duty': 1.93, 'gst': 40.53, 'slippage': 390.0, 'total_rupees': 722.07, 'points_equivalent': 11.11}",2026
2026-03-17,True,,23600.0,23591.05,2026-03-17,2026-03-24,65,-490.35,-31872.75,655.31,10.08,False,-48.638,"{'brokerage': 160.0, 'stt': 34.4, 'exchange_turnover': 34.75, 'sebi_turnover': 0.07, 'stamp_duty': 1.03, 'gst': 35.07, 'slippage': 390.0, 'total_rupees': 655.31, 'points_equivalent': 10.08}",2026
2026-03-18,True,,23850.0,23770.75,2026-03-24,2026-03-30,65,-172.2,-11193.0,726.59,11.18,False,-15.405,"{'brokerage': 160.0, 'stt': 66.45, 'exchange_turnover': 67.11, 'sebi_turnover': 0.13, 'stamp_duty': 1.99, 'gst': 40.9, 'slippage': 390.0, 'total_rupees': 726.59, 'points_equivalent': 11.18}",2026
2026-03-19,True,,23100.0,23025.7,2026-03-24,2026-03-30,65,-221.2,-14378.0,761.25,11.71,False,-18.887,"{'brokerage': 160.0, 'stt': 82.03, 'exchange_turnover': 82.85, 'sebi_turnover': 0.16, 'stamp_duty': 2.46, 'gst': 43.74, 'slippage': 390.0, 'total_rupees': 761.25, 'points_equivalent': 11.71}",2026
2026-03-20,True,,23200.0,23125.05,2026-03-24,2026-03-30,65,-236.65,-15382.25,750.57,11.55,False,-20.494,"{'brokerage': 160.0, 'stt': 77.23, 'exchange_turnover': 78.0, 'sebi_turnover': 0.15, 'stamp_duty': 2.32, 'gst': 42.87, 'slippage': 390.0, 'total_rupees': 750.57, 'points_equivalent': 11.55}",2026
2026-03-23,True,,22550.0,22514.15,2026-03-24,2026-03-30,65,-434.7,-28255.5,755.73,11.63,False,-37.388,"{'brokerage': 160.0, 'stt': 79.55, 'exchange_turnover': 80.34, 'sebi_turnover': 0.16, 'stamp_duty': 2.39, 'gst': 43.29, 'slippage': 390.0, 'total_rupees': 755.73, 'points_equivalent': 11.63}",2026
2026-03-24,True,,22900.0,22908.8,2026-03-24,2026-03-30,65,-632.95,-41141.75,675.89,10.4,False,-60.87,"{'brokerage': 160.0, 'stt': 43.65, 'exchange_turnover': 44.09, 'sebi_turnover': 0.09, 'stamp_duty': 1.31, 'gst': 36.75, 'slippage': 390.0, 'total_rupees': 675.89, 'points_equivalent': 10.4}",2026
2026-03-25,True,,23400.0,23305.1,2026-03-30,2026-04-07,65,-331.3,-21534.5,784.08,12.06,False,-27.465,"{'brokerage': 160.0, 'stt': 92.29, 'exchange_turnover': 93.22, 'sebi_turnover': 0.18, 'stamp_duty': 2.77, 'gst': 45.61, 'slippage': 390.0, 'total_rupees': 784.08, 'points_equivalent': 12.06}",2026
2026-03-27,True,,22850.0,22821.2,2026-03-30,2026-04-07,65,-522.55,-33965.75,777.4,11.96,False,-43.691,"{'brokerage': 160.0, 'stt': 89.29, 'exchange_turnover': 90.19, 'sebi_turnover': 0.18, 'stamp_duty': 2.68, 'gst': 45.07, 'slippage': 390.0, 'total_rupees': 777.4, 'points_equivalent': 11.96}",2026
2026-03-30,True,,22300.0,22314.4,2026-03-30,2026-04-07,65,-756.95,-49201.75,696.21,10.71,False,-70.671,"{'brokerage': 160.0, 'stt': 52.79, 'exchange_turnover': 53.32, 'sebi_turnover': 0.11, 'stamp_duty': 1.58, 'gst': 38.42, 'slippage': 390.0, 'total_rupees': 696.21, 'points_equivalent': 10.71}",2026
2026-04-01,True,,22800.0,22725.0,2026-04-07,2026-04-13,65,-267.05,-17358.25,793.81,12.21,False,-21.867,"{'brokerage': 160.0, 'stt': 96.67, 'exchange_turnover': 97.64, 'sebi_turnover': 0.19, 'stamp_duty': 2.9, 'gst': 46.41, 'slippage': 390.0, 'total_rupees': 793.81, 'points_equivalent': 12.21}",2026
2026-04-02,True,,22750.0,22697.55,2026-04-07,2026-04-13,65,-308.75,-20068.75,781.26,12.02,False,-25.688,"{'brokerage': 160.0, 'stt': 91.03, 'exchange_turnover': 91.94, 'sebi_turnover': 0.18, 'stamp_duty': 2.73, 'gst': 45.38, 'slippage': 390.0, 'total_rupees': 781.26, 'points_equivalent': 12.02}",2026
2026-04-06,True,,23000.0,22976.1,2026-04-07,2026-04-13,65,-413.05,-26848.25,743.1,11.43,False,-36.13,"{'brokerage': 160.0, 'stt': 73.87, 'exchange_turnover': 74.61, 'sebi_turnover': 0.15, 'stamp_duty': 2.22, 'gst': 42.26, 'slippage': 390.0, 'total_rupees': 743.1, 'points_equivalent': 11.43}",2026
2026-04-07,True,,23100.0,23118.4,2026-04-07,2026-04-13,65,-647.4,-42081.0,679.36,10.45,False,-61.942,"{'brokerage': 160.0, 'stt': 45.21, 'exchange_turnover': 45.67, 'sebi_turnover': 0.09, 'stamp_duty': 1.36, 'gst': 37.04, 'slippage': 390.0, 'total_rupees': 679.36, 'points_equivalent': 10.45}",2026
2026-04-08,True,,24050.0,24006.45,2026-04-13,2026-04-21,65,-245.75,-15973.75,736.85,11.34,False,-21.678,"{'brokerage': 160.0, 'stt': 71.06, 'exchange_turnover': 71.77, 'sebi_turnover': 0.14, 'stamp_duty': 2.13, 'gst': 41.74, 'slippage': 390.0, 'total_rupees': 736.85, 'points_equivalent': 11.34}",2026
2026-04-09,True,,23850.0,23805.3,2026-04-13,2026-04-21,65,-294.0,-19110.0,733.09,11.28,False,-26.068,"{'brokerage': 160.0, 'stt': 69.37, 'exchange_turnover': 70.06, 'sebi_turnover': 0.14, 'stamp_duty': 2.08, 'gst': 41.44, 'slippage': 390.0, 'total_rupees': 733.09, 'points_equivalent': 11.28}",2026
2026-04-10,True,,24050.0,24051.4,2026-04-13,2026-04-21,65,-298.9,-19428.5,703.72,10.83,False,-27.608,"{'brokerage': 160.0, 'stt': 56.17, 'exchange_turnover': 56.73, 'sebi_turnover': 0.11, 'stamp_duty': 1.68, 'gst': 39.03, 'slippage': 390.0, 'total_rupees': 703.72, 'points_equivalent': 10.83}",2026
2026-04-13,True,,23850.0,23843.6,2026-04-13,2026-04-21,65,-572.7,-37225.5,666.57,10.25,False,-55.846,"{'brokerage': 160.0, 'stt': 39.46, 'exchange_turnover': 39.86, 'sebi_turnover': 0.08, 'stamp_duty': 1.18, 'gst': 35.99, 'slippage': 390.0, 'total_rupees': 666.57, 'points_equivalent': 10.25}",2026
2026-04-15,True,,24300.0,24230.35,2026-04-21,2026-04-28,65,-196.75,-12788.75,733.87,11.29,False,-17.426,"{'brokerage': 160.0, 'stt': 69.72, 'exchange_turnover': 70.42, 'sebi_turnover': 0.14, 'stamp_duty': 2.09, 'gst': 41.5, 'slippage': 390.0, 'total_rupees': 733.87, 'points_equivalent': 11.29}",2026
2026-04-16,True,,24200.0,24186.7,2026-04-21,2026-04-28,65,-239.6,-15574.0,721.32,11.1,False,-21.591,"{'brokerage': 160.0, 'stt': 64.08, 'exchange_turnover': 64.72, 'sebi_turnover': 0.13, 'stamp_duty': 1.92, 'gst': 40.47, 'slippage': 390.0, 'total_rupees': 721.32, 'points_equivalent': 11.1}",2026
2026-04-17,True,,24400.0,24352.85,2026-04-21,2026-04-28,65,-239.35,-15557.75,704.29,10.84,False,-22.09,"{'brokerage': 160.0, 'stt': 56.42, 'exchange_turnover': 56.99, 'sebi_turnover': 0.11, 'stamp_duty': 1.69, 'gst': 39.08, 'slippage': 390.0, 'total_rupees': 704.29, 'points_equivalent': 10.84}",2026
2026-04-20,True,,24350.0,24336.2,2026-04-21,2026-04-28,65,-317.95,-20666.75,700.69,10.78,False,-29.495,"{'brokerage': 160.0, 'stt': 54.8, 'exchange_turnover': 55.35, 'sebi_turnover': 0.11, 'stamp_duty': 1.64, 'gst': 38.78, 'slippage': 390.0, 'total_rupees': 700.69, 'points_equivalent': 10.78}",2026
2026-04-21,True,,24600.0,24577.5,2026-04-21,2026-04-28,65,-454.65,-29552.25,652.08,10.03,False,-45.32,"{'brokerage': 160.0, 'stt': 32.95, 'exchange_turnover': 33.27, 'sebi_turnover': 0.07, 'stamp_duty': 0.99, 'gst': 34.8, 'slippage': 390.0, 'total_rupees': 652.08, 'points_equivalent': 10.03}",2026
2026-04-22,True,,24400.0,24379.9,2026-04-28,2026-05-05,65,-230.55,-14985.75,740.19,11.39,False,-20.246,"{'brokerage': 160.0, 'stt': 72.56, 'exchange_turnover': 73.29, 'sebi_turnover': 0.15, 'stamp_duty': 2.18, 'gst': 42.02, 'slippage': 390.0, 'total_rupees': 740.19, 'points_equivalent': 11.39}",2026
2026-04-23,True,,24200.0,24163.95,2026-04-28,2026-05-05,65,-262.4,-17056.0,724.57,11.15,False,-23.539,"{'brokerage': 160.0, 'stt': 65.54, 'exchange_turnover': 66.19, 'sebi_turnover': 0.13, 'stamp_duty': 1.97, 'gst': 40.74, 'slippage': 390.0, 'total_rupees': 724.57, 'points_equivalent': 11.15}",2026
2026-04-24,True,,23950.0,23919.35,2026-04-28,2026-05-05,65,-286.2,-18603.0,720.64,11.09,False,-25.815,"{'brokerage': 160.0, 'stt': 63.77, 'exchange_turnover': 64.41, 'sebi_turnover': 0.13, 'stamp_duty': 1.91, 'gst': 40.42, 'slippage': 390.0, 'total_rupees': 720.64, 'points_equivalent': 11.09}",2026
2026-04-27,True,,24100.0,24119.95,2026-04-28,2026-05-05,65,-319.1,-20741.5,679.1,10.45,False,-30.543,"{'brokerage': 160.0, 'stt': 45.1, 'exchange_turnover': 45.55, 'sebi_turnover': 0.09, 'stamp_duty': 1.35, 'gst': 37.01, 'slippage': 390.0, 'total_rupees': 679.1, 'points_equivalent': 10.45}",2026
2026-04-28,True,,24000.0,23993.25,2026-04-28,2026-05-05,65,-409.65,-26627.25,642.81,9.89,False,-41.423,"{'brokerage': 160.0, 'stt': 28.78, 'exchange_turnover': 29.07, 'sebi_turnover': 0.06, 'stamp_duty': 0.86, 'gst': 34.04, 'slippage': 390.0, 'total_rupees': 642.81, 'points_equivalent': 9.89}",2026
2026-04-29,True,,24250.0,24200.3,2026-05-05,2026-05-12,65,-213.6,-13884.0,718.77,11.06,False,-19.316,"{'brokerage': 160.0, 'stt': 62.93, 'exchange_turnover': 63.56, 'sebi_turnover': 0.13, 'stamp_duty': 1.89, 'gst': 40.26, 'slippage': 390.0, 'total_rupees': 718.77, 'points_equivalent': 11.06}",2026
2026-04-30,True,,24050.0,24046.95,2026-05-05,2026-05-12,65,-238.25,-15486.25,718.59,11.06,False,-21.551,"{'brokerage': 160.0, 'stt': 62.85, 'exchange_turnover': 63.48, 'sebi_turnover': 0.13, 'stamp_duty': 1.89, 'gst': 40.25, 'slippage': 390.0, 'total_rupees': 718.59, 'points_equivalent': 11.06}",2026
2026-05-04,True,,24150.0,24159.95,2026-05-05,2026-05-12,65,-296.3,-19259.5,685.26,10.54,False,-28.105,"{'brokerage': 160.0, 'stt': 47.87, 'exchange_turnover': 48.34, 'sebi_turnover': 0.1, 'stamp_duty': 1.44, 'gst': 37.52, 'slippage': 390.0, 'total_rupees': 685.26, 'points_equivalent': 10.54}",2026
2026-05-05,True,,24000.0,24019.45,2026-05-05,2026-05-12,65,-398.4,-25896.0,643.67,9.9,False,-40.232,"{'brokerage': 160.0, 'stt': 29.17, 'exchange_turnover': 29.46, 'sebi_turnover': 0.06, 'stamp_duty': 0.87, 'gst': 34.11, 'slippage': 390.0, 'total_rupees': 643.67, 'points_equivalent': 9.9}",2026
2026-05-06,True,,24450.0,24422.3,2026-05-12,2026-05-19,65,-173.85,-11300.25,714.91,11.0,False,-15.807,"{'brokerage': 160.0, 'stt': 61.19, 'exchange_turnover': 61.81, 'sebi_turnover': 0.12, 'stamp_duty': 1.84, 'gst': 39.95, 'slippage': 390.0, 'total_rupees': 714.91, 'points_equivalent': 11.0}",2026
2026-05-07,True,,24350.0,24360.95,2026-05-12,2026-05-19,65,-194.2,-12623.0,705.49,10.85,False,-17.893,"{'brokerage': 160.0, 'stt': 56.96, 'exchange_turnover': 57.53, 'sebi_turnover': 0.11, 'stamp_duty': 1.71, 'gst': 39.18, 'slippage': 390.0, 'total_rupees': 705.49, 'points_equivalent': 10.85}",2026
2026-05-08,True,,24200.0,24219.7,2026-05-12,2026-05-19,65,-228.15,-14829.75,696.01,10.71,False,-21.307,"{'brokerage': 160.0, 'stt': 52.7, 'exchange_turnover': 53.23, 'sebi_turnover': 0.11, 'stamp_duty': 1.58, 'gst': 38.4, 'slippage': 390.0, 'total_rupees': 696.01, 'points_equivalent': 10.71}",2026
2026-05-11,True,,23850.0,23859.7,2026-05-12,2026-05-19,65,-308.75,-20068.75,680.63,10.47,False,-29.486,"{'brokerage': 160.0, 'stt': 45.78, 'exchange_turnover': 46.24, 'sebi_turnover': 0.09, 'stamp_duty': 1.37, 'gst': 37.14, 'slippage': 390.0, 'total_rupees': 680.63, 'points_equivalent': 10.47}",2026
2026-05-12,True,,23400.0,23382.4,2026-05-12,2026-05-19,65,-454.4,-29536.0,651.43,10.02,False,-45.34,"{'brokerage': 160.0, 'stt': 32.66, 'exchange_turnover': 32.98, 'sebi_turnover': 0.07, 'stamp_duty': 0.98, 'gst': 34.75, 'slippage': 390.0, 'total_rupees': 651.43, 'points_equivalent': 10.02}",2026
2026-05-13,True,,23500.0,23460.5,2026-05-19,2026-05-26,65,-226.2,-14703.0,738.49,11.36,False,-19.91,"{'brokerage': 160.0, 'stt': 71.8, 'exchange_turnover': 72.52, 'sebi_turnover': 0.14, 'stamp_duty': 2.15, 'gst': 41.88, 'slippage': 390.0, 'total_rupees': 738.49, 'points_equivalent': 11.36}",2026
2026-05-14,True,,23700.0,23696.0,2026-05-19,2026-05-26,65,-245.75,-15973.75,714.92,11.0,False,-22.343,"{'brokerage': 160.0, 'stt': 61.2, 'exchange_turnover': 61.81, 'sebi_turnover': 0.12, 'stamp_duty': 1.84, 'gst': 39.95, 'slippage': 390.0, 'total_rupees': 714.92, 'points_equivalent': 11.0}",2026
2026-05-15,True,,23650.0,23633.65,2026-05-19,2026-05-26,65,-264.25,-17176.25,708.67,10.9,False,-24.237,"{'brokerage': 160.0, 'stt': 58.39, 'exchange_turnover': 58.98, 'sebi_turnover': 0.12, 'stamp_duty': 1.75, 'gst': 39.44, 'slippage': 390.0, 'total_rupees': 708.67, 'points_equivalent': 10.9}",2026
2026-05-18,True,,23650.0,23639.75,2026-05-19,2026-05-26,65,-319.25,-20751.25,688.15,10.59,False,-30.155,"{'brokerage': 160.0, 'stt': 49.16, 'exchange_turnover': 49.65, 'sebi_turnover': 0.1, 'stamp_duty': 1.47, 'gst': 37.76, 'slippage': 390.0, 'total_rupees': 688.15, 'points_equivalent': 10.59}",2026
2026-05-19,True,,23650.0,23628.65,2026-05-19,2026-05-26,65,-414.25,-26926.25,646.02,9.94,False,-41.68,"{'brokerage': 160.0, 'stt': 30.22, 'exchange_turnover': 30.52, 'sebi_turnover': 0.06, 'stamp_duty': 0.91, 'gst': 34.31, 'slippage': 390.0, 'total_rupees': 646.02, 'points_equivalent': 9.94}",2026
2026-05-20,True,,23700.0,23662.4,2026-05-26,2026-06-02,65,-191.2,-12428.0,723.83,11.14,False,-17.17,"{'brokerage': 160.0, 'stt': 65.21, 'exchange_turnover': 65.86, 'sebi_turnover': 0.13, 'stamp_duty': 1.96, 'gst': 40.68, 'slippage': 390.0, 'total_rupees': 723.83, 'points_equivalent': 11.14}",2026
2026-05-21,True,,23650.0,23636.0,2026-05-26,2026-06-02,65,-206.25,-13406.25,707.74,10.89,False,-18.942,"{'brokerage': 160.0, 'stt': 57.97, 'exchange_turnover': 58.55, 'sebi_turnover': 0.12, 'stamp_duty': 1.74, 'gst': 39.36, 'slippage': 390.0, 'total_rupees': 707.74, 'points_equivalent': 10.89}",2026
2026-05-22,True,,23750.0,23734.9,2026-05-26,2026-06-02,65,-212.1,-13786.5,691.09,10.63,False,-19.949,"{'brokerage': 160.0, 'stt': 50.49, 'exchange_turnover': 50.99, 'sebi_turnover': 0.1, 'stamp_duty': 1.51, 'gst': 38.0, 'slippage': 390.0, 'total_rupees': 691.09, 'points_equivalent': 10.63}",2026
2026-05-25,True,,24050.0,24056.45,2026-05-26,2026-06-02,65,-249.55,-16220.75,663.38,10.21,False,-24.452,"{'brokerage': 160.0, 'stt': 38.03, 'exchange_turnover': 38.41, 'sebi_turnover': 0.08, 'stamp_duty': 1.14, 'gst': 35.73, 'slippage': 390.0, 'total_rupees': 663.38, 'points_equivalent': 10.21}",2026
2026-05-26,True,,23900.0,23910.5,2026-05-26,2026-06-02,65,-354.65,-23052.25,635.05,9.77,False,-36.3,"{'brokerage': 160.0, 'stt': 25.29, 'exchange_turnover': 25.54, 'sebi_turnover': 0.05, 'stamp_duty': 0.76, 'gst': 33.41, 'slippage': 390.0, 'total_rupees': 635.05, 'points_equivalent': 9.77}",2026
2026-05-27,True,,23950.0,23956.65,2026-06-02,2026-06-09,65,-169.8,-11037.0,690.86,10.63,False,-15.976,"{'brokerage': 160.0, 'stt': 50.38, 'exchange_turnover': 50.89, 'sebi_turnover': 0.1, 'stamp_duty': 1.51, 'gst': 37.98, 'slippage': 390.0, 'total_rupees': 690.86, 'points_equivalent': 10.63}",2026
2026-05-29,True,,23750.0,23728.4,2026-06-02,2026-06-09,65,-206.25,-13406.25,691.83,10.64,False,-19.378,"{'brokerage': 160.0, 'stt': 50.82, 'exchange_turnover': 51.33, 'sebi_turnover': 0.1, 'stamp_duty': 1.52, 'gst': 38.06, 'slippage': 390.0, 'total_rupees': 691.83, 'points_equivalent': 10.64}",2026
2026-06-01,True,,23450.0,23430.8,2026-06-02,2026-06-09,65,-258.7,-16815.5,668.88,10.29,False,-25.14,"{'brokerage': 160.0, 'stt': 40.5, 'exchange_turnover': 40.91, 'sebi_turnover': 0.08, 'stamp_duty': 1.22, 'gst': 36.18, 'slippage': 390.0, 'total_rupees': 668.88, 'points_equivalent': 10.29}",2026
2026-06-02,True,,23500.0,23479.1,2026-06-02,2026-06-09,65,-345.5,-22457.5,635.17,9.77,False,-35.357,"{'brokerage': 160.0, 'stt': 25.34, 'exchange_turnover': 25.6, 'sebi_turnover': 0.05, 'stamp_duty': 0.76, 'gst': 33.42, 'slippage': 390.0, 'total_rupees': 635.17, 'points_equivalent': 9.77}",2026
2026-06-03,True,,23500.0,23500.95,2026-06-09,2026-06-16,65,-163.4,-10621.0,713.81,10.98,False,-14.879,"{'brokerage': 160.0, 'stt': 60.7, 'exchange_turnover': 61.31, 'sebi_turnover': 0.12, 'stamp_duty': 1.82, 'gst': 39.86, 'slippage': 390.0, 'total_rupees': 713.81, 'points_equivalent': 10.98}",2026
2026-06-04,True,,23500.0,23480.9,2026-06-09,2026-06-16,65,-186.15,-12099.75,696.21,10.71,False,-17.379,"{'brokerage': 160.0, 'stt': 52.79, 'exchange_turnover': 53.32, 'sebi_turnover': 0.11, 'stamp_duty': 1.58, 'gst': 38.42, 'slippage': 390.0, 'total_rupees': 696.21, 'points_equivalent': 10.71}",2026
2026-06-05,True,,23400.0,23416.6,2026-06-09,2026-06-16,65,-207.95,-13516.75,688.58,10.59,False,-19.63,"{'brokerage': 160.0, 'stt': 49.36, 'exchange_turnover': 49.85, 'sebi_turnover': 0.1, 'stamp_duty': 1.48, 'gst': 37.79, 'slippage': 390.0, 'total_rupees': 688.58, 'points_equivalent': 10.59}",2026
2026-06-08,True,,23150.0,23132.4,2026-06-09,2026-06-16,65,-272.2,-17693.0,674.22,10.37,False,-26.242,"{'brokerage': 160.0, 'stt': 42.9, 'exchange_turnover': 43.33, 'sebi_turnover': 0.09, 'stamp_duty': 1.29, 'gst': 36.61, 'slippage': 390.0, 'total_rupees': 674.22, 'points_equivalent': 10.37}",2026
2026-06-09,True,,23250.0,23248.4,2026-06-09,2026-06-16,65,-358.65,-23312.25,633.57,9.75,False,-36.795,"{'brokerage': 160.0, 'stt': 24.63, 'exchange_turnover': 24.87, 'sebi_turnover': 0.05, 'stamp_duty': 0.74, 'gst': 33.29, 'slippage': 390.0, 'total_rupees': 633.57, 'points_equivalent': 9.75}",2026
2026-06-10,True,,23250.0,23231.15,2026-06-16,2026-06-23,65,-170.4,-11076.0,703.49,10.82,False,-15.744,"{'brokerage': 160.0, 'stt': 56.06, 'exchange_turnover': 56.62, 'sebi_turnover': 0.11, 'stamp_duty': 1.68, 'gst': 39.01, 'slippage': 390.0, 'total_rupees': 703.49, 'points_equivalent': 10.82}",2026
2026-06-11,True,,23200.0,23173.45,2026-06-16,2026-06-23,65,-188.2,-12233.0,692.91,10.66,False,-17.655,"{'brokerage': 160.0, 'stt': 51.3, 'exchange_turnover': 51.82, 'sebi_turnover': 0.1, 'stamp_duty': 1.54, 'gst': 38.15, 'slippage': 390.0, 'total_rupees': 692.91, 'points_equivalent': 10.66}",2026
2026-06-12,True,,23650.0,23653.6,2026-06-16,2026-06-23,65,-176.3,-11459.5,684.58,10.53,False,-16.739,"{'brokerage': 160.0, 'stt': 47.56, 'exchange_turnover': 48.04, 'sebi_turnover': 0.1, 'stamp_duty': 1.43, 'gst': 37.46, 'slippage': 390.0, 'total_rupees': 684.58, 'points_equivalent': 10.53}",2026
2026-06-15,True,,23850.0,23872.75,2026-06-16,2026-06-23,65,-225.35,-14647.75,661.07,10.17,False,-22.158,"{'brokerage': 160.0, 'stt': 36.99, 'exchange_turnover': 37.36, 'sebi_turnover': 0.07, 'stamp_duty': 1.11, 'gst': 35.54, 'slippage': 390.0, 'total_rupees': 661.07, 'points_equivalent': 10.17}",2026
2026-06-16,True,,24000.0,23987.3,2026-06-16,2026-06-23,65,-309.15,-20094.75,628.29,9.67,False,-31.983,"{'brokerage': 160.0, 'stt': 22.25, 'exchange_turnover': 22.48, 'sebi_turnover': 0.04, 'stamp_duty': 0.67, 'gst': 32.85, 'slippage': 390.0, 'total_rupees': 628.29, 'points_equivalent': 9.67}",2026
2026-06-17,True,,24100.0,24077.55,2026-06-23,2026-06-30,65,-129.05,-8388.25,684.24,10.53,False,-12.259,"{'brokerage': 160.0, 'stt': 47.41, 'exchange_turnover': 47.88, 'sebi_turnover': 0.09, 'stamp_duty': 1.42, 'gst': 37.44, 'slippage': 390.0, 'total_rupees': 684.24, 'points_equivalent': 10.53}",2026
2026-06-18,True,,24150.0,24170.6,2026-06-23,2026-06-30,65,-148.95,-9681.75,665.68,10.24,False,-14.544,"{'brokerage': 160.0, 'stt': 39.06, 'exchange_turnover': 39.45, 'sebi_turnover': 0.08, 'stamp_duty': 1.17, 'gst': 35.92, 'slippage': 390.0, 'total_rupees': 665.68, 'points_equivalent': 10.24}",2026
2026-06-19,True,,24050.0,24036.2,2026-06-23,2026-06-30,65,-164.15,-10669.75,660.82,10.17,False,-16.146,"{'brokerage': 160.0, 'stt': 36.88, 'exchange_turnover': 37.25, 'sebi_turnover': 0.07, 'stamp_duty': 1.11, 'gst': 35.52, 'slippage': 390.0, 'total_rupees': 660.82, 'points_equivalent': 10.17}",2026
2026-06-22,True,,24150.0,24118.7,2026-06-23,2026-06-30,65,-185.1,-12031.5,642.86,9.89,False,-18.716,"{'brokerage': 160.0, 'stt': 28.8, 'exchange_turnover': 29.09, 'sebi_turnover': 0.06, 'stamp_duty': 0.86, 'gst': 34.05, 'slippage': 390.0, 'total_rupees': 642.86, 'points_equivalent': 9.89}",2026
2026-06-23,True,,23850.0,23838.9,2026-06-23,2026-06-30,65,-302.75,-19678.75,628.29,9.67,False,-31.321,"{'brokerage': 160.0, 'stt': 22.25, 'exchange_turnover': 22.48, 'sebi_turnover': 0.04, 'stamp_duty': 0.67, 'gst': 32.85, 'slippage': 390.0, 'total_rupees': 628.29, 'points_equivalent': 9.67}",2026
2026-06-24,True,,24050.0,24047.4,2026-06-30,2026-07-07,65,-166.1,-10796.5,683.89,10.52,False,-15.787,"{'brokerage': 160.0, 'stt': 47.25, 'exchange_turnover': 47.72, 'sebi_turnover': 0.09, 'stamp_duty': 1.42, 'gst': 37.41, 'slippage': 390.0, 'total_rupees': 683.89, 'points_equivalent': 10.52}",2026
2026-06-25,True,,24100.0,24093.05,2026-06-30,2026-07-07,65,-175.4,-11401.0,664.72,10.23,False,-17.152,"{'brokerage': 160.0, 'stt': 38.63, 'exchange_turnover': 39.02, 'sebi_turnover': 0.08, 'stamp_duty': 1.16, 'gst': 35.84, 'slippage': 390.0, 'total_rupees': 664.72, 'points_equivalent': 10.23}",2026
2026-06-29,True,,23950.0,23966.5,2026-06-30,2026-07-07,65,-214.4,-13936.0,655.71,10.09,False,-21.253,"{'brokerage': 160.0, 'stt': 34.58, 'exchange_turnover': 34.93, 'sebi_turnover': 0.07, 'stamp_duty': 1.04, 'gst': 35.1, 'slippage': 390.0, 'total_rupees': 655.71, 'points_equivalent': 10.09}",2026
2026-06-30,True,,23850.0,23857.25,2026-06-30,2026-07-07,65,-312.45,-20309.25,630.38,9.7,False,-32.217,"{'brokerage': 160.0, 'stt': 23.19, 'exchange_turnover': 23.42, 'sebi_turnover': 0.05, 'stamp_duty': 0.7, 'gst': 33.02, 'slippage': 390.0, 'total_rupees': 630.38, 'points_equivalent': 9.7}",2026
2026-07-01,True,,24050.0,24032.85,2026-07-07,2026-07-14,65,-143.85,-9350.25,684.16,10.53,False,-13.667,"{'brokerage': 160.0, 'stt': 47.37, 'exchange_turnover': 47.84, 'sebi_turnover': 0.09, 'stamp_duty': 1.42, 'gst': 37.43, 'slippage': 390.0, 'total_rupees': 684.16, 'points_equivalent': 10.53}",2026
2026-07-02,True,,24200.0,24193.7,2026-07-07,2026-07-14,65,-151.1,-9821.5,665.01,10.23,False,-14.769,"{'brokerage': 160.0, 'stt': 38.76, 'exchange_turnover': 39.15, 'sebi_turnover': 0.08, 'stamp_duty': 1.16, 'gst': 35.86, 'slippage': 390.0, 'total_rupees': 665.01, 'points_equivalent': 10.23}",2026
2026-07-03,True,,24300.0,24283.6,2026-07-07,2026-07-14,65,-158.75,-10318.75,653.88,10.06,False,-15.781,"{'brokerage': 160.0, 'stt': 33.76, 'exchange_turnover': 34.1, 'sebi_turnover': 0.07, 'stamp_duty': 1.01, 'gst': 34.95, 'slippage': 390.0, 'total_rupees': 653.88, 'points_equivalent': 10.06}",2026
2026-07-06,True,,24400.0,24417.65,2026-07-07,2026-07-14,65,-182.4,-11856.0,639.56,9.84,False,-18.538,"{'brokerage': 160.0, 'stt': 27.32, 'exchange_turnover': 27.59, 'sebi_turnover': 0.05, 'stamp_duty': 0.82, 'gst': 33.78, 'slippage': 390.0, 'total_rupees': 639.56, 'points_equivalent': 9.84}",2026
2026-07-07,True,,24400.0,24404.45,2026-07-07,2026-07-14,65,-253.2,-16458.0,618.57,9.52,False,-26.607,"{'brokerage': 160.0, 'stt': 17.88, 'exchange_turnover': 18.06, 'sebi_turnover': 0.04, 'stamp_duty': 0.54, 'gst': 32.06, 'slippage': 390.0, 'total_rupees': 618.57, 'points_equivalent': 9.52}",2026
2026-07-08,True,,23900.0,23879.55,2026-07-14,2026-07-21,65,-147.7,-9600.5,708.74,10.9,False,-13.546,"{'brokerage': 160.0, 'stt': 58.42, 'exchange_turnover': 59.01, 'sebi_turnover': 0.12, 'stamp_duty': 1.75, 'gst': 39.44, 'slippage': 390.0, 'total_rupees': 708.74, 'points_equivalent': 10.9}",2026
2026-07-09,True,,24000.0,23966.75,2026-07-14,2026-07-21,65,-162.7,-10575.5,681.39,10.48,False,-15.52,"{'brokerage': 160.0, 'stt': 46.12, 'exchange_turnover': 46.59, 'sebi_turnover': 0.09, 'stamp_duty': 1.38, 'gst': 37.2, 'slippage': 390.0, 'total_rupees': 681.39, 'points_equivalent': 10.48}",2026
2026-07-10,True,,24200.0,24204.9,2026-07-14,2026-07-21,65,-171.4,-11141.0,660.66,10.16,False,-16.863,"{'brokerage': 160.0, 'stt': 36.8, 'exchange_turnover': 37.17, 'sebi_turnover': 0.07, 'stamp_duty': 1.1, 'gst': 35.5, 'slippage': 390.0, 'total_rupees': 660.66, 'points_equivalent': 10.16}",2026
2026-07-13,True,,24250.0,24206.7,2026-07-14,2026-07-21,65,-216.75,-14088.75,656.25,10.1,False,-21.469,"{'brokerage': 160.0, 'stt': 34.82, 'exchange_turnover': 35.17, 'sebi_turnover': 0.07, 'stamp_duty': 1.04, 'gst': 35.14, 'slippage': 390.0, 'total_rupees': 656.25, 'points_equivalent': 10.1}",2026
2026-07-14,True,,24050.0,24055.85,2026-07-14,2026-07-21,65,-336.1,-21846.5,630.9,9.71,False,-34.628,"{'brokerage': 160.0, 'stt': 23.43, 'exchange_turnover': 23.66, 'sebi_turnover': 0.05, 'stamp_duty': 0.7, 'gst': 33.07, 'slippage': 390.0, 'total_rupees': 630.9, 'points_equivalent': 9.71}",2026
2026-07-15,True,,24050.0,24053.0,2026-07-21,2026-07-28,65,-147.95,-9616.75,689.82,10.61,False,-13.941,"{'brokerage': 160.0, 'stt': 49.92, 'exchange_turnover': 50.42, 'sebi_turnover': 0.1, 'stamp_duty': 1.5, 'gst': 37.89, 'slippage': 390.0, 'total_rupees': 689.82, 'points_equivalent': 10.61}",2026
2026-07-16,True,,24100.0,24083.25,2026-07-21,2026-07-28,65,-162.6,-10569.0,676.05,10.4,False,-15.633,"{'brokerage': 160.0, 'stt': 43.73, 'exchange_turnover': 44.16, 'sebi_turnover': 0.09, 'stamp_duty': 1.31, 'gst': 36.77, 'slippage': 390.0, 'total_rupees': 676.05, 'points_equivalent': 10.4}",2026
2026-07-17,True,,24350.0,24300.05,2026-07-21,2026-07-28,65,-179.85,-11690.25,676.03,10.4,False,-17.293,"{'brokerage': 160.0, 'stt': 43.72, 'exchange_turnover': 44.15, 'sebi_turnover': 0.09, 'stamp_duty': 1.31, 'gst': 36.76, 'slippage': 390.0, 'total_rupees': 676.03, 'points_equivalent': 10.4}",2026
2026-07-20,True,,24250.0,24246.25,2026-07-21,2026-07-28,65,-213.35,-13867.75,651.7,10.03,False,-21.279,"{'brokerage': 160.0, 'stt': 32.78, 'exchange_turnover': 33.1, 'sebi_turnover': 0.07, 'stamp_duty': 0.98, 'gst': 34.77, 'slippage': 390.0, 'total_rupees': 651.7, 'points_equivalent': 10.03}",2026
2026-07-21,True,,24200.0,24188.65,2026-07-21,2026-07-28,65,-299.7,-19480.5,627.23,9.65,False,-31.058,"{'brokerage': 160.0, 'stt': 21.78, 'exchange_turnover': 21.99, 'sebi_turnover': 0.04, 'stamp_duty': 0.65, 'gst': 32.77, 'slippage': 390.0, 'total_rupees': 627.23, 'points_equivalent': 9.65}",2026
2026-07-22,True,,24000.0,23985.7,2026-07-28,2026-08-04,65,-151.85,-9870.25,690.18,10.62,False,-14.301,"{'brokerage': 160.0, 'stt': 50.08, 'exchange_turnover': 50.58, 'sebi_turnover': 0.1, 'stamp_duty': 1.5, 'gst': 37.92, 'slippage': 390.0, 'total_rupees': 690.18, 'points_equivalent': 10.62}",2026
2026-07-23,True,,23900.0,23875.0,2026-07-28,2026-08-04,65,-176.15,-11449.75,677.71,10.43,False,-16.895,"{'brokerage': 160.0, 'stt': 44.47, 'exchange_turnover': 44.91, 'sebi_turnover': 0.09, 'stamp_duty': 1.33, 'gst': 36.9, 'slippage': 390.0, 'total_rupees': 677.71, 'points_equivalent': 10.43}",2026
2026-07-24,True,,23800.0,23804.25,2026-07-28,2026-08-04,65,-196.3,-12759.5,674.1,10.37,False,-18.928,"{'brokerage': 160.0, 'stt': 42.85, 'exchange_turnover': 43.28, 'sebi_turnover': 0.09, 'stamp_duty': 1.29, 'gst': 36.61, 'slippage': 390.0, 'total_rupees': 674.1, 'points_equivalent': 10.37}",2026
2026-07-27,True,,24000.0,24026.2,2026-07-28,2026-08-04,65,-202.3,-13149.5,644.45,9.91,False,-20.404,"{'brokerage': 160.0, 'stt': 29.52, 'exchange_turnover': 29.81, 'sebi_turnover': 0.06, 'stamp_duty': 0.89, 'gst': 34.18, 'slippage': 390.0, 'total_rupees': 644.45, 'points_equivalent': 9.91}",2026
2026-07-28,True,,23950.0,23966.65,2026-07-28,2026-08-04,65,-279.8,-18187.0,625.77,9.63,False,-29.063,"{'brokerage': 160.0, 'stt': 21.12, 'exchange_turnover': 21.33, 'sebi_turnover': 0.04, 'stamp_duty': 0.63, 'gst': 32.65, 'slippage': 390.0, 'total_rupees': 625.77, 'points_equivalent': 9.63}",2026
2026-07-29,True,,24250.0,24238.4,2026-08-04,2026-08-11,65,-132.35,-8602.75,673.08,10.36,False,-12.781,"{'brokerage': 160.0, 'stt': 42.39, 'exchange_turnover': 42.81, 'sebi_turnover': 0.08, 'stamp_duty': 1.27, 'gst': 36.52, 'slippage': 390.0, 'total_rupees': 673.08, 'points_equivalent': 10.36}",2026
2026-07-30,True,,24300.0,24288.7,2026-08-04,2026-08-11,65,-150.45,-9779.25,664.07,10.22,False,-14.726,"{'brokerage': 160.0, 'stt': 38.34, 'exchange_turnover': 38.72, 'sebi_turnover': 0.08, 'stamp_duty': 1.15, 'gst': 35.78, 'slippage': 390.0, 'total_rupees': 664.07, 'points_equivalent': 10.22}",2026
2026-07-31,True,,24400.0,24383.2,2026-08-04,2026-08-11,65,-161.5,-10497.5,651.97,10.03,False,-16.101,"{'brokerage': 160.0, 'stt': 32.9, 'exchange_turnover': 33.23, 'sebi_turnover': 0.07, 'stamp_duty': 0.99, 'gst': 34.79, 'slippage': 390.0, 'total_rupees': 651.97, 'points_equivalent': 10.03}",2026
2026-08-03,True,,24600.0,24576.3,2026-08-04,2026-08-11,65,-173.95,-11306.75,637.11,9.8,False,-17.747,"{'brokerage': 160.0, 'stt': 26.22, 'exchange_turnover': 26.48, 'sebi_turnover': 0.05, 'stamp_duty': 0.79, 'gst': 33.58, 'slippage': 390.0, 'total_rupees': 637.11, 'points_equivalent': 9.8}",2026
2026-08-04,True,,24600.0,24603.9,2026-08-04,2026-08-11,65,-274.75,-17858.75,626.99,9.65,False,-28.483,"{'brokerage': 160.0, 'stt': 21.67, 'exchange_turnover': 21.88, 'sebi_turnover': 0.04, 'stamp_duty': 0.65, 'gst': 32.75, 'slippage': 390.0, 'total_rupees': 626.99, 'points_equivalent': 9.65}",2026
2026-08-05,True,,24600.0,24607.55,2026-08-11,2026-08-18,65,-116.95,-7601.75,676.74,10.41,False,-11.233,"{'brokerage': 160.0, 'stt': 44.03, 'exchange_turnover': 44.47, 'sebi_turnover': 0.09, 'stamp_duty': 1.32, 'gst': 36.82, 'slippage': 390.0, 'total_rupees': 676.74, 'points_equivalent': 10.41}",2026
2026-08-06,True,,24700.0,24688.45,2026-08-11,2026-08-18,65,-133.6,-8684.0,670.15,10.31,False,-12.958,"{'brokerage': 160.0, 'stt': 41.07, 'exchange_turnover': 41.48, 'sebi_turnover': 0.08, 'stamp_duty': 1.23, 'gst': 36.28, 'slippage': 390.0, 'total_rupees': 670.15, 'points_equivalent': 10.31}",2026
2026-08-07,True,,24600.0,24606.25,2026-08-11,2026-08-18,65,-152.9,-9938.5,663.55,10.21,False,-14.978,"{'brokerage': 160.0, 'stt': 38.1, 'exchange_turnover': 38.48, 'sebi_turnover': 0.08, 'stamp_duty': 1.14, 'gst': 35.74, 'slippage': 390.0, 'total_rupees': 663.55, 'points_equivalent': 10.21}",2026
2026-08-10,True,,24600.0,24604.55,2026-08-11,2026-08-18,65,-176.2,-11453.0,647.51,9.96,False,-17.688,"{'brokerage': 160.0, 'stt': 30.89, 'exchange_turnover': 31.2, 'sebi_turnover': 0.06, 'stamp_duty': 0.93, 'gst': 34.43, 'slippage': 390.0, 'total_rupees': 647.51, 'points_equivalent': 9.96}",2026
2026-08-11,True,,24450.0,24466.7,2026-08-11,2026-08-18,65,-253.3,-16464.5,624.64,9.61,False,-26.358,"{'brokerage': 160.0, 'stt': 20.61, 'exchange_turnover': 20.82, 'sebi_turnover': 0.04, 'stamp_duty': 0.62, 'gst': 32.55, 'slippage': 390.0, 'total_rupees': 624.64, 'points_equivalent': 9.61}",2026
2026-08-12,True,,24450.0,24442.95,2026-08-18,2026-08-25,65,-138.3,-8989.5,669.79,10.3,False,-13.421,"{'brokerage': 160.0, 'stt': 40.91, 'exchange_turnover': 41.32, 'sebi_turnover': 0.08, 'stamp_duty': 1.23, 'gst': 36.25, 'slippage': 390.0, 'total_rupees': 669.79, 'points_equivalent': 10.3}",2026
2026-08-13,True,,24450.0,24440.6,2026-08-18,2026-08-25,65,-148.6,-9659.0,658.43,10.13,False,-14.67,"{'brokerage': 160.0, 'stt': 35.8, 'exchange_turnover': 36.16, 'sebi_turnover': 0.07, 'stamp_duty': 1.07, 'gst': 35.32, 'slippage': 390.0, 'total_rupees': 658.43, 'points_equivalent': 10.13}",2026
2026-08-14,True,,24450.0,24425.45,2026-08-18,2026-08-25,65,-153.55,-9980.75,649.62,9.99,False,-15.364,"{'brokerage': 160.0, 'stt': 31.84, 'exchange_turnover': 32.16, 'sebi_turnover': 0.06, 'stamp_duty': 0.96, 'gst': 34.6, 'slippage': 390.0, 'total_rupees': 649.62, 'points_equivalent': 9.99}",2026
2026-08-17,True,,24350.0,24364.95,2026-08-18,2026-08-25,65,-167.05,-10858.25,637.2,9.8,False,-17.041,"{'brokerage': 160.0, 'stt': 26.26, 'exchange_turnover': 26.52, 'sebi_turnover': 0.05, 'stamp_duty': 0.79, 'gst': 33.58, 'slippage': 390.0, 'total_rupees': 637.2, 'points_equivalent': 9.8}",2026
2026-08-18,True,,24150.0,24167.65,2026-08-18,2026-08-25,65,-239.6,-15574.0,622.36,9.57,False,-25.024,"{'brokerage': 160.0, 'stt': 19.58, 'exchange_turnover': 19.78, 'sebi_turnover': 0.04, 'stamp_duty': 0.59, 'gst': 32.37, 'slippage': 390.0, 'total_rupees': 622.36, 'points_equivalent': 9.57}",2026
2026-08-19,True,,24100.0,24116.7,2026-08-25,2026-09-01,65,-123.0,-7995.0,664.5,10.22,False,-12.032,"{'brokerage': 160.0, 'stt': 38.53, 'exchange_turnover': 38.92, 'sebi_turnover': 0.08, 'stamp_duty': 1.16, 'gst': 35.82, 'slippage': 390.0, 'total_rupees': 664.5, 'points_equivalent': 10.22}",2026
2026-08-20,True,,24300.0,24293.55,2026-08-25,2026-09-01,65,-125.8,-8177.0,650.67,10.01,False,-12.567,"{'brokerage': 160.0, 'stt': 32.31, 'exchange_turnover': 32.63, 'sebi_turnover': 0.06, 'stamp_duty': 0.97, 'gst': 34.69, 'slippage': 390.0, 'total_rupees': 650.67, 'points_equivalent': 10.01}",2026
2026-08-21,True,,24300.0,24287.6,2026-08-25,2026-09-01,65,-138.5,-9002.5,644.36,9.91,False,-13.971,"{'brokerage': 160.0, 'stt': 29.48, 'exchange_turnover': 29.77, 'sebi_turnover': 0.06, 'stamp_duty': 0.88, 'gst': 34.17, 'slippage': 390.0, 'total_rupees': 644.36, 'points_equivalent': 9.91}",2026
2026-08-24,True,,24200.0,24203.5,2026-08-25,2026-09-01,65,-161.35,-10487.75,636.82,9.8,False,-16.469,"{'brokerage': 160.0, 'stt': 26.09, 'exchange_turnover': 26.35, 'sebi_turnover': 0.05, 'stamp_duty': 0.78, 'gst': 33.55, 'slippage': 390.0, 'total_rupees': 636.82, 'points_equivalent': 9.8}",2026
2026-08-25,True,,24300.0,24305.45,2026-08-25,2026-09-01,65,-209.3,-13604.5,617.2,9.5,False,-22.042,"{'brokerage': 160.0, 'stt': 17.26, 'exchange_turnover': 17.44, 'sebi_turnover': 0.03, 'stamp_duty': 0.52, 'gst': 31.94, 'slippage': 390.0, 'total_rupees': 617.2, 'points_equivalent': 9.5}",2026
2026-08-26,True,,24350.0,24348.4,2026-09-01,2026-09-08,65,-103.1,-6701.5,656.1,10.09,False,-10.214,"{'brokerage': 160.0, 'stt': 34.76, 'exchange_turnover': 35.1, 'sebi_turnover': 0.07, 'stamp_duty': 1.04, 'gst': 35.13, 'slippage': 390.0, 'total_rupees': 656.1, 'points_equivalent': 10.09}",2026
2026-08-27,True,,24200.0,24195.95,2026-09-01,2026-09-08,65,-120.9,-7858.5,654.55,10.07,False,-12.006,"{'brokerage': 160.0, 'stt': 34.06, 'exchange_turnover': 34.4, 'sebi_turnover': 0.07, 'stamp_duty': 1.02, 'gst': 35.0, 'slippage': 390.0, 'total_rupees': 654.55, 'points_equivalent': 10.07}",2026
2026-08-28,True,,24250.0,24233.0,2026-09-01,2026-09-08,65,-129.4,-8411.0,648.16,9.97,False,-12.977,"{'brokerage': 160.0, 'stt': 31.19, 'exchange_turnover': 31.5, 'sebi_turnover': 0.06, 'stamp_duty': 0.94, 'gst': 34.48, 'slippage': 390.0, 'total_rupees': 648.16, 'points_equivalent': 9.97}",2026
2026-08-31,True,,24150.0,24113.9,2026-09-01,2026-09-08,65,-145.95,-9486.75,640.15,9.85,False,-14.82,"{'brokerage': 160.0, 'stt': 27.58, 'exchange_turnover': 27.86, 'sebi_turnover': 0.06, 'stamp_duty': 0.83, 'gst': 33.82, 'slippage': 390.0, 'total_rupees': 640.15, 'points_equivalent': 9.85}",2026
2026-09-01,True,,24050.0,24056.35,2026-09-01,2026-09-08,65,-238.55,-15505.75,620.99,9.55,False,-24.969,"{'brokerage': 160.0, 'stt': 18.97, 'exchange_turnover': 19.16, 'sebi_turnover': 0.04, 'stamp_duty': 0.57, 'gst': 32.26, 'slippage': 390.0, 'total_rupees': 620.99, 'points_equivalent': 9.55}",2026
2026-09-02,True,,23950.0,23921.65,2026-09-08,2026-09-15,65,-113.6,-7384.0,668.27,10.28,False,-11.049,"{'brokerage': 160.0, 'stt': 40.23, 'exchange_turnover': 40.63, 'sebi_turnover': 0.08, 'stamp_duty': 1.21, 'gst': 36.13, 'slippage': 390.0, 'total_rupees': 668.27, 'points_equivalent': 10.28}",2026
2026-09-03,True,,23950.0,23930.35,2026-09-08,2026-09-15,65,-124.6,-8099.0,658.65,10.13,False,-12.296,"{'brokerage': 160.0, 'stt': 35.9, 'exchange_turnover': 36.26, 'sebi_turnover': 0.07, 'stamp_duty': 1.08, 'gst': 35.34, 'slippage': 390.0, 'total_rupees': 658.65, 'points_equivalent': 10.13}",2026
2026-09-04,True,,23950.0,23964.25,2026-09-08,2026-09-15,65,-130.55,-8485.75,648.0,9.97,False,-13.095,"{'brokerage': 160.0, 'stt': 31.11, 'exchange_turnover': 31.42, 'sebi_turnover': 0.06, 'stamp_duty': 0.93, 'gst': 34.47, 'slippage': 390.0, 'total_rupees': 648.0, 'points_equivalent': 9.97}",2026
2026-09-07,True,,23800.0,23799.8,2026-09-08,2026-09-15,65,-152.4,-9906.0,637.76,9.81,False,-15.532,"{'brokerage': 160.0, 'stt': 26.51, 'exchange_turnover': 26.77, 'sebi_turnover': 0.05, 'stamp_duty': 0.8, 'gst': 33.63, 'slippage': 390.0, 'total_rupees': 637.76, 'points_equivalent': 9.81}",2026
2026-09-08,True,,23600.0,23610.35,2026-09-08,2026-09-15,65,-225.55,-14660.75,622.81,9.58,False,-23.54,"{'brokerage': 160.0, 'stt': 19.79, 'exchange_turnover': 19.99, 'sebi_turnover': 0.04, 'stamp_duty': 0.59, 'gst': 32.4, 'slippage': 390.0, 'total_rupees': 622.81, 'points_equivalent': 9.58}",2026
2026-09-09,True,,23550.0,23511.9,2026-09-15,2026-09-22,65,-134.05,-8713.25,668.59,10.29,False,-13.032,"{'brokerage': 160.0, 'stt': 40.37, 'exchange_turnover': 40.77, 'sebi_turnover': 0.08, 'stamp_duty': 1.21, 'gst': 36.15, 'slippage': 390.0, 'total_rupees': 668.59, 'points_equivalent': 10.29}",2026
2026-09-10,True,,23450.0,23443.0,2026-09-15,2026-09-22,65,-140.75,-9148.75,658.8,10.14,False,-13.887,"{'brokerage': 160.0, 'stt': 35.97, 'exchange_turnover': 36.33, 'sebi_turnover': 0.07, 'stamp_duty': 1.08, 'gst': 35.35, 'slippage': 390.0, 'total_rupees': 658.8, 'points_equivalent': 10.14}",2026
2026-09-11,True,,23500.0,23446.85,2026-09-15,2026-09-22,65,-157.85,-10260.25,659.06,10.14,False,-15.568,"{'brokerage': 160.0, 'stt': 36.08, 'exchange_turnover': 36.45, 'sebi_turnover': 0.07, 'stamp_duty': 1.08, 'gst': 35.37, 'slippage': 390.0, 'total_rupees': 659.06, 'points_equivalent': 10.14}",2026
2026-09-15,True,,23100.0,23131.6,2026-09-15,2026-09-22,65,-309.5,-20117.5,637.89,9.81,False,-31.538,"{'brokerage': 160.0, 'stt': 26.57, 'exchange_turnover': 26.83, 'sebi_turnover': 0.05, 'stamp_duty': 0.8, 'gst': 33.64, 'slippage': 390.0, 'total_rupees': 637.89, 'points_equivalent': 9.81}",2026
2026-09-16,True,,23300.0,23243.8,2026-09-22,2026-09-29,65,-130.85,-8505.25,685.44,10.55,False,-12.408,"{'brokerage': 160.0, 'stt': 47.95, 'exchange_turnover': 48.43, 'sebi_turnover': 0.1, 'stamp_duty': 1.44, 'gst': 37.53, 'slippage': 390.0, 'total_rupees': 685.44, 'points_equivalent': 10.55}",2026
2026-09-17,True,,23350.0,23311.5,2026-09-22,2026-09-29,65,-143.2,-9308.0,665.34,10.24,False,-13.99,"{'brokerage': 160.0, 'stt': 38.91, 'exchange_turnover': 39.3, 'sebi_turnover': 0.08, 'stamp_duty': 1.17, 'gst': 35.89, 'slippage': 390.0, 'total_rupees': 665.34, 'points_equivalent': 10.24}",2026
2026-09-18,True,,23350.0,23355.9,2026-09-22,2026-09-29,65,-146.45,-9519.25,651.18,10.02,False,-14.618,"{'brokerage': 160.0, 'stt': 32.54, 'exchange_turnover': 32.87, 'sebi_turnover': 0.07, 'stamp_duty': 0.98, 'gst': 34.73, 'slippage': 390.0, 'total_rupees': 651.18, 'points_equivalent': 10.02}",2026
2026-09-21,True,,23450.0,23442.4,2026-09-22,2026-09-29,65,-154.5,-10042.5,636.96,9.8,False,-15.766,"{'brokerage': 160.0, 'stt': 26.15, 'exchange_turnover': 26.41, 'sebi_turnover': 0.05, 'stamp_duty': 0.78, 'gst': 33.56, 'slippage': 390.0, 'total_rupees': 636.96, 'points_equivalent': 9.8}",2026
2026-09-22,True,,23350.0,23337.8,2026-09-22,2026-09-29,65,-224.3,-14579.5,621.46,9.56,False,-23.46,"{'brokerage': 160.0, 'stt': 19.18, 'exchange_turnover': 19.37, 'sebi_turnover': 0.04, 'stamp_duty': 0.58, 'gst': 32.29, 'slippage': 390.0, 'total_rupees': 621.46, 'points_equivalent': 9.56}",2026
2026-09-23,True,,23450.0,23451.5,2026-09-29,2026-10-06,65,-99.95,-6496.75,654.46,10.07,False,-9.927,"{'brokerage': 160.0, 'stt': 34.02, 'exchange_turnover': 34.36, 'sebi_turnover': 0.07, 'stamp_duty': 1.02, 'gst': 35.0, 'slippage': 390.0, 'total_rupees': 654.46, 'points_equivalent': 10.07}",2026
2026-09-24,True,,23150.0,23111.75,2026-09-29,2026-10-06,65,-136.15,-8849.75,671.33,10.33,False,-13.182,"{'brokerage': 160.0, 'stt': 41.6, 'exchange_turnover': 42.02, 'sebi_turnover': 0.08, 'stamp_duty': 1.25, 'gst': 36.38, 'slippage': 390.0, 'total_rupees': 671.33, 'points_equivalent': 10.33}",2026
2026-09-25,True,,23200.0,23189.05,2026-09-29,2026-10-06,65,-143.85,-9350.25,654.32,10.07,False,-14.29,"{'brokerage': 160.0, 'stt': 33.95, 'exchange_turnover': 34.29, 'sebi_turnover': 0.07, 'stamp_duty': 1.02, 'gst': 34.98, 'slippage': 390.0, 'total_rupees': 654.32, 'points_equivalent': 10.07}",2026
